ISO-10303-21;
HEADER;
FILE_DESCRIPTION(('Open CASCADE Model'),'2;1');
FILE_NAME('Open CASCADE Shape Model','2026-09-04T20:50:54',('Author'),(
    'Open CASCADE'),'Open CASCADE STEP processor 7.9','Open CASCADE 7.9'
  ,'Unknown');
FILE_SCHEMA(('AUTOMOTIVE_DESIGN { 1 0 10303 214 1 1 1 1 }'));
ENDSEC;
DATA;
#1 = APPLICATION_PROTOCOL_DEFINITION('international standard',
  'automotive_design',2000,#2);
#2 = APPLICATION_CONTEXT(
  'core data for automotive mechanical design processes');
#3 = SHAPE_DEFINITION_REPRESENTATION(#4,#10);
#4 = PRODUCT_DEFINITION_SHAPE('','',#5);
#5 = PRODUCT_DEFINITION('design','',#6,#9);
#6 = PRODUCT_DEFINITION_FORMATION('','',#7);
#7 = PRODUCT('Open CASCADE STEP translator 7.9 1',
  'Open CASCADE STEP translator 7.9 1','',(#8));
#8 = PRODUCT_CONTEXT('',#2,'mechanical');
#9 = PRODUCT_DEFINITION_CONTEXT('part definition',#2,'design');
#10 = ADVANCED_BREP_SHAPE_REPRESENTATION('',(#11,#15),#1835);
#11 = AXIS2_PLACEMENT_3D('',#12,#13,#14);
#12 = CARTESIAN_POINT('',(0.,0.,0.));
#13 = DIRECTION('',(0.,0.,1.));
#14 = DIRECTION('',(1.,0.,-0.));
#15 = MANIFOLD_SOLID_BREP('',#16);
#16 = CLOSED_SHELL('',(#17,#688,#1241,#1288,#1335,#1382,#1429,#1456,
    #1483,#1510,#1537,#1564,#1591,#1618,#1665,#1692,#1699,#1706,#1733,
    #1740,#1787,#1794,#1801,#1828));
#17 = ADVANCED_FACE('',(#18,#522),#33,.T.);
#18 = FACE_BOUND('',#19,.T.);
#19 = EDGE_LOOP('',(#20,#60,#89,#117,#146,#175,#204,#233,#261,#294,#322,
    #351,#380,#409,#438,#467,#495));
#20 = ORIENTED_EDGE('',*,*,#21,.T.);
#21 = EDGE_CURVE('',#22,#24,#26,.T.);
#22 = VERTEX_POINT('',#23);
#23 = CARTESIAN_POINT('',(7.970529717371,-19.55712631712,35.030084604983
    ));
#24 = VERTEX_POINT('',#25);
#25 = CARTESIAN_POINT('',(8.7432100647,-21.6371151134,37.049146686303));
#26 = SURFACE_CURVE('',#27,(#32,#48),.PCURVE_S1.);
#27 = CIRCLE('',#28,1.5);
#28 = AXIS2_PLACEMENT_3D('',#29,#30,#31);
#29 = CARTESIAN_POINT('',(8.356869891036,-20.59712071526,36.039615645643
    ));
#30 = DIRECTION('',(0.965925826289,0.166365675343,-0.198266891274));
#31 = DIRECTION('',(-0.258819045103,0.620885153015,-0.739942111694));
#32 = PCURVE('',#33,#38);
#33 = PLANE('',#34);
#34 = AXIS2_PLACEMENT_3D('',#35,#36,#37);
#35 = CARTESIAN_POINT('',(1.581634787275,6.409083375929E-02,
    20.368526372081));
#36 = DIRECTION('',(-0.965925826289,-0.166365675343,0.198266891274));
#37 = DIRECTION('',(-0.258819045103,0.620885153015,-0.739942111694));
#38 = DEFINITIONAL_REPRESENTATION('',(#39),#47);
#39 = ( BOUNDED_CURVE() B_SPLINE_CURVE(2,(#40,#41,#42,#43,#44,#45,#46),
.UNSPECIFIED.,.T.,.F.) B_SPLINE_CURVE_WITH_KNOTS((1,2,2,2,2,1),(
    -2.094395102393,0.,2.094395102393,4.188790204786,6.28318530718,
8.377580409573),.UNSPECIFIED.) CURVE() GEOMETRIC_REPRESENTATION_ITEM() 
RATIONAL_B_SPLINE_CURVE((1.,0.5,1.,0.5,1.,0.5,1.)) REPRESENTATION_ITEM(
  '') );
#40 = CARTESIAN_POINT('',(-24.67749826361,5.754224279898));
#41 = CARTESIAN_POINT('',(-24.67749826361,3.156148068544));
#42 = CARTESIAN_POINT('',(-26.92749826361,4.455186174221));
#43 = CARTESIAN_POINT('',(-29.17749826361,5.754224279898));
#44 = CARTESIAN_POINT('',(-26.92749826361,7.053262385574));
#45 = CARTESIAN_POINT('',(-24.67749826361,8.352300491251));
#46 = CARTESIAN_POINT('',(-24.67749826361,5.754224279898));
#47 = ( GEOMETRIC_REPRESENTATION_CONTEXT(2) 
PARAMETRIC_REPRESENTATION_CONTEXT() REPRESENTATION_CONTEXT('2D SPACE',''
  ) );
#48 = PCURVE('',#49,#54);
#49 = CYLINDRICAL_SURFACE('',#50,1.5);
#50 = AXIS2_PLACEMENT_3D('',#51,#52,#53);
#51 = CARTESIAN_POINT('',(142.13527754255,2.444125858227,8.580127263837)
  );
#52 = DIRECTION('',(-0.965925826289,-0.166365675343,0.198266891274));
#53 = DIRECTION('',(-0.258819045103,0.620885153015,-0.739942111694));
#54 = DEFINITIONAL_REPRESENTATION('',(#55),#59);
#55 = LINE('',#56,#57);
#56 = CARTESIAN_POINT('',(6.28318530718,138.4975988948));
#57 = VECTOR('',#58,1.);
#58 = DIRECTION('',(-1.,-9.046911093941E-15));
#59 = ( GEOMETRIC_REPRESENTATION_CONTEXT(2) 
PARAMETRIC_REPRESENTATION_CONTEXT() REPRESENTATION_CONTEXT('2D SPACE',''
  ) );
#60 = ORIENTED_EDGE('',*,*,#61,.T.);
#61 = EDGE_CURVE('',#24,#62,#64,.T.);
#62 = VERTEX_POINT('',#63);
#63 = CARTESIAN_POINT('',(9.78894984168,-30.84299520324,34.419179591158)
  );
#64 = SURFACE_CURVE('',#65,(#70,#77),.PCURVE_S1.);
#65 = CIRCLE('',#66,9.5);
#66 = AXIS2_PLACEMENT_3D('',#67,#68,#69);
#67 = CARTESIAN_POINT('',(11.190031164573,-28.2237463016,43.442843277151
    ));
#68 = DIRECTION('',(-0.965925826289,-0.166365675343,0.198266891274));
#69 = DIRECTION('',(-0.258819045103,0.620885153015,-0.739942111694));
#70 = PCURVE('',#33,#71);
#71 = DEFINITIONAL_REPRESENTATION('',(#72),#76);
#72 = CIRCLE('',#73,9.5);
#73 = AXIS2_PLACEMENT_2D('',#74,#75);
#74 = CARTESIAN_POINT('',(-37.12399284021,6.837855436839));
#75 = DIRECTION('',(1.,-1.110223024625E-16));
#76 = ( GEOMETRIC_REPRESENTATION_CONTEXT(2) 
PARAMETRIC_REPRESENTATION_CONTEXT() REPRESENTATION_CONTEXT('2D SPACE',''
  ) );
#77 = PCURVE('',#78,#83);
#78 = CYLINDRICAL_SURFACE('',#79,9.5);
#79 = AXIS2_PLACEMENT_3D('',#80,#81,#82);
#80 = CARTESIAN_POINT('',(144.96843881608,-5.182499728113,
    15.983354895345));
#81 = DIRECTION('',(-0.965925826289,-0.166365675343,0.198266891274));
#82 = DIRECTION('',(-0.258819045103,0.620885153015,-0.739942111694));
#83 = DEFINITIONAL_REPRESENTATION('',(#84),#88);
#84 = LINE('',#85,#86);
#85 = CARTESIAN_POINT('',(-6.28318530718,138.4975988948));
#86 = VECTOR('',#87,1.);
#87 = DIRECTION('',(1.,0.));
#88 = ( GEOMETRIC_REPRESENTATION_CONTEXT(2) 
PARAMETRIC_REPRESENTATION_CONTEXT() REPRESENTATION_CONTEXT('2D SPACE',''
  ) );
#89 = ORIENTED_EDGE('',*,*,#90,.T.);
#90 = EDGE_CURVE('',#62,#91,#93,.T.);
#91 = VERTEX_POINT('',#92);
#92 = CARTESIAN_POINT('',(10.286172847441,-28.9715339722,38.411916094871
    ));
#93 = SURFACE_CURVE('',#94,(#98,#105),.PCURVE_S1.);
#94 = LINE('',#95,#96);
#95 = CARTESIAN_POINT('',(9.778772738185,-30.88130005722,34.337456718008
    ));
#96 = VECTOR('',#97,1.);
#97 = DIRECTION('',(0.112049866757,0.421736281605,0.899768490301));
#98 = PCURVE('',#33,#99);
#99 = DEFINITIONAL_REPRESENTATION('',(#100),#104);
#100 = LINE('',#101,#102);
#101 = CARTESIAN_POINT('',(-31.67130899375,14.726489385249));
#102 = VECTOR('',#103,1.);
#103 = DIRECTION('',(-0.432927440531,-0.901428772137));
#104 = ( GEOMETRIC_REPRESENTATION_CONTEXT(2) 
PARAMETRIC_REPRESENTATION_CONTEXT() REPRESENTATION_CONTEXT('2D SPACE',''
  ) );
#105 = PCURVE('',#106,#111);
#106 = PLANE('',#107);
#107 = AXIS2_PLACEMENT_3D('',#108,#109,#110);
#108 = CARTESIAN_POINT('',(9.778772738185,-30.88130005722,
    34.337456718008));
#109 = DIRECTION('',(-0.233306934032,0.891325401212,-0.38872471453));
#110 = DIRECTION('',(-1.249000902703E-16,0.399756743809,0.91662126627));
#111 = DEFINITIONAL_REPRESENTATION('',(#112),#116);
#112 = LINE('',#113,#114);
#113 = CARTESIAN_POINT('',(0.,0.));
#114 = VECTOR('',#115,1.);
#115 = DIRECTION('',(0.99333885561,0.115229848283));
#116 = ( GEOMETRIC_REPRESENTATION_CONTEXT(2) 
PARAMETRIC_REPRESENTATION_CONTEXT() REPRESENTATION_CONTEXT('2D SPACE',''
  ) );
#117 = ORIENTED_EDGE('',*,*,#118,.T.);
#118 = EDGE_CURVE('',#91,#119,#121,.T.);
#119 = VERTEX_POINT('',#120);
#120 = CARTESIAN_POINT('',(10.26348920165,-28.80737314328,
    38.439152149414));
#121 = SURFACE_CURVE('',#122,(#127,#134),.PCURVE_S1.);
#122 = CIRCLE('',#123,1.E-01);
#123 = AXIS2_PLACEMENT_3D('',#124,#125,#126);
#124 = CARTESIAN_POINT('',(10.262842154038,-28.88240143208,
    38.373043623418));
#125 = DIRECTION('',(-0.965925826289,-0.166365675343,0.198266891274));
#126 = DIRECTION('',(-0.258819045103,0.620885153015,-0.739942111694));
#127 = PCURVE('',#33,#128);
#128 = DEFINITIONAL_REPRESENTATION('',(#129),#133);
#129 = CIRCLE('',#130,1.E-01);
#130 = AXIS2_PLACEMENT_2D('',#131,#132);
#131 = CARTESIAN_POINT('',(-33.5416095957,10.601218940489));
#132 = DIRECTION('',(1.,-1.110223024625E-16));
#133 = ( GEOMETRIC_REPRESENTATION_CONTEXT(2) 
PARAMETRIC_REPRESENTATION_CONTEXT() REPRESENTATION_CONTEXT('2D SPACE',''
  ) );
#134 = PCURVE('',#135,#140);
#135 = CYLINDRICAL_SURFACE('',#136,1.E-01);
#136 = AXIS2_PLACEMENT_3D('',#137,#138,#139);
#137 = CARTESIAN_POINT('',(10.262842154038,-28.88240143208,
    38.373043623418));
#138 = DIRECTION('',(0.965925826289,0.166365675343,-0.198266891274));
#139 = DIRECTION('',(0.258819045103,-0.620885153015,0.739942111694));
#140 = DEFINITIONAL_REPRESENTATION('',(#141),#145);
#141 = LINE('',#142,#143);
#142 = CARTESIAN_POINT('',(9.424777960769,2.400387151558E-15));
#143 = VECTOR('',#144,1.);
#144 = DIRECTION('',(-1.,-8.910603172808E-16));
#145 = ( GEOMETRIC_REPRESENTATION_CONTEXT(2) 
PARAMETRIC_REPRESENTATION_CONTEXT() REPRESENTATION_CONTEXT('2D SPACE',''
  ) );
#146 = ORIENTED_EDGE('',*,*,#147,.T.);
#147 = EDGE_CURVE('',#119,#148,#150,.T.);
#148 = VERTEX_POINT('',#149);
#149 = CARTESIAN_POINT('',(10.23760729714,-28.74432692276,38.36596154834
    ));
#150 = SURFACE_CURVE('',#151,(#156,#163),.PCURVE_S1.);
#151 = CIRCLE('',#152,3.999999999994);
#152 = AXIS2_PLACEMENT_3D('',#153,#154,#155);
#153 = CARTESIAN_POINT('',(10.23760729714,-31.80850469523,
    35.794811109598));
#154 = DIRECTION('',(-0.965925826289,-0.166365675343,0.198266891274));
#155 = DIRECTION('',(-0.258819045103,0.620885153015,-0.739942111694));
#156 = PCURVE('',#33,#157);
#157 = DEFINITIONAL_REPRESENTATION('',(#158),#162);
#158 = CIRCLE('',#159,3.999999999994);
#159 = AXIS2_PLACEMENT_2D('',#160,#161);
#160 = CARTESIAN_POINT('',(-33.4441095957,14.499999999995));
#161 = DIRECTION('',(1.,-1.110223024625E-16));
#162 = ( GEOMETRIC_REPRESENTATION_CONTEXT(2) 
PARAMETRIC_REPRESENTATION_CONTEXT() REPRESENTATION_CONTEXT('2D SPACE',''
  ) );
#163 = PCURVE('',#164,#169);
#164 = CYLINDRICAL_SURFACE('',#165,3.999999999994);
#165 = AXIS2_PLACEMENT_3D('',#166,#167,#168);
#166 = CARTESIAN_POINT('',(10.23760729714,-31.80850469523,
    35.794811109598));
#167 = DIRECTION('',(0.965925826289,0.166365675343,-0.198266891274));
#168 = DIRECTION('',(0.258819045103,-0.620885153015,0.739942111694));
#169 = DEFINITIONAL_REPRESENTATION('',(#170),#174);
#170 = LINE('',#171,#172);
#171 = CARTESIAN_POINT('',(9.424777960769,-1.656238886331E-13));
#172 = VECTOR('',#173,1.);
#173 = DIRECTION('',(-1.,3.552343538898E-14));
#174 = ( GEOMETRIC_REPRESENTATION_CONTEXT(2) 
PARAMETRIC_REPRESENTATION_CONTEXT() REPRESENTATION_CONTEXT('2D SPACE',''
  ) );
#175 = ORIENTED_EDGE('',*,*,#176,.F.);
#176 = EDGE_CURVE('',#177,#148,#179,.T.);
#177 = VERTEX_POINT('',#178);
#178 = CARTESIAN_POINT('',(10.23760729714,-26.4461935934,40.2943243774)
  );
#179 = SURFACE_CURVE('',#180,(#185,#192),.PCURVE_S1.);
#180 = CIRCLE('',#181,1.5);
#181 = AXIS2_PLACEMENT_3D('',#182,#183,#184);
#182 = CARTESIAN_POINT('',(10.23760729714,-27.59526025808,39.33014296287
    ));
#183 = DIRECTION('',(-0.965925826289,-0.166365675343,0.198266891274));
#184 = DIRECTION('',(-0.258819045103,0.620885153015,-0.739942111694));
#185 = PCURVE('',#33,#186);
#186 = DEFINITIONAL_REPRESENTATION('',(#187),#191);
#187 = CIRCLE('',#188,1.5);
#188 = AXIS2_PLACEMENT_2D('',#189,#190);
#189 = CARTESIAN_POINT('',(-33.4441095957,9.));
#190 = DIRECTION('',(1.,-1.110223024625E-16));
#191 = ( GEOMETRIC_REPRESENTATION_CONTEXT(2) 
PARAMETRIC_REPRESENTATION_CONTEXT() REPRESENTATION_CONTEXT('2D SPACE',''
  ) );
#192 = PCURVE('',#193,#198);
#193 = CYLINDRICAL_SURFACE('',#194,1.5);
#194 = AXIS2_PLACEMENT_3D('',#195,#196,#197);
#195 = CARTESIAN_POINT('',(10.23760729714,-27.59526025808,39.33014296287
    ));
#196 = DIRECTION('',(0.965925826289,0.166365675343,-0.198266891274));
#197 = DIRECTION('',(0.258819045103,-0.620885153015,0.739942111694));
#198 = DEFINITIONAL_REPRESENTATION('',(#199),#203);
#199 = LINE('',#200,#201);
#200 = CARTESIAN_POINT('',(9.424777960769,3.5527136788E-15));
#201 = VECTOR('',#202,1.);
#202 = DIRECTION('',(-1.,-5.654319433713E-16));
#203 = ( GEOMETRIC_REPRESENTATION_CONTEXT(2) 
PARAMETRIC_REPRESENTATION_CONTEXT() REPRESENTATION_CONTEXT('2D SPACE',''
  ) );
#204 = ORIENTED_EDGE('',*,*,#205,.F.);
#205 = EDGE_CURVE('',#206,#177,#208,.T.);
#206 = VERTEX_POINT('',#207);
#207 = CARTESIAN_POINT('',(10.653776337459,-27.58793813695,
    41.363798563068));
#208 = SURFACE_CURVE('',#209,(#214,#221),.PCURVE_S1.);
#209 = CIRCLE('',#210,7.);
#210 = AXIS2_PLACEMENT_3D('',#211,#212,#213);
#211 = CARTESIAN_POINT('',(10.23760729714,-31.80850469524,
    35.794811109594));
#212 = DIRECTION('',(-0.965925826289,-0.166365675343,0.198266891274));
#213 = DIRECTION('',(-0.258819045103,0.620885153015,-0.739942111694));
#214 = PCURVE('',#33,#215);
#215 = DEFINITIONAL_REPRESENTATION('',(#216),#220);
#216 = CIRCLE('',#217,7.);
#217 = AXIS2_PLACEMENT_2D('',#218,#219);
#218 = CARTESIAN_POINT('',(-33.4441095957,14.5));
#219 = DIRECTION('',(1.,-1.110223024625E-16));
#220 = ( GEOMETRIC_REPRESENTATION_CONTEXT(2) 
PARAMETRIC_REPRESENTATION_CONTEXT() REPRESENTATION_CONTEXT('2D SPACE',''
  ) );
#221 = PCURVE('',#222,#227);
#222 = CYLINDRICAL_SURFACE('',#223,7.);
#223 = AXIS2_PLACEMENT_3D('',#224,#225,#226);
#224 = CARTESIAN_POINT('',(10.23760729714,-31.80850469524,
    35.794811109594));
#225 = DIRECTION('',(0.965925826289,0.166365675343,-0.198266891274));
#226 = DIRECTION('',(0.258819045103,-0.620885153015,0.739942111694));
#227 = DEFINITIONAL_REPRESENTATION('',(#228),#232);
#228 = LINE('',#229,#230);
#229 = CARTESIAN_POINT('',(9.424777960769,0.));
#230 = VECTOR('',#231,1.);
#231 = DIRECTION('',(-1.,0.));
#232 = ( GEOMETRIC_REPRESENTATION_CONTEXT(2) 
PARAMETRIC_REPRESENTATION_CONTEXT() REPRESENTATION_CONTEXT('2D SPACE',''
  ) );
#233 = ORIENTED_EDGE('',*,*,#234,.F.);
#234 = EDGE_CURVE('',#235,#206,#237,.T.);
#235 = VERTEX_POINT('',#236);
#236 = CARTESIAN_POINT('',(10.840070763525,-26.88675819978,
    42.859756205356));
#237 = SURFACE_CURVE('',#238,(#242,#249),.PCURVE_S1.);
#238 = LINE('',#239,#240);
#239 = CARTESIAN_POINT('',(10.223796496362,-29.20630774861,
    37.911029508702));
#240 = VECTOR('',#241,1.);
#241 = DIRECTION('',(-0.112049866757,-0.421736281605,-0.899768490301));
#242 = PCURVE('',#33,#243);
#243 = DEFINITIONAL_REPRESENTATION('',(#244),#248);
#244 = LINE('',#245,#246);
#245 = CARTESIAN_POINT('',(-33.39074875909,11.146322522794));
#246 = VECTOR('',#247,1.);
#247 = DIRECTION('',(0.432927440531,0.901428772137));
#248 = ( GEOMETRIC_REPRESENTATION_CONTEXT(2) 
PARAMETRIC_REPRESENTATION_CONTEXT() REPRESENTATION_CONTEXT('2D SPACE',''
  ) );
#249 = PCURVE('',#250,#255);
#250 = PLANE('',#251);
#251 = AXIS2_PLACEMENT_3D('',#252,#253,#254);
#252 = CARTESIAN_POINT('',(144.00220414787,-6.165061175119,
    10.451541126896));
#253 = DIRECTION('',(-0.233306934032,0.891325401212,-0.38872471453));
#254 = DIRECTION('',(-4.163336342344E-17,0.399756743809,0.91662126627));
#255 = DEFINITIONAL_REPRESENTATION('',(#256),#260);
#256 = LINE('',#257,#258);
#257 = CARTESIAN_POINT('',(15.959057308145,-137.5750463909));
#258 = VECTOR('',#259,1.);
#259 = DIRECTION('',(-0.99333885561,-0.115229848283));
#260 = ( GEOMETRIC_REPRESENTATION_CONTEXT(2) 
PARAMETRIC_REPRESENTATION_CONTEXT() REPRESENTATION_CONTEXT('2D SPACE',''
  ) );
#261 = ORIENTED_EDGE('',*,*,#262,.T.);
#262 = EDGE_CURVE('',#235,#263,#265,.T.);
#263 = VERTEX_POINT('',#264);
#264 = CARTESIAN_POINT('',(11.539991565622,-29.56073440342,
    44.025930348946));
#265 = SURFACE_CURVE('',#266,(#271,#282),.PCURVE_S1.);
#266 = CIRCLE('',#267,1.5);
#267 = AXIS2_PLACEMENT_3D('',#268,#269,#270);
#268 = CARTESIAN_POINT('',(11.190031164573,-28.2237463016,
    43.442843277151));
#269 = DIRECTION('',(0.965925826289,0.166365675343,-0.198266891274));
#270 = DIRECTION('',(-0.258819045103,0.620885153015,-0.739942111694));
#271 = PCURVE('',#33,#272);
#272 = DEFINITIONAL_REPRESENTATION('',(#273),#281);
#273 = ( BOUNDED_CURVE() B_SPLINE_CURVE(2,(#274,#275,#276,#277,#278,#279
,#280),.UNSPECIFIED.,.T.,.F.) B_SPLINE_CURVE_WITH_KNOTS((1,2,2,2,2,1),(
    -2.094395102393,0.,2.094395102393,4.188790204786,6.28318530718,
8.377580409573),.UNSPECIFIED.) CURVE() GEOMETRIC_REPRESENTATION_ITEM() 
RATIONAL_B_SPLINE_CURVE((1.,0.5,1.,0.5,1.,0.5,1.)) REPRESENTATION_ITEM(
  '') );
#274 = CARTESIAN_POINT('',(-35.62399284021,6.837855436839));
#275 = CARTESIAN_POINT('',(-35.62399284021,4.239779225486));
#276 = CARTESIAN_POINT('',(-37.87399284021,5.538817331163));
#277 = CARTESIAN_POINT('',(-40.12399284021,6.837855436839));
#278 = CARTESIAN_POINT('',(-37.87399284021,8.136893542516));
#279 = CARTESIAN_POINT('',(-35.62399284021,9.435931648193));
#280 = CARTESIAN_POINT('',(-35.62399284021,6.837855436839));
#281 = ( GEOMETRIC_REPRESENTATION_CONTEXT(2) 
PARAMETRIC_REPRESENTATION_CONTEXT() REPRESENTATION_CONTEXT('2D SPACE',''
  ) );
#282 = PCURVE('',#283,#288);
#283 = CYLINDRICAL_SURFACE('',#284,1.5);
#284 = AXIS2_PLACEMENT_3D('',#285,#286,#287);
#285 = CARTESIAN_POINT('',(144.96843881608,-5.182499728113,
    15.983354895345));
#286 = DIRECTION('',(-0.965925826289,-0.166365675343,0.198266891274));
#287 = DIRECTION('',(-0.258819045103,0.620885153015,-0.739942111694));
#288 = DEFINITIONAL_REPRESENTATION('',(#289),#293);
#289 = LINE('',#290,#291);
#290 = CARTESIAN_POINT('',(6.28318530718,138.4975988948));
#291 = VECTOR('',#292,1.);
#292 = DIRECTION('',(-1.,0.));
#293 = ( GEOMETRIC_REPRESENTATION_CONTEXT(2) 
PARAMETRIC_REPRESENTATION_CONTEXT() REPRESENTATION_CONTEXT('2D SPACE',''
  ) );
#294 = ORIENTED_EDGE('',*,*,#295,.F.);
#295 = EDGE_CURVE('',#296,#263,#298,.T.);
#296 = VERTEX_POINT('',#297);
#297 = CARTESIAN_POINT('',(10.189041746839,-34.64547541827,
    33.177706124317));
#298 = SURFACE_CURVE('',#299,(#303,#310),.PCURVE_S1.);
#299 = LINE('',#300,#301);
#300 = CARTESIAN_POINT('',(10.696441856095,-32.73570933325,
    37.25216550118));
#301 = VECTOR('',#302,1.);
#302 = DIRECTION('',(0.112049866757,0.421736281605,0.899768490301));
#303 = PCURVE('',#33,#304);
#304 = DEFINITIONAL_REPRESENTATION('',(#305),#309);
#305 = LINE('',#306,#307);
#306 = CARTESIAN_POINT('',(-35.21691019766,14.273510614751));
#307 = VECTOR('',#308,1.);
#308 = DIRECTION('',(-0.432927440531,-0.901428772137));
#309 = ( GEOMETRIC_REPRESENTATION_CONTEXT(2) 
PARAMETRIC_REPRESENTATION_CONTEXT() REPRESENTATION_CONTEXT('2D SPACE',''
  ) );
#310 = PCURVE('',#311,#316);
#311 = PLANE('',#312);
#312 = AXIS2_PLACEMENT_3D('',#313,#314,#315);
#313 = CARTESIAN_POINT('',(10.696441856095,-32.73570933325,
    37.25216550118));
#314 = DIRECTION('',(-0.233306934032,0.891325401212,-0.38872471453));
#315 = DIRECTION('',(-4.163336342344E-17,0.399756743809,0.91662126627));
#316 = DEFINITIONAL_REPRESENTATION('',(#317),#321);
#317 = LINE('',#318,#319);
#318 = CARTESIAN_POINT('',(0.,0.));
#319 = VECTOR('',#320,1.);
#320 = DIRECTION('',(0.99333885561,0.115229848283));
#321 = ( GEOMETRIC_REPRESENTATION_CONTEXT(2) 
PARAMETRIC_REPRESENTATION_CONTEXT() REPRESENTATION_CONTEXT('2D SPACE',''
  ) );
#322 = ORIENTED_EDGE('',*,*,#323,.T.);
#323 = EDGE_CURVE('',#296,#324,#326,.T.);
#324 = VERTEX_POINT('',#325);
#325 = CARTESIAN_POINT('',(10.21172539263,-34.80963624719,
    33.150470069774));
#326 = SURFACE_CURVE('',#327,(#332,#339),.PCURVE_S1.);
#327 = CIRCLE('',#328,0.1);
#328 = AXIS2_PLACEMENT_3D('',#329,#330,#331);
#329 = CARTESIAN_POINT('',(10.212372440243,-34.73460795839,
    33.21657859577));
#330 = DIRECTION('',(-0.965925826289,-0.166365675343,0.198266891274));
#331 = DIRECTION('',(-0.258819045103,0.620885153015,-0.739942111694));
#332 = PCURVE('',#33,#333);
#333 = DEFINITIONAL_REPRESENTATION('',(#334),#338);
#334 = CIRCLE('',#335,1.E-01);
#335 = AXIS2_PLACEMENT_2D('',#336,#337);
#336 = CARTESIAN_POINT('',(-33.3466095957,18.398781059511));
#337 = DIRECTION('',(1.,-1.110223024625E-16));
#338 = ( GEOMETRIC_REPRESENTATION_CONTEXT(2) 
PARAMETRIC_REPRESENTATION_CONTEXT() REPRESENTATION_CONTEXT('2D SPACE',''
  ) );
#339 = PCURVE('',#340,#345);
#340 = CYLINDRICAL_SURFACE('',#341,0.1);
#341 = AXIS2_PLACEMENT_3D('',#342,#343,#344);
#342 = CARTESIAN_POINT('',(10.212372440243,-34.73460795839,
    33.21657859577));
#343 = DIRECTION('',(0.965925826289,0.166365675343,-0.198266891274));
#344 = DIRECTION('',(0.258819045103,-0.620885153015,0.739942111694));
#345 = DEFINITIONAL_REPRESENTATION('',(#346),#350);
#346 = LINE('',#347,#348);
#347 = CARTESIAN_POINT('',(9.424777960769,-6.087914117933E-15));
#348 = VECTOR('',#349,1.);
#349 = DIRECTION('',(-1.,8.910603172809E-16));
#350 = ( GEOMETRIC_REPRESENTATION_CONTEXT(2) 
PARAMETRIC_REPRESENTATION_CONTEXT() REPRESENTATION_CONTEXT('2D SPACE',''
  ) );
#351 = ORIENTED_EDGE('',*,*,#352,.T.);
#352 = EDGE_CURVE('',#324,#353,#355,.T.);
#353 = VERTEX_POINT('',#354);
#354 = CARTESIAN_POINT('',(10.23760729714,-34.87268246771,
    33.223660670848));
#355 = SURFACE_CURVE('',#356,(#361,#368),.PCURVE_S1.);
#356 = CIRCLE('',#357,4.000000000003);
#357 = AXIS2_PLACEMENT_3D('',#358,#359,#360);
#358 = CARTESIAN_POINT('',(10.23760729714,-31.80850469524,
    35.794811109596));
#359 = DIRECTION('',(-0.965925826289,-0.166365675343,0.198266891274));
#360 = DIRECTION('',(-0.258819045103,0.620885153015,-0.739942111694));
#361 = PCURVE('',#33,#362);
#362 = DEFINITIONAL_REPRESENTATION('',(#363),#367);
#363 = CIRCLE('',#364,4.000000000003);
#364 = AXIS2_PLACEMENT_2D('',#365,#366);
#365 = CARTESIAN_POINT('',(-33.4441095957,14.499999999997));
#366 = DIRECTION('',(1.,-1.110223024625E-16));
#367 = ( GEOMETRIC_REPRESENTATION_CONTEXT(2) 
PARAMETRIC_REPRESENTATION_CONTEXT() REPRESENTATION_CONTEXT('2D SPACE',''
  ) );
#368 = PCURVE('',#369,#374);
#369 = CYLINDRICAL_SURFACE('',#370,4.000000000003);
#370 = AXIS2_PLACEMENT_3D('',#371,#372,#373);
#371 = CARTESIAN_POINT('',(10.23760729714,-31.80850469524,
    35.794811109596));
#372 = DIRECTION('',(0.965925826289,0.166365675343,-0.198266891274));
#373 = DIRECTION('',(0.258819045103,-0.620885153015,0.739942111694));
#374 = DEFINITIONAL_REPRESENTATION('',(#375),#379);
#375 = LINE('',#376,#377);
#376 = CARTESIAN_POINT('',(3.14159265359,-2.214239704578E-13));
#377 = VECTOR('',#378,1.);
#378 = DIRECTION('',(-1.,1.420937415563E-13));
#379 = ( GEOMETRIC_REPRESENTATION_CONTEXT(2) 
PARAMETRIC_REPRESENTATION_CONTEXT() REPRESENTATION_CONTEXT('2D SPACE',''
  ) );
#380 = ORIENTED_EDGE('',*,*,#381,.F.);
#381 = EDGE_CURVE('',#382,#353,#384,.T.);
#382 = VERTEX_POINT('',#383);
#383 = CARTESIAN_POINT('',(10.23760729714,-37.17081579707,
    31.295297841788));
#384 = SURFACE_CURVE('',#385,(#390,#397),.PCURVE_S1.);
#385 = CIRCLE('',#386,1.5);
#386 = AXIS2_PLACEMENT_3D('',#387,#388,#389);
#387 = CARTESIAN_POINT('',(10.23760729714,-36.02174913239,
    32.259479256318));
#388 = DIRECTION('',(-0.965925826289,-0.166365675343,0.198266891274));
#389 = DIRECTION('',(-0.258819045103,0.620885153015,-0.739942111694));
#390 = PCURVE('',#33,#391);
#391 = DEFINITIONAL_REPRESENTATION('',(#392),#396);
#392 = CIRCLE('',#393,1.5);
#393 = AXIS2_PLACEMENT_2D('',#394,#395);
#394 = CARTESIAN_POINT('',(-33.4441095957,20.));
#395 = DIRECTION('',(1.,-1.110223024625E-16));
#396 = ( GEOMETRIC_REPRESENTATION_CONTEXT(2) 
PARAMETRIC_REPRESENTATION_CONTEXT() REPRESENTATION_CONTEXT('2D SPACE',''
  ) );
#397 = PCURVE('',#398,#403);
#398 = CYLINDRICAL_SURFACE('',#399,1.5);
#399 = AXIS2_PLACEMENT_3D('',#400,#401,#402);
#400 = CARTESIAN_POINT('',(10.23760729714,-36.02174913239,
    32.259479256318));
#401 = DIRECTION('',(0.965925826289,0.166365675343,-0.198266891274));
#402 = DIRECTION('',(0.258819045103,-0.620885153015,0.739942111694));
#403 = DEFINITIONAL_REPRESENTATION('',(#404),#408);
#404 = LINE('',#405,#406);
#405 = CARTESIAN_POINT('',(9.424777960769,-8.881784197001E-16));
#406 = VECTOR('',#407,1.);
#407 = DIRECTION('',(-1.,0.));
#408 = ( GEOMETRIC_REPRESENTATION_CONTEXT(2) 
PARAMETRIC_REPRESENTATION_CONTEXT() REPRESENTATION_CONTEXT('2D SPACE',''
  ) );
#409 = ORIENTED_EDGE('',*,*,#410,.F.);
#410 = EDGE_CURVE('',#411,#382,#413,.T.);
#411 = VERTEX_POINT('',#412);
#412 = CARTESIAN_POINT('',(9.453258229842,-34.76065866647,
    29.496431677489));
#413 = SURFACE_CURVE('',#414,(#419,#426),.PCURVE_S1.);
#414 = CIRCLE('',#415,7.);
#415 = AXIS2_PLACEMENT_3D('',#416,#417,#418);
#416 = CARTESIAN_POINT('',(10.23760729714,-31.80850469524,
    35.794811109594));
#417 = DIRECTION('',(-0.965925826289,-0.166365675343,0.198266891274));
#418 = DIRECTION('',(-0.258819045103,0.620885153015,-0.739942111694));
#419 = PCURVE('',#33,#420);
#420 = DEFINITIONAL_REPRESENTATION('',(#421),#425);
#421 = CIRCLE('',#422,7.);
#422 = AXIS2_PLACEMENT_2D('',#423,#424);
#423 = CARTESIAN_POINT('',(-33.4441095957,14.5));
#424 = DIRECTION('',(1.,-1.110223024625E-16));
#425 = ( GEOMETRIC_REPRESENTATION_CONTEXT(2) 
PARAMETRIC_REPRESENTATION_CONTEXT() REPRESENTATION_CONTEXT('2D SPACE',''
  ) );
#426 = PCURVE('',#427,#432);
#427 = CYLINDRICAL_SURFACE('',#428,7.);
#428 = AXIS2_PLACEMENT_3D('',#429,#430,#431);
#429 = CARTESIAN_POINT('',(10.23760729714,-31.80850469524,
    35.794811109594));
#430 = DIRECTION('',(0.965925826289,0.166365675343,-0.198266891274));
#431 = DIRECTION('',(0.258819045103,-0.620885153015,0.739942111694));
#432 = DEFINITIONAL_REPRESENTATION('',(#433),#437);
#433 = LINE('',#434,#435);
#434 = CARTESIAN_POINT('',(3.14159265359,2.227813501831E-15));
#435 = VECTOR('',#436,1.);
#436 = DIRECTION('',(-1.,-1.983702067784E-15));
#437 = ( GEOMETRIC_REPRESENTATION_CONTEXT(2) 
PARAMETRIC_REPRESENTATION_CONTEXT() REPRESENTATION_CONTEXT('2D SPACE',''
  ) );
#438 = ORIENTED_EDGE('',*,*,#439,.F.);
#439 = EDGE_CURVE('',#440,#411,#442,.T.);
#440 = VERTEX_POINT('',#441);
#441 = CARTESIAN_POINT('',(9.271372628929,-32.79106614224,
    30.262997341145));
#442 = SURFACE_CURVE('',#443,(#448,#455),.PCURVE_S1.);
#443 = CIRCLE('',#444,1.5);
#444 = AXIS2_PLACEMENT_3D('',#445,#446,#447);
#445 = CARTESIAN_POINT('',(9.621333029978,-34.12805424406,30.84608441294
    ));
#446 = DIRECTION('',(-0.965925826289,-0.166365675343,0.198266891274));
#447 = DIRECTION('',(-0.258819045103,0.620885153015,-0.739942111694));
#448 = PCURVE('',#33,#449);
#449 = DEFINITIONAL_REPRESENTATION('',(#450),#454);
#450 = CIRCLE('',#451,1.5);
#451 = AXIS2_PLACEMENT_2D('',#452,#453);
#452 = CARTESIAN_POINT('',(-31.06300867278,19.457858246751));
#453 = DIRECTION('',(1.,-1.110223024625E-16));
#454 = ( GEOMETRIC_REPRESENTATION_CONTEXT(2) 
PARAMETRIC_REPRESENTATION_CONTEXT() REPRESENTATION_CONTEXT('2D SPACE',''
  ) );
#455 = PCURVE('',#456,#461);
#456 = CYLINDRICAL_SURFACE('',#457,1.5);
#457 = AXIS2_PLACEMENT_3D('',#458,#459,#460);
#458 = CARTESIAN_POINT('',(9.621333029978,-34.12805424406,30.84608441294
    ));
#459 = DIRECTION('',(0.965925826289,0.166365675343,-0.198266891274));
#460 = DIRECTION('',(0.258819045103,-0.620885153015,0.739942111694));
#461 = DEFINITIONAL_REPRESENTATION('',(#462),#466);
#462 = LINE('',#463,#464);
#463 = CARTESIAN_POINT('',(9.424777960769,-3.299548418721E-15));
#464 = VECTOR('',#465,1.);
#465 = DIRECTION('',(-1.,5.654319433713E-16));
#466 = ( GEOMETRIC_REPRESENTATION_CONTEXT(2) 
PARAMETRIC_REPRESENTATION_CONTEXT() REPRESENTATION_CONTEXT('2D SPACE',''
  ) );
#467 = ORIENTED_EDGE('',*,*,#468,.T.);
#468 = EDGE_CURVE('',#440,#469,#471,.T.);
#469 = VERTEX_POINT('',#470);
#470 = CARTESIAN_POINT('',(9.449568484996,-32.12036781917,
    31.693922883778));
#471 = SURFACE_CURVE('',#472,(#476,#483),.PCURVE_S1.);
#472 = LINE('',#473,#474);
#473 = CARTESIAN_POINT('',(9.778772738185,-30.88130005722,
    34.337456718008));
#474 = VECTOR('',#475,1.);
#475 = DIRECTION('',(0.112049866757,0.421736281605,0.899768490301));
#476 = PCURVE('',#33,#477);
#477 = DEFINITIONAL_REPRESENTATION('',(#478),#482);
#478 = LINE('',#479,#480);
#479 = CARTESIAN_POINT('',(-31.67130899375,14.726489385249));
#480 = VECTOR('',#481,1.);
#481 = DIRECTION('',(-0.432927440531,-0.901428772137));
#482 = ( GEOMETRIC_REPRESENTATION_CONTEXT(2) 
PARAMETRIC_REPRESENTATION_CONTEXT() REPRESENTATION_CONTEXT('2D SPACE',''
  ) );
#483 = PCURVE('',#484,#489);
#484 = PLANE('',#485);
#485 = AXIS2_PLACEMENT_3D('',#486,#487,#488);
#486 = CARTESIAN_POINT('',(9.778772738185,-30.88130005722,
    34.337456718008));
#487 = DIRECTION('',(-0.233306934032,0.891325401212,-0.38872471453));
#488 = DIRECTION('',(-1.249000902703E-16,0.399756743809,0.91662126627));
#489 = DEFINITIONAL_REPRESENTATION('',(#490),#494);
#490 = LINE('',#491,#492);
#491 = CARTESIAN_POINT('',(0.,0.));
#492 = VECTOR('',#493,1.);
#493 = DIRECTION('',(0.99333885561,0.115229848283));
#494 = ( GEOMETRIC_REPRESENTATION_CONTEXT(2) 
PARAMETRIC_REPRESENTATION_CONTEXT() REPRESENTATION_CONTEXT('2D SPACE',''
  ) );
#495 = ORIENTED_EDGE('',*,*,#496,.F.);
#496 = EDGE_CURVE('',#22,#469,#497,.T.);
#497 = SURFACE_CURVE('',#498,(#503,#510),.PCURVE_S1.);
#498 = CIRCLE('',#499,12.5);
#499 = AXIS2_PLACEMENT_3D('',#500,#501,#502);
#500 = CARTESIAN_POINT('',(11.190031164573,-28.2237463016,
    43.442843277151));
#501 = DIRECTION('',(-0.965925826289,-0.166365675343,0.198266891274));
#502 = DIRECTION('',(-0.258819045103,0.620885153015,-0.739942111694));
#503 = PCURVE('',#33,#504);
#504 = DEFINITIONAL_REPRESENTATION('',(#505),#509);
#505 = CIRCLE('',#506,12.5);
#506 = AXIS2_PLACEMENT_2D('',#507,#508);
#507 = CARTESIAN_POINT('',(-37.12399284021,6.837855436839));
#508 = DIRECTION('',(1.,-1.110223024625E-16));
#509 = ( GEOMETRIC_REPRESENTATION_CONTEXT(2) 
PARAMETRIC_REPRESENTATION_CONTEXT() REPRESENTATION_CONTEXT('2D SPACE',''
  ) );
#510 = PCURVE('',#511,#516);
#511 = CYLINDRICAL_SURFACE('',#512,12.5);
#512 = AXIS2_PLACEMENT_3D('',#513,#514,#515);
#513 = CARTESIAN_POINT('',(144.96843881608,-5.182499728113,
    15.983354895345));
#514 = DIRECTION('',(-0.965925826289,-0.166365675343,0.198266891274));
#515 = DIRECTION('',(-0.258819045103,0.620885153015,-0.739942111694));
#516 = DEFINITIONAL_REPRESENTATION('',(#517),#521);
#517 = LINE('',#518,#519);
#518 = CARTESIAN_POINT('',(-6.28318530718,138.4975988948));
#519 = VECTOR('',#520,1.);
#520 = DIRECTION('',(1.,0.));
#521 = ( GEOMETRIC_REPRESENTATION_CONTEXT(2) 
PARAMETRIC_REPRESENTATION_CONTEXT() REPRESENTATION_CONTEXT('2D SPACE',''
  ) );
#522 = FACE_BOUND('',#523,.T.);
#523 = EDGE_LOOP('',(#524,#554,#605,#633,#661));
#524 = ORIENTED_EDGE('',*,*,#525,.T.);
#525 = EDGE_CURVE('',#526,#528,#530,.T.);
#526 = VERTEX_POINT('',#527);
#527 = CARTESIAN_POINT('',(10.611158422064,-16.28463561669,
    50.640767604265));
#528 = VERTEX_POINT('',#529);
#529 = CARTESIAN_POINT('',(-2.134477937023,17.707936225106,
    17.069140400872));
#530 = SURFACE_CURVE('',#531,(#535,#542),.PCURVE_S1.);
#531 = LINE('',#532,#533);
#532 = CARTESIAN_POINT('',(1.186330478754,8.851350687448,25.816051030318
    ));
#533 = VECTOR('',#534,1.);
#534 = DIRECTION('',(-0.257763880815,0.687455454553,-0.678942397963));
#535 = PCURVE('',#33,#536);
#536 = DEFINITIONAL_REPRESENTATION('',(#537),#541);
#537 = LINE('',#538,#539);
#538 = CARTESIAN_POINT('',(1.527338563375,-10.23303293493));
#539 = VECTOR('',#540,1.);
#540 = DIRECTION('',(0.995923158253,-9.020566975088E-02));
#541 = ( GEOMETRIC_REPRESENTATION_CONTEXT(2) 
PARAMETRIC_REPRESENTATION_CONTEXT() REPRESENTATION_CONTEXT('2D SPACE',''
  ) );
#542 = PCURVE('',#543,#548);
#543 = PLANE('',#544);
#544 = AXIS2_PLACEMENT_3D('',#545,#546,#547);
#545 = CARTESIAN_POINT('',(1.186330478754,8.851350687448,25.816051030318
    ));
#546 = DIRECTION('',(-2.334694530776E-02,-0.706914040087,-0.706914040087
    ));
#547 = DIRECTION('',(1.734723475977E-18,0.707106781187,-0.707106781187)
  );
#548 = DEFINITIONAL_REPRESENTATION('',(#549),#553);
#549 = LINE('',#550,#551);
#550 = CARTESIAN_POINT('',(0.,0.));
#551 = VECTOR('',#552,1.);
#552 = DIRECTION('',(0.966189187313,-0.257834160496));
#553 = ( GEOMETRIC_REPRESENTATION_CONTEXT(2) 
PARAMETRIC_REPRESENTATION_CONTEXT() REPRESENTATION_CONTEXT('2D SPACE',''
  ) );
#554 = ORIENTED_EDGE('',*,*,#555,.T.);
#555 = EDGE_CURVE('',#528,#556,#558,.T.);
#556 = VERTEX_POINT('',#557);
#557 = CARTESIAN_POINT('',(-4.432299970622,10.706974307134,
    3.469446951954E-15));
#558 = SURFACE_CURVE('',#559,(#564,#571),.PCURVE_S1.);
#559 = ELLIPSE('',#560,10.417665355489,10.);
#560 = AXIS2_PLACEMENT_3D('',#561,#562,#563);
#561 = CARTESIAN_POINT('',(-2.3679473901,10.638795824234,10.));
#562 = DIRECTION('',(-0.965925826289,-0.166365675343,0.198266891274));
#563 = DIRECTION('',(-0.257763880815,0.687455454553,-0.678942397963));
#564 = PCURVE('',#33,#565);
#565 = DEFINITIONAL_REPRESENTATION('',(#566),#570);
#566 = ELLIPSE('',#567,10.417665355489,10.);
#567 = AXIS2_PLACEMENT_2D('',#568,#569);
#568 = CARTESIAN_POINT('',(15.260013712711,-1.435933712894));
#569 = DIRECTION('',(0.995923158253,-9.020566975088E-02));
#570 = ( GEOMETRIC_REPRESENTATION_CONTEXT(2) 
PARAMETRIC_REPRESENTATION_CONTEXT() REPRESENTATION_CONTEXT('2D SPACE',''
  ) );
#571 = PCURVE('',#572,#577);
#572 = CYLINDRICAL_SURFACE('',#573,10.);
#573 = AXIS2_PLACEMENT_3D('',#574,#575,#576);
#574 = CARTESIAN_POINT('',(37.206105469343,9.33180063766,10.));
#575 = DIRECTION('',(-0.99945506862,3.300857176602E-02,0.));
#576 = DIRECTION('',(-2.529172656192E-02,-0.765799395552,-0.642581990364
    ));
#577 = DEFINITIONAL_REPRESENTATION('',(#578),#604);
#578 = B_SPLINE_CURVE_WITH_KNOTS('',3,(#579,#580,#581,#582,#583,#584,
    #585,#586,#587,#588,#589,#590,#591,#592,#593,#594,#595,#596,#597,
    #598,#599,#600,#601,#602,#603),.UNSPECIFIED.,.F.,.F.,(4,1,1,1,1,1,1,
    1,1,1,1,1,1,1,1,1,1,1,1,1,1,1,4),(4.712388980385,4.81947634176,
    4.926563703135,5.03365106451,5.140738425885,5.24782578726,
    5.354913148635,5.46200051001,5.569087871385,5.67617523276,
    5.783262594135,5.89034995551,5.997437316885,6.10452467826,
    6.211612039635,6.318699401011,6.425786762386,6.532874123761,
    6.639961485136,6.747048846511,6.854136207886,6.961223569261,
    7.068310930636),.QUASI_UNIFORM_KNOTS.);
#579 = CARTESIAN_POINT('',(3.054330344186,39.595629760616));
#580 = CARTESIAN_POINT('',(3.090026131311,39.699873814914));
#581 = CARTESIAN_POINT('',(3.161417705561,39.908347471382));
#582 = CARTESIAN_POINT('',(3.268505066936,40.217486823159));
#583 = CARTESIAN_POINT('',(3.375592428311,40.519498608289));
#584 = CARTESIAN_POINT('',(3.482679789686,40.810926693212));
#585 = CARTESIAN_POINT('',(3.589767151061,41.088431204201));
#586 = CARTESIAN_POINT('',(3.696854512436,41.348833124803));
#587 = CARTESIAN_POINT('',(3.803941873811,41.589149020012));
#588 = CARTESIAN_POINT('',(3.911029235186,41.806625671453));
#589 = CARTESIAN_POINT('',(4.018116596561,41.998771498459));
#590 = CARTESIAN_POINT('',(4.125203957936,42.163385136155));
#591 = CARTESIAN_POINT('',(4.232291319311,42.298580647117));
#592 = CARTESIAN_POINT('',(4.339378680686,42.402809130703));
#593 = CARTESIAN_POINT('',(4.446466042061,42.474876466762));
#594 = CARTESIAN_POINT('',(4.553553403436,42.51395700036));
#595 = CARTESIAN_POINT('',(4.660640764812,42.519602986798));
#596 = CARTESIAN_POINT('',(4.767728126187,42.49174977452));
#597 = CARTESIAN_POINT('',(4.874815487562,42.430716347281));
#598 = CARTESIAN_POINT('',(4.981902848937,42.337202410526));
#599 = CARTESIAN_POINT('',(5.088990210312,42.212277609995));
#600 = CARTESIAN_POINT('',(5.196077571687,42.05737959634));
#601 = CARTESIAN_POINT('',(5.303164933062,41.874259042273));
#602 = CARTESIAN_POINT('',(5.374556507312,41.73482189039));
#603 = CARTESIAN_POINT('',(5.410252294437,41.661107884983));
#604 = ( GEOMETRIC_REPRESENTATION_CONTEXT(2) 
PARAMETRIC_REPRESENTATION_CONTEXT() REPRESENTATION_CONTEXT('2D SPACE',''
  ) );
#605 = ORIENTED_EDGE('',*,*,#606,.T.);
#606 = EDGE_CURVE('',#556,#607,#609,.T.);
#607 = VERTEX_POINT('',#608);
#608 = CARTESIAN_POINT('',(-0.773694250742,-10.53503817987,0.));
#609 = SURFACE_CURVE('',#610,(#614,#621),.PCURVE_S1.);
#610 = LINE('',#611,#612);
#611 = CARTESIAN_POINT('',(-2.478778183274,-0.63525204292,
    3.469446951954E-15));
#612 = VECTOR('',#613,1.);
#613 = DIRECTION('',(0.169735247535,-0.985489698447,0.));
#614 = PCURVE('',#33,#615);
#615 = DEFINITIONAL_REPRESENTATION('',(#616),#620);
#616 = LINE('',#617,#618);
#617 = CARTESIAN_POINT('',(15.688231014612,13.628364104062));
#618 = VECTOR('',#619,1.);
#619 = DIRECTION('',(-0.655806636902,0.754928907246));
#620 = ( GEOMETRIC_REPRESENTATION_CONTEXT(2) 
PARAMETRIC_REPRESENTATION_CONTEXT() REPRESENTATION_CONTEXT('2D SPACE',''
  ) );
#621 = PCURVE('',#622,#627);
#622 = PLANE('',#623);
#623 = AXIS2_PLACEMENT_3D('',#624,#625,#626);
#624 = CARTESIAN_POINT('',(36.408493615398,-14.81881138722,
    3.469446951954E-15));
#625 = DIRECTION('',(0.,-5.551115123126E-17,-1.));
#626 = DIRECTION('',(1.,0.,0.));
#627 = DEFINITIONAL_REPRESENTATION('',(#628),#632);
#628 = LINE('',#629,#630);
#629 = CARTESIAN_POINT('',(-38.88727179867,-14.1835593443));
#630 = VECTOR('',#631,1.);
#631 = DIRECTION('',(0.169735247535,0.985489698447));
#632 = ( GEOMETRIC_REPRESENTATION_CONTEXT(2) 
PARAMETRIC_REPRESENTATION_CONTEXT() REPRESENTATION_CONTEXT('2D SPACE',''
  ) );
#633 = ORIENTED_EDGE('',*,*,#634,.T.);
#634 = EDGE_CURVE('',#607,#635,#637,.T.);
#635 = VERTEX_POINT('',#636);
#636 = CARTESIAN_POINT('',(9.864056172216,-38.90588489948,
    28.019518321475));
#637 = SURFACE_CURVE('',#638,(#642,#649),.PCURVE_S1.);
#638 = LINE('',#639,#640);
#639 = CARTESIAN_POINT('',(-1.88580165066,-7.56905126306,-2.929257825057
    ));
#640 = VECTOR('',#641,1.);
#641 = DIRECTION('',(0.257763880815,-0.687455454553,0.678942397963));
#642 = PCURVE('',#33,#643);
#643 = DEFINITIONAL_REPRESENTATION('',(#644),#648);
#644 = LINE('',#645,#646);
#645 = CARTESIAN_POINT('',(13.397145625671,20.822853101877));
#646 = VECTOR('',#647,1.);
#647 = DIRECTION('',(-0.995923158253,9.020566975088E-02));
#648 = ( GEOMETRIC_REPRESENTATION_CONTEXT(2) 
PARAMETRIC_REPRESENTATION_CONTEXT() REPRESENTATION_CONTEXT('2D SPACE',''
  ) );
#649 = PCURVE('',#650,#655);
#650 = PLANE('',#651);
#651 = AXIS2_PLACEMENT_3D('',#652,#653,#654);
#652 = CARTESIAN_POINT('',(-1.88580165066,-7.56905126306,-2.929257825057
    ));
#653 = DIRECTION('',(2.334694530776E-02,0.706914040087,0.706914040087));
#654 = DIRECTION('',(-1.734723475977E-18,-0.707106781187,0.707106781187)
  );
#655 = DEFINITIONAL_REPRESENTATION('',(#656),#660);
#656 = LINE('',#657,#658);
#657 = CARTESIAN_POINT('',(0.,0.));
#658 = VECTOR('',#659,1.);
#659 = DIRECTION('',(0.966189187313,0.257834160496));
#660 = ( GEOMETRIC_REPRESENTATION_CONTEXT(2) 
PARAMETRIC_REPRESENTATION_CONTEXT() REPRESENTATION_CONTEXT('2D SPACE',''
  ) );
#661 = ORIENTED_EDGE('',*,*,#662,.T.);
#662 = EDGE_CURVE('',#635,#526,#663,.T.);
#663 = SURFACE_CURVE('',#664,(#669,#676),.PCURVE_S1.);
#664 = CIRCLE('',#665,16.);
#665 = AXIS2_PLACEMENT_3D('',#666,#667,#668);
#666 = CARTESIAN_POINT('',(10.23760729714,-27.59526025808,39.33014296287
    ));
#667 = DIRECTION('',(-0.965925826289,-0.166365675343,0.198266891274));
#668 = DIRECTION('',(-0.258819045103,0.620885153015,-0.739942111694));
#669 = PCURVE('',#33,#670);
#670 = DEFINITIONAL_REPRESENTATION('',(#671),#675);
#671 = CIRCLE('',#672,16.);
#672 = AXIS2_PLACEMENT_2D('',#673,#674);
#673 = CARTESIAN_POINT('',(-33.4441095957,9.));
#674 = DIRECTION('',(1.,-1.110223024625E-16));
#675 = ( GEOMETRIC_REPRESENTATION_CONTEXT(2) 
PARAMETRIC_REPRESENTATION_CONTEXT() REPRESENTATION_CONTEXT('2D SPACE',''
  ) );
#676 = PCURVE('',#677,#682);
#677 = CYLINDRICAL_SURFACE('',#678,16.);
#678 = AXIS2_PLACEMENT_3D('',#679,#680,#681);
#679 = CARTESIAN_POINT('',(10.23760729714,-27.59526025808,39.33014296287
    ));
#680 = DIRECTION('',(0.965925826289,0.166365675343,-0.198266891274));
#681 = DIRECTION('',(0.258819045103,-0.620885153015,0.739942111694));
#682 = DEFINITIONAL_REPRESENTATION('',(#683),#687);
#683 = LINE('',#684,#685);
#684 = CARTESIAN_POINT('',(3.14159265359,4.696265067058E-16));
#685 = VECTOR('',#686,1.);
#686 = DIRECTION('',(-1.,2.827159716856E-16));
#687 = ( GEOMETRIC_REPRESENTATION_CONTEXT(2) 
PARAMETRIC_REPRESENTATION_CONTEXT() REPRESENTATION_CONTEXT('2D SPACE',''
  ) );
#688 = ADVANCED_FACE('',(#689,#1100),#704,.F.);
#689 = FACE_BOUND('',#690,.T.);
#690 = EDGE_LOOP('',(#691,#722,#746,#770,#793,#817,#841,#865,#889,#913,
    #936,#960,#983,#1007,#1031,#1055,#1079));
#691 = ORIENTED_EDGE('',*,*,#692,.F.);
#692 = EDGE_CURVE('',#693,#695,#697,.T.);
#693 = VERTEX_POINT('',#694);
#694 = CARTESIAN_POINT('',(13.572839196145,-20.80528673668,
    36.057812229932));
#695 = VERTEX_POINT('',#696);
#696 = CARTESIAN_POINT('',(14.618578973125,-30.01116682652,
    33.427845134787));
#697 = SURFACE_CURVE('',#698,(#703,#715),.PCURVE_S1.);
#698 = CIRCLE('',#699,9.5);
#699 = AXIS2_PLACEMENT_3D('',#700,#701,#702);
#700 = CARTESIAN_POINT('',(16.019660296018,-27.39191792488,
    42.45150882078));
#701 = DIRECTION('',(-0.965925826289,-0.166365675343,0.198266891274));
#702 = DIRECTION('',(-0.258819045103,0.620885153015,-0.739942111694));
#703 = PCURVE('',#704,#709);
#704 = PLANE('',#705);
#705 = AXIS2_PLACEMENT_3D('',#706,#707,#708);
#706 = CARTESIAN_POINT('',(6.411263918721,0.895919210473,19.37719191571)
  );
#707 = DIRECTION('',(-0.965925826289,-0.166365675343,0.198266891274));
#708 = DIRECTION('',(-0.258819045103,0.620885153015,-0.739942111694));
#709 = DEFINITIONAL_REPRESENTATION('',(#710),#714);
#710 = CIRCLE('',#711,9.5);
#711 = AXIS2_PLACEMENT_2D('',#712,#713);
#712 = CARTESIAN_POINT('',(-37.12399284021,6.837855436839));
#713 = DIRECTION('',(1.,-1.110223024625E-16));
#714 = ( GEOMETRIC_REPRESENTATION_CONTEXT(2) 
PARAMETRIC_REPRESENTATION_CONTEXT() REPRESENTATION_CONTEXT('2D SPACE',''
  ) );
#715 = PCURVE('',#78,#716);
#716 = DEFINITIONAL_REPRESENTATION('',(#717),#721);
#717 = LINE('',#718,#719);
#718 = CARTESIAN_POINT('',(-6.28318530718,133.4975988948));
#719 = VECTOR('',#720,1.);
#720 = DIRECTION('',(1.,0.));
#721 = ( GEOMETRIC_REPRESENTATION_CONTEXT(2) 
PARAMETRIC_REPRESENTATION_CONTEXT() REPRESENTATION_CONTEXT('2D SPACE',''
  ) );
#722 = ORIENTED_EDGE('',*,*,#723,.T.);
#723 = EDGE_CURVE('',#693,#724,#726,.T.);
#724 = VERTEX_POINT('',#725);
#725 = CARTESIAN_POINT('',(12.800158848817,-18.72529794041,
    34.038750148612));
#726 = SURFACE_CURVE('',#727,(#732,#739),.PCURVE_S1.);
#727 = CIRCLE('',#728,1.5);
#728 = AXIS2_PLACEMENT_3D('',#729,#730,#731);
#729 = CARTESIAN_POINT('',(13.186499022481,-19.76529233855,
    35.048281189272));
#730 = DIRECTION('',(-0.965925826289,-0.166365675343,0.198266891274));
#731 = DIRECTION('',(-0.258819045103,0.620885153015,-0.739942111694));
#732 = PCURVE('',#704,#733);
#733 = DEFINITIONAL_REPRESENTATION('',(#734),#738);
#734 = CIRCLE('',#735,1.5);
#735 = AXIS2_PLACEMENT_2D('',#736,#737);
#736 = CARTESIAN_POINT('',(-26.17749826361,5.754224279898));
#737 = DIRECTION('',(1.,-1.110223024625E-16));
#738 = ( GEOMETRIC_REPRESENTATION_CONTEXT(2) 
PARAMETRIC_REPRESENTATION_CONTEXT() REPRESENTATION_CONTEXT('2D SPACE',''
  ) );
#739 = PCURVE('',#49,#740);
#740 = DEFINITIONAL_REPRESENTATION('',(#741),#745);
#741 = LINE('',#742,#743);
#742 = CARTESIAN_POINT('',(5.018208071306E-14,133.4975988948));
#743 = VECTOR('',#744,1.);
#744 = DIRECTION('',(1.,0.));
#745 = ( GEOMETRIC_REPRESENTATION_CONTEXT(2) 
PARAMETRIC_REPRESENTATION_CONTEXT() REPRESENTATION_CONTEXT('2D SPACE',''
  ) );
#746 = ORIENTED_EDGE('',*,*,#747,.T.);
#747 = EDGE_CURVE('',#724,#748,#750,.T.);
#748 = VERTEX_POINT('',#749);
#749 = CARTESIAN_POINT('',(14.279197616441,-31.28853944245,
    30.702588427407));
#750 = SURFACE_CURVE('',#751,(#756,#763),.PCURVE_S1.);
#751 = CIRCLE('',#752,12.5);
#752 = AXIS2_PLACEMENT_3D('',#753,#754,#755);
#753 = CARTESIAN_POINT('',(16.019660296018,-27.39191792488,
    42.45150882078));
#754 = DIRECTION('',(-0.965925826289,-0.166365675343,0.198266891274));
#755 = DIRECTION('',(-0.258819045103,0.620885153015,-0.739942111694));
#756 = PCURVE('',#704,#757);
#757 = DEFINITIONAL_REPRESENTATION('',(#758),#762);
#758 = CIRCLE('',#759,12.5);
#759 = AXIS2_PLACEMENT_2D('',#760,#761);
#760 = CARTESIAN_POINT('',(-37.12399284021,6.837855436839));
#761 = DIRECTION('',(1.,-1.110223024625E-16));
#762 = ( GEOMETRIC_REPRESENTATION_CONTEXT(2) 
PARAMETRIC_REPRESENTATION_CONTEXT() REPRESENTATION_CONTEXT('2D SPACE',''
  ) );
#763 = PCURVE('',#511,#764);
#764 = DEFINITIONAL_REPRESENTATION('',(#765),#769);
#765 = LINE('',#766,#767);
#766 = CARTESIAN_POINT('',(-6.28318530718,133.4975988948));
#767 = VECTOR('',#768,1.);
#768 = DIRECTION('',(1.,0.));
#769 = ( GEOMETRIC_REPRESENTATION_CONTEXT(2) 
PARAMETRIC_REPRESENTATION_CONTEXT() REPRESENTATION_CONTEXT('2D SPACE',''
  ) );
#770 = ORIENTED_EDGE('',*,*,#771,.F.);
#771 = EDGE_CURVE('',#772,#748,#774,.T.);
#772 = VERTEX_POINT('',#773);
#773 = CARTESIAN_POINT('',(14.101001760374,-31.95923776553,
    29.271662884774));
#774 = SURFACE_CURVE('',#775,(#779,#786),.PCURVE_S1.);
#775 = LINE('',#776,#777);
#776 = CARTESIAN_POINT('',(14.60840186963,-30.04947168051,
    33.346122261638));
#777 = VECTOR('',#778,1.);
#778 = DIRECTION('',(0.112049866757,0.421736281605,0.899768490301));
#779 = PCURVE('',#704,#780);
#780 = DEFINITIONAL_REPRESENTATION('',(#781),#785);
#781 = LINE('',#782,#783);
#782 = CARTESIAN_POINT('',(-31.67130899375,14.726489385249));
#783 = VECTOR('',#784,1.);
#784 = DIRECTION('',(-0.432927440531,-0.901428772137));
#785 = ( GEOMETRIC_REPRESENTATION_CONTEXT(2) 
PARAMETRIC_REPRESENTATION_CONTEXT() REPRESENTATION_CONTEXT('2D SPACE',''
  ) );
#786 = PCURVE('',#484,#787);
#787 = DEFINITIONAL_REPRESENTATION('',(#788),#792);
#788 = LINE('',#789,#790);
#789 = CARTESIAN_POINT('',(-0.576149241413,4.966694278051));
#790 = VECTOR('',#791,1.);
#791 = DIRECTION('',(0.99333885561,0.115229848283));
#792 = ( GEOMETRIC_REPRESENTATION_CONTEXT(2) 
PARAMETRIC_REPRESENTATION_CONTEXT() REPRESENTATION_CONTEXT('2D SPACE',''
  ) );
#793 = ORIENTED_EDGE('',*,*,#794,.T.);
#794 = EDGE_CURVE('',#772,#795,#797,.T.);
#795 = VERTEX_POINT('',#796);
#796 = CARTESIAN_POINT('',(14.282887361288,-33.92883028976,
    28.505097221118));
#797 = SURFACE_CURVE('',#798,(#803,#810),.PCURVE_S1.);
#798 = CIRCLE('',#799,1.5);
#799 = AXIS2_PLACEMENT_3D('',#800,#801,#802);
#800 = CARTESIAN_POINT('',(14.450962161423,-33.29622586735,
    29.854749956569));
#801 = DIRECTION('',(-0.965925826289,-0.166365675343,0.198266891274));
#802 = DIRECTION('',(-0.258819045103,0.620885153015,-0.739942111694));
#803 = PCURVE('',#704,#804);
#804 = DEFINITIONAL_REPRESENTATION('',(#805),#809);
#805 = CIRCLE('',#806,1.5);
#806 = AXIS2_PLACEMENT_2D('',#807,#808);
#807 = CARTESIAN_POINT('',(-31.06300867278,19.457858246751));
#808 = DIRECTION('',(1.,-1.110223024625E-16));
#809 = ( GEOMETRIC_REPRESENTATION_CONTEXT(2) 
PARAMETRIC_REPRESENTATION_CONTEXT() REPRESENTATION_CONTEXT('2D SPACE',''
  ) );
#810 = PCURVE('',#456,#811);
#811 = DEFINITIONAL_REPRESENTATION('',(#812),#816);
#812 = LINE('',#813,#814);
#813 = CARTESIAN_POINT('',(9.424777960769,5.));
#814 = VECTOR('',#815,1.);
#815 = DIRECTION('',(-1.,-5.654319433713E-16));
#816 = ( GEOMETRIC_REPRESENTATION_CONTEXT(2) 
PARAMETRIC_REPRESENTATION_CONTEXT() REPRESENTATION_CONTEXT('2D SPACE',''
  ) );
#817 = ORIENTED_EDGE('',*,*,#818,.T.);
#818 = EDGE_CURVE('',#795,#819,#821,.T.);
#819 = VERTEX_POINT('',#820);
#820 = CARTESIAN_POINT('',(15.067236428586,-36.33898742036,
    30.303963385418));
#821 = SURFACE_CURVE('',#822,(#827,#834),.PCURVE_S1.);
#822 = CIRCLE('',#823,7.);
#823 = AXIS2_PLACEMENT_3D('',#824,#825,#826);
#824 = CARTESIAN_POINT('',(15.067236428586,-30.97667631852,
    34.803476653224));
#825 = DIRECTION('',(-0.965925826289,-0.166365675343,0.198266891274));
#826 = DIRECTION('',(-0.258819045103,0.620885153015,-0.739942111694));
#827 = PCURVE('',#704,#828);
#828 = DEFINITIONAL_REPRESENTATION('',(#829),#833);
#829 = CIRCLE('',#830,7.);
#830 = AXIS2_PLACEMENT_2D('',#831,#832);
#831 = CARTESIAN_POINT('',(-33.4441095957,14.5));
#832 = DIRECTION('',(1.,-1.110223024625E-16));
#833 = ( GEOMETRIC_REPRESENTATION_CONTEXT(2) 
PARAMETRIC_REPRESENTATION_CONTEXT() REPRESENTATION_CONTEXT('2D SPACE',''
  ) );
#834 = PCURVE('',#427,#835);
#835 = DEFINITIONAL_REPRESENTATION('',(#836),#840);
#836 = LINE('',#837,#838);
#837 = CARTESIAN_POINT('',(3.14159265359,5.));
#838 = VECTOR('',#839,1.);
#839 = DIRECTION('',(-1.,1.983702067784E-15));
#840 = ( GEOMETRIC_REPRESENTATION_CONTEXT(2) 
PARAMETRIC_REPRESENTATION_CONTEXT() REPRESENTATION_CONTEXT('2D SPACE',''
  ) );
#841 = ORIENTED_EDGE('',*,*,#842,.T.);
#842 = EDGE_CURVE('',#819,#843,#845,.T.);
#843 = VERTEX_POINT('',#844);
#844 = CARTESIAN_POINT('',(15.067236428586,-34.040854091,32.232326214477
    ));
#845 = SURFACE_CURVE('',#846,(#851,#858),.PCURVE_S1.);
#846 = CIRCLE('',#847,1.5);
#847 = AXIS2_PLACEMENT_3D('',#848,#849,#850);
#848 = CARTESIAN_POINT('',(15.067236428586,-35.18992075568,
    31.268144799948));
#849 = DIRECTION('',(-0.965925826289,-0.166365675343,0.198266891274));
#850 = DIRECTION('',(-0.258819045103,0.620885153015,-0.739942111694));
#851 = PCURVE('',#704,#852);
#852 = DEFINITIONAL_REPRESENTATION('',(#853),#857);
#853 = CIRCLE('',#854,1.5);
#854 = AXIS2_PLACEMENT_2D('',#855,#856);
#855 = CARTESIAN_POINT('',(-33.4441095957,20.));
#856 = DIRECTION('',(1.,-1.110223024625E-16));
#857 = ( GEOMETRIC_REPRESENTATION_CONTEXT(2) 
PARAMETRIC_REPRESENTATION_CONTEXT() REPRESENTATION_CONTEXT('2D SPACE',''
  ) );
#858 = PCURVE('',#398,#859);
#859 = DEFINITIONAL_REPRESENTATION('',(#860),#864);
#860 = LINE('',#861,#862);
#861 = CARTESIAN_POINT('',(9.424777960769,5.));
#862 = VECTOR('',#863,1.);
#863 = DIRECTION('',(-1.,-5.654319433713E-16));
#864 = ( GEOMETRIC_REPRESENTATION_CONTEXT(2) 
PARAMETRIC_REPRESENTATION_CONTEXT() REPRESENTATION_CONTEXT('2D SPACE',''
  ) );
#865 = ORIENTED_EDGE('',*,*,#866,.F.);
#866 = EDGE_CURVE('',#867,#843,#869,.T.);
#867 = VERTEX_POINT('',#868);
#868 = CARTESIAN_POINT('',(15.041354524075,-33.97780787048,
    32.159135613404));
#869 = SURFACE_CURVE('',#870,(#875,#882),.PCURVE_S1.);
#870 = CIRCLE('',#871,4.000000000003);
#871 = AXIS2_PLACEMENT_3D('',#872,#873,#874);
#872 = CARTESIAN_POINT('',(15.067236428586,-30.97667631852,
    34.803476653225));
#873 = DIRECTION('',(-0.965925826289,-0.166365675343,0.198266891274));
#874 = DIRECTION('',(-0.258819045103,0.620885153015,-0.739942111694));
#875 = PCURVE('',#704,#876);
#876 = DEFINITIONAL_REPRESENTATION('',(#877),#881);
#877 = CIRCLE('',#878,4.000000000003);
#878 = AXIS2_PLACEMENT_2D('',#879,#880);
#879 = CARTESIAN_POINT('',(-33.4441095957,14.499999999997));
#880 = DIRECTION('',(1.,-1.110223024625E-16));
#881 = ( GEOMETRIC_REPRESENTATION_CONTEXT(2) 
PARAMETRIC_REPRESENTATION_CONTEXT() REPRESENTATION_CONTEXT('2D SPACE',''
  ) );
#882 = PCURVE('',#369,#883);
#883 = DEFINITIONAL_REPRESENTATION('',(#884),#888);
#884 = LINE('',#885,#886);
#885 = CARTESIAN_POINT('',(3.14159265359,5.));
#886 = VECTOR('',#887,1.);
#887 = DIRECTION('',(-1.,-7.104687077813E-14));
#888 = ( GEOMETRIC_REPRESENTATION_CONTEXT(2) 
PARAMETRIC_REPRESENTATION_CONTEXT() REPRESENTATION_CONTEXT('2D SPACE',''
  ) );
#889 = ORIENTED_EDGE('',*,*,#890,.F.);
#890 = EDGE_CURVE('',#891,#867,#893,.T.);
#891 = VERTEX_POINT('',#892);
#892 = CARTESIAN_POINT('',(15.018670878285,-33.81364704156,
    32.186371667946));
#893 = SURFACE_CURVE('',#894,(#899,#906),.PCURVE_S1.);
#894 = CIRCLE('',#895,0.1);
#895 = AXIS2_PLACEMENT_3D('',#896,#897,#898);
#896 = CARTESIAN_POINT('',(15.042001571688,-33.90277958168,
    32.225244139399));
#897 = DIRECTION('',(-0.965925826289,-0.166365675343,0.198266891274));
#898 = DIRECTION('',(-0.258819045103,0.620885153015,-0.739942111694));
#899 = PCURVE('',#704,#900);
#900 = DEFINITIONAL_REPRESENTATION('',(#901),#905);
#901 = CIRCLE('',#902,1.E-01);
#902 = AXIS2_PLACEMENT_2D('',#903,#904);
#903 = CARTESIAN_POINT('',(-33.3466095957,18.398781059511));
#904 = DIRECTION('',(1.,-1.110223024625E-16));
#905 = ( GEOMETRIC_REPRESENTATION_CONTEXT(2) 
PARAMETRIC_REPRESENTATION_CONTEXT() REPRESENTATION_CONTEXT('2D SPACE',''
  ) );
#906 = PCURVE('',#340,#907);
#907 = DEFINITIONAL_REPRESENTATION('',(#908),#912);
#908 = LINE('',#909,#910);
#909 = CARTESIAN_POINT('',(9.424777960768,5.));
#910 = VECTOR('',#911,1.);
#911 = DIRECTION('',(-1.,0.));
#912 = ( GEOMETRIC_REPRESENTATION_CONTEXT(2) 
PARAMETRIC_REPRESENTATION_CONTEXT() REPRESENTATION_CONTEXT('2D SPACE',''
  ) );
#913 = ORIENTED_EDGE('',*,*,#914,.T.);
#914 = EDGE_CURVE('',#891,#915,#917,.T.);
#915 = VERTEX_POINT('',#916);
#916 = CARTESIAN_POINT('',(16.369620697067,-28.7289060267,
    43.034595892575));
#917 = SURFACE_CURVE('',#918,(#922,#929),.PCURVE_S1.);
#918 = LINE('',#919,#920);
#919 = CARTESIAN_POINT('',(15.526070987541,-31.90388095654,
    36.260831044809));
#920 = VECTOR('',#921,1.);
#921 = DIRECTION('',(0.112049866757,0.421736281605,0.899768490301));
#922 = PCURVE('',#704,#923);
#923 = DEFINITIONAL_REPRESENTATION('',(#924),#928);
#924 = LINE('',#925,#926);
#925 = CARTESIAN_POINT('',(-35.21691019766,14.273510614751));
#926 = VECTOR('',#927,1.);
#927 = DIRECTION('',(-0.432927440531,-0.901428772137));
#928 = ( GEOMETRIC_REPRESENTATION_CONTEXT(2) 
PARAMETRIC_REPRESENTATION_CONTEXT() REPRESENTATION_CONTEXT('2D SPACE',''
  ) );
#929 = PCURVE('',#311,#930);
#930 = DEFINITIONAL_REPRESENTATION('',(#931),#935);
#931 = LINE('',#932,#933);
#932 = CARTESIAN_POINT('',(-0.576149241413,4.96669427805));
#933 = VECTOR('',#934,1.);
#934 = DIRECTION('',(0.99333885561,0.115229848283));
#935 = ( GEOMETRIC_REPRESENTATION_CONTEXT(2) 
PARAMETRIC_REPRESENTATION_CONTEXT() REPRESENTATION_CONTEXT('2D SPACE',''
  ) );
#936 = ORIENTED_EDGE('',*,*,#937,.T.);
#937 = EDGE_CURVE('',#915,#938,#940,.T.);
#938 = VERTEX_POINT('',#939);
#939 = CARTESIAN_POINT('',(15.66969989497,-26.05492982307,
    41.868421748985));
#940 = SURFACE_CURVE('',#941,(#946,#953),.PCURVE_S1.);
#941 = CIRCLE('',#942,1.5);
#942 = AXIS2_PLACEMENT_3D('',#943,#944,#945);
#943 = CARTESIAN_POINT('',(16.019660296018,-27.39191792488,
    42.45150882078));
#944 = DIRECTION('',(-0.965925826289,-0.166365675343,0.198266891274));
#945 = DIRECTION('',(-0.258819045103,0.620885153015,-0.739942111694));
#946 = PCURVE('',#704,#947);
#947 = DEFINITIONAL_REPRESENTATION('',(#948),#952);
#948 = CIRCLE('',#949,1.5);
#949 = AXIS2_PLACEMENT_2D('',#950,#951);
#950 = CARTESIAN_POINT('',(-37.12399284021,6.837855436839));
#951 = DIRECTION('',(1.,-1.110223024625E-16));
#952 = ( GEOMETRIC_REPRESENTATION_CONTEXT(2) 
PARAMETRIC_REPRESENTATION_CONTEXT() REPRESENTATION_CONTEXT('2D SPACE',''
  ) );
#953 = PCURVE('',#283,#954);
#954 = DEFINITIONAL_REPRESENTATION('',(#955),#959);
#955 = LINE('',#956,#957);
#956 = CARTESIAN_POINT('',(5.329070518201E-14,133.4975988948));
#957 = VECTOR('',#958,1.);
#958 = DIRECTION('',(1.,0.));
#959 = ( GEOMETRIC_REPRESENTATION_CONTEXT(2) 
PARAMETRIC_REPRESENTATION_CONTEXT() REPRESENTATION_CONTEXT('2D SPACE',''
  ) );
#960 = ORIENTED_EDGE('',*,*,#961,.T.);
#961 = EDGE_CURVE('',#938,#962,#964,.T.);
#962 = VERTEX_POINT('',#963);
#963 = CARTESIAN_POINT('',(15.483405468905,-26.75610976024,
    40.372464106697));
#964 = SURFACE_CURVE('',#965,(#969,#976),.PCURVE_S1.);
#965 = LINE('',#966,#967);
#966 = CARTESIAN_POINT('',(14.559492383309,-30.23355851161,
    32.953375568198));
#967 = VECTOR('',#968,1.);
#968 = DIRECTION('',(-0.112049866757,-0.421736281605,-0.899768490301));
#969 = PCURVE('',#704,#970);
#970 = DEFINITIONAL_REPRESENTATION('',(#971),#975);
#971 = LINE('',#972,#973);
#972 = CARTESIAN_POINT('',(-31.48233724979,15.119960787553));
#973 = VECTOR('',#974,1.);
#974 = DIRECTION('',(0.432927440531,0.901428772137));
#975 = ( GEOMETRIC_REPRESENTATION_CONTEXT(2) 
PARAMETRIC_REPRESENTATION_CONTEXT() REPRESENTATION_CONTEXT('2D SPACE',''
  ) );
#976 = PCURVE('',#250,#977);
#977 = DEFINITIONAL_REPRESENTATION('',(#978),#982);
#978 = LINE('',#979,#980);
#979 = CARTESIAN_POINT('',(11.004115855375,-133.1163032106));
#980 = VECTOR('',#981,1.);
#981 = DIRECTION('',(-0.99333885561,-0.115229848283));
#982 = ( GEOMETRIC_REPRESENTATION_CONTEXT(2) 
PARAMETRIC_REPRESENTATION_CONTEXT() REPRESENTATION_CONTEXT('2D SPACE',''
  ) );
#983 = ORIENTED_EDGE('',*,*,#984,.T.);
#984 = EDGE_CURVE('',#962,#985,#987,.T.);
#985 = VERTEX_POINT('',#986);
#986 = CARTESIAN_POINT('',(15.067236428586,-25.61436521669,
    39.302989921029));
#987 = SURFACE_CURVE('',#988,(#993,#1000),.PCURVE_S1.);
#988 = CIRCLE('',#989,7.);
#989 = AXIS2_PLACEMENT_3D('',#990,#991,#992);
#990 = CARTESIAN_POINT('',(15.067236428586,-30.97667631852,
    34.803476653224));
#991 = DIRECTION('',(-0.965925826289,-0.166365675343,0.198266891274));
#992 = DIRECTION('',(-0.258819045103,0.620885153015,-0.739942111694));
#993 = PCURVE('',#704,#994);
#994 = DEFINITIONAL_REPRESENTATION('',(#995),#999);
#995 = CIRCLE('',#996,7.);
#996 = AXIS2_PLACEMENT_2D('',#997,#998);
#997 = CARTESIAN_POINT('',(-33.4441095957,14.5));
#998 = DIRECTION('',(1.,-1.110223024625E-16));
#999 = ( GEOMETRIC_REPRESENTATION_CONTEXT(2) 
PARAMETRIC_REPRESENTATION_CONTEXT() REPRESENTATION_CONTEXT('2D SPACE',''
  ) );
#1000 = PCURVE('',#222,#1001);
#1001 = DEFINITIONAL_REPRESENTATION('',(#1002),#1006);
#1002 = LINE('',#1003,#1004);
#1003 = CARTESIAN_POINT('',(9.424777960769,5.));
#1004 = VECTOR('',#1005,1.);
#1005 = DIRECTION('',(-1.,3.832033490755E-15));
#1006 = ( GEOMETRIC_REPRESENTATION_CONTEXT(2) 
PARAMETRIC_REPRESENTATION_CONTEXT() REPRESENTATION_CONTEXT('2D SPACE',''
  ) );
#1007 = ORIENTED_EDGE('',*,*,#1008,.T.);
#1008 = EDGE_CURVE('',#985,#1009,#1011,.T.);
#1009 = VERTEX_POINT('',#1010);
#1010 = CARTESIAN_POINT('',(15.067236428586,-27.91249854605,
    37.37462709197));
#1011 = SURFACE_CURVE('',#1012,(#1017,#1024),.PCURVE_S1.);
#1012 = CIRCLE('',#1013,1.5);
#1013 = AXIS2_PLACEMENT_3D('',#1014,#1015,#1016);
#1014 = CARTESIAN_POINT('',(15.067236428586,-26.76343188137,
    38.338808506499));
#1015 = DIRECTION('',(-0.965925826289,-0.166365675343,0.198266891274));
#1016 = DIRECTION('',(-0.258819045103,0.620885153015,-0.739942111694));
#1017 = PCURVE('',#704,#1018);
#1018 = DEFINITIONAL_REPRESENTATION('',(#1019),#1023);
#1019 = CIRCLE('',#1020,1.5);
#1020 = AXIS2_PLACEMENT_2D('',#1021,#1022);
#1021 = CARTESIAN_POINT('',(-33.4441095957,9.));
#1022 = DIRECTION('',(1.,-1.110223024625E-16));
#1023 = ( GEOMETRIC_REPRESENTATION_CONTEXT(2) 
PARAMETRIC_REPRESENTATION_CONTEXT() REPRESENTATION_CONTEXT('2D SPACE',''
  ) );
#1024 = PCURVE('',#193,#1025);
#1025 = DEFINITIONAL_REPRESENTATION('',(#1026),#1030);
#1026 = LINE('',#1027,#1028);
#1027 = CARTESIAN_POINT('',(9.424777960769,5.));
#1028 = VECTOR('',#1029,1.);
#1029 = DIRECTION('',(-1.,-5.654319433713E-16));
#1030 = ( GEOMETRIC_REPRESENTATION_CONTEXT(2) 
PARAMETRIC_REPRESENTATION_CONTEXT() REPRESENTATION_CONTEXT('2D SPACE',''
  ) );
#1031 = ORIENTED_EDGE('',*,*,#1032,.F.);
#1032 = EDGE_CURVE('',#1033,#1009,#1035,.T.);
#1033 = VERTEX_POINT('',#1034);
#1034 = CARTESIAN_POINT('',(15.093118333096,-27.97554476657,
    37.447817693043));
#1035 = SURFACE_CURVE('',#1036,(#1041,#1048),.PCURVE_S1.);
#1036 = CIRCLE('',#1037,3.999999999994);
#1037 = AXIS2_PLACEMENT_3D('',#1038,#1039,#1040);
#1038 = CARTESIAN_POINT('',(15.067236428586,-30.97667631852,
    34.803476653227));
#1039 = DIRECTION('',(-0.965925826289,-0.166365675343,0.198266891274));
#1040 = DIRECTION('',(-0.258819045103,0.620885153015,-0.739942111694));
#1041 = PCURVE('',#704,#1042);
#1042 = DEFINITIONAL_REPRESENTATION('',(#1043),#1047);
#1043 = CIRCLE('',#1044,3.999999999994);
#1044 = AXIS2_PLACEMENT_2D('',#1045,#1046);
#1045 = CARTESIAN_POINT('',(-33.4441095957,14.499999999995));
#1046 = DIRECTION('',(1.,-1.110223024625E-16));
#1047 = ( GEOMETRIC_REPRESENTATION_CONTEXT(2) 
PARAMETRIC_REPRESENTATION_CONTEXT() REPRESENTATION_CONTEXT('2D SPACE',''
  ) );
#1048 = PCURVE('',#164,#1049);
#1049 = DEFINITIONAL_REPRESENTATION('',(#1050),#1054);
#1050 = LINE('',#1051,#1052);
#1051 = CARTESIAN_POINT('',(9.424777960769,5.));
#1052 = VECTOR('',#1053,1.);
#1053 = DIRECTION('',(-1.,7.104687077798E-14));
#1054 = ( GEOMETRIC_REPRESENTATION_CONTEXT(2) 
PARAMETRIC_REPRESENTATION_CONTEXT() REPRESENTATION_CONTEXT('2D SPACE',''
  ) );
#1055 = ORIENTED_EDGE('',*,*,#1056,.F.);
#1056 = EDGE_CURVE('',#1057,#1033,#1059,.T.);
#1057 = VERTEX_POINT('',#1058);
#1058 = CARTESIAN_POINT('',(15.115801978886,-28.13970559549,
    37.420581638501));
#1059 = SURFACE_CURVE('',#1060,(#1065,#1072),.PCURVE_S1.);
#1060 = CIRCLE('',#1061,1.E-01);
#1061 = AXIS2_PLACEMENT_3D('',#1062,#1063,#1064);
#1062 = CARTESIAN_POINT('',(15.092471285483,-28.05057305537,
    37.381709167048));
#1063 = DIRECTION('',(-0.965925826289,-0.166365675343,0.198266891274));
#1064 = DIRECTION('',(-0.258819045103,0.620885153015,-0.739942111694));
#1065 = PCURVE('',#704,#1066);
#1066 = DEFINITIONAL_REPRESENTATION('',(#1067),#1071);
#1067 = CIRCLE('',#1068,1.E-01);
#1068 = AXIS2_PLACEMENT_2D('',#1069,#1070);
#1069 = CARTESIAN_POINT('',(-33.5416095957,10.601218940489));
#1070 = DIRECTION('',(1.,-1.110223024625E-16));
#1071 = ( GEOMETRIC_REPRESENTATION_CONTEXT(2) 
PARAMETRIC_REPRESENTATION_CONTEXT() REPRESENTATION_CONTEXT('2D SPACE',''
  ) );
#1072 = PCURVE('',#135,#1073);
#1073 = DEFINITIONAL_REPRESENTATION('',(#1074),#1078);
#1074 = LINE('',#1075,#1076);
#1075 = CARTESIAN_POINT('',(9.424777960769,5.));
#1076 = VECTOR('',#1077,1.);
#1077 = DIRECTION('',(-1.,-8.910603172812E-16));
#1078 = ( GEOMETRIC_REPRESENTATION_CONTEXT(2) 
PARAMETRIC_REPRESENTATION_CONTEXT() REPRESENTATION_CONTEXT('2D SPACE',''
  ) );
#1079 = ORIENTED_EDGE('',*,*,#1080,.F.);
#1080 = EDGE_CURVE('',#695,#1057,#1081,.T.);
#1081 = SURFACE_CURVE('',#1082,(#1086,#1093),.PCURVE_S1.);
#1082 = LINE('',#1083,#1084);
#1083 = CARTESIAN_POINT('',(14.60840186963,-30.04947168051,
    33.346122261638));
#1084 = VECTOR('',#1085,1.);
#1085 = DIRECTION('',(0.112049866757,0.421736281605,0.899768490301));
#1086 = PCURVE('',#704,#1087);
#1087 = DEFINITIONAL_REPRESENTATION('',(#1088),#1092);
#1088 = LINE('',#1089,#1090);
#1089 = CARTESIAN_POINT('',(-31.67130899375,14.726489385249));
#1090 = VECTOR('',#1091,1.);
#1091 = DIRECTION('',(-0.432927440531,-0.901428772137));
#1092 = ( GEOMETRIC_REPRESENTATION_CONTEXT(2) 
PARAMETRIC_REPRESENTATION_CONTEXT() REPRESENTATION_CONTEXT('2D SPACE',''
  ) );
#1093 = PCURVE('',#106,#1094);
#1094 = DEFINITIONAL_REPRESENTATION('',(#1095),#1099);
#1095 = LINE('',#1096,#1097);
#1096 = CARTESIAN_POINT('',(-0.576149241413,4.966694278051));
#1097 = VECTOR('',#1098,1.);
#1098 = DIRECTION('',(0.99333885561,0.115229848283));
#1099 = ( GEOMETRIC_REPRESENTATION_CONTEXT(2) 
PARAMETRIC_REPRESENTATION_CONTEXT() REPRESENTATION_CONTEXT('2D SPACE',''
  ) );
#1100 = FACE_BOUND('',#1101,.T.);
#1101 = EDGE_LOOP('',(#1102,#1127,#1173,#1196,#1220));
#1102 = ORIENTED_EDGE('',*,*,#1103,.F.);
#1103 = EDGE_CURVE('',#1104,#1106,#1108,.T.);
#1104 = VERTEX_POINT('',#1105);
#1105 = CARTESIAN_POINT('',(0.773694250742,10.535038179873,
    3.469446951954E-15));
#1106 = VERTEX_POINT('',#1107);
#1107 = CARTESIAN_POINT('',(4.432299970622,-10.70697430713,
    3.469446951954E-15));
#1108 = SURFACE_CURVE('',#1109,(#1113,#1120),.PCURVE_S1.);
#1109 = LINE('',#1110,#1111);
#1110 = CARTESIAN_POINT('',(2.54847090414,0.230613292472,
    3.469446951954E-15));
#1111 = VECTOR('',#1112,1.);
#1112 = DIRECTION('',(0.169735247535,-0.985489698447,0.));
#1113 = PCURVE('',#704,#1114);
#1114 = DEFINITIONAL_REPRESENTATION('',(#1115),#1119);
#1115 = LINE('',#1116,#1117);
#1116 = CARTESIAN_POINT('',(14.92468613757,12.965072775396));
#1117 = VECTOR('',#1118,1.);
#1118 = DIRECTION('',(-0.655806636902,0.754928907246));
#1119 = ( GEOMETRIC_REPRESENTATION_CONTEXT(2) 
PARAMETRIC_REPRESENTATION_CONTEXT() REPRESENTATION_CONTEXT('2D SPACE',''
  ) );
#1120 = PCURVE('',#622,#1121);
#1121 = DEFINITIONAL_REPRESENTATION('',(#1122),#1126);
#1122 = LINE('',#1123,#1124);
#1123 = CARTESIAN_POINT('',(-33.86002271125,-15.0494246797));
#1124 = VECTOR('',#1125,1.);
#1125 = DIRECTION('',(0.169735247535,0.985489698447));
#1126 = ( GEOMETRIC_REPRESENTATION_CONTEXT(2) 
PARAMETRIC_REPRESENTATION_CONTEXT() REPRESENTATION_CONTEXT('2D SPACE',''
  ) );
#1127 = ORIENTED_EDGE('',*,*,#1128,.F.);
#1128 = EDGE_CURVE('',#1129,#1104,#1131,.T.);
#1129 = VERTEX_POINT('',#1130);
#1130 = CARTESIAN_POINT('',(3.071516284342,17.536000097846,
    17.069140400872));
#1131 = SURFACE_CURVE('',#1132,(#1137,#1144),.PCURVE_S1.);
#1132 = ELLIPSE('',#1133,10.417665355489,10.);
#1133 = AXIS2_PLACEMENT_3D('',#1134,#1135,#1136);
#1134 = CARTESIAN_POINT('',(2.838046831264,10.466859696974,10.));
#1135 = DIRECTION('',(-0.965925826289,-0.166365675343,0.198266891274));
#1136 = DIRECTION('',(-0.257763880815,0.687455454553,-0.678942397963));
#1137 = PCURVE('',#704,#1138);
#1138 = DEFINITIONAL_REPRESENTATION('',(#1139),#1143);
#1139 = ELLIPSE('',#1140,10.417665355489,10.);
#1140 = AXIS2_PLACEMENT_2D('',#1141,#1142);
#1141 = CARTESIAN_POINT('',(13.805850670845,-1.304222998035));
#1142 = DIRECTION('',(0.995923158253,-9.020566975088E-02));
#1143 = ( GEOMETRIC_REPRESENTATION_CONTEXT(2) 
PARAMETRIC_REPRESENTATION_CONTEXT() REPRESENTATION_CONTEXT('2D SPACE',''
  ) );
#1144 = PCURVE('',#572,#1145);
#1145 = DEFINITIONAL_REPRESENTATION('',(#1146),#1172);
#1146 = B_SPLINE_CURVE_WITH_KNOTS('',3,(#1147,#1148,#1149,#1150,#1151,
    #1152,#1153,#1154,#1155,#1156,#1157,#1158,#1159,#1160,#1161,#1162,
    #1163,#1164,#1165,#1166,#1167,#1168,#1169,#1170,#1171),
  .UNSPECIFIED.,.F.,.F.,(4,1,1,1,1,1,1,1,1,1,1,1,1,1,1,1,1,1,1,1,1,1,4),
  (4.712388980385,4.81947634176,4.926563703135,5.03365106451,
    5.140738425885,5.24782578726,5.354913148635,5.46200051001,
    5.569087871385,5.67617523276,5.783262594135,5.89034995551,
    5.997437316885,6.10452467826,6.211612039635,6.318699401011,
    6.425786762386,6.532874123761,6.639961485136,6.747048846511,
    6.854136207886,6.961223569261,7.068310930636),
  .QUASI_UNIFORM_KNOTS.);
#1147 = CARTESIAN_POINT('',(3.054330344186,34.386797082871));
#1148 = CARTESIAN_POINT('',(3.090026131311,34.49104113717));
#1149 = CARTESIAN_POINT('',(3.161417705561,34.699514793637));
#1150 = CARTESIAN_POINT('',(3.268505066936,35.008654145415));
#1151 = CARTESIAN_POINT('',(3.375592428311,35.310665930544));
#1152 = CARTESIAN_POINT('',(3.482679789686,35.602094015468));
#1153 = CARTESIAN_POINT('',(3.589767151061,35.879598526457));
#1154 = CARTESIAN_POINT('',(3.696854512436,36.140000447058));
#1155 = CARTESIAN_POINT('',(3.803941873811,36.380316342268));
#1156 = CARTESIAN_POINT('',(3.911029235186,36.597792993709));
#1157 = CARTESIAN_POINT('',(4.018116596561,36.789938820715));
#1158 = CARTESIAN_POINT('',(4.125203957936,36.95455245841));
#1159 = CARTESIAN_POINT('',(4.232291319311,37.089747969373));
#1160 = CARTESIAN_POINT('',(4.339378680686,37.193976452958));
#1161 = CARTESIAN_POINT('',(4.446466042061,37.266043789018));
#1162 = CARTESIAN_POINT('',(4.553553403436,37.305124322616));
#1163 = CARTESIAN_POINT('',(4.660640764812,37.310770309054));
#1164 = CARTESIAN_POINT('',(4.767728126187,37.282917096776));
#1165 = CARTESIAN_POINT('',(4.874815487562,37.221883669537));
#1166 = CARTESIAN_POINT('',(4.981902848937,37.128369732781));
#1167 = CARTESIAN_POINT('',(5.088990210312,37.003444932251));
#1168 = CARTESIAN_POINT('',(5.196077571687,36.848546918595));
#1169 = CARTESIAN_POINT('',(5.303164933062,36.665426364528));
#1170 = CARTESIAN_POINT('',(5.374556507312,36.525989212646));
#1171 = CARTESIAN_POINT('',(5.410252294437,36.452275207238));
#1172 = ( GEOMETRIC_REPRESENTATION_CONTEXT(2) 
PARAMETRIC_REPRESENTATION_CONTEXT() REPRESENTATION_CONTEXT('2D SPACE',''
  ) );
#1173 = ORIENTED_EDGE('',*,*,#1174,.F.);
#1174 = EDGE_CURVE('',#1175,#1129,#1177,.T.);
#1175 = VERTEX_POINT('',#1176);
#1176 = CARTESIAN_POINT('',(15.44078755351,-15.45280723997,
    49.649433147895));
#1177 = SURFACE_CURVE('',#1178,(#1182,#1189),.PCURVE_S1.);
#1178 = LINE('',#1179,#1180);
#1179 = CARTESIAN_POINT('',(6.0159596102,9.683179064162,24.824716573947)
  );
#1180 = VECTOR('',#1181,1.);
#1181 = DIRECTION('',(-0.257763880815,0.687455454553,-0.678942397963));
#1182 = PCURVE('',#704,#1183);
#1183 = DEFINITIONAL_REPRESENTATION('',(#1184),#1188);
#1184 = LINE('',#1185,#1186);
#1185 = CARTESIAN_POINT('',(1.527338563375,-10.23303293493));
#1186 = VECTOR('',#1187,1.);
#1187 = DIRECTION('',(0.995923158253,-9.020566975088E-02));
#1188 = ( GEOMETRIC_REPRESENTATION_CONTEXT(2) 
PARAMETRIC_REPRESENTATION_CONTEXT() REPRESENTATION_CONTEXT('2D SPACE',''
  ) );
#1189 = PCURVE('',#543,#1190);
#1190 = DEFINITIONAL_REPRESENTATION('',(#1191),#1195);
#1191 = LINE('',#1192,#1193);
#1192 = CARTESIAN_POINT('',(1.289170802481,4.830945936567));
#1193 = VECTOR('',#1194,1.);
#1194 = DIRECTION('',(0.966189187313,-0.257834160496));
#1195 = ( GEOMETRIC_REPRESENTATION_CONTEXT(2) 
PARAMETRIC_REPRESENTATION_CONTEXT() REPRESENTATION_CONTEXT('2D SPACE',''
  ) );
#1196 = ORIENTED_EDGE('',*,*,#1197,.F.);
#1197 = EDGE_CURVE('',#1198,#1175,#1200,.T.);
#1198 = VERTEX_POINT('',#1199);
#1199 = CARTESIAN_POINT('',(14.693685303661,-38.07405652276,
    27.028183865104));
#1200 = SURFACE_CURVE('',#1201,(#1206,#1213),.PCURVE_S1.);
#1201 = CIRCLE('',#1202,16.);
#1202 = AXIS2_PLACEMENT_3D('',#1203,#1204,#1205);
#1203 = CARTESIAN_POINT('',(15.067236428586,-26.76343188137,
    38.338808506499));
#1204 = DIRECTION('',(-0.965925826289,-0.166365675343,0.198266891274));
#1205 = DIRECTION('',(-0.258819045103,0.620885153015,-0.739942111694));
#1206 = PCURVE('',#704,#1207);
#1207 = DEFINITIONAL_REPRESENTATION('',(#1208),#1212);
#1208 = CIRCLE('',#1209,16.);
#1209 = AXIS2_PLACEMENT_2D('',#1210,#1211);
#1210 = CARTESIAN_POINT('',(-33.4441095957,9.));
#1211 = DIRECTION('',(1.,-1.110223024625E-16));
#1212 = ( GEOMETRIC_REPRESENTATION_CONTEXT(2) 
PARAMETRIC_REPRESENTATION_CONTEXT() REPRESENTATION_CONTEXT('2D SPACE',''
  ) );
#1213 = PCURVE('',#677,#1214);
#1214 = DEFINITIONAL_REPRESENTATION('',(#1215),#1219);
#1215 = LINE('',#1216,#1217);
#1216 = CARTESIAN_POINT('',(3.14159265359,5.));
#1217 = VECTOR('',#1218,1.);
#1218 = DIRECTION('',(-1.,-5.654319433713E-16));
#1219 = ( GEOMETRIC_REPRESENTATION_CONTEXT(2) 
PARAMETRIC_REPRESENTATION_CONTEXT() REPRESENTATION_CONTEXT('2D SPACE',''
  ) );
#1220 = ORIENTED_EDGE('',*,*,#1221,.F.);
#1221 = EDGE_CURVE('',#1106,#1198,#1222,.T.);
#1222 = SURFACE_CURVE('',#1223,(#1227,#1234),.PCURVE_S1.);
#1223 = LINE('',#1224,#1225);
#1224 = CARTESIAN_POINT('',(2.943827480785,-6.737222886346,
    -3.920592281428));
#1225 = VECTOR('',#1226,1.);
#1226 = DIRECTION('',(0.257763880815,-0.687455454553,0.678942397963));
#1227 = PCURVE('',#704,#1228);
#1228 = DEFINITIONAL_REPRESENTATION('',(#1229),#1233);
#1229 = LINE('',#1230,#1231);
#1230 = CARTESIAN_POINT('',(13.397145625671,20.822853101877));
#1231 = VECTOR('',#1232,1.);
#1232 = DIRECTION('',(-0.995923158253,9.020566975088E-02));
#1233 = ( GEOMETRIC_REPRESENTATION_CONTEXT(2) 
PARAMETRIC_REPRESENTATION_CONTEXT() REPRESENTATION_CONTEXT('2D SPACE',''
  ) );
#1234 = PCURVE('',#650,#1235);
#1235 = DEFINITIONAL_REPRESENTATION('',(#1236),#1240);
#1236 = LINE('',#1237,#1238);
#1237 = CARTESIAN_POINT('',(-1.289170802481,4.830945936567));
#1238 = VECTOR('',#1239,1.);
#1239 = DIRECTION('',(0.966189187313,0.257834160496));
#1240 = ( GEOMETRIC_REPRESENTATION_CONTEXT(2) 
PARAMETRIC_REPRESENTATION_CONTEXT() REPRESENTATION_CONTEXT('2D SPACE',''
  ) );
#1241 = ADVANCED_FACE('',(#1242),#650,.F.);
#1242 = FACE_BOUND('',#1243,.T.);
#1243 = EDGE_LOOP('',(#1244,#1265,#1266,#1287));
#1244 = ORIENTED_EDGE('',*,*,#1245,.F.);
#1245 = EDGE_CURVE('',#1106,#607,#1246,.T.);
#1246 = SURFACE_CURVE('',#1247,(#1251,#1258),.PCURVE_S1.);
#1247 = LINE('',#1248,#1249);
#1248 = CARTESIAN_POINT('',(-1.982439578048,-10.49511746894,0.));
#1249 = VECTOR('',#1250,1.);
#1250 = DIRECTION('',(-0.99945506862,3.300857176602E-02,0.));
#1251 = PCURVE('',#650,#1252);
#1252 = DEFINITIONAL_REPRESENTATION('',(#1253),#1257);
#1253 = LINE('',#1254,#1255);
#1254 = CARTESIAN_POINT('',(4.140339328322,-9.666427585389E-02));
#1255 = VECTOR('',#1256,1.);
#1256 = DIRECTION('',(-2.334058493304E-02,-0.999727571439));
#1257 = ( GEOMETRIC_REPRESENTATION_CONTEXT(2) 
PARAMETRIC_REPRESENTATION_CONTEXT() REPRESENTATION_CONTEXT('2D SPACE',''
  ) );
#1258 = PCURVE('',#622,#1259);
#1259 = DEFINITIONAL_REPRESENTATION('',(#1260),#1264);
#1260 = LINE('',#1261,#1262);
#1261 = CARTESIAN_POINT('',(-38.39093319344,-4.323693918286));
#1262 = VECTOR('',#1263,1.);
#1263 = DIRECTION('',(-0.99945506862,-3.300857176602E-02));
#1264 = ( GEOMETRIC_REPRESENTATION_CONTEXT(2) 
PARAMETRIC_REPRESENTATION_CONTEXT() REPRESENTATION_CONTEXT('2D SPACE',''
  ) );
#1265 = ORIENTED_EDGE('',*,*,#1221,.T.);
#1266 = ORIENTED_EDGE('',*,*,#1267,.F.);
#1267 = EDGE_CURVE('',#635,#1198,#1268,.T.);
#1268 = SURFACE_CURVE('',#1269,(#1273,#1280),.PCURVE_S1.);
#1269 = LINE('',#1270,#1271);
#1270 = CARTESIAN_POINT('',(9.864056172216,-38.90588489948,
    28.019518321475));
#1271 = VECTOR('',#1272,1.);
#1272 = DIRECTION('',(0.965925826289,0.166365675343,-0.198266891274));
#1273 = PCURVE('',#650,#1274);
#1274 = DEFINITIONAL_REPRESENTATION('',(#1275),#1279);
#1275 = LINE('',#1276,#1277);
#1276 = CARTESIAN_POINT('',(44.042577047867,11.753061438006));
#1277 = VECTOR('',#1278,1.);
#1278 = DIRECTION('',(-0.257834160496,0.966189187313));
#1279 = ( GEOMETRIC_REPRESENTATION_CONTEXT(2) 
PARAMETRIC_REPRESENTATION_CONTEXT() REPRESENTATION_CONTEXT('2D SPACE',''
  ) );
#1280 = PCURVE('',#677,#1281);
#1281 = DEFINITIONAL_REPRESENTATION('',(#1282),#1286);
#1282 = LINE('',#1283,#1284);
#1283 = CARTESIAN_POINT('',(1.661124781546,1.95399252334E-14));
#1284 = VECTOR('',#1285,1.);
#1285 = DIRECTION('',(0.,1.));
#1286 = ( GEOMETRIC_REPRESENTATION_CONTEXT(2) 
PARAMETRIC_REPRESENTATION_CONTEXT() REPRESENTATION_CONTEXT('2D SPACE',''
  ) );
#1287 = ORIENTED_EDGE('',*,*,#634,.F.);
#1288 = ADVANCED_FACE('',(#1289),#543,.F.);
#1289 = FACE_BOUND('',#1290,.T.);
#1290 = EDGE_LOOP('',(#1291,#1292,#1313,#1314));
#1291 = ORIENTED_EDGE('',*,*,#1174,.T.);
#1292 = ORIENTED_EDGE('',*,*,#1293,.F.);
#1293 = EDGE_CURVE('',#528,#1129,#1294,.T.);
#1294 = SURFACE_CURVE('',#1295,(#1299,#1306),.PCURVE_S1.);
#1295 = LINE('',#1296,#1297);
#1296 = CARTESIAN_POINT('',(-9.177983470813,17.940559046478,
    17.069140400872));
#1297 = VECTOR('',#1298,1.);
#1298 = DIRECTION('',(0.99945506862,-3.300857176602E-02,
    6.938893903907E-18));
#1299 = PCURVE('',#543,#1300);
#1300 = DEFINITIONAL_REPRESENTATION('',(#1301),#1305);
#1301 = LINE('',#1302,#1303);
#1302 = CARTESIAN_POINT('',(12.612040686802,-10.36713979422));
#1303 = VECTOR('',#1304,1.);
#1304 = DIRECTION('',(-2.334058493304E-02,0.999727571439));
#1305 = ( GEOMETRIC_REPRESENTATION_CONTEXT(2) 
PARAMETRIC_REPRESENTATION_CONTEXT() REPRESENTATION_CONTEXT('2D SPACE',''
  ) );
#1306 = PCURVE('',#572,#1307);
#1307 = DEFINITIONAL_REPRESENTATION('',(#1308),#1312);
#1308 = LINE('',#1309,#1310);
#1309 = CARTESIAN_POINT('',(3.054330344186,46.642975614309));
#1310 = VECTOR('',#1311,1.);
#1311 = DIRECTION('',(0.,-1.));
#1312 = ( GEOMETRIC_REPRESENTATION_CONTEXT(2) 
PARAMETRIC_REPRESENTATION_CONTEXT() REPRESENTATION_CONTEXT('2D SPACE',''
  ) );
#1313 = ORIENTED_EDGE('',*,*,#525,.F.);
#1314 = ORIENTED_EDGE('',*,*,#1315,.T.);
#1315 = EDGE_CURVE('',#526,#1175,#1316,.T.);
#1316 = SURFACE_CURVE('',#1317,(#1321,#1328),.PCURVE_S1.);
#1317 = LINE('',#1318,#1319);
#1318 = CARTESIAN_POINT('',(10.611158422064,-16.28463561669,
    50.640767604265));
#1319 = VECTOR('',#1320,1.);
#1320 = DIRECTION('',(0.965925826289,0.166365675343,-0.198266891274));
#1321 = PCURVE('',#543,#1322);
#1322 = DEFINITIONAL_REPRESENTATION('',(#1323),#1327);
#1323 = LINE('',#1324,#1325);
#1324 = CARTESIAN_POINT('',(-35.32755179794,9.427397635799));
#1325 = VECTOR('',#1326,1.);
#1326 = DIRECTION('',(0.257834160496,0.966189187313));
#1327 = ( GEOMETRIC_REPRESENTATION_CONTEXT(2) 
PARAMETRIC_REPRESENTATION_CONTEXT() REPRESENTATION_CONTEXT('2D SPACE',''
  ) );
#1328 = PCURVE('',#677,#1329);
#1329 = DEFINITIONAL_REPRESENTATION('',(#1330),#1334);
#1330 = LINE('',#1331,#1332);
#1331 = CARTESIAN_POINT('',(-1.480467872044,-1.24344978758E-14));
#1332 = VECTOR('',#1333,1.);
#1333 = DIRECTION('',(0.,1.));
#1334 = ( GEOMETRIC_REPRESENTATION_CONTEXT(2) 
PARAMETRIC_REPRESENTATION_CONTEXT() REPRESENTATION_CONTEXT('2D SPACE',''
  ) );
#1335 = ADVANCED_FACE('',(#1336),#106,.F.);
#1336 = FACE_BOUND('',#1337,.T.);
#1337 = EDGE_LOOP('',(#1338,#1359,#1360,#1381));
#1338 = ORIENTED_EDGE('',*,*,#1339,.F.);
#1339 = EDGE_CURVE('',#695,#62,#1340,.T.);
#1340 = SURFACE_CURVE('',#1341,(#1345,#1352),.PCURVE_S1.);
#1341 = LINE('',#1342,#1343);
#1342 = CARTESIAN_POINT('',(143.56735749319,-7.801748629749,
    6.959691209351));
#1343 = VECTOR('',#1344,1.);
#1344 = DIRECTION('',(-0.965925826289,-0.166365675343,0.198266891274));
#1345 = PCURVE('',#106,#1346);
#1346 = DEFINITIONAL_REPRESENTATION('',(#1347),#1351);
#1347 = LINE('',#1348,#1349);
#1348 = CARTESIAN_POINT('',(-15.86883576097,137.58551232117));
#1349 = VECTOR('',#1350,1.);
#1350 = DIRECTION('',(0.115229848283,-0.99333885561));
#1351 = ( GEOMETRIC_REPRESENTATION_CONTEXT(2) 
PARAMETRIC_REPRESENTATION_CONTEXT() REPRESENTATION_CONTEXT('2D SPACE',''
  ) );
#1352 = PCURVE('',#78,#1353);
#1353 = DEFINITIONAL_REPRESENTATION('',(#1354),#1358);
#1354 = LINE('',#1355,#1356);
#1355 = CARTESIAN_POINT('',(0.964500236067,-2.84217094304E-14));
#1356 = VECTOR('',#1357,1.);
#1357 = DIRECTION('',(0.,1.));
#1358 = ( GEOMETRIC_REPRESENTATION_CONTEXT(2) 
PARAMETRIC_REPRESENTATION_CONTEXT() REPRESENTATION_CONTEXT('2D SPACE',''
  ) );
#1359 = ORIENTED_EDGE('',*,*,#1080,.T.);
#1360 = ORIENTED_EDGE('',*,*,#1361,.F.);
#1361 = EDGE_CURVE('',#91,#1057,#1362,.T.);
#1362 = SURFACE_CURVE('',#1363,(#1367,#1374),.PCURVE_S1.);
#1363 = LINE('',#1364,#1365);
#1364 = CARTESIAN_POINT('',(10.286172847441,-28.9715339722,
    38.411916094871));
#1365 = VECTOR('',#1366,1.);
#1366 = DIRECTION('',(0.965925826289,0.166365675343,-0.198266891274));
#1367 = PCURVE('',#106,#1368);
#1368 = DEFINITIONAL_REPRESENTATION('',(#1369),#1373);
#1369 = LINE('',#1370,#1371);
#1370 = CARTESIAN_POINT('',(4.498177984973,0.521800152918));
#1371 = VECTOR('',#1372,1.);
#1372 = DIRECTION('',(-0.115229848283,0.99333885561));
#1373 = ( GEOMETRIC_REPRESENTATION_CONTEXT(2) 
PARAMETRIC_REPRESENTATION_CONTEXT() REPRESENTATION_CONTEXT('2D SPACE',''
  ) );
#1374 = PCURVE('',#135,#1375);
#1375 = DEFINITIONAL_REPRESENTATION('',(#1376),#1380);
#1376 = LINE('',#1377,#1378);
#1377 = CARTESIAN_POINT('',(6.730923117269,6.927791673661E-14));
#1378 = VECTOR('',#1379,1.);
#1379 = DIRECTION('',(0.,1.));
#1380 = ( GEOMETRIC_REPRESENTATION_CONTEXT(2) 
PARAMETRIC_REPRESENTATION_CONTEXT() REPRESENTATION_CONTEXT('2D SPACE',''
  ) );
#1381 = ORIENTED_EDGE('',*,*,#90,.F.);
#1382 = ADVANCED_FACE('',(#1383),#398,.F.);
#1383 = FACE_BOUND('',#1384,.F.);
#1384 = EDGE_LOOP('',(#1385,#1406,#1407,#1428));
#1385 = ORIENTED_EDGE('',*,*,#1386,.F.);
#1386 = EDGE_CURVE('',#353,#843,#1387,.T.);
#1387 = SURFACE_CURVE('',#1388,(#1392,#1399),.PCURVE_S1.);
#1388 = LINE('',#1389,#1390);
#1389 = CARTESIAN_POINT('',(10.23760729714,-34.87268246771,
    33.223660670848));
#1390 = VECTOR('',#1391,1.);
#1391 = DIRECTION('',(0.965925826289,0.166365675343,-0.198266891274));
#1392 = PCURVE('',#398,#1393);
#1393 = DEFINITIONAL_REPRESENTATION('',(#1394),#1398);
#1394 = LINE('',#1395,#1396);
#1395 = CARTESIAN_POINT('',(4.712388980385,2.39808173319E-14));
#1396 = VECTOR('',#1397,1.);
#1397 = DIRECTION('',(1.06581410364E-15,1.));
#1398 = ( GEOMETRIC_REPRESENTATION_CONTEXT(2) 
PARAMETRIC_REPRESENTATION_CONTEXT() REPRESENTATION_CONTEXT('2D SPACE',''
  ) );
#1399 = PCURVE('',#369,#1400);
#1400 = DEFINITIONAL_REPRESENTATION('',(#1401),#1405);
#1401 = LINE('',#1402,#1403);
#1402 = CARTESIAN_POINT('',(1.570796326795,-5.240252676231E-14));
#1403 = VECTOR('',#1404,1.);
#1404 = DIRECTION('',(-3.5527136788E-16,1.));
#1405 = ( GEOMETRIC_REPRESENTATION_CONTEXT(2) 
PARAMETRIC_REPRESENTATION_CONTEXT() REPRESENTATION_CONTEXT('2D SPACE',''
  ) );
#1406 = ORIENTED_EDGE('',*,*,#381,.F.);
#1407 = ORIENTED_EDGE('',*,*,#1408,.T.);
#1408 = EDGE_CURVE('',#382,#819,#1409,.T.);
#1409 = SURFACE_CURVE('',#1410,(#1414,#1421),.PCURVE_S1.);
#1410 = LINE('',#1411,#1412);
#1411 = CARTESIAN_POINT('',(10.23760729714,-37.17081579707,
    31.295297841788));
#1412 = VECTOR('',#1413,1.);
#1413 = DIRECTION('',(0.965925826289,0.166365675343,-0.198266891274));
#1414 = PCURVE('',#398,#1415);
#1415 = DEFINITIONAL_REPRESENTATION('',(#1416),#1420);
#1416 = LINE('',#1417,#1418);
#1417 = CARTESIAN_POINT('',(7.853981633975,7.993605777301E-15));
#1418 = VECTOR('',#1419,1.);
#1419 = DIRECTION('',(8.881784197001E-16,1.));
#1420 = ( GEOMETRIC_REPRESENTATION_CONTEXT(2) 
PARAMETRIC_REPRESENTATION_CONTEXT() REPRESENTATION_CONTEXT('2D SPACE',''
  ) );
#1421 = PCURVE('',#427,#1422);
#1422 = DEFINITIONAL_REPRESENTATION('',(#1423),#1427);
#1423 = LINE('',#1424,#1425);
#1424 = CARTESIAN_POINT('',(1.570796326795,7.105427357601E-15));
#1425 = VECTOR('',#1426,1.);
#1426 = DIRECTION('',(2.22044604925E-16,1.));
#1427 = ( GEOMETRIC_REPRESENTATION_CONTEXT(2) 
PARAMETRIC_REPRESENTATION_CONTEXT() REPRESENTATION_CONTEXT('2D SPACE',''
  ) );
#1428 = ORIENTED_EDGE('',*,*,#842,.T.);
#1429 = ADVANCED_FACE('',(#1430),#427,.F.);
#1430 = FACE_BOUND('',#1431,.F.);
#1431 = EDGE_LOOP('',(#1432,#1433,#1434,#1455));
#1432 = ORIENTED_EDGE('',*,*,#1408,.F.);
#1433 = ORIENTED_EDGE('',*,*,#410,.F.);
#1434 = ORIENTED_EDGE('',*,*,#1435,.T.);
#1435 = EDGE_CURVE('',#411,#795,#1436,.T.);
#1436 = SURFACE_CURVE('',#1437,(#1441,#1448),.PCURVE_S1.);
#1437 = LINE('',#1438,#1439);
#1438 = CARTESIAN_POINT('',(9.453258229842,-34.76065866647,
    29.496431677489));
#1439 = VECTOR('',#1440,1.);
#1440 = DIRECTION('',(0.965925826289,0.166365675343,-0.198266891274));
#1441 = PCURVE('',#427,#1442);
#1442 = DEFINITIONAL_REPRESENTATION('',(#1443),#1447);
#1443 = LINE('',#1444,#1445);
#1444 = CARTESIAN_POINT('',(2.018534136885,5.240252676231E-14));
#1445 = VECTOR('',#1446,1.);
#1446 = DIRECTION('',(-2.6645352591E-16,1.));
#1447 = ( GEOMETRIC_REPRESENTATION_CONTEXT(2) 
PARAMETRIC_REPRESENTATION_CONTEXT() REPRESENTATION_CONTEXT('2D SPACE',''
  ) );
#1448 = PCURVE('',#456,#1449);
#1449 = DEFINITIONAL_REPRESENTATION('',(#1450),#1454);
#1450 = LINE('',#1451,#1452);
#1451 = CARTESIAN_POINT('',(2.018534136885,5.329070518201E-15));
#1452 = VECTOR('',#1453,1.);
#1453 = DIRECTION('',(-1.06581410364E-15,1.));
#1454 = ( GEOMETRIC_REPRESENTATION_CONTEXT(2) 
PARAMETRIC_REPRESENTATION_CONTEXT() REPRESENTATION_CONTEXT('2D SPACE',''
  ) );
#1455 = ORIENTED_EDGE('',*,*,#818,.T.);
#1456 = ADVANCED_FACE('',(#1457),#456,.F.);
#1457 = FACE_BOUND('',#1458,.F.);
#1458 = EDGE_LOOP('',(#1459,#1460,#1461,#1482));
#1459 = ORIENTED_EDGE('',*,*,#1435,.F.);
#1460 = ORIENTED_EDGE('',*,*,#439,.F.);
#1461 = ORIENTED_EDGE('',*,*,#1462,.T.);
#1462 = EDGE_CURVE('',#440,#772,#1463,.T.);
#1463 = SURFACE_CURVE('',#1464,(#1468,#1475),.PCURVE_S1.);
#1464 = LINE('',#1465,#1466);
#1465 = CARTESIAN_POINT('',(9.271372628929,-32.79106614224,
    30.262997341145));
#1466 = VECTOR('',#1467,1.);
#1467 = DIRECTION('',(0.965925826289,0.166365675343,-0.198266891274));
#1468 = PCURVE('',#456,#1469);
#1469 = DEFINITIONAL_REPRESENTATION('',(#1470),#1474);
#1470 = LINE('',#1471,#1472);
#1471 = CARTESIAN_POINT('',(3.58933046368,-2.6645352591E-15));
#1472 = VECTOR('',#1473,1.);
#1473 = DIRECTION('',(3.552713678801E-16,1.));
#1474 = ( GEOMETRIC_REPRESENTATION_CONTEXT(2) 
PARAMETRIC_REPRESENTATION_CONTEXT() REPRESENTATION_CONTEXT('2D SPACE',''
  ) );
#1475 = PCURVE('',#484,#1476);
#1476 = DEFINITIONAL_REPRESENTATION('',(#1477),#1481);
#1477 = LINE('',#1478,#1479);
#1478 = CARTESIAN_POINT('',(-4.498177984973,-0.521800152918));
#1479 = VECTOR('',#1480,1.);
#1480 = DIRECTION('',(-0.115229848283,0.99333885561));
#1481 = ( GEOMETRIC_REPRESENTATION_CONTEXT(2) 
PARAMETRIC_REPRESENTATION_CONTEXT() REPRESENTATION_CONTEXT('2D SPACE',''
  ) );
#1482 = ORIENTED_EDGE('',*,*,#794,.T.);
#1483 = ADVANCED_FACE('',(#1484),#484,.F.);
#1484 = FACE_BOUND('',#1485,.T.);
#1485 = EDGE_LOOP('',(#1486,#1487,#1508,#1509));
#1486 = ORIENTED_EDGE('',*,*,#771,.T.);
#1487 = ORIENTED_EDGE('',*,*,#1488,.T.);
#1488 = EDGE_CURVE('',#748,#469,#1489,.T.);
#1489 = SURFACE_CURVE('',#1490,(#1494,#1501),.PCURVE_S1.);
#1490 = LINE('',#1491,#1492);
#1491 = CARTESIAN_POINT('',(143.22797613651,-9.079121245681,
    4.234434501971));
#1492 = VECTOR('',#1493,1.);
#1493 = DIRECTION('',(-0.965925826289,-0.166365675343,0.198266891274));
#1494 = PCURVE('',#484,#1495);
#1495 = DEFINITIONAL_REPRESENTATION('',(#1496),#1500);
#1496 = LINE('',#1497,#1498);
#1497 = CARTESIAN_POINT('',(-18.87750233257,137.23649930248));
#1498 = VECTOR('',#1499,1.);
#1499 = DIRECTION('',(0.115229848283,-0.99333885561));
#1500 = ( GEOMETRIC_REPRESENTATION_CONTEXT(2) 
PARAMETRIC_REPRESENTATION_CONTEXT() REPRESENTATION_CONTEXT('2D SPACE',''
  ) );
#1501 = PCURVE('',#511,#1502);
#1502 = DEFINITIONAL_REPRESENTATION('',(#1503),#1507);
#1503 = LINE('',#1504,#1505);
#1504 = CARTESIAN_POINT('',(1.00276863431,6.821210263297E-13));
#1505 = VECTOR('',#1506,1.);
#1506 = DIRECTION('',(1.7763568394E-16,1.));
#1507 = ( GEOMETRIC_REPRESENTATION_CONTEXT(2) 
PARAMETRIC_REPRESENTATION_CONTEXT() REPRESENTATION_CONTEXT('2D SPACE',''
  ) );
#1508 = ORIENTED_EDGE('',*,*,#468,.F.);
#1509 = ORIENTED_EDGE('',*,*,#1462,.T.);
#1510 = ADVANCED_FACE('',(#1511),#135,.T.);
#1511 = FACE_BOUND('',#1512,.T.);
#1512 = EDGE_LOOP('',(#1513,#1514,#1535,#1536));
#1513 = ORIENTED_EDGE('',*,*,#1056,.T.);
#1514 = ORIENTED_EDGE('',*,*,#1515,.F.);
#1515 = EDGE_CURVE('',#119,#1033,#1516,.T.);
#1516 = SURFACE_CURVE('',#1517,(#1521,#1528),.PCURVE_S1.);
#1517 = LINE('',#1518,#1519);
#1518 = CARTESIAN_POINT('',(10.26348920165,-28.80737314328,
    38.439152149414));
#1519 = VECTOR('',#1520,1.);
#1520 = DIRECTION('',(0.965925826289,0.166365675343,-0.198266891274));
#1521 = PCURVE('',#135,#1522);
#1522 = DEFINITIONAL_REPRESENTATION('',(#1523),#1527);
#1523 = LINE('',#1524,#1525);
#1524 = CARTESIAN_POINT('',(4.737391585284,5.773159728051E-14));
#1525 = VECTOR('',#1526,1.);
#1526 = DIRECTION('',(-1.42108547152E-14,1.));
#1527 = ( GEOMETRIC_REPRESENTATION_CONTEXT(2) 
PARAMETRIC_REPRESENTATION_CONTEXT() REPRESENTATION_CONTEXT('2D SPACE',''
  ) );
#1528 = PCURVE('',#164,#1529);
#1529 = DEFINITIONAL_REPRESENTATION('',(#1530),#1534);
#1530 = LINE('',#1531,#1532);
#1531 = CARTESIAN_POINT('',(4.737391585284,2.75335310107E-14));
#1532 = VECTOR('',#1533,1.);
#1533 = DIRECTION('',(-3.552713678801E-16,1.));
#1534 = ( GEOMETRIC_REPRESENTATION_CONTEXT(2) 
PARAMETRIC_REPRESENTATION_CONTEXT() REPRESENTATION_CONTEXT('2D SPACE',''
  ) );
#1535 = ORIENTED_EDGE('',*,*,#118,.F.);
#1536 = ORIENTED_EDGE('',*,*,#1361,.T.);
#1537 = ADVANCED_FACE('',(#1538),#164,.T.);
#1538 = FACE_BOUND('',#1539,.T.);
#1539 = EDGE_LOOP('',(#1540,#1541,#1562,#1563));
#1540 = ORIENTED_EDGE('',*,*,#1032,.T.);
#1541 = ORIENTED_EDGE('',*,*,#1542,.F.);
#1542 = EDGE_CURVE('',#148,#1009,#1543,.T.);
#1543 = SURFACE_CURVE('',#1544,(#1548,#1555),.PCURVE_S1.);
#1544 = LINE('',#1545,#1546);
#1545 = CARTESIAN_POINT('',(10.23760729714,-28.74432692276,
    38.36596154834));
#1546 = VECTOR('',#1547,1.);
#1547 = DIRECTION('',(0.965925826289,0.166365675343,-0.198266891274));
#1548 = PCURVE('',#164,#1549);
#1549 = DEFINITIONAL_REPRESENTATION('',(#1550),#1554);
#1550 = LINE('',#1551,#1552);
#1551 = CARTESIAN_POINT('',(4.712388980385,-1.68753899743E-14));
#1552 = VECTOR('',#1553,1.);
#1553 = DIRECTION('',(0.,1.));
#1554 = ( GEOMETRIC_REPRESENTATION_CONTEXT(2) 
PARAMETRIC_REPRESENTATION_CONTEXT() REPRESENTATION_CONTEXT('2D SPACE',''
  ) );
#1555 = PCURVE('',#193,#1556);
#1556 = DEFINITIONAL_REPRESENTATION('',(#1557),#1561);
#1557 = LINE('',#1558,#1559);
#1558 = CARTESIAN_POINT('',(1.570796326795,7.105427357601E-15));
#1559 = VECTOR('',#1560,1.);
#1560 = DIRECTION('',(0.,1.));
#1561 = ( GEOMETRIC_REPRESENTATION_CONTEXT(2) 
PARAMETRIC_REPRESENTATION_CONTEXT() REPRESENTATION_CONTEXT('2D SPACE',''
  ) );
#1562 = ORIENTED_EDGE('',*,*,#147,.F.);
#1563 = ORIENTED_EDGE('',*,*,#1515,.T.);
#1564 = ADVANCED_FACE('',(#1565),#193,.F.);
#1565 = FACE_BOUND('',#1566,.F.);
#1566 = EDGE_LOOP('',(#1567,#1568,#1569,#1590));
#1567 = ORIENTED_EDGE('',*,*,#1542,.F.);
#1568 = ORIENTED_EDGE('',*,*,#176,.F.);
#1569 = ORIENTED_EDGE('',*,*,#1570,.T.);
#1570 = EDGE_CURVE('',#177,#985,#1571,.T.);
#1571 = SURFACE_CURVE('',#1572,(#1576,#1583),.PCURVE_S1.);
#1572 = LINE('',#1573,#1574);
#1573 = CARTESIAN_POINT('',(10.23760729714,-26.4461935934,40.2943243774)
  );
#1574 = VECTOR('',#1575,1.);
#1575 = DIRECTION('',(0.965925826289,0.166365675343,-0.198266891274));
#1576 = PCURVE('',#193,#1577);
#1577 = DEFINITIONAL_REPRESENTATION('',(#1578),#1582);
#1578 = LINE('',#1579,#1580);
#1579 = CARTESIAN_POINT('',(4.712388980385,-1.06581410364E-14));
#1580 = VECTOR('',#1581,1.);
#1581 = DIRECTION('',(0.,1.));
#1582 = ( GEOMETRIC_REPRESENTATION_CONTEXT(2) 
PARAMETRIC_REPRESENTATION_CONTEXT() REPRESENTATION_CONTEXT('2D SPACE',''
  ) );
#1583 = PCURVE('',#222,#1584);
#1584 = DEFINITIONAL_REPRESENTATION('',(#1585),#1589);
#1585 = LINE('',#1586,#1587);
#1586 = CARTESIAN_POINT('',(4.712388980385,-8.881784197001E-15));
#1587 = VECTOR('',#1588,1.);
#1588 = DIRECTION('',(0.,1.));
#1589 = ( GEOMETRIC_REPRESENTATION_CONTEXT(2) 
PARAMETRIC_REPRESENTATION_CONTEXT() REPRESENTATION_CONTEXT('2D SPACE',''
  ) );
#1590 = ORIENTED_EDGE('',*,*,#1008,.T.);
#1591 = ADVANCED_FACE('',(#1592),#222,.F.);
#1592 = FACE_BOUND('',#1593,.F.);
#1593 = EDGE_LOOP('',(#1594,#1595,#1596,#1597));
#1594 = ORIENTED_EDGE('',*,*,#984,.T.);
#1595 = ORIENTED_EDGE('',*,*,#1570,.F.);
#1596 = ORIENTED_EDGE('',*,*,#205,.F.);
#1597 = ORIENTED_EDGE('',*,*,#1598,.T.);
#1598 = EDGE_CURVE('',#206,#962,#1599,.T.);
#1599 = SURFACE_CURVE('',#1600,(#1604,#1611),.PCURVE_S1.);
#1600 = LINE('',#1601,#1602);
#1601 = CARTESIAN_POINT('',(10.653776337459,-27.58793813695,
    41.363798563068));
#1602 = VECTOR('',#1603,1.);
#1603 = DIRECTION('',(0.965925826289,0.166365675343,-0.198266891274));
#1604 = PCURVE('',#222,#1605);
#1605 = DEFINITIONAL_REPRESENTATION('',(#1606),#1610);
#1606 = LINE('',#1607,#1608);
#1607 = CARTESIAN_POINT('',(4.944166291789,1.86517468137E-14));
#1608 = VECTOR('',#1609,1.);
#1609 = DIRECTION('',(0.,1.));
#1610 = ( GEOMETRIC_REPRESENTATION_CONTEXT(2) 
PARAMETRIC_REPRESENTATION_CONTEXT() REPRESENTATION_CONTEXT('2D SPACE',''
  ) );
#1611 = PCURVE('',#250,#1612);
#1612 = DEFINITIONAL_REPRESENTATION('',(#1613),#1617);
#1613 = LINE('',#1614,#1615);
#1614 = CARTESIAN_POINT('',(19.770893017132,-137.1328636977));
#1615 = VECTOR('',#1616,1.);
#1616 = DIRECTION('',(-0.115229848283,0.99333885561));
#1617 = ( GEOMETRIC_REPRESENTATION_CONTEXT(2) 
PARAMETRIC_REPRESENTATION_CONTEXT() REPRESENTATION_CONTEXT('2D SPACE',''
  ) );
#1618 = ADVANCED_FACE('',(#1619),#311,.T.);
#1619 = FACE_BOUND('',#1620,.T.);
#1620 = EDGE_LOOP('',(#1621,#1642,#1643,#1664));
#1621 = ORIENTED_EDGE('',*,*,#1622,.F.);
#1622 = EDGE_CURVE('',#915,#263,#1623,.T.);
#1623 = SURFACE_CURVE('',#1624,(#1628,#1635),.PCURVE_S1.);
#1624 = LINE('',#1625,#1626);
#1625 = CARTESIAN_POINT('',(145.31839921713,-6.519487829931,
    16.56644196714));
#1626 = VECTOR('',#1627,1.);
#1627 = DIRECTION('',(-0.965925826289,-0.166365675343,0.198266891274));
#1628 = PCURVE('',#311,#1629);
#1629 = DEFINITIONAL_REPRESENTATION('',(#1630),#1634);
#1630 = LINE('',#1631,#1632);
#1631 = CARTESIAN_POINT('',(-8.480862756342,138.44253608867));
#1632 = VECTOR('',#1633,1.);
#1633 = DIRECTION('',(0.115229848283,-0.99333885561));
#1634 = ( GEOMETRIC_REPRESENTATION_CONTEXT(2) 
PARAMETRIC_REPRESENTATION_CONTEXT() REPRESENTATION_CONTEXT('2D SPACE',''
  ) );
#1635 = PCURVE('',#283,#1636);
#1636 = DEFINITIONAL_REPRESENTATION('',(#1637),#1641);
#1637 = LINE('',#1638,#1639);
#1638 = CARTESIAN_POINT('',(2.6938548435,4.831690603169E-13));
#1639 = VECTOR('',#1640,1.);
#1640 = DIRECTION('',(4.440892098501E-16,1.));
#1641 = ( GEOMETRIC_REPRESENTATION_CONTEXT(2) 
PARAMETRIC_REPRESENTATION_CONTEXT() REPRESENTATION_CONTEXT('2D SPACE',''
  ) );
#1642 = ORIENTED_EDGE('',*,*,#914,.F.);
#1643 = ORIENTED_EDGE('',*,*,#1644,.F.);
#1644 = EDGE_CURVE('',#296,#891,#1645,.T.);
#1645 = SURFACE_CURVE('',#1646,(#1650,#1657),.PCURVE_S1.);
#1646 = LINE('',#1647,#1648);
#1647 = CARTESIAN_POINT('',(10.189041746839,-34.64547541827,
    33.177706124317));
#1648 = VECTOR('',#1649,1.);
#1649 = DIRECTION('',(0.965925826289,0.166365675343,-0.198266891274));
#1650 = PCURVE('',#311,#1651);
#1651 = DEFINITIONAL_REPRESENTATION('',(#1652),#1656);
#1652 = LINE('',#1653,#1654);
#1653 = CARTESIAN_POINT('',(-4.498177984973,-0.521800152918));
#1654 = VECTOR('',#1655,1.);
#1655 = DIRECTION('',(-0.115229848283,0.99333885561));
#1656 = ( GEOMETRIC_REPRESENTATION_CONTEXT(2) 
PARAMETRIC_REPRESENTATION_CONTEXT() REPRESENTATION_CONTEXT('2D SPACE',''
  ) );
#1657 = PCURVE('',#340,#1658);
#1658 = DEFINITIONAL_REPRESENTATION('',(#1659),#1663);
#1659 = LINE('',#1660,#1661);
#1660 = CARTESIAN_POINT('',(3.589330463679,3.01980662698E-14));
#1661 = VECTOR('',#1662,1.);
#1662 = DIRECTION('',(0.,1.));
#1663 = ( GEOMETRIC_REPRESENTATION_CONTEXT(2) 
PARAMETRIC_REPRESENTATION_CONTEXT() REPRESENTATION_CONTEXT('2D SPACE',''
  ) );
#1664 = ORIENTED_EDGE('',*,*,#295,.T.);
#1665 = ADVANCED_FACE('',(#1666),#340,.T.);
#1666 = FACE_BOUND('',#1667,.T.);
#1667 = EDGE_LOOP('',(#1668,#1669,#1690,#1691));
#1668 = ORIENTED_EDGE('',*,*,#890,.T.);
#1669 = ORIENTED_EDGE('',*,*,#1670,.F.);
#1670 = EDGE_CURVE('',#324,#867,#1671,.T.);
#1671 = SURFACE_CURVE('',#1672,(#1676,#1683),.PCURVE_S1.);
#1672 = LINE('',#1673,#1674);
#1673 = CARTESIAN_POINT('',(10.21172539263,-34.80963624719,
    33.150470069774));
#1674 = VECTOR('',#1675,1.);
#1675 = DIRECTION('',(0.965925826289,0.166365675343,-0.198266891274));
#1676 = PCURVE('',#340,#1677);
#1677 = DEFINITIONAL_REPRESENTATION('',(#1678),#1682);
#1678 = LINE('',#1679,#1680);
#1679 = CARTESIAN_POINT('',(1.595798931694,5.773159728051E-14));
#1680 = VECTOR('',#1681,1.);
#1681 = DIRECTION('',(1.42108547152E-14,1.));
#1682 = ( GEOMETRIC_REPRESENTATION_CONTEXT(2) 
PARAMETRIC_REPRESENTATION_CONTEXT() REPRESENTATION_CONTEXT('2D SPACE',''
  ) );
#1683 = PCURVE('',#369,#1684);
#1684 = DEFINITIONAL_REPRESENTATION('',(#1685),#1689);
#1685 = LINE('',#1686,#1687);
#1686 = CARTESIAN_POINT('',(1.595798931694,-1.42108547152E-14));
#1687 = VECTOR('',#1688,1.);
#1688 = DIRECTION('',(3.5527136788E-16,1.));
#1689 = ( GEOMETRIC_REPRESENTATION_CONTEXT(2) 
PARAMETRIC_REPRESENTATION_CONTEXT() REPRESENTATION_CONTEXT('2D SPACE',''
  ) );
#1690 = ORIENTED_EDGE('',*,*,#323,.F.);
#1691 = ORIENTED_EDGE('',*,*,#1644,.T.);
#1692 = ADVANCED_FACE('',(#1693),#677,.T.);
#1693 = FACE_BOUND('',#1694,.T.);
#1694 = EDGE_LOOP('',(#1695,#1696,#1697,#1698));
#1695 = ORIENTED_EDGE('',*,*,#1197,.T.);
#1696 = ORIENTED_EDGE('',*,*,#1315,.F.);
#1697 = ORIENTED_EDGE('',*,*,#662,.F.);
#1698 = ORIENTED_EDGE('',*,*,#1267,.T.);
#1699 = ADVANCED_FACE('',(#1700),#369,.T.);
#1700 = FACE_BOUND('',#1701,.T.);
#1701 = EDGE_LOOP('',(#1702,#1703,#1704,#1705));
#1702 = ORIENTED_EDGE('',*,*,#866,.T.);
#1703 = ORIENTED_EDGE('',*,*,#1386,.F.);
#1704 = ORIENTED_EDGE('',*,*,#352,.F.);
#1705 = ORIENTED_EDGE('',*,*,#1670,.T.);
#1706 = ADVANCED_FACE('',(#1707),#283,.F.);
#1707 = FACE_BOUND('',#1708,.F.);
#1708 = EDGE_LOOP('',(#1709,#1730,#1731,#1732));
#1709 = ORIENTED_EDGE('',*,*,#1710,.T.);
#1710 = EDGE_CURVE('',#938,#235,#1711,.T.);
#1711 = SURFACE_CURVE('',#1712,(#1716,#1723),.PCURVE_S1.);
#1712 = LINE('',#1713,#1714);
#1713 = CARTESIAN_POINT('',(144.61847841503,-3.845511626294,
    15.40026782355));
#1714 = VECTOR('',#1715,1.);
#1715 = DIRECTION('',(-0.965925826289,-0.166365675343,0.198266891274));
#1716 = PCURVE('',#283,#1717);
#1717 = DEFINITIONAL_REPRESENTATION('',(#1718),#1722);
#1718 = LINE('',#1719,#1720);
#1719 = CARTESIAN_POINT('',(5.83544749709,5.115907697473E-13));
#1720 = VECTOR('',#1721,1.);
#1721 = DIRECTION('',(0.,1.));
#1722 = ( GEOMETRIC_REPRESENTATION_CONTEXT(2) 
PARAMETRIC_REPRESENTATION_CONTEXT() REPRESENTATION_CONTEXT('2D SPACE',''
  ) );
#1723 = PCURVE('',#250,#1724);
#1724 = DEFINITIONAL_REPRESENTATION('',(#1725),#1729);
#1725 = LINE('',#1726,#1727);
#1726 = CARTESIAN_POINT('',(5.463363705856,0.633764165553));
#1727 = VECTOR('',#1728,1.);
#1728 = DIRECTION('',(0.115229848283,-0.99333885561));
#1729 = ( GEOMETRIC_REPRESENTATION_CONTEXT(2) 
PARAMETRIC_REPRESENTATION_CONTEXT() REPRESENTATION_CONTEXT('2D SPACE',''
  ) );
#1730 = ORIENTED_EDGE('',*,*,#262,.T.);
#1731 = ORIENTED_EDGE('',*,*,#1622,.F.);
#1732 = ORIENTED_EDGE('',*,*,#937,.T.);
#1733 = ADVANCED_FACE('',(#1734),#250,.F.);
#1734 = FACE_BOUND('',#1735,.T.);
#1735 = EDGE_LOOP('',(#1736,#1737,#1738,#1739));
#1736 = ORIENTED_EDGE('',*,*,#1598,.T.);
#1737 = ORIENTED_EDGE('',*,*,#961,.F.);
#1738 = ORIENTED_EDGE('',*,*,#1710,.T.);
#1739 = ORIENTED_EDGE('',*,*,#234,.T.);
#1740 = ADVANCED_FACE('',(#1741),#49,.F.);
#1741 = FACE_BOUND('',#1742,.F.);
#1742 = EDGE_LOOP('',(#1743,#1764,#1765,#1786));
#1743 = ORIENTED_EDGE('',*,*,#1744,.T.);
#1744 = EDGE_CURVE('',#724,#22,#1745,.T.);
#1745 = SURFACE_CURVE('',#1746,(#1750,#1757),.PCURVE_S1.);
#1746 = LINE('',#1747,#1748);
#1747 = CARTESIAN_POINT('',(141.74893736888,3.484120256364,
    7.570596223176));
#1748 = VECTOR('',#1749,1.);
#1749 = DIRECTION('',(-0.965925826289,-0.166365675343,0.198266891274));
#1750 = PCURVE('',#49,#1751);
#1751 = DEFINITIONAL_REPRESENTATION('',(#1752),#1756);
#1752 = LINE('',#1753,#1754);
#1753 = CARTESIAN_POINT('',(6.184513347489,-2.273736754432E-13));
#1754 = VECTOR('',#1755,1.);
#1755 = DIRECTION('',(-1.7763568394E-16,1.));
#1756 = ( GEOMETRIC_REPRESENTATION_CONTEXT(2) 
PARAMETRIC_REPRESENTATION_CONTEXT() REPRESENTATION_CONTEXT('2D SPACE',''
  ) );
#1757 = PCURVE('',#511,#1758);
#1758 = DEFINITIONAL_REPRESENTATION('',(#1759),#1763);
#1759 = LINE('',#1760,#1761);
#1760 = CARTESIAN_POINT('',(-9.867195969084E-02,2.273736754432E-13));
#1761 = VECTOR('',#1762,1.);
#1762 = DIRECTION('',(0.,1.));
#1763 = ( GEOMETRIC_REPRESENTATION_CONTEXT(2) 
PARAMETRIC_REPRESENTATION_CONTEXT() REPRESENTATION_CONTEXT('2D SPACE',''
  ) );
#1764 = ORIENTED_EDGE('',*,*,#21,.T.);
#1765 = ORIENTED_EDGE('',*,*,#1766,.F.);
#1766 = EDGE_CURVE('',#693,#24,#1767,.T.);
#1767 = SURFACE_CURVE('',#1768,(#1772,#1779),.PCURVE_S1.);
#1768 = LINE('',#1769,#1770);
#1769 = CARTESIAN_POINT('',(142.52161771621,1.404131460089,
    9.589658304497));
#1770 = VECTOR('',#1771,1.);
#1771 = DIRECTION('',(-0.965925826289,-0.166365675343,0.198266891274));
#1772 = PCURVE('',#49,#1773);
#1773 = DEFINITIONAL_REPRESENTATION('',(#1774),#1778);
#1774 = LINE('',#1775,#1776);
#1775 = CARTESIAN_POINT('',(3.042920693899,1.989519660128E-13));
#1776 = VECTOR('',#1777,1.);
#1777 = DIRECTION('',(8.881784197001E-17,1.));
#1778 = ( GEOMETRIC_REPRESENTATION_CONTEXT(2) 
PARAMETRIC_REPRESENTATION_CONTEXT() REPRESENTATION_CONTEXT('2D SPACE',''
  ) );
#1779 = PCURVE('',#78,#1780);
#1780 = DEFINITIONAL_REPRESENTATION('',(#1781),#1785);
#1781 = LINE('',#1782,#1783);
#1782 = CARTESIAN_POINT('',(-9.867195969084E-02,6.536993168993E-13));
#1783 = VECTOR('',#1784,1.);
#1784 = DIRECTION('',(0.,1.));
#1785 = ( GEOMETRIC_REPRESENTATION_CONTEXT(2) 
PARAMETRIC_REPRESENTATION_CONTEXT() REPRESENTATION_CONTEXT('2D SPACE',''
  ) );
#1786 = ORIENTED_EDGE('',*,*,#723,.T.);
#1787 = ADVANCED_FACE('',(#1788),#78,.T.);
#1788 = FACE_BOUND('',#1789,.T.);
#1789 = EDGE_LOOP('',(#1790,#1791,#1792,#1793));
#1790 = ORIENTED_EDGE('',*,*,#692,.T.);
#1791 = ORIENTED_EDGE('',*,*,#1339,.T.);
#1792 = ORIENTED_EDGE('',*,*,#61,.F.);
#1793 = ORIENTED_EDGE('',*,*,#1766,.F.);
#1794 = ADVANCED_FACE('',(#1795),#511,.F.);
#1795 = FACE_BOUND('',#1796,.F.);
#1796 = EDGE_LOOP('',(#1797,#1798,#1799,#1800));
#1797 = ORIENTED_EDGE('',*,*,#747,.T.);
#1798 = ORIENTED_EDGE('',*,*,#1488,.T.);
#1799 = ORIENTED_EDGE('',*,*,#496,.F.);
#1800 = ORIENTED_EDGE('',*,*,#1744,.F.);
#1801 = ADVANCED_FACE('',(#1802),#622,.T.);
#1802 = FACE_BOUND('',#1803,.T.);
#1803 = EDGE_LOOP('',(#1804,#1805,#1826,#1827));
#1804 = ORIENTED_EDGE('',*,*,#606,.F.);
#1805 = ORIENTED_EDGE('',*,*,#1806,.T.);
#1806 = EDGE_CURVE('',#556,#1104,#1807,.T.);
#1807 = SURFACE_CURVE('',#1808,(#1812,#1819),.PCURVE_S1.);
#1808 = LINE('',#1809,#1810);
#1809 = CARTESIAN_POINT('',(-4.205458702526,10.699482518345,
    1.040834085586E-14));
#1810 = VECTOR('',#1811,1.);
#1811 = DIRECTION('',(0.99945506862,-3.300857176602E-02,0.));
#1812 = PCURVE('',#622,#1813);
#1813 = DEFINITIONAL_REPRESENTATION('',(#1814),#1818);
#1814 = LINE('',#1815,#1816);
#1815 = CARTESIAN_POINT('',(-40.61395231792,-25.51829390557));
#1816 = VECTOR('',#1817,1.);
#1817 = DIRECTION('',(0.99945506862,3.300857176602E-02));
#1818 = ( GEOMETRIC_REPRESENTATION_CONTEXT(2) 
PARAMETRIC_REPRESENTATION_CONTEXT() REPRESENTATION_CONTEXT('2D SPACE',''
  ) );
#1819 = PCURVE('',#572,#1820);
#1820 = DEFINITIONAL_REPRESENTATION('',(#1821),#1825);
#1821 = LINE('',#1822,#1823);
#1822 = CARTESIAN_POINT('',(5.410252294437,41.434142936564));
#1823 = VECTOR('',#1824,1.);
#1824 = DIRECTION('',(0.,-1.));
#1825 = ( GEOMETRIC_REPRESENTATION_CONTEXT(2) 
PARAMETRIC_REPRESENTATION_CONTEXT() REPRESENTATION_CONTEXT('2D SPACE',''
  ) );
#1826 = ORIENTED_EDGE('',*,*,#1103,.T.);
#1827 = ORIENTED_EDGE('',*,*,#1245,.T.);
#1828 = ADVANCED_FACE('',(#1829),#572,.T.);
#1829 = FACE_BOUND('',#1830,.T.);
#1830 = EDGE_LOOP('',(#1831,#1832,#1833,#1834));
#1831 = ORIENTED_EDGE('',*,*,#555,.F.);
#1832 = ORIENTED_EDGE('',*,*,#1293,.T.);
#1833 = ORIENTED_EDGE('',*,*,#1128,.T.);
#1834 = ORIENTED_EDGE('',*,*,#1806,.F.);
#1835 = ( GEOMETRIC_REPRESENTATION_CONTEXT(3) 
GLOBAL_UNCERTAINTY_ASSIGNED_CONTEXT((#1839)) 
GLOBAL_UNIT_ASSIGNED_CONTEXT((#1836,#1837,#1838)) REPRESENTATION_CONTEXT
('Context #1','3D Context with UNIT and UNCERTAINTY') );
#1836 = ( LENGTH_UNIT() NAMED_UNIT(*) SI_UNIT(.MILLI.,.METRE.) );
#1837 = ( NAMED_UNIT(*) PLANE_ANGLE_UNIT() SI_UNIT($,.RADIAN.) );
#1838 = ( NAMED_UNIT(*) SI_UNIT($,.STERADIAN.) SOLID_ANGLE_UNIT() );
#1839 = UNCERTAINTY_MEASURE_WITH_UNIT(LENGTH_MEASURE(1.E-07),#1836,
  'distance_accuracy_value','confusion accuracy');
#1840 = PRODUCT_RELATED_PRODUCT_CATEGORY('part',$,(#7));
ENDSEC;
END-ISO-10303-21;
