ISO-10303-21;
HEADER;
FILE_DESCRIPTION(('Open CASCADE Model'),'2;1');
FILE_NAME('Open CASCADE Shape Model','2026-09-04T20:51:00',('Author'),(
    'Open CASCADE'),'Open CASCADE STEP processor 7.9','Open CASCADE 7.9'
  ,'Unknown');
FILE_SCHEMA(('AUTOMOTIVE_DESIGN { 1 0 10303 214 1 1 1 1 }'));
ENDSEC;
DATA;
#1 = APPLICATION_PROTOCOL_DEFINITION('international standard',
  'automotive_design',2000,#2);
#2 = APPLICATION_CONTEXT(
  'core data for automotive mechanical design processes');
#3 = SHAPE_DEFINITION_REPRESENTATION(#4,#10);
#4 = PRODUCT_DEFINITION_SHAPE('','',#5);
#5 = PRODUCT_DEFINITION('design','',#6,#9);
#6 = PRODUCT_DEFINITION_FORMATION('','',#7);
#7 = PRODUCT('Open CASCADE STEP translator 7.9 1',
  'Open CASCADE STEP translator 7.9 1','',(#8));
#8 = PRODUCT_CONTEXT('',#2,'mechanical');
#9 = PRODUCT_DEFINITION_CONTEXT('part definition',#2,'design');
#10 = ADVANCED_BREP_SHAPE_REPRESENTATION('',(#11,#15),#1939);
#11 = AXIS2_PLACEMENT_3D('',#12,#13,#14);
#12 = CARTESIAN_POINT('',(0.,0.,0.));
#13 = DIRECTION('',(0.,0.,1.));
#14 = DIRECTION('',(1.,0.,-0.));
#15 = MANIFOLD_SOLID_BREP('',#16);
#16 = CLOSED_SHELL('',(#17,#732,#1345,#1392,#1439,#1486,#1533,#1560,
    #1587,#1614,#1641,#1668,#1695,#1722,#1769,#1796,#1803,#1810,#1837,
    #1844,#1891,#1898,#1905,#1932));
#17 = ADVANCED_FACE('',(#18,#558),#33,.T.);
#18 = FACE_BOUND('',#19,.T.);
#19 = EDGE_LOOP('',(#20,#56,#89,#117,#150,#183,#216,#249,#282,#310,#339,
    #367,#400,#433,#466,#499,#527));
#20 = ORIENTED_EDGE('',*,*,#21,.F.);
#21 = EDGE_CURVE('',#22,#24,#26,.T.);
#22 = VERTEX_POINT('',#23);
#23 = CARTESIAN_POINT('',(64.846457513425,-19.55712631712,
    35.030084604983));
#24 = VERTEX_POINT('',#25);
#25 = CARTESIAN_POINT('',(64.073777166096,-21.6371151134,37.049146686303
    ));
#26 = SURFACE_CURVE('',#27,(#32,#44),.PCURVE_S1.);
#27 = CIRCLE('',#28,1.5);
#28 = AXIS2_PLACEMENT_3D('',#29,#30,#31);
#29 = CARTESIAN_POINT('',(64.460117339761,-20.59712071526,
    36.039615645643));
#30 = DIRECTION('',(0.965925826289,-0.166365675343,0.198266891274));
#31 = DIRECTION('',(0.258819045103,0.620885153015,-0.739942111694));
#32 = PCURVE('',#33,#38);
#33 = PLANE('',#34);
#34 = AXIS2_PLACEMENT_3D('',#35,#36,#37);
#35 = CARTESIAN_POINT('',(71.235352443521,6.409083375929E-02,
    20.368526372081));
#36 = DIRECTION('',(0.965925826289,-0.166365675343,0.198266891274));
#37 = DIRECTION('',(0.258819045103,0.620885153015,-0.739942111694));
#38 = DEFINITIONAL_REPRESENTATION('',(#39),#43);
#39 = CIRCLE('',#40,1.5);
#40 = AXIS2_PLACEMENT_2D('',#41,#42);
#41 = CARTESIAN_POINT('',(-26.17749826361,-5.754224279898));
#42 = DIRECTION('',(1.,1.110223024625E-16));
#43 = ( GEOMETRIC_REPRESENTATION_CONTEXT(2) 
PARAMETRIC_REPRESENTATION_CONTEXT() REPRESENTATION_CONTEXT('2D SPACE',''
  ) );
#44 = PCURVE('',#45,#50);
#45 = CYLINDRICAL_SURFACE('',#46,1.5);
#46 = AXIS2_PLACEMENT_3D('',#47,#48,#49);
#47 = CARTESIAN_POINT('',(-69.31829031175,2.444125858227,8.580127263837)
  );
#48 = DIRECTION('',(0.965925826289,-0.166365675343,0.198266891274));
#49 = DIRECTION('',(0.258819045103,0.620885153015,-0.739942111694));
#50 = DEFINITIONAL_REPRESENTATION('',(#51),#55);
#51 = LINE('',#52,#53);
#52 = CARTESIAN_POINT('',(3.982925100843E-14,138.4975988948));
#53 = VECTOR('',#54,1.);
#54 = DIRECTION('',(1.,0.));
#55 = ( GEOMETRIC_REPRESENTATION_CONTEXT(2) 
PARAMETRIC_REPRESENTATION_CONTEXT() REPRESENTATION_CONTEXT('2D SPACE',''
  ) );
#56 = ORIENTED_EDGE('',*,*,#57,.T.);
#57 = EDGE_CURVE('',#22,#58,#60,.T.);
#58 = VERTEX_POINT('',#59);
#59 = CARTESIAN_POINT('',(63.3674187458,-32.12036781917,31.693922883778)
  );
#60 = SURFACE_CURVE('',#61,(#66,#77),.PCURVE_S1.);
#61 = CIRCLE('',#62,12.5);
#62 = AXIS2_PLACEMENT_3D('',#63,#64,#65);
#63 = CARTESIAN_POINT('',(61.626956066223,-28.2237463016,43.442843277151
    ));
#64 = DIRECTION('',(-0.965925826289,0.166365675343,-0.198266891274));
#65 = DIRECTION('',(0.258819045103,0.620885153015,-0.739942111694));
#66 = PCURVE('',#33,#67);
#67 = DEFINITIONAL_REPRESENTATION('',(#68),#76);
#68 = ( BOUNDED_CURVE() B_SPLINE_CURVE(2,(#69,#70,#71,#72,#73,#74,#75),
.UNSPECIFIED.,.T.,.F.) B_SPLINE_CURVE_WITH_KNOTS((1,2,2,2,2,1),(
    -2.094395102393,0.,2.094395102393,4.188790204786,6.28318530718,
8.377580409573),.UNSPECIFIED.) CURVE() GEOMETRIC_REPRESENTATION_ITEM() 
RATIONAL_B_SPLINE_CURVE((1.,0.5,1.,0.5,1.,0.5,1.)) REPRESENTATION_ITEM(
  '') );
#69 = CARTESIAN_POINT('',(-24.62399284021,-6.837855436839));
#70 = CARTESIAN_POINT('',(-24.62399284021,-28.48849053145));
#71 = CARTESIAN_POINT('',(-43.37399284021,-17.66317298414));
#72 = CARTESIAN_POINT('',(-62.12399284021,-6.837855436839));
#73 = CARTESIAN_POINT('',(-43.37399284021,3.987462110466));
#74 = CARTESIAN_POINT('',(-24.62399284021,14.812779657772));
#75 = CARTESIAN_POINT('',(-24.62399284021,-6.837855436839));
#76 = ( GEOMETRIC_REPRESENTATION_CONTEXT(2) 
PARAMETRIC_REPRESENTATION_CONTEXT() REPRESENTATION_CONTEXT('2D SPACE',''
  ) );
#77 = PCURVE('',#78,#83);
#78 = CYLINDRICAL_SURFACE('',#79,12.5);
#79 = AXIS2_PLACEMENT_3D('',#80,#81,#82);
#80 = CARTESIAN_POINT('',(-72.15145158529,-5.182499728113,
    15.983354895345));
#81 = DIRECTION('',(0.965925826289,-0.166365675343,0.198266891274));
#82 = DIRECTION('',(0.258819045103,0.620885153015,-0.739942111694));
#83 = DEFINITIONAL_REPRESENTATION('',(#84),#88);
#84 = LINE('',#85,#86);
#85 = CARTESIAN_POINT('',(12.566370614359,138.4975988948));
#86 = VECTOR('',#87,1.);
#87 = DIRECTION('',(-1.,2.580412378588E-14));
#88 = ( GEOMETRIC_REPRESENTATION_CONTEXT(2) 
PARAMETRIC_REPRESENTATION_CONTEXT() REPRESENTATION_CONTEXT('2D SPACE',''
  ) );
#89 = ORIENTED_EDGE('',*,*,#90,.F.);
#90 = EDGE_CURVE('',#91,#58,#93,.T.);
#91 = VERTEX_POINT('',#92);
#92 = CARTESIAN_POINT('',(63.545614601867,-32.79106614224,
    30.262997341145));
#93 = SURFACE_CURVE('',#94,(#98,#105),.PCURVE_S1.);
#94 = LINE('',#95,#96);
#95 = CARTESIAN_POINT('',(63.038214492611,-30.88130005722,
    34.337456718008));
#96 = VECTOR('',#97,1.);
#97 = DIRECTION('',(-0.112049866757,0.421736281605,0.899768490301));
#98 = PCURVE('',#33,#99);
#99 = DEFINITIONAL_REPRESENTATION('',(#100),#104);
#100 = LINE('',#101,#102);
#101 = CARTESIAN_POINT('',(-31.67130899375,-14.72648938524));
#102 = VECTOR('',#103,1.);
#103 = DIRECTION('',(-0.432927440531,0.901428772137));
#104 = ( GEOMETRIC_REPRESENTATION_CONTEXT(2) 
PARAMETRIC_REPRESENTATION_CONTEXT() REPRESENTATION_CONTEXT('2D SPACE',''
  ) );
#105 = PCURVE('',#106,#111);
#106 = PLANE('',#107);
#107 = AXIS2_PLACEMENT_3D('',#108,#109,#110);
#108 = CARTESIAN_POINT('',(63.038214492611,-30.88130005722,
    34.337456718008));
#109 = DIRECTION('',(0.233306934032,0.891325401212,-0.38872471453));
#110 = DIRECTION('',(1.249000902703E-16,0.399756743809,0.91662126627));
#111 = DEFINITIONAL_REPRESENTATION('',(#112),#116);
#112 = LINE('',#113,#114);
#113 = CARTESIAN_POINT('',(0.,0.));
#114 = VECTOR('',#115,1.);
#115 = DIRECTION('',(0.99333885561,-0.115229848283));
#116 = ( GEOMETRIC_REPRESENTATION_CONTEXT(2) 
PARAMETRIC_REPRESENTATION_CONTEXT() REPRESENTATION_CONTEXT('2D SPACE',''
  ) );
#117 = ORIENTED_EDGE('',*,*,#118,.T.);
#118 = EDGE_CURVE('',#91,#119,#121,.T.);
#119 = VERTEX_POINT('',#120);
#120 = CARTESIAN_POINT('',(63.363729000954,-34.76065866647,
    29.496431677489));
#121 = SURFACE_CURVE('',#122,(#127,#138),.PCURVE_S1.);
#122 = CIRCLE('',#123,1.5);
#123 = AXIS2_PLACEMENT_3D('',#124,#125,#126);
#124 = CARTESIAN_POINT('',(63.195654200819,-34.12805424406,
    30.84608441294));
#125 = DIRECTION('',(-0.965925826289,0.166365675343,-0.198266891274));
#126 = DIRECTION('',(0.258819045103,0.620885153015,-0.739942111694));
#127 = PCURVE('',#33,#128);
#128 = DEFINITIONAL_REPRESENTATION('',(#129),#137);
#129 = ( BOUNDED_CURVE() B_SPLINE_CURVE(2,(#130,#131,#132,#133,#134,#135
,#136),.UNSPECIFIED.,.T.,.F.) B_SPLINE_CURVE_WITH_KNOTS((1,2,2,2,2,1),(
    -2.094395102393,0.,2.094395102393,4.188790204786,6.28318530718,
8.377580409573),.UNSPECIFIED.) CURVE() GEOMETRIC_REPRESENTATION_ITEM() 
RATIONAL_B_SPLINE_CURVE((1.,0.5,1.,0.5,1.,0.5,1.)) REPRESENTATION_ITEM(
  '') );
#130 = CARTESIAN_POINT('',(-29.56300867278,-19.45785824675));
#131 = CARTESIAN_POINT('',(-29.56300867278,-22.0559344581));
#132 = CARTESIAN_POINT('',(-31.81300867278,-20.75689635242));
#133 = CARTESIAN_POINT('',(-34.06300867278,-19.45785824675));
#134 = CARTESIAN_POINT('',(-31.81300867278,-18.15882014107));
#135 = CARTESIAN_POINT('',(-29.56300867278,-16.85978203539));
#136 = CARTESIAN_POINT('',(-29.56300867278,-19.45785824675));
#137 = ( GEOMETRIC_REPRESENTATION_CONTEXT(2) 
PARAMETRIC_REPRESENTATION_CONTEXT() REPRESENTATION_CONTEXT('2D SPACE',''
  ) );
#138 = PCURVE('',#139,#144);
#139 = CYLINDRICAL_SURFACE('',#140,1.5);
#140 = AXIS2_PLACEMENT_3D('',#141,#142,#143);
#141 = CARTESIAN_POINT('',(63.195654200819,-34.12805424406,
    30.84608441294));
#142 = DIRECTION('',(-0.965925826289,0.166365675343,-0.198266891274));
#143 = DIRECTION('',(-0.258819045103,-0.620885153015,0.739942111694));
#144 = DEFINITIONAL_REPRESENTATION('',(#145),#149);
#145 = LINE('',#146,#147);
#146 = CARTESIAN_POINT('',(-3.14159265359,-6.700362941473E-14));
#147 = VECTOR('',#148,1.);
#148 = DIRECTION('',(1.,9.046911093941E-15));
#149 = ( GEOMETRIC_REPRESENTATION_CONTEXT(2) 
PARAMETRIC_REPRESENTATION_CONTEXT() REPRESENTATION_CONTEXT('2D SPACE',''
  ) );
#150 = ORIENTED_EDGE('',*,*,#151,.T.);
#151 = EDGE_CURVE('',#119,#152,#154,.T.);
#152 = VERTEX_POINT('',#153);
#153 = CARTESIAN_POINT('',(62.579379933656,-37.17081579707,
    31.295297841788));
#154 = SURFACE_CURVE('',#155,(#160,#171),.PCURVE_S1.);
#155 = CIRCLE('',#156,7.);
#156 = AXIS2_PLACEMENT_3D('',#157,#158,#159);
#157 = CARTESIAN_POINT('',(62.579379933656,-31.80850469524,
    35.794811109594));
#158 = DIRECTION('',(-0.965925826289,0.166365675343,-0.198266891274));
#159 = DIRECTION('',(0.258819045103,0.620885153015,-0.739942111694));
#160 = PCURVE('',#33,#161);
#161 = DEFINITIONAL_REPRESENTATION('',(#162),#170);
#162 = ( BOUNDED_CURVE() B_SPLINE_CURVE(2,(#163,#164,#165,#166,#167,#168
,#169),.UNSPECIFIED.,.T.,.F.) B_SPLINE_CURVE_WITH_KNOTS((1,2,2,2,2,1),(
    -2.094395102393,0.,2.094395102393,4.188790204786,6.28318530718,
8.377580409573),.UNSPECIFIED.) CURVE() GEOMETRIC_REPRESENTATION_ITEM() 
RATIONAL_B_SPLINE_CURVE((1.,0.5,1.,0.5,1.,0.5,1.)) REPRESENTATION_ITEM(
  '') );
#163 = CARTESIAN_POINT('',(-26.4441095957,-14.5));
#164 = CARTESIAN_POINT('',(-26.4441095957,-26.62435565298));
#165 = CARTESIAN_POINT('',(-36.9441095957,-20.56217782649));
#166 = CARTESIAN_POINT('',(-47.4441095957,-14.5));
#167 = CARTESIAN_POINT('',(-36.9441095957,-8.437822173509));
#168 = CARTESIAN_POINT('',(-26.4441095957,-2.375644347018));
#169 = CARTESIAN_POINT('',(-26.4441095957,-14.5));
#170 = ( GEOMETRIC_REPRESENTATION_CONTEXT(2) 
PARAMETRIC_REPRESENTATION_CONTEXT() REPRESENTATION_CONTEXT('2D SPACE',''
  ) );
#171 = PCURVE('',#172,#177);
#172 = CYLINDRICAL_SURFACE('',#173,7.);
#173 = AXIS2_PLACEMENT_3D('',#174,#175,#176);
#174 = CARTESIAN_POINT('',(62.579379933656,-31.80850469524,
    35.794811109594));
#175 = DIRECTION('',(-0.965925826289,0.166365675343,-0.198266891274));
#176 = DIRECTION('',(-0.258819045103,-0.620885153015,0.739942111694));
#177 = DEFINITIONAL_REPRESENTATION('',(#178),#182);
#178 = LINE('',#179,#180);
#179 = CARTESIAN_POINT('',(3.14159265359,4.985587074449E-14));
#180 = VECTOR('',#181,1.);
#181 = DIRECTION('',(1.,-3.173923308455E-14));
#182 = ( GEOMETRIC_REPRESENTATION_CONTEXT(2) 
PARAMETRIC_REPRESENTATION_CONTEXT() REPRESENTATION_CONTEXT('2D SPACE',''
  ) );
#183 = ORIENTED_EDGE('',*,*,#184,.T.);
#184 = EDGE_CURVE('',#152,#185,#187,.T.);
#185 = VERTEX_POINT('',#186);
#186 = CARTESIAN_POINT('',(62.579379933656,-34.87268246771,
    33.223660670848));
#187 = SURFACE_CURVE('',#188,(#193,#204),.PCURVE_S1.);
#188 = CIRCLE('',#189,1.5);
#189 = AXIS2_PLACEMENT_3D('',#190,#191,#192);
#190 = CARTESIAN_POINT('',(62.579379933656,-36.02174913239,
    32.259479256318));
#191 = DIRECTION('',(-0.965925826289,0.166365675343,-0.198266891274));
#192 = DIRECTION('',(0.258819045103,0.620885153015,-0.739942111694));
#193 = PCURVE('',#33,#194);
#194 = DEFINITIONAL_REPRESENTATION('',(#195),#203);
#195 = ( BOUNDED_CURVE() B_SPLINE_CURVE(2,(#196,#197,#198,#199,#200,#201
,#202),.UNSPECIFIED.,.T.,.F.) B_SPLINE_CURVE_WITH_KNOTS((1,2,2,2,2,1),(
    -2.094395102393,0.,2.094395102393,4.188790204786,6.28318530718,
8.377580409573),.UNSPECIFIED.) CURVE() GEOMETRIC_REPRESENTATION_ITEM() 
RATIONAL_B_SPLINE_CURVE((1.,0.5,1.,0.5,1.,0.5,1.)) REPRESENTATION_ITEM(
  '') );
#196 = CARTESIAN_POINT('',(-31.9441095957,-20.));
#197 = CARTESIAN_POINT('',(-31.9441095957,-22.59807621135));
#198 = CARTESIAN_POINT('',(-34.1941095957,-21.29903810567));
#199 = CARTESIAN_POINT('',(-36.4441095957,-20.));
#200 = CARTESIAN_POINT('',(-34.1941095957,-18.70096189432));
#201 = CARTESIAN_POINT('',(-31.9441095957,-17.40192378864));
#202 = CARTESIAN_POINT('',(-31.9441095957,-20.));
#203 = ( GEOMETRIC_REPRESENTATION_CONTEXT(2) 
PARAMETRIC_REPRESENTATION_CONTEXT() REPRESENTATION_CONTEXT('2D SPACE',''
  ) );
#204 = PCURVE('',#205,#210);
#205 = CYLINDRICAL_SURFACE('',#206,1.5);
#206 = AXIS2_PLACEMENT_3D('',#207,#208,#209);
#207 = CARTESIAN_POINT('',(62.579379933656,-36.02174913239,
    32.259479256318));
#208 = DIRECTION('',(-0.965925826289,0.166365675343,-0.198266891274));
#209 = DIRECTION('',(-0.258819045103,-0.620885153015,0.739942111694));
#210 = DEFINITIONAL_REPRESENTATION('',(#211),#215);
#211 = LINE('',#212,#213);
#212 = CARTESIAN_POINT('',(-3.14159265359,0.));
#213 = VECTOR('',#214,1.);
#214 = DIRECTION('',(1.,0.));
#215 = ( GEOMETRIC_REPRESENTATION_CONTEXT(2) 
PARAMETRIC_REPRESENTATION_CONTEXT() REPRESENTATION_CONTEXT('2D SPACE',''
  ) );
#216 = ORIENTED_EDGE('',*,*,#217,.F.);
#217 = EDGE_CURVE('',#218,#185,#220,.T.);
#218 = VERTEX_POINT('',#219);
#219 = CARTESIAN_POINT('',(62.605261838166,-34.80963624719,
    33.150470069774));
#220 = SURFACE_CURVE('',#221,(#226,#237),.PCURVE_S1.);
#221 = CIRCLE('',#222,4.000000000003);
#222 = AXIS2_PLACEMENT_3D('',#223,#224,#225);
#223 = CARTESIAN_POINT('',(62.579379933656,-31.80850469524,
    35.794811109596));
#224 = DIRECTION('',(-0.965925826289,0.166365675343,-0.198266891274));
#225 = DIRECTION('',(0.258819045103,0.620885153015,-0.739942111694));
#226 = PCURVE('',#33,#227);
#227 = DEFINITIONAL_REPRESENTATION('',(#228),#236);
#228 = ( BOUNDED_CURVE() B_SPLINE_CURVE(2,(#229,#230,#231,#232,#233,#234
,#235),.UNSPECIFIED.,.T.,.F.) B_SPLINE_CURVE_WITH_KNOTS((1,2,2,2,2,1),(
    -2.094395102393,0.,2.094395102393,4.188790204786,6.28318530718,
8.377580409573),.UNSPECIFIED.) CURVE() GEOMETRIC_REPRESENTATION_ITEM() 
RATIONAL_B_SPLINE_CURVE((1.,0.5,1.,0.5,1.,0.5,1.)) REPRESENTATION_ITEM(
  '') );
#229 = CARTESIAN_POINT('',(-29.4441095957,-14.49999999999));
#230 = CARTESIAN_POINT('',(-29.4441095957,-21.42820323027));
#231 = CARTESIAN_POINT('',(-35.4441095957,-17.96410161513));
#232 = CARTESIAN_POINT('',(-41.44410959571,-14.49999999999));
#233 = CARTESIAN_POINT('',(-35.4441095957,-11.03589838485));
#234 = CARTESIAN_POINT('',(-29.4441095957,-7.571796769718));
#235 = CARTESIAN_POINT('',(-29.4441095957,-14.49999999999));
#236 = ( GEOMETRIC_REPRESENTATION_CONTEXT(2) 
PARAMETRIC_REPRESENTATION_CONTEXT() REPRESENTATION_CONTEXT('2D SPACE',''
  ) );
#237 = PCURVE('',#238,#243);
#238 = CYLINDRICAL_SURFACE('',#239,4.000000000003);
#239 = AXIS2_PLACEMENT_3D('',#240,#241,#242);
#240 = CARTESIAN_POINT('',(62.579379933656,-31.80850469524,
    35.794811109596));
#241 = DIRECTION('',(-0.965925826289,0.166365675343,-0.198266891274));
#242 = DIRECTION('',(-0.258819045103,-0.620885153015,0.739942111694));
#243 = DEFINITIONAL_REPRESENTATION('',(#244),#248);
#244 = LINE('',#245,#246);
#245 = CARTESIAN_POINT('',(3.14159265359,-8.928013091889E-13));
#246 = VECTOR('',#247,1.);
#247 = DIRECTION('',(1.,5.683749662254E-13));
#248 = ( GEOMETRIC_REPRESENTATION_CONTEXT(2) 
PARAMETRIC_REPRESENTATION_CONTEXT() REPRESENTATION_CONTEXT('2D SPACE',''
  ) );
#249 = ORIENTED_EDGE('',*,*,#250,.F.);
#250 = EDGE_CURVE('',#251,#218,#253,.T.);
#251 = VERTEX_POINT('',#252);
#252 = CARTESIAN_POINT('',(62.627945483957,-34.64547541827,
    33.177706124317));
#253 = SURFACE_CURVE('',#254,(#259,#270),.PCURVE_S1.);
#254 = CIRCLE('',#255,0.1);
#255 = AXIS2_PLACEMENT_3D('',#256,#257,#258);
#256 = CARTESIAN_POINT('',(62.604614790554,-34.73460795839,
    33.21657859577));
#257 = DIRECTION('',(-0.965925826289,0.166365675343,-0.198266891274));
#258 = DIRECTION('',(0.258819045103,0.620885153015,-0.739942111694));
#259 = PCURVE('',#33,#260);
#260 = DEFINITIONAL_REPRESENTATION('',(#261),#269);
#261 = ( BOUNDED_CURVE() B_SPLINE_CURVE(2,(#262,#263,#264,#265,#266,#267
,#268),.UNSPECIFIED.,.T.,.F.) B_SPLINE_CURVE_WITH_KNOTS((1,2,2,2,2,1),(
    -2.094395102393,0.,2.094395102393,4.188790204786,6.28318530718,
8.377580409573),.UNSPECIFIED.) CURVE() GEOMETRIC_REPRESENTATION_ITEM() 
RATIONAL_B_SPLINE_CURVE((1.,0.5,1.,0.5,1.,0.5,1.)) REPRESENTATION_ITEM(
  '') );
#262 = CARTESIAN_POINT('',(-33.2466095957,-18.39878105951));
#263 = CARTESIAN_POINT('',(-33.2466095957,-18.57198614026));
#264 = CARTESIAN_POINT('',(-33.3966095957,-18.48538359988));
#265 = CARTESIAN_POINT('',(-33.5466095957,-18.39878105951));
#266 = CARTESIAN_POINT('',(-33.3966095957,-18.31217851913));
#267 = CARTESIAN_POINT('',(-33.2466095957,-18.22557597875));
#268 = CARTESIAN_POINT('',(-33.2466095957,-18.39878105951));
#269 = ( GEOMETRIC_REPRESENTATION_CONTEXT(2) 
PARAMETRIC_REPRESENTATION_CONTEXT() REPRESENTATION_CONTEXT('2D SPACE',''
  ) );
#270 = PCURVE('',#271,#276);
#271 = CYLINDRICAL_SURFACE('',#272,0.1);
#272 = AXIS2_PLACEMENT_3D('',#273,#274,#275);
#273 = CARTESIAN_POINT('',(62.604614790554,-34.73460795839,
    33.21657859577));
#274 = DIRECTION('',(-0.965925826289,0.166365675343,-0.198266891274));
#275 = DIRECTION('',(-0.258819045103,-0.620885153015,0.739942111694));
#276 = DEFINITIONAL_REPRESENTATION('',(#277),#281);
#277 = LINE('',#278,#279);
#278 = CARTESIAN_POINT('',(-3.14159265359,1.42108547152E-14));
#279 = VECTOR('',#280,1.);
#280 = DIRECTION('',(1.,0.));
#281 = ( GEOMETRIC_REPRESENTATION_CONTEXT(2) 
PARAMETRIC_REPRESENTATION_CONTEXT() REPRESENTATION_CONTEXT('2D SPACE',''
  ) );
#282 = ORIENTED_EDGE('',*,*,#283,.T.);
#283 = EDGE_CURVE('',#251,#284,#286,.T.);
#284 = VERTEX_POINT('',#285);
#285 = CARTESIAN_POINT('',(61.276995665175,-29.56073440342,
    44.025930348946));
#286 = SURFACE_CURVE('',#287,(#291,#298),.PCURVE_S1.);
#287 = LINE('',#288,#289);
#288 = CARTESIAN_POINT('',(62.120545374701,-32.73570933325,
    37.25216550118));
#289 = VECTOR('',#290,1.);
#290 = DIRECTION('',(-0.112049866757,0.421736281605,0.899768490301));
#291 = PCURVE('',#33,#292);
#292 = DEFINITIONAL_REPRESENTATION('',(#293),#297);
#293 = LINE('',#294,#295);
#294 = CARTESIAN_POINT('',(-35.21691019766,-14.27351061475));
#295 = VECTOR('',#296,1.);
#296 = DIRECTION('',(-0.432927440531,0.901428772137));
#297 = ( GEOMETRIC_REPRESENTATION_CONTEXT(2) 
PARAMETRIC_REPRESENTATION_CONTEXT() REPRESENTATION_CONTEXT('2D SPACE',''
  ) );
#298 = PCURVE('',#299,#304);
#299 = PLANE('',#300);
#300 = AXIS2_PLACEMENT_3D('',#301,#302,#303);
#301 = CARTESIAN_POINT('',(62.120545374701,-32.73570933325,
    37.25216550118));
#302 = DIRECTION('',(0.233306934032,0.891325401212,-0.38872471453));
#303 = DIRECTION('',(4.163336342344E-17,0.399756743809,0.91662126627));
#304 = DEFINITIONAL_REPRESENTATION('',(#305),#309);
#305 = LINE('',#306,#307);
#306 = CARTESIAN_POINT('',(0.,0.));
#307 = VECTOR('',#308,1.);
#308 = DIRECTION('',(0.99333885561,-0.115229848283));
#309 = ( GEOMETRIC_REPRESENTATION_CONTEXT(2) 
PARAMETRIC_REPRESENTATION_CONTEXT() REPRESENTATION_CONTEXT('2D SPACE',''
  ) );
#310 = ORIENTED_EDGE('',*,*,#311,.F.);
#311 = EDGE_CURVE('',#312,#284,#314,.T.);
#312 = VERTEX_POINT('',#313);
#313 = CARTESIAN_POINT('',(61.976916467272,-26.88675819978,
    42.859756205356));
#314 = SURFACE_CURVE('',#315,(#320,#327),.PCURVE_S1.);
#315 = CIRCLE('',#316,1.5);
#316 = AXIS2_PLACEMENT_3D('',#317,#318,#319);
#317 = CARTESIAN_POINT('',(61.626956066223,-28.2237463016,
    43.442843277151));
#318 = DIRECTION('',(0.965925826289,-0.166365675343,0.198266891274));
#319 = DIRECTION('',(0.258819045103,0.620885153015,-0.739942111694));
#320 = PCURVE('',#33,#321);
#321 = DEFINITIONAL_REPRESENTATION('',(#322),#326);
#322 = CIRCLE('',#323,1.5);
#323 = AXIS2_PLACEMENT_2D('',#324,#325);
#324 = CARTESIAN_POINT('',(-37.12399284021,-6.837855436839));
#325 = DIRECTION('',(1.,1.110223024625E-16));
#326 = ( GEOMETRIC_REPRESENTATION_CONTEXT(2) 
PARAMETRIC_REPRESENTATION_CONTEXT() REPRESENTATION_CONTEXT('2D SPACE',''
  ) );
#327 = PCURVE('',#328,#333);
#328 = CYLINDRICAL_SURFACE('',#329,1.5);
#329 = AXIS2_PLACEMENT_3D('',#330,#331,#332);
#330 = CARTESIAN_POINT('',(-72.15145158529,-5.182499728113,
    15.983354895345));
#331 = DIRECTION('',(0.965925826289,-0.166365675343,0.198266891274));
#332 = DIRECTION('',(0.258819045103,0.620885153015,-0.739942111694));
#333 = DEFINITIONAL_REPRESENTATION('',(#334),#338);
#334 = LINE('',#335,#336);
#335 = CARTESIAN_POINT('',(2.586819647377E-14,138.4975988948));
#336 = VECTOR('',#337,1.);
#337 = DIRECTION('',(1.,0.));
#338 = ( GEOMETRIC_REPRESENTATION_CONTEXT(2) 
PARAMETRIC_REPRESENTATION_CONTEXT() REPRESENTATION_CONTEXT('2D SPACE',''
  ) );
#339 = ORIENTED_EDGE('',*,*,#340,.T.);
#340 = EDGE_CURVE('',#312,#341,#343,.T.);
#341 = VERTEX_POINT('',#342);
#342 = CARTESIAN_POINT('',(62.163210893337,-27.58793813695,
    41.363798563068));
#343 = SURFACE_CURVE('',#344,(#348,#355),.PCURVE_S1.);
#344 = LINE('',#345,#346);
#345 = CARTESIAN_POINT('',(62.593190734434,-29.20630774861,
    37.911029508702));
#346 = VECTOR('',#347,1.);
#347 = DIRECTION('',(0.112049866757,-0.421736281605,-0.899768490301));
#348 = PCURVE('',#33,#349);
#349 = DEFINITIONAL_REPRESENTATION('',(#350),#354);
#350 = LINE('',#351,#352);
#351 = CARTESIAN_POINT('',(-33.39074875909,-11.14632252279));
#352 = VECTOR('',#353,1.);
#353 = DIRECTION('',(0.432927440531,-0.901428772137));
#354 = ( GEOMETRIC_REPRESENTATION_CONTEXT(2) 
PARAMETRIC_REPRESENTATION_CONTEXT() REPRESENTATION_CONTEXT('2D SPACE',''
  ) );
#355 = PCURVE('',#356,#361);
#356 = PLANE('',#357);
#357 = AXIS2_PLACEMENT_3D('',#358,#359,#360);
#358 = CARTESIAN_POINT('',(-71.18521691708,-6.165061175119,
    10.451541126896));
#359 = DIRECTION('',(0.233306934032,0.891325401212,-0.38872471453));
#360 = DIRECTION('',(4.163336342344E-17,0.399756743809,0.91662126627));
#361 = DEFINITIONAL_REPRESENTATION('',(#362),#366);
#362 = LINE('',#363,#364);
#363 = CARTESIAN_POINT('',(15.959057308145,137.57504639091));
#364 = VECTOR('',#365,1.);
#365 = DIRECTION('',(-0.99333885561,0.115229848283));
#366 = ( GEOMETRIC_REPRESENTATION_CONTEXT(2) 
PARAMETRIC_REPRESENTATION_CONTEXT() REPRESENTATION_CONTEXT('2D SPACE',''
  ) );
#367 = ORIENTED_EDGE('',*,*,#368,.T.);
#368 = EDGE_CURVE('',#341,#369,#371,.T.);
#369 = VERTEX_POINT('',#370);
#370 = CARTESIAN_POINT('',(62.579379933656,-26.4461935934,40.2943243774)
  );
#371 = SURFACE_CURVE('',#372,(#377,#388),.PCURVE_S1.);
#372 = CIRCLE('',#373,7.);
#373 = AXIS2_PLACEMENT_3D('',#374,#375,#376);
#374 = CARTESIAN_POINT('',(62.579379933656,-31.80850469524,
    35.794811109594));
#375 = DIRECTION('',(-0.965925826289,0.166365675343,-0.198266891274));
#376 = DIRECTION('',(0.258819045103,0.620885153015,-0.739942111694));
#377 = PCURVE('',#33,#378);
#378 = DEFINITIONAL_REPRESENTATION('',(#379),#387);
#379 = ( BOUNDED_CURVE() B_SPLINE_CURVE(2,(#380,#381,#382,#383,#384,#385
,#386),.UNSPECIFIED.,.T.,.F.) B_SPLINE_CURVE_WITH_KNOTS((1,2,2,2,2,1),(
    -2.094395102393,0.,2.094395102393,4.188790204786,6.28318530718,
8.377580409573),.UNSPECIFIED.) CURVE() GEOMETRIC_REPRESENTATION_ITEM() 
RATIONAL_B_SPLINE_CURVE((1.,0.5,1.,0.5,1.,0.5,1.)) REPRESENTATION_ITEM(
  '') );
#380 = CARTESIAN_POINT('',(-26.4441095957,-14.5));
#381 = CARTESIAN_POINT('',(-26.4441095957,-26.62435565298));
#382 = CARTESIAN_POINT('',(-36.9441095957,-20.56217782649));
#383 = CARTESIAN_POINT('',(-47.4441095957,-14.5));
#384 = CARTESIAN_POINT('',(-36.9441095957,-8.437822173509));
#385 = CARTESIAN_POINT('',(-26.4441095957,-2.375644347018));
#386 = CARTESIAN_POINT('',(-26.4441095957,-14.5));
#387 = ( GEOMETRIC_REPRESENTATION_CONTEXT(2) 
PARAMETRIC_REPRESENTATION_CONTEXT() REPRESENTATION_CONTEXT('2D SPACE',''
  ) );
#388 = PCURVE('',#389,#394);
#389 = CYLINDRICAL_SURFACE('',#390,7.);
#390 = AXIS2_PLACEMENT_3D('',#391,#392,#393);
#391 = CARTESIAN_POINT('',(62.579379933656,-31.80850469524,
    35.794811109594));
#392 = DIRECTION('',(-0.965925826289,0.166365675343,-0.198266891274));
#393 = DIRECTION('',(-0.258819045103,-0.620885153015,0.739942111694));
#394 = DEFINITIONAL_REPRESENTATION('',(#395),#399);
#395 = LINE('',#396,#397);
#396 = CARTESIAN_POINT('',(-3.14159265359,1.42108547152E-14));
#397 = VECTOR('',#398,1.);
#398 = DIRECTION('',(1.,0.));
#399 = ( GEOMETRIC_REPRESENTATION_CONTEXT(2) 
PARAMETRIC_REPRESENTATION_CONTEXT() REPRESENTATION_CONTEXT('2D SPACE',''
  ) );
#400 = ORIENTED_EDGE('',*,*,#401,.T.);
#401 = EDGE_CURVE('',#369,#402,#404,.T.);
#402 = VERTEX_POINT('',#403);
#403 = CARTESIAN_POINT('',(62.579379933656,-28.74432692276,
    38.36596154834));
#404 = SURFACE_CURVE('',#405,(#410,#421),.PCURVE_S1.);
#405 = CIRCLE('',#406,1.5);
#406 = AXIS2_PLACEMENT_3D('',#407,#408,#409);
#407 = CARTESIAN_POINT('',(62.579379933656,-27.59526025808,
    39.33014296287));
#408 = DIRECTION('',(-0.965925826289,0.166365675343,-0.198266891274));
#409 = DIRECTION('',(0.258819045103,0.620885153015,-0.739942111694));
#410 = PCURVE('',#33,#411);
#411 = DEFINITIONAL_REPRESENTATION('',(#412),#420);
#412 = ( BOUNDED_CURVE() B_SPLINE_CURVE(2,(#413,#414,#415,#416,#417,#418
,#419),.UNSPECIFIED.,.T.,.F.) B_SPLINE_CURVE_WITH_KNOTS((1,2,2,2,2,1),(
    -2.094395102393,0.,2.094395102393,4.188790204786,6.28318530718,
8.377580409573),.UNSPECIFIED.) CURVE() GEOMETRIC_REPRESENTATION_ITEM() 
RATIONAL_B_SPLINE_CURVE((1.,0.5,1.,0.5,1.,0.5,1.)) REPRESENTATION_ITEM(
  '') );
#413 = CARTESIAN_POINT('',(-31.9441095957,-9.));
#414 = CARTESIAN_POINT('',(-31.9441095957,-11.59807621135));
#415 = CARTESIAN_POINT('',(-34.1941095957,-10.29903810567));
#416 = CARTESIAN_POINT('',(-36.4441095957,-9.));
#417 = CARTESIAN_POINT('',(-34.1941095957,-7.700961894323));
#418 = CARTESIAN_POINT('',(-31.9441095957,-6.401923788647));
#419 = CARTESIAN_POINT('',(-31.9441095957,-9.));
#420 = ( GEOMETRIC_REPRESENTATION_CONTEXT(2) 
PARAMETRIC_REPRESENTATION_CONTEXT() REPRESENTATION_CONTEXT('2D SPACE',''
  ) );
#421 = PCURVE('',#422,#427);
#422 = CYLINDRICAL_SURFACE('',#423,1.5);
#423 = AXIS2_PLACEMENT_3D('',#424,#425,#426);
#424 = CARTESIAN_POINT('',(62.579379933656,-27.59526025808,
    39.33014296287));
#425 = DIRECTION('',(-0.965925826289,0.166365675343,-0.198266891274));
#426 = DIRECTION('',(-0.258819045103,-0.620885153015,0.739942111694));
#427 = DEFINITIONAL_REPRESENTATION('',(#428),#432);
#428 = LINE('',#429,#430);
#429 = CARTESIAN_POINT('',(-3.14159265359,0.));
#430 = VECTOR('',#431,1.);
#431 = DIRECTION('',(1.,0.));
#432 = ( GEOMETRIC_REPRESENTATION_CONTEXT(2) 
PARAMETRIC_REPRESENTATION_CONTEXT() REPRESENTATION_CONTEXT('2D SPACE',''
  ) );
#433 = ORIENTED_EDGE('',*,*,#434,.F.);
#434 = EDGE_CURVE('',#435,#402,#437,.T.);
#435 = VERTEX_POINT('',#436);
#436 = CARTESIAN_POINT('',(62.553498029146,-28.80737314328,
    38.439152149414));
#437 = SURFACE_CURVE('',#438,(#443,#454),.PCURVE_S1.);
#438 = CIRCLE('',#439,3.999999999994);
#439 = AXIS2_PLACEMENT_3D('',#440,#441,#442);
#440 = CARTESIAN_POINT('',(62.579379933656,-31.80850469523,
    35.794811109598));
#441 = DIRECTION('',(-0.965925826289,0.166365675343,-0.198266891274));
#442 = DIRECTION('',(0.258819045103,0.620885153015,-0.739942111694));
#443 = PCURVE('',#33,#444);
#444 = DEFINITIONAL_REPRESENTATION('',(#445),#453);
#445 = ( BOUNDED_CURVE() B_SPLINE_CURVE(2,(#446,#447,#448,#449,#450,#451
,#452),.UNSPECIFIED.,.T.,.F.) B_SPLINE_CURVE_WITH_KNOTS((1,2,2,2,2,1),(
    -2.094395102393,0.,2.094395102393,4.188790204786,6.28318530718,
8.377580409573),.UNSPECIFIED.) CURVE() GEOMETRIC_REPRESENTATION_ITEM() 
RATIONAL_B_SPLINE_CURVE((1.,0.5,1.,0.5,1.,0.5,1.)) REPRESENTATION_ITEM(
  '') );
#446 = CARTESIAN_POINT('',(-29.44410959571,-14.49999999999));
#447 = CARTESIAN_POINT('',(-29.44410959571,-21.42820323026));
#448 = CARTESIAN_POINT('',(-35.4441095957,-17.96410161512));
#449 = CARTESIAN_POINT('',(-41.44410959569,-14.49999999999));
#450 = CARTESIAN_POINT('',(-35.4441095957,-11.03589838486));
#451 = CARTESIAN_POINT('',(-29.44410959571,-7.571796769729));
#452 = CARTESIAN_POINT('',(-29.44410959571,-14.49999999999));
#453 = ( GEOMETRIC_REPRESENTATION_CONTEXT(2) 
PARAMETRIC_REPRESENTATION_CONTEXT() REPRESENTATION_CONTEXT('2D SPACE',''
  ) );
#454 = PCURVE('',#455,#460);
#455 = CYLINDRICAL_SURFACE('',#456,3.999999999994);
#456 = AXIS2_PLACEMENT_3D('',#457,#458,#459);
#457 = CARTESIAN_POINT('',(62.579379933656,-31.80850469523,
    35.794811109598));
#458 = DIRECTION('',(-0.965925826289,0.166365675343,-0.198266891274));
#459 = DIRECTION('',(-0.258819045103,-0.620885153015,0.739942111694));
#460 = DEFINITIONAL_REPRESENTATION('',(#461),#465);
#461 = LINE('',#462,#463);
#462 = CARTESIAN_POINT('',(-3.14159265359,0.));
#463 = VECTOR('',#464,1.);
#464 = DIRECTION('',(1.,0.));
#465 = ( GEOMETRIC_REPRESENTATION_CONTEXT(2) 
PARAMETRIC_REPRESENTATION_CONTEXT() REPRESENTATION_CONTEXT('2D SPACE',''
  ) );
#466 = ORIENTED_EDGE('',*,*,#467,.F.);
#467 = EDGE_CURVE('',#468,#435,#470,.T.);
#468 = VERTEX_POINT('',#469);
#469 = CARTESIAN_POINT('',(62.530814383355,-28.9715339722,
    38.411916094871));
#470 = SURFACE_CURVE('',#471,(#476,#487),.PCURVE_S1.);
#471 = CIRCLE('',#472,1.E-01);
#472 = AXIS2_PLACEMENT_3D('',#473,#474,#475);
#473 = CARTESIAN_POINT('',(62.554145076759,-28.88240143208,
    38.373043623418));
#474 = DIRECTION('',(-0.965925826289,0.166365675343,-0.198266891274));
#475 = DIRECTION('',(0.258819045103,0.620885153015,-0.739942111694));
#476 = PCURVE('',#33,#477);
#477 = DEFINITIONAL_REPRESENTATION('',(#478),#486);
#478 = ( BOUNDED_CURVE() B_SPLINE_CURVE(2,(#479,#480,#481,#482,#483,#484
,#485),.UNSPECIFIED.,.T.,.F.) B_SPLINE_CURVE_WITH_KNOTS((1,2,2,2,2,1),(
    -2.094395102393,0.,2.094395102393,4.188790204786,6.28318530718,
8.377580409573),.UNSPECIFIED.) CURVE() GEOMETRIC_REPRESENTATION_ITEM() 
RATIONAL_B_SPLINE_CURVE((1.,0.5,1.,0.5,1.,0.5,1.)) REPRESENTATION_ITEM(
  '') );
#479 = CARTESIAN_POINT('',(-33.4416095957,-10.60121894048));
#480 = CARTESIAN_POINT('',(-33.4416095957,-10.77442402124));
#481 = CARTESIAN_POINT('',(-33.5916095957,-10.68782148086));
#482 = CARTESIAN_POINT('',(-33.7416095957,-10.60121894048));
#483 = CARTESIAN_POINT('',(-33.5916095957,-10.51461640011));
#484 = CARTESIAN_POINT('',(-33.4416095957,-10.42801385973));
#485 = CARTESIAN_POINT('',(-33.4416095957,-10.60121894048));
#486 = ( GEOMETRIC_REPRESENTATION_CONTEXT(2) 
PARAMETRIC_REPRESENTATION_CONTEXT() REPRESENTATION_CONTEXT('2D SPACE',''
  ) );
#487 = PCURVE('',#488,#493);
#488 = CYLINDRICAL_SURFACE('',#489,1.E-01);
#489 = AXIS2_PLACEMENT_3D('',#490,#491,#492);
#490 = CARTESIAN_POINT('',(62.554145076759,-28.88240143208,
    38.373043623418));
#491 = DIRECTION('',(-0.965925826289,0.166365675343,-0.198266891274));
#492 = DIRECTION('',(-0.258819045103,-0.620885153015,0.739942111694));
#493 = DEFINITIONAL_REPRESENTATION('',(#494),#498);
#494 = LINE('',#495,#496);
#495 = CARTESIAN_POINT('',(-3.14159265359,0.));
#496 = VECTOR('',#497,1.);
#497 = DIRECTION('',(1.,0.));
#498 = ( GEOMETRIC_REPRESENTATION_CONTEXT(2) 
PARAMETRIC_REPRESENTATION_CONTEXT() REPRESENTATION_CONTEXT('2D SPACE',''
  ) );
#499 = ORIENTED_EDGE('',*,*,#500,.F.);
#500 = EDGE_CURVE('',#501,#468,#503,.T.);
#501 = VERTEX_POINT('',#502);
#502 = CARTESIAN_POINT('',(63.028037389116,-30.84299520324,
    34.419179591158));
#503 = SURFACE_CURVE('',#504,(#508,#515),.PCURVE_S1.);
#504 = LINE('',#505,#506);
#505 = CARTESIAN_POINT('',(63.038214492611,-30.88130005722,
    34.337456718008));
#506 = VECTOR('',#507,1.);
#507 = DIRECTION('',(-0.112049866757,0.421736281605,0.899768490301));
#508 = PCURVE('',#33,#509);
#509 = DEFINITIONAL_REPRESENTATION('',(#510),#514);
#510 = LINE('',#511,#512);
#511 = CARTESIAN_POINT('',(-31.67130899375,-14.72648938524));
#512 = VECTOR('',#513,1.);
#513 = DIRECTION('',(-0.432927440531,0.901428772137));
#514 = ( GEOMETRIC_REPRESENTATION_CONTEXT(2) 
PARAMETRIC_REPRESENTATION_CONTEXT() REPRESENTATION_CONTEXT('2D SPACE',''
  ) );
#515 = PCURVE('',#516,#521);
#516 = PLANE('',#517);
#517 = AXIS2_PLACEMENT_3D('',#518,#519,#520);
#518 = CARTESIAN_POINT('',(63.038214492611,-30.88130005722,
    34.337456718008));
#519 = DIRECTION('',(0.233306934032,0.891325401212,-0.38872471453));
#520 = DIRECTION('',(1.249000902703E-16,0.399756743809,0.91662126627));
#521 = DEFINITIONAL_REPRESENTATION('',(#522),#526);
#522 = LINE('',#523,#524);
#523 = CARTESIAN_POINT('',(0.,0.));
#524 = VECTOR('',#525,1.);
#525 = DIRECTION('',(0.99333885561,-0.115229848283));
#526 = ( GEOMETRIC_REPRESENTATION_CONTEXT(2) 
PARAMETRIC_REPRESENTATION_CONTEXT() REPRESENTATION_CONTEXT('2D SPACE',''
  ) );
#527 = ORIENTED_EDGE('',*,*,#528,.F.);
#528 = EDGE_CURVE('',#24,#501,#529,.T.);
#529 = SURFACE_CURVE('',#530,(#535,#546),.PCURVE_S1.);
#530 = CIRCLE('',#531,9.5);
#531 = AXIS2_PLACEMENT_3D('',#532,#533,#534);
#532 = CARTESIAN_POINT('',(61.626956066223,-28.2237463016,
    43.442843277151));
#533 = DIRECTION('',(-0.965925826289,0.166365675343,-0.198266891274));
#534 = DIRECTION('',(0.258819045103,0.620885153015,-0.739942111694));
#535 = PCURVE('',#33,#536);
#536 = DEFINITIONAL_REPRESENTATION('',(#537),#545);
#537 = ( BOUNDED_CURVE() B_SPLINE_CURVE(2,(#538,#539,#540,#541,#542,#543
,#544),.UNSPECIFIED.,.T.,.F.) B_SPLINE_CURVE_WITH_KNOTS((1,2,2,2,2,1),(
    -2.094395102393,0.,2.094395102393,4.188790204786,6.28318530718,
8.377580409573),.UNSPECIFIED.) CURVE() GEOMETRIC_REPRESENTATION_ITEM() 
RATIONAL_B_SPLINE_CURVE((1.,0.5,1.,0.5,1.,0.5,1.)) REPRESENTATION_ITEM(
  '') );
#538 = CARTESIAN_POINT('',(-27.62399284021,-6.837855436839));
#539 = CARTESIAN_POINT('',(-27.62399284021,-23.29233810874));
#540 = CARTESIAN_POINT('',(-41.87399284021,-15.06509677279));
#541 = CARTESIAN_POINT('',(-56.12399284021,-6.837855436839));
#542 = CARTESIAN_POINT('',(-41.87399284021,1.389385899113));
#543 = CARTESIAN_POINT('',(-27.62399284021,9.616627235065));
#544 = CARTESIAN_POINT('',(-27.62399284021,-6.837855436839));
#545 = ( GEOMETRIC_REPRESENTATION_CONTEXT(2) 
PARAMETRIC_REPRESENTATION_CONTEXT() REPRESENTATION_CONTEXT('2D SPACE',''
  ) );
#546 = PCURVE('',#547,#552);
#547 = CYLINDRICAL_SURFACE('',#548,9.5);
#548 = AXIS2_PLACEMENT_3D('',#549,#550,#551);
#549 = CARTESIAN_POINT('',(-72.15145158529,-5.182499728113,
    15.983354895345));
#550 = DIRECTION('',(0.965925826289,-0.166365675343,0.198266891274));
#551 = DIRECTION('',(0.258819045103,0.620885153015,-0.739942111694));
#552 = DEFINITIONAL_REPRESENTATION('',(#553),#557);
#553 = LINE('',#554,#555);
#554 = CARTESIAN_POINT('',(12.566370614359,138.4975988948));
#555 = VECTOR('',#556,1.);
#556 = DIRECTION('',(-1.,0.));
#557 = ( GEOMETRIC_REPRESENTATION_CONTEXT(2) 
PARAMETRIC_REPRESENTATION_CONTEXT() REPRESENTATION_CONTEXT('2D SPACE',''
  ) );
#558 = FACE_BOUND('',#559,.T.);
#559 = EDGE_LOOP('',(#560,#590,#623,#651,#679));
#560 = ORIENTED_EDGE('',*,*,#561,.F.);
#561 = EDGE_CURVE('',#562,#564,#566,.T.);
#562 = VERTEX_POINT('',#563);
#563 = CARTESIAN_POINT('',(62.205828808732,-16.28463561669,
    50.640767604265));
#564 = VERTEX_POINT('',#565);
#565 = CARTESIAN_POINT('',(74.951465167819,17.707936225106,
    17.069140400872));
#566 = SURFACE_CURVE('',#567,(#571,#578),.PCURVE_S1.);
#567 = LINE('',#568,#569);
#568 = CARTESIAN_POINT('',(71.630656752042,8.851350687448,
    25.816051030318));
#569 = VECTOR('',#570,1.);
#570 = DIRECTION('',(0.257763880815,0.687455454553,-0.678942397963));
#571 = PCURVE('',#33,#572);
#572 = DEFINITIONAL_REPRESENTATION('',(#573),#577);
#573 = LINE('',#574,#575);
#574 = CARTESIAN_POINT('',(1.527338563375,10.233032934937));
#575 = VECTOR('',#576,1.);
#576 = DIRECTION('',(0.995923158253,9.020566975088E-02));
#577 = ( GEOMETRIC_REPRESENTATION_CONTEXT(2) 
PARAMETRIC_REPRESENTATION_CONTEXT() REPRESENTATION_CONTEXT('2D SPACE',''
  ) );
#578 = PCURVE('',#579,#584);
#579 = PLANE('',#580);
#580 = AXIS2_PLACEMENT_3D('',#581,#582,#583);
#581 = CARTESIAN_POINT('',(71.630656752042,8.851350687448,
    25.816051030318));
#582 = DIRECTION('',(2.334694530776E-02,-0.706914040087,-0.706914040087)
  );
#583 = DIRECTION('',(-1.734723475977E-18,0.707106781187,-0.707106781187)
  );
#584 = DEFINITIONAL_REPRESENTATION('',(#585),#589);
#585 = LINE('',#586,#587);
#586 = CARTESIAN_POINT('',(0.,0.));
#587 = VECTOR('',#588,1.);
#588 = DIRECTION('',(0.966189187313,0.257834160496));
#589 = ( GEOMETRIC_REPRESENTATION_CONTEXT(2) 
PARAMETRIC_REPRESENTATION_CONTEXT() REPRESENTATION_CONTEXT('2D SPACE',''
  ) );
#590 = ORIENTED_EDGE('',*,*,#591,.F.);
#591 = EDGE_CURVE('',#592,#562,#594,.T.);
#592 = VERTEX_POINT('',#593);
#593 = CARTESIAN_POINT('',(62.95293105858,-38.90588489948,
    28.019518321475));
#594 = SURFACE_CURVE('',#595,(#600,#611),.PCURVE_S1.);
#595 = CIRCLE('',#596,16.);
#596 = AXIS2_PLACEMENT_3D('',#597,#598,#599);
#597 = CARTESIAN_POINT('',(62.579379933656,-27.59526025808,
    39.33014296287));
#598 = DIRECTION('',(-0.965925826289,0.166365675343,-0.198266891274));
#599 = DIRECTION('',(0.258819045103,0.620885153015,-0.739942111694));
#600 = PCURVE('',#33,#601);
#601 = DEFINITIONAL_REPRESENTATION('',(#602),#610);
#602 = ( BOUNDED_CURVE() B_SPLINE_CURVE(2,(#603,#604,#605,#606,#607,#608
,#609),.UNSPECIFIED.,.T.,.F.) B_SPLINE_CURVE_WITH_KNOTS((1,2,2,2,2,1),(
    -2.094395102393,0.,2.094395102393,4.188790204786,6.28318530718,
8.377580409573),.UNSPECIFIED.) CURVE() GEOMETRIC_REPRESENTATION_ITEM() 
RATIONAL_B_SPLINE_CURVE((1.,0.5,1.,0.5,1.,0.5,1.)) REPRESENTATION_ITEM(
  '') );
#603 = CARTESIAN_POINT('',(-17.4441095957,-9.));
#604 = CARTESIAN_POINT('',(-17.4441095957,-36.7128129211));
#605 = CARTESIAN_POINT('',(-41.4441095957,-22.85640646055));
#606 = CARTESIAN_POINT('',(-65.4441095957,-9.));
#607 = CARTESIAN_POINT('',(-41.4441095957,4.856406460551));
#608 = CARTESIAN_POINT('',(-17.4441095957,18.712812921102));
#609 = CARTESIAN_POINT('',(-17.4441095957,-9.));
#610 = ( GEOMETRIC_REPRESENTATION_CONTEXT(2) 
PARAMETRIC_REPRESENTATION_CONTEXT() REPRESENTATION_CONTEXT('2D SPACE',''
  ) );
#611 = PCURVE('',#612,#617);
#612 = CYLINDRICAL_SURFACE('',#613,16.);
#613 = AXIS2_PLACEMENT_3D('',#614,#615,#616);
#614 = CARTESIAN_POINT('',(62.579379933656,-27.59526025808,
    39.33014296287));
#615 = DIRECTION('',(-0.965925826289,0.166365675343,-0.198266891274));
#616 = DIRECTION('',(-0.258819045103,-0.620885153015,0.739942111694));
#617 = DEFINITIONAL_REPRESENTATION('',(#618),#622);
#618 = LINE('',#619,#620);
#619 = CARTESIAN_POINT('',(3.14159265359,0.));
#620 = VECTOR('',#621,1.);
#621 = DIRECTION('',(1.,0.));
#622 = ( GEOMETRIC_REPRESENTATION_CONTEXT(2) 
PARAMETRIC_REPRESENTATION_CONTEXT() REPRESENTATION_CONTEXT('2D SPACE',''
  ) );
#623 = ORIENTED_EDGE('',*,*,#624,.F.);
#624 = EDGE_CURVE('',#625,#592,#627,.T.);
#625 = VERTEX_POINT('',#626);
#626 = CARTESIAN_POINT('',(73.590681481538,-10.53503817987,0.));
#627 = SURFACE_CURVE('',#628,(#632,#639),.PCURVE_S1.);
#628 = LINE('',#629,#630);
#629 = CARTESIAN_POINT('',(74.702788881456,-7.56905126306,
    -2.929257825057));
#630 = VECTOR('',#631,1.);
#631 = DIRECTION('',(-0.257763880815,-0.687455454553,0.678942397963));
#632 = PCURVE('',#33,#633);
#633 = DEFINITIONAL_REPRESENTATION('',(#634),#638);
#634 = LINE('',#635,#636);
#635 = CARTESIAN_POINT('',(13.397145625671,-20.82285310187));
#636 = VECTOR('',#637,1.);
#637 = DIRECTION('',(-0.995923158253,-9.020566975088E-02));
#638 = ( GEOMETRIC_REPRESENTATION_CONTEXT(2) 
PARAMETRIC_REPRESENTATION_CONTEXT() REPRESENTATION_CONTEXT('2D SPACE',''
  ) );
#639 = PCURVE('',#640,#645);
#640 = PLANE('',#641);
#641 = AXIS2_PLACEMENT_3D('',#642,#643,#644);
#642 = CARTESIAN_POINT('',(74.702788881456,-7.56905126306,
    -2.929257825057));
#643 = DIRECTION('',(-2.334694530776E-02,0.706914040087,0.706914040087)
  );
#644 = DIRECTION('',(1.734723475977E-18,-0.707106781187,0.707106781187)
  );
#645 = DEFINITIONAL_REPRESENTATION('',(#646),#650);
#646 = LINE('',#647,#648);
#647 = CARTESIAN_POINT('',(0.,0.));
#648 = VECTOR('',#649,1.);
#649 = DIRECTION('',(0.966189187313,-0.257834160496));
#650 = ( GEOMETRIC_REPRESENTATION_CONTEXT(2) 
PARAMETRIC_REPRESENTATION_CONTEXT() REPRESENTATION_CONTEXT('2D SPACE',''
  ) );
#651 = ORIENTED_EDGE('',*,*,#652,.F.);
#652 = EDGE_CURVE('',#653,#625,#655,.T.);
#653 = VERTEX_POINT('',#654);
#654 = CARTESIAN_POINT('',(77.249287201419,10.706974307134,
    3.469446951954E-15));
#655 = SURFACE_CURVE('',#656,(#660,#667),.PCURVE_S1.);
#656 = LINE('',#657,#658);
#657 = CARTESIAN_POINT('',(75.295765414071,-0.63525204292,
    3.469446951954E-15));
#658 = VECTOR('',#659,1.);
#659 = DIRECTION('',(-0.169735247535,-0.985489698447,0.));
#660 = PCURVE('',#33,#661);
#661 = DEFINITIONAL_REPRESENTATION('',(#662),#666);
#662 = LINE('',#663,#664);
#663 = CARTESIAN_POINT('',(15.688231014612,-13.62836410406));
#664 = VECTOR('',#665,1.);
#665 = DIRECTION('',(-0.655806636902,-0.754928907246));
#666 = ( GEOMETRIC_REPRESENTATION_CONTEXT(2) 
PARAMETRIC_REPRESENTATION_CONTEXT() REPRESENTATION_CONTEXT('2D SPACE',''
  ) );
#667 = PCURVE('',#668,#673);
#668 = PLANE('',#669);
#669 = AXIS2_PLACEMENT_3D('',#670,#671,#672);
#670 = CARTESIAN_POINT('',(36.408493615398,-14.81881138722,
    3.469446951954E-15));
#671 = DIRECTION('',(0.,-5.551115123126E-17,-1.));
#672 = DIRECTION('',(-1.,-0.,0.));
#673 = DEFINITIONAL_REPRESENTATION('',(#674),#678);
#674 = LINE('',#675,#676);
#675 = CARTESIAN_POINT('',(-38.88727179867,14.183559344307));
#676 = VECTOR('',#677,1.);
#677 = DIRECTION('',(0.169735247535,-0.985489698447));
#678 = ( GEOMETRIC_REPRESENTATION_CONTEXT(2) 
PARAMETRIC_REPRESENTATION_CONTEXT() REPRESENTATION_CONTEXT('2D SPACE',''
  ) );
#679 = ORIENTED_EDGE('',*,*,#680,.F.);
#680 = EDGE_CURVE('',#564,#653,#681,.T.);
#681 = SURFACE_CURVE('',#682,(#687,#698),.PCURVE_S1.);
#682 = ELLIPSE('',#683,10.417665355489,10.);
#683 = AXIS2_PLACEMENT_3D('',#684,#685,#686);
#684 = CARTESIAN_POINT('',(75.184934620896,10.638795824234,10.));
#685 = DIRECTION('',(-0.965925826289,0.166365675343,-0.198266891274));
#686 = DIRECTION('',(0.257763880815,0.687455454553,-0.678942397963));
#687 = PCURVE('',#33,#688);
#688 = DEFINITIONAL_REPRESENTATION('',(#689),#697);
#689 = ( BOUNDED_CURVE() B_SPLINE_CURVE(2,(#690,#691,#692,#693,#694,#695
,#696),.UNSPECIFIED.,.T.,.F.) B_SPLINE_CURVE_WITH_KNOTS((1,2,2,2,2,1),(
    -2.094395102393,0.,2.094395102393,4.188790204786,6.28318530718,
8.377580409573),.UNSPECIFIED.) CURVE() GEOMETRIC_REPRESENTATION_ITEM() 
RATIONAL_B_SPLINE_CURVE((1.,0.5,1.,0.5,1.,0.5,1.)) REPRESENTATION_ITEM(
  '') );
#690 = CARTESIAN_POINT('',(25.635207895173,2.375666193527));
#691 = CARTESIAN_POINT('',(27.197615926566,-14.87422891176));
#692 = CARTESIAN_POINT('',(10.853620637177,-7.658880080066));
#693 = CARTESIAN_POINT('',(-5.490374652213,-0.443531248371));
#694 = CARTESIAN_POINT('',(9.291212605784,9.591015025222));
#695 = CARTESIAN_POINT('',(24.07279986378,19.625561298815));
#696 = CARTESIAN_POINT('',(25.635207895173,2.375666193527));
#697 = ( GEOMETRIC_REPRESENTATION_CONTEXT(2) 
PARAMETRIC_REPRESENTATION_CONTEXT() REPRESENTATION_CONTEXT('2D SPACE',''
  ) );
#698 = PCURVE('',#699,#704);
#699 = CYLINDRICAL_SURFACE('',#700,10.);
#700 = AXIS2_PLACEMENT_3D('',#701,#702,#703);
#701 = CARTESIAN_POINT('',(35.610881761453,9.33180063766,10.));
#702 = DIRECTION('',(0.99945506862,3.300857176602E-02,0.));
#703 = DIRECTION('',(2.529172656192E-02,-0.765799395552,-0.642581990364)
  );
#704 = DEFINITIONAL_REPRESENTATION('',(#705),#731);
#705 = B_SPLINE_CURVE_WITH_KNOTS('',3,(#706,#707,#708,#709,#710,#711,
    #712,#713,#714,#715,#716,#717,#718,#719,#720,#721,#722,#723,#724,
    #725,#726,#727,#728,#729,#730),.UNSPECIFIED.,.F.,.F.,(4,1,1,1,1,1,1,
    1,1,1,1,1,1,1,1,1,1,1,1,1,1,1,4),(4.712388980385,4.81947634176,
    4.926563703135,5.03365106451,5.140738425885,5.24782578726,
    5.354913148635,5.46200051001,5.569087871385,5.67617523276,
    5.783262594135,5.89034995551,5.997437316885,6.10452467826,
    6.211612039635,6.318699401011,6.425786762386,6.532874123761,
    6.639961485136,6.747048846511,6.854136207886,6.961223569261,
    7.068310930636),.QUASI_UNIFORM_KNOTS.);
#706 = CARTESIAN_POINT('',(3.228854962994,39.595629760616));
#707 = CARTESIAN_POINT('',(3.193159175869,39.699873814914));
#708 = CARTESIAN_POINT('',(3.121767601619,39.908347471382));
#709 = CARTESIAN_POINT('',(3.014680240244,40.217486823159));
#710 = CARTESIAN_POINT('',(2.907592878869,40.519498608289));
#711 = CARTESIAN_POINT('',(2.800505517494,40.810926693212));
#712 = CARTESIAN_POINT('',(2.693418156119,41.088431204201));
#713 = CARTESIAN_POINT('',(2.586330794744,41.348833124803));
#714 = CARTESIAN_POINT('',(2.479243433369,41.589149020012));
#715 = CARTESIAN_POINT('',(2.372156071993,41.806625671453));
#716 = CARTESIAN_POINT('',(2.265068710618,41.998771498459));
#717 = CARTESIAN_POINT('',(2.157981349243,42.163385136155));
#718 = CARTESIAN_POINT('',(2.050893987868,42.298580647117));
#719 = CARTESIAN_POINT('',(1.943806626493,42.402809130703));
#720 = CARTESIAN_POINT('',(1.836719265118,42.474876466762));
#721 = CARTESIAN_POINT('',(1.729631903743,42.51395700036));
#722 = CARTESIAN_POINT('',(1.622544542368,42.519602986798));
#723 = CARTESIAN_POINT('',(1.515457180993,42.49174977452));
#724 = CARTESIAN_POINT('',(1.408369819618,42.430716347281));
#725 = CARTESIAN_POINT('',(1.301282458243,42.337202410526));
#726 = CARTESIAN_POINT('',(1.194195096868,42.212277609995));
#727 = CARTESIAN_POINT('',(1.087107735493,42.05737959634));
#728 = CARTESIAN_POINT('',(0.980020374118,41.874259042273));
#729 = CARTESIAN_POINT('',(0.908628799868,41.73482189039));
#730 = CARTESIAN_POINT('',(0.872933012743,41.661107884983));
#731 = ( GEOMETRIC_REPRESENTATION_CONTEXT(2) 
PARAMETRIC_REPRESENTATION_CONTEXT() REPRESENTATION_CONTEXT('2D SPACE',''
  ) );
#732 = ADVANCED_FACE('',(#733,#1196),#748,.F.);
#733 = FACE_BOUND('',#734,.T.);
#734 = EDGE_LOOP('',(#735,#770,#793,#821,#849,#877,#905,#928,#956,#979,
    #1007,#1035,#1063,#1091,#1119,#1142,#1170));
#735 = ORIENTED_EDGE('',*,*,#736,.T.);
#736 = EDGE_CURVE('',#737,#739,#741,.T.);
#737 = VERTEX_POINT('',#738);
#738 = CARTESIAN_POINT('',(59.244148034651,-20.80528673668,
    36.057812229932));
#739 = VERTEX_POINT('',#740);
#740 = CARTESIAN_POINT('',(58.198408257671,-30.01116682652,
    33.427845134787));
#741 = SURFACE_CURVE('',#742,(#747,#763),.PCURVE_S1.);
#742 = CIRCLE('',#743,9.5);
#743 = AXIS2_PLACEMENT_3D('',#744,#745,#746);
#744 = CARTESIAN_POINT('',(56.797326934778,-27.39191792488,
    42.45150882078));
#745 = DIRECTION('',(-0.965925826289,0.166365675343,-0.198266891274));
#746 = DIRECTION('',(0.258819045103,0.620885153015,-0.739942111694));
#747 = PCURVE('',#748,#753);
#748 = PLANE('',#749);
#749 = AXIS2_PLACEMENT_3D('',#750,#751,#752);
#750 = CARTESIAN_POINT('',(66.405723312076,0.895919210473,19.37719191571
    ));
#751 = DIRECTION('',(0.965925826289,-0.166365675343,0.198266891274));
#752 = DIRECTION('',(0.258819045103,0.620885153015,-0.739942111694));
#753 = DEFINITIONAL_REPRESENTATION('',(#754),#762);
#754 = ( BOUNDED_CURVE() B_SPLINE_CURVE(2,(#755,#756,#757,#758,#759,#760
,#761),.UNSPECIFIED.,.T.,.F.) B_SPLINE_CURVE_WITH_KNOTS((1,2,2,2,2,1),(
    -2.094395102393,0.,2.094395102393,4.188790204786,6.28318530718,
8.377580409573),.UNSPECIFIED.) CURVE() GEOMETRIC_REPRESENTATION_ITEM() 
RATIONAL_B_SPLINE_CURVE((1.,0.5,1.,0.5,1.,0.5,1.)) REPRESENTATION_ITEM(
  '') );
#755 = CARTESIAN_POINT('',(-27.62399284021,-6.837855436839));
#756 = CARTESIAN_POINT('',(-27.62399284021,-23.29233810874));
#757 = CARTESIAN_POINT('',(-41.87399284021,-15.06509677279));
#758 = CARTESIAN_POINT('',(-56.12399284021,-6.837855436839));
#759 = CARTESIAN_POINT('',(-41.87399284021,1.389385899113));
#760 = CARTESIAN_POINT('',(-27.62399284021,9.616627235065));
#761 = CARTESIAN_POINT('',(-27.62399284021,-6.837855436839));
#762 = ( GEOMETRIC_REPRESENTATION_CONTEXT(2) 
PARAMETRIC_REPRESENTATION_CONTEXT() REPRESENTATION_CONTEXT('2D SPACE',''
  ) );
#763 = PCURVE('',#547,#764);
#764 = DEFINITIONAL_REPRESENTATION('',(#765),#769);
#765 = LINE('',#766,#767);
#766 = CARTESIAN_POINT('',(12.566370614359,133.4975988948));
#767 = VECTOR('',#768,1.);
#768 = DIRECTION('',(-1.,0.));
#769 = ( GEOMETRIC_REPRESENTATION_CONTEXT(2) 
PARAMETRIC_REPRESENTATION_CONTEXT() REPRESENTATION_CONTEXT('2D SPACE',''
  ) );
#770 = ORIENTED_EDGE('',*,*,#771,.T.);
#771 = EDGE_CURVE('',#739,#772,#774,.T.);
#772 = VERTEX_POINT('',#773);
#773 = CARTESIAN_POINT('',(57.70118525191,-28.13970559549,
    37.420581638501));
#774 = SURFACE_CURVE('',#775,(#779,#786),.PCURVE_S1.);
#775 = LINE('',#776,#777);
#776 = CARTESIAN_POINT('',(58.208585361166,-30.04947168051,
    33.346122261638));
#777 = VECTOR('',#778,1.);
#778 = DIRECTION('',(-0.112049866757,0.421736281605,0.899768490301));
#779 = PCURVE('',#748,#780);
#780 = DEFINITIONAL_REPRESENTATION('',(#781),#785);
#781 = LINE('',#782,#783);
#782 = CARTESIAN_POINT('',(-31.67130899375,-14.72648938524));
#783 = VECTOR('',#784,1.);
#784 = DIRECTION('',(-0.432927440531,0.901428772137));
#785 = ( GEOMETRIC_REPRESENTATION_CONTEXT(2) 
PARAMETRIC_REPRESENTATION_CONTEXT() REPRESENTATION_CONTEXT('2D SPACE',''
  ) );
#786 = PCURVE('',#516,#787);
#787 = DEFINITIONAL_REPRESENTATION('',(#788),#792);
#788 = LINE('',#789,#790);
#789 = CARTESIAN_POINT('',(-0.576149241413,-4.96669427805));
#790 = VECTOR('',#791,1.);
#791 = DIRECTION('',(0.99333885561,-0.115229848283));
#792 = ( GEOMETRIC_REPRESENTATION_CONTEXT(2) 
PARAMETRIC_REPRESENTATION_CONTEXT() REPRESENTATION_CONTEXT('2D SPACE',''
  ) );
#793 = ORIENTED_EDGE('',*,*,#794,.T.);
#794 = EDGE_CURVE('',#772,#795,#797,.T.);
#795 = VERTEX_POINT('',#796);
#796 = CARTESIAN_POINT('',(57.7238688977,-27.97554476657,37.447817693043
    ));
#797 = SURFACE_CURVE('',#798,(#803,#814),.PCURVE_S1.);
#798 = CIRCLE('',#799,1.E-01);
#799 = AXIS2_PLACEMENT_3D('',#800,#801,#802);
#800 = CARTESIAN_POINT('',(57.724515945313,-28.05057305537,
    37.381709167048));
#801 = DIRECTION('',(-0.965925826289,0.166365675343,-0.198266891274));
#802 = DIRECTION('',(0.258819045103,0.620885153015,-0.739942111694));
#803 = PCURVE('',#748,#804);
#804 = DEFINITIONAL_REPRESENTATION('',(#805),#813);
#805 = ( BOUNDED_CURVE() B_SPLINE_CURVE(2,(#806,#807,#808,#809,#810,#811
,#812),.UNSPECIFIED.,.T.,.F.) B_SPLINE_CURVE_WITH_KNOTS((1,2,2,2,2,1),(
    -2.094395102393,0.,2.094395102393,4.188790204786,6.28318530718,
8.377580409573),.UNSPECIFIED.) CURVE() GEOMETRIC_REPRESENTATION_ITEM() 
RATIONAL_B_SPLINE_CURVE((1.,0.5,1.,0.5,1.,0.5,1.)) REPRESENTATION_ITEM(
  '') );
#806 = CARTESIAN_POINT('',(-33.4416095957,-10.60121894048));
#807 = CARTESIAN_POINT('',(-33.4416095957,-10.77442402124));
#808 = CARTESIAN_POINT('',(-33.5916095957,-10.68782148086));
#809 = CARTESIAN_POINT('',(-33.7416095957,-10.60121894048));
#810 = CARTESIAN_POINT('',(-33.5916095957,-10.51461640011));
#811 = CARTESIAN_POINT('',(-33.4416095957,-10.42801385973));
#812 = CARTESIAN_POINT('',(-33.4416095957,-10.60121894048));
#813 = ( GEOMETRIC_REPRESENTATION_CONTEXT(2) 
PARAMETRIC_REPRESENTATION_CONTEXT() REPRESENTATION_CONTEXT('2D SPACE',''
  ) );
#814 = PCURVE('',#488,#815);
#815 = DEFINITIONAL_REPRESENTATION('',(#816),#820);
#816 = LINE('',#817,#818);
#817 = CARTESIAN_POINT('',(-3.14159265359,5.));
#818 = VECTOR('',#819,1.);
#819 = DIRECTION('',(1.,0.));
#820 = ( GEOMETRIC_REPRESENTATION_CONTEXT(2) 
PARAMETRIC_REPRESENTATION_CONTEXT() REPRESENTATION_CONTEXT('2D SPACE',''
  ) );
#821 = ORIENTED_EDGE('',*,*,#822,.T.);
#822 = EDGE_CURVE('',#795,#823,#825,.T.);
#823 = VERTEX_POINT('',#824);
#824 = CARTESIAN_POINT('',(57.749750802211,-27.91249854605,
    37.37462709197));
#825 = SURFACE_CURVE('',#826,(#831,#842),.PCURVE_S1.);
#826 = CIRCLE('',#827,3.999999999994);
#827 = AXIS2_PLACEMENT_3D('',#828,#829,#830);
#828 = CARTESIAN_POINT('',(57.749750802211,-30.97667631852,
    34.803476653227));
#829 = DIRECTION('',(-0.965925826289,0.166365675343,-0.198266891274));
#830 = DIRECTION('',(0.258819045103,0.620885153015,-0.739942111694));
#831 = PCURVE('',#748,#832);
#832 = DEFINITIONAL_REPRESENTATION('',(#833),#841);
#833 = ( BOUNDED_CURVE() B_SPLINE_CURVE(2,(#834,#835,#836,#837,#838,#839
,#840),.UNSPECIFIED.,.T.,.F.) B_SPLINE_CURVE_WITH_KNOTS((1,2,2,2,2,1),(
    -2.094395102393,0.,2.094395102393,4.188790204786,6.28318530718,
8.377580409573),.UNSPECIFIED.) CURVE() GEOMETRIC_REPRESENTATION_ITEM() 
RATIONAL_B_SPLINE_CURVE((1.,0.5,1.,0.5,1.,0.5,1.)) REPRESENTATION_ITEM(
  '') );
#834 = CARTESIAN_POINT('',(-29.44410959571,-14.49999999999));
#835 = CARTESIAN_POINT('',(-29.44410959571,-21.42820323026));
#836 = CARTESIAN_POINT('',(-35.4441095957,-17.96410161512));
#837 = CARTESIAN_POINT('',(-41.44410959569,-14.49999999999));
#838 = CARTESIAN_POINT('',(-35.4441095957,-11.03589838486));
#839 = CARTESIAN_POINT('',(-29.44410959571,-7.571796769729));
#840 = CARTESIAN_POINT('',(-29.44410959571,-14.49999999999));
#841 = ( GEOMETRIC_REPRESENTATION_CONTEXT(2) 
PARAMETRIC_REPRESENTATION_CONTEXT() REPRESENTATION_CONTEXT('2D SPACE',''
  ) );
#842 = PCURVE('',#455,#843);
#843 = DEFINITIONAL_REPRESENTATION('',(#844),#848);
#844 = LINE('',#845,#846);
#845 = CARTESIAN_POINT('',(-3.14159265359,5.));
#846 = VECTOR('',#847,1.);
#847 = DIRECTION('',(1.,0.));
#848 = ( GEOMETRIC_REPRESENTATION_CONTEXT(2) 
PARAMETRIC_REPRESENTATION_CONTEXT() REPRESENTATION_CONTEXT('2D SPACE',''
  ) );
#849 = ORIENTED_EDGE('',*,*,#850,.F.);
#850 = EDGE_CURVE('',#851,#823,#853,.T.);
#851 = VERTEX_POINT('',#852);
#852 = CARTESIAN_POINT('',(57.749750802211,-25.61436521669,
    39.302989921029));
#853 = SURFACE_CURVE('',#854,(#859,#870),.PCURVE_S1.);
#854 = CIRCLE('',#855,1.5);
#855 = AXIS2_PLACEMENT_3D('',#856,#857,#858);
#856 = CARTESIAN_POINT('',(57.749750802211,-26.76343188137,
    38.338808506499));
#857 = DIRECTION('',(-0.965925826289,0.166365675343,-0.198266891274));
#858 = DIRECTION('',(0.258819045103,0.620885153015,-0.739942111694));
#859 = PCURVE('',#748,#860);
#860 = DEFINITIONAL_REPRESENTATION('',(#861),#869);
#861 = ( BOUNDED_CURVE() B_SPLINE_CURVE(2,(#862,#863,#864,#865,#866,#867
,#868),.UNSPECIFIED.,.T.,.F.) B_SPLINE_CURVE_WITH_KNOTS((1,2,2,2,2,1),(
    -2.094395102393,0.,2.094395102393,4.188790204786,6.28318530718,
8.377580409573),.UNSPECIFIED.) CURVE() GEOMETRIC_REPRESENTATION_ITEM() 
RATIONAL_B_SPLINE_CURVE((1.,0.5,1.,0.5,1.,0.5,1.)) REPRESENTATION_ITEM(
  '') );
#862 = CARTESIAN_POINT('',(-31.9441095957,-9.));
#863 = CARTESIAN_POINT('',(-31.9441095957,-11.59807621135));
#864 = CARTESIAN_POINT('',(-34.1941095957,-10.29903810567));
#865 = CARTESIAN_POINT('',(-36.4441095957,-9.));
#866 = CARTESIAN_POINT('',(-34.1941095957,-7.700961894323));
#867 = CARTESIAN_POINT('',(-31.9441095957,-6.401923788647));
#868 = CARTESIAN_POINT('',(-31.9441095957,-9.));
#869 = ( GEOMETRIC_REPRESENTATION_CONTEXT(2) 
PARAMETRIC_REPRESENTATION_CONTEXT() REPRESENTATION_CONTEXT('2D SPACE',''
  ) );
#870 = PCURVE('',#422,#871);
#871 = DEFINITIONAL_REPRESENTATION('',(#872),#876);
#872 = LINE('',#873,#874);
#873 = CARTESIAN_POINT('',(-3.14159265359,5.));
#874 = VECTOR('',#875,1.);
#875 = DIRECTION('',(1.,0.));
#876 = ( GEOMETRIC_REPRESENTATION_CONTEXT(2) 
PARAMETRIC_REPRESENTATION_CONTEXT() REPRESENTATION_CONTEXT('2D SPACE',''
  ) );
#877 = ORIENTED_EDGE('',*,*,#878,.F.);
#878 = EDGE_CURVE('',#879,#851,#881,.T.);
#879 = VERTEX_POINT('',#880);
#880 = CARTESIAN_POINT('',(57.333581761892,-26.75610976024,
    40.372464106697));
#881 = SURFACE_CURVE('',#882,(#887,#898),.PCURVE_S1.);
#882 = CIRCLE('',#883,7.);
#883 = AXIS2_PLACEMENT_3D('',#884,#885,#886);
#884 = CARTESIAN_POINT('',(57.749750802211,-30.97667631852,
    34.803476653224));
#885 = DIRECTION('',(-0.965925826289,0.166365675343,-0.198266891274));
#886 = DIRECTION('',(0.258819045103,0.620885153015,-0.739942111694));
#887 = PCURVE('',#748,#888);
#888 = DEFINITIONAL_REPRESENTATION('',(#889),#897);
#889 = ( BOUNDED_CURVE() B_SPLINE_CURVE(2,(#890,#891,#892,#893,#894,#895
,#896),.UNSPECIFIED.,.T.,.F.) B_SPLINE_CURVE_WITH_KNOTS((1,2,2,2,2,1),(
    -2.094395102393,0.,2.094395102393,4.188790204786,6.28318530718,
8.377580409573),.UNSPECIFIED.) CURVE() GEOMETRIC_REPRESENTATION_ITEM() 
RATIONAL_B_SPLINE_CURVE((1.,0.5,1.,0.5,1.,0.5,1.)) REPRESENTATION_ITEM(
  '') );
#890 = CARTESIAN_POINT('',(-26.4441095957,-14.5));
#891 = CARTESIAN_POINT('',(-26.4441095957,-26.62435565298));
#892 = CARTESIAN_POINT('',(-36.9441095957,-20.56217782649));
#893 = CARTESIAN_POINT('',(-47.4441095957,-14.5));
#894 = CARTESIAN_POINT('',(-36.9441095957,-8.437822173509));
#895 = CARTESIAN_POINT('',(-26.4441095957,-2.375644347018));
#896 = CARTESIAN_POINT('',(-26.4441095957,-14.5));
#897 = ( GEOMETRIC_REPRESENTATION_CONTEXT(2) 
PARAMETRIC_REPRESENTATION_CONTEXT() REPRESENTATION_CONTEXT('2D SPACE',''
  ) );
#898 = PCURVE('',#389,#899);
#899 = DEFINITIONAL_REPRESENTATION('',(#900),#904);
#900 = LINE('',#901,#902);
#901 = CARTESIAN_POINT('',(-3.14159265359,5.));
#902 = VECTOR('',#903,1.);
#903 = DIRECTION('',(1.,0.));
#904 = ( GEOMETRIC_REPRESENTATION_CONTEXT(2) 
PARAMETRIC_REPRESENTATION_CONTEXT() REPRESENTATION_CONTEXT('2D SPACE',''
  ) );
#905 = ORIENTED_EDGE('',*,*,#906,.F.);
#906 = EDGE_CURVE('',#907,#879,#909,.T.);
#907 = VERTEX_POINT('',#908);
#908 = CARTESIAN_POINT('',(57.147287335826,-26.05492982307,
    41.868421748985));
#909 = SURFACE_CURVE('',#910,(#914,#921),.PCURVE_S1.);
#910 = LINE('',#911,#912);
#911 = CARTESIAN_POINT('',(58.257494847488,-30.23355851161,
    32.953375568198));
#912 = VECTOR('',#913,1.);
#913 = DIRECTION('',(0.112049866757,-0.421736281605,-0.899768490301));
#914 = PCURVE('',#748,#915);
#915 = DEFINITIONAL_REPRESENTATION('',(#916),#920);
#916 = LINE('',#917,#918);
#917 = CARTESIAN_POINT('',(-31.48233724979,-15.11996078755));
#918 = VECTOR('',#919,1.);
#919 = DIRECTION('',(0.432927440531,-0.901428772137));
#920 = ( GEOMETRIC_REPRESENTATION_CONTEXT(2) 
PARAMETRIC_REPRESENTATION_CONTEXT() REPRESENTATION_CONTEXT('2D SPACE',''
  ) );
#921 = PCURVE('',#356,#922);
#922 = DEFINITIONAL_REPRESENTATION('',(#923),#927);
#923 = LINE('',#924,#925);
#924 = CARTESIAN_POINT('',(11.004115855375,133.11630321064));
#925 = VECTOR('',#926,1.);
#926 = DIRECTION('',(-0.99333885561,0.115229848283));
#927 = ( GEOMETRIC_REPRESENTATION_CONTEXT(2) 
PARAMETRIC_REPRESENTATION_CONTEXT() REPRESENTATION_CONTEXT('2D SPACE',''
  ) );
#928 = ORIENTED_EDGE('',*,*,#929,.F.);
#929 = EDGE_CURVE('',#930,#907,#932,.T.);
#930 = VERTEX_POINT('',#931);
#931 = CARTESIAN_POINT('',(56.447366533729,-28.7289060267,
    43.034595892575));
#932 = SURFACE_CURVE('',#933,(#938,#949),.PCURVE_S1.);
#933 = CIRCLE('',#934,1.5);
#934 = AXIS2_PLACEMENT_3D('',#935,#936,#937);
#935 = CARTESIAN_POINT('',(56.797326934778,-27.39191792488,
    42.45150882078));
#936 = DIRECTION('',(-0.965925826289,0.166365675343,-0.198266891274));
#937 = DIRECTION('',(0.258819045103,0.620885153015,-0.739942111694));
#938 = PCURVE('',#748,#939);
#939 = DEFINITIONAL_REPRESENTATION('',(#940),#948);
#940 = ( BOUNDED_CURVE() B_SPLINE_CURVE(2,(#941,#942,#943,#944,#945,#946
,#947),.UNSPECIFIED.,.T.,.F.) B_SPLINE_CURVE_WITH_KNOTS((1,2,2,2,2,1),(
    -2.094395102393,0.,2.094395102393,4.188790204786,6.28318530718,
8.377580409573),.UNSPECIFIED.) CURVE() GEOMETRIC_REPRESENTATION_ITEM() 
RATIONAL_B_SPLINE_CURVE((1.,0.5,1.,0.5,1.,0.5,1.)) REPRESENTATION_ITEM(
  '') );
#941 = CARTESIAN_POINT('',(-35.62399284021,-6.837855436839));
#942 = CARTESIAN_POINT('',(-35.62399284021,-9.435931648193));
#943 = CARTESIAN_POINT('',(-37.87399284021,-8.136893542516));
#944 = CARTESIAN_POINT('',(-40.12399284021,-6.837855436839));
#945 = CARTESIAN_POINT('',(-37.87399284021,-5.538817331163));
#946 = CARTESIAN_POINT('',(-35.62399284021,-4.239779225486));
#947 = CARTESIAN_POINT('',(-35.62399284021,-6.837855436839));
#948 = ( GEOMETRIC_REPRESENTATION_CONTEXT(2) 
PARAMETRIC_REPRESENTATION_CONTEXT() REPRESENTATION_CONTEXT('2D SPACE',''
  ) );
#949 = PCURVE('',#328,#950);
#950 = DEFINITIONAL_REPRESENTATION('',(#951),#955);
#951 = LINE('',#952,#953);
#952 = CARTESIAN_POINT('',(6.28318530718,133.4975988948));
#953 = VECTOR('',#954,1.);
#954 = DIRECTION('',(-1.,0.));
#955 = ( GEOMETRIC_REPRESENTATION_CONTEXT(2) 
PARAMETRIC_REPRESENTATION_CONTEXT() REPRESENTATION_CONTEXT('2D SPACE',''
  ) );
#956 = ORIENTED_EDGE('',*,*,#957,.F.);
#957 = EDGE_CURVE('',#958,#930,#960,.T.);
#958 = VERTEX_POINT('',#959);
#959 = CARTESIAN_POINT('',(57.798316352511,-33.81364704156,
    32.186371667946));
#960 = SURFACE_CURVE('',#961,(#965,#972),.PCURVE_S1.);
#961 = LINE('',#962,#963);
#962 = CARTESIAN_POINT('',(57.290916243256,-31.90388095654,
    36.260831044809));
#963 = VECTOR('',#964,1.);
#964 = DIRECTION('',(-0.112049866757,0.421736281605,0.899768490301));
#965 = PCURVE('',#748,#966);
#966 = DEFINITIONAL_REPRESENTATION('',(#967),#971);
#967 = LINE('',#968,#969);
#968 = CARTESIAN_POINT('',(-35.21691019766,-14.27351061475));
#969 = VECTOR('',#970,1.);
#970 = DIRECTION('',(-0.432927440531,0.901428772137));
#971 = ( GEOMETRIC_REPRESENTATION_CONTEXT(2) 
PARAMETRIC_REPRESENTATION_CONTEXT() REPRESENTATION_CONTEXT('2D SPACE',''
  ) );
#972 = PCURVE('',#299,#973);
#973 = DEFINITIONAL_REPRESENTATION('',(#974),#978);
#974 = LINE('',#975,#976);
#975 = CARTESIAN_POINT('',(-0.576149241413,-4.966694278051));
#976 = VECTOR('',#977,1.);
#977 = DIRECTION('',(0.99333885561,-0.115229848283));
#978 = ( GEOMETRIC_REPRESENTATION_CONTEXT(2) 
PARAMETRIC_REPRESENTATION_CONTEXT() REPRESENTATION_CONTEXT('2D SPACE',''
  ) );
#979 = ORIENTED_EDGE('',*,*,#980,.T.);
#980 = EDGE_CURVE('',#958,#981,#983,.T.);
#981 = VERTEX_POINT('',#982);
#982 = CARTESIAN_POINT('',(57.775632706721,-33.97780787048,
    32.159135613404));
#983 = SURFACE_CURVE('',#984,(#989,#1000),.PCURVE_S1.);
#984 = CIRCLE('',#985,0.1);
#985 = AXIS2_PLACEMENT_3D('',#986,#987,#988);
#986 = CARTESIAN_POINT('',(57.774985659108,-33.90277958168,
    32.225244139399));
#987 = DIRECTION('',(-0.965925826289,0.166365675343,-0.198266891274));
#988 = DIRECTION('',(0.258819045103,0.620885153015,-0.739942111694));
#989 = PCURVE('',#748,#990);
#990 = DEFINITIONAL_REPRESENTATION('',(#991),#999);
#991 = ( BOUNDED_CURVE() B_SPLINE_CURVE(2,(#992,#993,#994,#995,#996,#997
,#998),.UNSPECIFIED.,.T.,.F.) B_SPLINE_CURVE_WITH_KNOTS((1,2,2,2,2,1),(
    -2.094395102393,0.,2.094395102393,4.188790204786,6.28318530718,
8.377580409573),.UNSPECIFIED.) CURVE() GEOMETRIC_REPRESENTATION_ITEM() 
RATIONAL_B_SPLINE_CURVE((1.,0.5,1.,0.5,1.,0.5,1.)) REPRESENTATION_ITEM(
  '') );
#992 = CARTESIAN_POINT('',(-33.2466095957,-18.39878105951));
#993 = CARTESIAN_POINT('',(-33.2466095957,-18.57198614026));
#994 = CARTESIAN_POINT('',(-33.3966095957,-18.48538359988));
#995 = CARTESIAN_POINT('',(-33.5466095957,-18.39878105951));
#996 = CARTESIAN_POINT('',(-33.3966095957,-18.31217851913));
#997 = CARTESIAN_POINT('',(-33.2466095957,-18.22557597875));
#998 = CARTESIAN_POINT('',(-33.2466095957,-18.39878105951));
#999 = ( GEOMETRIC_REPRESENTATION_CONTEXT(2) 
PARAMETRIC_REPRESENTATION_CONTEXT() REPRESENTATION_CONTEXT('2D SPACE',''
  ) );
#1000 = PCURVE('',#271,#1001);
#1001 = DEFINITIONAL_REPRESENTATION('',(#1002),#1006);
#1002 = LINE('',#1003,#1004);
#1003 = CARTESIAN_POINT('',(-3.141592653589,5.));
#1004 = VECTOR('',#1005,1.);
#1005 = DIRECTION('',(1.,0.));
#1006 = ( GEOMETRIC_REPRESENTATION_CONTEXT(2) 
PARAMETRIC_REPRESENTATION_CONTEXT() REPRESENTATION_CONTEXT('2D SPACE',''
  ) );
#1007 = ORIENTED_EDGE('',*,*,#1008,.T.);
#1008 = EDGE_CURVE('',#981,#1009,#1011,.T.);
#1009 = VERTEX_POINT('',#1010);
#1010 = CARTESIAN_POINT('',(57.749750802211,-34.040854091,
    32.232326214477));
#1011 = SURFACE_CURVE('',#1012,(#1017,#1028),.PCURVE_S1.);
#1012 = CIRCLE('',#1013,4.000000000003);
#1013 = AXIS2_PLACEMENT_3D('',#1014,#1015,#1016);
#1014 = CARTESIAN_POINT('',(57.749750802211,-30.97667631852,
    34.803476653225));
#1015 = DIRECTION('',(-0.965925826289,0.166365675343,-0.198266891274));
#1016 = DIRECTION('',(0.258819045103,0.620885153015,-0.739942111694));
#1017 = PCURVE('',#748,#1018);
#1018 = DEFINITIONAL_REPRESENTATION('',(#1019),#1027);
#1019 = ( BOUNDED_CURVE() B_SPLINE_CURVE(2,(#1020,#1021,#1022,#1023,
#1024,#1025,#1026),.UNSPECIFIED.,.T.,.F.) B_SPLINE_CURVE_WITH_KNOTS((1,2
    ,2,2,2,1),(-2.094395102393,0.,2.094395102393,4.188790204786,
6.28318530718,8.377580409573),.UNSPECIFIED.) CURVE() 
GEOMETRIC_REPRESENTATION_ITEM() RATIONAL_B_SPLINE_CURVE((1.,0.5,1.,0.5,
1.,0.5,1.)) REPRESENTATION_ITEM('') );
#1020 = CARTESIAN_POINT('',(-29.4441095957,-14.49999999999));
#1021 = CARTESIAN_POINT('',(-29.4441095957,-21.42820323027));
#1022 = CARTESIAN_POINT('',(-35.4441095957,-17.96410161513));
#1023 = CARTESIAN_POINT('',(-41.44410959571,-14.49999999999));
#1024 = CARTESIAN_POINT('',(-35.4441095957,-11.03589838485));
#1025 = CARTESIAN_POINT('',(-29.4441095957,-7.571796769718));
#1026 = CARTESIAN_POINT('',(-29.4441095957,-14.49999999999));
#1027 = ( GEOMETRIC_REPRESENTATION_CONTEXT(2) 
PARAMETRIC_REPRESENTATION_CONTEXT() REPRESENTATION_CONTEXT('2D SPACE',''
  ) );
#1028 = PCURVE('',#238,#1029);
#1029 = DEFINITIONAL_REPRESENTATION('',(#1030),#1034);
#1030 = LINE('',#1031,#1032);
#1031 = CARTESIAN_POINT('',(3.14159265359,4.999999999999));
#1032 = VECTOR('',#1033,1.);
#1033 = DIRECTION('',(1.,5.683749662249E-13));
#1034 = ( GEOMETRIC_REPRESENTATION_CONTEXT(2) 
PARAMETRIC_REPRESENTATION_CONTEXT() REPRESENTATION_CONTEXT('2D SPACE',''
  ) );
#1035 = ORIENTED_EDGE('',*,*,#1036,.F.);
#1036 = EDGE_CURVE('',#1037,#1009,#1039,.T.);
#1037 = VERTEX_POINT('',#1038);
#1038 = CARTESIAN_POINT('',(57.749750802211,-36.33898742036,
    30.303963385418));
#1039 = SURFACE_CURVE('',#1040,(#1045,#1056),.PCURVE_S1.);
#1040 = CIRCLE('',#1041,1.5);
#1041 = AXIS2_PLACEMENT_3D('',#1042,#1043,#1044);
#1042 = CARTESIAN_POINT('',(57.749750802211,-35.18992075568,
    31.268144799948));
#1043 = DIRECTION('',(-0.965925826289,0.166365675343,-0.198266891274));
#1044 = DIRECTION('',(0.258819045103,0.620885153015,-0.739942111694));
#1045 = PCURVE('',#748,#1046);
#1046 = DEFINITIONAL_REPRESENTATION('',(#1047),#1055);
#1047 = ( BOUNDED_CURVE() B_SPLINE_CURVE(2,(#1048,#1049,#1050,#1051,
#1052,#1053,#1054),.UNSPECIFIED.,.T.,.F.) B_SPLINE_CURVE_WITH_KNOTS((1,2
    ,2,2,2,1),(-2.094395102393,0.,2.094395102393,4.188790204786,
6.28318530718,8.377580409573),.UNSPECIFIED.) CURVE() 
GEOMETRIC_REPRESENTATION_ITEM() RATIONAL_B_SPLINE_CURVE((1.,0.5,1.,0.5,
1.,0.5,1.)) REPRESENTATION_ITEM('') );
#1048 = CARTESIAN_POINT('',(-31.9441095957,-20.));
#1049 = CARTESIAN_POINT('',(-31.9441095957,-22.59807621135));
#1050 = CARTESIAN_POINT('',(-34.1941095957,-21.29903810567));
#1051 = CARTESIAN_POINT('',(-36.4441095957,-20.));
#1052 = CARTESIAN_POINT('',(-34.1941095957,-18.70096189432));
#1053 = CARTESIAN_POINT('',(-31.9441095957,-17.40192378864));
#1054 = CARTESIAN_POINT('',(-31.9441095957,-20.));
#1055 = ( GEOMETRIC_REPRESENTATION_CONTEXT(2) 
PARAMETRIC_REPRESENTATION_CONTEXT() REPRESENTATION_CONTEXT('2D SPACE',''
  ) );
#1056 = PCURVE('',#205,#1057);
#1057 = DEFINITIONAL_REPRESENTATION('',(#1058),#1062);
#1058 = LINE('',#1059,#1060);
#1059 = CARTESIAN_POINT('',(-3.14159265359,5.));
#1060 = VECTOR('',#1061,1.);
#1061 = DIRECTION('',(1.,4.52345554697E-15));
#1062 = ( GEOMETRIC_REPRESENTATION_CONTEXT(2) 
PARAMETRIC_REPRESENTATION_CONTEXT() REPRESENTATION_CONTEXT('2D SPACE',''
  ) );
#1063 = ORIENTED_EDGE('',*,*,#1064,.F.);
#1064 = EDGE_CURVE('',#1065,#1037,#1067,.T.);
#1065 = VERTEX_POINT('',#1066);
#1066 = CARTESIAN_POINT('',(58.534099869509,-33.92883028976,
    28.505097221118));
#1067 = SURFACE_CURVE('',#1068,(#1073,#1084),.PCURVE_S1.);
#1068 = CIRCLE('',#1069,7.);
#1069 = AXIS2_PLACEMENT_3D('',#1070,#1071,#1072);
#1070 = CARTESIAN_POINT('',(57.749750802211,-30.97667631852,
    34.803476653224));
#1071 = DIRECTION('',(-0.965925826289,0.166365675343,-0.198266891274));
#1072 = DIRECTION('',(0.258819045103,0.620885153015,-0.739942111694));
#1073 = PCURVE('',#748,#1074);
#1074 = DEFINITIONAL_REPRESENTATION('',(#1075),#1083);
#1075 = ( BOUNDED_CURVE() B_SPLINE_CURVE(2,(#1076,#1077,#1078,#1079,
#1080,#1081,#1082),.UNSPECIFIED.,.T.,.F.) B_SPLINE_CURVE_WITH_KNOTS((1,2
    ,2,2,2,1),(-2.094395102393,0.,2.094395102393,4.188790204786,
6.28318530718,8.377580409573),.UNSPECIFIED.) CURVE() 
GEOMETRIC_REPRESENTATION_ITEM() RATIONAL_B_SPLINE_CURVE((1.,0.5,1.,0.5,
1.,0.5,1.)) REPRESENTATION_ITEM('') );
#1076 = CARTESIAN_POINT('',(-26.4441095957,-14.5));
#1077 = CARTESIAN_POINT('',(-26.4441095957,-26.62435565298));
#1078 = CARTESIAN_POINT('',(-36.9441095957,-20.56217782649));
#1079 = CARTESIAN_POINT('',(-47.4441095957,-14.5));
#1080 = CARTESIAN_POINT('',(-36.9441095957,-8.437822173509));
#1081 = CARTESIAN_POINT('',(-26.4441095957,-2.375644347018));
#1082 = CARTESIAN_POINT('',(-26.4441095957,-14.5));
#1083 = ( GEOMETRIC_REPRESENTATION_CONTEXT(2) 
PARAMETRIC_REPRESENTATION_CONTEXT() REPRESENTATION_CONTEXT('2D SPACE',''
  ) );
#1084 = PCURVE('',#172,#1085);
#1085 = DEFINITIONAL_REPRESENTATION('',(#1086),#1090);
#1086 = LINE('',#1087,#1088);
#1087 = CARTESIAN_POINT('',(3.14159265359,5.));
#1088 = VECTOR('',#1089,1.);
#1089 = DIRECTION('',(1.,0.));
#1090 = ( GEOMETRIC_REPRESENTATION_CONTEXT(2) 
PARAMETRIC_REPRESENTATION_CONTEXT() REPRESENTATION_CONTEXT('2D SPACE',''
  ) );
#1091 = ORIENTED_EDGE('',*,*,#1092,.F.);
#1092 = EDGE_CURVE('',#1093,#1065,#1095,.T.);
#1093 = VERTEX_POINT('',#1094);
#1094 = CARTESIAN_POINT('',(58.715985470422,-31.95923776553,
    29.271662884774));
#1095 = SURFACE_CURVE('',#1096,(#1101,#1112),.PCURVE_S1.);
#1096 = CIRCLE('',#1097,1.5);
#1097 = AXIS2_PLACEMENT_3D('',#1098,#1099,#1100);
#1098 = CARTESIAN_POINT('',(58.366025069373,-33.29622586735,
    29.854749956569));
#1099 = DIRECTION('',(-0.965925826289,0.166365675343,-0.198266891274));
#1100 = DIRECTION('',(0.258819045103,0.620885153015,-0.739942111694));
#1101 = PCURVE('',#748,#1102);
#1102 = DEFINITIONAL_REPRESENTATION('',(#1103),#1111);
#1103 = ( BOUNDED_CURVE() B_SPLINE_CURVE(2,(#1104,#1105,#1106,#1107,
#1108,#1109,#1110),.UNSPECIFIED.,.T.,.F.) B_SPLINE_CURVE_WITH_KNOTS((1,2
    ,2,2,2,1),(-2.094395102393,0.,2.094395102393,4.188790204786,
6.28318530718,8.377580409573),.UNSPECIFIED.) CURVE() 
GEOMETRIC_REPRESENTATION_ITEM() RATIONAL_B_SPLINE_CURVE((1.,0.5,1.,0.5,
1.,0.5,1.)) REPRESENTATION_ITEM('') );
#1104 = CARTESIAN_POINT('',(-29.56300867278,-19.45785824675));
#1105 = CARTESIAN_POINT('',(-29.56300867278,-22.0559344581));
#1106 = CARTESIAN_POINT('',(-31.81300867278,-20.75689635242));
#1107 = CARTESIAN_POINT('',(-34.06300867278,-19.45785824675));
#1108 = CARTESIAN_POINT('',(-31.81300867278,-18.15882014107));
#1109 = CARTESIAN_POINT('',(-29.56300867278,-16.85978203539));
#1110 = CARTESIAN_POINT('',(-29.56300867278,-19.45785824675));
#1111 = ( GEOMETRIC_REPRESENTATION_CONTEXT(2) 
PARAMETRIC_REPRESENTATION_CONTEXT() REPRESENTATION_CONTEXT('2D SPACE',''
  ) );
#1112 = PCURVE('',#139,#1113);
#1113 = DEFINITIONAL_REPRESENTATION('',(#1114),#1118);
#1114 = LINE('',#1115,#1116);
#1115 = CARTESIAN_POINT('',(-3.14159265359,5.));
#1116 = VECTOR('',#1117,1.);
#1117 = DIRECTION('',(1.,0.));
#1118 = ( GEOMETRIC_REPRESENTATION_CONTEXT(2) 
PARAMETRIC_REPRESENTATION_CONTEXT() REPRESENTATION_CONTEXT('2D SPACE',''
  ) );
#1119 = ORIENTED_EDGE('',*,*,#1120,.T.);
#1120 = EDGE_CURVE('',#1093,#1121,#1123,.T.);
#1121 = VERTEX_POINT('',#1122);
#1122 = CARTESIAN_POINT('',(58.537789614355,-31.28853944245,
    30.702588427407));
#1123 = SURFACE_CURVE('',#1124,(#1128,#1135),.PCURVE_S1.);
#1124 = LINE('',#1125,#1126);
#1125 = CARTESIAN_POINT('',(58.208585361166,-30.04947168051,
    33.346122261638));
#1126 = VECTOR('',#1127,1.);
#1127 = DIRECTION('',(-0.112049866757,0.421736281605,0.899768490301));
#1128 = PCURVE('',#748,#1129);
#1129 = DEFINITIONAL_REPRESENTATION('',(#1130),#1134);
#1130 = LINE('',#1131,#1132);
#1131 = CARTESIAN_POINT('',(-31.67130899375,-14.72648938524));
#1132 = VECTOR('',#1133,1.);
#1133 = DIRECTION('',(-0.432927440531,0.901428772137));
#1134 = ( GEOMETRIC_REPRESENTATION_CONTEXT(2) 
PARAMETRIC_REPRESENTATION_CONTEXT() REPRESENTATION_CONTEXT('2D SPACE',''
  ) );
#1135 = PCURVE('',#106,#1136);
#1136 = DEFINITIONAL_REPRESENTATION('',(#1137),#1141);
#1137 = LINE('',#1138,#1139);
#1138 = CARTESIAN_POINT('',(-0.576149241413,-4.96669427805));
#1139 = VECTOR('',#1140,1.);
#1140 = DIRECTION('',(0.99333885561,-0.115229848283));
#1141 = ( GEOMETRIC_REPRESENTATION_CONTEXT(2) 
PARAMETRIC_REPRESENTATION_CONTEXT() REPRESENTATION_CONTEXT('2D SPACE',''
  ) );
#1142 = ORIENTED_EDGE('',*,*,#1143,.F.);
#1143 = EDGE_CURVE('',#1144,#1121,#1146,.T.);
#1144 = VERTEX_POINT('',#1145);
#1145 = CARTESIAN_POINT('',(60.01682838198,-18.72529794041,
    34.038750148612));
#1146 = SURFACE_CURVE('',#1147,(#1152,#1163),.PCURVE_S1.);
#1147 = CIRCLE('',#1148,12.5);
#1148 = AXIS2_PLACEMENT_3D('',#1149,#1150,#1151);
#1149 = CARTESIAN_POINT('',(56.797326934778,-27.39191792488,
    42.45150882078));
#1150 = DIRECTION('',(-0.965925826289,0.166365675343,-0.198266891274));
#1151 = DIRECTION('',(0.258819045103,0.620885153015,-0.739942111694));
#1152 = PCURVE('',#748,#1153);
#1153 = DEFINITIONAL_REPRESENTATION('',(#1154),#1162);
#1154 = ( BOUNDED_CURVE() B_SPLINE_CURVE(2,(#1155,#1156,#1157,#1158,
#1159,#1160,#1161),.UNSPECIFIED.,.T.,.F.) B_SPLINE_CURVE_WITH_KNOTS((1,2
    ,2,2,2,1),(-2.094395102393,0.,2.094395102393,4.188790204786,
6.28318530718,8.377580409573),.UNSPECIFIED.) CURVE() 
GEOMETRIC_REPRESENTATION_ITEM() RATIONAL_B_SPLINE_CURVE((1.,0.5,1.,0.5,
1.,0.5,1.)) REPRESENTATION_ITEM('') );
#1155 = CARTESIAN_POINT('',(-24.62399284021,-6.837855436839));
#1156 = CARTESIAN_POINT('',(-24.62399284021,-28.48849053145));
#1157 = CARTESIAN_POINT('',(-43.37399284021,-17.66317298414));
#1158 = CARTESIAN_POINT('',(-62.12399284021,-6.837855436839));
#1159 = CARTESIAN_POINT('',(-43.37399284021,3.987462110466));
#1160 = CARTESIAN_POINT('',(-24.62399284021,14.812779657772));
#1161 = CARTESIAN_POINT('',(-24.62399284021,-6.837855436839));
#1162 = ( GEOMETRIC_REPRESENTATION_CONTEXT(2) 
PARAMETRIC_REPRESENTATION_CONTEXT() REPRESENTATION_CONTEXT('2D SPACE',''
  ) );
#1163 = PCURVE('',#78,#1164);
#1164 = DEFINITIONAL_REPRESENTATION('',(#1165),#1169);
#1165 = LINE('',#1166,#1167);
#1166 = CARTESIAN_POINT('',(12.566370614359,133.4975988948));
#1167 = VECTOR('',#1168,1.);
#1168 = DIRECTION('',(-1.,0.));
#1169 = ( GEOMETRIC_REPRESENTATION_CONTEXT(2) 
PARAMETRIC_REPRESENTATION_CONTEXT() REPRESENTATION_CONTEXT('2D SPACE',''
  ) );
#1170 = ORIENTED_EDGE('',*,*,#1171,.F.);
#1171 = EDGE_CURVE('',#737,#1144,#1172,.T.);
#1172 = SURFACE_CURVE('',#1173,(#1178,#1189),.PCURVE_S1.);
#1173 = CIRCLE('',#1174,1.5);
#1174 = AXIS2_PLACEMENT_3D('',#1175,#1176,#1177);
#1175 = CARTESIAN_POINT('',(59.630488208315,-19.76529233855,
    35.048281189272));
#1176 = DIRECTION('',(-0.965925826289,0.166365675343,-0.198266891274));
#1177 = DIRECTION('',(0.258819045103,0.620885153015,-0.739942111694));
#1178 = PCURVE('',#748,#1179);
#1179 = DEFINITIONAL_REPRESENTATION('',(#1180),#1188);
#1180 = ( BOUNDED_CURVE() B_SPLINE_CURVE(2,(#1181,#1182,#1183,#1184,
#1185,#1186,#1187),.UNSPECIFIED.,.T.,.F.) B_SPLINE_CURVE_WITH_KNOTS((1,2
    ,2,2,2,1),(-2.094395102393,0.,2.094395102393,4.188790204786,
6.28318530718,8.377580409573),.UNSPECIFIED.) CURVE() 
GEOMETRIC_REPRESENTATION_ITEM() RATIONAL_B_SPLINE_CURVE((1.,0.5,1.,0.5,
1.,0.5,1.)) REPRESENTATION_ITEM('') );
#1181 = CARTESIAN_POINT('',(-24.67749826361,-5.754224279898));
#1182 = CARTESIAN_POINT('',(-24.67749826361,-8.352300491251));
#1183 = CARTESIAN_POINT('',(-26.92749826361,-7.053262385574));
#1184 = CARTESIAN_POINT('',(-29.17749826361,-5.754224279898));
#1185 = CARTESIAN_POINT('',(-26.92749826361,-4.455186174221));
#1186 = CARTESIAN_POINT('',(-24.67749826361,-3.156148068544));
#1187 = CARTESIAN_POINT('',(-24.67749826361,-5.754224279898));
#1188 = ( GEOMETRIC_REPRESENTATION_CONTEXT(2) 
PARAMETRIC_REPRESENTATION_CONTEXT() REPRESENTATION_CONTEXT('2D SPACE',''
  ) );
#1189 = PCURVE('',#45,#1190);
#1190 = DEFINITIONAL_REPRESENTATION('',(#1191),#1195);
#1191 = LINE('',#1192,#1193);
#1192 = CARTESIAN_POINT('',(6.28318530718,133.4975988948));
#1193 = VECTOR('',#1194,1.);
#1194 = DIRECTION('',(-1.,0.));
#1195 = ( GEOMETRIC_REPRESENTATION_CONTEXT(2) 
PARAMETRIC_REPRESENTATION_CONTEXT() REPRESENTATION_CONTEXT('2D SPACE',''
  ) );
#1196 = FACE_BOUND('',#1197,.T.);
#1197 = EDGE_LOOP('',(#1198,#1223,#1246,#1274,#1297));
#1198 = ORIENTED_EDGE('',*,*,#1199,.T.);
#1199 = EDGE_CURVE('',#1200,#1202,#1204,.T.);
#1200 = VERTEX_POINT('',#1201);
#1201 = CARTESIAN_POINT('',(72.043292980054,10.535038179873,
    3.469446951954E-15));
#1202 = VERTEX_POINT('',#1203);
#1203 = CARTESIAN_POINT('',(68.384687260174,-10.70697430713,
    3.469446951954E-15));
#1204 = SURFACE_CURVE('',#1205,(#1209,#1216),.PCURVE_S1.);
#1205 = LINE('',#1206,#1207);
#1206 = CARTESIAN_POINT('',(70.268516326656,0.230613292472,
    3.469446951954E-15));
#1207 = VECTOR('',#1208,1.);
#1208 = DIRECTION('',(-0.169735247535,-0.985489698447,0.));
#1209 = PCURVE('',#748,#1210);
#1210 = DEFINITIONAL_REPRESENTATION('',(#1211),#1215);
#1211 = LINE('',#1212,#1213);
#1212 = CARTESIAN_POINT('',(14.92468613757,-12.96507277539));
#1213 = VECTOR('',#1214,1.);
#1214 = DIRECTION('',(-0.655806636902,-0.754928907246));
#1215 = ( GEOMETRIC_REPRESENTATION_CONTEXT(2) 
PARAMETRIC_REPRESENTATION_CONTEXT() REPRESENTATION_CONTEXT('2D SPACE',''
  ) );
#1216 = PCURVE('',#668,#1217);
#1217 = DEFINITIONAL_REPRESENTATION('',(#1218),#1222);
#1218 = LINE('',#1219,#1220);
#1219 = CARTESIAN_POINT('',(-33.86002271125,15.0494246797));
#1220 = VECTOR('',#1221,1.);
#1221 = DIRECTION('',(0.169735247535,-0.985489698447));
#1222 = ( GEOMETRIC_REPRESENTATION_CONTEXT(2) 
PARAMETRIC_REPRESENTATION_CONTEXT() REPRESENTATION_CONTEXT('2D SPACE',''
  ) );
#1223 = ORIENTED_EDGE('',*,*,#1224,.T.);
#1224 = EDGE_CURVE('',#1202,#1225,#1227,.T.);
#1225 = VERTEX_POINT('',#1226);
#1226 = CARTESIAN_POINT('',(58.123301927135,-38.07405652276,
    27.028183865104));
#1227 = SURFACE_CURVE('',#1228,(#1232,#1239),.PCURVE_S1.);
#1228 = LINE('',#1229,#1230);
#1229 = CARTESIAN_POINT('',(69.873159750011,-6.737222886346,
    -3.920592281428));
#1230 = VECTOR('',#1231,1.);
#1231 = DIRECTION('',(-0.257763880815,-0.687455454553,0.678942397963));
#1232 = PCURVE('',#748,#1233);
#1233 = DEFINITIONAL_REPRESENTATION('',(#1234),#1238);
#1234 = LINE('',#1235,#1236);
#1235 = CARTESIAN_POINT('',(13.397145625671,-20.82285310187));
#1236 = VECTOR('',#1237,1.);
#1237 = DIRECTION('',(-0.995923158253,-9.020566975088E-02));
#1238 = ( GEOMETRIC_REPRESENTATION_CONTEXT(2) 
PARAMETRIC_REPRESENTATION_CONTEXT() REPRESENTATION_CONTEXT('2D SPACE',''
  ) );
#1239 = PCURVE('',#640,#1240);
#1240 = DEFINITIONAL_REPRESENTATION('',(#1241),#1245);
#1241 = LINE('',#1242,#1243);
#1242 = CARTESIAN_POINT('',(-1.289170802481,-4.830945936567));
#1243 = VECTOR('',#1244,1.);
#1244 = DIRECTION('',(0.966189187313,-0.257834160496));
#1245 = ( GEOMETRIC_REPRESENTATION_CONTEXT(2) 
PARAMETRIC_REPRESENTATION_CONTEXT() REPRESENTATION_CONTEXT('2D SPACE',''
  ) );
#1246 = ORIENTED_EDGE('',*,*,#1247,.T.);
#1247 = EDGE_CURVE('',#1225,#1248,#1250,.T.);
#1248 = VERTEX_POINT('',#1249);
#1249 = CARTESIAN_POINT('',(57.376199677287,-15.45280723997,
    49.649433147895));
#1250 = SURFACE_CURVE('',#1251,(#1256,#1267),.PCURVE_S1.);
#1251 = CIRCLE('',#1252,16.);
#1252 = AXIS2_PLACEMENT_3D('',#1253,#1254,#1255);
#1253 = CARTESIAN_POINT('',(57.749750802211,-26.76343188137,
    38.338808506499));
#1254 = DIRECTION('',(-0.965925826289,0.166365675343,-0.198266891274));
#1255 = DIRECTION('',(0.258819045103,0.620885153015,-0.739942111694));
#1256 = PCURVE('',#748,#1257);
#1257 = DEFINITIONAL_REPRESENTATION('',(#1258),#1266);
#1258 = ( BOUNDED_CURVE() B_SPLINE_CURVE(2,(#1259,#1260,#1261,#1262,
#1263,#1264,#1265),.UNSPECIFIED.,.T.,.F.) B_SPLINE_CURVE_WITH_KNOTS((1,2
    ,2,2,2,1),(-2.094395102393,0.,2.094395102393,4.188790204786,
6.28318530718,8.377580409573),.UNSPECIFIED.) CURVE() 
GEOMETRIC_REPRESENTATION_ITEM() RATIONAL_B_SPLINE_CURVE((1.,0.5,1.,0.5,
1.,0.5,1.)) REPRESENTATION_ITEM('') );
#1259 = CARTESIAN_POINT('',(-17.4441095957,-9.));
#1260 = CARTESIAN_POINT('',(-17.4441095957,-36.7128129211));
#1261 = CARTESIAN_POINT('',(-41.4441095957,-22.85640646055));
#1262 = CARTESIAN_POINT('',(-65.4441095957,-9.));
#1263 = CARTESIAN_POINT('',(-41.4441095957,4.856406460551));
#1264 = CARTESIAN_POINT('',(-17.4441095957,18.712812921102));
#1265 = CARTESIAN_POINT('',(-17.4441095957,-9.));
#1266 = ( GEOMETRIC_REPRESENTATION_CONTEXT(2) 
PARAMETRIC_REPRESENTATION_CONTEXT() REPRESENTATION_CONTEXT('2D SPACE',''
  ) );
#1267 = PCURVE('',#612,#1268);
#1268 = DEFINITIONAL_REPRESENTATION('',(#1269),#1273);
#1269 = LINE('',#1270,#1271);
#1270 = CARTESIAN_POINT('',(3.14159265359,5.));
#1271 = VECTOR('',#1272,1.);
#1272 = DIRECTION('',(1.,0.));
#1273 = ( GEOMETRIC_REPRESENTATION_CONTEXT(2) 
PARAMETRIC_REPRESENTATION_CONTEXT() REPRESENTATION_CONTEXT('2D SPACE',''
  ) );
#1274 = ORIENTED_EDGE('',*,*,#1275,.T.);
#1275 = EDGE_CURVE('',#1248,#1276,#1278,.T.);
#1276 = VERTEX_POINT('',#1277);
#1277 = CARTESIAN_POINT('',(69.745470946454,17.536000097846,
    17.069140400872));
#1278 = SURFACE_CURVE('',#1279,(#1283,#1290),.PCURVE_S1.);
#1279 = LINE('',#1280,#1281);
#1280 = CARTESIAN_POINT('',(66.801027620597,9.683179064162,
    24.824716573947));
#1281 = VECTOR('',#1282,1.);
#1282 = DIRECTION('',(0.257763880815,0.687455454553,-0.678942397963));
#1283 = PCURVE('',#748,#1284);
#1284 = DEFINITIONAL_REPRESENTATION('',(#1285),#1289);
#1285 = LINE('',#1286,#1287);
#1286 = CARTESIAN_POINT('',(1.527338563375,10.233032934937));
#1287 = VECTOR('',#1288,1.);
#1288 = DIRECTION('',(0.995923158253,9.020566975088E-02));
#1289 = ( GEOMETRIC_REPRESENTATION_CONTEXT(2) 
PARAMETRIC_REPRESENTATION_CONTEXT() REPRESENTATION_CONTEXT('2D SPACE',''
  ) );
#1290 = PCURVE('',#579,#1291);
#1291 = DEFINITIONAL_REPRESENTATION('',(#1292),#1296);
#1292 = LINE('',#1293,#1294);
#1293 = CARTESIAN_POINT('',(1.289170802481,-4.830945936567));
#1294 = VECTOR('',#1295,1.);
#1295 = DIRECTION('',(0.966189187313,0.257834160496));
#1296 = ( GEOMETRIC_REPRESENTATION_CONTEXT(2) 
PARAMETRIC_REPRESENTATION_CONTEXT() REPRESENTATION_CONTEXT('2D SPACE',''
  ) );
#1297 = ORIENTED_EDGE('',*,*,#1298,.T.);
#1298 = EDGE_CURVE('',#1276,#1200,#1299,.T.);
#1299 = SURFACE_CURVE('',#1300,(#1305,#1316),.PCURVE_S1.);
#1300 = ELLIPSE('',#1301,10.417665355489,10.);
#1301 = AXIS2_PLACEMENT_3D('',#1302,#1303,#1304);
#1302 = CARTESIAN_POINT('',(69.978940399532,10.466859696974,10.));
#1303 = DIRECTION('',(-0.965925826289,0.166365675343,-0.198266891274));
#1304 = DIRECTION('',(0.257763880815,0.687455454553,-0.678942397963));
#1305 = PCURVE('',#748,#1306);
#1306 = DEFINITIONAL_REPRESENTATION('',(#1307),#1315);
#1307 = ( BOUNDED_CURVE() B_SPLINE_CURVE(2,(#1308,#1309,#1310,#1311,
#1312,#1313,#1314),.UNSPECIFIED.,.T.,.F.) B_SPLINE_CURVE_WITH_KNOTS((1,2
    ,2,2,2,1),(-2.094395102393,0.,2.094395102393,4.188790204786,
6.28318530718,8.377580409573),.UNSPECIFIED.) CURVE() 
GEOMETRIC_REPRESENTATION_ITEM() RATIONAL_B_SPLINE_CURVE((1.,0.5,1.,0.5,
1.,0.5,1.)) REPRESENTATION_ITEM('') );
#1308 = CARTESIAN_POINT('',(24.181044853307,2.243955478667));
#1309 = CARTESIAN_POINT('',(25.7434528847,-15.00593962662));
#1310 = CARTESIAN_POINT('',(9.399457595311,-7.790590794925));
#1311 = CARTESIAN_POINT('',(-6.944537694078,-0.57524196323));
#1312 = CARTESIAN_POINT('',(7.837049563918,9.459304310363));
#1313 = CARTESIAN_POINT('',(22.618636821914,19.493850583955));
#1314 = CARTESIAN_POINT('',(24.181044853307,2.243955478667));
#1315 = ( GEOMETRIC_REPRESENTATION_CONTEXT(2) 
PARAMETRIC_REPRESENTATION_CONTEXT() REPRESENTATION_CONTEXT('2D SPACE',''
  ) );
#1316 = PCURVE('',#699,#1317);
#1317 = DEFINITIONAL_REPRESENTATION('',(#1318),#1344);
#1318 = B_SPLINE_CURVE_WITH_KNOTS('',3,(#1319,#1320,#1321,#1322,#1323,
    #1324,#1325,#1326,#1327,#1328,#1329,#1330,#1331,#1332,#1333,#1334,
    #1335,#1336,#1337,#1338,#1339,#1340,#1341,#1342,#1343),
  .UNSPECIFIED.,.F.,.F.,(4,1,1,1,1,1,1,1,1,1,1,1,1,1,1,1,1,1,1,1,1,1,4),
  (4.712388980385,4.81947634176,4.926563703135,5.03365106451,
    5.140738425885,5.24782578726,5.354913148635,5.46200051001,
    5.569087871385,5.67617523276,5.783262594135,5.89034995551,
    5.997437316885,6.10452467826,6.211612039635,6.318699401011,
    6.425786762386,6.532874123761,6.639961485136,6.747048846511,
    6.854136207886,6.961223569261,7.068310930636),
  .QUASI_UNIFORM_KNOTS.);
#1319 = CARTESIAN_POINT('',(3.228854962994,34.386797082871));
#1320 = CARTESIAN_POINT('',(3.193159175869,34.49104113717));
#1321 = CARTESIAN_POINT('',(3.121767601619,34.699514793637));
#1322 = CARTESIAN_POINT('',(3.014680240244,35.008654145415));
#1323 = CARTESIAN_POINT('',(2.907592878869,35.310665930544));
#1324 = CARTESIAN_POINT('',(2.800505517494,35.602094015468));
#1325 = CARTESIAN_POINT('',(2.693418156119,35.879598526457));
#1326 = CARTESIAN_POINT('',(2.586330794744,36.140000447058));
#1327 = CARTESIAN_POINT('',(2.479243433369,36.380316342268));
#1328 = CARTESIAN_POINT('',(2.372156071993,36.597792993709));
#1329 = CARTESIAN_POINT('',(2.265068710618,36.789938820715));
#1330 = CARTESIAN_POINT('',(2.157981349243,36.95455245841));
#1331 = CARTESIAN_POINT('',(2.050893987868,37.089747969373));
#1332 = CARTESIAN_POINT('',(1.943806626493,37.193976452958));
#1333 = CARTESIAN_POINT('',(1.836719265118,37.266043789018));
#1334 = CARTESIAN_POINT('',(1.729631903743,37.305124322616));
#1335 = CARTESIAN_POINT('',(1.622544542368,37.310770309054));
#1336 = CARTESIAN_POINT('',(1.515457180993,37.282917096776));
#1337 = CARTESIAN_POINT('',(1.408369819618,37.221883669537));
#1338 = CARTESIAN_POINT('',(1.301282458243,37.128369732781));
#1339 = CARTESIAN_POINT('',(1.194195096868,37.003444932251));
#1340 = CARTESIAN_POINT('',(1.087107735493,36.848546918595));
#1341 = CARTESIAN_POINT('',(0.980020374118,36.665426364528));
#1342 = CARTESIAN_POINT('',(0.908628799868,36.525989212646));
#1343 = CARTESIAN_POINT('',(0.872933012743,36.452275207238));
#1344 = ( GEOMETRIC_REPRESENTATION_CONTEXT(2) 
PARAMETRIC_REPRESENTATION_CONTEXT() REPRESENTATION_CONTEXT('2D SPACE',''
  ) );
#1345 = ADVANCED_FACE('',(#1346),#640,.F.);
#1346 = FACE_BOUND('',#1347,.T.);
#1347 = EDGE_LOOP('',(#1348,#1369,#1370,#1391));
#1348 = ORIENTED_EDGE('',*,*,#1349,.T.);
#1349 = EDGE_CURVE('',#1202,#625,#1350,.T.);
#1350 = SURFACE_CURVE('',#1351,(#1355,#1362),.PCURVE_S1.);
#1351 = LINE('',#1352,#1353);
#1352 = CARTESIAN_POINT('',(74.799426808845,-10.49511746894,0.));
#1353 = VECTOR('',#1354,1.);
#1354 = DIRECTION('',(0.99945506862,3.300857176602E-02,0.));
#1355 = PCURVE('',#640,#1356);
#1356 = DEFINITIONAL_REPRESENTATION('',(#1357),#1361);
#1357 = LINE('',#1358,#1359);
#1358 = CARTESIAN_POINT('',(4.140339328322,9.666427585384E-02));
#1359 = VECTOR('',#1360,1.);
#1360 = DIRECTION('',(-2.334058493304E-02,0.999727571439));
#1361 = ( GEOMETRIC_REPRESENTATION_CONTEXT(2) 
PARAMETRIC_REPRESENTATION_CONTEXT() REPRESENTATION_CONTEXT('2D SPACE',''
  ) );
#1362 = PCURVE('',#668,#1363);
#1363 = DEFINITIONAL_REPRESENTATION('',(#1364),#1368);
#1364 = LINE('',#1365,#1366);
#1365 = CARTESIAN_POINT('',(-38.39093319344,4.323693918286));
#1366 = VECTOR('',#1367,1.);
#1367 = DIRECTION('',(-0.99945506862,3.300857176602E-02));
#1368 = ( GEOMETRIC_REPRESENTATION_CONTEXT(2) 
PARAMETRIC_REPRESENTATION_CONTEXT() REPRESENTATION_CONTEXT('2D SPACE',''
  ) );
#1369 = ORIENTED_EDGE('',*,*,#624,.T.);
#1370 = ORIENTED_EDGE('',*,*,#1371,.T.);
#1371 = EDGE_CURVE('',#592,#1225,#1372,.T.);
#1372 = SURFACE_CURVE('',#1373,(#1377,#1384),.PCURVE_S1.);
#1373 = LINE('',#1374,#1375);
#1374 = CARTESIAN_POINT('',(62.95293105858,-38.90588489948,
    28.019518321475));
#1375 = VECTOR('',#1376,1.);
#1376 = DIRECTION('',(-0.965925826289,0.166365675343,-0.198266891274));
#1377 = PCURVE('',#640,#1378);
#1378 = DEFINITIONAL_REPRESENTATION('',(#1379),#1383);
#1379 = LINE('',#1380,#1381);
#1380 = CARTESIAN_POINT('',(44.042577047867,-11.753061438));
#1381 = VECTOR('',#1382,1.);
#1382 = DIRECTION('',(-0.257834160496,-0.966189187313));
#1383 = ( GEOMETRIC_REPRESENTATION_CONTEXT(2) 
PARAMETRIC_REPRESENTATION_CONTEXT() REPRESENTATION_CONTEXT('2D SPACE',''
  ) );
#1384 = PCURVE('',#612,#1385);
#1385 = DEFINITIONAL_REPRESENTATION('',(#1386),#1390);
#1386 = LINE('',#1387,#1388);
#1387 = CARTESIAN_POINT('',(4.622060525634,-1.42108547152E-14));
#1388 = VECTOR('',#1389,1.);
#1389 = DIRECTION('',(0.,1.));
#1390 = ( GEOMETRIC_REPRESENTATION_CONTEXT(2) 
PARAMETRIC_REPRESENTATION_CONTEXT() REPRESENTATION_CONTEXT('2D SPACE',''
  ) );
#1391 = ORIENTED_EDGE('',*,*,#1224,.F.);
#1392 = ADVANCED_FACE('',(#1393),#579,.F.);
#1393 = FACE_BOUND('',#1394,.T.);
#1394 = EDGE_LOOP('',(#1395,#1396,#1417,#1418));
#1395 = ORIENTED_EDGE('',*,*,#1275,.F.);
#1396 = ORIENTED_EDGE('',*,*,#1397,.F.);
#1397 = EDGE_CURVE('',#562,#1248,#1398,.T.);
#1398 = SURFACE_CURVE('',#1399,(#1403,#1410),.PCURVE_S1.);
#1399 = LINE('',#1400,#1401);
#1400 = CARTESIAN_POINT('',(62.205828808732,-16.28463561669,
    50.640767604265));
#1401 = VECTOR('',#1402,1.);
#1402 = DIRECTION('',(-0.965925826289,0.166365675343,-0.198266891274));
#1403 = PCURVE('',#579,#1404);
#1404 = DEFINITIONAL_REPRESENTATION('',(#1405),#1409);
#1405 = LINE('',#1406,#1407);
#1406 = CARTESIAN_POINT('',(-35.32755179794,-9.427397635799));
#1407 = VECTOR('',#1408,1.);
#1408 = DIRECTION('',(0.257834160496,-0.966189187313));
#1409 = ( GEOMETRIC_REPRESENTATION_CONTEXT(2) 
PARAMETRIC_REPRESENTATION_CONTEXT() REPRESENTATION_CONTEXT('2D SPACE',''
  ) );
#1410 = PCURVE('',#612,#1411);
#1411 = DEFINITIONAL_REPRESENTATION('',(#1412),#1416);
#1412 = LINE('',#1413,#1414);
#1413 = CARTESIAN_POINT('',(7.763653179223,-1.42108547152E-14));
#1414 = VECTOR('',#1415,1.);
#1415 = DIRECTION('',(0.,1.));
#1416 = ( GEOMETRIC_REPRESENTATION_CONTEXT(2) 
PARAMETRIC_REPRESENTATION_CONTEXT() REPRESENTATION_CONTEXT('2D SPACE',''
  ) );
#1417 = ORIENTED_EDGE('',*,*,#561,.T.);
#1418 = ORIENTED_EDGE('',*,*,#1419,.T.);
#1419 = EDGE_CURVE('',#564,#1276,#1420,.T.);
#1420 = SURFACE_CURVE('',#1421,(#1425,#1432),.PCURVE_S1.);
#1421 = LINE('',#1422,#1423);
#1422 = CARTESIAN_POINT('',(81.994970701609,17.940559046478,
    17.069140400872));
#1423 = VECTOR('',#1424,1.);
#1424 = DIRECTION('',(-0.99945506862,-3.300857176602E-02,
    6.938893903907E-18));
#1425 = PCURVE('',#579,#1426);
#1426 = DEFINITIONAL_REPRESENTATION('',(#1427),#1431);
#1427 = LINE('',#1428,#1429);
#1428 = CARTESIAN_POINT('',(12.612040686802,10.367139794227));
#1429 = VECTOR('',#1430,1.);
#1430 = DIRECTION('',(-2.334058493304E-02,-0.999727571439));
#1431 = ( GEOMETRIC_REPRESENTATION_CONTEXT(2) 
PARAMETRIC_REPRESENTATION_CONTEXT() REPRESENTATION_CONTEXT('2D SPACE',''
  ) );
#1432 = PCURVE('',#699,#1433);
#1433 = DEFINITIONAL_REPRESENTATION('',(#1434),#1438);
#1434 = LINE('',#1435,#1436);
#1435 = CARTESIAN_POINT('',(3.228854962994,46.642975614309));
#1436 = VECTOR('',#1437,1.);
#1437 = DIRECTION('',(0.,-1.));
#1438 = ( GEOMETRIC_REPRESENTATION_CONTEXT(2) 
PARAMETRIC_REPRESENTATION_CONTEXT() REPRESENTATION_CONTEXT('2D SPACE',''
  ) );
#1439 = ADVANCED_FACE('',(#1440),#516,.F.);
#1440 = FACE_BOUND('',#1441,.T.);
#1441 = EDGE_LOOP('',(#1442,#1463,#1464,#1485));
#1442 = ORIENTED_EDGE('',*,*,#1443,.T.);
#1443 = EDGE_CURVE('',#739,#501,#1444,.T.);
#1444 = SURFACE_CURVE('',#1445,(#1449,#1456),.PCURVE_S1.);
#1445 = LINE('',#1446,#1447);
#1446 = CARTESIAN_POINT('',(-70.75037026239,-7.801748629749,
    6.959691209351));
#1447 = VECTOR('',#1448,1.);
#1448 = DIRECTION('',(0.965925826289,-0.166365675343,0.198266891274));
#1449 = PCURVE('',#516,#1450);
#1450 = DEFINITIONAL_REPRESENTATION('',(#1451),#1455);
#1451 = LINE('',#1452,#1453);
#1452 = CARTESIAN_POINT('',(-15.86883576097,-137.5855123211));
#1453 = VECTOR('',#1454,1.);
#1454 = DIRECTION('',(0.115229848283,0.99333885561));
#1455 = ( GEOMETRIC_REPRESENTATION_CONTEXT(2) 
PARAMETRIC_REPRESENTATION_CONTEXT() REPRESENTATION_CONTEXT('2D SPACE',''
  ) );
#1456 = PCURVE('',#547,#1457);
#1457 = DEFINITIONAL_REPRESENTATION('',(#1458),#1462);
#1458 = LINE('',#1459,#1460);
#1459 = CARTESIAN_POINT('',(5.318685071112,-5.684341886081E-14));
#1460 = VECTOR('',#1461,1.);
#1461 = DIRECTION('',(0.,1.));
#1462 = ( GEOMETRIC_REPRESENTATION_CONTEXT(2) 
PARAMETRIC_REPRESENTATION_CONTEXT() REPRESENTATION_CONTEXT('2D SPACE',''
  ) );
#1463 = ORIENTED_EDGE('',*,*,#500,.T.);
#1464 = ORIENTED_EDGE('',*,*,#1465,.T.);
#1465 = EDGE_CURVE('',#468,#772,#1466,.T.);
#1466 = SURFACE_CURVE('',#1467,(#1471,#1478),.PCURVE_S1.);
#1467 = LINE('',#1468,#1469);
#1468 = CARTESIAN_POINT('',(62.530814383355,-28.9715339722,
    38.411916094871));
#1469 = VECTOR('',#1470,1.);
#1470 = DIRECTION('',(-0.965925826289,0.166365675343,-0.198266891274));
#1471 = PCURVE('',#516,#1472);
#1472 = DEFINITIONAL_REPRESENTATION('',(#1473),#1477);
#1473 = LINE('',#1474,#1475);
#1474 = CARTESIAN_POINT('',(4.498177984973,-0.521800152917));
#1475 = VECTOR('',#1476,1.);
#1476 = DIRECTION('',(-0.115229848283,-0.99333885561));
#1477 = ( GEOMETRIC_REPRESENTATION_CONTEXT(2) 
PARAMETRIC_REPRESENTATION_CONTEXT() REPRESENTATION_CONTEXT('2D SPACE',''
  ) );
#1478 = PCURVE('',#488,#1479);
#1479 = DEFINITIONAL_REPRESENTATION('',(#1480),#1484);
#1480 = LINE('',#1481,#1482);
#1481 = CARTESIAN_POINT('',(-0.44773781009,-1.42108547152E-14));
#1482 = VECTOR('',#1483,1.);
#1483 = DIRECTION('',(3.01980662698E-15,1.));
#1484 = ( GEOMETRIC_REPRESENTATION_CONTEXT(2) 
PARAMETRIC_REPRESENTATION_CONTEXT() REPRESENTATION_CONTEXT('2D SPACE',''
  ) );
#1485 = ORIENTED_EDGE('',*,*,#771,.F.);
#1486 = ADVANCED_FACE('',(#1487),#205,.F.);
#1487 = FACE_BOUND('',#1488,.F.);
#1488 = EDGE_LOOP('',(#1489,#1510,#1511,#1532));
#1489 = ORIENTED_EDGE('',*,*,#1490,.F.);
#1490 = EDGE_CURVE('',#152,#1037,#1491,.T.);
#1491 = SURFACE_CURVE('',#1492,(#1496,#1503),.PCURVE_S1.);
#1492 = LINE('',#1493,#1494);
#1493 = CARTESIAN_POINT('',(62.579379933656,-37.17081579707,
    31.295297841788));
#1494 = VECTOR('',#1495,1.);
#1495 = DIRECTION('',(-0.965925826289,0.166365675343,-0.198266891274));
#1496 = PCURVE('',#205,#1497);
#1497 = DEFINITIONAL_REPRESENTATION('',(#1498),#1502);
#1498 = LINE('',#1499,#1500);
#1499 = CARTESIAN_POINT('',(-1.570796326795,1.42108547152E-14));
#1500 = VECTOR('',#1501,1.);
#1501 = DIRECTION('',(0.,1.));
#1502 = ( GEOMETRIC_REPRESENTATION_CONTEXT(2) 
PARAMETRIC_REPRESENTATION_CONTEXT() REPRESENTATION_CONTEXT('2D SPACE',''
  ) );
#1503 = PCURVE('',#172,#1504);
#1504 = DEFINITIONAL_REPRESENTATION('',(#1505),#1509);
#1505 = LINE('',#1506,#1507);
#1506 = CARTESIAN_POINT('',(4.712388980385,1.42108547152E-14));
#1507 = VECTOR('',#1508,1.);
#1508 = DIRECTION('',(0.,1.));
#1509 = ( GEOMETRIC_REPRESENTATION_CONTEXT(2) 
PARAMETRIC_REPRESENTATION_CONTEXT() REPRESENTATION_CONTEXT('2D SPACE',''
  ) );
#1510 = ORIENTED_EDGE('',*,*,#184,.T.);
#1511 = ORIENTED_EDGE('',*,*,#1512,.T.);
#1512 = EDGE_CURVE('',#185,#1009,#1513,.T.);
#1513 = SURFACE_CURVE('',#1514,(#1518,#1525),.PCURVE_S1.);
#1514 = LINE('',#1515,#1516);
#1515 = CARTESIAN_POINT('',(62.579379933656,-34.87268246771,
    33.223660670848));
#1516 = VECTOR('',#1517,1.);
#1517 = DIRECTION('',(-0.965925826289,0.166365675343,-0.198266891274));
#1518 = PCURVE('',#205,#1519);
#1519 = DEFINITIONAL_REPRESENTATION('',(#1520),#1524);
#1520 = LINE('',#1521,#1522);
#1521 = CARTESIAN_POINT('',(1.570796326795,2.84217094304E-14));
#1522 = VECTOR('',#1523,1.);
#1523 = DIRECTION('',(-5.329070518201E-16,1.));
#1524 = ( GEOMETRIC_REPRESENTATION_CONTEXT(2) 
PARAMETRIC_REPRESENTATION_CONTEXT() REPRESENTATION_CONTEXT('2D SPACE',''
  ) );
#1525 = PCURVE('',#238,#1526);
#1526 = DEFINITIONAL_REPRESENTATION('',(#1527),#1531);
#1527 = LINE('',#1528,#1529);
#1528 = CARTESIAN_POINT('',(4.712388980385,4.263256414561E-14));
#1529 = VECTOR('',#1530,1.);
#1530 = DIRECTION('',(1.7763568394E-16,1.));
#1531 = ( GEOMETRIC_REPRESENTATION_CONTEXT(2) 
PARAMETRIC_REPRESENTATION_CONTEXT() REPRESENTATION_CONTEXT('2D SPACE',''
  ) );
#1532 = ORIENTED_EDGE('',*,*,#1036,.F.);
#1533 = ADVANCED_FACE('',(#1534),#172,.F.);
#1534 = FACE_BOUND('',#1535,.F.);
#1535 = EDGE_LOOP('',(#1536,#1557,#1558,#1559));
#1536 = ORIENTED_EDGE('',*,*,#1537,.F.);
#1537 = EDGE_CURVE('',#119,#1065,#1538,.T.);
#1538 = SURFACE_CURVE('',#1539,(#1543,#1550),.PCURVE_S1.);
#1539 = LINE('',#1540,#1541);
#1540 = CARTESIAN_POINT('',(63.363729000954,-34.76065866647,
    29.496431677489));
#1541 = VECTOR('',#1542,1.);
#1542 = DIRECTION('',(-0.965925826289,0.166365675343,-0.198266891274));
#1543 = PCURVE('',#172,#1544);
#1544 = DEFINITIONAL_REPRESENTATION('',(#1545),#1549);
#1545 = LINE('',#1546,#1547);
#1546 = CARTESIAN_POINT('',(4.264651170295,2.84217094304E-14));
#1547 = VECTOR('',#1548,1.);
#1548 = DIRECTION('',(0.,1.));
#1549 = ( GEOMETRIC_REPRESENTATION_CONTEXT(2) 
PARAMETRIC_REPRESENTATION_CONTEXT() REPRESENTATION_CONTEXT('2D SPACE',''
  ) );
#1550 = PCURVE('',#139,#1551);
#1551 = DEFINITIONAL_REPRESENTATION('',(#1552),#1556);
#1552 = LINE('',#1553,#1554);
#1553 = CARTESIAN_POINT('',(4.264651170295,1.42108547152E-14));
#1554 = VECTOR('',#1555,1.);
#1555 = DIRECTION('',(0.,1.));
#1556 = ( GEOMETRIC_REPRESENTATION_CONTEXT(2) 
PARAMETRIC_REPRESENTATION_CONTEXT() REPRESENTATION_CONTEXT('2D SPACE',''
  ) );
#1557 = ORIENTED_EDGE('',*,*,#151,.T.);
#1558 = ORIENTED_EDGE('',*,*,#1490,.T.);
#1559 = ORIENTED_EDGE('',*,*,#1064,.F.);
#1560 = ADVANCED_FACE('',(#1561),#139,.F.);
#1561 = FACE_BOUND('',#1562,.F.);
#1562 = EDGE_LOOP('',(#1563,#1584,#1585,#1586));
#1563 = ORIENTED_EDGE('',*,*,#1564,.F.);
#1564 = EDGE_CURVE('',#91,#1093,#1565,.T.);
#1565 = SURFACE_CURVE('',#1566,(#1570,#1577),.PCURVE_S1.);
#1566 = LINE('',#1567,#1568);
#1567 = CARTESIAN_POINT('',(63.545614601867,-32.79106614224,
    30.262997341145));
#1568 = VECTOR('',#1569,1.);
#1569 = DIRECTION('',(-0.965925826289,0.166365675343,-0.198266891274));
#1570 = PCURVE('',#139,#1571);
#1571 = DEFINITIONAL_REPRESENTATION('',(#1572),#1576);
#1572 = LINE('',#1573,#1574);
#1573 = CARTESIAN_POINT('',(2.6938548435,5.684341886081E-14));
#1574 = VECTOR('',#1575,1.);
#1575 = DIRECTION('',(4.440892098501E-16,1.));
#1576 = ( GEOMETRIC_REPRESENTATION_CONTEXT(2) 
PARAMETRIC_REPRESENTATION_CONTEXT() REPRESENTATION_CONTEXT('2D SPACE',''
  ) );
#1577 = PCURVE('',#106,#1578);
#1578 = DEFINITIONAL_REPRESENTATION('',(#1579),#1583);
#1579 = LINE('',#1580,#1581);
#1580 = CARTESIAN_POINT('',(-4.498177984973,0.521800152918));
#1581 = VECTOR('',#1582,1.);
#1582 = DIRECTION('',(-0.115229848283,-0.99333885561));
#1583 = ( GEOMETRIC_REPRESENTATION_CONTEXT(2) 
PARAMETRIC_REPRESENTATION_CONTEXT() REPRESENTATION_CONTEXT('2D SPACE',''
  ) );
#1584 = ORIENTED_EDGE('',*,*,#118,.T.);
#1585 = ORIENTED_EDGE('',*,*,#1537,.T.);
#1586 = ORIENTED_EDGE('',*,*,#1092,.F.);
#1587 = ADVANCED_FACE('',(#1588),#106,.F.);
#1588 = FACE_BOUND('',#1589,.T.);
#1589 = EDGE_LOOP('',(#1590,#1591,#1592,#1593));
#1590 = ORIENTED_EDGE('',*,*,#1120,.F.);
#1591 = ORIENTED_EDGE('',*,*,#1564,.F.);
#1592 = ORIENTED_EDGE('',*,*,#90,.T.);
#1593 = ORIENTED_EDGE('',*,*,#1594,.F.);
#1594 = EDGE_CURVE('',#1121,#58,#1595,.T.);
#1595 = SURFACE_CURVE('',#1596,(#1600,#1607),.PCURVE_S1.);
#1596 = LINE('',#1597,#1598);
#1597 = CARTESIAN_POINT('',(-70.41098890571,-9.079121245681,
    4.234434501971));
#1598 = VECTOR('',#1599,1.);
#1599 = DIRECTION('',(0.965925826289,-0.166365675343,0.198266891274));
#1600 = PCURVE('',#106,#1601);
#1601 = DEFINITIONAL_REPRESENTATION('',(#1602),#1606);
#1602 = LINE('',#1603,#1604);
#1603 = CARTESIAN_POINT('',(-18.87750233257,-137.2364993024));
#1604 = VECTOR('',#1605,1.);
#1605 = DIRECTION('',(0.115229848283,0.99333885561));
#1606 = ( GEOMETRIC_REPRESENTATION_CONTEXT(2) 
PARAMETRIC_REPRESENTATION_CONTEXT() REPRESENTATION_CONTEXT('2D SPACE',''
  ) );
#1607 = PCURVE('',#78,#1608);
#1608 = DEFINITIONAL_REPRESENTATION('',(#1609),#1613);
#1609 = LINE('',#1610,#1611);
#1610 = CARTESIAN_POINT('',(5.280416672869,-2.84217094304E-14));
#1611 = VECTOR('',#1612,1.);
#1612 = DIRECTION('',(-1.7763568394E-16,1.));
#1613 = ( GEOMETRIC_REPRESENTATION_CONTEXT(2) 
PARAMETRIC_REPRESENTATION_CONTEXT() REPRESENTATION_CONTEXT('2D SPACE',''
  ) );
#1614 = ADVANCED_FACE('',(#1615),#488,.T.);
#1615 = FACE_BOUND('',#1616,.T.);
#1616 = EDGE_LOOP('',(#1617,#1618,#1619,#1620));
#1617 = ORIENTED_EDGE('',*,*,#794,.F.);
#1618 = ORIENTED_EDGE('',*,*,#1465,.F.);
#1619 = ORIENTED_EDGE('',*,*,#467,.T.);
#1620 = ORIENTED_EDGE('',*,*,#1621,.T.);
#1621 = EDGE_CURVE('',#435,#795,#1622,.T.);
#1622 = SURFACE_CURVE('',#1623,(#1627,#1634),.PCURVE_S1.);
#1623 = LINE('',#1624,#1625);
#1624 = CARTESIAN_POINT('',(62.553498029146,-28.80737314328,
    38.439152149414));
#1625 = VECTOR('',#1626,1.);
#1626 = DIRECTION('',(-0.965925826289,0.166365675343,-0.198266891274));
#1627 = PCURVE('',#488,#1628);
#1628 = DEFINITIONAL_REPRESENTATION('',(#1629),#1633);
#1629 = LINE('',#1630,#1631);
#1630 = CARTESIAN_POINT('',(1.545793721896,7.105427357601E-14));
#1631 = VECTOR('',#1632,1.);
#1632 = DIRECTION('',(0.,1.));
#1633 = ( GEOMETRIC_REPRESENTATION_CONTEXT(2) 
PARAMETRIC_REPRESENTATION_CONTEXT() REPRESENTATION_CONTEXT('2D SPACE',''
  ) );
#1634 = PCURVE('',#455,#1635);
#1635 = DEFINITIONAL_REPRESENTATION('',(#1636),#1640);
#1636 = LINE('',#1637,#1638);
#1637 = CARTESIAN_POINT('',(1.545793721896,4.263256414561E-14));
#1638 = VECTOR('',#1639,1.);
#1639 = DIRECTION('',(0.,1.));
#1640 = ( GEOMETRIC_REPRESENTATION_CONTEXT(2) 
PARAMETRIC_REPRESENTATION_CONTEXT() REPRESENTATION_CONTEXT('2D SPACE',''
  ) );
#1641 = ADVANCED_FACE('',(#1642),#455,.T.);
#1642 = FACE_BOUND('',#1643,.T.);
#1643 = EDGE_LOOP('',(#1644,#1645,#1646,#1647));
#1644 = ORIENTED_EDGE('',*,*,#822,.F.);
#1645 = ORIENTED_EDGE('',*,*,#1621,.F.);
#1646 = ORIENTED_EDGE('',*,*,#434,.T.);
#1647 = ORIENTED_EDGE('',*,*,#1648,.T.);
#1648 = EDGE_CURVE('',#402,#823,#1649,.T.);
#1649 = SURFACE_CURVE('',#1650,(#1654,#1661),.PCURVE_S1.);
#1650 = LINE('',#1651,#1652);
#1651 = CARTESIAN_POINT('',(62.579379933656,-28.74432692276,
    38.36596154834));
#1652 = VECTOR('',#1653,1.);
#1653 = DIRECTION('',(-0.965925826289,0.166365675343,-0.198266891274));
#1654 = PCURVE('',#455,#1655);
#1655 = DEFINITIONAL_REPRESENTATION('',(#1656),#1660);
#1656 = LINE('',#1657,#1658);
#1657 = CARTESIAN_POINT('',(1.570796326795,-1.42108547152E-14));
#1658 = VECTOR('',#1659,1.);
#1659 = DIRECTION('',(0.,1.));
#1660 = ( GEOMETRIC_REPRESENTATION_CONTEXT(2) 
PARAMETRIC_REPRESENTATION_CONTEXT() REPRESENTATION_CONTEXT('2D SPACE',''
  ) );
#1661 = PCURVE('',#422,#1662);
#1662 = DEFINITIONAL_REPRESENTATION('',(#1663),#1667);
#1663 = LINE('',#1664,#1665);
#1664 = CARTESIAN_POINT('',(4.712388980385,0.));
#1665 = VECTOR('',#1666,1.);
#1666 = DIRECTION('',(0.,1.));
#1667 = ( GEOMETRIC_REPRESENTATION_CONTEXT(2) 
PARAMETRIC_REPRESENTATION_CONTEXT() REPRESENTATION_CONTEXT('2D SPACE',''
  ) );
#1668 = ADVANCED_FACE('',(#1669),#422,.F.);
#1669 = FACE_BOUND('',#1670,.F.);
#1670 = EDGE_LOOP('',(#1671,#1692,#1693,#1694));
#1671 = ORIENTED_EDGE('',*,*,#1672,.F.);
#1672 = EDGE_CURVE('',#369,#851,#1673,.T.);
#1673 = SURFACE_CURVE('',#1674,(#1678,#1685),.PCURVE_S1.);
#1674 = LINE('',#1675,#1676);
#1675 = CARTESIAN_POINT('',(62.579379933656,-26.4461935934,40.2943243774
    ));
#1676 = VECTOR('',#1677,1.);
#1677 = DIRECTION('',(-0.965925826289,0.166365675343,-0.198266891274));
#1678 = PCURVE('',#422,#1679);
#1679 = DEFINITIONAL_REPRESENTATION('',(#1680),#1684);
#1680 = LINE('',#1681,#1682);
#1681 = CARTESIAN_POINT('',(1.570796326795,-1.42108547152E-14));
#1682 = VECTOR('',#1683,1.);
#1683 = DIRECTION('',(4.884981308351E-16,1.));
#1684 = ( GEOMETRIC_REPRESENTATION_CONTEXT(2) 
PARAMETRIC_REPRESENTATION_CONTEXT() REPRESENTATION_CONTEXT('2D SPACE',''
  ) );
#1685 = PCURVE('',#389,#1686);
#1686 = DEFINITIONAL_REPRESENTATION('',(#1687),#1691);
#1687 = LINE('',#1688,#1689);
#1688 = CARTESIAN_POINT('',(1.570796326795,0.));
#1689 = VECTOR('',#1690,1.);
#1690 = DIRECTION('',(8.881784197001E-17,1.));
#1691 = ( GEOMETRIC_REPRESENTATION_CONTEXT(2) 
PARAMETRIC_REPRESENTATION_CONTEXT() REPRESENTATION_CONTEXT('2D SPACE',''
  ) );
#1692 = ORIENTED_EDGE('',*,*,#401,.T.);
#1693 = ORIENTED_EDGE('',*,*,#1648,.T.);
#1694 = ORIENTED_EDGE('',*,*,#850,.F.);
#1695 = ADVANCED_FACE('',(#1696),#389,.F.);
#1696 = FACE_BOUND('',#1697,.F.);
#1697 = EDGE_LOOP('',(#1698,#1699,#1700,#1701));
#1698 = ORIENTED_EDGE('',*,*,#368,.T.);
#1699 = ORIENTED_EDGE('',*,*,#1672,.T.);
#1700 = ORIENTED_EDGE('',*,*,#878,.F.);
#1701 = ORIENTED_EDGE('',*,*,#1702,.F.);
#1702 = EDGE_CURVE('',#341,#879,#1703,.T.);
#1703 = SURFACE_CURVE('',#1704,(#1708,#1715),.PCURVE_S1.);
#1704 = LINE('',#1705,#1706);
#1705 = CARTESIAN_POINT('',(62.163210893337,-27.58793813695,
    41.363798563068));
#1706 = VECTOR('',#1707,1.);
#1707 = DIRECTION('',(-0.965925826289,0.166365675343,-0.198266891274));
#1708 = PCURVE('',#389,#1709);
#1709 = DEFINITIONAL_REPRESENTATION('',(#1710),#1714);
#1710 = LINE('',#1711,#1712);
#1711 = CARTESIAN_POINT('',(1.33901901539,2.84217094304E-14));
#1712 = VECTOR('',#1713,1.);
#1713 = DIRECTION('',(0.,1.));
#1714 = ( GEOMETRIC_REPRESENTATION_CONTEXT(2) 
PARAMETRIC_REPRESENTATION_CONTEXT() REPRESENTATION_CONTEXT('2D SPACE',''
  ) );
#1715 = PCURVE('',#356,#1716);
#1716 = DEFINITIONAL_REPRESENTATION('',(#1717),#1721);
#1717 = LINE('',#1718,#1719);
#1718 = CARTESIAN_POINT('',(19.770893017132,137.13286369772));
#1719 = VECTOR('',#1720,1.);
#1720 = DIRECTION('',(-0.115229848283,-0.99333885561));
#1721 = ( GEOMETRIC_REPRESENTATION_CONTEXT(2) 
PARAMETRIC_REPRESENTATION_CONTEXT() REPRESENTATION_CONTEXT('2D SPACE',''
  ) );
#1722 = ADVANCED_FACE('',(#1723),#299,.T.);
#1723 = FACE_BOUND('',#1724,.T.);
#1724 = EDGE_LOOP('',(#1725,#1746,#1747,#1768));
#1725 = ORIENTED_EDGE('',*,*,#1726,.T.);
#1726 = EDGE_CURVE('',#930,#284,#1727,.T.);
#1727 = SURFACE_CURVE('',#1728,(#1732,#1739),.PCURVE_S1.);
#1728 = LINE('',#1729,#1730);
#1729 = CARTESIAN_POINT('',(-72.50141198634,-6.519487829931,
    16.56644196714));
#1730 = VECTOR('',#1731,1.);
#1731 = DIRECTION('',(0.965925826289,-0.166365675343,0.198266891274));
#1732 = PCURVE('',#299,#1733);
#1733 = DEFINITIONAL_REPRESENTATION('',(#1734),#1738);
#1734 = LINE('',#1735,#1736);
#1735 = CARTESIAN_POINT('',(-8.480862756342,-138.4425360886));
#1736 = VECTOR('',#1737,1.);
#1737 = DIRECTION('',(0.115229848283,0.99333885561));
#1738 = ( GEOMETRIC_REPRESENTATION_CONTEXT(2) 
PARAMETRIC_REPRESENTATION_CONTEXT() REPRESENTATION_CONTEXT('2D SPACE',''
  ) );
#1739 = PCURVE('',#328,#1740);
#1740 = DEFINITIONAL_REPRESENTATION('',(#1741),#1745);
#1741 = LINE('',#1742,#1743);
#1742 = CARTESIAN_POINT('',(3.589330463679,0.));
#1743 = VECTOR('',#1744,1.);
#1744 = DIRECTION('',(7.993605777301E-16,1.));
#1745 = ( GEOMETRIC_REPRESENTATION_CONTEXT(2) 
PARAMETRIC_REPRESENTATION_CONTEXT() REPRESENTATION_CONTEXT('2D SPACE',''
  ) );
#1746 = ORIENTED_EDGE('',*,*,#283,.F.);
#1747 = ORIENTED_EDGE('',*,*,#1748,.T.);
#1748 = EDGE_CURVE('',#251,#958,#1749,.T.);
#1749 = SURFACE_CURVE('',#1750,(#1754,#1761),.PCURVE_S1.);
#1750 = LINE('',#1751,#1752);
#1751 = CARTESIAN_POINT('',(62.627945483957,-34.64547541827,
    33.177706124317));
#1752 = VECTOR('',#1753,1.);
#1753 = DIRECTION('',(-0.965925826289,0.166365675343,-0.198266891274));
#1754 = PCURVE('',#299,#1755);
#1755 = DEFINITIONAL_REPRESENTATION('',(#1756),#1760);
#1756 = LINE('',#1757,#1758);
#1757 = CARTESIAN_POINT('',(-4.498177984973,0.521800152917));
#1758 = VECTOR('',#1759,1.);
#1759 = DIRECTION('',(-0.115229848283,-0.99333885561));
#1760 = ( GEOMETRIC_REPRESENTATION_CONTEXT(2) 
PARAMETRIC_REPRESENTATION_CONTEXT() REPRESENTATION_CONTEXT('2D SPACE',''
  ) );
#1761 = PCURVE('',#271,#1762);
#1762 = DEFINITIONAL_REPRESENTATION('',(#1763),#1767);
#1763 = LINE('',#1764,#1765);
#1764 = CARTESIAN_POINT('',(2.6938548435,4.263256414561E-14));
#1765 = VECTOR('',#1766,1.);
#1766 = DIRECTION('',(-3.28626015289E-15,1.));
#1767 = ( GEOMETRIC_REPRESENTATION_CONTEXT(2) 
PARAMETRIC_REPRESENTATION_CONTEXT() REPRESENTATION_CONTEXT('2D SPACE',''
  ) );
#1768 = ORIENTED_EDGE('',*,*,#957,.T.);
#1769 = ADVANCED_FACE('',(#1770),#271,.T.);
#1770 = FACE_BOUND('',#1771,.T.);
#1771 = EDGE_LOOP('',(#1772,#1773,#1774,#1775));
#1772 = ORIENTED_EDGE('',*,*,#980,.F.);
#1773 = ORIENTED_EDGE('',*,*,#1748,.F.);
#1774 = ORIENTED_EDGE('',*,*,#250,.T.);
#1775 = ORIENTED_EDGE('',*,*,#1776,.T.);
#1776 = EDGE_CURVE('',#218,#981,#1777,.T.);
#1777 = SURFACE_CURVE('',#1778,(#1782,#1789),.PCURVE_S1.);
#1778 = LINE('',#1779,#1780);
#1779 = CARTESIAN_POINT('',(62.605261838166,-34.80963624719,
    33.150470069774));
#1780 = VECTOR('',#1781,1.);
#1781 = DIRECTION('',(-0.965925826289,0.166365675343,-0.198266891274));
#1782 = PCURVE('',#271,#1783);
#1783 = DEFINITIONAL_REPRESENTATION('',(#1784),#1788);
#1784 = LINE('',#1785,#1786);
#1785 = CARTESIAN_POINT('',(4.687386375485,7.105427357601E-14));
#1786 = VECTOR('',#1787,1.);
#1787 = DIRECTION('',(0.,1.));
#1788 = ( GEOMETRIC_REPRESENTATION_CONTEXT(2) 
PARAMETRIC_REPRESENTATION_CONTEXT() REPRESENTATION_CONTEXT('2D SPACE',''
  ) );
#1789 = PCURVE('',#238,#1790);
#1790 = DEFINITIONAL_REPRESENTATION('',(#1791),#1795);
#1791 = LINE('',#1792,#1793);
#1792 = CARTESIAN_POINT('',(4.687386375485,8.526512829121E-14));
#1793 = VECTOR('',#1794,1.);
#1794 = DIRECTION('',(0.,1.));
#1795 = ( GEOMETRIC_REPRESENTATION_CONTEXT(2) 
PARAMETRIC_REPRESENTATION_CONTEXT() REPRESENTATION_CONTEXT('2D SPACE',''
  ) );
#1796 = ADVANCED_FACE('',(#1797),#612,.T.);
#1797 = FACE_BOUND('',#1798,.T.);
#1798 = EDGE_LOOP('',(#1799,#1800,#1801,#1802));
#1799 = ORIENTED_EDGE('',*,*,#1247,.F.);
#1800 = ORIENTED_EDGE('',*,*,#1371,.F.);
#1801 = ORIENTED_EDGE('',*,*,#591,.T.);
#1802 = ORIENTED_EDGE('',*,*,#1397,.T.);
#1803 = ADVANCED_FACE('',(#1804),#238,.T.);
#1804 = FACE_BOUND('',#1805,.T.);
#1805 = EDGE_LOOP('',(#1806,#1807,#1808,#1809));
#1806 = ORIENTED_EDGE('',*,*,#1008,.F.);
#1807 = ORIENTED_EDGE('',*,*,#1776,.F.);
#1808 = ORIENTED_EDGE('',*,*,#217,.T.);
#1809 = ORIENTED_EDGE('',*,*,#1512,.T.);
#1810 = ADVANCED_FACE('',(#1811),#328,.F.);
#1811 = FACE_BOUND('',#1812,.F.);
#1812 = EDGE_LOOP('',(#1813,#1814,#1815,#1836));
#1813 = ORIENTED_EDGE('',*,*,#1726,.T.);
#1814 = ORIENTED_EDGE('',*,*,#311,.F.);
#1815 = ORIENTED_EDGE('',*,*,#1816,.F.);
#1816 = EDGE_CURVE('',#907,#312,#1817,.T.);
#1817 = SURFACE_CURVE('',#1818,(#1822,#1829),.PCURVE_S1.);
#1818 = LINE('',#1819,#1820);
#1819 = CARTESIAN_POINT('',(-71.80149118424,-3.845511626294,
    15.40026782355));
#1820 = VECTOR('',#1821,1.);
#1821 = DIRECTION('',(0.965925826289,-0.166365675343,0.198266891274));
#1822 = PCURVE('',#328,#1823);
#1823 = DEFINITIONAL_REPRESENTATION('',(#1824),#1828);
#1824 = LINE('',#1825,#1826);
#1825 = CARTESIAN_POINT('',(0.44773781009,-5.684341886081E-14));
#1826 = VECTOR('',#1827,1.);
#1827 = DIRECTION('',(4.329869796038E-16,1.));
#1828 = ( GEOMETRIC_REPRESENTATION_CONTEXT(2) 
PARAMETRIC_REPRESENTATION_CONTEXT() REPRESENTATION_CONTEXT('2D SPACE',''
  ) );
#1829 = PCURVE('',#356,#1830);
#1830 = DEFINITIONAL_REPRESENTATION('',(#1831),#1835);
#1831 = LINE('',#1832,#1833);
#1832 = CARTESIAN_POINT('',(5.463363705856,-0.633764165554));
#1833 = VECTOR('',#1834,1.);
#1834 = DIRECTION('',(0.115229848283,0.99333885561));
#1835 = ( GEOMETRIC_REPRESENTATION_CONTEXT(2) 
PARAMETRIC_REPRESENTATION_CONTEXT() REPRESENTATION_CONTEXT('2D SPACE',''
  ) );
#1836 = ORIENTED_EDGE('',*,*,#929,.F.);
#1837 = ADVANCED_FACE('',(#1838),#356,.F.);
#1838 = FACE_BOUND('',#1839,.T.);
#1839 = EDGE_LOOP('',(#1840,#1841,#1842,#1843));
#1840 = ORIENTED_EDGE('',*,*,#1702,.F.);
#1841 = ORIENTED_EDGE('',*,*,#340,.F.);
#1842 = ORIENTED_EDGE('',*,*,#1816,.F.);
#1843 = ORIENTED_EDGE('',*,*,#906,.T.);
#1844 = ADVANCED_FACE('',(#1845),#45,.F.);
#1845 = FACE_BOUND('',#1846,.F.);
#1846 = EDGE_LOOP('',(#1847,#1868,#1869,#1890));
#1847 = ORIENTED_EDGE('',*,*,#1848,.T.);
#1848 = EDGE_CURVE('',#737,#24,#1849,.T.);
#1849 = SURFACE_CURVE('',#1850,(#1854,#1861),.PCURVE_S1.);
#1850 = LINE('',#1851,#1852);
#1851 = CARTESIAN_POINT('',(-69.70463048541,1.404131460089,
    9.589658304497));
#1852 = VECTOR('',#1853,1.);
#1853 = DIRECTION('',(0.965925826289,-0.166365675343,0.198266891274));
#1854 = PCURVE('',#45,#1855);
#1855 = DEFINITIONAL_REPRESENTATION('',(#1856),#1860);
#1856 = LINE('',#1857,#1858);
#1857 = CARTESIAN_POINT('',(3.240264613281,0.));
#1858 = VECTOR('',#1859,1.);
#1859 = DIRECTION('',(-1.7763568394E-16,1.));
#1860 = ( GEOMETRIC_REPRESENTATION_CONTEXT(2) 
PARAMETRIC_REPRESENTATION_CONTEXT() REPRESENTATION_CONTEXT('2D SPACE',''
  ) );
#1861 = PCURVE('',#547,#1862);
#1862 = DEFINITIONAL_REPRESENTATION('',(#1863),#1867);
#1863 = LINE('',#1864,#1865);
#1864 = CARTESIAN_POINT('',(6.38185726687,-5.684341886081E-14));
#1865 = VECTOR('',#1866,1.);
#1866 = DIRECTION('',(2.22044604925E-17,1.));
#1867 = ( GEOMETRIC_REPRESENTATION_CONTEXT(2) 
PARAMETRIC_REPRESENTATION_CONTEXT() REPRESENTATION_CONTEXT('2D SPACE',''
  ) );
#1868 = ORIENTED_EDGE('',*,*,#21,.F.);
#1869 = ORIENTED_EDGE('',*,*,#1870,.F.);
#1870 = EDGE_CURVE('',#1144,#22,#1871,.T.);
#1871 = SURFACE_CURVE('',#1872,(#1876,#1883),.PCURVE_S1.);
#1872 = LINE('',#1873,#1874);
#1873 = CARTESIAN_POINT('',(-68.93195013809,3.484120256364,
    7.570596223176));
#1874 = VECTOR('',#1875,1.);
#1875 = DIRECTION('',(0.965925826289,-0.166365675343,0.198266891274));
#1876 = PCURVE('',#45,#1877);
#1877 = DEFINITIONAL_REPRESENTATION('',(#1878),#1882);
#1878 = LINE('',#1879,#1880);
#1879 = CARTESIAN_POINT('',(9.867195969081E-02,0.));
#1880 = VECTOR('',#1881,1.);
#1881 = DIRECTION('',(2.359223927328E-16,1.));
#1882 = ( GEOMETRIC_REPRESENTATION_CONTEXT(2) 
PARAMETRIC_REPRESENTATION_CONTEXT() REPRESENTATION_CONTEXT('2D SPACE',''
  ) );
#1883 = PCURVE('',#78,#1884);
#1884 = DEFINITIONAL_REPRESENTATION('',(#1885),#1889);
#1885 = LINE('',#1886,#1887);
#1886 = CARTESIAN_POINT('',(6.38185726687,-5.684341886081E-14));
#1887 = VECTOR('',#1888,1.);
#1888 = DIRECTION('',(2.775557561563E-17,1.));
#1889 = ( GEOMETRIC_REPRESENTATION_CONTEXT(2) 
PARAMETRIC_REPRESENTATION_CONTEXT() REPRESENTATION_CONTEXT('2D SPACE',''
  ) );
#1890 = ORIENTED_EDGE('',*,*,#1171,.F.);
#1891 = ADVANCED_FACE('',(#1892),#547,.T.);
#1892 = FACE_BOUND('',#1893,.T.);
#1893 = EDGE_LOOP('',(#1894,#1895,#1896,#1897));
#1894 = ORIENTED_EDGE('',*,*,#736,.F.);
#1895 = ORIENTED_EDGE('',*,*,#1848,.T.);
#1896 = ORIENTED_EDGE('',*,*,#528,.T.);
#1897 = ORIENTED_EDGE('',*,*,#1443,.F.);
#1898 = ADVANCED_FACE('',(#1899),#78,.F.);
#1899 = FACE_BOUND('',#1900,.F.);
#1900 = EDGE_LOOP('',(#1901,#1902,#1903,#1904));
#1901 = ORIENTED_EDGE('',*,*,#57,.T.);
#1902 = ORIENTED_EDGE('',*,*,#1594,.F.);
#1903 = ORIENTED_EDGE('',*,*,#1143,.F.);
#1904 = ORIENTED_EDGE('',*,*,#1870,.T.);
#1905 = ADVANCED_FACE('',(#1906),#668,.T.);
#1906 = FACE_BOUND('',#1907,.T.);
#1907 = EDGE_LOOP('',(#1908,#1909,#1910,#1911));
#1908 = ORIENTED_EDGE('',*,*,#652,.T.);
#1909 = ORIENTED_EDGE('',*,*,#1349,.F.);
#1910 = ORIENTED_EDGE('',*,*,#1199,.F.);
#1911 = ORIENTED_EDGE('',*,*,#1912,.F.);
#1912 = EDGE_CURVE('',#653,#1200,#1913,.T.);
#1913 = SURFACE_CURVE('',#1914,(#1918,#1925),.PCURVE_S1.);
#1914 = LINE('',#1915,#1916);
#1915 = CARTESIAN_POINT('',(77.022445933323,10.699482518345,
    1.040834085586E-14));
#1916 = VECTOR('',#1917,1.);
#1917 = DIRECTION('',(-0.99945506862,-3.300857176602E-02,0.));
#1918 = PCURVE('',#668,#1919);
#1919 = DEFINITIONAL_REPRESENTATION('',(#1920),#1924);
#1920 = LINE('',#1921,#1922);
#1921 = CARTESIAN_POINT('',(-40.61395231792,25.518293905573));
#1922 = VECTOR('',#1923,1.);
#1923 = DIRECTION('',(0.99945506862,-3.300857176602E-02));
#1924 = ( GEOMETRIC_REPRESENTATION_CONTEXT(2) 
PARAMETRIC_REPRESENTATION_CONTEXT() REPRESENTATION_CONTEXT('2D SPACE',''
  ) );
#1925 = PCURVE('',#699,#1926);
#1926 = DEFINITIONAL_REPRESENTATION('',(#1927),#1931);
#1927 = LINE('',#1928,#1929);
#1928 = CARTESIAN_POINT('',(0.872933012743,41.434142936564));
#1929 = VECTOR('',#1930,1.);
#1930 = DIRECTION('',(0.,-1.));
#1931 = ( GEOMETRIC_REPRESENTATION_CONTEXT(2) 
PARAMETRIC_REPRESENTATION_CONTEXT() REPRESENTATION_CONTEXT('2D SPACE',''
  ) );
#1932 = ADVANCED_FACE('',(#1933),#699,.T.);
#1933 = FACE_BOUND('',#1934,.T.);
#1934 = EDGE_LOOP('',(#1935,#1936,#1937,#1938));
#1935 = ORIENTED_EDGE('',*,*,#680,.T.);
#1936 = ORIENTED_EDGE('',*,*,#1912,.T.);
#1937 = ORIENTED_EDGE('',*,*,#1298,.F.);
#1938 = ORIENTED_EDGE('',*,*,#1419,.F.);
#1939 = ( GEOMETRIC_REPRESENTATION_CONTEXT(3) 
GLOBAL_UNCERTAINTY_ASSIGNED_CONTEXT((#1943)) 
GLOBAL_UNIT_ASSIGNED_CONTEXT((#1940,#1941,#1942)) REPRESENTATION_CONTEXT
('Context #1','3D Context with UNIT and UNCERTAINTY') );
#1940 = ( LENGTH_UNIT() NAMED_UNIT(*) SI_UNIT(.MILLI.,.METRE.) );
#1941 = ( NAMED_UNIT(*) PLANE_ANGLE_UNIT() SI_UNIT($,.RADIAN.) );
#1942 = ( NAMED_UNIT(*) SI_UNIT($,.STERADIAN.) SOLID_ANGLE_UNIT() );
#1943 = UNCERTAINTY_MEASURE_WITH_UNIT(LENGTH_MEASURE(1.E-07),#1940,
  'distance_accuracy_value','confusion accuracy');
#1944 = PRODUCT_RELATED_PRODUCT_CATEGORY('part',$,(#7));
ENDSEC;
END-ISO-10303-21;
