ISO-10303-21;
HEADER;
FILE_DESCRIPTION(('Open CASCADE Model'),'2;1');
FILE_NAME('Open CASCADE Shape Model','2026-09-02T20:34:10',('Author'),(
    'Open CASCADE'),'Open CASCADE STEP processor 7.9','Open CASCADE 7.9'
  ,'Unknown');
FILE_SCHEMA(('AUTOMOTIVE_DESIGN { 1 0 10303 214 1 1 1 1 }'));
ENDSEC;
DATA;
#1 = APPLICATION_PROTOCOL_DEFINITION('international standard',
  'automotive_design',2000,#2);
#2 = APPLICATION_CONTEXT(
  'core data for automotive mechanical design processes');
#3 = SHAPE_DEFINITION_REPRESENTATION(#4,#10);
#4 = PRODUCT_DEFINITION_SHAPE('','',#5);
#5 = PRODUCT_DEFINITION('design','',#6,#9);
#6 = PRODUCT_DEFINITION_FORMATION('','',#7);
#7 = PRODUCT('Open CASCADE STEP translator 7.9 1',
  'Open CASCADE STEP translator 7.9 1','',(#8));
#8 = PRODUCT_CONTEXT('',#2,'mechanical');
#9 = PRODUCT_DEFINITION_CONTEXT('part definition',#2,'design');
#10 = ADVANCED_BREP_SHAPE_REPRESENTATION('',(#11,#15),#2718);
#11 = AXIS2_PLACEMENT_3D('',#12,#13,#14);
#12 = CARTESIAN_POINT('',(0.,0.,0.));
#13 = DIRECTION('',(0.,0.,1.));
#14 = DIRECTION('',(1.,0.,-0.));
#15 = MANIFOLD_SOLID_BREP('',#16);
#16 = CLOSED_SHELL('',(#17,#544,#1067,#1189,#1336,#1429,#1478,#1527,
    #1598,#1647,#1696,#1745,#1794,#1843,#1892,#1920,#1948,#1980,#2012,
    #2038,#2064,#2122,#2148,#2206,#2232,#2258,#2284,#2312,#2340,#2387,
    #2414,#2441,#2468,#2495,#2522,#2549,#2576,#2603,#2630,#2657,#2684,
    #2711));
#17 = ADVANCED_FACE('',(#18,#420,#451,#482,#513),#32,.T.);
#18 = FACE_BOUND('',#19,.T.);
#19 = EDGE_LOOP('',(#20,#55,#83,#112,#140,#168,#196,#224,#252,#280,#308,
    #337,#365,#393));
#20 = ORIENTED_EDGE('',*,*,#21,.T.);
#21 = EDGE_CURVE('',#22,#24,#26,.T.);
#22 = VERTEX_POINT('',#23);
#23 = CARTESIAN_POINT('',(27.850648383124,-55.14554707409,
    19.208890166904));
#24 = VERTEX_POINT('',#25);
#25 = CARTESIAN_POINT('',(28.136537401507,-55.55960966761,
    19.702350750299));
#26 = SURFACE_CURVE('',#27,(#31,#43),.PCURVE_S1.);
#27 = LINE('',#28,#29);
#28 = CARTESIAN_POINT('',(27.850648383124,-55.14554707409,
    19.208890166904));
#29 = VECTOR('',#30,1.);
#30 = DIRECTION('',(0.405655637129,-0.587524579078,0.700184527853));
#31 = PCURVE('',#32,#37);
#32 = PLANE('',#33);
#33 = AXIS2_PLACEMENT_3D('',#34,#35,#36);
#34 = CARTESIAN_POINT('',(36.808103051191,-52.5901929841,16.16353774981)
  );
#35 = DIRECTION('',(1.083597977291E-14,-0.766044443119,-0.642787609687)
  );
#36 = DIRECTION('',(1.,-9.466330862652E-30,1.685779192009E-14));
#37 = DEFINITIONAL_REPRESENTATION('',(#38),#42);
#38 = LINE('',#39,#40);
#39 = CARTESIAN_POINT('',(-8.957454668067,3.975425243859));
#40 = VECTOR('',#41,1.);
#41 = DIRECTION('',(0.405655637129,0.914025986538));
#42 = ( GEOMETRIC_REPRESENTATION_CONTEXT(2) 
PARAMETRIC_REPRESENTATION_CONTEXT() REPRESENTATION_CONTEXT('2D SPACE',''
  ) );
#43 = PCURVE('',#44,#49);
#44 = PLANE('',#45);
#45 = AXIS2_PLACEMENT_3D('',#46,#47,#48);
#46 = CARTESIAN_POINT('',(29.214257910339,-54.29977720751,
    20.067809482134));
#47 = DIRECTION('',(-0.646313973261,0.357296832117,0.674253084328));
#48 = DIRECTION('',(-0.405655637129,0.587524579078,-0.700184527853));
#49 = DEFINITIONAL_REPRESENTATION('',(#50),#54);
#50 = LINE('',#51,#52);
#51 = CARTESIAN_POINT('',(0.657647321898,1.697056274848));
#52 = VECTOR('',#53,1.);
#53 = DIRECTION('',(-1.,2.775557561563E-17));
#54 = ( GEOMETRIC_REPRESENTATION_CONTEXT(2) 
PARAMETRIC_REPRESENTATION_CONTEXT() REPRESENTATION_CONTEXT('2D SPACE',''
  ) );
#55 = ORIENTED_EDGE('',*,*,#56,.T.);
#56 = EDGE_CURVE('',#24,#57,#59,.T.);
#57 = VERTEX_POINT('',#58);
#58 = CARTESIAN_POINT('',(23.221731005889,-61.03146414435,
    26.223452981104));
#59 = SURFACE_CURVE('',#60,(#64,#71),.PCURVE_S1.);
#60 = LINE('',#61,#62);
#61 = CARTESIAN_POINT('',(23.221731005889,-61.03146414435,
    26.223452981104));
#62 = VECTOR('',#63,1.);
#63 = DIRECTION('',(-0.5,-0.556670399226,0.663413948169));
#64 = PCURVE('',#32,#65);
#65 = DEFINITIONAL_REPRESENTATION('',(#66),#70);
#66 = LINE('',#67,#68);
#67 = CARTESIAN_POINT('',(-13.5863720453,13.132286672997));
#68 = VECTOR('',#69,1.);
#69 = DIRECTION('',(-0.5,0.866025403784));
#70 = ( GEOMETRIC_REPRESENTATION_CONTEXT(2) 
PARAMETRIC_REPRESENTATION_CONTEXT() REPRESENTATION_CONTEXT('2D SPACE',''
  ) );
#71 = PCURVE('',#72,#77);
#72 = PLANE('',#73);
#73 = AXIS2_PLACEMENT_3D('',#74,#75,#76);
#74 = CARTESIAN_POINT('',(32.304770951512,-50.91894519891,
    14.171822197701));
#75 = DIRECTION('',(0.612372435696,-0.768934959256,-0.183681867462));
#76 = DIRECTION('',(0.5,0.556670399226,-0.663413948169));
#77 = DEFINITIONAL_REPRESENTATION('',(#78),#82);
#78 = LINE('',#79,#80);
#79 = CARTESIAN_POINT('',(-18.16607989124,-3.552713678801E-14));
#80 = VECTOR('',#81,1.);
#81 = DIRECTION('',(-1.,-1.110223024625E-16));
#82 = ( GEOMETRIC_REPRESENTATION_CONTEXT(2) 
PARAMETRIC_REPRESENTATION_CONTEXT() REPRESENTATION_CONTEXT('2D SPACE',''
  ) );
#83 = ORIENTED_EDGE('',*,*,#84,.T.);
#84 = EDGE_CURVE('',#57,#85,#87,.T.);
#85 = VERTEX_POINT('',#86);
#86 = CARTESIAN_POINT('',(21.963225257912,-61.13796468261,
    26.350375380193));
#87 = SURFACE_CURVE('',#88,(#93,#100),.PCURVE_S1.);
#88 = CIRCLE('',#89,0.8);
#89 = AXIS2_PLACEMENT_3D('',#90,#91,#92);
#90 = CARTESIAN_POINT('',(22.528910682862,-60.77434910048,
    25.917035203857));
#91 = DIRECTION('',(1.083597977291E-14,-0.766044443119,-0.642787609687)
  );
#92 = DIRECTION('',(1.,-9.466330862652E-30,1.685779192009E-14));
#93 = PCURVE('',#32,#94);
#94 = DEFINITIONAL_REPRESENTATION('',(#95),#99);
#95 = CIRCLE('',#96,0.8);
#96 = AXIS2_PLACEMENT_2D('',#97,#98);
#97 = CARTESIAN_POINT('',(-14.27919236833,12.732286672997));
#98 = DIRECTION('',(1.,0.));
#99 = ( GEOMETRIC_REPRESENTATION_CONTEXT(2) 
PARAMETRIC_REPRESENTATION_CONTEXT() REPRESENTATION_CONTEXT('2D SPACE',''
  ) );
#100 = PCURVE('',#101,#106);
#101 = CONICAL_SURFACE('',#102,0.8,0.785398163397);
#102 = AXIS2_PLACEMENT_3D('',#103,#104,#105);
#103 = CARTESIAN_POINT('',(22.528910682862,-60.77434910048,
    25.917035203857));
#104 = DIRECTION('',(-1.083597977291E-14,0.766044443119,0.642787609687)
  );
#105 = DIRECTION('',(-1.,9.466330862652E-30,-1.685779192009E-14));
#106 = DEFINITIONAL_REPRESENTATION('',(#107),#111);
#107 = LINE('',#108,#109);
#108 = CARTESIAN_POINT('',(3.14159265359,3.79854877711E-15));
#109 = VECTOR('',#110,1.);
#110 = DIRECTION('',(-1.,-1.514549848316E-16));
#111 = ( GEOMETRIC_REPRESENTATION_CONTEXT(2) 
PARAMETRIC_REPRESENTATION_CONTEXT() REPRESENTATION_CONTEXT('2D SPACE',''
  ) );
#112 = ORIENTED_EDGE('',*,*,#113,.T.);
#113 = EDGE_CURVE('',#85,#114,#116,.T.);
#114 = VERTEX_POINT('',#115);
#115 = CARTESIAN_POINT('',(18.966251155047,-59.21154686274,
    24.054560022521));
#116 = SURFACE_CURVE('',#117,(#121,#128),.PCURVE_S1.);
#117 = LINE('',#118,#119);
#118 = CARTESIAN_POINT('',(18.738888725869,-59.06540111036,
    23.880390297075));
#119 = VECTOR('',#120,1.);
#120 = DIRECTION('',(-0.707106781187,0.454519477672,-0.54167522042));
#121 = PCURVE('',#32,#122);
#122 = DEFINITIONAL_REPRESENTATION('',(#123),#127);
#123 = LINE('',#124,#125);
#124 = CARTESIAN_POINT('',(-18.06921432532,10.073635565903));
#125 = VECTOR('',#126,1.);
#126 = DIRECTION('',(-0.707106781187,-0.707106781187));
#127 = ( GEOMETRIC_REPRESENTATION_CONTEXT(2) 
PARAMETRIC_REPRESENTATION_CONTEXT() REPRESENTATION_CONTEXT('2D SPACE',''
  ) );
#128 = PCURVE('',#129,#134);
#129 = PLANE('',#130);
#130 = AXIS2_PLACEMENT_3D('',#131,#132,#133);
#131 = CARTESIAN_POINT('',(22.736678105579,-61.63513058977,
    26.942874636162));
#132 = DIRECTION('',(-0.5,-0.863069025263,-7.149725611257E-02));
#133 = DIRECTION('',(0.707106781187,-0.454519477672,0.54167522042));
#134 = DEFINITIONAL_REPRESENTATION('',(#135),#139);
#135 = LINE('',#136,#137);
#136 = CARTESIAN_POINT('',(-5.653727960297,1.212363542891E-13));
#137 = VECTOR('',#138,1.);
#138 = DIRECTION('',(-1.,-2.22044604925E-16));
#139 = ( GEOMETRIC_REPRESENTATION_CONTEXT(2) 
PARAMETRIC_REPRESENTATION_CONTEXT() REPRESENTATION_CONTEXT('2D SPACE',''
  ) );
#140 = ORIENTED_EDGE('',*,*,#141,.T.);
#141 = EDGE_CURVE('',#114,#142,#144,.T.);
#142 = VERTEX_POINT('',#143);
#143 = CARTESIAN_POINT('',(15.046234085623,-49.80775512475,
    12.847557434761));
#144 = SURFACE_CURVE('',#145,(#149,#156),.PCURVE_S1.);
#145 = LINE('',#146,#147);
#146 = CARTESIAN_POINT('',(14.893071571709,-49.44033111679,
    12.409678553269));
#147 = VECTOR('',#148,1.);
#148 = DIRECTION('',(-0.258819045103,0.620885153015,-0.739942111694));
#149 = PCURVE('',#32,#150);
#150 = DEFINITIONAL_REPRESENTATION('',(#151),#155);
#151 = LINE('',#152,#153);
#152 = CARTESIAN_POINT('',(-21.91503147948,-4.900315158291));
#153 = VECTOR('',#154,1.);
#154 = DIRECTION('',(-0.258819045103,-0.965925826289));
#155 = ( GEOMETRIC_REPRESENTATION_CONTEXT(2) 
PARAMETRIC_REPRESENTATION_CONTEXT() REPRESENTATION_CONTEXT('2D SPACE',''
  ) );
#156 = PCURVE('',#157,#162);
#157 = PLANE('',#158);
#158 = AXIS2_PLACEMENT_3D('',#159,#160,#161);
#159 = CARTESIAN_POINT('',(17.586179108039,-55.90086992342,
    20.109048886165));
#160 = DIRECTION('',(-0.683012701892,-0.659313517611,-0.314323614367));
#161 = DIRECTION('',(0.258819045103,-0.620885153015,0.739942111694));
#162 = DEFINITIONAL_REPRESENTATION('',(#163),#167);
#163 = LINE('',#164,#165);
#164 = CARTESIAN_POINT('',(-10.40536848926,-7.904787935331E-14));
#165 = VECTOR('',#166,1.);
#166 = DIRECTION('',(-1.,5.551115123126E-17));
#167 = ( GEOMETRIC_REPRESENTATION_CONTEXT(2) 
PARAMETRIC_REPRESENTATION_CONTEXT() REPRESENTATION_CONTEXT('2D SPACE',''
  ) );
#168 = ORIENTED_EDGE('',*,*,#169,.T.);
#169 = EDGE_CURVE('',#142,#170,#172,.T.);
#170 = VERTEX_POINT('',#171);
#171 = CARTESIAN_POINT('',(26.994509073168,-39.79871955134,
    0.919253331743));
#172 = SURFACE_CURVE('',#173,(#177,#184),.PCURVE_S1.);
#173 = LINE('',#174,#175);
#174 = CARTESIAN_POINT('',(27.35475857028,-39.4969395843,0.559605971853)
  );
#175 = VECTOR('',#176,1.);
#176 = DIRECTION('',(0.608761429009,0.509957697243,-0.60774391776));
#177 = PCURVE('',#32,#178);
#178 = DEFINITIONAL_REPRESENTATION('',(#179),#183);
#179 = LINE('',#180,#181);
#180 = CARTESIAN_POINT('',(-9.453344480911,-20.36948628518));
#181 = VECTOR('',#182,1.);
#182 = DIRECTION('',(0.608761429009,-0.793353340291));
#183 = ( GEOMETRIC_REPRESENTATION_CONTEXT(2) 
PARAMETRIC_REPRESENTATION_CONTEXT() REPRESENTATION_CONTEXT('2D SPACE',''
  ) );
#184 = PCURVE('',#185,#190);
#185 = PLANE('',#186);
#186 = AXIS2_PLACEMENT_3D('',#187,#188,#189);
#187 = CARTESIAN_POINT('',(21.020371579396,-44.80323733804,
    6.883405383252));
#188 = DIRECTION('',(-0.560985526797,-0.26498129368,-0.784270458913));
#189 = DIRECTION('',(-0.608761429009,-0.509957697243,0.60774391776));
#190 = DEFINITIONAL_REPRESENTATION('',(#191),#195);
#191 = LINE('',#192,#193);
#192 = CARTESIAN_POINT('',(-10.40536848926,7.993605777301E-15));
#193 = VECTOR('',#194,1.);
#194 = DIRECTION('',(-1.,-1.665334536938E-16));
#195 = ( GEOMETRIC_REPRESENTATION_CONTEXT(2) 
PARAMETRIC_REPRESENTATION_CONTEXT() REPRESENTATION_CONTEXT('2D SPACE',''
  ) );
#196 = ORIENTED_EDGE('',*,*,#197,.T.);
#197 = EDGE_CURVE('',#170,#198,#200,.T.);
#198 = VERTEX_POINT('',#199);
#199 = CARTESIAN_POINT('',(46.621697029215,-39.79871955134,
    0.919253331743));
#200 = SURFACE_CURVE('',#201,(#205,#212),.PCURVE_S1.);
#201 = LINE('',#202,#203);
#202 = CARTESIAN_POINT('',(47.213471540452,-39.79871955134,
    0.919253331743));
#203 = VECTOR('',#204,1.);
#204 = DIRECTION('',(1.,0.,1.685779192009E-14));
#205 = PCURVE('',#32,#206);
#206 = DEFINITIONAL_REPRESENTATION('',(#207),#211);
#207 = LINE('',#208,#209);
#208 = CARTESIAN_POINT('',(10.405368489261,-19.9));
#209 = VECTOR('',#210,1.);
#210 = DIRECTION('',(1.,-1.577721810442E-30));
#211 = ( GEOMETRIC_REPRESENTATION_CONTEXT(2) 
PARAMETRIC_REPRESENTATION_CONTEXT() REPRESENTATION_CONTEXT('2D SPACE',''
  ) );
#212 = PCURVE('',#213,#218);
#213 = PLANE('',#214);
#214 = AXIS2_PLACEMENT_3D('',#215,#216,#217);
#215 = CARTESIAN_POINT('',(36.808103051192,-39.79871955134,
    0.919253331743));
#216 = DIRECTION('',(1.679364293233E-14,-8.715574274766E-02,
    -0.996194698092));
#217 = DIRECTION('',(-1.,-6.902532920684E-30,-1.685779192009E-14));
#218 = DEFINITIONAL_REPRESENTATION('',(#219),#223);
#219 = LINE('',#220,#221);
#220 = CARTESIAN_POINT('',(-10.40536848926,-3.225674937009E-19));
#221 = VECTOR('',#222,1.);
#222 = DIRECTION('',(-1.,0.));
#223 = ( GEOMETRIC_REPRESENTATION_CONTEXT(2) 
PARAMETRIC_REPRESENTATION_CONTEXT() REPRESENTATION_CONTEXT('2D SPACE',''
  ) );
#224 = ORIENTED_EDGE('',*,*,#225,.T.);
#225 = EDGE_CURVE('',#198,#226,#228,.T.);
#226 = VERTEX_POINT('',#227);
#227 = CARTESIAN_POINT('',(58.56997201676,-49.80775512475,
    12.847557434762));
#228 = SURFACE_CURVE('',#229,(#233,#240),.PCURVE_S1.);
#229 = LINE('',#230,#231);
#230 = CARTESIAN_POINT('',(58.930221513872,-50.10953509179,
    13.207204794652));
#231 = VECTOR('',#232,1.);
#232 = DIRECTION('',(0.608761429009,-0.509957697243,0.60774391776));
#233 = PCURVE('',#32,#234);
#234 = DEFINITIONAL_REPRESENTATION('',(#235),#239);
#235 = LINE('',#236,#237);
#236 = CARTESIAN_POINT('',(22.12211846268,-3.859218589358));
#237 = VECTOR('',#238,1.);
#238 = DIRECTION('',(0.608761429009,0.793353340291));
#239 = ( GEOMETRIC_REPRESENTATION_CONTEXT(2) 
PARAMETRIC_REPRESENTATION_CONTEXT() REPRESENTATION_CONTEXT('2D SPACE',''
  ) );
#240 = PCURVE('',#241,#246);
#241 = PLANE('',#242);
#242 = AXIS2_PLACEMENT_3D('',#243,#244,#245);
#243 = CARTESIAN_POINT('',(52.595834522987,-44.80323733804,
    6.883405383252));
#244 = DIRECTION('',(0.560985526797,-0.26498129368,-0.784270458913));
#245 = DIRECTION('',(-0.608761429009,0.509957697243,-0.60774391776));
#246 = DEFINITIONAL_REPRESENTATION('',(#247),#251);
#247 = LINE('',#248,#249);
#248 = CARTESIAN_POINT('',(-10.40536848926,-2.475797344914E-14));
#249 = VECTOR('',#250,1.);
#250 = DIRECTION('',(-1.,-1.110223024625E-16));
#251 = ( GEOMETRIC_REPRESENTATION_CONTEXT(2) 
PARAMETRIC_REPRESENTATION_CONTEXT() REPRESENTATION_CONTEXT('2D SPACE',''
  ) );
#252 = ORIENTED_EDGE('',*,*,#253,.T.);
#253 = EDGE_CURVE('',#226,#254,#256,.T.);
#254 = VERTEX_POINT('',#255);
#255 = CARTESIAN_POINT('',(54.649954947336,-59.21154686274,
    24.054560022521));
#256 = SURFACE_CURVE('',#257,(#261,#268),.PCURVE_S1.);
#257 = LINE('',#258,#259);
#258 = CARTESIAN_POINT('',(54.56673452239,-59.41118567315,24.29248029205
    ));
#259 = VECTOR('',#260,1.);
#260 = DIRECTION('',(-0.258819045103,-0.620885153015,0.739942111694));
#261 = PCURVE('',#32,#262);
#262 = DEFINITIONAL_REPRESENTATION('',(#263),#267);
#263 = LINE('',#264,#265);
#264 = CARTESIAN_POINT('',(17.758631471199,10.611580849203));
#265 = VECTOR('',#266,1.);
#266 = DIRECTION('',(-0.258819045103,0.965925826289));
#267 = ( GEOMETRIC_REPRESENTATION_CONTEXT(2) 
PARAMETRIC_REPRESENTATION_CONTEXT() REPRESENTATION_CONTEXT('2D SPACE',''
  ) );
#268 = PCURVE('',#269,#274);
#269 = PLANE('',#270);
#270 = AXIS2_PLACEMENT_3D('',#271,#272,#273);
#271 = CARTESIAN_POINT('',(56.030026994344,-55.90086992342,
    20.109048886166));
#272 = DIRECTION('',(0.683012701892,-0.659313517611,-0.314323614367));
#273 = DIRECTION('',(0.258819045103,0.620885153015,-0.739942111694));
#274 = DEFINITIONAL_REPRESENTATION('',(#275),#279);
#275 = LINE('',#276,#277);
#276 = CARTESIAN_POINT('',(-5.653727960297,-6.794564910706E-14));
#277 = VECTOR('',#278,1.);
#278 = DIRECTION('',(-1.,-5.551115123126E-17));
#279 = ( GEOMETRIC_REPRESENTATION_CONTEXT(2) 
PARAMETRIC_REPRESENTATION_CONTEXT() REPRESENTATION_CONTEXT('2D SPACE',''
  ) );
#280 = ORIENTED_EDGE('',*,*,#281,.T.);
#281 = EDGE_CURVE('',#254,#282,#284,.T.);
#282 = VERTEX_POINT('',#283);
#283 = CARTESIAN_POINT('',(51.65298084447,-61.13796468261,
    26.350375380193));
#284 = SURFACE_CURVE('',#285,(#289,#296),.PCURVE_S1.);
#285 = LINE('',#286,#287);
#286 = CARTESIAN_POINT('',(50.879527996804,-61.63513058977,
    26.942874636163));
#287 = VECTOR('',#288,1.);
#288 = DIRECTION('',(-0.707106781187,-0.454519477672,0.54167522042));
#289 = PCURVE('',#32,#290);
#290 = DEFINITIONAL_REPRESENTATION('',(#291),#295);
#291 = LINE('',#292,#293);
#292 = CARTESIAN_POINT('',(14.071424945612,14.071424945612));
#293 = VECTOR('',#294,1.);
#294 = DIRECTION('',(-0.707106781187,0.707106781187));
#295 = ( GEOMETRIC_REPRESENTATION_CONTEXT(2) 
PARAMETRIC_REPRESENTATION_CONTEXT() REPRESENTATION_CONTEXT('2D SPACE',''
  ) );
#296 = PCURVE('',#297,#302);
#297 = PLANE('',#298);
#298 = AXIS2_PLACEMENT_3D('',#299,#300,#301);
#299 = CARTESIAN_POINT('',(51.728056134227,-61.26130063124,
    28.36423003229));
#300 = DIRECTION('',(-0.5,0.863069025263,7.149725611255E-02));
#301 = DIRECTION('',(0.707106781187,0.454519477672,-0.54167522042));
#302 = DEFINITIONAL_REPRESENTATION('',(#303),#307);
#303 = LINE('',#304,#305);
#304 = CARTESIAN_POINT('',(-3.985700658404E-14,1.697056274848));
#305 = VECTOR('',#306,1.);
#306 = DIRECTION('',(-1.,-5.551115123126E-17));
#307 = ( GEOMETRIC_REPRESENTATION_CONTEXT(2) 
PARAMETRIC_REPRESENTATION_CONTEXT() REPRESENTATION_CONTEXT('2D SPACE',''
  ) );
#308 = ORIENTED_EDGE('',*,*,#309,.T.);
#309 = EDGE_CURVE('',#282,#310,#312,.T.);
#310 = VERTEX_POINT('',#311);
#311 = CARTESIAN_POINT('',(50.394475096493,-61.03146414435,
    26.223452981105));
#312 = SURFACE_CURVE('',#313,(#318,#325),.PCURVE_S1.);
#313 = CIRCLE('',#314,0.8);
#314 = AXIS2_PLACEMENT_3D('',#315,#316,#317);
#315 = CARTESIAN_POINT('',(51.087295419521,-60.77434910048,
    25.917035203857));
#316 = DIRECTION('',(1.083597977291E-14,-0.766044443119,-0.642787609687)
  );
#317 = DIRECTION('',(1.,-9.466330862652E-30,1.685779192009E-14));
#318 = PCURVE('',#32,#319);
#319 = DEFINITIONAL_REPRESENTATION('',(#320),#324);
#320 = CIRCLE('',#321,0.8);
#321 = AXIS2_PLACEMENT_2D('',#322,#323);
#322 = CARTESIAN_POINT('',(14.27919236833,12.732286672997));
#323 = DIRECTION('',(1.,0.));
#324 = ( GEOMETRIC_REPRESENTATION_CONTEXT(2) 
PARAMETRIC_REPRESENTATION_CONTEXT() REPRESENTATION_CONTEXT('2D SPACE',''
  ) );
#325 = PCURVE('',#326,#331);
#326 = CONICAL_SURFACE('',#327,0.8,0.785398163397);
#327 = AXIS2_PLACEMENT_3D('',#328,#329,#330);
#328 = CARTESIAN_POINT('',(51.087295419521,-60.77434910048,
    25.917035203857));
#329 = DIRECTION('',(-1.083597977291E-14,0.766044443119,0.642787609687)
  );
#330 = DIRECTION('',(-1.,9.466330862652E-30,-1.685779192009E-14));
#331 = DEFINITIONAL_REPRESENTATION('',(#332),#336);
#332 = LINE('',#333,#334);
#333 = CARTESIAN_POINT('',(3.14159265359,4.821539992658E-15));
#334 = VECTOR('',#335,1.);
#335 = DIRECTION('',(-1.,-1.756877824047E-15));
#336 = ( GEOMETRIC_REPRESENTATION_CONTEXT(2) 
PARAMETRIC_REPRESENTATION_CONTEXT() REPRESENTATION_CONTEXT('2D SPACE',''
  ) );
#337 = ORIENTED_EDGE('',*,*,#338,.T.);
#338 = EDGE_CURVE('',#310,#339,#341,.T.);
#339 = VERTEX_POINT('',#340);
#340 = CARTESIAN_POINT('',(45.479668700876,-55.55960966761,
    19.702350750299));
#341 = SURFACE_CURVE('',#342,(#346,#353),.PCURVE_S1.);
#342 = LINE('',#343,#344);
#343 = CARTESIAN_POINT('',(41.311435150871,-50.91894519891,
    14.171822197701));
#344 = VECTOR('',#345,1.);
#345 = DIRECTION('',(-0.5,0.556670399226,-0.663413948169));
#346 = PCURVE('',#32,#347);
#347 = DEFINITIONAL_REPRESENTATION('',(#348),#352);
#348 = LINE('',#349,#350);
#349 = CARTESIAN_POINT('',(4.503332099679,-2.6));
#350 = VECTOR('',#351,1.);
#351 = DIRECTION('',(-0.5,-0.866025403784));
#352 = ( GEOMETRIC_REPRESENTATION_CONTEXT(2) 
PARAMETRIC_REPRESENTATION_CONTEXT() REPRESENTATION_CONTEXT('2D SPACE',''
  ) );
#353 = PCURVE('',#354,#359);
#354 = PLANE('',#355);
#355 = AXIS2_PLACEMENT_3D('',#356,#357,#358);
#356 = CARTESIAN_POINT('',(47.396819916733,-58.31748926454,
    24.855932260106));
#357 = DIRECTION('',(0.612372435696,0.768934959256,0.183681867462));
#358 = DIRECTION('',(0.5,-0.556670399226,0.663413948169));
#359 = DEFINITIONAL_REPRESENTATION('',(#360),#364);
#360 = LINE('',#361,#362);
#361 = CARTESIAN_POINT('',(-14.2492305008,1.697056274848));
#362 = VECTOR('',#363,1.);
#363 = DIRECTION('',(-1.,1.110223024625E-16));
#364 = ( GEOMETRIC_REPRESENTATION_CONTEXT(2) 
PARAMETRIC_REPRESENTATION_CONTEXT() REPRESENTATION_CONTEXT('2D SPACE',''
  ) );
#365 = ORIENTED_EDGE('',*,*,#366,.T.);
#366 = EDGE_CURVE('',#339,#367,#369,.T.);
#367 = VERTEX_POINT('',#368);
#368 = CARTESIAN_POINT('',(45.765557719259,-55.14554707409,
    19.208890166904));
#369 = SURFACE_CURVE('',#370,(#374,#381),.PCURVE_S1.);
#370 = LINE('',#371,#372);
#371 = CARTESIAN_POINT('',(45.765557719259,-55.14554707409,
    19.208890166904));
#372 = VECTOR('',#373,1.);
#373 = DIRECTION('',(0.405655637129,0.587524579078,-0.700184527853));
#374 = PCURVE('',#32,#375);
#375 = DEFINITIONAL_REPRESENTATION('',(#376),#380);
#376 = LINE('',#377,#378);
#377 = CARTESIAN_POINT('',(8.957454668068,3.975425243859));
#378 = VECTOR('',#379,1.);
#379 = DIRECTION('',(0.405655637129,-0.914025986538));
#380 = ( GEOMETRIC_REPRESENTATION_CONTEXT(2) 
PARAMETRIC_REPRESENTATION_CONTEXT() REPRESENTATION_CONTEXT('2D SPACE',''
  ) );
#381 = PCURVE('',#382,#387);
#382 = PLANE('',#383);
#383 = AXIS2_PLACEMENT_3D('',#384,#385,#386);
#384 = CARTESIAN_POINT('',(45.765557719259,-55.14554707409,
    19.208890166904));
#385 = DIRECTION('',(-0.646313973261,-0.357296832117,-0.674253084328));
#386 = DIRECTION('',(-0.405655637129,-0.587524579078,0.700184527853));
#387 = DEFINITIONAL_REPRESENTATION('',(#388),#392);
#388 = LINE('',#389,#390);
#389 = CARTESIAN_POINT('',(0.,0.));
#390 = VECTOR('',#391,1.);
#391 = DIRECTION('',(-1.,0.));
#392 = ( GEOMETRIC_REPRESENTATION_CONTEXT(2) 
PARAMETRIC_REPRESENTATION_CONTEXT() REPRESENTATION_CONTEXT('2D SPACE',''
  ) );
#393 = ORIENTED_EDGE('',*,*,#394,.F.);
#394 = EDGE_CURVE('',#22,#367,#395,.T.);
#395 = SURFACE_CURVE('',#396,(#401,#408),.PCURVE_S1.);
#396 = CIRCLE('',#397,9.8);
#397 = AXIS2_PLACEMENT_3D('',#398,#399,#400);
#398 = CARTESIAN_POINT('',(36.808103051191,-52.5901929841,16.16353774981
    ));
#399 = DIRECTION('',(1.083597977291E-14,-0.766044443119,-0.642787609687)
  );
#400 = DIRECTION('',(1.,-9.466330862652E-30,1.685779192009E-14));
#401 = PCURVE('',#32,#402);
#402 = DEFINITIONAL_REPRESENTATION('',(#403),#407);
#403 = CIRCLE('',#404,9.8);
#404 = AXIS2_PLACEMENT_2D('',#405,#406);
#405 = CARTESIAN_POINT('',(0.,0.));
#406 = DIRECTION('',(1.,0.));
#407 = ( GEOMETRIC_REPRESENTATION_CONTEXT(2) 
PARAMETRIC_REPRESENTATION_CONTEXT() REPRESENTATION_CONTEXT('2D SPACE',''
  ) );
#408 = PCURVE('',#409,#414);
#409 = CONICAL_SURFACE('',#410,8.6,0.785398163397);
#410 = AXIS2_PLACEMENT_3D('',#411,#412,#413);
#411 = CARTESIAN_POINT('',(36.808103051191,-51.67093965235,
    16.934882881434));
#412 = DIRECTION('',(1.083597977291E-14,-0.766044443119,-0.642787609687)
  );
#413 = DIRECTION('',(1.,-9.466330862652E-30,1.685779192009E-14));
#414 = DEFINITIONAL_REPRESENTATION('',(#415),#419);
#415 = LINE('',#416,#417);
#416 = CARTESIAN_POINT('',(-4.884981308351E-15,1.2));
#417 = VECTOR('',#418,1.);
#418 = DIRECTION('',(1.,-2.01345294047E-15));
#419 = ( GEOMETRIC_REPRESENTATION_CONTEXT(2) 
PARAMETRIC_REPRESENTATION_CONTEXT() REPRESENTATION_CONTEXT('2D SPACE',''
  ) );
#420 = FACE_BOUND('',#421,.T.);
#421 = EDGE_LOOP('',(#422));
#422 = ORIENTED_EDGE('',*,*,#423,.F.);
#423 = EDGE_CURVE('',#424,#424,#426,.T.);
#424 = VERTEX_POINT('',#425);
#425 = CARTESIAN_POINT('',(49.403176395364,-44.50975841928,
    6.533650827467));
#426 = SURFACE_CURVE('',#427,(#432,#439),.PCURVE_S1.);
#427 = CIRCLE('',#428,4.);
#428 = AXIS2_PLACEMENT_3D('',#429,#430,#431);
#429 = CARTESIAN_POINT('',(45.403176395364,-44.50975841928,
    6.533650827467));
#430 = DIRECTION('',(1.083597977291E-14,-0.766044443119,-0.642787609687)
  );
#431 = DIRECTION('',(1.,-9.466330862652E-30,1.685779192009E-14));
#432 = PCURVE('',#32,#433);
#433 = DEFINITIONAL_REPRESENTATION('',(#434),#438);
#434 = CIRCLE('',#435,4.);
#435 = AXIS2_PLACEMENT_2D('',#436,#437);
#436 = CARTESIAN_POINT('',(8.595073344172,-12.57092458387));
#437 = DIRECTION('',(1.,0.));
#438 = ( GEOMETRIC_REPRESENTATION_CONTEXT(2) 
PARAMETRIC_REPRESENTATION_CONTEXT() REPRESENTATION_CONTEXT('2D SPACE',''
  ) );
#439 = PCURVE('',#440,#445);
#440 = CYLINDRICAL_SURFACE('',#441,4.);
#441 = AXIS2_PLACEMENT_3D('',#442,#443,#444);
#442 = CARTESIAN_POINT('',(45.403176395361,152.22395314647,
    171.61283564243));
#443 = DIRECTION('',(1.083597977291E-14,-0.766044443119,-0.642787609687)
  );
#444 = DIRECTION('',(1.,-9.466330862652E-30,1.685779192009E-14));
#445 = DEFINITIONAL_REPRESENTATION('',(#446),#450);
#446 = LINE('',#447,#448);
#447 = CARTESIAN_POINT('',(0.,256.81762113533));
#448 = VECTOR('',#449,1.);
#449 = DIRECTION('',(1.,0.));
#450 = ( GEOMETRIC_REPRESENTATION_CONTEXT(2) 
PARAMETRIC_REPRESENTATION_CONTEXT() REPRESENTATION_CONTEXT('2D SPACE',''
  ) );
#451 = FACE_BOUND('',#452,.T.);
#452 = EDGE_LOOP('',(#453));
#453 = ORIENTED_EDGE('',*,*,#454,.F.);
#454 = EDGE_CURVE('',#455,#455,#457,.T.);
#455 = VERTEX_POINT('',#456);
#456 = CARTESIAN_POINT('',(32.213029707019,-44.50975841928,
    6.533650827467));
#457 = SURFACE_CURVE('',#458,(#463,#470),.PCURVE_S1.);
#458 = CIRCLE('',#459,4.);
#459 = AXIS2_PLACEMENT_3D('',#460,#461,#462);
#460 = CARTESIAN_POINT('',(28.213029707019,-44.50975841928,
    6.533650827467));
#461 = DIRECTION('',(1.083597977291E-14,-0.766044443119,-0.642787609687)
  );
#462 = DIRECTION('',(1.,-9.466330862652E-30,1.685779192009E-14));
#463 = PCURVE('',#32,#464);
#464 = DEFINITIONAL_REPRESENTATION('',(#465),#469);
#465 = CIRCLE('',#466,4.);
#466 = AXIS2_PLACEMENT_2D('',#467,#468);
#467 = CARTESIAN_POINT('',(-8.595073344172,-12.57092458387));
#468 = DIRECTION('',(1.,0.));
#469 = ( GEOMETRIC_REPRESENTATION_CONTEXT(2) 
PARAMETRIC_REPRESENTATION_CONTEXT() REPRESENTATION_CONTEXT('2D SPACE',''
  ) );
#470 = PCURVE('',#471,#476);
#471 = CYLINDRICAL_SURFACE('',#472,4.);
#472 = AXIS2_PLACEMENT_3D('',#473,#474,#475);
#473 = CARTESIAN_POINT('',(28.213029707016,152.22395314647,
    171.61283564243));
#474 = DIRECTION('',(1.083597977291E-14,-0.766044443119,-0.642787609687)
  );
#475 = DIRECTION('',(1.,-9.466330862652E-30,1.685779192009E-14));
#476 = DEFINITIONAL_REPRESENTATION('',(#477),#481);
#477 = LINE('',#478,#479);
#478 = CARTESIAN_POINT('',(0.,256.81762113533));
#479 = VECTOR('',#480,1.);
#480 = DIRECTION('',(1.,0.));
#481 = ( GEOMETRIC_REPRESENTATION_CONTEXT(2) 
PARAMETRIC_REPRESENTATION_CONTEXT() REPRESENTATION_CONTEXT('2D SPACE',''
  ) );
#482 = FACE_BOUND('',#483,.T.);
#483 = EDGE_LOOP('',(#484));
#484 = ORIENTED_EDGE('',*,*,#485,.F.);
#485 = EDGE_CURVE('',#486,#486,#488,.T.);
#486 = VERTEX_POINT('',#487);
#487 = CARTESIAN_POINT('',(24.258103051191,-52.5901929841,16.16353774981
    ));
#488 = SURFACE_CURVE('',#489,(#494,#501),.PCURVE_S1.);
#489 = CIRCLE('',#490,1.25);
#490 = AXIS2_PLACEMENT_3D('',#491,#492,#493);
#491 = CARTESIAN_POINT('',(23.008103051191,-52.5901929841,16.16353774981
    ));
#492 = DIRECTION('',(1.083597977291E-14,-0.766044443119,-0.642787609687)
  );
#493 = DIRECTION('',(1.,-9.466330862652E-30,1.685779192009E-14));
#494 = PCURVE('',#32,#495);
#495 = DEFINITIONAL_REPRESENTATION('',(#496),#500);
#496 = CIRCLE('',#497,1.25);
#497 = AXIS2_PLACEMENT_2D('',#498,#499);
#498 = CARTESIAN_POINT('',(-13.8,2.405305300199E-14));
#499 = DIRECTION('',(1.,0.));
#500 = ( GEOMETRIC_REPRESENTATION_CONTEXT(2) 
PARAMETRIC_REPRESENTATION_CONTEXT() REPRESENTATION_CONTEXT('2D SPACE',''
  ) );
#501 = PCURVE('',#502,#507);
#502 = CYLINDRICAL_SURFACE('',#503,1.25);
#503 = AXIS2_PLACEMENT_3D('',#504,#505,#506);
#504 = CARTESIAN_POINT('',(23.008103051192,-111.1283586192,
    -32.95581544441));
#505 = DIRECTION('',(-1.083597977291E-14,0.766044443119,0.642787609687)
  );
#506 = DIRECTION('',(-1.,9.466330862652E-30,-1.685779192009E-14));
#507 = DEFINITIONAL_REPRESENTATION('',(#508),#512);
#508 = LINE('',#509,#510);
#509 = CARTESIAN_POINT('',(9.424777960769,76.416148124227));
#510 = VECTOR('',#511,1.);
#511 = DIRECTION('',(-1.,0.));
#512 = ( GEOMETRIC_REPRESENTATION_CONTEXT(2) 
PARAMETRIC_REPRESENTATION_CONTEXT() REPRESENTATION_CONTEXT('2D SPACE',''
  ) );
#513 = FACE_BOUND('',#514,.T.);
#514 = EDGE_LOOP('',(#515));
#515 = ORIENTED_EDGE('',*,*,#516,.F.);
#516 = EDGE_CURVE('',#517,#517,#519,.T.);
#517 = VERTEX_POINT('',#518);
#518 = CARTESIAN_POINT('',(51.858103051191,-52.5901929841,
    16.163537749811));
#519 = SURFACE_CURVE('',#520,(#525,#532),.PCURVE_S1.);
#520 = CIRCLE('',#521,1.25);
#521 = AXIS2_PLACEMENT_3D('',#522,#523,#524);
#522 = CARTESIAN_POINT('',(50.608103051191,-52.5901929841,
    16.163537749811));
#523 = DIRECTION('',(1.083597977291E-14,-0.766044443119,-0.642787609687)
  );
#524 = DIRECTION('',(1.,-9.466330862652E-30,1.685779192009E-14));
#525 = PCURVE('',#32,#526);
#526 = DEFINITIONAL_REPRESENTATION('',(#527),#531);
#527 = CIRCLE('',#528,1.25);
#528 = AXIS2_PLACEMENT_2D('',#529,#530);
#529 = CARTESIAN_POINT('',(13.8,5.418403338481E-14));
#530 = DIRECTION('',(1.,0.));
#531 = ( GEOMETRIC_REPRESENTATION_CONTEXT(2) 
PARAMETRIC_REPRESENTATION_CONTEXT() REPRESENTATION_CONTEXT('2D SPACE',''
  ) );
#532 = PCURVE('',#533,#538);
#533 = CYLINDRICAL_SURFACE('',#534,1.25);
#534 = AXIS2_PLACEMENT_3D('',#535,#536,#537);
#535 = CARTESIAN_POINT('',(50.608103051192,-111.1283586192,
    -32.95581544441));
#536 = DIRECTION('',(-1.083597977291E-14,0.766044443119,0.642787609687)
  );
#537 = DIRECTION('',(-1.,9.466330862652E-30,-1.685779192009E-14));
#538 = DEFINITIONAL_REPRESENTATION('',(#539),#543);
#539 = LINE('',#540,#541);
#540 = CARTESIAN_POINT('',(9.424777960769,76.416148124227));
#541 = VECTOR('',#542,1.);
#542 = DIRECTION('',(-1.,0.));
#543 = ( GEOMETRIC_REPRESENTATION_CONTEXT(2) 
PARAMETRIC_REPRESENTATION_CONTEXT() REPRESENTATION_CONTEXT('2D SPACE',''
  ) );
#544 = ADVANCED_FACE('',(#545,#581,#612),#558,.F.);
#545 = FACE_BOUND('',#546,.T.);
#546 = EDGE_LOOP('',(#547));
#547 = ORIENTED_EDGE('',*,*,#548,.T.);
#548 = EDGE_CURVE('',#549,#549,#551,.T.);
#549 = VERTEX_POINT('',#550);
#550 = CARTESIAN_POINT('',(46.903176395364,-33.0190917725,
    16.175464972765));
#551 = SURFACE_CURVE('',#552,(#557,#569),.PCURVE_S1.);
#552 = CIRCLE('',#553,1.5);
#553 = AXIS2_PLACEMENT_3D('',#554,#555,#556);
#554 = CARTESIAN_POINT('',(45.403176395364,-33.0190917725,
    16.175464972765));
#555 = DIRECTION('',(1.083597977291E-14,-0.766044443119,-0.642787609687)
  );
#556 = DIRECTION('',(1.,-9.466330862652E-30,1.685779192009E-14));
#557 = PCURVE('',#558,#563);
#558 = PLANE('',#559);
#559 = AXIS2_PLACEMENT_3D('',#560,#561,#562);
#560 = CARTESIAN_POINT('',(36.808103051191,-41.09952633731,
    25.805351895108));
#561 = DIRECTION('',(1.083597977291E-14,-0.766044443119,-0.642787609687)
  );
#562 = DIRECTION('',(1.,-9.466330862652E-30,1.685779192009E-14));
#563 = DEFINITIONAL_REPRESENTATION('',(#564),#568);
#564 = CIRCLE('',#565,1.5);
#565 = AXIS2_PLACEMENT_2D('',#566,#567);
#566 = CARTESIAN_POINT('',(8.595073344172,-12.57092458387));
#567 = DIRECTION('',(1.,0.));
#568 = ( GEOMETRIC_REPRESENTATION_CONTEXT(2) 
PARAMETRIC_REPRESENTATION_CONTEXT() REPRESENTATION_CONTEXT('2D SPACE',''
  ) );
#569 = PCURVE('',#570,#575);
#570 = CYLINDRICAL_SURFACE('',#571,1.5);
#571 = AXIS2_PLACEMENT_3D('',#572,#573,#574);
#572 = CARTESIAN_POINT('',(45.403176395363,37.009740509405,
    74.936632312288));
#573 = DIRECTION('',(1.083597977291E-14,-0.766044443119,-0.642787609687)
  );
#574 = DIRECTION('',(1.,-9.466330862652E-30,1.685779192009E-14));
#575 = DEFINITIONAL_REPRESENTATION('',(#576),#580);
#576 = LINE('',#577,#578);
#577 = CARTESIAN_POINT('',(0.,91.416148124227));
#578 = VECTOR('',#579,1.);
#579 = DIRECTION('',(1.,0.));
#580 = ( GEOMETRIC_REPRESENTATION_CONTEXT(2) 
PARAMETRIC_REPRESENTATION_CONTEXT() REPRESENTATION_CONTEXT('2D SPACE',''
  ) );
#581 = FACE_BOUND('',#582,.T.);
#582 = EDGE_LOOP('',(#583));
#583 = ORIENTED_EDGE('',*,*,#584,.T.);
#584 = EDGE_CURVE('',#585,#585,#587,.T.);
#585 = VERTEX_POINT('',#586);
#586 = CARTESIAN_POINT('',(29.713029707019,-33.0190917725,
    16.175464972765));
#587 = SURFACE_CURVE('',#588,(#593,#600),.PCURVE_S1.);
#588 = CIRCLE('',#589,1.5);
#589 = AXIS2_PLACEMENT_3D('',#590,#591,#592);
#590 = CARTESIAN_POINT('',(28.213029707019,-33.0190917725,
    16.175464972765));
#591 = DIRECTION('',(1.083597977291E-14,-0.766044443119,-0.642787609687)
  );
#592 = DIRECTION('',(1.,-9.466330862652E-30,1.685779192009E-14));
#593 = PCURVE('',#558,#594);
#594 = DEFINITIONAL_REPRESENTATION('',(#595),#599);
#595 = CIRCLE('',#596,1.5);
#596 = AXIS2_PLACEMENT_2D('',#597,#598);
#597 = CARTESIAN_POINT('',(-8.595073344172,-12.57092458387));
#598 = DIRECTION('',(1.,0.));
#599 = ( GEOMETRIC_REPRESENTATION_CONTEXT(2) 
PARAMETRIC_REPRESENTATION_CONTEXT() REPRESENTATION_CONTEXT('2D SPACE',''
  ) );
#600 = PCURVE('',#601,#606);
#601 = CYLINDRICAL_SURFACE('',#602,1.5);
#602 = AXIS2_PLACEMENT_3D('',#603,#604,#605);
#603 = CARTESIAN_POINT('',(28.213029707018,37.009740509405,
    74.936632312288));
#604 = DIRECTION('',(1.083597977291E-14,-0.766044443119,-0.642787609687)
  );
#605 = DIRECTION('',(1.,-9.466330862652E-30,1.685779192009E-14));
#606 = DEFINITIONAL_REPRESENTATION('',(#607),#611);
#607 = LINE('',#608,#609);
#608 = CARTESIAN_POINT('',(0.,91.416148124227));
#609 = VECTOR('',#610,1.);
#610 = DIRECTION('',(1.,0.));
#611 = ( GEOMETRIC_REPRESENTATION_CONTEXT(2) 
PARAMETRIC_REPRESENTATION_CONTEXT() REPRESENTATION_CONTEXT('2D SPACE',''
  ) );
#612 = FACE_BOUND('',#613,.T.);
#613 = EDGE_LOOP('',(#614,#644,#673,#701,#729,#757,#785,#813,#841,#869,
    #898,#926,#954,#983,#1012,#1041));
#614 = ORIENTED_EDGE('',*,*,#615,.T.);
#615 = EDGE_CURVE('',#616,#618,#620,.T.);
#616 = VERTEX_POINT('',#617);
#617 = CARTESIAN_POINT('',(44.135169848673,-44.11474785845,
    29.398752975386));
#618 = VERTEX_POINT('',#619);
#619 = CARTESIAN_POINT('',(49.355244611952,-49.92647006338,
    36.324893792274));
#620 = SURFACE_CURVE('',#621,(#625,#632),.PCURVE_S1.);
#621 = LINE('',#622,#623);
#622 = CARTESIAN_POINT('',(47.396819916733,-47.74607594949,
    33.726401273781));
#623 = VECTOR('',#624,1.);
#624 = DIRECTION('',(0.5,-0.556670399226,0.663413948169));
#625 = PCURVE('',#558,#626);
#626 = DEFINITIONAL_REPRESENTATION('',(#627),#631);
#627 = LINE('',#628,#629);
#628 = CARTESIAN_POINT('',(10.588716865542,10.34019559808));
#629 = VECTOR('',#630,1.);
#630 = DIRECTION('',(0.5,0.866025403784));
#631 = ( GEOMETRIC_REPRESENTATION_CONTEXT(2) 
PARAMETRIC_REPRESENTATION_CONTEXT() REPRESENTATION_CONTEXT('2D SPACE',''
  ) );
#632 = PCURVE('',#633,#638);
#633 = PLANE('',#634);
#634 = AXIS2_PLACEMENT_3D('',#635,#636,#637);
#635 = CARTESIAN_POINT('',(47.396819916733,-59.23674259628,
    24.084587128483));
#636 = DIRECTION('',(-0.866025403784,-0.321393804843,0.383022221559));
#637 = DIRECTION('',(-0.5,0.556670399226,-0.663413948169));
#638 = DEFINITIONAL_REPRESENTATION('',(#639),#643);
#639 = LINE('',#640,#641);
#640 = CARTESIAN_POINT('',(-6.572520305781E-14,-15.));
#641 = VECTOR('',#642,1.);
#642 = DIRECTION('',(-1.,0.));
#643 = ( GEOMETRIC_REPRESENTATION_CONTEXT(2) 
PARAMETRIC_REPRESENTATION_CONTEXT() REPRESENTATION_CONTEXT('2D SPACE',''
  ) );
#644 = ORIENTED_EDGE('',*,*,#645,.F.);
#645 = EDGE_CURVE('',#646,#618,#648,.T.);
#646 = VERTEX_POINT('',#647);
#647 = CARTESIAN_POINT('',(52.501508981894,-50.19272140904,
    36.642199789995));
#648 = SURFACE_CURVE('',#649,(#654,#661),.PCURVE_S1.);
#649 = CIRCLE('',#650,2.);
#650 = AXIS2_PLACEMENT_3D('',#651,#652,#653);
#651 = CARTESIAN_POINT('',(51.087295419521,-49.28368245369,
    35.558849349155));
#652 = DIRECTION('',(1.083597977291E-14,-0.766044443119,-0.642787609687)
  );
#653 = DIRECTION('',(1.,-9.466330862652E-30,1.685779192009E-14));
#654 = PCURVE('',#558,#655);
#655 = DEFINITIONAL_REPRESENTATION('',(#656),#660);
#656 = CIRCLE('',#657,2.);
#657 = AXIS2_PLACEMENT_2D('',#658,#659);
#658 = CARTESIAN_POINT('',(14.27919236833,12.732286672997));
#659 = DIRECTION('',(1.,0.));
#660 = ( GEOMETRIC_REPRESENTATION_CONTEXT(2) 
PARAMETRIC_REPRESENTATION_CONTEXT() REPRESENTATION_CONTEXT('2D SPACE',''
  ) );
#661 = PCURVE('',#662,#667);
#662 = CYLINDRICAL_SURFACE('',#663,2.);
#663 = AXIS2_PLACEMENT_3D('',#664,#665,#666);
#664 = CARTESIAN_POINT('',(51.087295419521,-60.77434910048,
    25.917035203857));
#665 = DIRECTION('',(-1.083597977291E-14,0.766044443119,0.642787609687)
  );
#666 = DIRECTION('',(-1.,-4.733165431326E-30,-1.685779192009E-14));
#667 = DEFINITIONAL_REPRESENTATION('',(#668),#672);
#668 = LINE('',#669,#670);
#669 = CARTESIAN_POINT('',(3.14159265359,15.));
#670 = VECTOR('',#671,1.);
#671 = DIRECTION('',(-1.,1.938623805844E-15));
#672 = ( GEOMETRIC_REPRESENTATION_CONTEXT(2) 
PARAMETRIC_REPRESENTATION_CONTEXT() REPRESENTATION_CONTEXT('2D SPACE',''
  ) );
#673 = ORIENTED_EDGE('',*,*,#674,.T.);
#674 = EDGE_CURVE('',#646,#675,#677,.T.);
#675 = VERTEX_POINT('',#676);
#676 = CARTESIAN_POINT('',(55.725845513937,-48.12015783678,
    34.172214706878));
#677 = SURFACE_CURVE('',#678,(#682,#689),.PCURVE_S1.);
#678 = LINE('',#679,#680);
#679 = CARTESIAN_POINT('',(51.728056134227,-50.68988731619,
    37.234699045964));
#680 = VECTOR('',#681,1.);
#681 = DIRECTION('',(0.707106781187,0.454519477672,-0.54167522042));
#682 = PCURVE('',#558,#683);
#683 = DEFINITIONAL_REPRESENTATION('',(#684),#688);
#684 = LINE('',#685,#686);
#685 = CARTESIAN_POINT('',(14.919953083036,14.919953083036));
#686 = VECTOR('',#687,1.);
#687 = DIRECTION('',(0.707106781187,-0.707106781187));
#688 = ( GEOMETRIC_REPRESENTATION_CONTEXT(2) 
PARAMETRIC_REPRESENTATION_CONTEXT() REPRESENTATION_CONTEXT('2D SPACE',''
  ) );
#689 = PCURVE('',#690,#695);
#690 = PLANE('',#691);
#691 = AXIS2_PLACEMENT_3D('',#692,#693,#694);
#692 = CARTESIAN_POINT('',(51.728056134227,-62.18055396298,
    27.592884900666));
#693 = DIRECTION('',(0.707106781187,-0.454519477672,0.54167522042));
#694 = DIRECTION('',(-0.707106781187,-0.454519477672,0.54167522042));
#695 = DEFINITIONAL_REPRESENTATION('',(#696),#700);
#696 = LINE('',#697,#698);
#697 = CARTESIAN_POINT('',(3.819167204711E-14,-15.));
#698 = VECTOR('',#699,1.);
#699 = DIRECTION('',(-1.,5.551115123126E-17));
#700 = ( GEOMETRIC_REPRESENTATION_CONTEXT(2) 
PARAMETRIC_REPRESENTATION_CONTEXT() REPRESENTATION_CONTEXT('2D SPACE',''
  ) );
#701 = ORIENTED_EDGE('',*,*,#702,.F.);
#702 = EDGE_CURVE('',#703,#675,#705,.T.);
#703 = VERTEX_POINT('',#704);
#704 = CARTESIAN_POINT('',(59.882245522221,-38.14930328042,
    22.289412968097));
#705 = SURFACE_CURVE('',#706,(#710,#717),.PCURVE_S1.);
#706 = LINE('',#707,#708);
#707 = CARTESIAN_POINT('',(57.804045518079,-43.1347305586,
    28.230813837487));
#708 = VECTOR('',#709,1.);
#709 = DIRECTION('',(-0.258819045103,-0.620885153015,0.739942111694));
#710 = PCURVE('',#558,#711);
#711 = DEFINITIONAL_REPRESENTATION('',(#712),#716);
#712 = LINE('',#713,#714);
#713 = CARTESIAN_POINT('',(20.995942466888,3.166215699579));
#714 = VECTOR('',#715,1.);
#715 = DIRECTION('',(-0.258819045103,0.965925826289));
#716 = ( GEOMETRIC_REPRESENTATION_CONTEXT(2) 
PARAMETRIC_REPRESENTATION_CONTEXT() REPRESENTATION_CONTEXT('2D SPACE',''
  ) );
#717 = PCURVE('',#718,#723);
#718 = PLANE('',#719);
#719 = AXIS2_PLACEMENT_3D('',#720,#721,#722);
#720 = CARTESIAN_POINT('',(57.804045518079,-54.62539720538,
    18.588999692189));
#721 = DIRECTION('',(-0.965925826289,0.166365675343,-0.198266891274));
#722 = DIRECTION('',(0.258819045103,0.620885153015,-0.739942111694));
#723 = DEFINITIONAL_REPRESENTATION('',(#724),#728);
#724 = LINE('',#725,#726);
#725 = CARTESIAN_POINT('',(-6.483702463811E-14,-15.));
#726 = VECTOR('',#727,1.);
#727 = DIRECTION('',(-1.,1.110223024625E-16));
#728 = ( GEOMETRIC_REPRESENTATION_CONTEXT(2) 
PARAMETRIC_REPRESENTATION_CONTEXT() REPRESENTATION_CONTEXT('2D SPACE',''
  ) );
#729 = ORIENTED_EDGE('',*,*,#730,.F.);
#730 = EDGE_CURVE('',#731,#703,#733,.T.);
#731 = VERTEX_POINT('',#732);
#732 = CARTESIAN_POINT('',(47.213471540452,-27.53670777293,
    9.641814145298));
#733 = SURFACE_CURVE('',#734,(#738,#745),.PCURVE_S1.);
#734 = LINE('',#735,#736);
#735 = CARTESIAN_POINT('',(53.547858531337,-32.84300552667,
    15.965613556698));
#736 = VECTOR('',#737,1.);
#737 = DIRECTION('',(0.608761429009,-0.509957697243,0.60774391776));
#738 = PCURVE('',#558,#739);
#739 = DEFINITIONAL_REPRESENTATION('',(#740),#744);
#740 = LINE('',#741,#742);
#741 = CARTESIAN_POINT('',(16.739755480145,-12.84486615208));
#742 = VECTOR('',#743,1.);
#743 = DIRECTION('',(0.608761429009,0.793353340291));
#744 = ( GEOMETRIC_REPRESENTATION_CONTEXT(2) 
PARAMETRIC_REPRESENTATION_CONTEXT() REPRESENTATION_CONTEXT('2D SPACE',''
  ) );
#745 = PCURVE('',#746,#751);
#746 = PLANE('',#747);
#747 = AXIS2_PLACEMENT_3D('',#748,#749,#750);
#748 = CARTESIAN_POINT('',(53.547858531337,-44.33367217346,6.3237994114)
  );
#749 = DIRECTION('',(-0.793353340291,-0.391304303822,0.466338309877));
#750 = DIRECTION('',(-0.608761429009,0.509957697243,-0.60774391776));
#751 = DEFINITIONAL_REPRESENTATION('',(#752),#756);
#752 = LINE('',#753,#754);
#753 = CARTESIAN_POINT('',(1.95399252334E-14,-15.));
#754 = VECTOR('',#755,1.);
#755 = DIRECTION('',(-1.,0.));
#756 = ( GEOMETRIC_REPRESENTATION_CONTEXT(2) 
PARAMETRIC_REPRESENTATION_CONTEXT() REPRESENTATION_CONTEXT('2D SPACE',''
  ) );
#757 = ORIENTED_EDGE('',*,*,#758,.F.);
#758 = EDGE_CURVE('',#759,#731,#761,.T.);
#759 = VERTEX_POINT('',#760);
#760 = CARTESIAN_POINT('',(26.402734561931,-27.53670777293,
    9.641814145298));
#761 = SURFACE_CURVE('',#762,(#766,#773),.PCURVE_S1.);
#762 = LINE('',#763,#764);
#763 = CARTESIAN_POINT('',(36.808103051191,-27.53670777293,
    9.641814145298));
#764 = VECTOR('',#765,1.);
#765 = DIRECTION('',(1.,0.,1.685779192009E-14));
#766 = PCURVE('',#558,#767);
#767 = DEFINITIONAL_REPRESENTATION('',(#768),#772);
#768 = LINE('',#769,#770);
#769 = CARTESIAN_POINT('',(-8.063501742364E-14,-21.1));
#770 = VECTOR('',#771,1.);
#771 = DIRECTION('',(1.,-1.577721810442E-30));
#772 = ( GEOMETRIC_REPRESENTATION_CONTEXT(2) 
PARAMETRIC_REPRESENTATION_CONTEXT() REPRESENTATION_CONTEXT('2D SPACE',''
  ) );
#773 = PCURVE('',#774,#779);
#774 = PLANE('',#775);
#775 = AXIS2_PLACEMENT_3D('',#776,#777,#778);
#776 = CARTESIAN_POINT('',(36.808103051192,-39.02737441971,
    1.630640067418E-13));
#777 = DIRECTION('',(-1.291381782364E-14,-0.642787609687,0.766044443119)
  );
#778 = DIRECTION('',(1.083597977291E-14,-0.766044443119,-0.642787609687)
  );
#779 = DEFINITIONAL_REPRESENTATION('',(#780),#784);
#780 = LINE('',#781,#782);
#781 = CARTESIAN_POINT('',(-15.,-4.351769677678E-14));
#782 = VECTOR('',#783,1.);
#783 = DIRECTION('',(-1.419949629398E-29,1.));
#784 = ( GEOMETRIC_REPRESENTATION_CONTEXT(2) 
PARAMETRIC_REPRESENTATION_CONTEXT() REPRESENTATION_CONTEXT('2D SPACE',''
  ) );
#785 = ORIENTED_EDGE('',*,*,#786,.F.);
#786 = EDGE_CURVE('',#787,#759,#789,.T.);
#787 = VERTEX_POINT('',#788);
#788 = CARTESIAN_POINT('',(13.733960580162,-38.14930328042,
    22.289412968096));
#789 = SURFACE_CURVE('',#790,(#794,#801),.PCURVE_S1.);
#790 = LINE('',#791,#792);
#791 = CARTESIAN_POINT('',(20.068347571046,-32.84300552667,
    15.965613556697));
#792 = VECTOR('',#793,1.);
#793 = DIRECTION('',(0.608761429009,0.509957697243,-0.60774391776));
#794 = PCURVE('',#558,#795);
#795 = DEFINITIONAL_REPRESENTATION('',(#796),#800);
#796 = LINE('',#797,#798);
#797 = CARTESIAN_POINT('',(-16.73975548014,-12.84486615208));
#798 = VECTOR('',#799,1.);
#799 = DIRECTION('',(0.608761429009,-0.793353340291));
#800 = ( GEOMETRIC_REPRESENTATION_CONTEXT(2) 
PARAMETRIC_REPRESENTATION_CONTEXT() REPRESENTATION_CONTEXT('2D SPACE',''
  ) );
#801 = PCURVE('',#802,#807);
#802 = PLANE('',#803);
#803 = AXIS2_PLACEMENT_3D('',#804,#805,#806);
#804 = CARTESIAN_POINT('',(20.068347571047,-44.33367217346,
    6.323799411399));
#805 = DIRECTION('',(0.793353340291,-0.391304303822,0.466338309877));
#806 = DIRECTION('',(-0.608761429009,-0.509957697243,0.60774391776));
#807 = DEFINITIONAL_REPRESENTATION('',(#808),#812);
#808 = LINE('',#809,#810);
#809 = CARTESIAN_POINT('',(6.927791673661E-14,-15.));
#810 = VECTOR('',#811,1.);
#811 = DIRECTION('',(-1.,-2.22044604925E-16));
#812 = ( GEOMETRIC_REPRESENTATION_CONTEXT(2) 
PARAMETRIC_REPRESENTATION_CONTEXT() REPRESENTATION_CONTEXT('2D SPACE',''
  ) );
#813 = ORIENTED_EDGE('',*,*,#814,.F.);
#814 = EDGE_CURVE('',#815,#787,#817,.T.);
#815 = VERTEX_POINT('',#816);
#816 = CARTESIAN_POINT('',(17.890360588445,-48.12015783678,
    34.172214706877));
#817 = SURFACE_CURVE('',#818,(#822,#829),.PCURVE_S1.);
#818 = LINE('',#819,#820);
#819 = CARTESIAN_POINT('',(15.812160584304,-43.1347305586,
    28.230813837487));
#820 = VECTOR('',#821,1.);
#821 = DIRECTION('',(-0.258819045103,0.620885153015,-0.739942111694));
#822 = PCURVE('',#558,#823);
#823 = DEFINITIONAL_REPRESENTATION('',(#824),#828);
#824 = LINE('',#825,#826);
#825 = CARTESIAN_POINT('',(-20.99594246688,3.166215699579));
#826 = VECTOR('',#827,1.);
#827 = DIRECTION('',(-0.258819045103,-0.965925826289));
#828 = ( GEOMETRIC_REPRESENTATION_CONTEXT(2) 
PARAMETRIC_REPRESENTATION_CONTEXT() REPRESENTATION_CONTEXT('2D SPACE',''
  ) );
#829 = PCURVE('',#830,#835);
#830 = PLANE('',#831);
#831 = AXIS2_PLACEMENT_3D('',#832,#833,#834);
#832 = CARTESIAN_POINT('',(15.812160584304,-54.62539720538,
    18.588999692189));
#833 = DIRECTION('',(0.965925826289,0.166365675343,-0.198266891274));
#834 = DIRECTION('',(0.258819045103,-0.620885153015,0.739942111694));
#835 = DEFINITIONAL_REPRESENTATION('',(#836),#840);
#836 = LINE('',#837,#838);
#837 = CARTESIAN_POINT('',(2.22044604925E-14,-15.));
#838 = VECTOR('',#839,1.);
#839 = DIRECTION('',(-1.,5.551115123126E-17));
#840 = ( GEOMETRIC_REPRESENTATION_CONTEXT(2) 
PARAMETRIC_REPRESENTATION_CONTEXT() REPRESENTATION_CONTEXT('2D SPACE',''
  ) );
#841 = ORIENTED_EDGE('',*,*,#842,.F.);
#842 = EDGE_CURVE('',#843,#815,#845,.T.);
#843 = VERTEX_POINT('',#844);
#844 = CARTESIAN_POINT('',(21.114697120488,-50.19272140904,
    36.642199789994));
#845 = SURFACE_CURVE('',#846,(#850,#857),.PCURVE_S1.);
#846 = LINE('',#847,#848);
#847 = CARTESIAN_POINT('',(21.888149968155,-50.68988731619,
    37.234699045964));
#848 = VECTOR('',#849,1.);
#849 = DIRECTION('',(-0.707106781187,0.454519477672,-0.54167522042));
#850 = PCURVE('',#558,#851);
#851 = DEFINITIONAL_REPRESENTATION('',(#852),#856);
#852 = LINE('',#853,#854);
#853 = CARTESIAN_POINT('',(-14.91995308303,14.919953083036));
#854 = VECTOR('',#855,1.);
#855 = DIRECTION('',(-0.707106781187,-0.707106781187));
#856 = ( GEOMETRIC_REPRESENTATION_CONTEXT(2) 
PARAMETRIC_REPRESENTATION_CONTEXT() REPRESENTATION_CONTEXT('2D SPACE',''
  ) );
#857 = PCURVE('',#858,#863);
#858 = PLANE('',#859);
#859 = AXIS2_PLACEMENT_3D('',#860,#861,#862);
#860 = CARTESIAN_POINT('',(21.888149968155,-62.18055396298,
    27.592884900666));
#861 = DIRECTION('',(0.707106781187,0.454519477672,-0.54167522042));
#862 = DIRECTION('',(0.707106781187,-0.454519477672,0.54167522042));
#863 = DEFINITIONAL_REPRESENTATION('',(#864),#868);
#864 = LINE('',#865,#866);
#865 = CARTESIAN_POINT('',(-7.815970093361E-14,-15.));
#866 = VECTOR('',#867,1.);
#867 = DIRECTION('',(-1.,5.551115123126E-17));
#868 = ( GEOMETRIC_REPRESENTATION_CONTEXT(2) 
PARAMETRIC_REPRESENTATION_CONTEXT() REPRESENTATION_CONTEXT('2D SPACE',''
  ) );
#869 = ORIENTED_EDGE('',*,*,#870,.F.);
#870 = EDGE_CURVE('',#871,#843,#873,.T.);
#871 = VERTEX_POINT('',#872);
#872 = CARTESIAN_POINT('',(24.26096149043,-49.92647006338,
    36.324893792274));
#873 = SURFACE_CURVE('',#874,(#879,#886),.PCURVE_S1.);
#874 = CIRCLE('',#875,2.);
#875 = AXIS2_PLACEMENT_3D('',#876,#877,#878);
#876 = CARTESIAN_POINT('',(22.528910682862,-49.28368245369,
    35.558849349155));
#877 = DIRECTION('',(1.083597977291E-14,-0.766044443119,-0.642787609687)
  );
#878 = DIRECTION('',(1.,-9.466330862652E-30,1.685779192009E-14));
#879 = PCURVE('',#558,#880);
#880 = DEFINITIONAL_REPRESENTATION('',(#881),#885);
#881 = CIRCLE('',#882,2.);
#882 = AXIS2_PLACEMENT_2D('',#883,#884);
#883 = CARTESIAN_POINT('',(-14.27919236833,12.732286672997));
#884 = DIRECTION('',(1.,0.));
#885 = ( GEOMETRIC_REPRESENTATION_CONTEXT(2) 
PARAMETRIC_REPRESENTATION_CONTEXT() REPRESENTATION_CONTEXT('2D SPACE',''
  ) );
#886 = PCURVE('',#887,#892);
#887 = CYLINDRICAL_SURFACE('',#888,2.);
#888 = AXIS2_PLACEMENT_3D('',#889,#890,#891);
#889 = CARTESIAN_POINT('',(22.528910682862,-60.77434910048,
    25.917035203857));
#890 = DIRECTION('',(-1.083597977291E-14,0.766044443119,0.642787609687)
  );
#891 = DIRECTION('',(-1.,9.466330862652E-30,-1.685779192009E-14));
#892 = DEFINITIONAL_REPRESENTATION('',(#893),#897);
#893 = LINE('',#894,#895);
#894 = CARTESIAN_POINT('',(3.14159265359,15.));
#895 = VECTOR('',#896,1.);
#896 = DIRECTION('',(-1.,0.));
#897 = ( GEOMETRIC_REPRESENTATION_CONTEXT(2) 
PARAMETRIC_REPRESENTATION_CONTEXT() REPRESENTATION_CONTEXT('2D SPACE',''
  ) );
#898 = ORIENTED_EDGE('',*,*,#899,.F.);
#899 = EDGE_CURVE('',#900,#871,#902,.T.);
#900 = VERTEX_POINT('',#901);
#901 = CARTESIAN_POINT('',(29.48103625371,-44.11474785845,
    29.398752975386));
#902 = SURFACE_CURVE('',#903,(#907,#914),.PCURVE_S1.);
#903 = LINE('',#904,#905);
#904 = CARTESIAN_POINT('',(26.219386185649,-47.74607594949,
    33.72640127378));
#905 = VECTOR('',#906,1.);
#906 = DIRECTION('',(-0.5,-0.556670399226,0.663413948169));
#907 = PCURVE('',#558,#908);
#908 = DEFINITIONAL_REPRESENTATION('',(#909),#913);
#909 = LINE('',#910,#911);
#910 = CARTESIAN_POINT('',(-10.58871686554,10.34019559808));
#911 = VECTOR('',#912,1.);
#912 = DIRECTION('',(-0.5,0.866025403784));
#913 = ( GEOMETRIC_REPRESENTATION_CONTEXT(2) 
PARAMETRIC_REPRESENTATION_CONTEXT() REPRESENTATION_CONTEXT('2D SPACE',''
  ) );
#914 = PCURVE('',#915,#920);
#915 = PLANE('',#916);
#916 = AXIS2_PLACEMENT_3D('',#917,#918,#919);
#917 = CARTESIAN_POINT('',(26.21938618565,-59.23674259628,
    24.084587128482));
#918 = DIRECTION('',(-0.866025403784,0.321393804843,-0.38302222156));
#919 = DIRECTION('',(0.5,0.556670399226,-0.663413948169));
#920 = DEFINITIONAL_REPRESENTATION('',(#921),#925);
#921 = LINE('',#922,#923);
#922 = CARTESIAN_POINT('',(-3.19744231092E-14,-15.));
#923 = VECTOR('',#924,1.);
#924 = DIRECTION('',(-1.,-5.551115123126E-17));
#925 = ( GEOMETRIC_REPRESENTATION_CONTEXT(2) 
PARAMETRIC_REPRESENTATION_CONTEXT() REPRESENTATION_CONTEXT('2D SPACE',''
  ) );
#926 = ORIENTED_EDGE('',*,*,#927,.T.);
#927 = EDGE_CURVE('',#900,#928,#930,.T.);
#928 = VERTEX_POINT('',#929);
#929 = CARTESIAN_POINT('',(29.270491568389,-43.80980897359,
    29.035340963841));
#930 = SURFACE_CURVE('',#931,(#935,#942),.PCURVE_S1.);
#931 = LINE('',#932,#933);
#932 = CARTESIAN_POINT('',(29.214257910339,-43.72836389247,
    28.938278495809));
#933 = VECTOR('',#934,1.);
#934 = DIRECTION('',(-0.405655637129,0.587524579078,-0.700184527853));
#935 = PCURVE('',#558,#936);
#936 = DEFINITIONAL_REPRESENTATION('',(#937),#941);
#937 = LINE('',#938,#939);
#938 = CARTESIAN_POINT('',(-7.593845140852,4.089745221497));
#939 = VECTOR('',#940,1.);
#940 = DIRECTION('',(-0.405655637129,-0.914025986538));
#941 = ( GEOMETRIC_REPRESENTATION_CONTEXT(2) 
PARAMETRIC_REPRESENTATION_CONTEXT() REPRESENTATION_CONTEXT('2D SPACE',''
  ) );
#942 = PCURVE('',#943,#948);
#943 = PLANE('',#944);
#944 = AXIS2_PLACEMENT_3D('',#945,#946,#947);
#945 = CARTESIAN_POINT('',(29.214257910339,-55.21903053925,
    19.29646435051));
#946 = DIRECTION('',(0.914025986538,0.260750417346,-0.310750246642));
#947 = DIRECTION('',(0.405655637129,-0.587524579078,0.700184527853));
#948 = DEFINITIONAL_REPRESENTATION('',(#949),#953);
#949 = LINE('',#950,#951);
#950 = CARTESIAN_POINT('',(9.237055564881E-14,-15.));
#951 = VECTOR('',#952,1.);
#952 = DIRECTION('',(-1.,5.551115123126E-17));
#953 = ( GEOMETRIC_REPRESENTATION_CONTEXT(2) 
PARAMETRIC_REPRESENTATION_CONTEXT() REPRESENTATION_CONTEXT('2D SPACE',''
  ) );
#954 = ORIENTED_EDGE('',*,*,#955,.T.);
#955 = EDGE_CURVE('',#928,#956,#958,.T.);
#956 = VERTEX_POINT('',#957);
#957 = CARTESIAN_POINT('',(29.295752453582,-38.40866442693,
    22.59850754624));
#958 = SURFACE_CURVE('',#959,(#964,#971),.PCURVE_S1.);
#959 = CIRCLE('',#960,6.55);
#960 = AXIS2_PLACEMENT_3D('',#961,#962,#963);
#961 = CARTESIAN_POINT('',(24.258103051191,-41.09952633731,
    25.805351895108));
#962 = DIRECTION('',(1.083597977291E-14,-0.766044443119,-0.642787609687)
  );
#963 = DIRECTION('',(1.,-9.466330862652E-30,1.685779192009E-14));
#964 = PCURVE('',#558,#965);
#965 = DEFINITIONAL_REPRESENTATION('',(#966),#970);
#966 = CIRCLE('',#967,6.55);
#967 = AXIS2_PLACEMENT_2D('',#968,#969);
#968 = CARTESIAN_POINT('',(-12.55,8.786573198721E-15));
#969 = DIRECTION('',(1.,0.));
#970 = ( GEOMETRIC_REPRESENTATION_CONTEXT(2) 
PARAMETRIC_REPRESENTATION_CONTEXT() REPRESENTATION_CONTEXT('2D SPACE',''
  ) );
#971 = PCURVE('',#972,#977);
#972 = CYLINDRICAL_SURFACE('',#973,6.55);
#973 = AXIS2_PLACEMENT_3D('',#974,#975,#976);
#974 = CARTESIAN_POINT('',(24.258103051191,-44.16370410979,
    23.234201456362));
#975 = DIRECTION('',(-1.083597977291E-14,0.766044443119,0.642787609687)
  );
#976 = DIRECTION('',(-1.,9.466330862652E-30,-1.685779192009E-14));
#977 = DEFINITIONAL_REPRESENTATION('',(#978),#982);
#978 = LINE('',#979,#980);
#979 = CARTESIAN_POINT('',(9.424777960769,4.));
#980 = VECTOR('',#981,1.);
#981 = DIRECTION('',(-1.,1.089685875997E-15));
#982 = ( GEOMETRIC_REPRESENTATION_CONTEXT(2) 
PARAMETRIC_REPRESENTATION_CONTEXT() REPRESENTATION_CONTEXT('2D SPACE',''
  ) );
#983 = ORIENTED_EDGE('',*,*,#984,.T.);
#984 = EDGE_CURVE('',#956,#985,#987,.T.);
#985 = VERTEX_POINT('',#986);
#986 = CARTESIAN_POINT('',(44.320453648801,-38.40866442693,
    22.59850754624));
#987 = SURFACE_CURVE('',#988,(#993,#1000),.PCURVE_S1.);
#988 = CIRCLE('',#989,8.6);
#989 = AXIS2_PLACEMENT_3D('',#990,#991,#992);
#990 = CARTESIAN_POINT('',(36.808103051191,-41.09952633731,
    25.805351895108));
#991 = DIRECTION('',(1.083597977291E-14,-0.766044443119,-0.642787609687)
  );
#992 = DIRECTION('',(1.,-9.466330862652E-30,1.685779192009E-14));
#993 = PCURVE('',#558,#994);
#994 = DEFINITIONAL_REPRESENTATION('',(#995),#999);
#995 = CIRCLE('',#996,8.6);
#996 = AXIS2_PLACEMENT_2D('',#997,#998);
#997 = CARTESIAN_POINT('',(0.,0.));
#998 = DIRECTION('',(1.,0.));
#999 = ( GEOMETRIC_REPRESENTATION_CONTEXT(2) 
PARAMETRIC_REPRESENTATION_CONTEXT() REPRESENTATION_CONTEXT('2D SPACE',''
  ) );
#1000 = PCURVE('',#1001,#1006);
#1001 = CYLINDRICAL_SURFACE('',#1002,8.6);
#1002 = AXIS2_PLACEMENT_3D('',#1003,#1004,#1005);
#1003 = CARTESIAN_POINT('',(36.808103051191,-52.5901929841,
    16.16353774981));
#1004 = DIRECTION('',(-1.083597977291E-14,0.766044443119,0.642787609687)
  );
#1005 = DIRECTION('',(-1.,9.466330862652E-30,-1.685779192009E-14));
#1006 = DEFINITIONAL_REPRESENTATION('',(#1007),#1011);
#1007 = LINE('',#1008,#1009);
#1008 = CARTESIAN_POINT('',(9.424777960769,15.));
#1009 = VECTOR('',#1010,1.);
#1010 = DIRECTION('',(-1.,0.));
#1011 = ( GEOMETRIC_REPRESENTATION_CONTEXT(2) 
PARAMETRIC_REPRESENTATION_CONTEXT() REPRESENTATION_CONTEXT('2D SPACE',''
  ) );
#1012 = ORIENTED_EDGE('',*,*,#1013,.T.);
#1013 = EDGE_CURVE('',#985,#1014,#1016,.T.);
#1014 = VERTEX_POINT('',#1015);
#1015 = CARTESIAN_POINT('',(44.345714533993,-43.80980897359,
    29.035340963842));
#1016 = SURFACE_CURVE('',#1017,(#1022,#1029),.PCURVE_S1.);
#1017 = CIRCLE('',#1018,6.55);
#1018 = AXIS2_PLACEMENT_3D('',#1019,#1020,#1021);
#1019 = CARTESIAN_POINT('',(49.358103051191,-41.09952633731,
    25.805351895109));
#1020 = DIRECTION('',(1.083597977291E-14,-0.766044443119,-0.642787609687
    ));
#1021 = DIRECTION('',(1.,-9.466330862652E-30,1.685779192009E-14));
#1022 = PCURVE('',#558,#1023);
#1023 = DEFINITIONAL_REPRESENTATION('',(#1024),#1028);
#1024 = CIRCLE('',#1025,6.55);
#1025 = AXIS2_PLACEMENT_2D('',#1026,#1027);
#1026 = CARTESIAN_POINT('',(12.55,6.672897661644E-14));
#1027 = DIRECTION('',(1.,0.));
#1028 = ( GEOMETRIC_REPRESENTATION_CONTEXT(2) 
PARAMETRIC_REPRESENTATION_CONTEXT() REPRESENTATION_CONTEXT('2D SPACE',''
  ) );
#1029 = PCURVE('',#1030,#1035);
#1030 = CYLINDRICAL_SURFACE('',#1031,6.55);
#1031 = AXIS2_PLACEMENT_3D('',#1032,#1033,#1034);
#1032 = CARTESIAN_POINT('',(49.358103051191,-44.16370410979,
    23.234201456362));
#1033 = DIRECTION('',(-1.083597977291E-14,0.766044443119,0.642787609687)
  );
#1034 = DIRECTION('',(-1.,9.466330862652E-30,-1.685779192009E-14));
#1035 = DEFINITIONAL_REPRESENTATION('',(#1036),#1040);
#1036 = LINE('',#1037,#1038);
#1037 = CARTESIAN_POINT('',(9.424777960769,4.));
#1038 = VECTOR('',#1039,1.);
#1039 = DIRECTION('',(-1.,3.632286253322E-16));
#1040 = ( GEOMETRIC_REPRESENTATION_CONTEXT(2) 
PARAMETRIC_REPRESENTATION_CONTEXT() REPRESENTATION_CONTEXT('2D SPACE',''
  ) );
#1041 = ORIENTED_EDGE('',*,*,#1042,.F.);
#1042 = EDGE_CURVE('',#616,#1014,#1043,.T.);
#1043 = SURFACE_CURVE('',#1044,(#1048,#1055),.PCURVE_S1.);
#1044 = LINE('',#1045,#1046);
#1045 = CARTESIAN_POINT('',(44.401948192043,-43.72836389247,
    28.938278495809));
#1046 = VECTOR('',#1047,1.);
#1047 = DIRECTION('',(0.405655637129,0.587524579078,-0.700184527853));
#1048 = PCURVE('',#558,#1049);
#1049 = DEFINITIONAL_REPRESENTATION('',(#1050),#1054);
#1050 = LINE('',#1051,#1052);
#1051 = CARTESIAN_POINT('',(7.593845140852,4.089745221497));
#1052 = VECTOR('',#1053,1.);
#1053 = DIRECTION('',(0.405655637129,-0.914025986538));
#1054 = ( GEOMETRIC_REPRESENTATION_CONTEXT(2) 
PARAMETRIC_REPRESENTATION_CONTEXT() REPRESENTATION_CONTEXT('2D SPACE',''
  ) );
#1055 = PCURVE('',#1056,#1061);
#1056 = PLANE('',#1057);
#1057 = AXIS2_PLACEMENT_3D('',#1058,#1059,#1060);
#1058 = CARTESIAN_POINT('',(44.401948192043,-55.21903053925,
    19.296464350511));
#1059 = DIRECTION('',(0.914025986537,-0.260750417346,0.310750246642));
#1060 = DIRECTION('',(-0.405655637129,-0.587524579078,0.700184527853));
#1061 = DEFINITIONAL_REPRESENTATION('',(#1062),#1066);
#1062 = LINE('',#1063,#1064);
#1063 = CARTESIAN_POINT('',(1.42108547152E-14,-15.));
#1064 = VECTOR('',#1065,1.);
#1065 = DIRECTION('',(-1.,6.661338147751E-16));
#1066 = ( GEOMETRIC_REPRESENTATION_CONTEXT(2) 
PARAMETRIC_REPRESENTATION_CONTEXT() REPRESENTATION_CONTEXT('2D SPACE',''
  ) );
#1067 = ADVANCED_FACE('',(#1068),#1056,.F.);
#1068 = FACE_BOUND('',#1069,.T.);
#1069 = EDGE_LOOP('',(#1070,#1095,#1118,#1139,#1140,#1163));
#1070 = ORIENTED_EDGE('',*,*,#1071,.F.);
#1071 = EDGE_CURVE('',#1072,#1074,#1076,.T.);
#1072 = VERTEX_POINT('',#1073);
#1073 = CARTESIAN_POINT('',(44.668726535414,-53.91339324153,
    19.607335002557));
#1074 = VERTEX_POINT('',#1075);
#1075 = CARTESIAN_POINT('',(44.668726535414,-48.93410436125,
    23.78545446552));
#1076 = SURFACE_CURVE('',#1077,(#1081,#1088),.PCURVE_S1.);
#1077 = LINE('',#1078,#1079);
#1078 = CARTESIAN_POINT('',(44.668726535414,-54.83264657327,
    18.835989870933));
#1079 = VECTOR('',#1080,1.);
#1080 = DIRECTION('',(-1.083597977291E-14,0.766044443119,0.642787609687)
  );
#1081 = PCURVE('',#1056,#1082);
#1082 = DEFINITIONAL_REPRESENTATION('',(#1083),#1087);
#1083 = LINE('',#1084,#1085);
#1084 = CARTESIAN_POINT('',(-0.657647321898,1.00586206031E-13));
#1085 = VECTOR('',#1086,1.);
#1086 = DIRECTION('',(5.551115123126E-17,-1.));
#1087 = ( GEOMETRIC_REPRESENTATION_CONTEXT(2) 
PARAMETRIC_REPRESENTATION_CONTEXT() REPRESENTATION_CONTEXT('2D SPACE',''
  ) );
#1088 = PCURVE('',#1001,#1089);
#1089 = DEFINITIONAL_REPRESENTATION('',(#1090),#1094);
#1090 = LINE('',#1091,#1092);
#1091 = CARTESIAN_POINT('',(2.72389663017,-1.820765760385E-14));
#1092 = VECTOR('',#1093,1.);
#1093 = DIRECTION('',(-6.832141690001E-17,1.));
#1094 = ( GEOMETRIC_REPRESENTATION_CONTEXT(2) 
PARAMETRIC_REPRESENTATION_CONTEXT() REPRESENTATION_CONTEXT('2D SPACE',''
  ) );
#1095 = ORIENTED_EDGE('',*,*,#1096,.T.);
#1096 = EDGE_CURVE('',#1072,#1097,#1099,.T.);
#1097 = VERTEX_POINT('',#1098);
#1098 = CARTESIAN_POINT('',(44.135169848673,-54.68616117349,
    20.528283961712));
#1099 = SURFACE_CURVE('',#1100,(#1104,#1111),.PCURVE_S1.);
#1100 = LINE('',#1101,#1102);
#1101 = CARTESIAN_POINT('',(44.135169848673,-54.68616117349,
    20.528283961712));
#1102 = VECTOR('',#1103,1.);
#1103 = DIRECTION('',(-0.405655637129,-0.587524579078,0.700184527853));
#1104 = PCURVE('',#1056,#1105);
#1105 = DEFINITIONAL_REPRESENTATION('',(#1106),#1110);
#1106 = LINE('',#1107,#1108);
#1107 = CARTESIAN_POINT('',(0.657647321898,-1.2));
#1108 = VECTOR('',#1109,1.);
#1109 = DIRECTION('',(1.,5.551115123126E-17));
#1110 = ( GEOMETRIC_REPRESENTATION_CONTEXT(2) 
PARAMETRIC_REPRESENTATION_CONTEXT() REPRESENTATION_CONTEXT('2D SPACE',''
  ) );
#1111 = PCURVE('',#382,#1112);
#1112 = DEFINITIONAL_REPRESENTATION('',(#1113),#1117);
#1113 = LINE('',#1114,#1115);
#1114 = CARTESIAN_POINT('',(1.315294643797,1.697056274848));
#1115 = VECTOR('',#1116,1.);
#1116 = DIRECTION('',(1.,0.));
#1117 = ( GEOMETRIC_REPRESENTATION_CONTEXT(2) 
PARAMETRIC_REPRESENTATION_CONTEXT() REPRESENTATION_CONTEXT('2D SPACE',''
  ) );
#1118 = ORIENTED_EDGE('',*,*,#1119,.T.);
#1119 = EDGE_CURVE('',#1097,#616,#1120,.T.);
#1120 = SURFACE_CURVE('',#1121,(#1125,#1132),.PCURVE_S1.);
#1121 = LINE('',#1122,#1123);
#1122 = CARTESIAN_POINT('',(44.135169848673,-55.60541450523,
    19.756938830088));
#1123 = VECTOR('',#1124,1.);
#1124 = DIRECTION('',(-1.083597977291E-14,0.766044443119,0.642787609687)
  );
#1125 = PCURVE('',#1056,#1126);
#1126 = DEFINITIONAL_REPRESENTATION('',(#1127),#1131);
#1127 = LINE('',#1128,#1129);
#1128 = CARTESIAN_POINT('',(0.657647321898,3.763656053479E-14));
#1129 = VECTOR('',#1130,1.);
#1130 = DIRECTION('',(5.551115123126E-17,-1.));
#1131 = ( GEOMETRIC_REPRESENTATION_CONTEXT(2) 
PARAMETRIC_REPRESENTATION_CONTEXT() REPRESENTATION_CONTEXT('2D SPACE',''
  ) );
#1132 = PCURVE('',#633,#1133);
#1133 = DEFINITIONAL_REPRESENTATION('',(#1134),#1138);
#1134 = LINE('',#1135,#1136);
#1135 = CARTESIAN_POINT('',(6.52330013612,-1.731947918415E-14));
#1136 = VECTOR('',#1137,1.);
#1137 = DIRECTION('',(-6.661338147751E-16,-1.));
#1138 = ( GEOMETRIC_REPRESENTATION_CONTEXT(2) 
PARAMETRIC_REPRESENTATION_CONTEXT() REPRESENTATION_CONTEXT('2D SPACE',''
  ) );
#1139 = ORIENTED_EDGE('',*,*,#1042,.T.);
#1140 = ORIENTED_EDGE('',*,*,#1141,.F.);
#1141 = EDGE_CURVE('',#1142,#1014,#1144,.T.);
#1142 = VERTEX_POINT('',#1143);
#1143 = CARTESIAN_POINT('',(44.345714533993,-49.40193340836,
    24.34299141313));
#1144 = SURFACE_CURVE('',#1145,(#1149,#1156),.PCURVE_S1.);
#1145 = LINE('',#1146,#1147);
#1146 = CARTESIAN_POINT('',(44.345714533993,-46.87398674607,
    26.464190525096));
#1147 = VECTOR('',#1148,1.);
#1148 = DIRECTION('',(-1.083597977291E-14,0.766044443119,0.642787609687)
  );
#1149 = PCURVE('',#1056,#1150);
#1150 = DEFINITIONAL_REPRESENTATION('',(#1151),#1155);
#1151 = LINE('',#1152,#1153);
#1152 = CARTESIAN_POINT('',(0.138624125744,-11.));
#1153 = VECTOR('',#1154,1.);
#1154 = DIRECTION('',(5.551115123126E-17,-1.));
#1155 = ( GEOMETRIC_REPRESENTATION_CONTEXT(2) 
PARAMETRIC_REPRESENTATION_CONTEXT() REPRESENTATION_CONTEXT('2D SPACE',''
  ) );
#1156 = PCURVE('',#1030,#1157);
#1157 = DEFINITIONAL_REPRESENTATION('',(#1158),#1162);
#1158 = LINE('',#1159,#1160);
#1159 = CARTESIAN_POINT('',(0.699366485072,-3.153033389935E-14));
#1160 = VECTOR('',#1161,1.);
#1161 = DIRECTION('',(0.,1.));
#1162 = ( GEOMETRIC_REPRESENTATION_CONTEXT(2) 
PARAMETRIC_REPRESENTATION_CONTEXT() REPRESENTATION_CONTEXT('2D SPACE',''
  ) );
#1163 = ORIENTED_EDGE('',*,*,#1164,.T.);
#1164 = EDGE_CURVE('',#1142,#1074,#1165,.T.);
#1165 = SURFACE_CURVE('',#1166,(#1170,#1177),.PCURVE_S1.);
#1166 = LINE('',#1167,#1168);
#1167 = CARTESIAN_POINT('',(44.401948192043,-49.32048832723,
    24.245928945097));
#1168 = VECTOR('',#1169,1.);
#1169 = DIRECTION('',(0.405655637129,0.587524579078,-0.700184527853));
#1170 = PCURVE('',#1056,#1171);
#1171 = DEFINITIONAL_REPRESENTATION('',(#1172),#1176);
#1172 = LINE('',#1173,#1174);
#1173 = CARTESIAN_POINT('',(3.46389583683E-14,-7.7));
#1174 = VECTOR('',#1175,1.);
#1175 = DIRECTION('',(-1.,-5.551115123126E-17));
#1176 = ( GEOMETRIC_REPRESENTATION_CONTEXT(2) 
PARAMETRIC_REPRESENTATION_CONTEXT() REPRESENTATION_CONTEXT('2D SPACE',''
  ) );
#1177 = PCURVE('',#1178,#1183);
#1178 = PLANE('',#1179);
#1179 = AXIS2_PLACEMENT_3D('',#1180,#1181,#1182);
#1180 = CARTESIAN_POINT('',(36.808103051191,-45.08124776369,
    19.193798773623));
#1181 = DIRECTION('',(1.083597977291E-14,-0.766044443119,-0.642787609687
    ));
#1182 = DIRECTION('',(1.,-9.466330862652E-30,1.685779192009E-14));
#1183 = DEFINITIONAL_REPRESENTATION('',(#1184),#1188);
#1184 = LINE('',#1185,#1186);
#1185 = CARTESIAN_POINT('',(7.593845140852,6.595087552497));
#1186 = VECTOR('',#1187,1.);
#1187 = DIRECTION('',(0.405655637129,-0.914025986538));
#1188 = ( GEOMETRIC_REPRESENTATION_CONTEXT(2) 
PARAMETRIC_REPRESENTATION_CONTEXT() REPRESENTATION_CONTEXT('2D SPACE',''
  ) );
#1189 = ADVANCED_FACE('',(#1190),#1001,.F.);
#1190 = FACE_BOUND('',#1191,.F.);
#1191 = EDGE_LOOP('',(#1192,#1223,#1244,#1245,#1268,#1290,#1291,#1315));
#1192 = ORIENTED_EDGE('',*,*,#1193,.T.);
#1193 = EDGE_CURVE('',#1194,#1196,#1198,.T.);
#1194 = VERTEX_POINT('',#1195);
#1195 = CARTESIAN_POINT('',(28.947479566969,-48.93410436125,
    23.785454465519));
#1196 = VERTEX_POINT('',#1197);
#1197 = CARTESIAN_POINT('',(29.295752453582,-44.0007888617,
    17.906157995528));
#1198 = SURFACE_CURVE('',#1199,(#1204,#1211),.PCURVE_S1.);
#1199 = CIRCLE('',#1200,8.6);
#1200 = AXIS2_PLACEMENT_3D('',#1201,#1202,#1203);
#1201 = CARTESIAN_POINT('',(36.808103051191,-46.69165077208,
    21.113002344397));
#1202 = DIRECTION('',(1.083597977291E-14,-0.766044443119,-0.642787609687
    ));
#1203 = DIRECTION('',(1.,-9.466330862652E-30,1.685779192009E-14));
#1204 = PCURVE('',#1001,#1205);
#1205 = DEFINITIONAL_REPRESENTATION('',(#1206),#1210);
#1206 = LINE('',#1207,#1208);
#1207 = CARTESIAN_POINT('',(9.424777960769,7.7));
#1208 = VECTOR('',#1209,1.);
#1209 = DIRECTION('',(-1.,-7.672531481197E-15));
#1210 = ( GEOMETRIC_REPRESENTATION_CONTEXT(2) 
PARAMETRIC_REPRESENTATION_CONTEXT() REPRESENTATION_CONTEXT('2D SPACE',''
  ) );
#1211 = PCURVE('',#1212,#1217);
#1212 = PLANE('',#1213);
#1213 = AXIS2_PLACEMENT_3D('',#1214,#1215,#1216);
#1214 = CARTESIAN_POINT('',(36.808103051191,-45.08124776369,
    19.193798773623));
#1215 = DIRECTION('',(1.083597977291E-14,-0.766044443119,-0.642787609687
    ));
#1216 = DIRECTION('',(1.,-9.466330862652E-30,1.685779192009E-14));
#1217 = DEFINITIONAL_REPRESENTATION('',(#1218),#1222);
#1218 = CIRCLE('',#1219,8.6);
#1219 = AXIS2_PLACEMENT_2D('',#1220,#1221);
#1220 = CARTESIAN_POINT('',(3.23535344484E-14,2.505342331));
#1221 = DIRECTION('',(1.,0.));
#1222 = ( GEOMETRIC_REPRESENTATION_CONTEXT(2) 
PARAMETRIC_REPRESENTATION_CONTEXT() REPRESENTATION_CONTEXT('2D SPACE',''
  ) );
#1223 = ORIENTED_EDGE('',*,*,#1224,.T.);
#1224 = EDGE_CURVE('',#1196,#956,#1225,.T.);
#1225 = SURFACE_CURVE('',#1226,(#1230,#1237),.PCURVE_S1.);
#1226 = LINE('',#1227,#1228);
#1227 = CARTESIAN_POINT('',(29.295752453582,-38.79168664849,
    22.277113741397));
#1228 = VECTOR('',#1229,1.);
#1229 = DIRECTION('',(-1.083597977291E-14,0.766044443119,0.642787609687)
  );
#1230 = PCURVE('',#1001,#1231);
#1231 = DEFINITIONAL_REPRESENTATION('',(#1232),#1236);
#1232 = LINE('',#1233,#1234);
#1233 = CARTESIAN_POINT('',(5.774794891592,14.5));
#1234 = VECTOR('',#1235,1.);
#1235 = DIRECTION('',(0.,1.));
#1236 = ( GEOMETRIC_REPRESENTATION_CONTEXT(2) 
PARAMETRIC_REPRESENTATION_CONTEXT() REPRESENTATION_CONTEXT('2D SPACE',''
  ) );
#1237 = PCURVE('',#972,#1238);
#1238 = DEFINITIONAL_REPRESENTATION('',(#1239),#1243);
#1239 = LINE('',#1240,#1241);
#1240 = CARTESIAN_POINT('',(3.834946585228,3.5));
#1241 = VECTOR('',#1242,1.);
#1242 = DIRECTION('',(6.083413833562E-17,1.));
#1243 = ( GEOMETRIC_REPRESENTATION_CONTEXT(2) 
PARAMETRIC_REPRESENTATION_CONTEXT() REPRESENTATION_CONTEXT('2D SPACE',''
  ) );
#1244 = ORIENTED_EDGE('',*,*,#984,.T.);
#1245 = ORIENTED_EDGE('',*,*,#1246,.F.);
#1246 = EDGE_CURVE('',#1247,#985,#1249,.T.);
#1247 = VERTEX_POINT('',#1248);
#1248 = CARTESIAN_POINT('',(44.320453648801,-44.0007888617,
    17.906157995528));
#1249 = SURFACE_CURVE('',#1250,(#1254,#1261),.PCURVE_S1.);
#1250 = LINE('',#1251,#1252);
#1251 = CARTESIAN_POINT('',(44.320453648801,-38.79168664849,
    22.277113741397));
#1252 = VECTOR('',#1253,1.);
#1253 = DIRECTION('',(-1.083597977291E-14,0.766044443119,0.642787609687)
  );
#1254 = PCURVE('',#1001,#1255);
#1255 = DEFINITIONAL_REPRESENTATION('',(#1256),#1260);
#1256 = LINE('',#1257,#1258);
#1257 = CARTESIAN_POINT('',(3.649983069178,14.5));
#1258 = VECTOR('',#1259,1.);
#1259 = DIRECTION('',(0.,1.));
#1260 = ( GEOMETRIC_REPRESENTATION_CONTEXT(2) 
PARAMETRIC_REPRESENTATION_CONTEXT() REPRESENTATION_CONTEXT('2D SPACE',''
  ) );
#1261 = PCURVE('',#1030,#1262);
#1262 = DEFINITIONAL_REPRESENTATION('',(#1263),#1267);
#1263 = LINE('',#1264,#1265);
#1264 = CARTESIAN_POINT('',(5.589831375541,3.5));
#1265 = VECTOR('',#1266,1.);
#1266 = DIRECTION('',(-1.216682766713E-16,1.));
#1267 = ( GEOMETRIC_REPRESENTATION_CONTEXT(2) 
PARAMETRIC_REPRESENTATION_CONTEXT() REPRESENTATION_CONTEXT('2D SPACE',''
  ) );
#1268 = ORIENTED_EDGE('',*,*,#1269,.T.);
#1269 = EDGE_CURVE('',#1247,#1074,#1270,.T.);
#1270 = SURFACE_CURVE('',#1271,(#1276,#1283),.PCURVE_S1.);
#1271 = CIRCLE('',#1272,8.6);
#1272 = AXIS2_PLACEMENT_3D('',#1273,#1274,#1275);
#1273 = CARTESIAN_POINT('',(36.808103051191,-46.69165077208,
    21.113002344397));
#1274 = DIRECTION('',(1.083597977291E-14,-0.766044443119,-0.642787609687
    ));
#1275 = DIRECTION('',(1.,-9.466330862652E-30,1.685779192009E-14));
#1276 = PCURVE('',#1001,#1277);
#1277 = DEFINITIONAL_REPRESENTATION('',(#1278),#1282);
#1278 = LINE('',#1279,#1280);
#1279 = CARTESIAN_POINT('',(9.424777960769,7.7));
#1280 = VECTOR('',#1281,1.);
#1281 = DIRECTION('',(-1.,0.));
#1282 = ( GEOMETRIC_REPRESENTATION_CONTEXT(2) 
PARAMETRIC_REPRESENTATION_CONTEXT() REPRESENTATION_CONTEXT('2D SPACE',''
  ) );
#1283 = PCURVE('',#1178,#1284);
#1284 = DEFINITIONAL_REPRESENTATION('',(#1285),#1289);
#1285 = CIRCLE('',#1286,8.6);
#1286 = AXIS2_PLACEMENT_2D('',#1287,#1288);
#1287 = CARTESIAN_POINT('',(3.23535344484E-14,2.505342331));
#1288 = DIRECTION('',(1.,0.));
#1289 = ( GEOMETRIC_REPRESENTATION_CONTEXT(2) 
PARAMETRIC_REPRESENTATION_CONTEXT() REPRESENTATION_CONTEXT('2D SPACE',''
  ) );
#1290 = ORIENTED_EDGE('',*,*,#1071,.F.);
#1291 = ORIENTED_EDGE('',*,*,#1292,.F.);
#1292 = EDGE_CURVE('',#1293,#1072,#1295,.T.);
#1293 = VERTEX_POINT('',#1294);
#1294 = CARTESIAN_POINT('',(28.947479566969,-53.91339324153,
    19.607335002557));
#1295 = SURFACE_CURVE('',#1296,(#1301,#1308),.PCURVE_S1.);
#1296 = CIRCLE('',#1297,8.6);
#1297 = AXIS2_PLACEMENT_3D('',#1298,#1299,#1300);
#1298 = CARTESIAN_POINT('',(36.808103051191,-51.67093965235,
    16.934882881434));
#1299 = DIRECTION('',(1.083597977291E-14,-0.766044443119,-0.642787609687
    ));
#1300 = DIRECTION('',(1.,-9.466330862652E-30,1.685779192009E-14));
#1301 = PCURVE('',#1001,#1302);
#1302 = DEFINITIONAL_REPRESENTATION('',(#1303),#1307);
#1303 = LINE('',#1304,#1305);
#1304 = CARTESIAN_POINT('',(9.424777960769,1.2));
#1305 = VECTOR('',#1306,1.);
#1306 = DIRECTION('',(-1.,-8.933184174473E-16));
#1307 = ( GEOMETRIC_REPRESENTATION_CONTEXT(2) 
PARAMETRIC_REPRESENTATION_CONTEXT() REPRESENTATION_CONTEXT('2D SPACE',''
  ) );
#1308 = PCURVE('',#409,#1309);
#1309 = DEFINITIONAL_REPRESENTATION('',(#1310),#1314);
#1310 = LINE('',#1311,#1312);
#1311 = CARTESIAN_POINT('',(4.440892098501E-16,-6.363119230344E-15));
#1312 = VECTOR('',#1313,1.);
#1313 = DIRECTION('',(1.,2.009966439256E-15));
#1314 = ( GEOMETRIC_REPRESENTATION_CONTEXT(2) 
PARAMETRIC_REPRESENTATION_CONTEXT() REPRESENTATION_CONTEXT('2D SPACE',''
  ) );
#1315 = ORIENTED_EDGE('',*,*,#1316,.T.);
#1316 = EDGE_CURVE('',#1293,#1194,#1317,.T.);
#1317 = SURFACE_CURVE('',#1318,(#1322,#1329),.PCURVE_S1.);
#1318 = LINE('',#1319,#1320);
#1319 = CARTESIAN_POINT('',(28.947479566969,-54.83264657327,
    18.835989870933));
#1320 = VECTOR('',#1321,1.);
#1321 = DIRECTION('',(-1.083597977291E-14,0.766044443119,0.642787609687)
  );
#1322 = PCURVE('',#1001,#1323);
#1323 = DEFINITIONAL_REPRESENTATION('',(#1324),#1328);
#1324 = LINE('',#1325,#1326);
#1325 = CARTESIAN_POINT('',(6.7008813306,1.487698852998E-14));
#1326 = VECTOR('',#1327,1.);
#1327 = DIRECTION('',(2.56205313375E-17,1.));
#1328 = ( GEOMETRIC_REPRESENTATION_CONTEXT(2) 
PARAMETRIC_REPRESENTATION_CONTEXT() REPRESENTATION_CONTEXT('2D SPACE',''
  ) );
#1329 = PCURVE('',#943,#1330);
#1330 = DEFINITIONAL_REPRESENTATION('',(#1331),#1335);
#1331 = LINE('',#1332,#1333);
#1332 = CARTESIAN_POINT('',(-0.657647321898,3.502753642692E-14));
#1333 = VECTOR('',#1334,1.);
#1334 = DIRECTION('',(1.665334536938E-16,-1.));
#1335 = ( GEOMETRIC_REPRESENTATION_CONTEXT(2) 
PARAMETRIC_REPRESENTATION_CONTEXT() REPRESENTATION_CONTEXT('2D SPACE',''
  ) );
#1336 = ADVANCED_FACE('',(#1337),#943,.T.);
#1337 = FACE_BOUND('',#1338,.T.);
#1338 = EDGE_LOOP('',(#1339,#1362,#1383,#1384,#1407,#1428));
#1339 = ORIENTED_EDGE('',*,*,#1340,.F.);
#1340 = EDGE_CURVE('',#1341,#900,#1343,.T.);
#1341 = VERTEX_POINT('',#1342);
#1342 = CARTESIAN_POINT('',(29.48103625371,-54.68616117349,
    20.528283961712));
#1343 = SURFACE_CURVE('',#1344,(#1348,#1355),.PCURVE_S1.);
#1344 = LINE('',#1345,#1346);
#1345 = CARTESIAN_POINT('',(29.48103625371,-55.60541450523,
    19.756938830088));
#1346 = VECTOR('',#1347,1.);
#1347 = DIRECTION('',(-1.083597977291E-14,0.766044443119,0.642787609687)
  );
#1348 = PCURVE('',#943,#1349);
#1349 = DEFINITIONAL_REPRESENTATION('',(#1350),#1354);
#1350 = LINE('',#1351,#1352);
#1351 = CARTESIAN_POINT('',(0.657647321898,-1.609823385706E-14));
#1352 = VECTOR('',#1353,1.);
#1353 = DIRECTION('',(1.665334536938E-16,-1.));
#1354 = ( GEOMETRIC_REPRESENTATION_CONTEXT(2) 
PARAMETRIC_REPRESENTATION_CONTEXT() REPRESENTATION_CONTEXT('2D SPACE',''
  ) );
#1355 = PCURVE('',#915,#1356);
#1356 = DEFINITIONAL_REPRESENTATION('',(#1357),#1361);
#1357 = LINE('',#1358,#1359);
#1358 = CARTESIAN_POINT('',(6.52330013612,-9.325873406851E-15));
#1359 = VECTOR('',#1360,1.);
#1360 = DIRECTION('',(-3.330669073875E-16,-1.));
#1361 = ( GEOMETRIC_REPRESENTATION_CONTEXT(2) 
PARAMETRIC_REPRESENTATION_CONTEXT() REPRESENTATION_CONTEXT('2D SPACE',''
  ) );
#1362 = ORIENTED_EDGE('',*,*,#1363,.T.);
#1363 = EDGE_CURVE('',#1341,#1293,#1364,.T.);
#1364 = SURFACE_CURVE('',#1365,(#1369,#1376),.PCURVE_S1.);
#1365 = LINE('',#1366,#1367);
#1366 = CARTESIAN_POINT('',(29.214257910339,-54.29977720751,
    20.067809482134));
#1367 = VECTOR('',#1368,1.);
#1368 = DIRECTION('',(-0.405655637129,0.587524579078,-0.700184527853));
#1369 = PCURVE('',#943,#1370);
#1370 = DEFINITIONAL_REPRESENTATION('',(#1371),#1375);
#1371 = LINE('',#1372,#1373);
#1372 = CARTESIAN_POINT('',(7.58282325819E-14,-1.2));
#1373 = VECTOR('',#1374,1.);
#1374 = DIRECTION('',(-1.,5.551115123126E-17));
#1375 = ( GEOMETRIC_REPRESENTATION_CONTEXT(2) 
PARAMETRIC_REPRESENTATION_CONTEXT() REPRESENTATION_CONTEXT('2D SPACE',''
  ) );
#1376 = PCURVE('',#44,#1377);
#1377 = DEFINITIONAL_REPRESENTATION('',(#1378),#1382);
#1378 = LINE('',#1379,#1380);
#1379 = CARTESIAN_POINT('',(0.,-0.));
#1380 = VECTOR('',#1381,1.);
#1381 = DIRECTION('',(1.,-2.775557561563E-17));
#1382 = ( GEOMETRIC_REPRESENTATION_CONTEXT(2) 
PARAMETRIC_REPRESENTATION_CONTEXT() REPRESENTATION_CONTEXT('2D SPACE',''
  ) );
#1383 = ORIENTED_EDGE('',*,*,#1316,.T.);
#1384 = ORIENTED_EDGE('',*,*,#1385,.F.);
#1385 = EDGE_CURVE('',#1386,#1194,#1388,.T.);
#1386 = VERTEX_POINT('',#1387);
#1387 = CARTESIAN_POINT('',(29.270491568389,-49.40193340836,
    24.34299141313));
#1388 = SURFACE_CURVE('',#1389,(#1393,#1400),.PCURVE_S1.);
#1389 = LINE('',#1390,#1391);
#1390 = CARTESIAN_POINT('',(29.214257910339,-49.32048832723,
    24.245928945097));
#1391 = VECTOR('',#1392,1.);
#1392 = DIRECTION('',(-0.405655637129,0.587524579078,-0.700184527853));
#1393 = PCURVE('',#943,#1394);
#1394 = DEFINITIONAL_REPRESENTATION('',(#1395),#1399);
#1395 = LINE('',#1396,#1397);
#1396 = CARTESIAN_POINT('',(1.95399252334E-14,-7.7));
#1397 = VECTOR('',#1398,1.);
#1398 = DIRECTION('',(-1.,5.551115123126E-17));
#1399 = ( GEOMETRIC_REPRESENTATION_CONTEXT(2) 
PARAMETRIC_REPRESENTATION_CONTEXT() REPRESENTATION_CONTEXT('2D SPACE',''
  ) );
#1400 = PCURVE('',#1212,#1401);
#1401 = DEFINITIONAL_REPRESENTATION('',(#1402),#1406);
#1402 = LINE('',#1403,#1404);
#1403 = CARTESIAN_POINT('',(-7.593845140852,6.595087552497));
#1404 = VECTOR('',#1405,1.);
#1405 = DIRECTION('',(-0.405655637129,-0.914025986538));
#1406 = ( GEOMETRIC_REPRESENTATION_CONTEXT(2) 
PARAMETRIC_REPRESENTATION_CONTEXT() REPRESENTATION_CONTEXT('2D SPACE',''
  ) );
#1407 = ORIENTED_EDGE('',*,*,#1408,.T.);
#1408 = EDGE_CURVE('',#1386,#928,#1409,.T.);
#1409 = SURFACE_CURVE('',#1410,(#1414,#1421),.PCURVE_S1.);
#1410 = LINE('',#1411,#1412);
#1411 = CARTESIAN_POINT('',(29.270491568389,-46.87398674607,
    26.464190525095));
#1412 = VECTOR('',#1413,1.);
#1413 = DIRECTION('',(-1.083597977291E-14,0.766044443119,0.642787609687)
  );
#1414 = PCURVE('',#943,#1415);
#1415 = DEFINITIONAL_REPRESENTATION('',(#1416),#1420);
#1416 = LINE('',#1417,#1418);
#1417 = CARTESIAN_POINT('',(0.138624125744,-11.));
#1418 = VECTOR('',#1419,1.);
#1419 = DIRECTION('',(1.665334536938E-16,-1.));
#1420 = ( GEOMETRIC_REPRESENTATION_CONTEXT(2) 
PARAMETRIC_REPRESENTATION_CONTEXT() REPRESENTATION_CONTEXT('2D SPACE',''
  ) );
#1421 = PCURVE('',#972,#1422);
#1422 = DEFINITIONAL_REPRESENTATION('',(#1423),#1427);
#1423 = LINE('',#1424,#1425);
#1424 = CARTESIAN_POINT('',(8.725411475697,-6.705747068736E-14));
#1425 = VECTOR('',#1426,1.);
#1426 = DIRECTION('',(0.,1.));
#1427 = ( GEOMETRIC_REPRESENTATION_CONTEXT(2) 
PARAMETRIC_REPRESENTATION_CONTEXT() REPRESENTATION_CONTEXT('2D SPACE',''
  ) );
#1428 = ORIENTED_EDGE('',*,*,#927,.F.);
#1429 = ADVANCED_FACE('',(#1430),#633,.T.);
#1430 = FACE_BOUND('',#1431,.T.);
#1431 = EDGE_LOOP('',(#1432,#1433,#1456,#1477));
#1432 = ORIENTED_EDGE('',*,*,#1119,.F.);
#1433 = ORIENTED_EDGE('',*,*,#1434,.T.);
#1434 = EDGE_CURVE('',#1097,#1435,#1437,.T.);
#1435 = VERTEX_POINT('',#1436);
#1436 = CARTESIAN_POINT('',(49.355244611952,-60.49788337842,
    27.4544247786));
#1437 = SURFACE_CURVE('',#1438,(#1442,#1449),.PCURVE_S1.);
#1438 = LINE('',#1439,#1440);
#1439 = CARTESIAN_POINT('',(47.396819916733,-58.31748926454,
    24.855932260106));
#1440 = VECTOR('',#1441,1.);
#1441 = DIRECTION('',(0.5,-0.556670399226,0.663413948169));
#1442 = PCURVE('',#633,#1443);
#1443 = DEFINITIONAL_REPRESENTATION('',(#1444),#1448);
#1444 = LINE('',#1445,#1446);
#1445 = CARTESIAN_POINT('',(-2.6645352591E-14,-1.2));
#1446 = VECTOR('',#1447,1.);
#1447 = DIRECTION('',(-1.,0.));
#1448 = ( GEOMETRIC_REPRESENTATION_CONTEXT(2) 
PARAMETRIC_REPRESENTATION_CONTEXT() REPRESENTATION_CONTEXT('2D SPACE',''
  ) );
#1449 = PCURVE('',#354,#1450);
#1450 = DEFINITIONAL_REPRESENTATION('',(#1451),#1455);
#1451 = LINE('',#1452,#1453);
#1452 = CARTESIAN_POINT('',(0.,0.));
#1453 = VECTOR('',#1454,1.);
#1454 = DIRECTION('',(1.,-1.110223024625E-16));
#1455 = ( GEOMETRIC_REPRESENTATION_CONTEXT(2) 
PARAMETRIC_REPRESENTATION_CONTEXT() REPRESENTATION_CONTEXT('2D SPACE',''
  ) );
#1456 = ORIENTED_EDGE('',*,*,#1457,.T.);
#1457 = EDGE_CURVE('',#1435,#618,#1458,.T.);
#1458 = SURFACE_CURVE('',#1459,(#1463,#1470),.PCURVE_S1.);
#1459 = LINE('',#1460,#1461);
#1460 = CARTESIAN_POINT('',(49.355244611952,-61.41713671016,
    26.683079646976));
#1461 = VECTOR('',#1462,1.);
#1462 = DIRECTION('',(-1.083597977291E-14,0.766044443119,0.642787609687)
  );
#1463 = PCURVE('',#633,#1464);
#1464 = DEFINITIONAL_REPRESENTATION('',(#1465),#1469);
#1465 = LINE('',#1466,#1467);
#1466 = CARTESIAN_POINT('',(-3.916849390438,1.443289932013E-14));
#1467 = VECTOR('',#1468,1.);
#1468 = DIRECTION('',(-6.661338147751E-16,-1.));
#1469 = ( GEOMETRIC_REPRESENTATION_CONTEXT(2) 
PARAMETRIC_REPRESENTATION_CONTEXT() REPRESENTATION_CONTEXT('2D SPACE',''
  ) );
#1470 = PCURVE('',#662,#1471);
#1471 = DEFINITIONAL_REPRESENTATION('',(#1472),#1476);
#1472 = LINE('',#1473,#1474);
#1473 = CARTESIAN_POINT('',(0.523598775598,-7.349676423019E-14));
#1474 = VECTOR('',#1475,1.);
#1475 = DIRECTION('',(4.424801909738E-16,1.));
#1476 = ( GEOMETRIC_REPRESENTATION_CONTEXT(2) 
PARAMETRIC_REPRESENTATION_CONTEXT() REPRESENTATION_CONTEXT('2D SPACE',''
  ) );
#1477 = ORIENTED_EDGE('',*,*,#615,.F.);
#1478 = ADVANCED_FACE('',(#1479),#915,.F.);
#1479 = FACE_BOUND('',#1480,.T.);
#1480 = EDGE_LOOP('',(#1481,#1504,#1525,#1526));
#1481 = ORIENTED_EDGE('',*,*,#1482,.F.);
#1482 = EDGE_CURVE('',#1483,#871,#1485,.T.);
#1483 = VERTEX_POINT('',#1484);
#1484 = CARTESIAN_POINT('',(24.26096149043,-60.49788337842,27.4544247786
    ));
#1485 = SURFACE_CURVE('',#1486,(#1490,#1497),.PCURVE_S1.);
#1486 = LINE('',#1487,#1488);
#1487 = CARTESIAN_POINT('',(24.26096149043,-61.41713671016,
    26.683079646976));
#1488 = VECTOR('',#1489,1.);
#1489 = DIRECTION('',(-1.083597977291E-14,0.766044443119,0.642787609687)
  );
#1490 = PCURVE('',#915,#1491);
#1491 = DEFINITIONAL_REPRESENTATION('',(#1492),#1496);
#1492 = LINE('',#1493,#1494);
#1493 = CARTESIAN_POINT('',(-3.916849390438,3.19744231092E-14));
#1494 = VECTOR('',#1495,1.);
#1495 = DIRECTION('',(-3.330669073875E-16,-1.));
#1496 = ( GEOMETRIC_REPRESENTATION_CONTEXT(2) 
PARAMETRIC_REPRESENTATION_CONTEXT() REPRESENTATION_CONTEXT('2D SPACE',''
  ) );
#1497 = PCURVE('',#887,#1498);
#1498 = DEFINITIONAL_REPRESENTATION('',(#1499),#1503);
#1499 = LINE('',#1500,#1501);
#1500 = CARTESIAN_POINT('',(2.617993877991,-4.507505479978E-14));
#1501 = VECTOR('',#1502,1.);
#1502 = DIRECTION('',(0.,1.));
#1503 = ( GEOMETRIC_REPRESENTATION_CONTEXT(2) 
PARAMETRIC_REPRESENTATION_CONTEXT() REPRESENTATION_CONTEXT('2D SPACE',''
  ) );
#1504 = ORIENTED_EDGE('',*,*,#1505,.T.);
#1505 = EDGE_CURVE('',#1483,#1341,#1506,.T.);
#1506 = SURFACE_CURVE('',#1507,(#1511,#1518),.PCURVE_S1.);
#1507 = LINE('',#1508,#1509);
#1508 = CARTESIAN_POINT('',(29.48103625371,-54.68616117349,
    20.528283961712));
#1509 = VECTOR('',#1510,1.);
#1510 = DIRECTION('',(0.5,0.556670399226,-0.663413948169));
#1511 = PCURVE('',#915,#1512);
#1512 = DEFINITIONAL_REPRESENTATION('',(#1513),#1517);
#1513 = LINE('',#1514,#1515);
#1514 = CARTESIAN_POINT('',(6.52330013612,-1.2));
#1515 = VECTOR('',#1516,1.);
#1516 = DIRECTION('',(1.,5.551115123126E-17));
#1517 = ( GEOMETRIC_REPRESENTATION_CONTEXT(2) 
PARAMETRIC_REPRESENTATION_CONTEXT() REPRESENTATION_CONTEXT('2D SPACE',''
  ) );
#1518 = PCURVE('',#72,#1519);
#1519 = DEFINITIONAL_REPRESENTATION('',(#1520),#1524);
#1520 = LINE('',#1521,#1522);
#1521 = CARTESIAN_POINT('',(-7.725930364687,1.697056274848));
#1522 = VECTOR('',#1523,1.);
#1523 = DIRECTION('',(1.,1.110223024625E-16));
#1524 = ( GEOMETRIC_REPRESENTATION_CONTEXT(2) 
PARAMETRIC_REPRESENTATION_CONTEXT() REPRESENTATION_CONTEXT('2D SPACE',''
  ) );
#1525 = ORIENTED_EDGE('',*,*,#1340,.T.);
#1526 = ORIENTED_EDGE('',*,*,#899,.T.);
#1527 = ADVANCED_FACE('',(#1528),#858,.F.);
#1528 = FACE_BOUND('',#1529,.T.);
#1529 = EDGE_LOOP('',(#1530,#1553,#1576,#1597));
#1530 = ORIENTED_EDGE('',*,*,#1531,.F.);
#1531 = EDGE_CURVE('',#1532,#815,#1534,.T.);
#1532 = VERTEX_POINT('',#1533);
#1533 = CARTESIAN_POINT('',(17.890360588445,-58.69157115182,
    25.301745693203));
#1534 = SURFACE_CURVE('',#1535,(#1539,#1546),.PCURVE_S1.);
#1535 = LINE('',#1536,#1537);
#1536 = CARTESIAN_POINT('',(17.890360588445,-59.61082448356,
    24.530400561579));
#1537 = VECTOR('',#1538,1.);
#1538 = DIRECTION('',(-1.083597977291E-14,0.766044443119,0.642787609687)
  );
#1539 = PCURVE('',#858,#1540);
#1540 = DEFINITIONAL_REPRESENTATION('',(#1541),#1545);
#1541 = LINE('',#1542,#1543);
#1542 = CARTESIAN_POINT('',(-5.653727960297,-8.437694987151E-15));
#1543 = VECTOR('',#1544,1.);
#1544 = DIRECTION('',(2.775557561563E-16,-1.));
#1545 = ( GEOMETRIC_REPRESENTATION_CONTEXT(2) 
PARAMETRIC_REPRESENTATION_CONTEXT() REPRESENTATION_CONTEXT('2D SPACE',''
  ) );
#1546 = PCURVE('',#830,#1547);
#1547 = DEFINITIONAL_REPRESENTATION('',(#1548),#1552);
#1548 = LINE('',#1549,#1550);
#1549 = CARTESIAN_POINT('',(8.029548224779,-5.817568649036E-14));
#1550 = VECTOR('',#1551,1.);
#1551 = DIRECTION('',(7.771561172376E-16,-1.));
#1552 = ( GEOMETRIC_REPRESENTATION_CONTEXT(2) 
PARAMETRIC_REPRESENTATION_CONTEXT() REPRESENTATION_CONTEXT('2D SPACE',''
  ) );
#1553 = ORIENTED_EDGE('',*,*,#1554,.T.);
#1554 = EDGE_CURVE('',#1532,#1555,#1557,.T.);
#1555 = VERTEX_POINT('',#1556);
#1556 = CARTESIAN_POINT('',(21.114697120489,-60.76413472408,
    27.77173077632));
#1557 = SURFACE_CURVE('',#1558,(#1562,#1569),.PCURVE_S1.);
#1558 = LINE('',#1559,#1560);
#1559 = CARTESIAN_POINT('',(21.114697120489,-60.76413472408,
    27.77173077632));
#1560 = VECTOR('',#1561,1.);
#1561 = DIRECTION('',(0.707106781187,-0.454519477672,0.54167522042));
#1562 = PCURVE('',#858,#1563);
#1563 = DEFINITIONAL_REPRESENTATION('',(#1564),#1568);
#1564 = LINE('',#1565,#1566);
#1565 = CARTESIAN_POINT('',(-1.093827507026,-1.2));
#1566 = VECTOR('',#1567,1.);
#1567 = DIRECTION('',(1.,-5.551115123126E-17));
#1568 = ( GEOMETRIC_REPRESENTATION_CONTEXT(2) 
PARAMETRIC_REPRESENTATION_CONTEXT() REPRESENTATION_CONTEXT('2D SPACE',''
  ) );
#1569 = PCURVE('',#129,#1570);
#1570 = DEFINITIONAL_REPRESENTATION('',(#1571),#1575);
#1571 = LINE('',#1572,#1573);
#1572 = CARTESIAN_POINT('',(-1.093827507026,1.697056274848));
#1573 = VECTOR('',#1574,1.);
#1574 = DIRECTION('',(1.,2.22044604925E-16));
#1575 = ( GEOMETRIC_REPRESENTATION_CONTEXT(2) 
PARAMETRIC_REPRESENTATION_CONTEXT() REPRESENTATION_CONTEXT('2D SPACE',''
  ) );
#1576 = ORIENTED_EDGE('',*,*,#1577,.T.);
#1577 = EDGE_CURVE('',#1555,#843,#1578,.T.);
#1578 = SURFACE_CURVE('',#1579,(#1583,#1590),.PCURVE_S1.);
#1579 = LINE('',#1580,#1581);
#1580 = CARTESIAN_POINT('',(21.114697120489,-61.68338805582,
    27.000385644696));
#1581 = VECTOR('',#1582,1.);
#1582 = DIRECTION('',(-1.083597977291E-14,0.766044443119,0.642787609687)
  );
#1583 = PCURVE('',#858,#1584);
#1584 = DEFINITIONAL_REPRESENTATION('',(#1585),#1589);
#1585 = LINE('',#1586,#1587);
#1586 = CARTESIAN_POINT('',(-1.093827507026,7.038813976123E-14));
#1587 = VECTOR('',#1588,1.);
#1588 = DIRECTION('',(2.775557561563E-16,-1.));
#1589 = ( GEOMETRIC_REPRESENTATION_CONTEXT(2) 
PARAMETRIC_REPRESENTATION_CONTEXT() REPRESENTATION_CONTEXT('2D SPACE',''
  ) );
#1590 = PCURVE('',#887,#1591);
#1591 = DEFINITIONAL_REPRESENTATION('',(#1592),#1596);
#1592 = LINE('',#1593,#1594);
#1593 = CARTESIAN_POINT('',(0.785398163397,-4.884981308351E-14));
#1594 = VECTOR('',#1595,1.);
#1595 = DIRECTION('',(-1.850371707709E-16,1.));
#1596 = ( GEOMETRIC_REPRESENTATION_CONTEXT(2) 
PARAMETRIC_REPRESENTATION_CONTEXT() REPRESENTATION_CONTEXT('2D SPACE',''
  ) );
#1597 = ORIENTED_EDGE('',*,*,#842,.T.);
#1598 = ADVANCED_FACE('',(#1599),#830,.F.);
#1599 = FACE_BOUND('',#1600,.T.);
#1600 = EDGE_LOOP('',(#1601,#1624,#1645,#1646));
#1601 = ORIENTED_EDGE('',*,*,#1602,.F.);
#1602 = EDGE_CURVE('',#1603,#787,#1605,.T.);
#1603 = VERTEX_POINT('',#1604);
#1604 = CARTESIAN_POINT('',(13.733960580162,-48.72071659546,
    13.418943954422));
#1605 = SURFACE_CURVE('',#1606,(#1610,#1617),.PCURVE_S1.);
#1606 = LINE('',#1607,#1608);
#1607 = CARTESIAN_POINT('',(13.733960580162,-49.6399699272,
    12.647598822798));
#1608 = VECTOR('',#1609,1.);
#1609 = DIRECTION('',(-1.083597977291E-14,0.766044443119,0.642787609687)
  );
#1610 = PCURVE('',#830,#1611);
#1611 = DEFINITIONAL_REPRESENTATION('',(#1612),#1616);
#1612 = LINE('',#1613,#1614);
#1613 = CARTESIAN_POINT('',(-8.029548224779,-2.797762022055E-14));
#1614 = VECTOR('',#1615,1.);
#1615 = DIRECTION('',(7.771561172376E-16,-1.));
#1616 = ( GEOMETRIC_REPRESENTATION_CONTEXT(2) 
PARAMETRIC_REPRESENTATION_CONTEXT() REPRESENTATION_CONTEXT('2D SPACE',''
  ) );
#1617 = PCURVE('',#802,#1618);
#1618 = DEFINITIONAL_REPRESENTATION('',(#1619),#1623);
#1619 = LINE('',#1620,#1621);
#1620 = CARTESIAN_POINT('',(10.405368489261,-8.348877145181E-14));
#1621 = VECTOR('',#1622,1.);
#1622 = DIRECTION('',(4.996003610813E-16,-1.));
#1623 = ( GEOMETRIC_REPRESENTATION_CONTEXT(2) 
PARAMETRIC_REPRESENTATION_CONTEXT() REPRESENTATION_CONTEXT('2D SPACE',''
  ) );
#1624 = ORIENTED_EDGE('',*,*,#1625,.T.);
#1625 = EDGE_CURVE('',#1603,#1532,#1626,.T.);
#1626 = SURFACE_CURVE('',#1627,(#1631,#1638),.PCURVE_S1.);
#1627 = LINE('',#1628,#1629);
#1628 = CARTESIAN_POINT('',(17.890360588445,-58.69157115182,
    25.301745693203));
#1629 = VECTOR('',#1630,1.);
#1630 = DIRECTION('',(0.258819045103,-0.620885153015,0.739942111694));
#1631 = PCURVE('',#830,#1632);
#1632 = DEFINITIONAL_REPRESENTATION('',(#1633),#1637);
#1633 = LINE('',#1634,#1635);
#1634 = CARTESIAN_POINT('',(8.029548224779,-1.2));
#1635 = VECTOR('',#1636,1.);
#1636 = DIRECTION('',(1.,-5.551115123126E-17));
#1637 = ( GEOMETRIC_REPRESENTATION_CONTEXT(2) 
PARAMETRIC_REPRESENTATION_CONTEXT() REPRESENTATION_CONTEXT('2D SPACE',''
  ) );
#1638 = PCURVE('',#157,#1639);
#1639 = DEFINITIONAL_REPRESENTATION('',(#1640),#1644);
#1640 = LINE('',#1641,#1642);
#1641 = CARTESIAN_POINT('',(5.653727960297,1.697056274848));
#1642 = VECTOR('',#1643,1.);
#1643 = DIRECTION('',(1.,-5.551115123126E-17));
#1644 = ( GEOMETRIC_REPRESENTATION_CONTEXT(2) 
PARAMETRIC_REPRESENTATION_CONTEXT() REPRESENTATION_CONTEXT('2D SPACE',''
  ) );
#1645 = ORIENTED_EDGE('',*,*,#1531,.T.);
#1646 = ORIENTED_EDGE('',*,*,#814,.T.);
#1647 = ADVANCED_FACE('',(#1648),#802,.F.);
#1648 = FACE_BOUND('',#1649,.T.);
#1649 = EDGE_LOOP('',(#1650,#1673,#1694,#1695));
#1650 = ORIENTED_EDGE('',*,*,#1651,.F.);
#1651 = EDGE_CURVE('',#1652,#759,#1654,.T.);
#1652 = VERTEX_POINT('',#1653);
#1653 = CARTESIAN_POINT('',(26.402734561931,-38.10812108797,
    0.771345131624));
#1654 = SURFACE_CURVE('',#1655,(#1659,#1666),.PCURVE_S1.);
#1655 = LINE('',#1656,#1657);
#1656 = CARTESIAN_POINT('',(26.402734561931,-39.02737441971,
    -1.387778780781E-14));
#1657 = VECTOR('',#1658,1.);
#1658 = DIRECTION('',(-1.083597977291E-14,0.766044443119,0.642787609687)
  );
#1659 = PCURVE('',#802,#1660);
#1660 = DEFINITIONAL_REPRESENTATION('',(#1661),#1665);
#1661 = LINE('',#1662,#1663);
#1662 = CARTESIAN_POINT('',(-10.40536848926,-7.283063041541E-14));
#1663 = VECTOR('',#1664,1.);
#1664 = DIRECTION('',(4.996003610813E-16,-1.));
#1665 = ( GEOMETRIC_REPRESENTATION_CONTEXT(2) 
PARAMETRIC_REPRESENTATION_CONTEXT() REPRESENTATION_CONTEXT('2D SPACE',''
  ) );
#1666 = PCURVE('',#774,#1667);
#1667 = DEFINITIONAL_REPRESENTATION('',(#1668),#1672);
#1668 = LINE('',#1669,#1670);
#1669 = CARTESIAN_POINT('',(4.064125077935E-16,-10.40536848926));
#1670 = VECTOR('',#1671,1.);
#1671 = DIRECTION('',(-1.,0.));
#1672 = ( GEOMETRIC_REPRESENTATION_CONTEXT(2) 
PARAMETRIC_REPRESENTATION_CONTEXT() REPRESENTATION_CONTEXT('2D SPACE',''
  ) );
#1673 = ORIENTED_EDGE('',*,*,#1674,.T.);
#1674 = EDGE_CURVE('',#1652,#1603,#1675,.T.);
#1675 = SURFACE_CURVE('',#1676,(#1680,#1687),.PCURVE_S1.);
#1676 = LINE('',#1677,#1678);
#1677 = CARTESIAN_POINT('',(13.733960580162,-48.72071659546,
    13.418943954422));
#1678 = VECTOR('',#1679,1.);
#1679 = DIRECTION('',(-0.608761429009,-0.509957697243,0.60774391776));
#1680 = PCURVE('',#802,#1681);
#1681 = DEFINITIONAL_REPRESENTATION('',(#1682),#1686);
#1682 = LINE('',#1683,#1684);
#1683 = CARTESIAN_POINT('',(10.405368489261,-1.2));
#1684 = VECTOR('',#1685,1.);
#1685 = DIRECTION('',(1.,2.22044604925E-16));
#1686 = ( GEOMETRIC_REPRESENTATION_CONTEXT(2) 
PARAMETRIC_REPRESENTATION_CONTEXT() REPRESENTATION_CONTEXT('2D SPACE',''
  ) );
#1687 = PCURVE('',#185,#1688);
#1688 = DEFINITIONAL_REPRESENTATION('',(#1689),#1693);
#1689 = LINE('',#1690,#1691);
#1690 = CARTESIAN_POINT('',(10.40536848926,1.697056274848));
#1691 = VECTOR('',#1692,1.);
#1692 = DIRECTION('',(1.,1.665334536938E-16));
#1693 = ( GEOMETRIC_REPRESENTATION_CONTEXT(2) 
PARAMETRIC_REPRESENTATION_CONTEXT() REPRESENTATION_CONTEXT('2D SPACE',''
  ) );
#1694 = ORIENTED_EDGE('',*,*,#1602,.T.);
#1695 = ORIENTED_EDGE('',*,*,#786,.T.);
#1696 = ADVANCED_FACE('',(#1697),#774,.F.);
#1697 = FACE_BOUND('',#1698,.T.);
#1698 = EDGE_LOOP('',(#1699,#1722,#1743,#1744));
#1699 = ORIENTED_EDGE('',*,*,#1700,.F.);
#1700 = EDGE_CURVE('',#1701,#731,#1703,.T.);
#1701 = VERTEX_POINT('',#1702);
#1702 = CARTESIAN_POINT('',(47.213471540452,-38.10812108797,
    0.771345131624));
#1703 = SURFACE_CURVE('',#1704,(#1708,#1715),.PCURVE_S1.);
#1704 = LINE('',#1705,#1706);
#1705 = CARTESIAN_POINT('',(47.213471540452,-39.02737441971,
    -1.040834085586E-14));
#1706 = VECTOR('',#1707,1.);
#1707 = DIRECTION('',(-1.083597977291E-14,0.766044443119,0.642787609687)
  );
#1708 = PCURVE('',#774,#1709);
#1709 = DEFINITIONAL_REPRESENTATION('',(#1710),#1714);
#1710 = LINE('',#1711,#1712);
#1711 = CARTESIAN_POINT('',(6.554015942228E-14,10.40536848926));
#1712 = VECTOR('',#1713,1.);
#1713 = DIRECTION('',(-1.,0.));
#1714 = ( GEOMETRIC_REPRESENTATION_CONTEXT(2) 
PARAMETRIC_REPRESENTATION_CONTEXT() REPRESENTATION_CONTEXT('2D SPACE',''
  ) );
#1715 = PCURVE('',#746,#1716);
#1716 = DEFINITIONAL_REPRESENTATION('',(#1717),#1721);
#1717 = LINE('',#1718,#1719);
#1718 = CARTESIAN_POINT('',(10.405368489261,-8.881784197001E-15));
#1719 = VECTOR('',#1720,1.);
#1720 = DIRECTION('',(-6.661338147751E-16,-1.));
#1721 = ( GEOMETRIC_REPRESENTATION_CONTEXT(2) 
PARAMETRIC_REPRESENTATION_CONTEXT() REPRESENTATION_CONTEXT('2D SPACE',''
  ) );
#1722 = ORIENTED_EDGE('',*,*,#1723,.T.);
#1723 = EDGE_CURVE('',#1701,#1652,#1724,.T.);
#1724 = SURFACE_CURVE('',#1725,(#1729,#1736),.PCURVE_S1.);
#1725 = LINE('',#1726,#1727);
#1726 = CARTESIAN_POINT('',(26.402734561931,-38.10812108797,
    0.771345131624));
#1727 = VECTOR('',#1728,1.);
#1728 = DIRECTION('',(-1.,0.,-1.685779192009E-14));
#1729 = PCURVE('',#774,#1730);
#1730 = DEFINITIONAL_REPRESENTATION('',(#1731),#1735);
#1731 = LINE('',#1732,#1733);
#1732 = CARTESIAN_POINT('',(-1.2,-10.40536848926));
#1733 = VECTOR('',#1734,1.);
#1734 = DIRECTION('',(1.419949629398E-29,-1.));
#1735 = ( GEOMETRIC_REPRESENTATION_CONTEXT(2) 
PARAMETRIC_REPRESENTATION_CONTEXT() REPRESENTATION_CONTEXT('2D SPACE',''
  ) );
#1736 = PCURVE('',#213,#1737);
#1737 = DEFINITIONAL_REPRESENTATION('',(#1738),#1742);
#1738 = LINE('',#1739,#1740);
#1739 = CARTESIAN_POINT('',(10.40536848926,1.697056274848));
#1740 = VECTOR('',#1741,1.);
#1741 = DIRECTION('',(1.,0.));
#1742 = ( GEOMETRIC_REPRESENTATION_CONTEXT(2) 
PARAMETRIC_REPRESENTATION_CONTEXT() REPRESENTATION_CONTEXT('2D SPACE',''
  ) );
#1743 = ORIENTED_EDGE('',*,*,#1651,.T.);
#1744 = ORIENTED_EDGE('',*,*,#758,.T.);
#1745 = ADVANCED_FACE('',(#1746),#746,.F.);
#1746 = FACE_BOUND('',#1747,.T.);
#1747 = EDGE_LOOP('',(#1748,#1771,#1792,#1793));
#1748 = ORIENTED_EDGE('',*,*,#1749,.F.);
#1749 = EDGE_CURVE('',#1750,#703,#1752,.T.);
#1750 = VERTEX_POINT('',#1751);
#1751 = CARTESIAN_POINT('',(59.882245522221,-48.72071659546,
    13.418943954423));
#1752 = SURFACE_CURVE('',#1753,(#1757,#1764),.PCURVE_S1.);
#1753 = LINE('',#1754,#1755);
#1754 = CARTESIAN_POINT('',(59.882245522221,-49.6399699272,
    12.647598822799));
#1755 = VECTOR('',#1756,1.);
#1756 = DIRECTION('',(-1.083597977291E-14,0.766044443119,0.642787609687)
  );
#1757 = PCURVE('',#746,#1758);
#1758 = DEFINITIONAL_REPRESENTATION('',(#1759),#1763);
#1759 = LINE('',#1760,#1761);
#1760 = CARTESIAN_POINT('',(-10.40536848926,-9.503509090791E-14));
#1761 = VECTOR('',#1762,1.);
#1762 = DIRECTION('',(-6.661338147751E-16,-1.));
#1763 = ( GEOMETRIC_REPRESENTATION_CONTEXT(2) 
PARAMETRIC_REPRESENTATION_CONTEXT() REPRESENTATION_CONTEXT('2D SPACE',''
  ) );
#1764 = PCURVE('',#718,#1765);
#1765 = DEFINITIONAL_REPRESENTATION('',(#1766),#1770);
#1766 = LINE('',#1767,#1768);
#1767 = CARTESIAN_POINT('',(8.029548224779,-1.141309269315E-13));
#1768 = VECTOR('',#1769,1.);
#1769 = DIRECTION('',(-6.661338147751E-16,-1.));
#1770 = ( GEOMETRIC_REPRESENTATION_CONTEXT(2) 
PARAMETRIC_REPRESENTATION_CONTEXT() REPRESENTATION_CONTEXT('2D SPACE',''
  ) );
#1771 = ORIENTED_EDGE('',*,*,#1772,.T.);
#1772 = EDGE_CURVE('',#1750,#1701,#1773,.T.);
#1773 = SURFACE_CURVE('',#1774,(#1778,#1785),.PCURVE_S1.);
#1774 = LINE('',#1775,#1776);
#1775 = CARTESIAN_POINT('',(47.213471540452,-38.10812108797,
    0.771345131624));
#1776 = VECTOR('',#1777,1.);
#1777 = DIRECTION('',(-0.608761429009,0.509957697243,-0.60774391776));
#1778 = PCURVE('',#746,#1779);
#1779 = DEFINITIONAL_REPRESENTATION('',(#1780),#1784);
#1780 = LINE('',#1781,#1782);
#1781 = CARTESIAN_POINT('',(10.405368489261,-1.2));
#1782 = VECTOR('',#1783,1.);
#1783 = DIRECTION('',(1.,0.));
#1784 = ( GEOMETRIC_REPRESENTATION_CONTEXT(2) 
PARAMETRIC_REPRESENTATION_CONTEXT() REPRESENTATION_CONTEXT('2D SPACE',''
  ) );
#1785 = PCURVE('',#241,#1786);
#1786 = DEFINITIONAL_REPRESENTATION('',(#1787),#1791);
#1787 = LINE('',#1788,#1789);
#1788 = CARTESIAN_POINT('',(10.405368489261,1.697056274848));
#1789 = VECTOR('',#1790,1.);
#1790 = DIRECTION('',(1.,1.110223024625E-16));
#1791 = ( GEOMETRIC_REPRESENTATION_CONTEXT(2) 
PARAMETRIC_REPRESENTATION_CONTEXT() REPRESENTATION_CONTEXT('2D SPACE',''
  ) );
#1792 = ORIENTED_EDGE('',*,*,#1700,.T.);
#1793 = ORIENTED_EDGE('',*,*,#730,.T.);
#1794 = ADVANCED_FACE('',(#1795),#718,.F.);
#1795 = FACE_BOUND('',#1796,.T.);
#1796 = EDGE_LOOP('',(#1797,#1820,#1841,#1842));
#1797 = ORIENTED_EDGE('',*,*,#1798,.F.);
#1798 = EDGE_CURVE('',#1799,#675,#1801,.T.);
#1799 = VERTEX_POINT('',#1800);
#1800 = CARTESIAN_POINT('',(55.725845513937,-58.69157115182,
    25.301745693203));
#1801 = SURFACE_CURVE('',#1802,(#1806,#1813),.PCURVE_S1.);
#1802 = LINE('',#1803,#1804);
#1803 = CARTESIAN_POINT('',(55.725845513937,-59.61082448356,
    24.530400561579));
#1804 = VECTOR('',#1805,1.);
#1805 = DIRECTION('',(-1.083597977291E-14,0.766044443119,0.642787609687)
  );
#1806 = PCURVE('',#718,#1807);
#1807 = DEFINITIONAL_REPRESENTATION('',(#1808),#1812);
#1808 = LINE('',#1809,#1810);
#1809 = CARTESIAN_POINT('',(-8.029548224779,-1.003641614261E-13));
#1810 = VECTOR('',#1811,1.);
#1811 = DIRECTION('',(-6.661338147751E-16,-1.));
#1812 = ( GEOMETRIC_REPRESENTATION_CONTEXT(2) 
PARAMETRIC_REPRESENTATION_CONTEXT() REPRESENTATION_CONTEXT('2D SPACE',''
  ) );
#1813 = PCURVE('',#690,#1814);
#1814 = DEFINITIONAL_REPRESENTATION('',(#1815),#1819);
#1815 = LINE('',#1816,#1817);
#1816 = CARTESIAN_POINT('',(-5.653727960297,1.398881011028E-14));
#1817 = VECTOR('',#1818,1.);
#1818 = DIRECTION('',(8.326672684689E-16,-1.));
#1819 = ( GEOMETRIC_REPRESENTATION_CONTEXT(2) 
PARAMETRIC_REPRESENTATION_CONTEXT() REPRESENTATION_CONTEXT('2D SPACE',''
  ) );
#1820 = ORIENTED_EDGE('',*,*,#1821,.T.);
#1821 = EDGE_CURVE('',#1799,#1750,#1822,.T.);
#1822 = SURFACE_CURVE('',#1823,(#1827,#1834),.PCURVE_S1.);
#1823 = LINE('',#1824,#1825);
#1824 = CARTESIAN_POINT('',(59.882245522221,-48.72071659546,
    13.418943954423));
#1825 = VECTOR('',#1826,1.);
#1826 = DIRECTION('',(0.258819045103,0.620885153015,-0.739942111694));
#1827 = PCURVE('',#718,#1828);
#1828 = DEFINITIONAL_REPRESENTATION('',(#1829),#1833);
#1829 = LINE('',#1830,#1831);
#1830 = CARTESIAN_POINT('',(8.029548224779,-1.2));
#1831 = VECTOR('',#1832,1.);
#1832 = DIRECTION('',(1.,-1.110223024625E-16));
#1833 = ( GEOMETRIC_REPRESENTATION_CONTEXT(2) 
PARAMETRIC_REPRESENTATION_CONTEXT() REPRESENTATION_CONTEXT('2D SPACE',''
  ) );
#1834 = PCURVE('',#269,#1835);
#1835 = DEFINITIONAL_REPRESENTATION('',(#1836),#1840);
#1836 = LINE('',#1837,#1838);
#1837 = CARTESIAN_POINT('',(10.405368489261,1.697056274848));
#1838 = VECTOR('',#1839,1.);
#1839 = DIRECTION('',(1.,5.551115123126E-17));
#1840 = ( GEOMETRIC_REPRESENTATION_CONTEXT(2) 
PARAMETRIC_REPRESENTATION_CONTEXT() REPRESENTATION_CONTEXT('2D SPACE',''
  ) );
#1841 = ORIENTED_EDGE('',*,*,#1749,.T.);
#1842 = ORIENTED_EDGE('',*,*,#702,.T.);
#1843 = ADVANCED_FACE('',(#1844),#690,.T.);
#1844 = FACE_BOUND('',#1845,.T.);
#1845 = EDGE_LOOP('',(#1846,#1869,#1890,#1891));
#1846 = ORIENTED_EDGE('',*,*,#1847,.F.);
#1847 = EDGE_CURVE('',#1848,#646,#1850,.T.);
#1848 = VERTEX_POINT('',#1849);
#1849 = CARTESIAN_POINT('',(52.501508981894,-60.76413472408,
    27.771730776321));
#1850 = SURFACE_CURVE('',#1851,(#1855,#1862),.PCURVE_S1.);
#1851 = LINE('',#1852,#1853);
#1852 = CARTESIAN_POINT('',(52.501508981894,-61.68338805582,
    27.000385644697));
#1853 = VECTOR('',#1854,1.);
#1854 = DIRECTION('',(-1.083597977291E-14,0.766044443119,0.642787609687)
  );
#1855 = PCURVE('',#690,#1856);
#1856 = DEFINITIONAL_REPRESENTATION('',(#1857),#1861);
#1857 = LINE('',#1858,#1859);
#1858 = CARTESIAN_POINT('',(-1.093827507026,2.087219286295E-14));
#1859 = VECTOR('',#1860,1.);
#1860 = DIRECTION('',(8.326672684689E-16,-1.));
#1861 = ( GEOMETRIC_REPRESENTATION_CONTEXT(2) 
PARAMETRIC_REPRESENTATION_CONTEXT() REPRESENTATION_CONTEXT('2D SPACE',''
  ) );
#1862 = PCURVE('',#662,#1863);
#1863 = DEFINITIONAL_REPRESENTATION('',(#1864),#1868);
#1864 = LINE('',#1865,#1866);
#1865 = CARTESIAN_POINT('',(2.356194490192,-2.04281036531E-14));
#1866 = VECTOR('',#1867,1.);
#1867 = DIRECTION('',(-5.470664179312E-16,1.));
#1868 = ( GEOMETRIC_REPRESENTATION_CONTEXT(2) 
PARAMETRIC_REPRESENTATION_CONTEXT() REPRESENTATION_CONTEXT('2D SPACE',''
  ) );
#1869 = ORIENTED_EDGE('',*,*,#1870,.T.);
#1870 = EDGE_CURVE('',#1848,#1799,#1871,.T.);
#1871 = SURFACE_CURVE('',#1872,(#1876,#1883),.PCURVE_S1.);
#1872 = LINE('',#1873,#1874);
#1873 = CARTESIAN_POINT('',(51.728056134227,-61.26130063124,
    28.36423003229));
#1874 = VECTOR('',#1875,1.);
#1875 = DIRECTION('',(0.707106781187,0.454519477672,-0.54167522042));
#1876 = PCURVE('',#690,#1877);
#1877 = DEFINITIONAL_REPRESENTATION('',(#1878),#1882);
#1878 = LINE('',#1879,#1880);
#1879 = CARTESIAN_POINT('',(7.771561172376E-16,-1.2));
#1880 = VECTOR('',#1881,1.);
#1881 = DIRECTION('',(-1.,5.551115123126E-17));
#1882 = ( GEOMETRIC_REPRESENTATION_CONTEXT(2) 
PARAMETRIC_REPRESENTATION_CONTEXT() REPRESENTATION_CONTEXT('2D SPACE',''
  ) );
#1883 = PCURVE('',#297,#1884);
#1884 = DEFINITIONAL_REPRESENTATION('',(#1885),#1889);
#1885 = LINE('',#1886,#1887);
#1886 = CARTESIAN_POINT('',(0.,-0.));
#1887 = VECTOR('',#1888,1.);
#1888 = DIRECTION('',(1.,5.551115123126E-17));
#1889 = ( GEOMETRIC_REPRESENTATION_CONTEXT(2) 
PARAMETRIC_REPRESENTATION_CONTEXT() REPRESENTATION_CONTEXT('2D SPACE',''
  ) );
#1890 = ORIENTED_EDGE('',*,*,#1798,.T.);
#1891 = ORIENTED_EDGE('',*,*,#674,.F.);
#1892 = ADVANCED_FACE('',(#1893),#1030,.F.);
#1893 = FACE_BOUND('',#1894,.F.);
#1894 = EDGE_LOOP('',(#1895,#1917,#1918,#1919));
#1895 = ORIENTED_EDGE('',*,*,#1896,.F.);
#1896 = EDGE_CURVE('',#1247,#1142,#1897,.T.);
#1897 = SURFACE_CURVE('',#1898,(#1903,#1910),.PCURVE_S1.);
#1898 = CIRCLE('',#1899,6.55);
#1899 = AXIS2_PLACEMENT_3D('',#1900,#1901,#1902);
#1900 = CARTESIAN_POINT('',(49.358103051191,-46.69165077208,
    21.113002344397));
#1901 = DIRECTION('',(1.083597977291E-14,-0.766044443119,-0.642787609687
    ));
#1902 = DIRECTION('',(1.,-9.466330862652E-30,1.685779192009E-14));
#1903 = PCURVE('',#1030,#1904);
#1904 = DEFINITIONAL_REPRESENTATION('',(#1905),#1909);
#1905 = LINE('',#1906,#1907);
#1906 = CARTESIAN_POINT('',(9.424777960769,-3.3));
#1907 = VECTOR('',#1908,1.);
#1908 = DIRECTION('',(-1.,0.));
#1909 = ( GEOMETRIC_REPRESENTATION_CONTEXT(2) 
PARAMETRIC_REPRESENTATION_CONTEXT() REPRESENTATION_CONTEXT('2D SPACE',''
  ) );
#1910 = PCURVE('',#1178,#1911);
#1911 = DEFINITIONAL_REPRESENTATION('',(#1912),#1916);
#1912 = CIRCLE('',#1913,6.55);
#1913 = AXIS2_PLACEMENT_2D('',#1914,#1915);
#1914 = CARTESIAN_POINT('',(12.55,2.505342331));
#1915 = DIRECTION('',(1.,0.));
#1916 = ( GEOMETRIC_REPRESENTATION_CONTEXT(2) 
PARAMETRIC_REPRESENTATION_CONTEXT() REPRESENTATION_CONTEXT('2D SPACE',''
  ) );
#1917 = ORIENTED_EDGE('',*,*,#1246,.T.);
#1918 = ORIENTED_EDGE('',*,*,#1013,.T.);
#1919 = ORIENTED_EDGE('',*,*,#1141,.F.);
#1920 = ADVANCED_FACE('',(#1921),#972,.F.);
#1921 = FACE_BOUND('',#1922,.F.);
#1922 = EDGE_LOOP('',(#1923,#1924,#1946,#1947));
#1923 = ORIENTED_EDGE('',*,*,#1224,.F.);
#1924 = ORIENTED_EDGE('',*,*,#1925,.F.);
#1925 = EDGE_CURVE('',#1386,#1196,#1926,.T.);
#1926 = SURFACE_CURVE('',#1927,(#1932,#1939),.PCURVE_S1.);
#1927 = CIRCLE('',#1928,6.55);
#1928 = AXIS2_PLACEMENT_3D('',#1929,#1930,#1931);
#1929 = CARTESIAN_POINT('',(24.258103051191,-46.69165077208,
    21.113002344396));
#1930 = DIRECTION('',(1.083597977291E-14,-0.766044443119,-0.642787609687
    ));
#1931 = DIRECTION('',(1.,-9.466330862652E-30,1.685779192009E-14));
#1932 = PCURVE('',#972,#1933);
#1933 = DEFINITIONAL_REPRESENTATION('',(#1934),#1938);
#1934 = LINE('',#1935,#1936);
#1935 = CARTESIAN_POINT('',(9.424777960769,-3.3));
#1936 = VECTOR('',#1937,1.);
#1937 = DIRECTION('',(-1.,0.));
#1938 = ( GEOMETRIC_REPRESENTATION_CONTEXT(2) 
PARAMETRIC_REPRESENTATION_CONTEXT() REPRESENTATION_CONTEXT('2D SPACE',''
  ) );
#1939 = PCURVE('',#1212,#1940);
#1940 = DEFINITIONAL_REPRESENTATION('',(#1941),#1945);
#1941 = CIRCLE('',#1942,6.55);
#1942 = AXIS2_PLACEMENT_2D('',#1943,#1944);
#1943 = CARTESIAN_POINT('',(-12.55,2.505342331));
#1944 = DIRECTION('',(1.,0.));
#1945 = ( GEOMETRIC_REPRESENTATION_CONTEXT(2) 
PARAMETRIC_REPRESENTATION_CONTEXT() REPRESENTATION_CONTEXT('2D SPACE',''
  ) );
#1946 = ORIENTED_EDGE('',*,*,#1408,.T.);
#1947 = ORIENTED_EDGE('',*,*,#955,.T.);
#1948 = ADVANCED_FACE('',(#1949,#1975),#1212,.F.);
#1949 = FACE_BOUND('',#1950,.T.);
#1950 = EDGE_LOOP('',(#1951));
#1951 = ORIENTED_EDGE('',*,*,#1952,.T.);
#1952 = EDGE_CURVE('',#1953,#1953,#1955,.T.);
#1953 = VERTEX_POINT('',#1954);
#1954 = CARTESIAN_POINT('',(24.258103051191,-46.69165077208,
    21.113002344396));
#1955 = SURFACE_CURVE('',#1956,(#1961,#1968),.PCURVE_S1.);
#1956 = CIRCLE('',#1957,1.25);
#1957 = AXIS2_PLACEMENT_3D('',#1958,#1959,#1960);
#1958 = CARTESIAN_POINT('',(23.008103051191,-46.69165077208,
    21.113002344396));
#1959 = DIRECTION('',(1.083597977291E-14,-0.766044443119,-0.642787609687
    ));
#1960 = DIRECTION('',(1.,-9.466330862652E-30,1.685779192009E-14));
#1961 = PCURVE('',#1212,#1962);
#1962 = DEFINITIONAL_REPRESENTATION('',(#1963),#1967);
#1963 = CIRCLE('',#1964,1.25);
#1964 = AXIS2_PLACEMENT_2D('',#1965,#1966);
#1965 = CARTESIAN_POINT('',(-13.8,2.505342331));
#1966 = DIRECTION('',(1.,0.));
#1967 = ( GEOMETRIC_REPRESENTATION_CONTEXT(2) 
PARAMETRIC_REPRESENTATION_CONTEXT() REPRESENTATION_CONTEXT('2D SPACE',''
  ) );
#1968 = PCURVE('',#502,#1969);
#1969 = DEFINITIONAL_REPRESENTATION('',(#1970),#1974);
#1970 = LINE('',#1971,#1972);
#1971 = CARTESIAN_POINT('',(9.424777960769,84.116148124227));
#1972 = VECTOR('',#1973,1.);
#1973 = DIRECTION('',(-1.,0.));
#1974 = ( GEOMETRIC_REPRESENTATION_CONTEXT(2) 
PARAMETRIC_REPRESENTATION_CONTEXT() REPRESENTATION_CONTEXT('2D SPACE',''
  ) );
#1975 = FACE_BOUND('',#1976,.T.);
#1976 = EDGE_LOOP('',(#1977,#1978,#1979));
#1977 = ORIENTED_EDGE('',*,*,#1193,.T.);
#1978 = ORIENTED_EDGE('',*,*,#1925,.F.);
#1979 = ORIENTED_EDGE('',*,*,#1385,.T.);
#1980 = ADVANCED_FACE('',(#1981,#2007),#1178,.F.);
#1981 = FACE_BOUND('',#1982,.T.);
#1982 = EDGE_LOOP('',(#1983));
#1983 = ORIENTED_EDGE('',*,*,#1984,.T.);
#1984 = EDGE_CURVE('',#1985,#1985,#1987,.T.);
#1985 = VERTEX_POINT('',#1986);
#1986 = CARTESIAN_POINT('',(51.858103051191,-46.69165077208,
    21.113002344397));
#1987 = SURFACE_CURVE('',#1988,(#1993,#2000),.PCURVE_S1.);
#1988 = CIRCLE('',#1989,1.25);
#1989 = AXIS2_PLACEMENT_3D('',#1990,#1991,#1992);
#1990 = CARTESIAN_POINT('',(50.608103051191,-46.69165077208,
    21.113002344397));
#1991 = DIRECTION('',(1.083597977291E-14,-0.766044443119,-0.642787609687
    ));
#1992 = DIRECTION('',(1.,-9.466330862652E-30,1.685779192009E-14));
#1993 = PCURVE('',#1178,#1994);
#1994 = DEFINITIONAL_REPRESENTATION('',(#1995),#1999);
#1995 = CIRCLE('',#1996,1.25);
#1996 = AXIS2_PLACEMENT_2D('',#1997,#1998);
#1997 = CARTESIAN_POINT('',(13.8,2.505342331));
#1998 = DIRECTION('',(1.,0.));
#1999 = ( GEOMETRIC_REPRESENTATION_CONTEXT(2) 
PARAMETRIC_REPRESENTATION_CONTEXT() REPRESENTATION_CONTEXT('2D SPACE',''
  ) );
#2000 = PCURVE('',#533,#2001);
#2001 = DEFINITIONAL_REPRESENTATION('',(#2002),#2006);
#2002 = LINE('',#2003,#2004);
#2003 = CARTESIAN_POINT('',(9.424777960769,84.116148124227));
#2004 = VECTOR('',#2005,1.);
#2005 = DIRECTION('',(-1.,0.));
#2006 = ( GEOMETRIC_REPRESENTATION_CONTEXT(2) 
PARAMETRIC_REPRESENTATION_CONTEXT() REPRESENTATION_CONTEXT('2D SPACE',''
  ) );
#2007 = FACE_BOUND('',#2008,.T.);
#2008 = EDGE_LOOP('',(#2009,#2010,#2011));
#2009 = ORIENTED_EDGE('',*,*,#1896,.F.);
#2010 = ORIENTED_EDGE('',*,*,#1269,.T.);
#2011 = ORIENTED_EDGE('',*,*,#1164,.F.);
#2012 = ADVANCED_FACE('',(#2013),#533,.F.);
#2013 = FACE_BOUND('',#2014,.F.);
#2014 = EDGE_LOOP('',(#2015,#2016,#2036,#2037));
#2015 = ORIENTED_EDGE('',*,*,#516,.F.);
#2016 = ORIENTED_EDGE('',*,*,#2017,.T.);
#2017 = EDGE_CURVE('',#517,#1985,#2018,.T.);
#2018 = SEAM_CURVE('',#2019,(#2022,#2029),.PCURVE_S1.);
#2019 = B_SPLINE_CURVE_WITH_KNOTS('',1,(#2020,#2021),.UNSPECIFIED.,.F.,
  .F.,(2,2),(76.416148124227,84.116148124227),.PIECEWISE_BEZIER_KNOTS.);
#2020 = CARTESIAN_POINT('',(51.858103051191,-52.5901929841,
    16.163537749811));
#2021 = CARTESIAN_POINT('',(51.858103051191,-46.69165077208,
    21.113002344397));
#2022 = PCURVE('',#533,#2023);
#2023 = DEFINITIONAL_REPRESENTATION('',(#2024),#2028);
#2024 = LINE('',#2025,#2026);
#2025 = CARTESIAN_POINT('',(9.424777960769,0.));
#2026 = VECTOR('',#2027,1.);
#2027 = DIRECTION('',(0.,1.));
#2028 = ( GEOMETRIC_REPRESENTATION_CONTEXT(2) 
PARAMETRIC_REPRESENTATION_CONTEXT() REPRESENTATION_CONTEXT('2D SPACE',''
  ) );
#2029 = PCURVE('',#533,#2030);
#2030 = DEFINITIONAL_REPRESENTATION('',(#2031),#2035);
#2031 = LINE('',#2032,#2033);
#2032 = CARTESIAN_POINT('',(3.14159265359,0.));
#2033 = VECTOR('',#2034,1.);
#2034 = DIRECTION('',(0.,1.));
#2035 = ( GEOMETRIC_REPRESENTATION_CONTEXT(2) 
PARAMETRIC_REPRESENTATION_CONTEXT() REPRESENTATION_CONTEXT('2D SPACE',''
  ) );
#2036 = ORIENTED_EDGE('',*,*,#1984,.T.);
#2037 = ORIENTED_EDGE('',*,*,#2017,.F.);
#2038 = ADVANCED_FACE('',(#2039),#502,.F.);
#2039 = FACE_BOUND('',#2040,.F.);
#2040 = EDGE_LOOP('',(#2041,#2042,#2062,#2063));
#2041 = ORIENTED_EDGE('',*,*,#485,.F.);
#2042 = ORIENTED_EDGE('',*,*,#2043,.T.);
#2043 = EDGE_CURVE('',#486,#1953,#2044,.T.);
#2044 = SEAM_CURVE('',#2045,(#2048,#2055),.PCURVE_S1.);
#2045 = B_SPLINE_CURVE_WITH_KNOTS('',1,(#2046,#2047),.UNSPECIFIED.,.F.,
  .F.,(2,2),(76.416148124227,84.116148124227),.PIECEWISE_BEZIER_KNOTS.);
#2046 = CARTESIAN_POINT('',(24.258103051191,-52.5901929841,
    16.16353774981));
#2047 = CARTESIAN_POINT('',(24.258103051191,-46.69165077208,
    21.113002344396));
#2048 = PCURVE('',#502,#2049);
#2049 = DEFINITIONAL_REPRESENTATION('',(#2050),#2054);
#2050 = LINE('',#2051,#2052);
#2051 = CARTESIAN_POINT('',(9.424777960769,0.));
#2052 = VECTOR('',#2053,1.);
#2053 = DIRECTION('',(0.,1.));
#2054 = ( GEOMETRIC_REPRESENTATION_CONTEXT(2) 
PARAMETRIC_REPRESENTATION_CONTEXT() REPRESENTATION_CONTEXT('2D SPACE',''
  ) );
#2055 = PCURVE('',#502,#2056);
#2056 = DEFINITIONAL_REPRESENTATION('',(#2057),#2061);
#2057 = LINE('',#2058,#2059);
#2058 = CARTESIAN_POINT('',(3.14159265359,0.));
#2059 = VECTOR('',#2060,1.);
#2060 = DIRECTION('',(0.,1.));
#2061 = ( GEOMETRIC_REPRESENTATION_CONTEXT(2) 
PARAMETRIC_REPRESENTATION_CONTEXT() REPRESENTATION_CONTEXT('2D SPACE',''
  ) );
#2062 = ORIENTED_EDGE('',*,*,#1952,.T.);
#2063 = ORIENTED_EDGE('',*,*,#2043,.F.);
#2064 = ADVANCED_FACE('',(#2065,#2096),#2078,.T.);
#2065 = FACE_BOUND('',#2066,.T.);
#2066 = EDGE_LOOP('',(#2067));
#2067 = ORIENTED_EDGE('',*,*,#2068,.F.);
#2068 = EDGE_CURVE('',#2069,#2069,#2071,.T.);
#2069 = VERTEX_POINT('',#2070);
#2070 = CARTESIAN_POINT('',(46.903176395364,-35.31722510185,
    14.247102143706));
#2071 = SURFACE_CURVE('',#2072,(#2077,#2089),.PCURVE_S1.);
#2072 = CIRCLE('',#2073,1.5);
#2073 = AXIS2_PLACEMENT_3D('',#2074,#2075,#2076);
#2074 = CARTESIAN_POINT('',(45.403176395364,-35.31722510185,
    14.247102143706));
#2075 = DIRECTION('',(1.083597977291E-14,-0.766044443119,-0.642787609687
    ));
#2076 = DIRECTION('',(1.,-9.466330862652E-30,1.685779192009E-14));
#2077 = PCURVE('',#2078,#2083);
#2078 = PLANE('',#2079);
#2079 = AXIS2_PLACEMENT_3D('',#2080,#2081,#2082);
#2080 = CARTESIAN_POINT('',(36.808103051191,-43.39765966667,
    23.876989066049));
#2081 = DIRECTION('',(1.083597977291E-14,-0.766044443119,-0.642787609687
    ));
#2082 = DIRECTION('',(1.,-9.466330862652E-30,1.685779192009E-14));
#2083 = DEFINITIONAL_REPRESENTATION('',(#2084),#2088);
#2084 = CIRCLE('',#2085,1.5);
#2085 = AXIS2_PLACEMENT_2D('',#2086,#2087);
#2086 = CARTESIAN_POINT('',(8.595073344172,-12.57092458387));
#2087 = DIRECTION('',(1.,0.));
#2088 = ( GEOMETRIC_REPRESENTATION_CONTEXT(2) 
PARAMETRIC_REPRESENTATION_CONTEXT() REPRESENTATION_CONTEXT('2D SPACE',''
  ) );
#2089 = PCURVE('',#570,#2090);
#2090 = DEFINITIONAL_REPRESENTATION('',(#2091),#2095);
#2091 = LINE('',#2092,#2093);
#2092 = CARTESIAN_POINT('',(0.,94.416148124227));
#2093 = VECTOR('',#2094,1.);
#2094 = DIRECTION('',(1.,0.));
#2095 = ( GEOMETRIC_REPRESENTATION_CONTEXT(2) 
PARAMETRIC_REPRESENTATION_CONTEXT() REPRESENTATION_CONTEXT('2D SPACE',''
  ) );
#2096 = FACE_BOUND('',#2097,.T.);
#2097 = EDGE_LOOP('',(#2098));
#2098 = ORIENTED_EDGE('',*,*,#2099,.T.);
#2099 = EDGE_CURVE('',#2100,#2100,#2102,.T.);
#2100 = VERTEX_POINT('',#2101);
#2101 = CARTESIAN_POINT('',(49.403176395364,-35.31722510185,
    14.247102143706));
#2102 = SURFACE_CURVE('',#2103,(#2108,#2115),.PCURVE_S1.);
#2103 = CIRCLE('',#2104,4.);
#2104 = AXIS2_PLACEMENT_3D('',#2105,#2106,#2107);
#2105 = CARTESIAN_POINT('',(45.403176395364,-35.31722510185,
    14.247102143706));
#2106 = DIRECTION('',(1.083597977291E-14,-0.766044443119,-0.642787609687
    ));
#2107 = DIRECTION('',(1.,-9.466330862652E-30,1.685779192009E-14));
#2108 = PCURVE('',#2078,#2109);
#2109 = DEFINITIONAL_REPRESENTATION('',(#2110),#2114);
#2110 = CIRCLE('',#2111,4.);
#2111 = AXIS2_PLACEMENT_2D('',#2112,#2113);
#2112 = CARTESIAN_POINT('',(8.595073344172,-12.57092458387));
#2113 = DIRECTION('',(1.,0.));
#2114 = ( GEOMETRIC_REPRESENTATION_CONTEXT(2) 
PARAMETRIC_REPRESENTATION_CONTEXT() REPRESENTATION_CONTEXT('2D SPACE',''
  ) );
#2115 = PCURVE('',#440,#2116);
#2116 = DEFINITIONAL_REPRESENTATION('',(#2117),#2121);
#2117 = LINE('',#2118,#2119);
#2118 = CARTESIAN_POINT('',(0.,244.81762113533));
#2119 = VECTOR('',#2120,1.);
#2120 = DIRECTION('',(1.,0.));
#2121 = ( GEOMETRIC_REPRESENTATION_CONTEXT(2) 
PARAMETRIC_REPRESENTATION_CONTEXT() REPRESENTATION_CONTEXT('2D SPACE',''
  ) );
#2122 = ADVANCED_FACE('',(#2123),#440,.F.);
#2123 = FACE_BOUND('',#2124,.F.);
#2124 = EDGE_LOOP('',(#2125,#2126,#2146,#2147));
#2125 = ORIENTED_EDGE('',*,*,#2099,.T.);
#2126 = ORIENTED_EDGE('',*,*,#2127,.T.);
#2127 = EDGE_CURVE('',#2100,#424,#2128,.T.);
#2128 = SEAM_CURVE('',#2129,(#2132,#2139),.PCURVE_S1.);
#2129 = B_SPLINE_CURVE_WITH_KNOTS('',1,(#2130,#2131),.UNSPECIFIED.,.F.,
  .F.,(2,2),(244.81762113533,256.81762113533),.PIECEWISE_BEZIER_KNOTS.);
#2130 = CARTESIAN_POINT('',(49.403176395364,-35.31722510185,
    14.247102143706));
#2131 = CARTESIAN_POINT('',(49.403176395364,-44.50975841928,
    6.533650827467));
#2132 = PCURVE('',#440,#2133);
#2133 = DEFINITIONAL_REPRESENTATION('',(#2134),#2138);
#2134 = LINE('',#2135,#2136);
#2135 = CARTESIAN_POINT('',(6.28318530718,0.));
#2136 = VECTOR('',#2137,1.);
#2137 = DIRECTION('',(0.,1.));
#2138 = ( GEOMETRIC_REPRESENTATION_CONTEXT(2) 
PARAMETRIC_REPRESENTATION_CONTEXT() REPRESENTATION_CONTEXT('2D SPACE',''
  ) );
#2139 = PCURVE('',#440,#2140);
#2140 = DEFINITIONAL_REPRESENTATION('',(#2141),#2145);
#2141 = LINE('',#2142,#2143);
#2142 = CARTESIAN_POINT('',(0.,0.));
#2143 = VECTOR('',#2144,1.);
#2144 = DIRECTION('',(0.,1.));
#2145 = ( GEOMETRIC_REPRESENTATION_CONTEXT(2) 
PARAMETRIC_REPRESENTATION_CONTEXT() REPRESENTATION_CONTEXT('2D SPACE',''
  ) );
#2146 = ORIENTED_EDGE('',*,*,#423,.F.);
#2147 = ORIENTED_EDGE('',*,*,#2127,.F.);
#2148 = ADVANCED_FACE('',(#2149,#2180),#2162,.T.);
#2149 = FACE_BOUND('',#2150,.T.);
#2150 = EDGE_LOOP('',(#2151));
#2151 = ORIENTED_EDGE('',*,*,#2152,.F.);
#2152 = EDGE_CURVE('',#2153,#2153,#2155,.T.);
#2153 = VERTEX_POINT('',#2154);
#2154 = CARTESIAN_POINT('',(29.713029707019,-35.31722510185,
    14.247102143705));
#2155 = SURFACE_CURVE('',#2156,(#2161,#2173),.PCURVE_S1.);
#2156 = CIRCLE('',#2157,1.5);
#2157 = AXIS2_PLACEMENT_3D('',#2158,#2159,#2160);
#2158 = CARTESIAN_POINT('',(28.213029707019,-35.31722510185,
    14.247102143705));
#2159 = DIRECTION('',(1.083597977291E-14,-0.766044443119,-0.642787609687
    ));
#2160 = DIRECTION('',(1.,-9.466330862652E-30,1.685779192009E-14));
#2161 = PCURVE('',#2162,#2167);
#2162 = PLANE('',#2163);
#2163 = AXIS2_PLACEMENT_3D('',#2164,#2165,#2166);
#2164 = CARTESIAN_POINT('',(36.808103051191,-43.39765966667,
    23.876989066049));
#2165 = DIRECTION('',(1.083597977291E-14,-0.766044443119,-0.642787609687
    ));
#2166 = DIRECTION('',(1.,-9.466330862652E-30,1.685779192009E-14));
#2167 = DEFINITIONAL_REPRESENTATION('',(#2168),#2172);
#2168 = CIRCLE('',#2169,1.5);
#2169 = AXIS2_PLACEMENT_2D('',#2170,#2171);
#2170 = CARTESIAN_POINT('',(-8.595073344172,-12.57092458387));
#2171 = DIRECTION('',(1.,0.));
#2172 = ( GEOMETRIC_REPRESENTATION_CONTEXT(2) 
PARAMETRIC_REPRESENTATION_CONTEXT() REPRESENTATION_CONTEXT('2D SPACE',''
  ) );
#2173 = PCURVE('',#601,#2174);
#2174 = DEFINITIONAL_REPRESENTATION('',(#2175),#2179);
#2175 = LINE('',#2176,#2177);
#2176 = CARTESIAN_POINT('',(0.,94.416148124227));
#2177 = VECTOR('',#2178,1.);
#2178 = DIRECTION('',(1.,0.));
#2179 = ( GEOMETRIC_REPRESENTATION_CONTEXT(2) 
PARAMETRIC_REPRESENTATION_CONTEXT() REPRESENTATION_CONTEXT('2D SPACE',''
  ) );
#2180 = FACE_BOUND('',#2181,.T.);
#2181 = EDGE_LOOP('',(#2182));
#2182 = ORIENTED_EDGE('',*,*,#2183,.T.);
#2183 = EDGE_CURVE('',#2184,#2184,#2186,.T.);
#2184 = VERTEX_POINT('',#2185);
#2185 = CARTESIAN_POINT('',(32.213029707019,-35.31722510185,
    14.247102143705));
#2186 = SURFACE_CURVE('',#2187,(#2192,#2199),.PCURVE_S1.);
#2187 = CIRCLE('',#2188,4.);
#2188 = AXIS2_PLACEMENT_3D('',#2189,#2190,#2191);
#2189 = CARTESIAN_POINT('',(28.213029707019,-35.31722510185,
    14.247102143705));
#2190 = DIRECTION('',(1.083597977291E-14,-0.766044443119,-0.642787609687
    ));
#2191 = DIRECTION('',(1.,-9.466330862652E-30,1.685779192009E-14));
#2192 = PCURVE('',#2162,#2193);
#2193 = DEFINITIONAL_REPRESENTATION('',(#2194),#2198);
#2194 = CIRCLE('',#2195,4.);
#2195 = AXIS2_PLACEMENT_2D('',#2196,#2197);
#2196 = CARTESIAN_POINT('',(-8.595073344172,-12.57092458387));
#2197 = DIRECTION('',(1.,0.));
#2198 = ( GEOMETRIC_REPRESENTATION_CONTEXT(2) 
PARAMETRIC_REPRESENTATION_CONTEXT() REPRESENTATION_CONTEXT('2D SPACE',''
  ) );
#2199 = PCURVE('',#471,#2200);
#2200 = DEFINITIONAL_REPRESENTATION('',(#2201),#2205);
#2201 = LINE('',#2202,#2203);
#2202 = CARTESIAN_POINT('',(0.,244.81762113533));
#2203 = VECTOR('',#2204,1.);
#2204 = DIRECTION('',(1.,0.));
#2205 = ( GEOMETRIC_REPRESENTATION_CONTEXT(2) 
PARAMETRIC_REPRESENTATION_CONTEXT() REPRESENTATION_CONTEXT('2D SPACE',''
  ) );
#2206 = ADVANCED_FACE('',(#2207),#471,.F.);
#2207 = FACE_BOUND('',#2208,.F.);
#2208 = EDGE_LOOP('',(#2209,#2210,#2230,#2231));
#2209 = ORIENTED_EDGE('',*,*,#2183,.T.);
#2210 = ORIENTED_EDGE('',*,*,#2211,.T.);
#2211 = EDGE_CURVE('',#2184,#455,#2212,.T.);
#2212 = SEAM_CURVE('',#2213,(#2216,#2223),.PCURVE_S1.);
#2213 = B_SPLINE_CURVE_WITH_KNOTS('',1,(#2214,#2215),.UNSPECIFIED.,.F.,
  .F.,(2,2),(244.81762113533,256.81762113533),.PIECEWISE_BEZIER_KNOTS.);
#2214 = CARTESIAN_POINT('',(32.213029707019,-35.31722510185,
    14.247102143706));
#2215 = CARTESIAN_POINT('',(32.213029707019,-44.50975841928,
    6.533650827467));
#2216 = PCURVE('',#471,#2217);
#2217 = DEFINITIONAL_REPRESENTATION('',(#2218),#2222);
#2218 = LINE('',#2219,#2220);
#2219 = CARTESIAN_POINT('',(6.28318530718,0.));
#2220 = VECTOR('',#2221,1.);
#2221 = DIRECTION('',(0.,1.));
#2222 = ( GEOMETRIC_REPRESENTATION_CONTEXT(2) 
PARAMETRIC_REPRESENTATION_CONTEXT() REPRESENTATION_CONTEXT('2D SPACE',''
  ) );
#2223 = PCURVE('',#471,#2224);
#2224 = DEFINITIONAL_REPRESENTATION('',(#2225),#2229);
#2225 = LINE('',#2226,#2227);
#2226 = CARTESIAN_POINT('',(0.,0.));
#2227 = VECTOR('',#2228,1.);
#2228 = DIRECTION('',(0.,1.));
#2229 = ( GEOMETRIC_REPRESENTATION_CONTEXT(2) 
PARAMETRIC_REPRESENTATION_CONTEXT() REPRESENTATION_CONTEXT('2D SPACE',''
  ) );
#2230 = ORIENTED_EDGE('',*,*,#454,.F.);
#2231 = ORIENTED_EDGE('',*,*,#2211,.F.);
#2232 = ADVANCED_FACE('',(#2233),#601,.F.);
#2233 = FACE_BOUND('',#2234,.F.);
#2234 = EDGE_LOOP('',(#2235,#2236,#2256,#2257));
#2235 = ORIENTED_EDGE('',*,*,#2152,.F.);
#2236 = ORIENTED_EDGE('',*,*,#2237,.F.);
#2237 = EDGE_CURVE('',#585,#2153,#2238,.T.);
#2238 = SEAM_CURVE('',#2239,(#2242,#2249),.PCURVE_S1.);
#2239 = B_SPLINE_CURVE_WITH_KNOTS('',1,(#2240,#2241),.UNSPECIFIED.,.F.,
  .F.,(2,2),(91.416148124227,94.416148124227),.PIECEWISE_BEZIER_KNOTS.);
#2240 = CARTESIAN_POINT('',(29.713029707019,-33.0190917725,
    16.175464972765));
#2241 = CARTESIAN_POINT('',(29.713029707019,-35.31722510185,
    14.247102143705));
#2242 = PCURVE('',#601,#2243);
#2243 = DEFINITIONAL_REPRESENTATION('',(#2244),#2248);
#2244 = LINE('',#2245,#2246);
#2245 = CARTESIAN_POINT('',(0.,0.));
#2246 = VECTOR('',#2247,1.);
#2247 = DIRECTION('',(0.,1.));
#2248 = ( GEOMETRIC_REPRESENTATION_CONTEXT(2) 
PARAMETRIC_REPRESENTATION_CONTEXT() REPRESENTATION_CONTEXT('2D SPACE',''
  ) );
#2249 = PCURVE('',#601,#2250);
#2250 = DEFINITIONAL_REPRESENTATION('',(#2251),#2255);
#2251 = LINE('',#2252,#2253);
#2252 = CARTESIAN_POINT('',(6.28318530718,0.));
#2253 = VECTOR('',#2254,1.);
#2254 = DIRECTION('',(0.,1.));
#2255 = ( GEOMETRIC_REPRESENTATION_CONTEXT(2) 
PARAMETRIC_REPRESENTATION_CONTEXT() REPRESENTATION_CONTEXT('2D SPACE',''
  ) );
#2256 = ORIENTED_EDGE('',*,*,#584,.T.);
#2257 = ORIENTED_EDGE('',*,*,#2237,.T.);
#2258 = ADVANCED_FACE('',(#2259),#570,.F.);
#2259 = FACE_BOUND('',#2260,.F.);
#2260 = EDGE_LOOP('',(#2261,#2262,#2282,#2283));
#2261 = ORIENTED_EDGE('',*,*,#2068,.F.);
#2262 = ORIENTED_EDGE('',*,*,#2263,.F.);
#2263 = EDGE_CURVE('',#549,#2069,#2264,.T.);
#2264 = SEAM_CURVE('',#2265,(#2268,#2275),.PCURVE_S1.);
#2265 = B_SPLINE_CURVE_WITH_KNOTS('',1,(#2266,#2267),.UNSPECIFIED.,.F.,
  .F.,(2,2),(91.416148124227,94.416148124227),.PIECEWISE_BEZIER_KNOTS.);
#2266 = CARTESIAN_POINT('',(46.903176395364,-33.0190917725,
    16.175464972765));
#2267 = CARTESIAN_POINT('',(46.903176395364,-35.31722510185,
    14.247102143705));
#2268 = PCURVE('',#570,#2269);
#2269 = DEFINITIONAL_REPRESENTATION('',(#2270),#2274);
#2270 = LINE('',#2271,#2272);
#2271 = CARTESIAN_POINT('',(0.,0.));
#2272 = VECTOR('',#2273,1.);
#2273 = DIRECTION('',(0.,1.));
#2274 = ( GEOMETRIC_REPRESENTATION_CONTEXT(2) 
PARAMETRIC_REPRESENTATION_CONTEXT() REPRESENTATION_CONTEXT('2D SPACE',''
  ) );
#2275 = PCURVE('',#570,#2276);
#2276 = DEFINITIONAL_REPRESENTATION('',(#2277),#2281);
#2277 = LINE('',#2278,#2279);
#2278 = CARTESIAN_POINT('',(6.28318530718,0.));
#2279 = VECTOR('',#2280,1.);
#2280 = DIRECTION('',(0.,1.));
#2281 = ( GEOMETRIC_REPRESENTATION_CONTEXT(2) 
PARAMETRIC_REPRESENTATION_CONTEXT() REPRESENTATION_CONTEXT('2D SPACE',''
  ) );
#2282 = ORIENTED_EDGE('',*,*,#548,.T.);
#2283 = ORIENTED_EDGE('',*,*,#2263,.T.);
#2284 = ADVANCED_FACE('',(#2285),#662,.T.);
#2285 = FACE_BOUND('',#2286,.T.);
#2286 = EDGE_LOOP('',(#2287,#2288,#2310,#2311));
#2287 = ORIENTED_EDGE('',*,*,#1457,.F.);
#2288 = ORIENTED_EDGE('',*,*,#2289,.F.);
#2289 = EDGE_CURVE('',#1848,#1435,#2290,.T.);
#2290 = SURFACE_CURVE('',#2291,(#2296,#2303),.PCURVE_S1.);
#2291 = CIRCLE('',#2292,2.);
#2292 = AXIS2_PLACEMENT_3D('',#2293,#2294,#2295);
#2293 = CARTESIAN_POINT('',(51.087295419521,-59.85509576873,
    26.688380335481));
#2294 = DIRECTION('',(1.083597977291E-14,-0.766044443119,-0.642787609687
    ));
#2295 = DIRECTION('',(1.,-9.466330862652E-30,1.685779192009E-14));
#2296 = PCURVE('',#662,#2297);
#2297 = DEFINITIONAL_REPRESENTATION('',(#2298),#2302);
#2298 = LINE('',#2299,#2300);
#2299 = CARTESIAN_POINT('',(3.14159265359,1.2));
#2300 = VECTOR('',#2301,1.);
#2301 = DIRECTION('',(-1.,0.));
#2302 = ( GEOMETRIC_REPRESENTATION_CONTEXT(2) 
PARAMETRIC_REPRESENTATION_CONTEXT() REPRESENTATION_CONTEXT('2D SPACE',''
  ) );
#2303 = PCURVE('',#326,#2304);
#2304 = DEFINITIONAL_REPRESENTATION('',(#2305),#2309);
#2305 = LINE('',#2306,#2307);
#2306 = CARTESIAN_POINT('',(3.14159265359,1.2));
#2307 = VECTOR('',#2308,1.);
#2308 = DIRECTION('',(-1.,-8.224884235694E-15));
#2309 = ( GEOMETRIC_REPRESENTATION_CONTEXT(2) 
PARAMETRIC_REPRESENTATION_CONTEXT() REPRESENTATION_CONTEXT('2D SPACE',''
  ) );
#2310 = ORIENTED_EDGE('',*,*,#1847,.T.);
#2311 = ORIENTED_EDGE('',*,*,#645,.T.);
#2312 = ADVANCED_FACE('',(#2313),#887,.T.);
#2313 = FACE_BOUND('',#2314,.T.);
#2314 = EDGE_LOOP('',(#2315,#2316,#2338,#2339));
#2315 = ORIENTED_EDGE('',*,*,#1577,.F.);
#2316 = ORIENTED_EDGE('',*,*,#2317,.F.);
#2317 = EDGE_CURVE('',#1483,#1555,#2318,.T.);
#2318 = SURFACE_CURVE('',#2319,(#2324,#2331),.PCURVE_S1.);
#2319 = CIRCLE('',#2320,2.);
#2320 = AXIS2_PLACEMENT_3D('',#2321,#2322,#2323);
#2321 = CARTESIAN_POINT('',(22.528910682862,-59.85509576873,
    26.688380335481));
#2322 = DIRECTION('',(1.083597977291E-14,-0.766044443119,-0.642787609687
    ));
#2323 = DIRECTION('',(1.,-9.466330862652E-30,1.685779192009E-14));
#2324 = PCURVE('',#887,#2325);
#2325 = DEFINITIONAL_REPRESENTATION('',(#2326),#2330);
#2326 = LINE('',#2327,#2328);
#2327 = CARTESIAN_POINT('',(3.14159265359,1.2));
#2328 = VECTOR('',#2329,1.);
#2329 = DIRECTION('',(-1.,0.));
#2330 = ( GEOMETRIC_REPRESENTATION_CONTEXT(2) 
PARAMETRIC_REPRESENTATION_CONTEXT() REPRESENTATION_CONTEXT('2D SPACE',''
  ) );
#2331 = PCURVE('',#101,#2332);
#2332 = DEFINITIONAL_REPRESENTATION('',(#2333),#2337);
#2333 = LINE('',#2334,#2335);
#2334 = CARTESIAN_POINT('',(3.14159265359,1.2));
#2335 = VECTOR('',#2336,1.);
#2336 = DIRECTION('',(-1.,-5.140552647309E-16));
#2337 = ( GEOMETRIC_REPRESENTATION_CONTEXT(2) 
PARAMETRIC_REPRESENTATION_CONTEXT() REPRESENTATION_CONTEXT('2D SPACE',''
  ) );
#2338 = ORIENTED_EDGE('',*,*,#1482,.T.);
#2339 = ORIENTED_EDGE('',*,*,#870,.T.);
#2340 = ADVANCED_FACE('',(#2341),#269,.T.);
#2341 = FACE_BOUND('',#2342,.T.);
#2342 = EDGE_LOOP('',(#2343,#2364,#2365,#2386));
#2343 = ORIENTED_EDGE('',*,*,#2344,.F.);
#2344 = EDGE_CURVE('',#1750,#226,#2345,.T.);
#2345 = SURFACE_CURVE('',#2346,(#2350,#2357),.PCURVE_S1.);
#2346 = LINE('',#2347,#2348);
#2347 = CARTESIAN_POINT('',(56.210690949369,-51.76209574887,
    11.820285762821));
#2348 = VECTOR('',#2349,1.);
#2349 = DIRECTION('',(-0.730146236531,-0.604825966403,-0.317918265666));
#2350 = PCURVE('',#269,#2351);
#2351 = DEFINITIONAL_REPRESENTATION('',(#2352),#2356);
#2352 = LINE('',#2353,#2354);
#2353 = CARTESIAN_POINT('',(8.749667597801,-3.051065744207));
#2354 = VECTOR('',#2355,1.);
#2355 = DIRECTION('',(-0.329262101579,-0.94423856544));
#2356 = ( GEOMETRIC_REPRESENTATION_CONTEXT(2) 
PARAMETRIC_REPRESENTATION_CONTEXT() REPRESENTATION_CONTEXT('2D SPACE',''
  ) );
#2357 = PCURVE('',#241,#2358);
#2358 = DEFINITIONAL_REPRESENTATION('',(#2359),#2363);
#2359 = LINE('',#2360,#2361);
#2360 = CARTESIAN_POINT('',(-8.749667597801,-3.051065744207));
#2361 = VECTOR('',#2362,1.);
#2362 = DIRECTION('',(0.329262101579,-0.94423856544));
#2363 = ( GEOMETRIC_REPRESENTATION_CONTEXT(2) 
PARAMETRIC_REPRESENTATION_CONTEXT() REPRESENTATION_CONTEXT('2D SPACE',''
  ) );
#2364 = ORIENTED_EDGE('',*,*,#1821,.F.);
#2365 = ORIENTED_EDGE('',*,*,#2366,.F.);
#2366 = EDGE_CURVE('',#254,#1799,#2367,.T.);
#2367 = SURFACE_CURVE('',#2368,(#2372,#2379),.PCURVE_S1.);
#2368 = LINE('',#2369,#2370);
#2369 = CARTESIAN_POINT('',(54.031657172783,-59.51036891292,
    23.337821584083));
#2370 = VECTOR('',#2371,1.);
#2371 = DIRECTION('',(0.62289275251,0.301042793633,0.7220649938));
#2372 = PCURVE('',#269,#2373);
#2373 = DEFINITIONAL_REPRESENTATION('',(#2374),#2378);
#2374 = LINE('',#2375,#2376);
#2375 = CARTESIAN_POINT('',(-5.147405389659,-0.97527216113));
#2376 = VECTOR('',#2377,1.);
#2377 = DIRECTION('',(-0.186156787897,0.982520050849));
#2378 = ( GEOMETRIC_REPRESENTATION_CONTEXT(2) 
PARAMETRIC_REPRESENTATION_CONTEXT() REPRESENTATION_CONTEXT('2D SPACE',''
  ) );
#2379 = PCURVE('',#297,#2380);
#2380 = DEFINITIONAL_REPRESENTATION('',(#2381),#2385);
#2381 = LINE('',#2382,#2383);
#2382 = CARTESIAN_POINT('',(5.147405389659,2.672328435978));
#2383 = VECTOR('',#2384,1.);
#2384 = DIRECTION('',(0.186156787897,-0.982520050849));
#2385 = ( GEOMETRIC_REPRESENTATION_CONTEXT(2) 
PARAMETRIC_REPRESENTATION_CONTEXT() REPRESENTATION_CONTEXT('2D SPACE',''
  ) );
#2386 = ORIENTED_EDGE('',*,*,#253,.F.);
#2387 = ADVANCED_FACE('',(#2388),#297,.F.);
#2388 = FACE_BOUND('',#2389,.T.);
#2389 = EDGE_LOOP('',(#2390,#2391,#2392,#2413));
#2390 = ORIENTED_EDGE('',*,*,#2366,.T.);
#2391 = ORIENTED_EDGE('',*,*,#1870,.F.);
#2392 = ORIENTED_EDGE('',*,*,#2393,.F.);
#2393 = EDGE_CURVE('',#282,#1848,#2394,.T.);
#2394 = SURFACE_CURVE('',#2395,(#2399,#2406),.PCURVE_S1.);
#2395 = LINE('',#2396,#2397);
#2396 = CARTESIAN_POINT('',(51.65298084447,-61.13796468261,
    26.350375380193));
#2397 = VECTOR('',#2398,1.);
#2398 = DIRECTION('',(0.5,0.220281415576,0.837541699232));
#2399 = PCURVE('',#297,#2400);
#2400 = DEFINITIONAL_REPRESENTATION('',(#2401),#2405);
#2401 = LINE('',#2402,#2403);
#2402 = CARTESIAN_POINT('',(1.093827507026,1.697056274848));
#2403 = VECTOR('',#2404,1.);
#2404 = DIRECTION('',(9.992007221626E-16,-1.));
#2405 = ( GEOMETRIC_REPRESENTATION_CONTEXT(2) 
PARAMETRIC_REPRESENTATION_CONTEXT() REPRESENTATION_CONTEXT('2D SPACE',''
  ) );
#2406 = PCURVE('',#326,#2407);
#2407 = DEFINITIONAL_REPRESENTATION('',(#2408),#2412);
#2408 = LINE('',#2409,#2410);
#2409 = CARTESIAN_POINT('',(2.356194490192,-5.601075159234E-14));
#2410 = VECTOR('',#2411,1.);
#2411 = DIRECTION('',(3.330669073875E-15,1.));
#2412 = ( GEOMETRIC_REPRESENTATION_CONTEXT(2) 
PARAMETRIC_REPRESENTATION_CONTEXT() REPRESENTATION_CONTEXT('2D SPACE',''
  ) );
#2413 = ORIENTED_EDGE('',*,*,#281,.F.);
#2414 = ADVANCED_FACE('',(#2415),#241,.T.);
#2415 = FACE_BOUND('',#2416,.T.);
#2416 = EDGE_LOOP('',(#2417,#2418,#2419,#2440));
#2417 = ORIENTED_EDGE('',*,*,#2344,.T.);
#2418 = ORIENTED_EDGE('',*,*,#225,.F.);
#2419 = ORIENTED_EDGE('',*,*,#2420,.F.);
#2420 = EDGE_CURVE('',#1701,#198,#2421,.T.);
#2421 = SURFACE_CURVE('',#2422,(#2426,#2433),.PCURVE_S1.);
#2422 = LINE('',#2423,#2424);
#2423 = CARTESIAN_POINT('',(45.557770648993,-42.83817506924,
    1.185171232851));
#2424 = VECTOR('',#2425,1.);
#2425 = DIRECTION('',(-0.329262101579,-0.940645452625,8.229581350187E-02
    ));
#2426 = PCURVE('',#241,#2427);
#2427 = DEFINITIONAL_REPRESENTATION('',(#2428),#2432);
#2428 = LINE('',#2429,#2430);
#2429 = CARTESIAN_POINT('',(8.7496675978,-3.051065744207));
#2430 = VECTOR('',#2431,1.);
#2431 = DIRECTION('',(-0.329262101579,-0.94423856544));
#2432 = ( GEOMETRIC_REPRESENTATION_CONTEXT(2) 
PARAMETRIC_REPRESENTATION_CONTEXT() REPRESENTATION_CONTEXT('2D SPACE',''
  ) );
#2433 = PCURVE('',#213,#2434);
#2434 = DEFINITIONAL_REPRESENTATION('',(#2435),#2439);
#2435 = LINE('',#2436,#2437);
#2436 = CARTESIAN_POINT('',(-8.749667597801,-3.051065744207));
#2437 = VECTOR('',#2438,1.);
#2438 = DIRECTION('',(0.329262101579,-0.94423856544));
#2439 = ( GEOMETRIC_REPRESENTATION_CONTEXT(2) 
PARAMETRIC_REPRESENTATION_CONTEXT() REPRESENTATION_CONTEXT('2D SPACE',''
  ) );
#2440 = ORIENTED_EDGE('',*,*,#1772,.F.);
#2441 = ADVANCED_FACE('',(#2442),#326,.T.);
#2442 = FACE_BOUND('',#2443,.T.);
#2443 = EDGE_LOOP('',(#2444,#2445,#2446,#2467));
#2444 = ORIENTED_EDGE('',*,*,#2393,.T.);
#2445 = ORIENTED_EDGE('',*,*,#2289,.T.);
#2446 = ORIENTED_EDGE('',*,*,#2447,.F.);
#2447 = EDGE_CURVE('',#310,#1435,#2448,.T.);
#2448 = SURFACE_CURVE('',#2449,(#2453,#2460),.PCURVE_S1.);
#2449 = LINE('',#2450,#2451);
#2450 = CARTESIAN_POINT('',(50.394475096493,-61.03146414435,
    26.223452981105));
#2451 = VECTOR('',#2452,1.);
#2452 = DIRECTION('',(-0.612372435696,0.314415481584,0.725357087882));
#2453 = PCURVE('',#326,#2454);
#2454 = DEFINITIONAL_REPRESENTATION('',(#2455),#2459);
#2455 = LINE('',#2456,#2457);
#2456 = CARTESIAN_POINT('',(0.523598775598,-8.348877145181E-14));
#2457 = VECTOR('',#2458,1.);
#2458 = DIRECTION('',(-1.211993468549E-14,1.));
#2459 = ( GEOMETRIC_REPRESENTATION_CONTEXT(2) 
PARAMETRIC_REPRESENTATION_CONTEXT() REPRESENTATION_CONTEXT('2D SPACE',''
  ) );
#2460 = PCURVE('',#354,#2461);
#2461 = DEFINITIONAL_REPRESENTATION('',(#2462),#2466);
#2462 = LINE('',#2463,#2464);
#2463 = CARTESIAN_POINT('',(3.916849390438,1.697056274848));
#2464 = VECTOR('',#2465,1.);
#2465 = DIRECTION('',(-7.216449660064E-16,-1.));
#2466 = ( GEOMETRIC_REPRESENTATION_CONTEXT(2) 
PARAMETRIC_REPRESENTATION_CONTEXT() REPRESENTATION_CONTEXT('2D SPACE',''
  ) );
#2467 = ORIENTED_EDGE('',*,*,#309,.F.);
#2468 = ADVANCED_FACE('',(#2469),#213,.T.);
#2469 = FACE_BOUND('',#2470,.T.);
#2470 = EDGE_LOOP('',(#2471,#2472,#2473,#2494));
#2471 = ORIENTED_EDGE('',*,*,#2420,.T.);
#2472 = ORIENTED_EDGE('',*,*,#197,.F.);
#2473 = ORIENTED_EDGE('',*,*,#2474,.F.);
#2474 = EDGE_CURVE('',#1652,#170,#2475,.T.);
#2475 = SURFACE_CURVE('',#2476,(#2480,#2487),.PCURVE_S1.);
#2476 = LINE('',#2477,#2478);
#2477 = CARTESIAN_POINT('',(28.05843545339,-42.83817506924,
    1.185171232851));
#2478 = VECTOR('',#2479,1.);
#2479 = DIRECTION('',(0.329262101579,-0.940645452625,8.229581350188E-02)
  );
#2480 = PCURVE('',#213,#2481);
#2481 = DEFINITIONAL_REPRESENTATION('',(#2482),#2486);
#2482 = LINE('',#2483,#2484);
#2483 = CARTESIAN_POINT('',(8.749667597801,-3.051065744207));
#2484 = VECTOR('',#2485,1.);
#2485 = DIRECTION('',(-0.329262101579,-0.94423856544));
#2486 = ( GEOMETRIC_REPRESENTATION_CONTEXT(2) 
PARAMETRIC_REPRESENTATION_CONTEXT() REPRESENTATION_CONTEXT('2D SPACE',''
  ) );
#2487 = PCURVE('',#185,#2488);
#2488 = DEFINITIONAL_REPRESENTATION('',(#2489),#2493);
#2489 = LINE('',#2490,#2491);
#2490 = CARTESIAN_POINT('',(-8.7496675978,-3.051065744207));
#2491 = VECTOR('',#2492,1.);
#2492 = DIRECTION('',(0.329262101579,-0.94423856544));
#2493 = ( GEOMETRIC_REPRESENTATION_CONTEXT(2) 
PARAMETRIC_REPRESENTATION_CONTEXT() REPRESENTATION_CONTEXT('2D SPACE',''
  ) );
#2494 = ORIENTED_EDGE('',*,*,#1723,.F.);
#2495 = ADVANCED_FACE('',(#2496),#354,.F.);
#2496 = FACE_BOUND('',#2497,.T.);
#2497 = EDGE_LOOP('',(#2498,#2499,#2500,#2521));
#2498 = ORIENTED_EDGE('',*,*,#2447,.T.);
#2499 = ORIENTED_EDGE('',*,*,#1434,.F.);
#2500 = ORIENTED_EDGE('',*,*,#2501,.F.);
#2501 = EDGE_CURVE('',#339,#1097,#2502,.T.);
#2502 = SURFACE_CURVE('',#2503,(#2507,#2514),.PCURVE_S1.);
#2503 = LINE('',#2504,#2505);
#2504 = CARTESIAN_POINT('',(45.781391197695,-55.75562252405,
    19.517000922484));
#2505 = VECTOR('',#2506,1.);
#2506 = DIRECTION('',(-0.745477864091,0.484296819389,0.457951247275));
#2507 = PCURVE('',#354,#2508);
#2508 = DEFINITIONAL_REPRESENTATION('',(#2509),#2513);
#2509 = LINE('',#2510,#2511);
#2510 = CARTESIAN_POINT('',(-5.775751258407,2.077897103124));
#2511 = VECTOR('',#2512,1.);
#2512 = DIRECTION('',(-0.338521390815,-0.940958696203));
#2513 = ( GEOMETRIC_REPRESENTATION_CONTEXT(2) 
PARAMETRIC_REPRESENTATION_CONTEXT() REPRESENTATION_CONTEXT('2D SPACE',''
  ) );
#2514 = PCURVE('',#382,#2515);
#2515 = DEFINITIONAL_REPRESENTATION('',(#2516),#2520);
#2516 = LINE('',#2517,#2518);
#2517 = CARTESIAN_POINT('',(0.567745766083,-0.380840828277));
#2518 = VECTOR('',#2519,1.);
#2519 = DIRECTION('',(0.338521390815,0.940958696203));
#2520 = ( GEOMETRIC_REPRESENTATION_CONTEXT(2) 
PARAMETRIC_REPRESENTATION_CONTEXT() REPRESENTATION_CONTEXT('2D SPACE',''
  ) );
#2521 = ORIENTED_EDGE('',*,*,#338,.F.);
#2522 = ADVANCED_FACE('',(#2523),#185,.T.);
#2523 = FACE_BOUND('',#2524,.T.);
#2524 = EDGE_LOOP('',(#2525,#2526,#2527,#2548));
#2525 = ORIENTED_EDGE('',*,*,#2474,.T.);
#2526 = ORIENTED_EDGE('',*,*,#169,.F.);
#2527 = ORIENTED_EDGE('',*,*,#2528,.F.);
#2528 = EDGE_CURVE('',#1603,#142,#2529,.T.);
#2529 = SURFACE_CURVE('',#2530,(#2534,#2541),.PCURVE_S1.);
#2530 = LINE('',#2531,#2532);
#2531 = CARTESIAN_POINT('',(17.405515153013,-51.76209574887,
    11.820285762821));
#2532 = VECTOR('',#2533,1.);
#2533 = DIRECTION('',(0.730146236531,-0.604825966403,-0.317918265666));
#2534 = PCURVE('',#185,#2535);
#2535 = DEFINITIONAL_REPRESENTATION('',(#2536),#2540);
#2536 = LINE('',#2537,#2538);
#2537 = CARTESIAN_POINT('',(8.749667597801,-3.051065744207));
#2538 = VECTOR('',#2539,1.);
#2539 = DIRECTION('',(-0.329262101579,-0.94423856544));
#2540 = ( GEOMETRIC_REPRESENTATION_CONTEXT(2) 
PARAMETRIC_REPRESENTATION_CONTEXT() REPRESENTATION_CONTEXT('2D SPACE',''
  ) );
#2541 = PCURVE('',#157,#2542);
#2542 = DEFINITIONAL_REPRESENTATION('',(#2543),#2547);
#2543 = LINE('',#2544,#2545);
#2544 = CARTESIAN_POINT('',(-8.749667597801,-3.051065744207));
#2545 = VECTOR('',#2546,1.);
#2546 = DIRECTION('',(0.329262101579,-0.94423856544));
#2547 = ( GEOMETRIC_REPRESENTATION_CONTEXT(2) 
PARAMETRIC_REPRESENTATION_CONTEXT() REPRESENTATION_CONTEXT('2D SPACE',''
  ) );
#2548 = ORIENTED_EDGE('',*,*,#1674,.F.);
#2549 = ADVANCED_FACE('',(#2550),#382,.T.);
#2550 = FACE_BOUND('',#2551,.T.);
#2551 = EDGE_LOOP('',(#2552,#2553,#2554,#2575));
#2552 = ORIENTED_EDGE('',*,*,#2501,.T.);
#2553 = ORIENTED_EDGE('',*,*,#1096,.F.);
#2554 = ORIENTED_EDGE('',*,*,#2555,.F.);
#2555 = EDGE_CURVE('',#367,#1072,#2556,.T.);
#2556 = SURFACE_CURVE('',#2557,(#2561,#2568),.PCURVE_S1.);
#2557 = LINE('',#2558,#2559);
#2558 = CARTESIAN_POINT('',(45.765557719259,-55.14554707409,
    19.208890166904));
#2559 = VECTOR('',#2560,1.);
#2560 = DIRECTION('',(-0.646313973261,0.726053608722,0.234785871016));
#2561 = PCURVE('',#382,#2562);
#2562 = DEFINITIONAL_REPRESENTATION('',(#2563),#2567);
#2563 = LINE('',#2564,#2565);
#2564 = CARTESIAN_POINT('',(0.,0.));
#2565 = VECTOR('',#2566,1.);
#2566 = DIRECTION('',(-4.163336342344E-16,1.));
#2567 = ( GEOMETRIC_REPRESENTATION_CONTEXT(2) 
PARAMETRIC_REPRESENTATION_CONTEXT() REPRESENTATION_CONTEXT('2D SPACE',''
  ) );
#2568 = PCURVE('',#409,#2569);
#2569 = DEFINITIONAL_REPRESENTATION('',(#2570),#2574);
#2570 = LINE('',#2571,#2572);
#2571 = CARTESIAN_POINT('',(6.7008813306,1.2));
#2572 = VECTOR('',#2573,1.);
#2573 = DIRECTION('',(7.401486830835E-16,-1.));
#2574 = ( GEOMETRIC_REPRESENTATION_CONTEXT(2) 
PARAMETRIC_REPRESENTATION_CONTEXT() REPRESENTATION_CONTEXT('2D SPACE',''
  ) );
#2575 = ORIENTED_EDGE('',*,*,#366,.F.);
#2576 = ADVANCED_FACE('',(#2577),#157,.T.);
#2577 = FACE_BOUND('',#2578,.T.);
#2578 = EDGE_LOOP('',(#2579,#2580,#2581,#2602));
#2579 = ORIENTED_EDGE('',*,*,#2528,.T.);
#2580 = ORIENTED_EDGE('',*,*,#141,.F.);
#2581 = ORIENTED_EDGE('',*,*,#2582,.F.);
#2582 = EDGE_CURVE('',#1532,#114,#2583,.T.);
#2583 = SURFACE_CURVE('',#2584,(#2588,#2595),.PCURVE_S1.);
#2584 = LINE('',#2585,#2586);
#2585 = CARTESIAN_POINT('',(19.5845489296,-59.51036891292,
    23.337821584083));
#2586 = VECTOR('',#2587,1.);
#2587 = DIRECTION('',(0.622892752511,-0.301042793633,-0.7220649938));
#2588 = PCURVE('',#157,#2589);
#2589 = DEFINITIONAL_REPRESENTATION('',(#2590),#2594);
#2590 = LINE('',#2591,#2592);
#2591 = CARTESIAN_POINT('',(5.147405389659,-0.97527216113));
#2592 = VECTOR('',#2593,1.);
#2593 = DIRECTION('',(-0.186156787897,-0.982520050849));
#2594 = ( GEOMETRIC_REPRESENTATION_CONTEXT(2) 
PARAMETRIC_REPRESENTATION_CONTEXT() REPRESENTATION_CONTEXT('2D SPACE',''
  ) );
#2595 = PCURVE('',#129,#2596);
#2596 = DEFINITIONAL_REPRESENTATION('',(#2597),#2601);
#2597 = LINE('',#2598,#2599);
#2598 = CARTESIAN_POINT('',(-5.147405389659,-0.97527216113));
#2599 = VECTOR('',#2600,1.);
#2600 = DIRECTION('',(0.186156787897,-0.982520050849));
#2601 = ( GEOMETRIC_REPRESENTATION_CONTEXT(2) 
PARAMETRIC_REPRESENTATION_CONTEXT() REPRESENTATION_CONTEXT('2D SPACE',''
  ) );
#2602 = ORIENTED_EDGE('',*,*,#1625,.F.);
#2603 = ADVANCED_FACE('',(#2604),#409,.F.);
#2604 = FACE_BOUND('',#2605,.F.);
#2605 = EDGE_LOOP('',(#2606,#2607,#2628,#2629));
#2606 = ORIENTED_EDGE('',*,*,#394,.F.);
#2607 = ORIENTED_EDGE('',*,*,#2608,.T.);
#2608 = EDGE_CURVE('',#22,#1293,#2609,.T.);
#2609 = SURFACE_CURVE('',#2610,(#2614,#2621),.PCURVE_S1.);
#2610 = LINE('',#2611,#2612);
#2611 = CARTESIAN_POINT('',(27.850648383124,-55.14554707409,
    19.208890166904));
#2612 = VECTOR('',#2613,1.);
#2613 = DIRECTION('',(0.646313973261,0.726053608722,0.234785871016));
#2614 = PCURVE('',#409,#2615);
#2615 = DEFINITIONAL_REPRESENTATION('',(#2616),#2620);
#2616 = LINE('',#2617,#2618);
#2617 = CARTESIAN_POINT('',(2.72389663017,1.2));
#2618 = VECTOR('',#2619,1.);
#2619 = DIRECTION('',(-3.700743415417E-16,-1.));
#2620 = ( GEOMETRIC_REPRESENTATION_CONTEXT(2) 
PARAMETRIC_REPRESENTATION_CONTEXT() REPRESENTATION_CONTEXT('2D SPACE',''
  ) );
#2621 = PCURVE('',#44,#2622);
#2622 = DEFINITIONAL_REPRESENTATION('',(#2623),#2627);
#2623 = LINE('',#2624,#2625);
#2624 = CARTESIAN_POINT('',(0.657647321898,1.697056274848));
#2625 = VECTOR('',#2626,1.);
#2626 = DIRECTION('',(2.775557561563E-16,-1.));
#2627 = ( GEOMETRIC_REPRESENTATION_CONTEXT(2) 
PARAMETRIC_REPRESENTATION_CONTEXT() REPRESENTATION_CONTEXT('2D SPACE',''
  ) );
#2628 = ORIENTED_EDGE('',*,*,#1292,.T.);
#2629 = ORIENTED_EDGE('',*,*,#2555,.F.);
#2630 = ADVANCED_FACE('',(#2631),#129,.T.);
#2631 = FACE_BOUND('',#2632,.T.);
#2632 = EDGE_LOOP('',(#2633,#2634,#2635,#2656));
#2633 = ORIENTED_EDGE('',*,*,#2582,.T.);
#2634 = ORIENTED_EDGE('',*,*,#113,.F.);
#2635 = ORIENTED_EDGE('',*,*,#2636,.F.);
#2636 = EDGE_CURVE('',#1555,#85,#2637,.T.);
#2637 = SURFACE_CURVE('',#2638,(#2642,#2649),.PCURVE_S1.);
#2638 = LINE('',#2639,#2640);
#2639 = CARTESIAN_POINT('',(21.114697120489,-60.76413472408,
    27.77173077632));
#2640 = VECTOR('',#2641,1.);
#2641 = DIRECTION('',(0.5,-0.220281415576,-0.837541699232));
#2642 = PCURVE('',#129,#2643);
#2643 = DEFINITIONAL_REPRESENTATION('',(#2644),#2648);
#2644 = LINE('',#2645,#2646);
#2645 = CARTESIAN_POINT('',(-1.093827507026,1.697056274848));
#2646 = VECTOR('',#2647,1.);
#2647 = DIRECTION('',(7.771561172376E-16,-1.));
#2648 = ( GEOMETRIC_REPRESENTATION_CONTEXT(2) 
PARAMETRIC_REPRESENTATION_CONTEXT() REPRESENTATION_CONTEXT('2D SPACE',''
  ) );
#2649 = PCURVE('',#101,#2650);
#2650 = DEFINITIONAL_REPRESENTATION('',(#2651),#2655);
#2651 = LINE('',#2652,#2653);
#2652 = CARTESIAN_POINT('',(0.785398163397,1.2));
#2653 = VECTOR('',#2654,1.);
#2654 = DIRECTION('',(2.6645352591E-14,-1.));
#2655 = ( GEOMETRIC_REPRESENTATION_CONTEXT(2) 
PARAMETRIC_REPRESENTATION_CONTEXT() REPRESENTATION_CONTEXT('2D SPACE',''
  ) );
#2656 = ORIENTED_EDGE('',*,*,#1554,.F.);
#2657 = ADVANCED_FACE('',(#2658),#44,.F.);
#2658 = FACE_BOUND('',#2659,.T.);
#2659 = EDGE_LOOP('',(#2660,#2661,#2662,#2683));
#2660 = ORIENTED_EDGE('',*,*,#2608,.T.);
#2661 = ORIENTED_EDGE('',*,*,#1363,.F.);
#2662 = ORIENTED_EDGE('',*,*,#2663,.F.);
#2663 = EDGE_CURVE('',#24,#1341,#2664,.T.);
#2664 = SURFACE_CURVE('',#2665,(#2669,#2676),.PCURVE_S1.);
#2665 = LINE('',#2666,#2667);
#2666 = CARTESIAN_POINT('',(29.315072241807,-54.79397905376,
    20.426331335196));
#2667 = VECTOR('',#2668,1.);
#2668 = DIRECTION('',(0.745477864091,0.484296819389,0.457951247275));
#2669 = PCURVE('',#44,#2670);
#2670 = DEFINITIONAL_REPRESENTATION('',(#2671),#2675);
#2671 = LINE('',#2672,#2673);
#2672 = CARTESIAN_POINT('',(-0.582283087974,0.209483457228));
#2673 = VECTOR('',#2674,1.);
#2674 = DIRECTION('',(-0.338521390815,-0.940958696203));
#2675 = ( GEOMETRIC_REPRESENTATION_CONTEXT(2) 
PARAMETRIC_REPRESENTATION_CONTEXT() REPRESENTATION_CONTEXT('2D SPACE',''
  ) );
#2676 = PCURVE('',#72,#2677);
#2677 = DEFINITIONAL_REPRESENTATION('',(#2678),#2682);
#2678 = LINE('',#2679,#2680);
#2679 = CARTESIAN_POINT('',(-7.801294598612,1.48757281762));
#2680 = VECTOR('',#2681,1.);
#2681 = DIRECTION('',(0.338521390815,0.940958696203));
#2682 = ( GEOMETRIC_REPRESENTATION_CONTEXT(2) 
PARAMETRIC_REPRESENTATION_CONTEXT() REPRESENTATION_CONTEXT('2D SPACE',''
  ) );
#2683 = ORIENTED_EDGE('',*,*,#21,.F.);
#2684 = ADVANCED_FACE('',(#2685),#101,.T.);
#2685 = FACE_BOUND('',#2686,.T.);
#2686 = EDGE_LOOP('',(#2687,#2688,#2689,#2710));
#2687 = ORIENTED_EDGE('',*,*,#2636,.T.);
#2688 = ORIENTED_EDGE('',*,*,#84,.F.);
#2689 = ORIENTED_EDGE('',*,*,#2690,.F.);
#2690 = EDGE_CURVE('',#1483,#57,#2691,.T.);
#2691 = SURFACE_CURVE('',#2692,(#2696,#2703),.PCURVE_S1.);
#2692 = LINE('',#2693,#2694);
#2693 = CARTESIAN_POINT('',(24.26096149043,-60.49788337842,27.4544247786
    ));
#2694 = VECTOR('',#2695,1.);
#2695 = DIRECTION('',(-0.612372435696,-0.314415481584,-0.725357087882));
#2696 = PCURVE('',#101,#2697);
#2697 = DEFINITIONAL_REPRESENTATION('',(#2698),#2702);
#2698 = LINE('',#2699,#2700);
#2699 = CARTESIAN_POINT('',(2.617993877991,1.2));
#2700 = VECTOR('',#2701,1.);
#2701 = DIRECTION('',(-5.477100254817E-14,-1.));
#2702 = ( GEOMETRIC_REPRESENTATION_CONTEXT(2) 
PARAMETRIC_REPRESENTATION_CONTEXT() REPRESENTATION_CONTEXT('2D SPACE',''
  ) );
#2703 = PCURVE('',#72,#2704);
#2704 = DEFINITIONAL_REPRESENTATION('',(#2705),#2709);
#2705 = LINE('',#2706,#2707);
#2706 = CARTESIAN_POINT('',(-18.16607989124,1.697056274848));
#2707 = VECTOR('',#2708,1.);
#2708 = DIRECTION('',(-3.885780586188E-16,-1.));
#2709 = ( GEOMETRIC_REPRESENTATION_CONTEXT(2) 
PARAMETRIC_REPRESENTATION_CONTEXT() REPRESENTATION_CONTEXT('2D SPACE',''
  ) );
#2710 = ORIENTED_EDGE('',*,*,#2317,.T.);
#2711 = ADVANCED_FACE('',(#2712),#72,.T.);
#2712 = FACE_BOUND('',#2713,.T.);
#2713 = EDGE_LOOP('',(#2714,#2715,#2716,#2717));
#2714 = ORIENTED_EDGE('',*,*,#2663,.T.);
#2715 = ORIENTED_EDGE('',*,*,#1505,.F.);
#2716 = ORIENTED_EDGE('',*,*,#2690,.T.);
#2717 = ORIENTED_EDGE('',*,*,#56,.F.);
#2718 = ( GEOMETRIC_REPRESENTATION_CONTEXT(3) 
GLOBAL_UNCERTAINTY_ASSIGNED_CONTEXT((#2722)) 
GLOBAL_UNIT_ASSIGNED_CONTEXT((#2719,#2720,#2721)) REPRESENTATION_CONTEXT
('Context #1','3D Context with UNIT and UNCERTAINTY') );
#2719 = ( LENGTH_UNIT() NAMED_UNIT(*) SI_UNIT(.MILLI.,.METRE.) );
#2720 = ( NAMED_UNIT(*) PLANE_ANGLE_UNIT() SI_UNIT($,.RADIAN.) );
#2721 = ( NAMED_UNIT(*) SI_UNIT($,.STERADIAN.) SOLID_ANGLE_UNIT() );
#2722 = UNCERTAINTY_MEASURE_WITH_UNIT(LENGTH_MEASURE(2.E-06),#2719,
  'distance_accuracy_value','confusion accuracy');
#2723 = PRODUCT_RELATED_PRODUCT_CATEGORY('part',$,(#7));
ENDSEC;
END-ISO-10303-21;
