ISO-10303-21;
HEADER;
FILE_DESCRIPTION(('Open CASCADE Model'),'2;1');
FILE_NAME('Open CASCADE Shape Model','2026-09-04T20:50:05',('Author'),(
    'Open CASCADE'),'Open CASCADE STEP processor 7.9','Open CASCADE 7.9'
  ,'Unknown');
FILE_SCHEMA(('AUTOMOTIVE_DESIGN { 1 0 10303 214 1 1 1 1 }'));
ENDSEC;
DATA;
#1 = APPLICATION_PROTOCOL_DEFINITION('international standard',
  'automotive_design',2000,#2);
#2 = APPLICATION_CONTEXT(
  'core data for automotive mechanical design processes');
#3 = SHAPE_DEFINITION_REPRESENTATION(#4,#10);
#4 = PRODUCT_DEFINITION_SHAPE('','',#5);
#5 = PRODUCT_DEFINITION('design','',#6,#9);
#6 = PRODUCT_DEFINITION_FORMATION('','',#7);
#7 = PRODUCT('Open CASCADE STEP translator 7.9 1',
  'Open CASCADE STEP translator 7.9 1','',(#8));
#8 = PRODUCT_CONTEXT('',#2,'mechanical');
#9 = PRODUCT_DEFINITION_CONTEXT('part definition',#2,'design');
#10 = ADVANCED_BREP_SHAPE_REPRESENTATION('',(#11,#15),#8561);
#11 = AXIS2_PLACEMENT_3D('',#12,#13,#14);
#12 = CARTESIAN_POINT('',(0.,0.,0.));
#13 = DIRECTION('',(0.,0.,1.));
#14 = DIRECTION('',(1.,0.,-0.));
#15 = MANIFOLD_SOLID_BREP('',#16);
#16 = CLOSED_SHELL('',(#17,#546,#781,#1315,#1437,#1518,#1658,#1712,#1877
    ,#1965,#2042,#2118,#2174,#2280,#2334,#2439,#2492,#2590,#2639,#2779,
    #2839,#2889,#2943,#3140,#3189,#3282,#3332,#3409,#3486,#3540,#3682,
    #3731,#3824,#3874,#3924,#4187,#4241,#4459,#4508,#4771,#4820,#5038,
    #5087,#5167,#5247,#5281,#5330,#5379,#5428,#5477,#5534,#5590,#5647,
    #5703,#5737,#5809,#5858,#5908,#5957,#5987,#6017,#6047,#6077,#6197,
    #6273,#6359,#6435,#6521,#6597,#6683,#6759,#6845,#6921,#7007,#7083,
    #7169,#7245,#7331,#7407,#7493,#7569,#7655,#7731,#7817,#7893,#7974,
    #8021,#8070,#8119,#8169,#8218,#8246,#8295,#8321,#8347,#8373,#8399,
    #8425,#8451,#8499,#8526,#8554));
#17 = ADVANCED_FACE('',(#18,#54,#85,#116,#147,#178,#209),#31,.F.);
#18 = FACE_BOUND('',#19,.T.);
#19 = EDGE_LOOP('',(#20));
#20 = ORIENTED_EDGE('',*,*,#21,.T.);
#21 = EDGE_CURVE('',#22,#22,#24,.T.);
#22 = VERTEX_POINT('',#23);
#23 = CARTESIAN_POINT('',(-48.,32.5,-2.));
#24 = SURFACE_CURVE('',#25,(#30,#42),.PCURVE_S1.);
#25 = CIRCLE('',#26,1.1);
#26 = AXIS2_PLACEMENT_3D('',#27,#28,#29);
#27 = CARTESIAN_POINT('',(-48.,31.4,-2.));
#28 = DIRECTION('',(3.153195929581E-32,6.123233995737E-17,-1.));
#29 = DIRECTION('',(0.,1.,6.123233995737E-17));
#30 = PCURVE('',#31,#36);
#31 = PLANE('',#32);
#32 = AXIS2_PLACEMENT_3D('',#33,#34,#35);
#33 = CARTESIAN_POINT('',(-2.382494576009E-02,-2.496777158607E-13,-2.));
#34 = DIRECTION('',(3.153195929581E-32,6.123233995737E-17,-1.));
#35 = DIRECTION('',(-1.,1.930775651123E-48,-3.153195929581E-32));
#36 = DEFINITIONAL_REPRESENTATION('',(#37),#41);
#37 = CIRCLE('',#38,1.1);
#38 = AXIS2_PLACEMENT_2D('',#39,#40);
#39 = CARTESIAN_POINT('',(47.97617505424,31.4));
#40 = DIRECTION('',(-4.861730685829E-63,1.));
#41 = ( GEOMETRIC_REPRESENTATION_CONTEXT(2) 
PARAMETRIC_REPRESENTATION_CONTEXT() REPRESENTATION_CONTEXT('2D SPACE',''
  ) );
#42 = PCURVE('',#43,#48);
#43 = CYLINDRICAL_SURFACE('',#44,1.1);
#44 = AXIS2_PLACEMENT_3D('',#45,#46,#47);
#45 = CARTESIAN_POINT('',(-48.,31.4,-170.5343010816));
#46 = DIRECTION('',(-3.153195929581E-32,-6.123233995737E-17,1.));
#47 = DIRECTION('',(0.,-1.,-6.123233995737E-17));
#48 = DEFINITIONAL_REPRESENTATION('',(#49),#53);
#49 = LINE('',#50,#51);
#50 = CARTESIAN_POINT('',(9.424777960769,168.53430108163));
#51 = VECTOR('',#52,1.);
#52 = DIRECTION('',(-1.,0.));
#53 = ( GEOMETRIC_REPRESENTATION_CONTEXT(2) 
PARAMETRIC_REPRESENTATION_CONTEXT() REPRESENTATION_CONTEXT('2D SPACE',''
  ) );
#54 = FACE_BOUND('',#55,.T.);
#55 = EDGE_LOOP('',(#56));
#56 = ORIENTED_EDGE('',*,*,#57,.T.);
#57 = EDGE_CURVE('',#58,#58,#60,.T.);
#58 = VERTEX_POINT('',#59);
#59 = CARTESIAN_POINT('',(4.5,-27.4,-2.));
#60 = SURFACE_CURVE('',#61,(#66,#73),.PCURVE_S1.);
#61 = CIRCLE('',#62,1.1);
#62 = AXIS2_PLACEMENT_3D('',#63,#64,#65);
#63 = CARTESIAN_POINT('',(4.5,-28.5,-2.));
#64 = DIRECTION('',(3.153195929581E-32,6.123233995737E-17,-1.));
#65 = DIRECTION('',(0.,1.,6.123233995737E-17));
#66 = PCURVE('',#31,#67);
#67 = DEFINITIONAL_REPRESENTATION('',(#68),#72);
#68 = CIRCLE('',#69,1.1);
#69 = AXIS2_PLACEMENT_2D('',#70,#71);
#70 = CARTESIAN_POINT('',(-4.52382494576,-28.5));
#71 = DIRECTION('',(-4.861730685829E-63,1.));
#72 = ( GEOMETRIC_REPRESENTATION_CONTEXT(2) 
PARAMETRIC_REPRESENTATION_CONTEXT() REPRESENTATION_CONTEXT('2D SPACE',''
  ) );
#73 = PCURVE('',#74,#79);
#74 = CYLINDRICAL_SURFACE('',#75,1.1);
#75 = AXIS2_PLACEMENT_3D('',#76,#77,#78);
#76 = CARTESIAN_POINT('',(4.5,-28.5,-170.5343010816));
#77 = DIRECTION('',(-3.153195929581E-32,-6.123233995737E-17,1.));
#78 = DIRECTION('',(0.,-1.,-6.123233995737E-17));
#79 = DEFINITIONAL_REPRESENTATION('',(#80),#84);
#80 = LINE('',#81,#82);
#81 = CARTESIAN_POINT('',(9.424777960769,168.53430108163));
#82 = VECTOR('',#83,1.);
#83 = DIRECTION('',(-1.,0.));
#84 = ( GEOMETRIC_REPRESENTATION_CONTEXT(2) 
PARAMETRIC_REPRESENTATION_CONTEXT() REPRESENTATION_CONTEXT('2D SPACE',''
  ) );
#85 = FACE_BOUND('',#86,.T.);
#86 = EDGE_LOOP('',(#87));
#87 = ORIENTED_EDGE('',*,*,#88,.T.);
#88 = EDGE_CURVE('',#89,#89,#91,.T.);
#89 = VERTEX_POINT('',#90);
#90 = CARTESIAN_POINT('',(-15.5,32.5,-2.));
#91 = SURFACE_CURVE('',#92,(#97,#104),.PCURVE_S1.);
#92 = CIRCLE('',#93,1.1);
#93 = AXIS2_PLACEMENT_3D('',#94,#95,#96);
#94 = CARTESIAN_POINT('',(-15.5,31.4,-2.));
#95 = DIRECTION('',(3.153195929581E-32,6.123233995737E-17,-1.));
#96 = DIRECTION('',(0.,1.,6.123233995737E-17));
#97 = PCURVE('',#31,#98);
#98 = DEFINITIONAL_REPRESENTATION('',(#99),#103);
#99 = CIRCLE('',#100,1.1);
#100 = AXIS2_PLACEMENT_2D('',#101,#102);
#101 = CARTESIAN_POINT('',(15.47617505424,31.4));
#102 = DIRECTION('',(-4.861730685829E-63,1.));
#103 = ( GEOMETRIC_REPRESENTATION_CONTEXT(2) 
PARAMETRIC_REPRESENTATION_CONTEXT() REPRESENTATION_CONTEXT('2D SPACE',''
  ) );
#104 = PCURVE('',#105,#110);
#105 = CYLINDRICAL_SURFACE('',#106,1.1);
#106 = AXIS2_PLACEMENT_3D('',#107,#108,#109);
#107 = CARTESIAN_POINT('',(-15.5,31.4,-170.5343010816));
#108 = DIRECTION('',(-3.153195929581E-32,-6.123233995737E-17,1.));
#109 = DIRECTION('',(0.,-1.,-6.123233995737E-17));
#110 = DEFINITIONAL_REPRESENTATION('',(#111),#115);
#111 = LINE('',#112,#113);
#112 = CARTESIAN_POINT('',(9.424777960769,168.53430108163));
#113 = VECTOR('',#114,1.);
#114 = DIRECTION('',(-1.,0.));
#115 = ( GEOMETRIC_REPRESENTATION_CONTEXT(2) 
PARAMETRIC_REPRESENTATION_CONTEXT() REPRESENTATION_CONTEXT('2D SPACE',''
  ) );
#116 = FACE_BOUND('',#117,.T.);
#117 = EDGE_LOOP('',(#118));
#118 = ORIENTED_EDGE('',*,*,#119,.T.);
#119 = EDGE_CURVE('',#120,#120,#122,.T.);
#120 = VERTEX_POINT('',#121);
#121 = CARTESIAN_POINT('',(48.,32.5,-2.));
#122 = SURFACE_CURVE('',#123,(#128,#135),.PCURVE_S1.);
#123 = CIRCLE('',#124,1.1);
#124 = AXIS2_PLACEMENT_3D('',#125,#126,#127);
#125 = CARTESIAN_POINT('',(48.,31.4,-2.));
#126 = DIRECTION('',(3.153195929581E-32,6.123233995737E-17,-1.));
#127 = DIRECTION('',(0.,1.,6.123233995737E-17));
#128 = PCURVE('',#31,#129);
#129 = DEFINITIONAL_REPRESENTATION('',(#130),#134);
#130 = CIRCLE('',#131,1.1);
#131 = AXIS2_PLACEMENT_2D('',#132,#133);
#132 = CARTESIAN_POINT('',(-48.02382494576,31.4));
#133 = DIRECTION('',(-4.861730685829E-63,1.));
#134 = ( GEOMETRIC_REPRESENTATION_CONTEXT(2) 
PARAMETRIC_REPRESENTATION_CONTEXT() REPRESENTATION_CONTEXT('2D SPACE',''
  ) );
#135 = PCURVE('',#136,#141);
#136 = CYLINDRICAL_SURFACE('',#137,1.1);
#137 = AXIS2_PLACEMENT_3D('',#138,#139,#140);
#138 = CARTESIAN_POINT('',(48.,31.4,-170.5343010816));
#139 = DIRECTION('',(-3.153195929581E-32,-6.123233995737E-17,1.));
#140 = DIRECTION('',(0.,-1.,-6.123233995737E-17));
#141 = DEFINITIONAL_REPRESENTATION('',(#142),#146);
#142 = LINE('',#143,#144);
#143 = CARTESIAN_POINT('',(9.424777960769,168.53430108163));
#144 = VECTOR('',#145,1.);
#145 = DIRECTION('',(-1.,0.));
#146 = ( GEOMETRIC_REPRESENTATION_CONTEXT(2) 
PARAMETRIC_REPRESENTATION_CONTEXT() REPRESENTATION_CONTEXT('2D SPACE',''
  ) );
#147 = FACE_BOUND('',#148,.T.);
#148 = EDGE_LOOP('',(#149));
#149 = ORIENTED_EDGE('',*,*,#150,.T.);
#150 = EDGE_CURVE('',#151,#151,#153,.T.);
#151 = VERTEX_POINT('',#152);
#152 = CARTESIAN_POINT('',(48.,-30.3,-2.));
#153 = SURFACE_CURVE('',#154,(#159,#166),.PCURVE_S1.);
#154 = CIRCLE('',#155,1.1);
#155 = AXIS2_PLACEMENT_3D('',#156,#157,#158);
#156 = CARTESIAN_POINT('',(48.,-31.4,-2.));
#157 = DIRECTION('',(3.153195929581E-32,6.123233995737E-17,-1.));
#158 = DIRECTION('',(0.,1.,6.123233995737E-17));
#159 = PCURVE('',#31,#160);
#160 = DEFINITIONAL_REPRESENTATION('',(#161),#165);
#161 = CIRCLE('',#162,1.1);
#162 = AXIS2_PLACEMENT_2D('',#163,#164);
#163 = CARTESIAN_POINT('',(-48.02382494576,-31.4));
#164 = DIRECTION('',(-4.861730685829E-63,1.));
#165 = ( GEOMETRIC_REPRESENTATION_CONTEXT(2) 
PARAMETRIC_REPRESENTATION_CONTEXT() REPRESENTATION_CONTEXT('2D SPACE',''
  ) );
#166 = PCURVE('',#167,#172);
#167 = CYLINDRICAL_SURFACE('',#168,1.1);
#168 = AXIS2_PLACEMENT_3D('',#169,#170,#171);
#169 = CARTESIAN_POINT('',(48.,-31.4,-170.5343010816));
#170 = DIRECTION('',(-3.153195929581E-32,-6.123233995737E-17,1.));
#171 = DIRECTION('',(0.,-1.,-6.123233995737E-17));
#172 = DEFINITIONAL_REPRESENTATION('',(#173),#177);
#173 = LINE('',#174,#175);
#174 = CARTESIAN_POINT('',(9.424777960769,168.53430108163));
#175 = VECTOR('',#176,1.);
#176 = DIRECTION('',(-1.,0.));
#177 = ( GEOMETRIC_REPRESENTATION_CONTEXT(2) 
PARAMETRIC_REPRESENTATION_CONTEXT() REPRESENTATION_CONTEXT('2D SPACE',''
  ) );
#178 = FACE_BOUND('',#179,.T.);
#179 = EDGE_LOOP('',(#180));
#180 = ORIENTED_EDGE('',*,*,#181,.T.);
#181 = EDGE_CURVE('',#182,#182,#184,.T.);
#182 = VERTEX_POINT('',#183);
#183 = CARTESIAN_POINT('',(-48.,-30.3,-2.));
#184 = SURFACE_CURVE('',#185,(#190,#197),.PCURVE_S1.);
#185 = CIRCLE('',#186,1.1);
#186 = AXIS2_PLACEMENT_3D('',#187,#188,#189);
#187 = CARTESIAN_POINT('',(-48.,-31.4,-2.));
#188 = DIRECTION('',(3.153195929581E-32,6.123233995737E-17,-1.));
#189 = DIRECTION('',(0.,1.,6.123233995737E-17));
#190 = PCURVE('',#31,#191);
#191 = DEFINITIONAL_REPRESENTATION('',(#192),#196);
#192 = CIRCLE('',#193,1.1);
#193 = AXIS2_PLACEMENT_2D('',#194,#195);
#194 = CARTESIAN_POINT('',(47.97617505424,-31.4));
#195 = DIRECTION('',(-4.861730685829E-63,1.));
#196 = ( GEOMETRIC_REPRESENTATION_CONTEXT(2) 
PARAMETRIC_REPRESENTATION_CONTEXT() REPRESENTATION_CONTEXT('2D SPACE',''
  ) );
#197 = PCURVE('',#198,#203);
#198 = CYLINDRICAL_SURFACE('',#199,1.1);
#199 = AXIS2_PLACEMENT_3D('',#200,#201,#202);
#200 = CARTESIAN_POINT('',(-48.,-31.4,-170.5343010816));
#201 = DIRECTION('',(-3.153195929581E-32,-6.123233995737E-17,1.));
#202 = DIRECTION('',(0.,-1.,-6.123233995737E-17));
#203 = DEFINITIONAL_REPRESENTATION('',(#204),#208);
#204 = LINE('',#205,#206);
#205 = CARTESIAN_POINT('',(9.424777960769,168.53430108163));
#206 = VECTOR('',#207,1.);
#207 = DIRECTION('',(-1.,0.));
#208 = ( GEOMETRIC_REPRESENTATION_CONTEXT(2) 
PARAMETRIC_REPRESENTATION_CONTEXT() REPRESENTATION_CONTEXT('2D SPACE',''
  ) );
#209 = FACE_BOUND('',#210,.T.);
#210 = EDGE_LOOP('',(#211,#241,#269,#298,#326,#355,#383,#412,#440,#469,
    #492,#520));
#211 = ORIENTED_EDGE('',*,*,#212,.F.);
#212 = EDGE_CURVE('',#213,#215,#217,.T.);
#213 = VERTEX_POINT('',#214);
#214 = CARTESIAN_POINT('',(-26.4,-34.75,-2.));
#215 = VERTEX_POINT('',#216);
#216 = CARTESIAN_POINT('',(-26.4,-31.9,-2.));
#217 = SURFACE_CURVE('',#218,(#222,#229),.PCURVE_S1.);
#218 = LINE('',#219,#220);
#219 = CARTESIAN_POINT('',(-26.4,-2.496777158607E-13,-2.));
#220 = VECTOR('',#221,1.);
#221 = DIRECTION('',(-1.930775651123E-48,1.,6.123233995737E-17));
#222 = PCURVE('',#31,#223);
#223 = DEFINITIONAL_REPRESENTATION('',(#224),#228);
#224 = LINE('',#225,#226);
#225 = CARTESIAN_POINT('',(26.37617505424,1.28233859636E-61));
#226 = VECTOR('',#227,1.);
#227 = DIRECTION('',(1.930775651123E-48,1.));
#228 = ( GEOMETRIC_REPRESENTATION_CONTEXT(2) 
PARAMETRIC_REPRESENTATION_CONTEXT() REPRESENTATION_CONTEXT('2D SPACE',''
  ) );
#229 = PCURVE('',#230,#235);
#230 = PLANE('',#231);
#231 = AXIS2_PLACEMENT_3D('',#232,#233,#234);
#232 = CARTESIAN_POINT('',(-26.4,-33.4,-173.7367586496));
#233 = DIRECTION('',(-1.,0.,-3.153195929581E-32));
#234 = DIRECTION('',(-3.153195929581E-32,0.,1.));
#235 = DEFINITIONAL_REPRESENTATION('',(#236),#240);
#236 = LINE('',#237,#238);
#237 = CARTESIAN_POINT('',(171.73675864966,33.4));
#238 = VECTOR('',#239,1.);
#239 = DIRECTION('',(6.123233995737E-17,1.));
#240 = ( GEOMETRIC_REPRESENTATION_CONTEXT(2) 
PARAMETRIC_REPRESENTATION_CONTEXT() REPRESENTATION_CONTEXT('2D SPACE',''
  ) );
#241 = ORIENTED_EDGE('',*,*,#242,.T.);
#242 = EDGE_CURVE('',#213,#243,#245,.T.);
#243 = VERTEX_POINT('',#244);
#244 = CARTESIAN_POINT('',(49.400261392542,-34.74999993844,-2.));
#245 = SURFACE_CURVE('',#246,(#250,#257),.PCURVE_S1.);
#246 = LINE('',#247,#248);
#247 = CARTESIAN_POINT('',(-24.94941247288,-34.75,-2.));
#248 = VECTOR('',#249,1.);
#249 = DIRECTION('',(1.,8.904044307771E-17,3.626703379068E-32));
#250 = PCURVE('',#31,#251);
#251 = DEFINITIONAL_REPRESENTATION('',(#252),#256);
#252 = LINE('',#253,#254);
#253 = CARTESIAN_POINT('',(24.92558752712,-34.75));
#254 = VECTOR('',#255,1.);
#255 = DIRECTION('',(-1.,8.904044307771E-17));
#256 = ( GEOMETRIC_REPRESENTATION_CONTEXT(2) 
PARAMETRIC_REPRESENTATION_CONTEXT() REPRESENTATION_CONTEXT('2D SPACE',''
  ) );
#257 = PCURVE('',#258,#263);
#258 = CYLINDRICAL_SURFACE('',#259,1.);
#259 = AXIS2_PLACEMENT_3D('',#260,#261,#262);
#260 = CARTESIAN_POINT('',(-24.94941247288,-34.75,-1.));
#261 = DIRECTION('',(1.,8.904044307771E-17,3.626703379068E-32));
#262 = DIRECTION('',(6.29611011001E-17,-0.707106781187,-0.707106781187)
  );
#263 = DEFINITIONAL_REPRESENTATION('',(#264),#268);
#264 = LINE('',#265,#266);
#265 = CARTESIAN_POINT('',(0.785398163397,0.));
#266 = VECTOR('',#267,1.);
#267 = DIRECTION('',(3.222272073082E-17,1.));
#268 = ( GEOMETRIC_REPRESENTATION_CONTEXT(2) 
PARAMETRIC_REPRESENTATION_CONTEXT() REPRESENTATION_CONTEXT('2D SPACE',''
  ) );
#269 = ORIENTED_EDGE('',*,*,#270,.T.);
#270 = EDGE_CURVE('',#243,#271,#273,.T.);
#271 = VERTEX_POINT('',#272);
#272 = CARTESIAN_POINT('',(54.825176548094,-29.3252451375,-2.));
#273 = SURFACE_CURVE('',#274,(#279,#286),.PCURVE_S1.);
#274 = CIRCLE('',#275,6.);
#275 = AXIS2_PLACEMENT_3D('',#276,#277,#278);
#276 = CARTESIAN_POINT('',(55.375,-35.3,-2.));
#277 = DIRECTION('',(3.153195929581E-32,6.123233995737E-17,-1.));
#278 = DIRECTION('',(-1.,1.930775651123E-48,-3.153195929581E-32));
#279 = PCURVE('',#31,#280);
#280 = DEFINITIONAL_REPRESENTATION('',(#281),#285);
#281 = CIRCLE('',#282,6.);
#282 = AXIS2_PLACEMENT_2D('',#283,#284);
#283 = CARTESIAN_POINT('',(-55.39882494576,-35.3));
#284 = DIRECTION('',(1.,0.));
#285 = ( GEOMETRIC_REPRESENTATION_CONTEXT(2) 
PARAMETRIC_REPRESENTATION_CONTEXT() REPRESENTATION_CONTEXT('2D SPACE',''
  ) );
#286 = PCURVE('',#287,#292);
#287 = TOROIDAL_SURFACE('',#288,6.,0.5);
#288 = AXIS2_PLACEMENT_3D('',#289,#290,#291);
#289 = CARTESIAN_POINT('',(55.375,-35.3,-1.5));
#290 = DIRECTION('',(3.153195929581E-32,6.123233995737E-17,-1.));
#291 = DIRECTION('',(-1.,1.930775651123E-48,-3.153195929581E-32));
#292 = DEFINITIONAL_REPRESENTATION('',(#293),#297);
#293 = LINE('',#294,#295);
#294 = CARTESIAN_POINT('',(-2.636779683485E-16,1.570796326795));
#295 = VECTOR('',#296,1.);
#296 = DIRECTION('',(1.,-6.40250961185E-15));
#297 = ( GEOMETRIC_REPRESENTATION_CONTEXT(2) 
PARAMETRIC_REPRESENTATION_CONTEXT() REPRESENTATION_CONTEXT('2D SPACE',''
  ) );
#298 = ORIENTED_EDGE('',*,*,#299,.T.);
#299 = EDGE_CURVE('',#271,#300,#302,.T.);
#300 = VERTEX_POINT('',#301);
#301 = CARTESIAN_POINT('',(54.825176548094,29.325245137506,-2.));
#302 = SURFACE_CURVE('',#303,(#307,#314),.PCURVE_S1.);
#303 = LINE('',#304,#305);
#304 = CARTESIAN_POINT('',(54.825176609652,-14.9,-2.));
#305 = VECTOR('',#306,1.);
#306 = DIRECTION('',(-1.368455531567E-48,1.,6.123233995737E-17));
#307 = PCURVE('',#31,#308);
#308 = DEFINITIONAL_REPRESENTATION('',(#309),#313);
#309 = LINE('',#310,#311);
#310 = CARTESIAN_POINT('',(-54.84900155541,-14.9));
#311 = VECTOR('',#312,1.);
#312 = DIRECTION('',(1.368455531567E-48,1.));
#313 = ( GEOMETRIC_REPRESENTATION_CONTEXT(2) 
PARAMETRIC_REPRESENTATION_CONTEXT() REPRESENTATION_CONTEXT('2D SPACE',''
  ) );
#314 = PCURVE('',#315,#320);
#315 = CYLINDRICAL_SURFACE('',#316,1.);
#316 = AXIS2_PLACEMENT_3D('',#317,#318,#319);
#317 = CARTESIAN_POINT('',(54.825176609652,-14.9,-1.));
#318 = DIRECTION('',(-1.368455531567E-48,1.,6.123233995737E-17));
#319 = DIRECTION('',(0.707106781187,4.329780281177E-17,-0.707106781187)
  );
#320 = DEFINITIONAL_REPRESENTATION('',(#321),#325);
#321 = LINE('',#322,#323);
#322 = CARTESIAN_POINT('',(7.068583470577,0.));
#323 = VECTOR('',#324,1.);
#324 = DIRECTION('',(0.,1.));
#325 = ( GEOMETRIC_REPRESENTATION_CONTEXT(2) 
PARAMETRIC_REPRESENTATION_CONTEXT() REPRESENTATION_CONTEXT('2D SPACE',''
  ) );
#326 = ORIENTED_EDGE('',*,*,#327,.T.);
#327 = EDGE_CURVE('',#300,#328,#330,.T.);
#328 = VERTEX_POINT('',#329);
#329 = CARTESIAN_POINT('',(49.400261392542,34.749999938441,-2.));
#330 = SURFACE_CURVE('',#331,(#336,#343),.PCURVE_S1.);
#331 = CIRCLE('',#332,6.);
#332 = AXIS2_PLACEMENT_3D('',#333,#334,#335);
#333 = CARTESIAN_POINT('',(55.375,35.3,-2.));
#334 = DIRECTION('',(3.153195929581E-32,6.123233995737E-17,-1.));
#335 = DIRECTION('',(-1.,1.930775651123E-48,-3.153195929581E-32));
#336 = PCURVE('',#31,#337);
#337 = DEFINITIONAL_REPRESENTATION('',(#338),#342);
#338 = CIRCLE('',#339,6.);
#339 = AXIS2_PLACEMENT_2D('',#340,#341);
#340 = CARTESIAN_POINT('',(-55.39882494576,35.3));
#341 = DIRECTION('',(1.,0.));
#342 = ( GEOMETRIC_REPRESENTATION_CONTEXT(2) 
PARAMETRIC_REPRESENTATION_CONTEXT() REPRESENTATION_CONTEXT('2D SPACE',''
  ) );
#343 = PCURVE('',#344,#349);
#344 = TOROIDAL_SURFACE('',#345,6.,0.5);
#345 = AXIS2_PLACEMENT_3D('',#346,#347,#348);
#346 = CARTESIAN_POINT('',(55.375,35.3,-1.5));
#347 = DIRECTION('',(3.153195929581E-32,6.123233995737E-17,-1.));
#348 = DIRECTION('',(-1.,1.930775651123E-48,-3.153195929581E-32));
#349 = DEFINITIONAL_REPRESENTATION('',(#350),#354);
#350 = LINE('',#351,#352);
#351 = CARTESIAN_POINT('',(-8.881784197001E-16,1.570796326795));
#352 = VECTOR('',#353,1.);
#353 = DIRECTION('',(1.,5.922321390961E-15));
#354 = ( GEOMETRIC_REPRESENTATION_CONTEXT(2) 
PARAMETRIC_REPRESENTATION_CONTEXT() REPRESENTATION_CONTEXT('2D SPACE',''
  ) );
#355 = ORIENTED_EDGE('',*,*,#356,.T.);
#356 = EDGE_CURVE('',#328,#357,#359,.T.);
#357 = VERTEX_POINT('',#358);
#358 = CARTESIAN_POINT('',(-49.50069141067,34.749999938238,-2.));
#359 = SURFACE_CURVE('',#360,(#364,#371),.PCURVE_S1.);
#360 = LINE('',#361,#362);
#361 = CARTESIAN_POINT('',(24.92558752712,34.75,-2.));
#362 = VECTOR('',#363,1.);
#363 = DIRECTION('',(-1.,1.930775651123E-48,-3.153195929581E-32));
#364 = PCURVE('',#31,#365);
#365 = DEFINITIONAL_REPRESENTATION('',(#366),#370);
#366 = LINE('',#367,#368);
#367 = CARTESIAN_POINT('',(-24.94941247288,34.75));
#368 = VECTOR('',#369,1.);
#369 = DIRECTION('',(1.,0.));
#370 = ( GEOMETRIC_REPRESENTATION_CONTEXT(2) 
PARAMETRIC_REPRESENTATION_CONTEXT() REPRESENTATION_CONTEXT('2D SPACE',''
  ) );
#371 = PCURVE('',#372,#377);
#372 = CYLINDRICAL_SURFACE('',#373,1.);
#373 = AXIS2_PLACEMENT_3D('',#374,#375,#376);
#374 = CARTESIAN_POINT('',(24.92558752712,34.75,-1.));
#375 = DIRECTION('',(-1.,1.930775651123E-48,-3.153195929581E-32));
#376 = DIRECTION('',(2.229646224217E-32,0.707106781187,-0.707106781187)
  );
#377 = DEFINITIONAL_REPRESENTATION('',(#378),#382);
#378 = LINE('',#379,#380);
#379 = CARTESIAN_POINT('',(7.068583470577,0.));
#380 = VECTOR('',#381,1.);
#381 = DIRECTION('',(0.,1.));
#382 = ( GEOMETRIC_REPRESENTATION_CONTEXT(2) 
PARAMETRIC_REPRESENTATION_CONTEXT() REPRESENTATION_CONTEXT('2D SPACE',''
  ) );
#383 = ORIENTED_EDGE('',*,*,#384,.T.);
#384 = EDGE_CURVE('',#357,#385,#387,.T.);
#385 = VERTEX_POINT('',#386);
#386 = CARTESIAN_POINT('',(-54.87482332858,29.421239521079,-2.));
#387 = SURFACE_CURVE('',#388,(#393,#400),.PCURVE_S1.);
#388 = CIRCLE('',#389,5.9);
#389 = AXIS2_PLACEMENT_3D('',#390,#391,#392);
#390 = CARTESIAN_POINT('',(-55.375,35.3,-2.));
#391 = DIRECTION('',(3.153195929581E-32,6.123233995737E-17,-1.));
#392 = DIRECTION('',(-1.,1.930775651123E-48,-3.153195929581E-32));
#393 = PCURVE('',#31,#394);
#394 = DEFINITIONAL_REPRESENTATION('',(#395),#399);
#395 = CIRCLE('',#396,5.9);
#396 = AXIS2_PLACEMENT_2D('',#397,#398);
#397 = CARTESIAN_POINT('',(55.35117505424,35.3));
#398 = DIRECTION('',(1.,0.));
#399 = ( GEOMETRIC_REPRESENTATION_CONTEXT(2) 
PARAMETRIC_REPRESENTATION_CONTEXT() REPRESENTATION_CONTEXT('2D SPACE',''
  ) );
#400 = PCURVE('',#401,#406);
#401 = TOROIDAL_SURFACE('',#402,5.9,0.4);
#402 = AXIS2_PLACEMENT_3D('',#403,#404,#405);
#403 = CARTESIAN_POINT('',(-55.375,35.3,-1.6));
#404 = DIRECTION('',(3.153195929581E-32,6.123233995737E-17,-1.));
#405 = DIRECTION('',(-1.,1.930775651123E-48,-3.153195929581E-32));
#406 = DEFINITIONAL_REPRESENTATION('',(#407),#411);
#407 = LINE('',#408,#409);
#408 = CARTESIAN_POINT('',(0.,1.570796326795));
#409 = VECTOR('',#410,1.);
#410 = DIRECTION('',(1.,-4.624059538612E-15));
#411 = ( GEOMETRIC_REPRESENTATION_CONTEXT(2) 
PARAMETRIC_REPRESENTATION_CONTEXT() REPRESENTATION_CONTEXT('2D SPACE',''
  ) );
#412 = ORIENTED_EDGE('',*,*,#413,.T.);
#413 = EDGE_CURVE('',#385,#414,#416,.T.);
#414 = VERTEX_POINT('',#415);
#415 = CARTESIAN_POINT('',(-54.87482332858,-29.42123952107,-2.));
#416 = SURFACE_CURVE('',#417,(#421,#428),.PCURVE_S1.);
#417 = LINE('',#418,#419);
#418 = CARTESIAN_POINT('',(-54.87482339034,14.900000000001,-2.));
#419 = VECTOR('',#420,1.);
#420 = DIRECTION('',(-4.887961772846E-14,-1.,-6.123233995737E-17));
#421 = PCURVE('',#31,#422);
#422 = DEFINITIONAL_REPRESENTATION('',(#423),#427);
#423 = LINE('',#424,#425);
#424 = CARTESIAN_POINT('',(54.850998444588,14.900000000001));
#425 = VECTOR('',#426,1.);
#426 = DIRECTION('',(4.887961772846E-14,-1.));
#427 = ( GEOMETRIC_REPRESENTATION_CONTEXT(2) 
PARAMETRIC_REPRESENTATION_CONTEXT() REPRESENTATION_CONTEXT('2D SPACE',''
  ) );
#428 = PCURVE('',#429,#434);
#429 = CYLINDRICAL_SURFACE('',#430,1.);
#430 = AXIS2_PLACEMENT_3D('',#431,#432,#433);
#431 = CARTESIAN_POINT('',(-54.87482339034,14.900000000001,-1.));
#432 = DIRECTION('',(-4.887961772846E-14,-1.,-6.123233995737E-17));
#433 = DIRECTION('',(-0.707106781187,3.460640696041E-14,-0.707106781187)
  );
#434 = DEFINITIONAL_REPRESENTATION('',(#435),#439);
#435 = LINE('',#436,#437);
#436 = CARTESIAN_POINT('',(0.785398163397,0.));
#437 = VECTOR('',#438,1.);
#438 = DIRECTION('',(-1.6980941973E-16,1.));
#439 = ( GEOMETRIC_REPRESENTATION_CONTEXT(2) 
PARAMETRIC_REPRESENTATION_CONTEXT() REPRESENTATION_CONTEXT('2D SPACE',''
  ) );
#440 = ORIENTED_EDGE('',*,*,#441,.T.);
#441 = EDGE_CURVE('',#414,#442,#444,.T.);
#442 = VERTEX_POINT('',#443);
#443 = CARTESIAN_POINT('',(-49.50069141067,-34.74999993823,-2.));
#444 = SURFACE_CURVE('',#445,(#450,#457),.PCURVE_S1.);
#445 = CIRCLE('',#446,5.9);
#446 = AXIS2_PLACEMENT_3D('',#447,#448,#449);
#447 = CARTESIAN_POINT('',(-55.375,-35.3,-2.));
#448 = DIRECTION('',(3.153195929581E-32,6.123233995737E-17,-1.));
#449 = DIRECTION('',(-1.,1.930775651123E-48,-3.153195929581E-32));
#450 = PCURVE('',#31,#451);
#451 = DEFINITIONAL_REPRESENTATION('',(#452),#456);
#452 = CIRCLE('',#453,5.9);
#453 = AXIS2_PLACEMENT_2D('',#454,#455);
#454 = CARTESIAN_POINT('',(55.35117505424,-35.3));
#455 = DIRECTION('',(1.,0.));
#456 = ( GEOMETRIC_REPRESENTATION_CONTEXT(2) 
PARAMETRIC_REPRESENTATION_CONTEXT() REPRESENTATION_CONTEXT('2D SPACE',''
  ) );
#457 = PCURVE('',#458,#463);
#458 = TOROIDAL_SURFACE('',#459,5.9,0.4);
#459 = AXIS2_PLACEMENT_3D('',#460,#461,#462);
#460 = CARTESIAN_POINT('',(-55.375,-35.3,-1.6));
#461 = DIRECTION('',(3.153195929581E-32,6.123233995737E-17,-1.));
#462 = DIRECTION('',(-1.,1.930775651123E-48,-3.153195929581E-32));
#463 = DEFINITIONAL_REPRESENTATION('',(#464),#468);
#464 = LINE('',#465,#466);
#465 = CARTESIAN_POINT('',(2.22044604925E-16,1.570796326795));
#466 = VECTOR('',#467,1.);
#467 = DIRECTION('',(1.,6.378013156704E-15));
#468 = ( GEOMETRIC_REPRESENTATION_CONTEXT(2) 
PARAMETRIC_REPRESENTATION_CONTEXT() REPRESENTATION_CONTEXT('2D SPACE',''
  ) );
#469 = ORIENTED_EDGE('',*,*,#470,.T.);
#470 = EDGE_CURVE('',#442,#471,#473,.T.);
#471 = VERTEX_POINT('',#472);
#472 = CARTESIAN_POINT('',(-42.4,-34.75,-2.));
#473 = SURFACE_CURVE('',#474,(#478,#485),.PCURVE_S1.);
#474 = LINE('',#475,#476);
#475 = CARTESIAN_POINT('',(-24.94941247288,-34.75,-2.));
#476 = VECTOR('',#477,1.);
#477 = DIRECTION('',(1.,8.904044307771E-17,3.626703379068E-32));
#478 = PCURVE('',#31,#479);
#479 = DEFINITIONAL_REPRESENTATION('',(#480),#484);
#480 = LINE('',#481,#482);
#481 = CARTESIAN_POINT('',(24.92558752712,-34.75));
#482 = VECTOR('',#483,1.);
#483 = DIRECTION('',(-1.,8.904044307771E-17));
#484 = ( GEOMETRIC_REPRESENTATION_CONTEXT(2) 
PARAMETRIC_REPRESENTATION_CONTEXT() REPRESENTATION_CONTEXT('2D SPACE',''
  ) );
#485 = PCURVE('',#258,#486);
#486 = DEFINITIONAL_REPRESENTATION('',(#487),#491);
#487 = LINE('',#488,#489);
#488 = CARTESIAN_POINT('',(0.785398163397,3.552713678801E-15));
#489 = VECTOR('',#490,1.);
#490 = DIRECTION('',(0.,1.));
#491 = ( GEOMETRIC_REPRESENTATION_CONTEXT(2) 
PARAMETRIC_REPRESENTATION_CONTEXT() REPRESENTATION_CONTEXT('2D SPACE',''
  ) );
#492 = ORIENTED_EDGE('',*,*,#493,.T.);
#493 = EDGE_CURVE('',#471,#494,#496,.T.);
#494 = VERTEX_POINT('',#495);
#495 = CARTESIAN_POINT('',(-42.4,-31.9,-2.));
#496 = SURFACE_CURVE('',#497,(#501,#508),.PCURVE_S1.);
#497 = LINE('',#498,#499);
#498 = CARTESIAN_POINT('',(-42.4,-2.496777158607E-13,-2.));
#499 = VECTOR('',#500,1.);
#500 = DIRECTION('',(-1.930775651123E-48,1.,6.123233995737E-17));
#501 = PCURVE('',#31,#502);
#502 = DEFINITIONAL_REPRESENTATION('',(#503),#507);
#503 = LINE('',#504,#505);
#504 = CARTESIAN_POINT('',(42.37617505424,2.060215506093E-61));
#505 = VECTOR('',#506,1.);
#506 = DIRECTION('',(1.930775651123E-48,1.));
#507 = ( GEOMETRIC_REPRESENTATION_CONTEXT(2) 
PARAMETRIC_REPRESENTATION_CONTEXT() REPRESENTATION_CONTEXT('2D SPACE',''
  ) );
#508 = PCURVE('',#509,#514);
#509 = PLANE('',#510);
#510 = AXIS2_PLACEMENT_3D('',#511,#512,#513);
#511 = CARTESIAN_POINT('',(-42.4,-33.4,-173.7367586496));
#512 = DIRECTION('',(-1.,0.,-3.153195929581E-32));
#513 = DIRECTION('',(-3.153195929581E-32,0.,1.));
#514 = DEFINITIONAL_REPRESENTATION('',(#515),#519);
#515 = LINE('',#516,#517);
#516 = CARTESIAN_POINT('',(171.73675864966,33.4));
#517 = VECTOR('',#518,1.);
#518 = DIRECTION('',(6.123233995737E-17,1.));
#519 = ( GEOMETRIC_REPRESENTATION_CONTEXT(2) 
PARAMETRIC_REPRESENTATION_CONTEXT() REPRESENTATION_CONTEXT('2D SPACE',''
  ) );
#520 = ORIENTED_EDGE('',*,*,#521,.T.);
#521 = EDGE_CURVE('',#494,#215,#522,.T.);
#522 = SURFACE_CURVE('',#523,(#527,#534),.PCURVE_S1.);
#523 = LINE('',#524,#525);
#524 = CARTESIAN_POINT('',(-2.382494576009E-02,-31.9,-2.));
#525 = VECTOR('',#526,1.);
#526 = DIRECTION('',(1.,-1.930775651123E-48,3.153195929581E-32));
#527 = PCURVE('',#31,#528);
#528 = DEFINITIONAL_REPRESENTATION('',(#529),#533);
#529 = LINE('',#530,#531);
#530 = CARTESIAN_POINT('',(-5.579731716018E-48,-31.9));
#531 = VECTOR('',#532,1.);
#532 = DIRECTION('',(-1.,0.));
#533 = ( GEOMETRIC_REPRESENTATION_CONTEXT(2) 
PARAMETRIC_REPRESENTATION_CONTEXT() REPRESENTATION_CONTEXT('2D SPACE',''
  ) );
#534 = PCURVE('',#535,#540);
#535 = PLANE('',#536);
#536 = AXIS2_PLACEMENT_3D('',#537,#538,#539);
#537 = CARTESIAN_POINT('',(-34.4,-31.9,-173.7367586496));
#538 = DIRECTION('',(0.,1.,6.123233995737E-17));
#539 = DIRECTION('',(0.,-6.123233995737E-17,1.));
#540 = DEFINITIONAL_REPRESENTATION('',(#541),#545);
#541 = LINE('',#542,#543);
#542 = CARTESIAN_POINT('',(171.73675864966,34.37617505424));
#543 = VECTOR('',#544,1.);
#544 = DIRECTION('',(3.153195929581E-32,1.));
#545 = ( GEOMETRIC_REPRESENTATION_CONTEXT(2) 
PARAMETRIC_REPRESENTATION_CONTEXT() REPRESENTATION_CONTEXT('2D SPACE',''
  ) );
#546 = ADVANCED_FACE('',(#547),#258,.F.);
#547 = FACE_BOUND('',#548,.F.);
#548 = EDGE_LOOP('',(#549,#550,#601,#629,#658,#706,#707,#731,#759));
#549 = ORIENTED_EDGE('',*,*,#242,.T.);
#550 = ORIENTED_EDGE('',*,*,#551,.F.);
#551 = EDGE_CURVE('',#552,#243,#554,.T.);
#552 = VERTEX_POINT('',#553);
#553 = CARTESIAN_POINT('',(49.375208212031,-35.75,-0.999999876314));
#554 = SURFACE_CURVE('',#555,(#561,#567),.PCURVE_S1.);
#555 = B_SPLINE_CURVE_WITH_KNOTS('',3,(#556,#557,#558,#559,#560),
  .UNSPECIFIED.,.F.,.F.,(4,1,4),(0.313076435948,0.352136280849,
    0.39119612575),.UNSPECIFIED.);
#556 = CARTESIAN_POINT('',(49.37520833695,-35.75,-1.));
#557 = CARTESIAN_POINT('',(49.37520833695,-35.75,-1.260742290465));
#558 = CARTESIAN_POINT('',(49.374677208979,-35.53410497528,
    -1.784299546047));
#559 = CARTESIAN_POINT('',(49.38832655939,-35.00930262073,-2.));
#560 = CARTESIAN_POINT('',(49.400261511999,-34.75,-2.));
#561 = PCURVE('',#258,#562);
#562 = DEFINITIONAL_REPRESENTATION('',(#563),#566);
#563 = B_SPLINE_CURVE_WITH_KNOTS('',1,(#564,#565),.UNSPECIFIED.,.F.,.F.,
  (2,2),(0.313076435948,0.39119612575),.PIECEWISE_BEZIER_KNOTS.);
#564 = CARTESIAN_POINT('',(-0.785398163397,74.32462080983));
#565 = CARTESIAN_POINT('',(0.785398163397,74.349673984879));
#566 = ( GEOMETRIC_REPRESENTATION_CONTEXT(2) 
PARAMETRIC_REPRESENTATION_CONTEXT() REPRESENTATION_CONTEXT('2D SPACE',''
  ) );
#567 = PCURVE('',#568,#573);
#568 = TOROIDAL_SURFACE('',#569,0.500630425996,0.500630425996);
#569 = AXIS2_PLACEMENT_3D('',#570,#571,#572);
#570 = CARTESIAN_POINT('',(49.409833085996,-34.74900958856,
    -0.998962933608));
#571 = DIRECTION('',(-0.99742660424,6.785578957178E-02,
    2.314651107512E-02));
#572 = DIRECTION('',(6.787397412102E-02,0.997693902776,
    6.049848122469E-17));
#573 = DEFINITIONAL_REPRESENTATION('',(#574),#600);
#574 = B_SPLINE_CURVE_WITH_KNOTS('',3,(#575,#576,#577,#578,#579,#580,
    #581,#582,#583,#584,#585,#586,#587,#588,#589,#590,#591,#592,#593,
    #594,#595,#596,#597,#598,#599),.UNSPECIFIED.,.F.,.F.,(4,1,1,1,1,1,1,
    1,1,1,1,1,1,1,1,1,1,1,1,1,1,1,4),(0.313076435948,0.316627330939,
    0.32017822593,0.323729120921,0.327280015912,0.330830910903,
    0.334381805894,0.337932700885,0.341483595876,0.345034490867,
    0.348585385858,0.352136280849,0.35568717584,0.359238070831,
    0.362788965822,0.366339860813,0.369890755804,0.373441650795,
    0.376992545786,0.380543440777,0.384094335768,0.387645230759,
    0.39119612575),.QUASI_UNIFORM_KNOTS.);
#575 = CARTESIAN_POINT('',(3.141329144773,6.216515207208));
#576 = CARTESIAN_POINT('',(3.117658823692,6.215424507188));
#577 = CARTESIAN_POINT('',(3.070288018981,6.213479334855));
#578 = CARTESIAN_POINT('',(2.999128805885,6.211249408149));
#579 = CARTESIAN_POINT('',(2.927842796082,6.209686929521));
#580 = CARTESIAN_POINT('',(2.856445651909,6.208769878609));
#581 = CARTESIAN_POINT('',(2.784969297823,6.208472125481));
#582 = CARTESIAN_POINT('',(2.713457774311,6.208762043316));
#583 = CARTESIAN_POINT('',(2.6419574882,6.209601918488));
#584 = CARTESIAN_POINT('',(2.570508734912,6.210948243476));
#585 = CARTESIAN_POINT('',(2.499137223891,6.21275274163));
#586 = CARTESIAN_POINT('',(2.427845482175,6.214964026864));
#587 = CARTESIAN_POINT('',(2.356607402867,6.217529382632));
#588 = CARTESIAN_POINT('',(2.285354086646,6.220397498024));
#589 = CARTESIAN_POINT('',(2.21402560497,6.223536440347));
#590 = CARTESIAN_POINT('',(2.142606402155,6.22690826536));
#591 = CARTESIAN_POINT('',(2.07111070749,6.230468771268));
#592 = CARTESIAN_POINT('',(1.999576603024,6.234167336522));
#593 = CARTESIAN_POINT('',(1.928056893447,6.237947625189));
#594 = CARTESIAN_POINT('',(1.856610069486,6.241748815989));
#595 = CARTESIAN_POINT('',(1.78529130942,6.24550718488));
#596 = CARTESIAN_POINT('',(1.714142150467,6.24915788236));
#597 = CARTESIAN_POINT('',(1.643186228023,6.252636237979));
#598 = CARTESIAN_POINT('',(1.595998464019,6.254798655816));
#599 = CARTESIAN_POINT('',(1.572432496433,6.255830236688));
#600 = ( GEOMETRIC_REPRESENTATION_CONTEXT(2) 
PARAMETRIC_REPRESENTATION_CONTEXT() REPRESENTATION_CONTEXT('2D SPACE',''
  ) );
#601 = ORIENTED_EDGE('',*,*,#602,.F.);
#602 = EDGE_CURVE('',#603,#552,#605,.T.);
#603 = VERTEX_POINT('',#604);
#604 = CARTESIAN_POINT('',(-49.47499999999,-35.75,-1.));
#605 = SURFACE_CURVE('',#606,(#610,#617),.PCURVE_S1.);
#606 = LINE('',#607,#608);
#607 = CARTESIAN_POINT('',(-24.94941247288,-35.75,-1.));
#608 = VECTOR('',#609,1.);
#609 = DIRECTION('',(1.,8.904044307771E-17,3.626703379068E-32));
#610 = PCURVE('',#258,#611);
#611 = DEFINITIONAL_REPRESENTATION('',(#612),#616);
#612 = LINE('',#613,#614);
#613 = CARTESIAN_POINT('',(-0.785398163397,3.552713678801E-15));
#614 = VECTOR('',#615,1.);
#615 = DIRECTION('',(2.695528221231E-17,1.));
#616 = ( GEOMETRIC_REPRESENTATION_CONTEXT(2) 
PARAMETRIC_REPRESENTATION_CONTEXT() REPRESENTATION_CONTEXT('2D SPACE',''
  ) );
#617 = PCURVE('',#618,#623);
#618 = PLANE('',#619);
#619 = AXIS2_PLACEMENT_3D('',#620,#621,#622);
#620 = CARTESIAN_POINT('',(-49.875,-35.75,2.));
#621 = DIRECTION('',(8.904044307771E-17,-1.,-6.123233995737E-17));
#622 = DIRECTION('',(0.,-6.123233995737E-17,1.));
#623 = DEFINITIONAL_REPRESENTATION('',(#624),#628);
#624 = LINE('',#625,#626);
#625 = CARTESIAN_POINT('',(-3.,-24.92558752712));
#626 = VECTOR('',#627,1.);
#627 = DIRECTION('',(3.08148791102E-32,-1.));
#628 = ( GEOMETRIC_REPRESENTATION_CONTEXT(2) 
PARAMETRIC_REPRESENTATION_CONTEXT() REPRESENTATION_CONTEXT('2D SPACE',''
  ) );
#629 = ORIENTED_EDGE('',*,*,#630,.T.);
#630 = EDGE_CURVE('',#603,#631,#633,.T.);
#631 = VERTEX_POINT('',#632);
#632 = CARTESIAN_POINT('',(-49.47500000008,-35.66666666614,
    -1.399652628139));
#633 = SURFACE_CURVE('',#634,(#639,#646),.PCURVE_S1.);
#634 = CIRCLE('',#635,1.);
#635 = AXIS2_PLACEMENT_3D('',#636,#637,#638);
#636 = CARTESIAN_POINT('',(-49.47499999999,-34.75,-1.));
#637 = DIRECTION('',(1.,0.,0.));
#638 = DIRECTION('',(0.,6.123233995737E-17,-1.));
#639 = PCURVE('',#258,#640);
#640 = DEFINITIONAL_REPRESENTATION('',(#641),#645);
#641 = LINE('',#642,#643);
#642 = CARTESIAN_POINT('',(-5.497787143782,-24.52558752711));
#643 = VECTOR('',#644,1.);
#644 = DIRECTION('',(1.,0.));
#645 = ( GEOMETRIC_REPRESENTATION_CONTEXT(2) 
PARAMETRIC_REPRESENTATION_CONTEXT() REPRESENTATION_CONTEXT('2D SPACE',''
  ) );
#646 = PCURVE('',#647,#652);
#647 = TOROIDAL_SURFACE('',#648,0.6,0.4);
#648 = AXIS2_PLACEMENT_3D('',#649,#650,#651);
#649 = CARTESIAN_POINT('',(-49.47499999999,-34.75,-1.));
#650 = DIRECTION('',(1.,0.,0.));
#651 = DIRECTION('',(0.,6.123233995737E-17,-1.));
#652 = DEFINITIONAL_REPRESENTATION('',(#653),#657);
#653 = LINE('',#654,#655);
#654 = CARTESIAN_POINT('',(0.,6.28318530718));
#655 = VECTOR('',#656,1.);
#656 = DIRECTION('',(1.,0.));
#657 = ( GEOMETRIC_REPRESENTATION_CONTEXT(2) 
PARAMETRIC_REPRESENTATION_CONTEXT() REPRESENTATION_CONTEXT('2D SPACE',''
  ) );
#658 = ORIENTED_EDGE('',*,*,#659,.F.);
#659 = EDGE_CURVE('',#442,#631,#660,.T.);
#660 = SURFACE_CURVE('',#661,(#666,#672),.PCURVE_S1.);
#661 = B_SPLINE_CURVE_WITH_KNOTS('',3,(#662,#663,#664,#665),
  .UNSPECIFIED.,.F.,.F.,(4,4),(0.,6.922063964085E-02),
  .PIECEWISE_BEZIER_KNOTS.);
#662 = CARTESIAN_POINT('',(-49.50069153006,-34.75,-2.));
#663 = CARTESIAN_POINT('',(-49.47918229175,-35.13288454777,-2.));
#664 = CARTESIAN_POINT('',(-49.47500000001,-35.51297660849,
    -1.752165143632));
#665 = CARTESIAN_POINT('',(-49.47499999999,-35.66666666666,
    -1.399652626942));
#666 = PCURVE('',#258,#667);
#667 = DEFINITIONAL_REPRESENTATION('',(#668),#671);
#668 = B_SPLINE_CURVE_WITH_KNOTS('',1,(#669,#670),.UNSPECIFIED.,.F.,.F.,
  (2,2),(0.,6.922063964085E-02),.PIECEWISE_BEZIER_KNOTS.);
#669 = CARTESIAN_POINT('',(0.785398163397,-24.55127905718));
#670 = CARTESIAN_POINT('',(-0.374260301075,-24.52558752711));
#671 = ( GEOMETRIC_REPRESENTATION_CONTEXT(2) 
PARAMETRIC_REPRESENTATION_CONTEXT() REPRESENTATION_CONTEXT('2D SPACE',''
  ) );
#672 = PCURVE('',#673,#678);
#673 = TOROIDAL_SURFACE('',#674,0.600512097794,0.400325218099);
#674 = AXIS2_PLACEMENT_3D('',#675,#676,#677);
#675 = CARTESIAN_POINT('',(-49.53119435562,-34.75186323631,
    -0.999807330611));
#676 = DIRECTION('',(-0.995519160255,-7.832383302202E-02,
    -5.298092813474E-02));
#677 = DIRECTION('',(-7.843399165334E-02,0.996919309149,
    6.245004513517E-17));
#678 = DEFINITIONAL_REPRESENTATION('',(#679),#705);
#679 = B_SPLINE_CURVE_WITH_KNOTS('',3,(#680,#681,#682,#683,#684,#685,
    #686,#687,#688,#689,#690,#691,#692,#693,#694,#695,#696,#697,#698,
    #699,#700,#701,#702,#703,#704),.UNSPECIFIED.,.F.,.F.,(4,1,1,1,1,1,1,
    1,1,1,1,1,1,1,1,1,1,1,1,1,1,1,4),(0.,3.146392710948E-03,
    6.292785421895E-03,9.439178132843E-03,1.258557084379E-02,
    1.573196355474E-02,1.887835626569E-02,2.202474897663E-02,
    2.517114168758E-02,2.831753439853E-02,3.146392710948E-02,
    3.461031982042E-02,3.775671253137E-02,4.090310524232E-02,
    4.404949795327E-02,4.719589066421E-02,5.034228337516E-02,
    5.348867608611E-02,5.663506879706E-02,5.9781461508E-02,
    6.292785421895E-02,6.60742469299E-02,6.922063964085E-02),
  .QUASI_UNIFORM_KNOTS.);
#680 = CARTESIAN_POINT('',(1.571331071339,5.615332056569E-02));
#681 = CARTESIAN_POINT('',(1.588749634808,5.712650583974E-02));
#682 = CARTESIAN_POINT('',(1.623576226839,5.912968211079E-02));
#683 = CARTESIAN_POINT('',(1.675831823902,6.226679140014E-02));
#684 = CARTESIAN_POINT('',(1.728156196557,6.549891591974E-02));
#685 = CARTESIAN_POINT('',(1.780582276474,6.878612679981E-02));
#686 = CARTESIAN_POINT('',(1.833131102259,7.208687316306E-02));
#687 = CARTESIAN_POINT('',(1.8858110682,7.535805633541E-02));
#688 = CARTESIAN_POINT('',(1.938619763487,7.855558814573E-02));
#689 = CARTESIAN_POINT('',(1.991545315792,8.163503042697E-02));
#690 = CARTESIAN_POINT('',(2.044568069948,8.455237246529E-02));
#691 = CARTESIAN_POINT('',(2.097662367592,8.726486169799E-02));
#692 = CARTESIAN_POINT('',(2.150798463745,8.973182716573E-02));
#693 = CARTESIAN_POINT('',(2.203944530281,9.191542220528E-02));
#694 = CARTESIAN_POINT('',(2.257068708679,9.378121862337E-02));
#695 = CARTESIAN_POINT('',(2.310141165165,9.529859422944E-02));
#696 = CARTESIAN_POINT('',(2.363136101194,9.644087217721E-02));
#697 = CARTESIAN_POINT('',(2.416033681048,9.718518898208E-02));
#698 = CARTESIAN_POINT('',(2.468821825607,9.751209206629E-02));
#699 = CARTESIAN_POINT('',(2.521497907225,9.740487067958E-02));
#700 = CARTESIAN_POINT('',(2.57407010956,9.684869211383E-02));
#701 = CARTESIAN_POINT('',(2.626559284197,9.582941754602E-02));
#702 = CARTESIAN_POINT('',(2.678998206706,9.433273803685E-02));
#703 = CARTESIAN_POINT('',(2.713959302433,9.300518811686E-02));
#704 = CARTESIAN_POINT('',(2.731448170886,9.22562384516E-02));
#705 = ( GEOMETRIC_REPRESENTATION_CONTEXT(2) 
PARAMETRIC_REPRESENTATION_CONTEXT() REPRESENTATION_CONTEXT('2D SPACE',''
  ) );
#706 = ORIENTED_EDGE('',*,*,#470,.T.);
#707 = ORIENTED_EDGE('',*,*,#708,.T.);
#708 = EDGE_CURVE('',#471,#709,#711,.T.);
#709 = VERTEX_POINT('',#710);
#710 = CARTESIAN_POINT('',(-42.4,-34.9,-1.988685996664));
#711 = SURFACE_CURVE('',#712,(#717,#724),.PCURVE_S1.);
#712 = CIRCLE('',#713,1.);
#713 = AXIS2_PLACEMENT_3D('',#714,#715,#716);
#714 = CARTESIAN_POINT('',(-42.4,-34.75,-1.));
#715 = DIRECTION('',(-1.,0.,-3.153195929581E-32));
#716 = DIRECTION('',(-3.153195929581E-32,0.,1.));
#717 = PCURVE('',#258,#718);
#718 = DEFINITIONAL_REPRESENTATION('',(#719),#723);
#719 = LINE('',#720,#721);
#720 = CARTESIAN_POINT('',(3.926990816987,-17.45058752712));
#721 = VECTOR('',#722,1.);
#722 = DIRECTION('',(-1.,0.));
#723 = ( GEOMETRIC_REPRESENTATION_CONTEXT(2) 
PARAMETRIC_REPRESENTATION_CONTEXT() REPRESENTATION_CONTEXT('2D SPACE',''
  ) );
#724 = PCURVE('',#509,#725);
#725 = DEFINITIONAL_REPRESENTATION('',(#726),#730);
#726 = CIRCLE('',#727,1.);
#727 = AXIS2_PLACEMENT_2D('',#728,#729);
#728 = CARTESIAN_POINT('',(172.73675864966,-1.35));
#729 = DIRECTION('',(1.,0.));
#730 = ( GEOMETRIC_REPRESENTATION_CONTEXT(2) 
PARAMETRIC_REPRESENTATION_CONTEXT() REPRESENTATION_CONTEXT('2D SPACE',''
  ) );
#731 = ORIENTED_EDGE('',*,*,#732,.T.);
#732 = EDGE_CURVE('',#709,#733,#735,.T.);
#733 = VERTEX_POINT('',#734);
#734 = CARTESIAN_POINT('',(-26.4,-34.9,-1.988685996664));
#735 = SURFACE_CURVE('',#736,(#740,#747),.PCURVE_S1.);
#736 = LINE('',#737,#738);
#737 = CARTESIAN_POINT('',(-24.94941247288,-34.9,-1.988685996664));
#738 = VECTOR('',#739,1.);
#739 = DIRECTION('',(1.,8.904044307771E-17,3.626703379068E-32));
#740 = PCURVE('',#258,#741);
#741 = DEFINITIONAL_REPRESENTATION('',(#742),#746);
#742 = LINE('',#743,#744);
#743 = CARTESIAN_POINT('',(0.634829890621,3.552713678801E-15));
#744 = VECTOR('',#745,1.);
#745 = DIRECTION('',(-3.053113317719E-16,1.));
#746 = ( GEOMETRIC_REPRESENTATION_CONTEXT(2) 
PARAMETRIC_REPRESENTATION_CONTEXT() REPRESENTATION_CONTEXT('2D SPACE',''
  ) );
#747 = PCURVE('',#748,#753);
#748 = PLANE('',#749);
#749 = AXIS2_PLACEMENT_3D('',#750,#751,#752);
#750 = CARTESIAN_POINT('',(-34.4,-34.9,-173.7367586496));
#751 = DIRECTION('',(0.,1.,6.123233995737E-17));
#752 = DIRECTION('',(0.,-6.123233995737E-17,1.));
#753 = DEFINITIONAL_REPRESENTATION('',(#754),#758);
#754 = LINE('',#755,#756);
#755 = CARTESIAN_POINT('',(171.748072653,9.45058752712));
#756 = VECTOR('',#757,1.);
#757 = DIRECTION('',(3.08148791102E-32,1.));
#758 = ( GEOMETRIC_REPRESENTATION_CONTEXT(2) 
PARAMETRIC_REPRESENTATION_CONTEXT() REPRESENTATION_CONTEXT('2D SPACE',''
  ) );
#759 = ORIENTED_EDGE('',*,*,#760,.F.);
#760 = EDGE_CURVE('',#213,#733,#761,.T.);
#761 = SURFACE_CURVE('',#762,(#767,#774),.PCURVE_S1.);
#762 = CIRCLE('',#763,1.);
#763 = AXIS2_PLACEMENT_3D('',#764,#765,#766);
#764 = CARTESIAN_POINT('',(-26.4,-34.75,-1.));
#765 = DIRECTION('',(-1.,0.,-3.153195929581E-32));
#766 = DIRECTION('',(-3.153195929581E-32,0.,1.));
#767 = PCURVE('',#258,#768);
#768 = DEFINITIONAL_REPRESENTATION('',(#769),#773);
#769 = LINE('',#770,#771);
#770 = CARTESIAN_POINT('',(3.926990816987,-1.45058752712));
#771 = VECTOR('',#772,1.);
#772 = DIRECTION('',(-1.,0.));
#773 = ( GEOMETRIC_REPRESENTATION_CONTEXT(2) 
PARAMETRIC_REPRESENTATION_CONTEXT() REPRESENTATION_CONTEXT('2D SPACE',''
  ) );
#774 = PCURVE('',#230,#775);
#775 = DEFINITIONAL_REPRESENTATION('',(#776),#780);
#776 = CIRCLE('',#777,1.);
#777 = AXIS2_PLACEMENT_2D('',#778,#779);
#778 = CARTESIAN_POINT('',(172.73675864966,-1.35));
#779 = DIRECTION('',(1.,0.));
#780 = ( GEOMETRIC_REPRESENTATION_CONTEXT(2) 
PARAMETRIC_REPRESENTATION_CONTEXT() REPRESENTATION_CONTEXT('2D SPACE',''
  ) );
#781 = ADVANCED_FACE('',(#782,#813,#839,#865,#891,#917,#943,#1221),#795,
  .T.);
#782 = FACE_BOUND('',#783,.T.);
#783 = EDGE_LOOP('',(#784));
#784 = ORIENTED_EDGE('',*,*,#785,.F.);
#785 = EDGE_CURVE('',#786,#786,#788,.T.);
#786 = VERTEX_POINT('',#787);
#787 = CARTESIAN_POINT('',(-48.,-30.3,-4.));
#788 = SURFACE_CURVE('',#789,(#794,#806),.PCURVE_S1.);
#789 = CIRCLE('',#790,1.1);
#790 = AXIS2_PLACEMENT_3D('',#791,#792,#793);
#791 = CARTESIAN_POINT('',(-48.,-31.4,-4.));
#792 = DIRECTION('',(0.,6.123233995737E-17,-1.));
#793 = DIRECTION('',(0.,1.,6.123233995737E-17));
#794 = PCURVE('',#795,#800);
#795 = PLANE('',#796);
#796 = AXIS2_PLACEMENT_3D('',#797,#798,#799);
#797 = CARTESIAN_POINT('',(5.551115123126E-16,2.449293598295E-16,-4.));
#798 = DIRECTION('',(0.,6.123233995737E-17,-1.));
#799 = DIRECTION('',(-1.,0.,0.));
#800 = DEFINITIONAL_REPRESENTATION('',(#801),#805);
#801 = CIRCLE('',#802,1.1);
#802 = AXIS2_PLACEMENT_2D('',#803,#804);
#803 = CARTESIAN_POINT('',(48.,-31.4));
#804 = DIRECTION('',(0.,1.));
#805 = ( GEOMETRIC_REPRESENTATION_CONTEXT(2) 
PARAMETRIC_REPRESENTATION_CONTEXT() REPRESENTATION_CONTEXT('2D SPACE',''
  ) );
#806 = PCURVE('',#198,#807);
#807 = DEFINITIONAL_REPRESENTATION('',(#808),#812);
#808 = LINE('',#809,#810);
#809 = CARTESIAN_POINT('',(9.424777960769,166.53430108163));
#810 = VECTOR('',#811,1.);
#811 = DIRECTION('',(-1.,0.));
#812 = ( GEOMETRIC_REPRESENTATION_CONTEXT(2) 
PARAMETRIC_REPRESENTATION_CONTEXT() REPRESENTATION_CONTEXT('2D SPACE',''
  ) );
#813 = FACE_BOUND('',#814,.T.);
#814 = EDGE_LOOP('',(#815));
#815 = ORIENTED_EDGE('',*,*,#816,.F.);
#816 = EDGE_CURVE('',#817,#817,#819,.T.);
#817 = VERTEX_POINT('',#818);
#818 = CARTESIAN_POINT('',(48.,-30.3,-4.));
#819 = SURFACE_CURVE('',#820,(#825,#832),.PCURVE_S1.);
#820 = CIRCLE('',#821,1.1);
#821 = AXIS2_PLACEMENT_3D('',#822,#823,#824);
#822 = CARTESIAN_POINT('',(48.,-31.4,-4.));
#823 = DIRECTION('',(0.,6.123233995737E-17,-1.));
#824 = DIRECTION('',(0.,1.,6.123233995737E-17));
#825 = PCURVE('',#795,#826);
#826 = DEFINITIONAL_REPRESENTATION('',(#827),#831);
#827 = CIRCLE('',#828,1.1);
#828 = AXIS2_PLACEMENT_2D('',#829,#830);
#829 = CARTESIAN_POINT('',(-48.,-31.4));
#830 = DIRECTION('',(0.,1.));
#831 = ( GEOMETRIC_REPRESENTATION_CONTEXT(2) 
PARAMETRIC_REPRESENTATION_CONTEXT() REPRESENTATION_CONTEXT('2D SPACE',''
  ) );
#832 = PCURVE('',#167,#833);
#833 = DEFINITIONAL_REPRESENTATION('',(#834),#838);
#834 = LINE('',#835,#836);
#835 = CARTESIAN_POINT('',(9.424777960769,166.53430108163));
#836 = VECTOR('',#837,1.);
#837 = DIRECTION('',(-1.,0.));
#838 = ( GEOMETRIC_REPRESENTATION_CONTEXT(2) 
PARAMETRIC_REPRESENTATION_CONTEXT() REPRESENTATION_CONTEXT('2D SPACE',''
  ) );
#839 = FACE_BOUND('',#840,.T.);
#840 = EDGE_LOOP('',(#841));
#841 = ORIENTED_EDGE('',*,*,#842,.F.);
#842 = EDGE_CURVE('',#843,#843,#845,.T.);
#843 = VERTEX_POINT('',#844);
#844 = CARTESIAN_POINT('',(48.,32.5,-4.));
#845 = SURFACE_CURVE('',#846,(#851,#858),.PCURVE_S1.);
#846 = CIRCLE('',#847,1.1);
#847 = AXIS2_PLACEMENT_3D('',#848,#849,#850);
#848 = CARTESIAN_POINT('',(48.,31.4,-4.));
#849 = DIRECTION('',(0.,6.123233995737E-17,-1.));
#850 = DIRECTION('',(0.,1.,6.123233995737E-17));
#851 = PCURVE('',#795,#852);
#852 = DEFINITIONAL_REPRESENTATION('',(#853),#857);
#853 = CIRCLE('',#854,1.1);
#854 = AXIS2_PLACEMENT_2D('',#855,#856);
#855 = CARTESIAN_POINT('',(-48.,31.4));
#856 = DIRECTION('',(0.,1.));
#857 = ( GEOMETRIC_REPRESENTATION_CONTEXT(2) 
PARAMETRIC_REPRESENTATION_CONTEXT() REPRESENTATION_CONTEXT('2D SPACE',''
  ) );
#858 = PCURVE('',#136,#859);
#859 = DEFINITIONAL_REPRESENTATION('',(#860),#864);
#860 = LINE('',#861,#862);
#861 = CARTESIAN_POINT('',(9.424777960769,166.53430108163));
#862 = VECTOR('',#863,1.);
#863 = DIRECTION('',(-1.,0.));
#864 = ( GEOMETRIC_REPRESENTATION_CONTEXT(2) 
PARAMETRIC_REPRESENTATION_CONTEXT() REPRESENTATION_CONTEXT('2D SPACE',''
  ) );
#865 = FACE_BOUND('',#866,.T.);
#866 = EDGE_LOOP('',(#867));
#867 = ORIENTED_EDGE('',*,*,#868,.F.);
#868 = EDGE_CURVE('',#869,#869,#871,.T.);
#869 = VERTEX_POINT('',#870);
#870 = CARTESIAN_POINT('',(-15.5,32.5,-4.));
#871 = SURFACE_CURVE('',#872,(#877,#884),.PCURVE_S1.);
#872 = CIRCLE('',#873,1.1);
#873 = AXIS2_PLACEMENT_3D('',#874,#875,#876);
#874 = CARTESIAN_POINT('',(-15.5,31.4,-4.));
#875 = DIRECTION('',(0.,6.123233995737E-17,-1.));
#876 = DIRECTION('',(0.,1.,6.123233995737E-17));
#877 = PCURVE('',#795,#878);
#878 = DEFINITIONAL_REPRESENTATION('',(#879),#883);
#879 = CIRCLE('',#880,1.1);
#880 = AXIS2_PLACEMENT_2D('',#881,#882);
#881 = CARTESIAN_POINT('',(15.5,31.4));
#882 = DIRECTION('',(0.,1.));
#883 = ( GEOMETRIC_REPRESENTATION_CONTEXT(2) 
PARAMETRIC_REPRESENTATION_CONTEXT() REPRESENTATION_CONTEXT('2D SPACE',''
  ) );
#884 = PCURVE('',#105,#885);
#885 = DEFINITIONAL_REPRESENTATION('',(#886),#890);
#886 = LINE('',#887,#888);
#887 = CARTESIAN_POINT('',(9.424777960769,166.53430108163));
#888 = VECTOR('',#889,1.);
#889 = DIRECTION('',(-1.,0.));
#890 = ( GEOMETRIC_REPRESENTATION_CONTEXT(2) 
PARAMETRIC_REPRESENTATION_CONTEXT() REPRESENTATION_CONTEXT('2D SPACE',''
  ) );
#891 = FACE_BOUND('',#892,.T.);
#892 = EDGE_LOOP('',(#893));
#893 = ORIENTED_EDGE('',*,*,#894,.F.);
#894 = EDGE_CURVE('',#895,#895,#897,.T.);
#895 = VERTEX_POINT('',#896);
#896 = CARTESIAN_POINT('',(4.5,-27.4,-4.));
#897 = SURFACE_CURVE('',#898,(#903,#910),.PCURVE_S1.);
#898 = CIRCLE('',#899,1.1);
#899 = AXIS2_PLACEMENT_3D('',#900,#901,#902);
#900 = CARTESIAN_POINT('',(4.5,-28.5,-4.));
#901 = DIRECTION('',(0.,6.123233995737E-17,-1.));
#902 = DIRECTION('',(0.,1.,6.123233995737E-17));
#903 = PCURVE('',#795,#904);
#904 = DEFINITIONAL_REPRESENTATION('',(#905),#909);
#905 = CIRCLE('',#906,1.1);
#906 = AXIS2_PLACEMENT_2D('',#907,#908);
#907 = CARTESIAN_POINT('',(-4.5,-28.5));
#908 = DIRECTION('',(0.,1.));
#909 = ( GEOMETRIC_REPRESENTATION_CONTEXT(2) 
PARAMETRIC_REPRESENTATION_CONTEXT() REPRESENTATION_CONTEXT('2D SPACE',''
  ) );
#910 = PCURVE('',#74,#911);
#911 = DEFINITIONAL_REPRESENTATION('',(#912),#916);
#912 = LINE('',#913,#914);
#913 = CARTESIAN_POINT('',(9.424777960769,166.53430108163));
#914 = VECTOR('',#915,1.);
#915 = DIRECTION('',(-1.,0.));
#916 = ( GEOMETRIC_REPRESENTATION_CONTEXT(2) 
PARAMETRIC_REPRESENTATION_CONTEXT() REPRESENTATION_CONTEXT('2D SPACE',''
  ) );
#917 = FACE_BOUND('',#918,.T.);
#918 = EDGE_LOOP('',(#919));
#919 = ORIENTED_EDGE('',*,*,#920,.F.);
#920 = EDGE_CURVE('',#921,#921,#923,.T.);
#921 = VERTEX_POINT('',#922);
#922 = CARTESIAN_POINT('',(-48.,32.5,-4.));
#923 = SURFACE_CURVE('',#924,(#929,#936),.PCURVE_S1.);
#924 = CIRCLE('',#925,1.1);
#925 = AXIS2_PLACEMENT_3D('',#926,#927,#928);
#926 = CARTESIAN_POINT('',(-48.,31.4,-4.));
#927 = DIRECTION('',(0.,6.123233995737E-17,-1.));
#928 = DIRECTION('',(0.,1.,6.123233995737E-17));
#929 = PCURVE('',#795,#930);
#930 = DEFINITIONAL_REPRESENTATION('',(#931),#935);
#931 = CIRCLE('',#932,1.1);
#932 = AXIS2_PLACEMENT_2D('',#933,#934);
#933 = CARTESIAN_POINT('',(48.,31.4));
#934 = DIRECTION('',(0.,1.));
#935 = ( GEOMETRIC_REPRESENTATION_CONTEXT(2) 
PARAMETRIC_REPRESENTATION_CONTEXT() REPRESENTATION_CONTEXT('2D SPACE',''
  ) );
#936 = PCURVE('',#43,#937);
#937 = DEFINITIONAL_REPRESENTATION('',(#938),#942);
#938 = LINE('',#939,#940);
#939 = CARTESIAN_POINT('',(9.424777960769,166.53430108163));
#940 = VECTOR('',#941,1.);
#941 = DIRECTION('',(-1.,0.));
#942 = ( GEOMETRIC_REPRESENTATION_CONTEXT(2) 
PARAMETRIC_REPRESENTATION_CONTEXT() REPRESENTATION_CONTEXT('2D SPACE',''
  ) );
#943 = FACE_BOUND('',#944,.T.);
#944 = EDGE_LOOP('',(#945,#976,#1004,#1033,#1061,#1090,#1114,#1142,#1171
    ,#1195));
#945 = ORIENTED_EDGE('',*,*,#946,.F.);
#946 = EDGE_CURVE('',#947,#949,#951,.T.);
#947 = VERTEX_POINT('',#948);
#948 = CARTESIAN_POINT('',(-58.,-33.08493649053,-3.999999999999));
#949 = VERTEX_POINT('',#950);
#950 = CARTESIAN_POINT('',(-53.08493649053,-38.,-4.));
#951 = SURFACE_CURVE('',#952,(#957,#964),.PCURVE_S1.);
#952 = CIRCLE('',#953,3.500000000002);
#953 = AXIS2_PLACEMENT_3D('',#954,#955,#956);
#954 = CARTESIAN_POINT('',(-55.25,-35.25,-3.999999999998));
#955 = DIRECTION('',(0.,6.123233995737E-17,-1.));
#956 = DIRECTION('',(-1.,0.,0.));
#957 = PCURVE('',#795,#958);
#958 = DEFINITIONAL_REPRESENTATION('',(#959),#963);
#959 = CIRCLE('',#960,3.500000000002);
#960 = AXIS2_PLACEMENT_2D('',#961,#962);
#961 = CARTESIAN_POINT('',(55.25,-35.25));
#962 = DIRECTION('',(1.,0.));
#963 = ( GEOMETRIC_REPRESENTATION_CONTEXT(2) 
PARAMETRIC_REPRESENTATION_CONTEXT() REPRESENTATION_CONTEXT('2D SPACE',''
  ) );
#964 = PCURVE('',#965,#970);
#965 = CONICAL_SURFACE('',#966,2.75,0.71558499332);
#966 = AXIS2_PLACEMENT_3D('',#967,#968,#969);
#967 = CARTESIAN_POINT('',(-55.25,-35.25,-3.137223694584));
#968 = DIRECTION('',(0.,6.123233995737E-17,-1.));
#969 = DIRECTION('',(-1.,0.,0.));
#970 = DEFINITIONAL_REPRESENTATION('',(#971),#975);
#971 = LINE('',#972,#973);
#972 = CARTESIAN_POINT('',(8.881784197001E-16,0.862776305414));
#973 = VECTOR('',#974,1.);
#974 = DIRECTION('',(1.,3.968136735888E-16));
#975 = ( GEOMETRIC_REPRESENTATION_CONTEXT(2) 
PARAMETRIC_REPRESENTATION_CONTEXT() REPRESENTATION_CONTEXT('2D SPACE',''
  ) );
#976 = ORIENTED_EDGE('',*,*,#977,.F.);
#977 = EDGE_CURVE('',#978,#947,#980,.T.);
#978 = VERTEX_POINT('',#979);
#979 = CARTESIAN_POINT('',(-58.,33.084936490535,-4.));
#980 = SURFACE_CURVE('',#981,(#985,#992),.PCURVE_S1.);
#981 = LINE('',#982,#983);
#982 = CARTESIAN_POINT('',(-58.,17.5,-4.));
#983 = VECTOR('',#984,1.);
#984 = DIRECTION('',(0.,-1.,-6.123233995737E-17));
#985 = PCURVE('',#795,#986);
#986 = DEFINITIONAL_REPRESENTATION('',(#987),#991);
#987 = LINE('',#988,#989);
#988 = CARTESIAN_POINT('',(58.,17.5));
#989 = VECTOR('',#990,1.);
#990 = DIRECTION('',(-0.,-1.));
#991 = ( GEOMETRIC_REPRESENTATION_CONTEXT(2) 
PARAMETRIC_REPRESENTATION_CONTEXT() REPRESENTATION_CONTEXT('2D SPACE',''
  ) );
#992 = PCURVE('',#993,#998);
#993 = CYLINDRICAL_SURFACE('',#994,2.);
#994 = AXIS2_PLACEMENT_3D('',#995,#996,#997);
#995 = CARTESIAN_POINT('',(-58.,17.5,-2.));
#996 = DIRECTION('',(0.,-1.,-6.123233995737E-17));
#997 = DIRECTION('',(-0.707106781187,4.329780281177E-17,-0.707106781187)
  );
#998 = DEFINITIONAL_REPRESENTATION('',(#999),#1003);
#999 = LINE('',#1000,#1001);
#1000 = CARTESIAN_POINT('',(0.785398163397,0.));
#1001 = VECTOR('',#1002,1.);
#1002 = DIRECTION('',(0.,1.));
#1003 = ( GEOMETRIC_REPRESENTATION_CONTEXT(2) 
PARAMETRIC_REPRESENTATION_CONTEXT() REPRESENTATION_CONTEXT('2D SPACE',''
  ) );
#1004 = ORIENTED_EDGE('',*,*,#1005,.F.);
#1005 = EDGE_CURVE('',#1006,#978,#1008,.T.);
#1006 = VERTEX_POINT('',#1007);
#1007 = CARTESIAN_POINT('',(-53.08493649053,38.,-3.999999999999));
#1008 = SURFACE_CURVE('',#1009,(#1014,#1021),.PCURVE_S1.);
#1009 = CIRCLE('',#1010,3.500000000002);
#1010 = AXIS2_PLACEMENT_3D('',#1011,#1012,#1013);
#1011 = CARTESIAN_POINT('',(-55.25,35.25,-3.999999999998));
#1012 = DIRECTION('',(0.,6.123233995737E-17,-1.));
#1013 = DIRECTION('',(-1.,0.,0.));
#1014 = PCURVE('',#795,#1015);
#1015 = DEFINITIONAL_REPRESENTATION('',(#1016),#1020);
#1016 = CIRCLE('',#1017,3.500000000002);
#1017 = AXIS2_PLACEMENT_2D('',#1018,#1019);
#1018 = CARTESIAN_POINT('',(55.25,35.25));
#1019 = DIRECTION('',(1.,0.));
#1020 = ( GEOMETRIC_REPRESENTATION_CONTEXT(2) 
PARAMETRIC_REPRESENTATION_CONTEXT() REPRESENTATION_CONTEXT('2D SPACE',''
  ) );
#1021 = PCURVE('',#1022,#1027);
#1022 = CONICAL_SURFACE('',#1023,2.75,0.71558499332);
#1023 = AXIS2_PLACEMENT_3D('',#1024,#1025,#1026);
#1024 = CARTESIAN_POINT('',(-55.25,35.25,-3.137223694584));
#1025 = DIRECTION('',(0.,6.123233995737E-17,-1.));
#1026 = DIRECTION('',(-1.,0.,0.));
#1027 = DEFINITIONAL_REPRESENTATION('',(#1028),#1032);
#1028 = LINE('',#1029,#1030);
#1029 = CARTESIAN_POINT('',(0.,0.862776305414));
#1030 = VECTOR('',#1031,1.);
#1031 = DIRECTION('',(1.,4.464153827874E-16));
#1032 = ( GEOMETRIC_REPRESENTATION_CONTEXT(2) 
PARAMETRIC_REPRESENTATION_CONTEXT() REPRESENTATION_CONTEXT('2D SPACE',''
  ) );
#1033 = ORIENTED_EDGE('',*,*,#1034,.F.);
#1034 = EDGE_CURVE('',#1035,#1006,#1037,.T.);
#1035 = VERTEX_POINT('',#1036);
#1036 = CARTESIAN_POINT('',(53.084936490535,38.000000000001,-4.));
#1037 = SURFACE_CURVE('',#1038,(#1042,#1049),.PCURVE_S1.);
#1038 = LINE('',#1039,#1040);
#1039 = CARTESIAN_POINT('',(2.775557561563E-16,38.,-4.));
#1040 = VECTOR('',#1041,1.);
#1041 = DIRECTION('',(-1.,0.,0.));
#1042 = PCURVE('',#795,#1043);
#1043 = DEFINITIONAL_REPRESENTATION('',(#1044),#1048);
#1044 = LINE('',#1045,#1046);
#1045 = CARTESIAN_POINT('',(2.775557561563E-16,38.));
#1046 = VECTOR('',#1047,1.);
#1047 = DIRECTION('',(1.,0.));
#1048 = ( GEOMETRIC_REPRESENTATION_CONTEXT(2) 
PARAMETRIC_REPRESENTATION_CONTEXT() REPRESENTATION_CONTEXT('2D SPACE',''
  ) );
#1049 = PCURVE('',#1050,#1055);
#1050 = CYLINDRICAL_SURFACE('',#1051,2.);
#1051 = AXIS2_PLACEMENT_3D('',#1052,#1053,#1054);
#1052 = CARTESIAN_POINT('',(2.775557561563E-16,38.,-2.));
#1053 = DIRECTION('',(-1.,0.,0.));
#1054 = DIRECTION('',(0.,0.707106781187,-0.707106781187));
#1055 = DEFINITIONAL_REPRESENTATION('',(#1056),#1060);
#1056 = LINE('',#1057,#1058);
#1057 = CARTESIAN_POINT('',(0.785398163397,0.));
#1058 = VECTOR('',#1059,1.);
#1059 = DIRECTION('',(0.,1.));
#1060 = ( GEOMETRIC_REPRESENTATION_CONTEXT(2) 
PARAMETRIC_REPRESENTATION_CONTEXT() REPRESENTATION_CONTEXT('2D SPACE',''
  ) );
#1061 = ORIENTED_EDGE('',*,*,#1062,.F.);
#1062 = EDGE_CURVE('',#1063,#1035,#1065,.T.);
#1063 = VERTEX_POINT('',#1064);
#1064 = CARTESIAN_POINT('',(51.749999999998,35.25,-3.999999999998));
#1065 = SURFACE_CURVE('',#1066,(#1071,#1078),.PCURVE_S1.);
#1066 = CIRCLE('',#1067,3.500000000002);
#1067 = AXIS2_PLACEMENT_3D('',#1068,#1069,#1070);
#1068 = CARTESIAN_POINT('',(55.25,35.25,-3.999999999998));
#1069 = DIRECTION('',(0.,6.123233995737E-17,-1.));
#1070 = DIRECTION('',(-1.,0.,0.));
#1071 = PCURVE('',#795,#1072);
#1072 = DEFINITIONAL_REPRESENTATION('',(#1073),#1077);
#1073 = CIRCLE('',#1074,3.500000000002);
#1074 = AXIS2_PLACEMENT_2D('',#1075,#1076);
#1075 = CARTESIAN_POINT('',(-55.25,35.25));
#1076 = DIRECTION('',(1.,0.));
#1077 = ( GEOMETRIC_REPRESENTATION_CONTEXT(2) 
PARAMETRIC_REPRESENTATION_CONTEXT() REPRESENTATION_CONTEXT('2D SPACE',''
  ) );
#1078 = PCURVE('',#1079,#1084);
#1079 = CONICAL_SURFACE('',#1080,2.75,0.71558499332);
#1080 = AXIS2_PLACEMENT_3D('',#1081,#1082,#1083);
#1081 = CARTESIAN_POINT('',(55.25,35.25,-3.137223694584));
#1082 = DIRECTION('',(0.,6.123233995737E-17,-1.));
#1083 = DIRECTION('',(-1.,0.,0.));
#1084 = DEFINITIONAL_REPRESENTATION('',(#1085),#1089);
#1085 = LINE('',#1086,#1087);
#1086 = CARTESIAN_POINT('',(-6.28318530718,0.862776305414));
#1087 = VECTOR('',#1088,1.);
#1088 = DIRECTION('',(1.,-4.464153827874E-16));
#1089 = ( GEOMETRIC_REPRESENTATION_CONTEXT(2) 
PARAMETRIC_REPRESENTATION_CONTEXT() REPRESENTATION_CONTEXT('2D SPACE',''
  ) );
#1090 = ORIENTED_EDGE('',*,*,#1091,.F.);
#1091 = EDGE_CURVE('',#1092,#1063,#1094,.T.);
#1092 = VERTEX_POINT('',#1093);
#1093 = CARTESIAN_POINT('',(58.,33.084936490534,-3.999999999999));
#1094 = SURFACE_CURVE('',#1095,(#1100,#1107),.PCURVE_S1.);
#1095 = CIRCLE('',#1096,3.500000000002);
#1096 = AXIS2_PLACEMENT_3D('',#1097,#1098,#1099);
#1097 = CARTESIAN_POINT('',(55.25,35.25,-3.999999999998));
#1098 = DIRECTION('',(0.,6.123233995737E-17,-1.));
#1099 = DIRECTION('',(-1.,0.,0.));
#1100 = PCURVE('',#795,#1101);
#1101 = DEFINITIONAL_REPRESENTATION('',(#1102),#1106);
#1102 = CIRCLE('',#1103,3.500000000002);
#1103 = AXIS2_PLACEMENT_2D('',#1104,#1105);
#1104 = CARTESIAN_POINT('',(-55.25,35.25));
#1105 = DIRECTION('',(1.,0.));
#1106 = ( GEOMETRIC_REPRESENTATION_CONTEXT(2) 
PARAMETRIC_REPRESENTATION_CONTEXT() REPRESENTATION_CONTEXT('2D SPACE',''
  ) );
#1107 = PCURVE('',#1079,#1108);
#1108 = DEFINITIONAL_REPRESENTATION('',(#1109),#1113);
#1109 = LINE('',#1110,#1111);
#1110 = CARTESIAN_POINT('',(0.,0.862776305414));
#1111 = VECTOR('',#1112,1.);
#1112 = DIRECTION('',(1.,-4.464153827874E-16));
#1113 = ( GEOMETRIC_REPRESENTATION_CONTEXT(2) 
PARAMETRIC_REPRESENTATION_CONTEXT() REPRESENTATION_CONTEXT('2D SPACE',''
  ) );
#1114 = ORIENTED_EDGE('',*,*,#1115,.F.);
#1115 = EDGE_CURVE('',#1116,#1092,#1118,.T.);
#1116 = VERTEX_POINT('',#1117);
#1117 = CARTESIAN_POINT('',(58.000000000001,-33.08493649053,-4.));
#1118 = SURFACE_CURVE('',#1119,(#1123,#1130),.PCURVE_S1.);
#1119 = LINE('',#1120,#1121);
#1120 = CARTESIAN_POINT('',(58.,2.449293598295E-16,-4.));
#1121 = VECTOR('',#1122,1.);
#1122 = DIRECTION('',(0.,1.,6.123233995737E-17));
#1123 = PCURVE('',#795,#1124);
#1124 = DEFINITIONAL_REPRESENTATION('',(#1125),#1129);
#1125 = LINE('',#1126,#1127);
#1126 = CARTESIAN_POINT('',(-58.,0.));
#1127 = VECTOR('',#1128,1.);
#1128 = DIRECTION('',(0.,1.));
#1129 = ( GEOMETRIC_REPRESENTATION_CONTEXT(2) 
PARAMETRIC_REPRESENTATION_CONTEXT() REPRESENTATION_CONTEXT('2D SPACE',''
  ) );
#1130 = PCURVE('',#1131,#1136);
#1131 = CYLINDRICAL_SURFACE('',#1132,2.);
#1132 = AXIS2_PLACEMENT_3D('',#1133,#1134,#1135);
#1133 = CARTESIAN_POINT('',(58.,1.224646799147E-16,-2.));
#1134 = DIRECTION('',(0.,1.,6.123233995737E-17));
#1135 = DIRECTION('',(0.707106781187,4.329780281177E-17,-0.707106781187)
  );
#1136 = DEFINITIONAL_REPRESENTATION('',(#1137),#1141);
#1137 = LINE('',#1138,#1139);
#1138 = CARTESIAN_POINT('',(0.785398163397,0.));
#1139 = VECTOR('',#1140,1.);
#1140 = DIRECTION('',(-3.859026535185E-17,1.));
#1141 = ( GEOMETRIC_REPRESENTATION_CONTEXT(2) 
PARAMETRIC_REPRESENTATION_CONTEXT() REPRESENTATION_CONTEXT('2D SPACE',''
  ) );
#1142 = ORIENTED_EDGE('',*,*,#1143,.F.);
#1143 = EDGE_CURVE('',#1144,#1116,#1146,.T.);
#1144 = VERTEX_POINT('',#1145);
#1145 = CARTESIAN_POINT('',(51.749999999998,-35.25,-3.999999999998));
#1146 = SURFACE_CURVE('',#1147,(#1152,#1159),.PCURVE_S1.);
#1147 = CIRCLE('',#1148,3.500000000002);
#1148 = AXIS2_PLACEMENT_3D('',#1149,#1150,#1151);
#1149 = CARTESIAN_POINT('',(55.25,-35.25,-3.999999999998));
#1150 = DIRECTION('',(0.,6.123233995737E-17,-1.));
#1151 = DIRECTION('',(-1.,0.,0.));
#1152 = PCURVE('',#795,#1153);
#1153 = DEFINITIONAL_REPRESENTATION('',(#1154),#1158);
#1154 = CIRCLE('',#1155,3.500000000002);
#1155 = AXIS2_PLACEMENT_2D('',#1156,#1157);
#1156 = CARTESIAN_POINT('',(-55.25,-35.25));
#1157 = DIRECTION('',(1.,0.));
#1158 = ( GEOMETRIC_REPRESENTATION_CONTEXT(2) 
PARAMETRIC_REPRESENTATION_CONTEXT() REPRESENTATION_CONTEXT('2D SPACE',''
  ) );
#1159 = PCURVE('',#1160,#1165);
#1160 = CONICAL_SURFACE('',#1161,2.75,0.71558499332);
#1161 = AXIS2_PLACEMENT_3D('',#1162,#1163,#1164);
#1162 = CARTESIAN_POINT('',(55.25,-35.25,-3.137223694584));
#1163 = DIRECTION('',(0.,6.123233995737E-17,-1.));
#1164 = DIRECTION('',(-1.,0.,0.));
#1165 = DEFINITIONAL_REPRESENTATION('',(#1166),#1170);
#1166 = LINE('',#1167,#1168);
#1167 = CARTESIAN_POINT('',(-6.28318530718,0.862776305414));
#1168 = VECTOR('',#1169,1.);
#1169 = DIRECTION('',(1.,-1.488051275958E-16));
#1170 = ( GEOMETRIC_REPRESENTATION_CONTEXT(2) 
PARAMETRIC_REPRESENTATION_CONTEXT() REPRESENTATION_CONTEXT('2D SPACE',''
  ) );
#1171 = ORIENTED_EDGE('',*,*,#1172,.F.);
#1172 = EDGE_CURVE('',#1173,#1144,#1175,.T.);
#1173 = VERTEX_POINT('',#1174);
#1174 = CARTESIAN_POINT('',(53.084936490534,-38.,-3.999999999999));
#1175 = SURFACE_CURVE('',#1176,(#1181,#1188),.PCURVE_S1.);
#1176 = CIRCLE('',#1177,3.500000000002);
#1177 = AXIS2_PLACEMENT_3D('',#1178,#1179,#1180);
#1178 = CARTESIAN_POINT('',(55.25,-35.25,-3.999999999998));
#1179 = DIRECTION('',(0.,6.123233995737E-17,-1.));
#1180 = DIRECTION('',(-1.,0.,0.));
#1181 = PCURVE('',#795,#1182);
#1182 = DEFINITIONAL_REPRESENTATION('',(#1183),#1187);
#1183 = CIRCLE('',#1184,3.500000000002);
#1184 = AXIS2_PLACEMENT_2D('',#1185,#1186);
#1185 = CARTESIAN_POINT('',(-55.25,-35.25));
#1186 = DIRECTION('',(1.,0.));
#1187 = ( GEOMETRIC_REPRESENTATION_CONTEXT(2) 
PARAMETRIC_REPRESENTATION_CONTEXT() REPRESENTATION_CONTEXT('2D SPACE',''
  ) );
#1188 = PCURVE('',#1160,#1189);
#1189 = DEFINITIONAL_REPRESENTATION('',(#1190),#1194);
#1190 = LINE('',#1191,#1192);
#1191 = CARTESIAN_POINT('',(0.,0.862776305414));
#1192 = VECTOR('',#1193,1.);
#1193 = DIRECTION('',(1.,-1.488051275958E-16));
#1194 = ( GEOMETRIC_REPRESENTATION_CONTEXT(2) 
PARAMETRIC_REPRESENTATION_CONTEXT() REPRESENTATION_CONTEXT('2D SPACE',''
  ) );
#1195 = ORIENTED_EDGE('',*,*,#1196,.F.);
#1196 = EDGE_CURVE('',#949,#1173,#1197,.T.);
#1197 = SURFACE_CURVE('',#1198,(#1202,#1209),.PCURVE_S1.);
#1198 = LINE('',#1199,#1200);
#1199 = CARTESIAN_POINT('',(-27.5,-38.,-4.));
#1200 = VECTOR('',#1201,1.);
#1201 = DIRECTION('',(1.,0.,0.));
#1202 = PCURVE('',#795,#1203);
#1203 = DEFINITIONAL_REPRESENTATION('',(#1204),#1208);
#1204 = LINE('',#1205,#1206);
#1205 = CARTESIAN_POINT('',(27.5,-38.));
#1206 = VECTOR('',#1207,1.);
#1207 = DIRECTION('',(-1.,0.));
#1208 = ( GEOMETRIC_REPRESENTATION_CONTEXT(2) 
PARAMETRIC_REPRESENTATION_CONTEXT() REPRESENTATION_CONTEXT('2D SPACE',''
  ) );
#1209 = PCURVE('',#1210,#1215);
#1210 = CYLINDRICAL_SURFACE('',#1211,2.);
#1211 = AXIS2_PLACEMENT_3D('',#1212,#1213,#1214);
#1212 = CARTESIAN_POINT('',(-27.5,-38.,-2.));
#1213 = DIRECTION('',(1.,0.,0.));
#1214 = DIRECTION('',(0.,-0.707106781187,-0.707106781187));
#1215 = DEFINITIONAL_REPRESENTATION('',(#1216),#1220);
#1216 = LINE('',#1217,#1218);
#1217 = CARTESIAN_POINT('',(0.785398163397,0.));
#1218 = VECTOR('',#1219,1.);
#1219 = DIRECTION('',(0.,1.));
#1220 = ( GEOMETRIC_REPRESENTATION_CONTEXT(2) 
PARAMETRIC_REPRESENTATION_CONTEXT() REPRESENTATION_CONTEXT('2D SPACE',''
  ) );
#1221 = FACE_BOUND('',#1222,.T.);
#1222 = EDGE_LOOP('',(#1223,#1248,#1271,#1294));
#1223 = ORIENTED_EDGE('',*,*,#1224,.T.);
#1224 = EDGE_CURVE('',#1225,#1227,#1229,.T.);
#1225 = VERTEX_POINT('',#1226);
#1226 = CARTESIAN_POINT('',(-42.4,-34.9,-4.));
#1227 = VERTEX_POINT('',#1228);
#1228 = CARTESIAN_POINT('',(-26.4,-34.9,-4.));
#1229 = SURFACE_CURVE('',#1230,(#1234,#1241),.PCURVE_S1.);
#1230 = LINE('',#1231,#1232);
#1231 = CARTESIAN_POINT('',(5.551115123126E-16,-34.9,-4.));
#1232 = VECTOR('',#1233,1.);
#1233 = DIRECTION('',(1.,0.,0.));
#1234 = PCURVE('',#795,#1235);
#1235 = DEFINITIONAL_REPRESENTATION('',(#1236),#1240);
#1236 = LINE('',#1237,#1238);
#1237 = CARTESIAN_POINT('',(-0.,-34.9));
#1238 = VECTOR('',#1239,1.);
#1239 = DIRECTION('',(-1.,0.));
#1240 = ( GEOMETRIC_REPRESENTATION_CONTEXT(2) 
PARAMETRIC_REPRESENTATION_CONTEXT() REPRESENTATION_CONTEXT('2D SPACE',''
  ) );
#1241 = PCURVE('',#748,#1242);
#1242 = DEFINITIONAL_REPRESENTATION('',(#1243),#1247);
#1243 = LINE('',#1244,#1245);
#1244 = CARTESIAN_POINT('',(169.73675864966,34.4));
#1245 = VECTOR('',#1246,1.);
#1246 = DIRECTION('',(0.,1.));
#1247 = ( GEOMETRIC_REPRESENTATION_CONTEXT(2) 
PARAMETRIC_REPRESENTATION_CONTEXT() REPRESENTATION_CONTEXT('2D SPACE',''
  ) );
#1248 = ORIENTED_EDGE('',*,*,#1249,.T.);
#1249 = EDGE_CURVE('',#1227,#1250,#1252,.T.);
#1250 = VERTEX_POINT('',#1251);
#1251 = CARTESIAN_POINT('',(-26.4,-31.9,-4.));
#1252 = SURFACE_CURVE('',#1253,(#1257,#1264),.PCURVE_S1.);
#1253 = LINE('',#1254,#1255);
#1254 = CARTESIAN_POINT('',(-26.4,2.449293598295E-16,-4.));
#1255 = VECTOR('',#1256,1.);
#1256 = DIRECTION('',(-1.930775651123E-48,1.,6.123233995737E-17));
#1257 = PCURVE('',#795,#1258);
#1258 = DEFINITIONAL_REPRESENTATION('',(#1259),#1263);
#1259 = LINE('',#1260,#1261);
#1260 = CARTESIAN_POINT('',(26.4,0.));
#1261 = VECTOR('',#1262,1.);
#1262 = DIRECTION('',(1.930775651123E-48,1.));
#1263 = ( GEOMETRIC_REPRESENTATION_CONTEXT(2) 
PARAMETRIC_REPRESENTATION_CONTEXT() REPRESENTATION_CONTEXT('2D SPACE',''
  ) );
#1264 = PCURVE('',#230,#1265);
#1265 = DEFINITIONAL_REPRESENTATION('',(#1266),#1270);
#1266 = LINE('',#1267,#1268);
#1267 = CARTESIAN_POINT('',(169.73675864966,33.4));
#1268 = VECTOR('',#1269,1.);
#1269 = DIRECTION('',(6.123233995737E-17,1.));
#1270 = ( GEOMETRIC_REPRESENTATION_CONTEXT(2) 
PARAMETRIC_REPRESENTATION_CONTEXT() REPRESENTATION_CONTEXT('2D SPACE',''
  ) );
#1271 = ORIENTED_EDGE('',*,*,#1272,.F.);
#1272 = EDGE_CURVE('',#1273,#1250,#1275,.T.);
#1273 = VERTEX_POINT('',#1274);
#1274 = CARTESIAN_POINT('',(-42.4,-31.9,-4.));
#1275 = SURFACE_CURVE('',#1276,(#1280,#1287),.PCURVE_S1.);
#1276 = LINE('',#1277,#1278);
#1277 = CARTESIAN_POINT('',(5.551115123126E-16,-31.9,-4.));
#1278 = VECTOR('',#1279,1.);
#1279 = DIRECTION('',(1.,0.,0.));
#1280 = PCURVE('',#795,#1281);
#1281 = DEFINITIONAL_REPRESENTATION('',(#1282),#1286);
#1282 = LINE('',#1283,#1284);
#1283 = CARTESIAN_POINT('',(-0.,-31.9));
#1284 = VECTOR('',#1285,1.);
#1285 = DIRECTION('',(-1.,0.));
#1286 = ( GEOMETRIC_REPRESENTATION_CONTEXT(2) 
PARAMETRIC_REPRESENTATION_CONTEXT() REPRESENTATION_CONTEXT('2D SPACE',''
  ) );
#1287 = PCURVE('',#535,#1288);
#1288 = DEFINITIONAL_REPRESENTATION('',(#1289),#1293);
#1289 = LINE('',#1290,#1291);
#1290 = CARTESIAN_POINT('',(169.73675864966,34.4));
#1291 = VECTOR('',#1292,1.);
#1292 = DIRECTION('',(0.,1.));
#1293 = ( GEOMETRIC_REPRESENTATION_CONTEXT(2) 
PARAMETRIC_REPRESENTATION_CONTEXT() REPRESENTATION_CONTEXT('2D SPACE',''
  ) );
#1294 = ORIENTED_EDGE('',*,*,#1295,.F.);
#1295 = EDGE_CURVE('',#1225,#1273,#1296,.T.);
#1296 = SURFACE_CURVE('',#1297,(#1301,#1308),.PCURVE_S1.);
#1297 = LINE('',#1298,#1299);
#1298 = CARTESIAN_POINT('',(-42.4,2.449293598295E-16,-4.));
#1299 = VECTOR('',#1300,1.);
#1300 = DIRECTION('',(-1.930775651123E-48,1.,6.123233995737E-17));
#1301 = PCURVE('',#795,#1302);
#1302 = DEFINITIONAL_REPRESENTATION('',(#1303),#1307);
#1303 = LINE('',#1304,#1305);
#1304 = CARTESIAN_POINT('',(42.4,0.));
#1305 = VECTOR('',#1306,1.);
#1306 = DIRECTION('',(1.930775651123E-48,1.));
#1307 = ( GEOMETRIC_REPRESENTATION_CONTEXT(2) 
PARAMETRIC_REPRESENTATION_CONTEXT() REPRESENTATION_CONTEXT('2D SPACE',''
  ) );
#1308 = PCURVE('',#509,#1309);
#1309 = DEFINITIONAL_REPRESENTATION('',(#1310),#1314);
#1310 = LINE('',#1311,#1312);
#1311 = CARTESIAN_POINT('',(169.73675864966,33.4));
#1312 = VECTOR('',#1313,1.);
#1313 = DIRECTION('',(6.123233995737E-17,1.));
#1314 = ( GEOMETRIC_REPRESENTATION_CONTEXT(2) 
PARAMETRIC_REPRESENTATION_CONTEXT() REPRESENTATION_CONTEXT('2D SPACE',''
  ) );
#1315 = ADVANCED_FACE('',(#1316),#1330,.F.);
#1316 = FACE_BOUND('',#1317,.F.);
#1317 = EDGE_LOOP('',(#1318,#1353,#1382,#1410));
#1318 = ORIENTED_EDGE('',*,*,#1319,.F.);
#1319 = EDGE_CURVE('',#1320,#1322,#1324,.T.);
#1320 = VERTEX_POINT('',#1321);
#1321 = CARTESIAN_POINT('',(-55.87482339034,29.399999999999,2.));
#1322 = VERTEX_POINT('',#1323);
#1323 = CARTESIAN_POINT('',(-55.87482339034,29.399999999999,-1.));
#1324 = SURFACE_CURVE('',#1325,(#1329,#1341),.PCURVE_S1.);
#1325 = LINE('',#1326,#1327);
#1326 = CARTESIAN_POINT('',(-55.87482339034,29.399999999999,2.));
#1327 = VECTOR('',#1328,1.);
#1328 = DIRECTION('',(0.,6.123233995737E-17,-1.));
#1329 = PCURVE('',#1330,#1335);
#1330 = CYLINDRICAL_SURFACE('',#1331,0.4);
#1331 = AXIS2_PLACEMENT_3D('',#1332,#1333,#1334);
#1332 = CARTESIAN_POINT('',(-55.47482339034,29.399999999999,2.));
#1333 = DIRECTION('',(0.,6.123233995737E-17,-1.));
#1334 = DIRECTION('',(-0.707106781187,0.707106781187,4.329780281178E-17)
  );
#1335 = DEFINITIONAL_REPRESENTATION('',(#1336),#1340);
#1336 = LINE('',#1337,#1338);
#1337 = CARTESIAN_POINT('',(5.497787143782,0.));
#1338 = VECTOR('',#1339,1.);
#1339 = DIRECTION('',(0.,1.));
#1340 = ( GEOMETRIC_REPRESENTATION_CONTEXT(2) 
PARAMETRIC_REPRESENTATION_CONTEXT() REPRESENTATION_CONTEXT('2D SPACE',''
  ) );
#1341 = PCURVE('',#1342,#1347);
#1342 = PLANE('',#1343);
#1343 = AXIS2_PLACEMENT_3D('',#1344,#1345,#1346);
#1344 = CARTESIAN_POINT('',(-55.87482339034,29.8,2.));
#1345 = DIRECTION('',(-1.,4.887961772846E-14,2.993013369735E-30));
#1346 = DIRECTION('',(-1.401298464325E-45,-6.123233995737E-17,1.));
#1347 = DEFINITIONAL_REPRESENTATION('',(#1348),#1352);
#1348 = LINE('',#1349,#1350);
#1349 = CARTESIAN_POINT('',(2.449293598301E-17,-0.400000000001));
#1350 = VECTOR('',#1351,1.);
#1351 = DIRECTION('',(-1.,0.));
#1352 = ( GEOMETRIC_REPRESENTATION_CONTEXT(2) 
PARAMETRIC_REPRESENTATION_CONTEXT() REPRESENTATION_CONTEXT('2D SPACE',''
  ) );
#1353 = ORIENTED_EDGE('',*,*,#1354,.T.);
#1354 = EDGE_CURVE('',#1320,#1355,#1357,.T.);
#1355 = VERTEX_POINT('',#1356);
#1356 = CARTESIAN_POINT('',(-55.47482339034,29.799999999999,2.));
#1357 = SURFACE_CURVE('',#1358,(#1363,#1370),.PCURVE_S1.);
#1358 = CIRCLE('',#1359,0.4);
#1359 = AXIS2_PLACEMENT_3D('',#1360,#1361,#1362);
#1360 = CARTESIAN_POINT('',(-55.47482339034,29.399999999999,2.));
#1361 = DIRECTION('',(0.,6.123233995737E-17,-1.));
#1362 = DIRECTION('',(-1.,0.,0.));
#1363 = PCURVE('',#1330,#1364);
#1364 = DEFINITIONAL_REPRESENTATION('',(#1365),#1369);
#1365 = LINE('',#1366,#1367);
#1366 = CARTESIAN_POINT('',(5.497787143782,0.));
#1367 = VECTOR('',#1368,1.);
#1368 = DIRECTION('',(1.,0.));
#1369 = ( GEOMETRIC_REPRESENTATION_CONTEXT(2) 
PARAMETRIC_REPRESENTATION_CONTEXT() REPRESENTATION_CONTEXT('2D SPACE',''
  ) );
#1370 = PCURVE('',#1371,#1376);
#1371 = PLANE('',#1372);
#1372 = AXIS2_PLACEMENT_3D('',#1373,#1374,#1375);
#1373 = CARTESIAN_POINT('',(-2.385062963887E-02,-2.445796969146E-13,2.)
  );
#1374 = DIRECTION('',(0.,6.123233995737E-17,-1.));
#1375 = DIRECTION('',(-1.,0.,0.));
#1376 = DEFINITIONAL_REPRESENTATION('',(#1377),#1381);
#1377 = CIRCLE('',#1378,0.4);
#1378 = AXIS2_PLACEMENT_2D('',#1379,#1380);
#1379 = CARTESIAN_POINT('',(55.450972760709,29.399999999999));
#1380 = DIRECTION('',(1.,0.));
#1381 = ( GEOMETRIC_REPRESENTATION_CONTEXT(2) 
PARAMETRIC_REPRESENTATION_CONTEXT() REPRESENTATION_CONTEXT('2D SPACE',''
  ) );
#1382 = ORIENTED_EDGE('',*,*,#1383,.T.);
#1383 = EDGE_CURVE('',#1355,#1384,#1386,.T.);
#1384 = VERTEX_POINT('',#1385);
#1385 = CARTESIAN_POINT('',(-55.47482339034,29.799999999999,-1.));
#1386 = SURFACE_CURVE('',#1387,(#1391,#1398),.PCURVE_S1.);
#1387 = LINE('',#1388,#1389);
#1388 = CARTESIAN_POINT('',(-55.47482339034,29.799999999999,2.));
#1389 = VECTOR('',#1390,1.);
#1390 = DIRECTION('',(0.,6.123233995737E-17,-1.));
#1391 = PCURVE('',#1330,#1392);
#1392 = DEFINITIONAL_REPRESENTATION('',(#1393),#1397);
#1393 = LINE('',#1394,#1395);
#1394 = CARTESIAN_POINT('',(7.068583470577,0.));
#1395 = VECTOR('',#1396,1.);
#1396 = DIRECTION('',(0.,1.));
#1397 = ( GEOMETRIC_REPRESENTATION_CONTEXT(2) 
PARAMETRIC_REPRESENTATION_CONTEXT() REPRESENTATION_CONTEXT('2D SPACE',''
  ) );
#1398 = PCURVE('',#1399,#1404);
#1399 = PLANE('',#1400);
#1400 = AXIS2_PLACEMENT_3D('',#1401,#1402,#1403);
#1401 = CARTESIAN_POINT('',(-55.375,29.799999999999,2.));
#1402 = DIRECTION('',(0.,1.,6.123233995737E-17));
#1403 = DIRECTION('',(0.,6.123233995737E-17,-1.));
#1404 = DEFINITIONAL_REPRESENTATION('',(#1405),#1409);
#1405 = LINE('',#1406,#1407);
#1406 = CARTESIAN_POINT('',(0.,9.98233903476E-02));
#1407 = VECTOR('',#1408,1.);
#1408 = DIRECTION('',(1.,0.));
#1409 = ( GEOMETRIC_REPRESENTATION_CONTEXT(2) 
PARAMETRIC_REPRESENTATION_CONTEXT() REPRESENTATION_CONTEXT('2D SPACE',''
  ) );
#1410 = ORIENTED_EDGE('',*,*,#1411,.F.);
#1411 = EDGE_CURVE('',#1322,#1384,#1412,.T.);
#1412 = SURFACE_CURVE('',#1413,(#1418,#1425),.PCURVE_S1.);
#1413 = CIRCLE('',#1414,0.4);
#1414 = AXIS2_PLACEMENT_3D('',#1415,#1416,#1417);
#1415 = CARTESIAN_POINT('',(-55.47482339034,29.399999999999,-1.));
#1416 = DIRECTION('',(0.,6.123233995737E-17,-1.));
#1417 = DIRECTION('',(-1.,0.,0.));
#1418 = PCURVE('',#1330,#1419);
#1419 = DEFINITIONAL_REPRESENTATION('',(#1420),#1424);
#1420 = LINE('',#1421,#1422);
#1421 = CARTESIAN_POINT('',(5.497787143782,3.));
#1422 = VECTOR('',#1423,1.);
#1423 = DIRECTION('',(1.,0.));
#1424 = ( GEOMETRIC_REPRESENTATION_CONTEXT(2) 
PARAMETRIC_REPRESENTATION_CONTEXT() REPRESENTATION_CONTEXT('2D SPACE',''
  ) );
#1425 = PCURVE('',#1426,#1431);
#1426 = TOROIDAL_SURFACE('',#1427,0.6,0.4);
#1427 = AXIS2_PLACEMENT_3D('',#1428,#1429,#1430);
#1428 = CARTESIAN_POINT('',(-54.87482339034,29.399999999999,-1.));
#1429 = DIRECTION('',(0.,-1.,-6.123233995737E-17));
#1430 = DIRECTION('',(0.,-6.123233995737E-17,1.));
#1431 = DEFINITIONAL_REPRESENTATION('',(#1432),#1436);
#1432 = LINE('',#1433,#1434);
#1433 = CARTESIAN_POINT('',(1.570796326795,6.28318530718));
#1434 = VECTOR('',#1435,1.);
#1435 = DIRECTION('',(0.,-1.));
#1436 = ( GEOMETRIC_REPRESENTATION_CONTEXT(2) 
PARAMETRIC_REPRESENTATION_CONTEXT() REPRESENTATION_CONTEXT('2D SPACE',''
  ) );
#1437 = ADVANCED_FACE('',(#1438),#1426,.F.);
#1438 = FACE_BOUND('',#1439,.F.);
#1439 = EDGE_LOOP('',(#1440,#1464,#1465,#1493));
#1440 = ORIENTED_EDGE('',*,*,#1441,.F.);
#1441 = EDGE_CURVE('',#1322,#1442,#1444,.T.);
#1442 = VERTEX_POINT('',#1443);
#1443 = CARTESIAN_POINT('',(-55.70845107238,29.400000000085,
    -1.552326794343));
#1444 = SURFACE_CURVE('',#1445,(#1450,#1457),.PCURVE_S1.);
#1445 = CIRCLE('',#1446,1.);
#1446 = AXIS2_PLACEMENT_3D('',#1447,#1448,#1449);
#1447 = CARTESIAN_POINT('',(-54.87482339034,29.399999999999,-1.));
#1448 = DIRECTION('',(0.,-1.,-6.123233995737E-17));
#1449 = DIRECTION('',(0.,-6.123233995737E-17,1.));
#1450 = PCURVE('',#1426,#1451);
#1451 = DEFINITIONAL_REPRESENTATION('',(#1452),#1456);
#1452 = LINE('',#1453,#1454);
#1453 = CARTESIAN_POINT('',(0.,6.28318530718));
#1454 = VECTOR('',#1455,1.);
#1455 = DIRECTION('',(1.,0.));
#1456 = ( GEOMETRIC_REPRESENTATION_CONTEXT(2) 
PARAMETRIC_REPRESENTATION_CONTEXT() REPRESENTATION_CONTEXT('2D SPACE',''
  ) );
#1457 = PCURVE('',#429,#1458);
#1458 = DEFINITIONAL_REPRESENTATION('',(#1459),#1463);
#1459 = LINE('',#1460,#1461);
#1460 = CARTESIAN_POINT('',(-2.356194490192,-14.49999999999));
#1461 = VECTOR('',#1462,1.);
#1462 = DIRECTION('',(1.,-1.821428597958E-14));
#1463 = ( GEOMETRIC_REPRESENTATION_CONTEXT(2) 
PARAMETRIC_REPRESENTATION_CONTEXT() REPRESENTATION_CONTEXT('2D SPACE',''
  ) );
#1464 = ORIENTED_EDGE('',*,*,#1411,.T.);
#1465 = ORIENTED_EDGE('',*,*,#1466,.T.);
#1466 = EDGE_CURVE('',#1384,#1467,#1469,.T.);
#1467 = VERTEX_POINT('',#1468);
#1468 = CARTESIAN_POINT('',(-55.3750000619,29.799999999999,
    -1.331395807042));
#1469 = SURFACE_CURVE('',#1470,(#1475,#1482),.PCURVE_S1.);
#1470 = CIRCLE('',#1471,0.6);
#1471 = AXIS2_PLACEMENT_3D('',#1472,#1473,#1474);
#1472 = CARTESIAN_POINT('',(-54.87482339034,29.799999999999,-1.));
#1473 = DIRECTION('',(0.,-1.,-6.123233995737E-17));
#1474 = DIRECTION('',(0.,-6.123233995737E-17,1.));
#1475 = PCURVE('',#1426,#1476);
#1476 = DEFINITIONAL_REPRESENTATION('',(#1477),#1481);
#1477 = LINE('',#1478,#1479);
#1478 = CARTESIAN_POINT('',(0.,4.712388980385));
#1479 = VECTOR('',#1480,1.);
#1480 = DIRECTION('',(1.,3.035716570659E-15));
#1481 = ( GEOMETRIC_REPRESENTATION_CONTEXT(2) 
PARAMETRIC_REPRESENTATION_CONTEXT() REPRESENTATION_CONTEXT('2D SPACE',''
  ) );
#1482 = PCURVE('',#1399,#1483);
#1483 = DEFINITIONAL_REPRESENTATION('',(#1484),#1492);
#1484 = ( BOUNDED_CURVE() B_SPLINE_CURVE(2,(#1485,#1486,#1487,#1488,
#1489,#1490,#1491),.UNSPECIFIED.,.T.,.F.) B_SPLINE_CURVE_WITH_KNOTS((1,2
    ,2,2,2,1),(-2.094395102393,0.,2.094395102393,4.188790204786,
6.28318530718,8.377580409573),.UNSPECIFIED.) CURVE() 
GEOMETRIC_REPRESENTATION_ITEM() RATIONAL_B_SPLINE_CURVE((1.,0.5,1.,0.5,
1.,0.5,1.)) REPRESENTATION_ITEM('') );
#1485 = CARTESIAN_POINT('',(2.4,-0.500176609652));
#1486 = CARTESIAN_POINT('',(2.4,0.539053874889));
#1487 = CARTESIAN_POINT('',(3.3,1.943863261826E-02));
#1488 = CARTESIAN_POINT('',(4.2,-0.500176609652));
#1489 = CARTESIAN_POINT('',(3.3,-1.019791851923));
#1490 = CARTESIAN_POINT('',(2.4,-1.539407094194));
#1491 = CARTESIAN_POINT('',(2.4,-0.500176609652));
#1492 = ( GEOMETRIC_REPRESENTATION_CONTEXT(2) 
PARAMETRIC_REPRESENTATION_CONTEXT() REPRESENTATION_CONTEXT('2D SPACE',''
  ) );
#1493 = ORIENTED_EDGE('',*,*,#1494,.F.);
#1494 = EDGE_CURVE('',#1442,#1467,#1495,.T.);
#1495 = SURFACE_CURVE('',#1496,(#1501,#1507),.PCURVE_S1.);
#1496 = B_SPLINE_CURVE_WITH_KNOTS('',3,(#1497,#1498,#1499,#1500),
  .UNSPECIFIED.,.F.,.F.,(4,4),(0.,90.),.PIECEWISE_BEZIER_KNOTS.);
#1497 = CARTESIAN_POINT('',(-55.7084510731,29.399999999999,
    -1.552326793254));
#1498 = CARTESIAN_POINT('',(-55.7084510731,29.609439510238,
    -1.552326793254));
#1499 = CARTESIAN_POINT('',(-55.54959457359,29.799999999999,
    -1.447075129024));
#1500 = CARTESIAN_POINT('',(-55.375,29.799999999999,-1.331396075952));
#1501 = PCURVE('',#1426,#1502);
#1502 = DEFINITIONAL_REPRESENTATION('',(#1503),#1506);
#1503 = B_SPLINE_CURVE_WITH_KNOTS('',1,(#1504,#1505),.UNSPECIFIED.,.F.,
  .F.,(2,2),(0.,90.),.PIECEWISE_BEZIER_KNOTS.);
#1504 = CARTESIAN_POINT('',(2.155949158181,6.28318530718));
#1505 = CARTESIAN_POINT('',(2.155949158181,4.712388980385));
#1506 = ( GEOMETRIC_REPRESENTATION_CONTEXT(2) 
PARAMETRIC_REPRESENTATION_CONTEXT() REPRESENTATION_CONTEXT('2D SPACE',''
  ) );
#1507 = PCURVE('',#1508,#1513);
#1508 = TOROIDAL_SURFACE('',#1509,0.599812929012,0.400377014933);
#1509 = AXIS2_PLACEMENT_3D('',#1510,#1511,#1512);
#1510 = CARTESIAN_POINT('',(-54.87743320423,29.458672781587,
    -1.000835090582));
#1511 = DIRECTION('',(-7.492128165801E-02,0.995125914799,
    -6.411875895813E-02));
#1512 = DIRECTION('',(0.997177832295,7.507576692104E-02,
    -8.673617379884E-19));
#1513 = DEFINITIONAL_REPRESENTATION('',(#1514),#1517);
#1514 = B_SPLINE_CURVE_WITH_KNOTS('',1,(#1515,#1516),.UNSPECIFIED.,.F.,
  .F.,(2,2),(0.,90.),.PIECEWISE_BEZIER_KNOTS.);
#1515 = CARTESIAN_POINT('',(2.557988222264,9.813961205731E-02));
#1516 = CARTESIAN_POINT('',(2.565497260457,1.667724084692));
#1517 = ( GEOMETRIC_REPRESENTATION_CONTEXT(2) 
PARAMETRIC_REPRESENTATION_CONTEXT() REPRESENTATION_CONTEXT('2D SPACE',''
  ) );
#1518 = ADVANCED_FACE('',(#1519),#1508,.F.);
#1519 = FACE_BOUND('',#1520,.F.);
#1520 = EDGE_LOOP('',(#1521,#1564,#1565,#1638));
#1521 = ORIENTED_EDGE('',*,*,#1522,.T.);
#1522 = EDGE_CURVE('',#385,#1442,#1523,.T.);
#1523 = SURFACE_CURVE('',#1524,(#1529,#1558),.PCURVE_S1.);
#1524 = B_SPLINE_CURVE_WITH_KNOTS('',3,(#1525,#1526,#1527,#1528),
  .UNSPECIFIED.,.F.,.F.,(4,4),(5.752695259565E-16,5.891517569707E-02),
  .PIECEWISE_BEZIER_KNOTS.);
#1525 = CARTESIAN_POINT('',(-54.87482339034,29.421239640948,-2.));
#1526 = CARTESIAN_POINT('',(-55.2009516384,29.404591057424,-2.));
#1527 = CARTESIAN_POINT('',(-55.52767090606,29.400000000005,
    -1.825178578784));
#1528 = CARTESIAN_POINT('',(-55.7084510731,29.399999999999,
    -1.552326793254));
#1529 = PCURVE('',#1508,#1530);
#1530 = DEFINITIONAL_REPRESENTATION('',(#1531),#1557);
#1531 = B_SPLINE_CURVE_WITH_KNOTS('',3,(#1532,#1533,#1534,#1535,#1536,
    #1537,#1538,#1539,#1540,#1541,#1542,#1543,#1544,#1545,#1546,#1547,
    #1548,#1549,#1550,#1551,#1552,#1553,#1554,#1555,#1556),
  .UNSPECIFIED.,.F.,.F.,(4,1,1,1,1,1,1,1,1,1,1,1,1,1,1,1,1,1,1,1,1,1,4),
  (5.752695259565E-16,2.677962531686E-03,5.355925063371E-03,
    8.033887595056E-03,1.071185012674E-02,1.338981265843E-02,
    1.606777519011E-02,1.87457377218E-02,2.142370025348E-02,
    2.410166278517E-02,2.677962531685E-02,2.945758784854E-02,
    3.213555038022E-02,3.481351291191E-02,3.749147544359E-02,
    4.016943797528E-02,4.284740050696E-02,4.552536303865E-02,
    4.820332557033E-02,5.088128810202E-02,5.35592506337E-02,
    5.623721316539E-02,5.891517569707E-02),.QUASI_UNIFORM_KNOTS.);
#1532 = CARTESIAN_POINT('',(1.571004300871,6.649891513088E-02));
#1533 = CARTESIAN_POINT('',(1.585849897058,6.739278144691E-02));
#1534 = CARTESIAN_POINT('',(1.615543997445,6.91997973938E-02));
#1535 = CARTESIAN_POINT('',(1.660113759378,7.194435129868E-02));
#1536 = CARTESIAN_POINT('',(1.704734724362,7.469942567068E-02));
#1537 = CARTESIAN_POINT('',(1.749420018762,7.744042444346E-02));
#1538 = CARTESIAN_POINT('',(1.794177264584,8.014223263891E-02));
#1539 = CARTESIAN_POINT('',(1.839008279891,8.277933482217E-02));
#1540 = CARTESIAN_POINT('',(1.883909987385,8.532611986945E-02));
#1541 = CARTESIAN_POINT('',(1.928875067251,8.775718576978E-02));
#1542 = CARTESIAN_POINT('',(1.973892744127,9.004767411676E-02));
#1543 = CARTESIAN_POINT('',(2.018949597497,9.21736027685E-02));
#1544 = CARTESIAN_POINT('',(2.06403041535,9.411217960286E-02));
#1545 = CARTESIAN_POINT('',(2.109119072879,9.584207616673E-02));
#1546 = CARTESIAN_POINT('',(2.154199425859,9.734364269787E-02));
#1547 = CARTESIAN_POINT('',(2.199256205013,9.859904856538E-02));
#1548 = CARTESIAN_POINT('',(2.244275897674,9.959233628385E-02));
#1549 = CARTESIAN_POINT('',(2.28924760616,0.100309381603));
#1550 = CARTESIAN_POINT('',(2.334163864377,0.100737757907));
#1551 = CARTESIAN_POINT('',(2.379021432178,0.100866504138));
#1552 = CARTESIAN_POINT('',(2.423821956062,0.100685812215));
#1553 = CARTESIAN_POINT('',(2.468572886617,0.100186603923));
#1554 = CARTESIAN_POINT('',(2.513287184438,9.936015035146E-02));
#1555 = CARTESIAN_POINT('',(2.543087259471,9.85848562806E-02));
#1556 = CARTESIAN_POINT('',(2.557988222264,9.813961205857E-02));
#1557 = ( GEOMETRIC_REPRESENTATION_CONTEXT(2) 
PARAMETRIC_REPRESENTATION_CONTEXT() REPRESENTATION_CONTEXT('2D SPACE',''
  ) );
#1558 = PCURVE('',#429,#1559);
#1559 = DEFINITIONAL_REPRESENTATION('',(#1560),#1563);
#1560 = B_SPLINE_CURVE_WITH_KNOTS('',1,(#1561,#1562),.UNSPECIFIED.,.F.,
  .F.,(2,2),(5.752695259565E-16,5.891517569707E-02),
  .PIECEWISE_BEZIER_KNOTS.);
#1561 = CARTESIAN_POINT('',(0.785398163398,-14.52123964094));
#1562 = CARTESIAN_POINT('',(-0.200245332012,-14.49999999999));
#1563 = ( GEOMETRIC_REPRESENTATION_CONTEXT(2) 
PARAMETRIC_REPRESENTATION_CONTEXT() REPRESENTATION_CONTEXT('2D SPACE',''
  ) );
#1564 = ORIENTED_EDGE('',*,*,#1494,.T.);
#1565 = ORIENTED_EDGE('',*,*,#1566,.T.);
#1566 = EDGE_CURVE('',#1467,#1567,#1569,.T.);
#1567 = VERTEX_POINT('',#1568);
#1568 = CARTESIAN_POINT('',(-54.90873366928,29.819799665264,
    -1.600000000086));
#1569 = SURFACE_CURVE('',#1570,(#1575,#1604),.PCURVE_S1.);
#1570 = B_SPLINE_CURVE_WITH_KNOTS('',3,(#1571,#1572,#1573,#1574),
  .UNSPECIFIED.,.F.,.F.,(4,4),(-5.891517569707E-02,-5.752695259565E-16),
  .PIECEWISE_BEZIER_KNOTS.);
#1571 = CARTESIAN_POINT('',(-55.375,29.8,-1.331396075953));
#1572 = CARTESIAN_POINT('',(-55.27388566928,29.8,-1.49510714727));
#1573 = CARTESIAN_POINT('',(-55.09114438398,29.804279799294,-1.6));
#1574 = CARTESIAN_POINT('',(-54.90873366896,29.819799665291,-1.6));
#1575 = PCURVE('',#1508,#1576);
#1576 = DEFINITIONAL_REPRESENTATION('',(#1577),#1603);
#1577 = B_SPLINE_CURVE_WITH_KNOTS('',3,(#1578,#1579,#1580,#1581,#1582,
    #1583,#1584,#1585,#1586,#1587,#1588,#1589,#1590,#1591,#1592,#1593,
    #1594,#1595,#1596,#1597,#1598,#1599,#1600,#1601,#1602),
  .UNSPECIFIED.,.F.,.F.,(4,1,1,1,1,1,1,1,1,1,1,1,1,1,1,1,1,1,1,1,1,1,4),
  (-5.891517569707E-02,-5.623721316539E-02,-5.35592506337E-02,
    -5.088128810202E-02,-4.820332557033E-02,-4.552536303865E-02,
    -4.284740050696E-02,-4.016943797528E-02,-3.749147544359E-02,
    -3.481351291191E-02,-3.213555038022E-02,-2.945758784854E-02,
    -2.677962531685E-02,-2.410166278517E-02,-2.142370025348E-02,
    -1.87457377218E-02,-1.606777519011E-02,-1.338981265843E-02,
    -1.071185012674E-02,-8.033887595056E-03,-5.355925063371E-03,
    -2.677962531686E-03,-5.752695259565E-16),.UNSPECIFIED.);
#1578 = CARTESIAN_POINT('',(2.565497260457,1.667724084692));
#1579 = CARTESIAN_POINT('',(2.549916346434,1.667159583916));
#1580 = CARTESIAN_POINT('',(2.518822308938,1.66605219798));
#1581 = CARTESIAN_POINT('',(2.472370164179,1.664427887046));
#1582 = CARTESIAN_POINT('',(2.426090401206,1.662811028361));
#1583 = CARTESIAN_POINT('',(2.379973733708,1.661176635143));
#1584 = CARTESIAN_POINT('',(2.334014776927,1.659503649718));
#1585 = CARTESIAN_POINT('',(2.288212041635,1.657775997567));
#1586 = CARTESIAN_POINT('',(2.24256698859,1.655983106112));
#1587 = CARTESIAN_POINT('',(2.197083299785,1.654120419018));
#1588 = CARTESIAN_POINT('',(2.151766068677,1.652189761053));
#1589 = CARTESIAN_POINT('',(2.106621002016,1.650199589567));
#1590 = CARTESIAN_POINT('',(2.061653621558,1.648165120505));
#1591 = CARTESIAN_POINT('',(2.016868481484,1.64610833056));
#1592 = CARTESIAN_POINT('',(1.972268408938,1.644057834353));
#1593 = CARTESIAN_POINT('',(1.927853775402,1.642048637418));
#1594 = CARTESIAN_POINT('',(1.883621804918,1.640121766465));
#1595 = CARTESIAN_POINT('',(1.839565920404,1.638323779022));
#1596 = CARTESIAN_POINT('',(1.795675136698,1.636706156194));
#1597 = CARTESIAN_POINT('',(1.751933469887,1.635324578708));
#1598 = CARTESIAN_POINT('',(1.708319466696,1.634238100585));
#1599 = CARTESIAN_POINT('',(1.664805445819,1.633508181181));
#1600 = CARTESIAN_POINT('',(1.621357943626,1.633197732902));
#1601 = CARTESIAN_POINT('',(1.592408484948,1.633312312816));
#1602 = CARTESIAN_POINT('',(1.577930904405,1.633460466749));
#1603 = ( GEOMETRIC_REPRESENTATION_CONTEXT(2) 
PARAMETRIC_REPRESENTATION_CONTEXT() REPRESENTATION_CONTEXT('2D SPACE',''
  ) );
#1604 = PCURVE('',#1605,#1610);
#1605 = CYLINDRICAL_SURFACE('',#1606,5.5);
#1606 = AXIS2_PLACEMENT_3D('',#1607,#1608,#1609);
#1607 = CARTESIAN_POINT('',(-55.375,35.3,2.));
#1608 = DIRECTION('',(0.,6.123233995737E-17,-1.));
#1609 = DIRECTION('',(9.689219123999E-15,-1.,-6.123233995737E-17));
#1610 = DEFINITIONAL_REPRESENTATION('',(#1611),#1637);
#1611 = B_SPLINE_CURVE_WITH_KNOTS('',3,(#1612,#1613,#1614,#1615,#1616,
    #1617,#1618,#1619,#1620,#1621,#1622,#1623,#1624,#1625,#1626,#1627,
    #1628,#1629,#1630,#1631,#1632,#1633,#1634,#1635,#1636),
  .UNSPECIFIED.,.F.,.F.,(4,1,1,1,1,1,1,1,1,1,1,1,1,1,1,1,1,1,1,1,1,1,4),
  (-5.891517569707E-02,-5.623721316539E-02,-5.35592506337E-02,
    -5.088128810202E-02,-4.820332557033E-02,-4.552536303865E-02,
    -4.284740050696E-02,-4.016943797528E-02,-3.749147544359E-02,
    -3.481351291191E-02,-3.213555038022E-02,-2.945758784854E-02,
    -2.677962531685E-02,-2.410166278517E-02,-2.142370025348E-02,
    -1.87457377218E-02,-1.606777519011E-02,-1.338981265843E-02,
    -1.071185012674E-02,-8.033887595056E-03,-5.355925063371E-03,
    -2.677962531686E-03,-5.759281940243E-16),.UNSPECIFIED.);
#1612 = CARTESIAN_POINT('',(6.28318530718,3.331396075953));
#1613 = CARTESIAN_POINT('',(6.282349651314,3.338837488285));
#1614 = CARTESIAN_POINT('',(6.280617012977,3.35347726246));
#1615 = CARTESIAN_POINT('',(6.277842426314,3.374681809837));
#1616 = CARTESIAN_POINT('',(6.274900562112,3.395105280912));
#1617 = CARTESIAN_POINT('',(6.271799768619,3.414721713269));
#1618 = CARTESIAN_POINT('',(6.26854839257,3.433505144492));
#1619 = CARTESIAN_POINT('',(6.265154779103,3.451429612165));
#1620 = CARTESIAN_POINT('',(6.261627271885,3.468469153873));
#1621 = CARTESIAN_POINT('',(6.257974212877,3.484597807199));
#1622 = CARTESIAN_POINT('',(6.25420394188,3.499789609728));
#1623 = CARTESIAN_POINT('',(6.25032479583,3.514018599042));
#1624 = CARTESIAN_POINT('',(6.246345107868,3.527258812728));
#1625 = CARTESIAN_POINT('',(6.242273206186,3.539484288368));
#1626 = CARTESIAN_POINT('',(6.238117412679,3.550669063547));
#1627 = CARTESIAN_POINT('',(6.233886041419,3.560787175849));
#1628 = CARTESIAN_POINT('',(6.229587396981,3.569812662857));
#1629 = CARTESIAN_POINT('',(6.225229772646,3.577719562157));
#1630 = CARTESIAN_POINT('',(6.220821448529,3.584481911331));
#1631 = CARTESIAN_POINT('',(6.216370689592,3.590073747965));
#1632 = CARTESIAN_POINT('',(6.211885743902,3.594469109641));
#1633 = CARTESIAN_POINT('',(6.207374839894,3.597642033945));
#1634 = CARTESIAN_POINT('',(6.202846187526,3.59956655846));
#1635 = CARTESIAN_POINT('',(6.199820705987,3.6));
#1636 = CARTESIAN_POINT('',(6.198307734798,3.6));
#1637 = ( GEOMETRIC_REPRESENTATION_CONTEXT(2) 
PARAMETRIC_REPRESENTATION_CONTEXT() REPRESENTATION_CONTEXT('2D SPACE',''
  ) );
#1638 = ORIENTED_EDGE('',*,*,#1639,.F.);
#1639 = EDGE_CURVE('',#385,#1567,#1640,.T.);
#1640 = SURFACE_CURVE('',#1641,(#1646,#1652),.PCURVE_S1.);
#1641 = B_SPLINE_CURVE_WITH_KNOTS('',3,(#1642,#1643,#1644,#1645),
  .UNSPECIFIED.,.F.,.F.,(4,4),(0.,1.),.PIECEWISE_BEZIER_KNOTS.);
#1642 = CARTESIAN_POINT('',(-54.87482329937,29.421239030093,
    -1.999789670809));
#1643 = CARTESIAN_POINT('',(-54.89282136166,29.629600473997,
    -1.999300712022));
#1644 = CARTESIAN_POINT('',(-54.90883152132,29.818936828442,
    -1.809128273961));
#1645 = CARTESIAN_POINT('',(-54.90869341439,29.819261782592,
    -1.599999190797));
#1646 = PCURVE('',#1508,#1647);
#1647 = DEFINITIONAL_REPRESENTATION('',(#1648),#1651);
#1648 = B_SPLINE_CURVE_WITH_KNOTS('',1,(#1649,#1650),.UNSPECIFIED.,.F.,
  .F.,(2,2),(0.,0.999999999863),.PIECEWISE_BEZIER_KNOTS.);
#1649 = CARTESIAN_POINT('',(1.571004299656,6.649860391987E-02));
#1650 = CARTESIAN_POINT('',(1.577930904404,1.633460466534));
#1651 = ( GEOMETRIC_REPRESENTATION_CONTEXT(2) 
PARAMETRIC_REPRESENTATION_CONTEXT() REPRESENTATION_CONTEXT('2D SPACE',''
  ) );
#1652 = PCURVE('',#401,#1653);
#1653 = DEFINITIONAL_REPRESENTATION('',(#1654),#1657);
#1654 = B_SPLINE_CURVE_WITH_KNOTS('',1,(#1655,#1656),.UNSPECIFIED.,.F.,
  .F.,(2,2),(0.,0.999999999863),.PIECEWISE_BEZIER_KNOTS.);
#1655 = CARTESIAN_POINT('',(4.627511401416,1.570794785061));
#1656 = CARTESIAN_POINT('',(4.627512406037,3.141594679112));
#1657 = ( GEOMETRIC_REPRESENTATION_CONTEXT(2) 
PARAMETRIC_REPRESENTATION_CONTEXT() REPRESENTATION_CONTEXT('2D SPACE',''
  ) );
#1658 = ADVANCED_FACE('',(#1659),#401,.F.);
#1659 = FACE_BOUND('',#1660,.F.);
#1660 = EDGE_LOOP('',(#1661,#1662,#1663,#1687));
#1661 = ORIENTED_EDGE('',*,*,#384,.T.);
#1662 = ORIENTED_EDGE('',*,*,#1639,.T.);
#1663 = ORIENTED_EDGE('',*,*,#1664,.F.);
#1664 = EDGE_CURVE('',#1665,#1567,#1667,.T.);
#1665 = VERTEX_POINT('',#1666);
#1666 = CARTESIAN_POINT('',(-49.89895060847,34.787278768268,-1.6));
#1667 = SURFACE_CURVE('',#1668,(#1673,#1680),.PCURVE_S1.);
#1668 = CIRCLE('',#1669,5.5);
#1669 = AXIS2_PLACEMENT_3D('',#1670,#1671,#1672);
#1670 = CARTESIAN_POINT('',(-55.375,35.3,-1.6));
#1671 = DIRECTION('',(3.153195929581E-32,6.123233995737E-17,-1.));
#1672 = DIRECTION('',(-1.,1.930775651123E-48,-3.153195929581E-32));
#1673 = PCURVE('',#401,#1674);
#1674 = DEFINITIONAL_REPRESENTATION('',(#1675),#1679);
#1675 = LINE('',#1676,#1677);
#1676 = CARTESIAN_POINT('',(-8.881784197001E-16,3.14159265359));
#1677 = VECTOR('',#1678,1.);
#1678 = DIRECTION('',(1.,0.));
#1679 = ( GEOMETRIC_REPRESENTATION_CONTEXT(2) 
PARAMETRIC_REPRESENTATION_CONTEXT() REPRESENTATION_CONTEXT('2D SPACE',''
  ) );
#1680 = PCURVE('',#1605,#1681);
#1681 = DEFINITIONAL_REPRESENTATION('',(#1682),#1686);
#1682 = LINE('',#1683,#1684);
#1683 = CARTESIAN_POINT('',(1.570796326795,3.6));
#1684 = VECTOR('',#1685,1.);
#1685 = DIRECTION('',(1.,0.));
#1686 = ( GEOMETRIC_REPRESENTATION_CONTEXT(2) 
PARAMETRIC_REPRESENTATION_CONTEXT() REPRESENTATION_CONTEXT('2D SPACE',''
  ) );
#1687 = ORIENTED_EDGE('',*,*,#1688,.F.);
#1688 = EDGE_CURVE('',#357,#1665,#1689,.T.);
#1689 = SURFACE_CURVE('',#1690,(#1695,#1701),.PCURVE_S1.);
#1690 = B_SPLINE_CURVE_WITH_KNOTS('',3,(#1691,#1692,#1693,#1694),
  .UNSPECIFIED.,.F.,.F.,(4,4),(0.,90.000000000001),
  .PIECEWISE_BEZIER_KNOTS.);
#1691 = CARTESIAN_POINT('',(-49.50069153006,34.75,-2.));
#1692 = CARTESIAN_POINT('',(-49.70921903666,34.769524022141,-2.));
#1693 = CARTESIAN_POINT('',(-49.89894973141,34.787288135593,
    -1.809439510239));
#1694 = CARTESIAN_POINT('',(-49.89894973141,34.787288135593,-1.6));
#1695 = PCURVE('',#401,#1696);
#1696 = DEFINITIONAL_REPRESENTATION('',(#1697),#1700);
#1697 = B_SPLINE_CURVE_WITH_KNOTS('',1,(#1698,#1699),.UNSPECIFIED.,.F.,
  .F.,(2,2),(0.,89.999999999998),.PIECEWISE_BEZIER_KNOTS.);
#1698 = CARTESIAN_POINT('',(3.234948537912,1.570796326795));
#1699 = CARTESIAN_POINT('',(3.234948537912,3.14159265359));
#1700 = ( GEOMETRIC_REPRESENTATION_CONTEXT(2) 
PARAMETRIC_REPRESENTATION_CONTEXT() REPRESENTATION_CONTEXT('2D SPACE',''
  ) );
#1701 = PCURVE('',#1702,#1707);
#1702 = TOROIDAL_SURFACE('',#1703,0.600514647365,0.40032494244);
#1703 = AXIS2_PLACEMENT_3D('',#1704,#1705,#1706);
#1704 = CARTESIAN_POINT('',(-49.53119174106,34.751871850908,
    -0.999798318809));
#1705 = DIRECTION('',(-0.995519561403,7.832198373677E-02,
    -5.297612412826E-02));
#1706 = DIRECTION('',(7.843211974929E-02,0.996919456421,
    6.071532165919E-17));
#1707 = DEFINITIONAL_REPRESENTATION('',(#1708),#1711);
#1708 = B_SPLINE_CURVE_WITH_KNOTS('',1,(#1709,#1710),.UNSPECIFIED.,.F.,
  .F.,(2,2),(0.,89.999999999998),.PIECEWISE_BEZIER_KNOTS.);
#1709 = CARTESIAN_POINT('',(1.570270433877,5.614641369282E-02));
#1710 = CARTESIAN_POINT('',(1.559649386906,1.622385893411));
#1711 = ( GEOMETRIC_REPRESENTATION_CONTEXT(2) 
PARAMETRIC_REPRESENTATION_CONTEXT() REPRESENTATION_CONTEXT('2D SPACE',''
  ) );
#1712 = ADVANCED_FACE('',(#1713),#1702,.F.);
#1713 = FACE_BOUND('',#1714,.F.);
#1714 = EDGE_LOOP('',(#1715,#1767,#1810,#1811));
#1715 = ORIENTED_EDGE('',*,*,#1716,.F.);
#1716 = EDGE_CURVE('',#1717,#1719,#1721,.T.);
#1717 = VERTEX_POINT('',#1718);
#1718 = CARTESIAN_POINT('',(-49.47500000008,35.666666666145,
    -1.399652628139));
#1719 = VERTEX_POINT('',#1720);
#1720 = CARTESIAN_POINT('',(-49.875,35.300000061998,-1.239791215333));
#1721 = SURFACE_CURVE('',#1722,(#1727,#1733),.PCURVE_S1.);
#1722 = B_SPLINE_CURVE_WITH_KNOTS('',3,(#1723,#1724,#1725,#1726),
  .UNSPECIFIED.,.F.,.F.,(4,4),(0.,1.),.PIECEWISE_BEZIER_KNOTS.);
#1723 = CARTESIAN_POINT('',(-49.47500011242,35.666549585572,
    -1.399601318481));
#1724 = CARTESIAN_POINT('',(-49.68459572467,35.666721970861,
    -1.399667219815));
#1725 = CARTESIAN_POINT('',(-49.8754737236,35.492037655873,
    -1.323715953205));
#1726 = CARTESIAN_POINT('',(-49.87572569036,35.299995444206,
    -1.239803963463));
#1727 = PCURVE('',#1702,#1728);
#1728 = DEFINITIONAL_REPRESENTATION('',(#1729),#1732);
#1729 = B_SPLINE_CURVE_WITH_KNOTS('',1,(#1730,#1731),.UNSPECIFIED.,.F.,
  .F.,(2,2),(1.361731431362E-10,1.),.PIECEWISE_BEZIER_KNOTS.);
#1730 = CARTESIAN_POINT('',(0.410156391204,9.225477585904E-02));
#1731 = CARTESIAN_POINT('',(0.399332128342,1.662714171106));
#1732 = ( GEOMETRIC_REPRESENTATION_CONTEXT(2) 
PARAMETRIC_REPRESENTATION_CONTEXT() REPRESENTATION_CONTEXT('2D SPACE',''
  ) );
#1733 = PCURVE('',#1734,#1739);
#1734 = TOROIDAL_SURFACE('',#1735,0.6,0.4);
#1735 = AXIS2_PLACEMENT_3D('',#1736,#1737,#1738);
#1736 = CARTESIAN_POINT('',(-49.475,34.75,-1.));
#1737 = DIRECTION('',(1.,3.947459643114E-14,2.417121908351E-30));
#1738 = DIRECTION('',(-7.006492321624E-46,6.123233995737E-17,-1.));
#1739 = DEFINITIONAL_REPRESENTATION('',(#1740),#1766);
#1740 = B_SPLINE_CURVE_WITH_KNOTS('',3,(#1741,#1742,#1743,#1744,#1745,
    #1746,#1747,#1748,#1749,#1750,#1751,#1752,#1753,#1754,#1755,#1756,
    #1757,#1758,#1759,#1760,#1761,#1762,#1763,#1764,#1765),
  .UNSPECIFIED.,.F.,.F.,(4,1,1,1,1,1,1,1,1,1,1,1,1,1,1,1,1,1,1,1,1,1,4),
  (1.361731431362E-10,4.545454558453E-02,9.090909103288E-02,
    0.136363636481,0.18181818193,0.227272727378,0.272727272826,
    0.318181818275,0.363636363723,0.409090909171,0.45454545462,
    0.500000000068,0.545454545516,0.590909090965,0.636363636413,
    0.681818181862,0.72727272731,0.772727272758,0.818181818207,
    0.863636363655,0.909090909103,0.954545454552,1.),
  .QUASI_UNIFORM_KNOTS.);
#1741 = CARTESIAN_POINT('',(1.159658705493,6.283185025806));
#1742 = CARTESIAN_POINT('',(1.159659089137,6.259364081016));
#1743 = CARTESIAN_POINT('',(1.159659040056,6.211902040019));
#1744 = CARTESIAN_POINT('',(1.159656797162,6.14103778598));
#1745 = CARTESIAN_POINT('',(1.159652672748,6.070271544474));
#1746 = CARTESIAN_POINT('',(1.159646926868,5.999442718776));
#1747 = CARTESIAN_POINT('',(1.159639810427,5.928433928057));
#1748 = CARTESIAN_POINT('',(1.159631568359,5.857174775791));
#1749 = CARTESIAN_POINT('',(1.159622446432,5.78563646355));
#1750 = CARTESIAN_POINT('',(1.159612696916,5.713827691884));
#1751 = CARTESIAN_POINT('',(1.159602584662,5.641788871697));
#1752 = CARTESIAN_POINT('',(1.159592393484,5.569585392718));
#1753 = CARTESIAN_POINT('',(1.159582433144,5.497299859438));
#1754 = CARTESIAN_POINT('',(1.159573047182,5.425023595243));
#1755 = CARTESIAN_POINT('',(1.159564621892,5.352847751277));
#1756 = CARTESIAN_POINT('',(1.15955759677,5.280854431376));
#1757 = CARTESIAN_POINT('',(1.159552476848,5.209108242473));
#1758 = CARTESIAN_POINT('',(1.159549847482,5.137648601736));
#1759 = CARTESIAN_POINT('',(1.159550391915,5.066483093084));
#1760 = CARTESIAN_POINT('',(1.159554913628,4.995581776138));
#1761 = CARTESIAN_POINT('',(1.159564359856,4.924873180937));
#1762 = CARTESIAN_POINT('',(1.159579864872,4.854239023849));
#1763 = CARTESIAN_POINT('',(1.159602749961,4.783518011643));
#1764 = CARTESIAN_POINT('',(1.159624065844,4.736158728173));
#1765 = CARTESIAN_POINT('',(1.159636504905,4.712390913418));
#1766 = ( GEOMETRIC_REPRESENTATION_CONTEXT(2) 
PARAMETRIC_REPRESENTATION_CONTEXT() REPRESENTATION_CONTEXT('2D SPACE',''
  ) );
#1767 = ORIENTED_EDGE('',*,*,#1768,.T.);
#1768 = EDGE_CURVE('',#1717,#357,#1769,.T.);
#1769 = SURFACE_CURVE('',#1770,(#1775,#1804),.PCURVE_S1.);
#1770 = B_SPLINE_CURVE_WITH_KNOTS('',3,(#1771,#1772,#1773,#1774),
  .UNSPECIFIED.,.F.,.F.,(4,4),(2.847154330481E-16,6.922059624824E-02),
  .PIECEWISE_BEZIER_KNOTS.);
#1771 = CARTESIAN_POINT('',(-49.475,35.666666666667,-1.399652626943));
#1772 = CARTESIAN_POINT('',(-49.475,35.512976704838,-1.752164922651));
#1773 = CARTESIAN_POINT('',(-49.47918230523,35.132884307755,-2.));
#1774 = CARTESIAN_POINT('',(-49.50069153006,34.75,-2.));
#1775 = PCURVE('',#1702,#1776);
#1776 = DEFINITIONAL_REPRESENTATION('',(#1777),#1803);
#1777 = B_SPLINE_CURVE_WITH_KNOTS('',3,(#1778,#1779,#1780,#1781,#1782,
    #1783,#1784,#1785,#1786,#1787,#1788,#1789,#1790,#1791,#1792,#1793,
    #1794,#1795,#1796,#1797,#1798,#1799,#1800,#1801,#1802),
  .UNSPECIFIED.,.F.,.F.,(4,1,1,1,1,1,1,1,1,1,1,1,1,1,1,1,1,1,1,1,1,1,4),
  (2.847154330481E-16,3.146390738557E-03,6.292781477113E-03,
    9.439172215669E-03,1.258556295423E-02,1.573195369278E-02,
    1.887834443134E-02,2.202473516989E-02,2.517112590845E-02,
    2.831751664701E-02,3.146390738556E-02,3.461029812412E-02,
    3.775668886268E-02,4.090307960123E-02,4.404947033979E-02,
    4.719586107834E-02,5.03422518169E-02,5.348864255546E-02,
    5.663503329401E-02,5.978142403257E-02,6.292781477113E-02,
    6.607420550968E-02,6.922059624824E-02),.QUASI_UNIFORM_KNOTS.);
#1778 = CARTESIAN_POINT('',(0.410156391205,9.225477564521E-02));
#1779 = CARTESIAN_POINT('',(0.42764532641,9.30035311042E-02));
#1780 = CARTESIAN_POINT('',(0.462606548114,9.433069606536E-02));
#1781 = CARTESIAN_POINT('',(0.515045635831,9.582681074081E-02));
#1782 = CARTESIAN_POINT('',(0.567534950851,9.684553515627E-02));
#1783 = CARTESIAN_POINT('',(0.620107267267,9.740118091048E-02));
#1784 = CARTESIAN_POINT('',(0.672783435041,9.750788986436E-02));
#1785 = CARTESIAN_POINT('',(0.725571636116,9.718049814303E-02));
#1786 = CARTESIAN_POINT('',(0.778469241149,9.643572019197E-02));
#1787 = CARTESIAN_POINT('',(0.83146416942,9.529301244484E-02));
#1788 = CARTESIAN_POINT('',(0.884536583795,9.377524225691E-02));
#1789 = CARTESIAN_POINT('',(0.93766068456,9.190909019873E-02));
#1790 = CARTESIAN_POINT('',(0.990806637075,8.972518187587E-02));
#1791 = CARTESIAN_POINT('',(1.043942582289,8.725794843472E-02));
#1792 = CARTESIAN_POINT('',(1.097036691895,8.454523890299E-02));
#1793 = CARTESIAN_POINT('',(1.150059221081,8.162772592365E-02));
#1794 = CARTESIAN_POINT('',(1.202984511976,7.854816301695E-02));
#1795 = CARTESIAN_POINT('',(1.255792910182,7.535056112681E-02));
#1796 = CARTESIAN_POINT('',(1.308472544372,7.207935797119E-02));
#1797 = CARTESIAN_POINT('',(1.361021004892,6.877864068052E-02));
#1798 = CARTESIAN_POINT('',(1.413446687281,6.549150641689E-02));
#1799 = CARTESIAN_POINT('',(1.465770631396,6.225950421979E-02));
#1800 = CARTESIAN_POINT('',(1.518025770122,5.912256093675E-02));
#1801 = CARTESIAN_POINT('',(1.552852037402,5.711952312482E-02));
#1802 = CARTESIAN_POINT('',(1.570270433877,5.614641369282E-02));
#1803 = ( GEOMETRIC_REPRESENTATION_CONTEXT(2) 
PARAMETRIC_REPRESENTATION_CONTEXT() REPRESENTATION_CONTEXT('2D SPACE',''
  ) );
#1804 = PCURVE('',#372,#1805);
#1805 = DEFINITIONAL_REPRESENTATION('',(#1806),#1809);
#1806 = B_SPLINE_CURVE_WITH_KNOTS('',1,(#1807,#1808),.UNSPECIFIED.,.F.,
  .F.,(2,2),(2.847154330481E-16,6.922059624824E-02),
  .PIECEWISE_BEZIER_KNOTS.);
#1807 = CARTESIAN_POINT('',(5.908925006104,74.40058752712));
#1808 = CARTESIAN_POINT('',(7.068583470577,74.426279057181));
#1809 = ( GEOMETRIC_REPRESENTATION_CONTEXT(2) 
PARAMETRIC_REPRESENTATION_CONTEXT() REPRESENTATION_CONTEXT('2D SPACE',''
  ) );
#1810 = ORIENTED_EDGE('',*,*,#1688,.T.);
#1811 = ORIENTED_EDGE('',*,*,#1812,.T.);
#1812 = EDGE_CURVE('',#1665,#1719,#1813,.T.);
#1813 = SURFACE_CURVE('',#1814,(#1819,#1848),.PCURVE_S1.);
#1814 = B_SPLINE_CURVE_WITH_KNOTS('',3,(#1815,#1816,#1817,#1818),
  .UNSPECIFIED.,.F.,.F.,(4,4),(-6.922059624824E-02,-2.847154330481E-16),
  .PIECEWISE_BEZIER_KNOTS.);
#1815 = CARTESIAN_POINT('',(-49.89894973141,34.787288135593,-1.6));
#1816 = CARTESIAN_POINT('',(-49.87889875912,35.001443765354,-1.6));
#1817 = CARTESIAN_POINT('',(-49.875,35.214037817959,-1.451298953591));
#1818 = CARTESIAN_POINT('',(-49.875,35.3,-1.239791576166));
#1819 = PCURVE('',#1702,#1820);
#1820 = DEFINITIONAL_REPRESENTATION('',(#1821),#1847);
#1821 = B_SPLINE_CURVE_WITH_KNOTS('',3,(#1822,#1823,#1824,#1825,#1826,
    #1827,#1828,#1829,#1830,#1831,#1832,#1833,#1834,#1835,#1836,#1837,
    #1838,#1839,#1840,#1841,#1842,#1843,#1844,#1845,#1846),
  .UNSPECIFIED.,.F.,.F.,(4,1,1,1,1,1,1,1,1,1,1,1,1,1,1,1,1,1,1,1,1,1,4),
  (-6.922059624824E-02,-6.607420550968E-02,-6.292781477113E-02,
    -5.978142403257E-02,-5.663503329401E-02,-5.348864255546E-02,
    -5.03422518169E-02,-4.719586107834E-02,-4.404947033979E-02,
    -4.090307960123E-02,-3.775668886268E-02,-3.461029812412E-02,
    -3.146390738556E-02,-2.831751664701E-02,-2.517112590845E-02,
    -2.202473516989E-02,-1.887834443134E-02,-1.573195369278E-02,
    -1.258556295423E-02,-9.439172215669E-03,-6.292781477113E-03,
    -3.146390738557E-03,-2.847154330481E-16),.UNSPECIFIED.);
#1822 = CARTESIAN_POINT('',(1.559649386906,1.622385893411));
#1823 = CARTESIAN_POINT('',(1.542791894212,1.622113724568));
#1824 = CARTESIAN_POINT('',(1.509100588409,1.621871855598));
#1825 = CARTESIAN_POINT('',(1.458555159191,1.622303798855));
#1826 = CARTESIAN_POINT('',(1.407915893402,1.623419080628));
#1827 = CARTESIAN_POINT('',(1.357117923747,1.625101913392));
#1828 = CARTESIAN_POINT('',(1.3061086434,1.62723743836));
#1829 = CARTESIAN_POINT('',(1.254848742285,1.629713768339));
#1830 = CARTESIAN_POINT('',(1.203310715136,1.632424576688));
#1831 = CARTESIAN_POINT('',(1.151477959293,1.63527120542));
#1832 = CARTESIAN_POINT('',(1.099343589049,1.638164553898));
#1833 = CARTESIAN_POINT('',(1.046909172353,1.641026659784));
#1834 = CARTESIAN_POINT('',(0.994183318357,1.643791976332));
#1835 = CARTESIAN_POINT('',(0.941180131757,1.646408326945));
#1836 = CARTESIAN_POINT('',(0.887917540213,1.648837527866));
#1837 = CARTESIAN_POINT('',(0.834415516482,1.65105567247));
#1838 = CARTESIAN_POINT('',(0.780694225341,1.653053075604));
#1839 = CARTESIAN_POINT('',(0.726772127526,1.654833881938));
#1840 = CARTESIAN_POINT('',(0.672664093394,1.656415342387));
#1841 = CARTESIAN_POINT('',(0.618379516069,1.657826780486));
#1842 = CARTESIAN_POINT('',(0.563920648169,1.659108216714));
#1843 = CARTESIAN_POINT('',(0.509280497993,1.660308825762));
#1844 = CARTESIAN_POINT('',(0.454442911725,1.661484626621));
#1845 = CARTESIAN_POINT('',(0.417731075276,1.662293332997));
#1846 = CARTESIAN_POINT('',(0.399332129717,1.662713952455));
#1847 = ( GEOMETRIC_REPRESENTATION_CONTEXT(2) 
PARAMETRIC_REPRESENTATION_CONTEXT() REPRESENTATION_CONTEXT('2D SPACE',''
  ) );
#1848 = PCURVE('',#1605,#1849);
#1849 = DEFINITIONAL_REPRESENTATION('',(#1850),#1876);
#1850 = B_SPLINE_CURVE_WITH_KNOTS('',3,(#1851,#1852,#1853,#1854,#1855,
    #1856,#1857,#1858,#1859,#1860,#1861,#1862,#1863,#1864,#1865,#1866,
    #1867,#1868,#1869,#1870,#1871,#1872,#1873,#1874,#1875),
  .UNSPECIFIED.,.F.,.F.,(4,1,1,1,1,1,1,1,1,1,1,1,1,1,1,1,1,1,1,1,1,1,4),
  (-6.922059624824E-02,-6.607420550968E-02,-6.292781477113E-02,
    -5.978142403257E-02,-5.663503329401E-02,-5.348864255546E-02,
    -5.03422518169E-02,-4.719586107834E-02,-4.404947033979E-02,
    -4.090307960123E-02,-3.775668886268E-02,-3.461029812412E-02,
    -3.146390738556E-02,-2.831751664701E-02,-2.517112590845E-02,
    -2.202473516989E-02,-1.887834443134E-02,-1.573195369278E-02,
    -1.258556295423E-02,-9.439172215669E-03,-6.292781477113E-03,
    -3.146390738557E-03,-2.914335439641E-16),.UNSPECIFIED.);
#1851 = CARTESIAN_POINT('',(4.805744864707,3.6));
#1852 = CARTESIAN_POINT('',(4.80396724678,3.6));
#1853 = CARTESIAN_POINT('',(4.800414295197,3.599385532866));
#1854 = CARTESIAN_POINT('',(4.795104167686,3.596668831242));
#1855 = CARTESIAN_POINT('',(4.789825769252,3.592205529172));
#1856 = CARTESIAN_POINT('',(4.784591591541,3.586044027135));
#1857 = CARTESIAN_POINT('',(4.779414162374,3.57823272561));
#1858 = CARTESIAN_POINT('',(4.774306047713,3.568820025074));
#1859 = CARTESIAN_POINT('',(4.769279845903,3.557854326005));
#1860 = CARTESIAN_POINT('',(4.764348183941,3.545384028883));
#1861 = CARTESIAN_POINT('',(4.759523713294,3.531457534185));
#1862 = CARTESIAN_POINT('',(4.754819106037,3.516123242389));
#1863 = CARTESIAN_POINT('',(4.750247051227,3.499429553974));
#1864 = CARTESIAN_POINT('',(4.745820251623,3.481424869418));
#1865 = CARTESIAN_POINT('',(4.741551420814,3.462157589199));
#1866 = CARTESIAN_POINT('',(4.737453280798,3.441676113796));
#1867 = CARTESIAN_POINT('',(4.733538560071,3.420028843686));
#1868 = CARTESIAN_POINT('',(4.729819992231,3.397264179348));
#1869 = CARTESIAN_POINT('',(4.726310315115,3.37343052126));
#1870 = CARTESIAN_POINT('',(4.723022270486,3.348576269901));
#1871 = CARTESIAN_POINT('',(4.719968604127,3.322749825748));
#1872 = CARTESIAN_POINT('',(4.717162066746,3.29599958928));
#1873 = CARTESIAN_POINT('',(4.714615413959,3.268373960976));
#1874 = CARTESIAN_POINT('',(4.713099412332,3.249405547867));
#1875 = CARTESIAN_POINT('',(4.712388980385,3.239791576166));
#1876 = ( GEOMETRIC_REPRESENTATION_CONTEXT(2) 
PARAMETRIC_REPRESENTATION_CONTEXT() REPRESENTATION_CONTEXT('2D SPACE',''
  ) );
#1877 = ADVANCED_FACE('',(#1878),#1734,.F.);
#1878 = FACE_BOUND('',#1879,.F.);
#1879 = EDGE_LOOP('',(#1880,#1913,#1942,#1964));
#1880 = ORIENTED_EDGE('',*,*,#1881,.T.);
#1881 = EDGE_CURVE('',#1719,#1882,#1884,.T.);
#1882 = VERTEX_POINT('',#1883);
#1883 = CARTESIAN_POINT('',(-49.875,35.35,-1.));
#1884 = SURFACE_CURVE('',#1885,(#1890,#1897),.PCURVE_S1.);
#1885 = CIRCLE('',#1886,0.6);
#1886 = AXIS2_PLACEMENT_3D('',#1887,#1888,#1889);
#1887 = CARTESIAN_POINT('',(-49.875,34.75,-1.));
#1888 = DIRECTION('',(1.,3.947459643114E-14,2.417121908351E-30));
#1889 = DIRECTION('',(3.947459643114E-14,-1.,-6.123233995737E-17));
#1890 = PCURVE('',#1734,#1891);
#1891 = DEFINITIONAL_REPRESENTATION('',(#1892),#1896);
#1892 = LINE('',#1893,#1894);
#1893 = CARTESIAN_POINT('',(-1.570796326795,4.712388980385));
#1894 = VECTOR('',#1895,1.);
#1895 = DIRECTION('',(1.,-2.160296536073E-15));
#1896 = ( GEOMETRIC_REPRESENTATION_CONTEXT(2) 
PARAMETRIC_REPRESENTATION_CONTEXT() REPRESENTATION_CONTEXT('2D SPACE',''
  ) );
#1897 = PCURVE('',#1898,#1903);
#1898 = PLANE('',#1899);
#1899 = AXIS2_PLACEMENT_3D('',#1900,#1901,#1902);
#1900 = CARTESIAN_POINT('',(-49.875,35.75,2.));
#1901 = DIRECTION('',(-1.,-3.947459643114E-14,-2.417121908351E-30));
#1902 = DIRECTION('',(7.006492321624E-46,-6.123233995737E-17,1.));
#1903 = DEFINITIONAL_REPRESENTATION('',(#1904),#1912);
#1904 = ( BOUNDED_CURVE() B_SPLINE_CURVE(2,(#1905,#1906,#1907,#1908,
#1909,#1910,#1911),.UNSPECIFIED.,.T.,.F.) B_SPLINE_CURVE_WITH_KNOTS((1,2
    ,2,2,2,1),(-2.094395102393,0.,2.094395102393,4.188790204786,
6.28318530718,8.377580409573),.UNSPECIFIED.) CURVE() 
GEOMETRIC_REPRESENTATION_ITEM() RATIONAL_B_SPLINE_CURVE((1.,0.5,1.,0.5,
1.,0.5,1.)) REPRESENTATION_ITEM('') );
#1905 = CARTESIAN_POINT('',(-3.,-1.6));
#1906 = CARTESIAN_POINT('',(-4.039230484541,-1.6));
#1907 = CARTESIAN_POINT('',(-3.519615242271,-0.7));
#1908 = CARTESIAN_POINT('',(-3.,0.2));
#1909 = CARTESIAN_POINT('',(-2.480384757729,-0.7));
#1910 = CARTESIAN_POINT('',(-1.960769515459,-1.6));
#1911 = CARTESIAN_POINT('',(-3.,-1.6));
#1912 = ( GEOMETRIC_REPRESENTATION_CONTEXT(2) 
PARAMETRIC_REPRESENTATION_CONTEXT() REPRESENTATION_CONTEXT('2D SPACE',''
  ) );
#1913 = ORIENTED_EDGE('',*,*,#1914,.T.);
#1914 = EDGE_CURVE('',#1882,#1915,#1917,.T.);
#1915 = VERTEX_POINT('',#1916);
#1916 = CARTESIAN_POINT('',(-49.475,35.75,-1.));
#1917 = SURFACE_CURVE('',#1918,(#1923,#1930),.PCURVE_S1.);
#1918 = CIRCLE('',#1919,0.4);
#1919 = AXIS2_PLACEMENT_3D('',#1920,#1921,#1922);
#1920 = CARTESIAN_POINT('',(-49.475,35.35,-1.));
#1921 = DIRECTION('',(-5.017360510641E-29,1.33226762955E-15,-1.));
#1922 = DIRECTION('',(0.,-1.,-1.33226762955E-15));
#1923 = PCURVE('',#1734,#1924);
#1924 = DEFINITIONAL_REPRESENTATION('',(#1925),#1929);
#1925 = LINE('',#1926,#1927);
#1926 = CARTESIAN_POINT('',(1.570796326795,3.14159265359));
#1927 = VECTOR('',#1928,1.);
#1928 = DIRECTION('',(4.240739575285E-16,1.));
#1929 = ( GEOMETRIC_REPRESENTATION_CONTEXT(2) 
PARAMETRIC_REPRESENTATION_CONTEXT() REPRESENTATION_CONTEXT('2D SPACE',''
  ) );
#1930 = PCURVE('',#1931,#1936);
#1931 = CYLINDRICAL_SURFACE('',#1932,0.4);
#1932 = AXIS2_PLACEMENT_3D('',#1933,#1934,#1935);
#1933 = CARTESIAN_POINT('',(-49.475,35.35,2.));
#1934 = DIRECTION('',(0.,6.123233995737E-17,-1.));
#1935 = DIRECTION('',(-0.707106781187,0.707106781187,4.329780281177E-17)
  );
#1936 = DEFINITIONAL_REPRESENTATION('',(#1937),#1941);
#1937 = LINE('',#1938,#1939);
#1938 = CARTESIAN_POINT('',(-2.356194490192,3.));
#1939 = VECTOR('',#1940,1.);
#1940 = DIRECTION('',(1.,-5.654319433713E-16));
#1941 = ( GEOMETRIC_REPRESENTATION_CONTEXT(2) 
PARAMETRIC_REPRESENTATION_CONTEXT() REPRESENTATION_CONTEXT('2D SPACE',''
  ) );
#1942 = ORIENTED_EDGE('',*,*,#1943,.F.);
#1943 = EDGE_CURVE('',#1717,#1915,#1944,.T.);
#1944 = SURFACE_CURVE('',#1945,(#1950,#1957),.PCURVE_S1.);
#1945 = CIRCLE('',#1946,1.);
#1946 = AXIS2_PLACEMENT_3D('',#1947,#1948,#1949);
#1947 = CARTESIAN_POINT('',(-49.475,34.75,-1.));
#1948 = DIRECTION('',(1.,3.947459643114E-14,2.417121908351E-30));
#1949 = DIRECTION('',(3.947459643114E-14,-1.,-6.123233995737E-17));
#1950 = PCURVE('',#1734,#1951);
#1951 = DEFINITIONAL_REPRESENTATION('',(#1952),#1956);
#1952 = LINE('',#1953,#1954);
#1953 = CARTESIAN_POINT('',(-1.570796326795,6.28318530718));
#1954 = VECTOR('',#1955,1.);
#1955 = DIRECTION('',(1.,0.));
#1956 = ( GEOMETRIC_REPRESENTATION_CONTEXT(2) 
PARAMETRIC_REPRESENTATION_CONTEXT() REPRESENTATION_CONTEXT('2D SPACE',''
  ) );
#1957 = PCURVE('',#372,#1958);
#1958 = DEFINITIONAL_REPRESENTATION('',(#1959),#1963);
#1959 = LINE('',#1960,#1961);
#1960 = CARTESIAN_POINT('',(8.639379797372,74.40058752712));
#1961 = VECTOR('',#1962,1.);
#1962 = DIRECTION('',(-1.,3.456469464964E-14));
#1963 = ( GEOMETRIC_REPRESENTATION_CONTEXT(2) 
PARAMETRIC_REPRESENTATION_CONTEXT() REPRESENTATION_CONTEXT('2D SPACE',''
  ) );
#1964 = ORIENTED_EDGE('',*,*,#1716,.T.);
#1965 = ADVANCED_FACE('',(#1966),#1931,.F.);
#1966 = FACE_BOUND('',#1967,.F.);
#1967 = EDGE_LOOP('',(#1968,#1996,#1997,#2020));
#1968 = ORIENTED_EDGE('',*,*,#1969,.T.);
#1969 = EDGE_CURVE('',#1970,#1915,#1972,.T.);
#1970 = VERTEX_POINT('',#1971);
#1971 = CARTESIAN_POINT('',(-49.475,35.75,2.));
#1972 = SURFACE_CURVE('',#1973,(#1977,#1984),.PCURVE_S1.);
#1973 = LINE('',#1974,#1975);
#1974 = CARTESIAN_POINT('',(-49.475,35.75,2.));
#1975 = VECTOR('',#1976,1.);
#1976 = DIRECTION('',(0.,6.123233995737E-17,-1.));
#1977 = PCURVE('',#1931,#1978);
#1978 = DEFINITIONAL_REPRESENTATION('',(#1979),#1983);
#1979 = LINE('',#1980,#1981);
#1980 = CARTESIAN_POINT('',(0.785398163397,0.));
#1981 = VECTOR('',#1982,1.);
#1982 = DIRECTION('',(0.,1.));
#1983 = ( GEOMETRIC_REPRESENTATION_CONTEXT(2) 
PARAMETRIC_REPRESENTATION_CONTEXT() REPRESENTATION_CONTEXT('2D SPACE',''
  ) );
#1984 = PCURVE('',#1985,#1990);
#1985 = PLANE('',#1986);
#1986 = AXIS2_PLACEMENT_3D('',#1987,#1988,#1989);
#1987 = CARTESIAN_POINT('',(49.875,35.75,2.));
#1988 = DIRECTION('',(0.,1.,6.123233995737E-17));
#1989 = DIRECTION('',(0.,6.123233995737E-17,-1.));
#1990 = DEFINITIONAL_REPRESENTATION('',(#1991),#1995);
#1991 = LINE('',#1992,#1993);
#1992 = CARTESIAN_POINT('',(0.,99.35));
#1993 = VECTOR('',#1994,1.);
#1994 = DIRECTION('',(1.,0.));
#1995 = ( GEOMETRIC_REPRESENTATION_CONTEXT(2) 
PARAMETRIC_REPRESENTATION_CONTEXT() REPRESENTATION_CONTEXT('2D SPACE',''
  ) );
#1996 = ORIENTED_EDGE('',*,*,#1914,.F.);
#1997 = ORIENTED_EDGE('',*,*,#1998,.F.);
#1998 = EDGE_CURVE('',#1999,#1882,#2001,.T.);
#1999 = VERTEX_POINT('',#2000);
#2000 = CARTESIAN_POINT('',(-49.875,35.35,2.));
#2001 = SURFACE_CURVE('',#2002,(#2006,#2013),.PCURVE_S1.);
#2002 = LINE('',#2003,#2004);
#2003 = CARTESIAN_POINT('',(-49.875,35.35,2.));
#2004 = VECTOR('',#2005,1.);
#2005 = DIRECTION('',(0.,6.123233995737E-17,-1.));
#2006 = PCURVE('',#1931,#2007);
#2007 = DEFINITIONAL_REPRESENTATION('',(#2008),#2012);
#2008 = LINE('',#2009,#2010);
#2009 = CARTESIAN_POINT('',(-0.785398163397,0.));
#2010 = VECTOR('',#2011,1.);
#2011 = DIRECTION('',(0.,1.));
#2012 = ( GEOMETRIC_REPRESENTATION_CONTEXT(2) 
PARAMETRIC_REPRESENTATION_CONTEXT() REPRESENTATION_CONTEXT('2D SPACE',''
  ) );
#2013 = PCURVE('',#1898,#2014);
#2014 = DEFINITIONAL_REPRESENTATION('',(#2015),#2019);
#2015 = LINE('',#2016,#2017);
#2016 = CARTESIAN_POINT('',(2.449293598295E-17,-0.4));
#2017 = VECTOR('',#2018,1.);
#2018 = DIRECTION('',(-1.,0.));
#2019 = ( GEOMETRIC_REPRESENTATION_CONTEXT(2) 
PARAMETRIC_REPRESENTATION_CONTEXT() REPRESENTATION_CONTEXT('2D SPACE',''
  ) );
#2020 = ORIENTED_EDGE('',*,*,#2021,.T.);
#2021 = EDGE_CURVE('',#1999,#1970,#2022,.T.);
#2022 = SURFACE_CURVE('',#2023,(#2028,#2035),.PCURVE_S1.);
#2023 = CIRCLE('',#2024,0.4);
#2024 = AXIS2_PLACEMENT_3D('',#2025,#2026,#2027);
#2025 = CARTESIAN_POINT('',(-49.475,35.35,2.));
#2026 = DIRECTION('',(0.,6.123233995737E-17,-1.));
#2027 = DIRECTION('',(-1.,0.,0.));
#2028 = PCURVE('',#1931,#2029);
#2029 = DEFINITIONAL_REPRESENTATION('',(#2030),#2034);
#2030 = LINE('',#2031,#2032);
#2031 = CARTESIAN_POINT('',(-0.785398163397,0.));
#2032 = VECTOR('',#2033,1.);
#2033 = DIRECTION('',(1.,0.));
#2034 = ( GEOMETRIC_REPRESENTATION_CONTEXT(2) 
PARAMETRIC_REPRESENTATION_CONTEXT() REPRESENTATION_CONTEXT('2D SPACE',''
  ) );
#2035 = PCURVE('',#1371,#2036);
#2036 = DEFINITIONAL_REPRESENTATION('',(#2037),#2041);
#2037 = CIRCLE('',#2038,0.4);
#2038 = AXIS2_PLACEMENT_2D('',#2039,#2040);
#2039 = CARTESIAN_POINT('',(49.451149370361,35.35));
#2040 = DIRECTION('',(1.,0.));
#2041 = ( GEOMETRIC_REPRESENTATION_CONTEXT(2) 
PARAMETRIC_REPRESENTATION_CONTEXT() REPRESENTATION_CONTEXT('2D SPACE',''
  ) );
#2042 = ADVANCED_FACE('',(#2043),#1985,.F.);
#2043 = FACE_BOUND('',#2044,.T.);
#2044 = EDGE_LOOP('',(#2045,#2046,#2069,#2097));
#2045 = ORIENTED_EDGE('',*,*,#1969,.T.);
#2046 = ORIENTED_EDGE('',*,*,#2047,.F.);
#2047 = EDGE_CURVE('',#2048,#1915,#2050,.T.);
#2048 = VERTEX_POINT('',#2049);
#2049 = CARTESIAN_POINT('',(49.375208212031,35.75,-0.999999876314));
#2050 = SURFACE_CURVE('',#2051,(#2055,#2062),.PCURVE_S1.);
#2051 = LINE('',#2052,#2053);
#2052 = CARTESIAN_POINT('',(24.92558752712,35.75,-1.));
#2053 = VECTOR('',#2054,1.);
#2054 = DIRECTION('',(-1.,1.930775651123E-48,-3.153195929581E-32));
#2055 = PCURVE('',#1985,#2056);
#2056 = DEFINITIONAL_REPRESENTATION('',(#2057),#2061);
#2057 = LINE('',#2058,#2059);
#2058 = CARTESIAN_POINT('',(3.,24.94941247288));
#2059 = VECTOR('',#2060,1.);
#2060 = DIRECTION('',(3.153195929581E-32,1.));
#2061 = ( GEOMETRIC_REPRESENTATION_CONTEXT(2) 
PARAMETRIC_REPRESENTATION_CONTEXT() REPRESENTATION_CONTEXT('2D SPACE',''
  ) );
#2062 = PCURVE('',#372,#2063);
#2063 = DEFINITIONAL_REPRESENTATION('',(#2064),#2068);
#2064 = LINE('',#2065,#2066);
#2065 = CARTESIAN_POINT('',(5.497787143782,0.));
#2066 = VECTOR('',#2067,1.);
#2067 = DIRECTION('',(0.,1.));
#2068 = ( GEOMETRIC_REPRESENTATION_CONTEXT(2) 
PARAMETRIC_REPRESENTATION_CONTEXT() REPRESENTATION_CONTEXT('2D SPACE',''
  ) );
#2069 = ORIENTED_EDGE('',*,*,#2070,.F.);
#2070 = EDGE_CURVE('',#2071,#2048,#2073,.T.);
#2071 = VERTEX_POINT('',#2072);
#2072 = CARTESIAN_POINT('',(49.37520833695,35.75,2.));
#2073 = SURFACE_CURVE('',#2074,(#2078,#2085),.PCURVE_S1.);
#2074 = LINE('',#2075,#2076);
#2075 = CARTESIAN_POINT('',(49.37520833695,35.75,2.));
#2076 = VECTOR('',#2077,1.);
#2077 = DIRECTION('',(0.,6.123233995737E-17,-1.));
#2078 = PCURVE('',#1985,#2079);
#2079 = DEFINITIONAL_REPRESENTATION('',(#2080),#2084);
#2080 = LINE('',#2081,#2082);
#2081 = CARTESIAN_POINT('',(0.,0.49979166305));
#2082 = VECTOR('',#2083,1.);
#2083 = DIRECTION('',(1.,0.));
#2084 = ( GEOMETRIC_REPRESENTATION_CONTEXT(2) 
PARAMETRIC_REPRESENTATION_CONTEXT() REPRESENTATION_CONTEXT('2D SPACE',''
  ) );
#2085 = PCURVE('',#2086,#2091);
#2086 = CYLINDRICAL_SURFACE('',#2087,0.5);
#2087 = AXIS2_PLACEMENT_3D('',#2088,#2089,#2090);
#2088 = CARTESIAN_POINT('',(49.37520833695,35.25,2.));
#2089 = DIRECTION('',(0.,6.123233995737E-17,-1.));
#2090 = DIRECTION('',(0.704154339143,0.710046946805,4.347783603244E-17)
  );
#2091 = DEFINITIONAL_REPRESENTATION('',(#2092),#2096);
#2092 = LINE('',#2093,#2094);
#2093 = CARTESIAN_POINT('',(5.501953858676,0.));
#2094 = VECTOR('',#2095,1.);
#2095 = DIRECTION('',(0.,1.));
#2096 = ( GEOMETRIC_REPRESENTATION_CONTEXT(2) 
PARAMETRIC_REPRESENTATION_CONTEXT() REPRESENTATION_CONTEXT('2D SPACE',''
  ) );
#2097 = ORIENTED_EDGE('',*,*,#2098,.T.);
#2098 = EDGE_CURVE('',#2071,#1970,#2099,.T.);
#2099 = SURFACE_CURVE('',#2100,(#2104,#2111),.PCURVE_S1.);
#2100 = LINE('',#2101,#2102);
#2101 = CARTESIAN_POINT('',(-2.385062963887E-02,35.75,2.));
#2102 = VECTOR('',#2103,1.);
#2103 = DIRECTION('',(-1.,0.,0.));
#2104 = PCURVE('',#1985,#2105);
#2105 = DEFINITIONAL_REPRESENTATION('',(#2106),#2110);
#2106 = LINE('',#2107,#2108);
#2107 = CARTESIAN_POINT('',(0.,49.898850629639));
#2108 = VECTOR('',#2109,1.);
#2109 = DIRECTION('',(0.,1.));
#2110 = ( GEOMETRIC_REPRESENTATION_CONTEXT(2) 
PARAMETRIC_REPRESENTATION_CONTEXT() REPRESENTATION_CONTEXT('2D SPACE',''
  ) );
#2111 = PCURVE('',#1371,#2112);
#2112 = DEFINITIONAL_REPRESENTATION('',(#2113),#2117);
#2113 = LINE('',#2114,#2115);
#2114 = CARTESIAN_POINT('',(0.,35.75));
#2115 = VECTOR('',#2116,1.);
#2116 = DIRECTION('',(1.,0.));
#2117 = ( GEOMETRIC_REPRESENTATION_CONTEXT(2) 
PARAMETRIC_REPRESENTATION_CONTEXT() REPRESENTATION_CONTEXT('2D SPACE',''
  ) );
#2118 = ADVANCED_FACE('',(#2119),#372,.F.);
#2119 = FACE_BOUND('',#2120,.F.);
#2120 = EDGE_LOOP('',(#2121,#2122,#2171,#2172,#2173));
#2121 = ORIENTED_EDGE('',*,*,#2047,.F.);
#2122 = ORIENTED_EDGE('',*,*,#2123,.F.);
#2123 = EDGE_CURVE('',#328,#2048,#2124,.T.);
#2124 = SURFACE_CURVE('',#2125,(#2131,#2137),.PCURVE_S1.);
#2125 = B_SPLINE_CURVE_WITH_KNOTS('',3,(#2126,#2127,#2128,#2129,#2130),
  .UNSPECIFIED.,.F.,.F.,(4,1,4),(0.234956746146,0.274016591047,
    0.313076435948),.QUASI_UNIFORM_KNOTS.);
#2126 = CARTESIAN_POINT('',(49.400261511999,34.75,-2.));
#2127 = CARTESIAN_POINT('',(49.38832655939,35.009302620739,-2.));
#2128 = CARTESIAN_POINT('',(49.374789300469,35.533221772097,
    -1.785181627659));
#2129 = CARTESIAN_POINT('',(49.37520833695,35.75,-1.260742290465));
#2130 = CARTESIAN_POINT('',(49.37520833695,35.75,-1.));
#2131 = PCURVE('',#372,#2132);
#2132 = DEFINITIONAL_REPRESENTATION('',(#2133),#2136);
#2133 = B_SPLINE_CURVE_WITH_KNOTS('',1,(#2134,#2135),.UNSPECIFIED.,.F.,
  .F.,(2,2),(0.234956746146,0.313076435948),.PIECEWISE_BEZIER_KNOTS.);
#2134 = CARTESIAN_POINT('',(7.068583470577,-24.47467398487));
#2135 = CARTESIAN_POINT('',(5.497787143782,-24.44962080983));
#2136 = ( GEOMETRIC_REPRESENTATION_CONTEXT(2) 
PARAMETRIC_REPRESENTATION_CONTEXT() REPRESENTATION_CONTEXT('2D SPACE',''
  ) );
#2137 = PCURVE('',#2138,#2143);
#2138 = TOROIDAL_SURFACE('',#2139,0.500610487355,0.500610487355);
#2139 = AXIS2_PLACEMENT_3D('',#2140,#2141,#2142);
#2140 = CARTESIAN_POINT('',(49.409490845367,34.749981743515,
    -0.998016853807));
#2141 = DIRECTION('',(-0.997469077214,-6.746721547907E-02,
    2.244136442437E-02));
#2142 = DIRECTION('',(-6.748421064397E-02,0.997720342237,
    6.245004513517E-17));
#2143 = DEFINITIONAL_REPRESENTATION('',(#2144),#2170);
#2144 = B_SPLINE_CURVE_WITH_KNOTS('',3,(#2145,#2146,#2147,#2148,#2149,
    #2150,#2151,#2152,#2153,#2154,#2155,#2156,#2157,#2158,#2159,#2160,
    #2161,#2162,#2163,#2164,#2165,#2166,#2167,#2168,#2169),
  .UNSPECIFIED.,.F.,.F.,(4,1,1,1,1,1,1,1,1,1,1,1,1,1,1,1,1,1,1,1,1,1,4),
  (0.234956746146,0.238507641137,0.242058536128,0.245609431119,
    0.24916032611,0.252711221101,0.256262116092,0.259813011083,
    0.263363906074,0.266914801065,0.270465696056,0.274016591047,
    0.277567486038,0.281118381029,0.28466927602,0.288220171011,
    0.291771066002,0.295321960993,0.298872855984,0.302423750975,
    0.305974645966,0.309525540957,0.313076435948),
  .QUASI_UNIFORM_KNOTS.);
#2145 = CARTESIAN_POINT('',(1.570156517323,6.256699567348));
#2146 = CARTESIAN_POINT('',(1.546612498685,6.255687012401));
#2147 = CARTESIAN_POINT('',(1.499475030604,6.253559422033));
#2148 = CARTESIAN_POINT('',(1.428611337352,6.250123425528));
#2149 = CARTESIAN_POINT('',(1.357569382167,6.246505033535));
#2150 = CARTESIAN_POINT('',(1.286368896574,6.242768614059));
#2151 = CARTESIAN_POINT('',(1.215046402525,6.238978726856));
#2152 = CARTESIAN_POINT('',(1.143651008128,6.23519889979));
#2153 = CARTESIAN_POINT('',(1.072234434572,6.231489955138));
#2154 = CARTESIAN_POINT('',(1.0008423252,6.227908513768));
#2155 = CARTESIAN_POINT('',(0.92950553534,6.22450583073));
#2156 = CARTESIAN_POINT('',(0.85823130323,6.221327125868));
#2157 = CARTESIAN_POINT('',(0.786997580305,6.218411743608));
#2158 = CARTESIAN_POINT('',(0.715738668975,6.215793397574));
#2159 = CARTESIAN_POINT('',(0.644391408987,6.213524010589));
#2160 = CARTESIAN_POINT('',(0.57293614507,6.211656895969));
#2161 = CARTESIAN_POINT('',(0.50138234551,6.210243958772));
#2162 = CARTESIAN_POINT('',(0.429762889767,6.209333827787));
#2163 = CARTESIAN_POINT('',(0.358125173691,6.208970127256));
#2164 = CARTESIAN_POINT('',(0.286522310709,6.209190407688));
#2165 = CARTESIAN_POINT('',(0.215004347811,6.210025844323));
#2166 = CARTESIAN_POINT('',(0.143608159301,6.211501856961));
#2167 = CARTESIAN_POINT('',(7.235324327557E-02,6.213639564202));
#2168 = CARTESIAN_POINT('',(2.492943987908E-02,6.215518755863));
#2169 = CARTESIAN_POINT('',(1.235708774664E-03,6.216575178532));
#2170 = ( GEOMETRIC_REPRESENTATION_CONTEXT(2) 
PARAMETRIC_REPRESENTATION_CONTEXT() REPRESENTATION_CONTEXT('2D SPACE',''
  ) );
#2171 = ORIENTED_EDGE('',*,*,#356,.T.);
#2172 = ORIENTED_EDGE('',*,*,#1768,.F.);
#2173 = ORIENTED_EDGE('',*,*,#1943,.T.);
#2174 = ADVANCED_FACE('',(#2175),#429,.F.);
#2175 = FACE_BOUND('',#2176,.F.);
#2176 = EDGE_LOOP('',(#2177,#2178,#2228,#2257,#2278,#2279));
#2177 = ORIENTED_EDGE('',*,*,#413,.T.);
#2178 = ORIENTED_EDGE('',*,*,#2179,.F.);
#2179 = EDGE_CURVE('',#2180,#414,#2182,.T.);
#2180 = VERTEX_POINT('',#2181);
#2181 = CARTESIAN_POINT('',(-55.70867871003,-29.4,-1.551982912554));
#2182 = SURFACE_CURVE('',#2183,(#2188,#2194),.PCURVE_S1.);
#2183 = B_SPLINE_CURVE_WITH_KNOTS('',3,(#2184,#2185,#2186,#2187),
  .UNSPECIFIED.,.F.,.F.,(4,4),(0.,5.891471182274E-02),
  .PIECEWISE_BEZIER_KNOTS.);
#2184 = CARTESIAN_POINT('',(-55.7084510731,-29.4,-1.552326793261));
#2185 = CARTESIAN_POINT('',(-55.52767232945,-29.39999999998,
    -1.825176430465));
#2186 = CARTESIAN_POINT('',(-55.2009490706,-29.4045911885,-2.));
#2187 = CARTESIAN_POINT('',(-54.87482339035,-29.42123964094,-2.));
#2188 = PCURVE('',#429,#2189);
#2189 = DEFINITIONAL_REPRESENTATION('',(#2190),#2193);
#2190 = B_SPLINE_CURVE_WITH_KNOTS('',1,(#2191,#2192),.UNSPECIFIED.,.F.,
  .F.,(2,2),(0.,5.891471182274E-02),.PIECEWISE_BEZIER_KNOTS.);
#2191 = CARTESIAN_POINT('',(-0.200245332003,44.300000000003));
#2192 = CARTESIAN_POINT('',(0.785398163398,44.321239640949));
#2193 = ( GEOMETRIC_REPRESENTATION_CONTEXT(2) 
PARAMETRIC_REPRESENTATION_CONTEXT() REPRESENTATION_CONTEXT('2D SPACE',''
  ) );
#2194 = PCURVE('',#2195,#2200);
#2195 = TOROIDAL_SURFACE('',#2196,0.621521561389,0.399631824132);
#2196 = AXIS2_PLACEMENT_3D('',#2197,#2198,#2199);
#2197 = CARTESIAN_POINT('',(-54.86611272424,-29.45745220659,
    -0.980100356688));
#2198 = DIRECTION('',(7.150012087084E-02,0.995759489554,
    5.788585041688E-02));
#2199 = DIRECTION('',(0.997431975166,-7.162021304636E-02,
    -5.20417042793E-18));
#2200 = DEFINITIONAL_REPRESENTATION('',(#2201),#2227);
#2201 = B_SPLINE_CURVE_WITH_KNOTS('',3,(#2202,#2203,#2204,#2205,#2206,
    #2207,#2208,#2209,#2210,#2211,#2212,#2213,#2214,#2215,#2216,#2217,
    #2218,#2219,#2220,#2221,#2222,#2223,#2224,#2225,#2226),
  .UNSPECIFIED.,.F.,.F.,(4,1,1,1,1,1,1,1,1,1,1,1,1,1,1,1,1,1,1,1,1,1,4),
  (0.,2.677941446488E-03,5.355882892977E-03,8.033824339465E-03,
    1.071176578595E-02,1.338970723244E-02,1.606764867893E-02,
    1.874559012542E-02,2.142353157191E-02,2.41014730184E-02,
    2.677941446488E-02,2.945735591137E-02,3.213529735786E-02,
    3.481323880435E-02,3.749118025084E-02,4.016912169733E-02,
    4.284706314381E-02,4.55250045903E-02,4.820294603679E-02,
    5.088088748328E-02,5.355882892977E-02,5.623677037626E-02,
    5.891471182274E-02),.QUASI_UNIFORM_KNOTS.);
#2202 = CARTESIAN_POINT('',(2.546870301328,6.192573049965));
#2203 = CARTESIAN_POINT('',(2.532276599421,6.192285910639));
#2204 = CARTESIAN_POINT('',(2.503097446188,6.19181431273));
#2205 = CARTESIAN_POINT('',(2.459332945297,6.191404212606));
#2206 = CARTESIAN_POINT('',(2.415549560457,6.19128051342));
#2207 = CARTESIAN_POINT('',(2.371733244178,6.191432845464));
#2208 = CARTESIAN_POINT('',(2.327875175897,6.191850578909));
#2209 = CARTESIAN_POINT('',(2.283972027037,6.19252250838));
#2210 = CARTESIAN_POINT('',(2.24002507402,6.193436497123));
#2211 = CARTESIAN_POINT('',(2.196039566071,6.194579224505));
#2212 = CARTESIAN_POINT('',(2.152023972738,6.195936003864));
#2213 = CARTESIAN_POINT('',(2.107989216745,6.197490682601));
#2214 = CARTESIAN_POINT('',(2.063947872006,6.199225620938));
#2215 = CARTESIAN_POINT('',(2.019913342817,6.201121745732));
#2216 = CARTESIAN_POINT('',(1.975899032483,6.203158671307));
#2217 = CARTESIAN_POINT('',(1.931917512547,6.205314876163));
#2218 = CARTESIAN_POINT('',(1.887979703799,6.207567921552));
#2219 = CARTESIAN_POINT('',(1.8440940772,6.209894696142));
#2220 = CARTESIAN_POINT('',(1.800265890543,6.212271669487));
#2221 = CARTESIAN_POINT('',(1.756496440602,6.214675139508));
#2222 = CARTESIAN_POINT('',(1.712782435619,6.217081451538));
#2223 = CARTESIAN_POINT('',(1.669115114572,6.219467201606));
#2224 = CARTESIAN_POINT('',(1.625480512877,6.221809315269));
#2225 = CARTESIAN_POINT('',(1.596397266991,6.2233266776));
#2226 = CARTESIAN_POINT('',(1.581853864725,6.224070577602));
#2227 = ( GEOMETRIC_REPRESENTATION_CONTEXT(2) 
PARAMETRIC_REPRESENTATION_CONTEXT() REPRESENTATION_CONTEXT('2D SPACE',''
  ) );
#2228 = ORIENTED_EDGE('',*,*,#2229,.T.);
#2229 = EDGE_CURVE('',#2180,#2230,#2232,.T.);
#2230 = VERTEX_POINT('',#2231);
#2231 = CARTESIAN_POINT('',(-55.87482339035,-29.4,-1.));
#2232 = SURFACE_CURVE('',#2233,(#2238,#2245),.PCURVE_S1.);
#2233 = CIRCLE('',#2234,1.);
#2234 = AXIS2_PLACEMENT_3D('',#2235,#2236,#2237);
#2235 = CARTESIAN_POINT('',(-54.87482339035,-29.4,-1.));
#2236 = DIRECTION('',(0.,1.,6.123233995737E-17));
#2237 = DIRECTION('',(0.,6.123233995737E-17,-1.));
#2238 = PCURVE('',#429,#2239);
#2239 = DEFINITIONAL_REPRESENTATION('',(#2240),#2244);
#2240 = LINE('',#2241,#2242);
#2241 = CARTESIAN_POINT('',(0.785398163397,44.300000000004));
#2242 = VECTOR('',#2243,1.);
#2243 = DIRECTION('',(-1.,2.43028426219E-14));
#2244 = ( GEOMETRIC_REPRESENTATION_CONTEXT(2) 
PARAMETRIC_REPRESENTATION_CONTEXT() REPRESENTATION_CONTEXT('2D SPACE',''
  ) );
#2245 = PCURVE('',#2246,#2251);
#2246 = TOROIDAL_SURFACE('',#2247,0.6,0.4);
#2247 = AXIS2_PLACEMENT_3D('',#2248,#2249,#2250);
#2248 = CARTESIAN_POINT('',(-54.87482339035,-29.4,-1.));
#2249 = DIRECTION('',(0.,1.,6.123233995737E-17));
#2250 = DIRECTION('',(0.,6.123233995737E-17,-1.));
#2251 = DEFINITIONAL_REPRESENTATION('',(#2252),#2256);
#2252 = LINE('',#2253,#2254);
#2253 = CARTESIAN_POINT('',(-5.551115123126E-16,6.28318530718));
#2254 = VECTOR('',#2255,1.);
#2255 = DIRECTION('',(1.,0.));
#2256 = ( GEOMETRIC_REPRESENTATION_CONTEXT(2) 
PARAMETRIC_REPRESENTATION_CONTEXT() REPRESENTATION_CONTEXT('2D SPACE',''
  ) );
#2257 = ORIENTED_EDGE('',*,*,#2258,.F.);
#2258 = EDGE_CURVE('',#1322,#2230,#2259,.T.);
#2259 = SURFACE_CURVE('',#2260,(#2264,#2271),.PCURVE_S1.);
#2260 = LINE('',#2261,#2262);
#2261 = CARTESIAN_POINT('',(-55.87482339034,14.900000000001,-1.));
#2262 = VECTOR('',#2263,1.);
#2263 = DIRECTION('',(-4.887961772846E-14,-1.,-6.123233995737E-17));
#2264 = PCURVE('',#429,#2265);
#2265 = DEFINITIONAL_REPRESENTATION('',(#2266),#2270);
#2266 = LINE('',#2267,#2268);
#2267 = CARTESIAN_POINT('',(-0.785398163397,4.973799150321E-14));
#2268 = VECTOR('',#2269,1.);
#2269 = DIRECTION('',(1.661558268146E-16,1.));
#2270 = ( GEOMETRIC_REPRESENTATION_CONTEXT(2) 
PARAMETRIC_REPRESENTATION_CONTEXT() REPRESENTATION_CONTEXT('2D SPACE',''
  ) );
#2271 = PCURVE('',#1342,#2272);
#2272 = DEFINITIONAL_REPRESENTATION('',(#2273),#2277);
#2273 = LINE('',#2274,#2275);
#2274 = CARTESIAN_POINT('',(-3.,-14.89999999999));
#2275 = VECTOR('',#2276,1.);
#2276 = DIRECTION('',(0.,-1.));
#2277 = ( GEOMETRIC_REPRESENTATION_CONTEXT(2) 
PARAMETRIC_REPRESENTATION_CONTEXT() REPRESENTATION_CONTEXT('2D SPACE',''
  ) );
#2278 = ORIENTED_EDGE('',*,*,#1441,.T.);
#2279 = ORIENTED_EDGE('',*,*,#1522,.F.);
#2280 = ADVANCED_FACE('',(#2281),#1342,.F.);
#2281 = FACE_BOUND('',#2282,.T.);
#2282 = EDGE_LOOP('',(#2283,#2284,#2307,#2333));
#2283 = ORIENTED_EDGE('',*,*,#1319,.F.);
#2284 = ORIENTED_EDGE('',*,*,#2285,.F.);
#2285 = EDGE_CURVE('',#2286,#1320,#2288,.T.);
#2286 = VERTEX_POINT('',#2287);
#2287 = CARTESIAN_POINT('',(-55.87482339035,-29.4,2.));
#2288 = SURFACE_CURVE('',#2289,(#2293,#2300),.PCURVE_S1.);
#2289 = LINE('',#2290,#2291);
#2290 = CARTESIAN_POINT('',(-55.87482339035,-2.445796969146E-13,2.));
#2291 = VECTOR('',#2292,1.);
#2292 = DIRECTION('',(0.,1.,6.123233995737E-17));
#2293 = PCURVE('',#1342,#2294);
#2294 = DEFINITIONAL_REPRESENTATION('',(#2295),#2299);
#2295 = LINE('',#2296,#2297);
#2296 = CARTESIAN_POINT('',(1.82472373073E-15,-29.8));
#2297 = VECTOR('',#2298,1.);
#2298 = DIRECTION('',(0.,1.));
#2299 = ( GEOMETRIC_REPRESENTATION_CONTEXT(2) 
PARAMETRIC_REPRESENTATION_CONTEXT() REPRESENTATION_CONTEXT('2D SPACE',''
  ) );
#2300 = PCURVE('',#1371,#2301);
#2301 = DEFINITIONAL_REPRESENTATION('',(#2302),#2306);
#2302 = LINE('',#2303,#2304);
#2303 = CARTESIAN_POINT('',(55.850972760712,0.));
#2304 = VECTOR('',#2305,1.);
#2305 = DIRECTION('',(0.,1.));
#2306 = ( GEOMETRIC_REPRESENTATION_CONTEXT(2) 
PARAMETRIC_REPRESENTATION_CONTEXT() REPRESENTATION_CONTEXT('2D SPACE',''
  ) );
#2307 = ORIENTED_EDGE('',*,*,#2308,.T.);
#2308 = EDGE_CURVE('',#2286,#2230,#2309,.T.);
#2309 = SURFACE_CURVE('',#2310,(#2314,#2321),.PCURVE_S1.);
#2310 = LINE('',#2311,#2312);
#2311 = CARTESIAN_POINT('',(-55.87482339035,-29.4,2.));
#2312 = VECTOR('',#2313,1.);
#2313 = DIRECTION('',(0.,6.123233995737E-17,-1.));
#2314 = PCURVE('',#1342,#2315);
#2315 = DEFINITIONAL_REPRESENTATION('',(#2316),#2320);
#2316 = LINE('',#2317,#2318);
#2317 = CARTESIAN_POINT('',(3.624954525476E-15,-59.2));
#2318 = VECTOR('',#2319,1.);
#2319 = DIRECTION('',(-1.,0.));
#2320 = ( GEOMETRIC_REPRESENTATION_CONTEXT(2) 
PARAMETRIC_REPRESENTATION_CONTEXT() REPRESENTATION_CONTEXT('2D SPACE',''
  ) );
#2321 = PCURVE('',#2322,#2327);
#2322 = CYLINDRICAL_SURFACE('',#2323,0.4);
#2323 = AXIS2_PLACEMENT_3D('',#2324,#2325,#2326);
#2324 = CARTESIAN_POINT('',(-55.47482339035,-29.4,2.));
#2325 = DIRECTION('',(0.,6.123233995737E-17,-1.));
#2326 = DIRECTION('',(-0.707106781187,-0.707106781187,
    -4.329780281177E-17));
#2327 = DEFINITIONAL_REPRESENTATION('',(#2328),#2332);
#2328 = LINE('',#2329,#2330);
#2329 = CARTESIAN_POINT('',(7.068583470577,0.));
#2330 = VECTOR('',#2331,1.);
#2331 = DIRECTION('',(0.,1.));
#2332 = ( GEOMETRIC_REPRESENTATION_CONTEXT(2) 
PARAMETRIC_REPRESENTATION_CONTEXT() REPRESENTATION_CONTEXT('2D SPACE',''
  ) );
#2333 = ORIENTED_EDGE('',*,*,#2258,.F.);
#2334 = ADVANCED_FACE('',(#2335),#2347,.F.);
#2335 = FACE_BOUND('',#2336,.F.);
#2336 = EDGE_LOOP('',(#2337,#2365,#2389,#2417));
#2337 = ORIENTED_EDGE('',*,*,#2338,.F.);
#2338 = EDGE_CURVE('',#2339,#603,#2341,.T.);
#2339 = VERTEX_POINT('',#2340);
#2340 = CARTESIAN_POINT('',(-49.47499999999,-35.75,2.));
#2341 = SURFACE_CURVE('',#2342,(#2346,#2358),.PCURVE_S1.);
#2342 = LINE('',#2343,#2344);
#2343 = CARTESIAN_POINT('',(-49.47499999999,-35.75,2.));
#2344 = VECTOR('',#2345,1.);
#2345 = DIRECTION('',(0.,6.123233995737E-17,-1.));
#2346 = PCURVE('',#2347,#2352);
#2347 = CYLINDRICAL_SURFACE('',#2348,0.4);
#2348 = AXIS2_PLACEMENT_3D('',#2349,#2350,#2351);
#2349 = CARTESIAN_POINT('',(-49.47499999999,-35.35,2.));
#2350 = DIRECTION('',(0.,6.123233995737E-17,-1.));
#2351 = DIRECTION('',(-0.707106781187,-0.707106781187,
    -4.329780281178E-17));
#2352 = DEFINITIONAL_REPRESENTATION('',(#2353),#2357);
#2353 = LINE('',#2354,#2355);
#2354 = CARTESIAN_POINT('',(-0.785398163397,0.));
#2355 = VECTOR('',#2356,1.);
#2356 = DIRECTION('',(0.,1.));
#2357 = ( GEOMETRIC_REPRESENTATION_CONTEXT(2) 
PARAMETRIC_REPRESENTATION_CONTEXT() REPRESENTATION_CONTEXT('2D SPACE',''
  ) );
#2358 = PCURVE('',#618,#2359);
#2359 = DEFINITIONAL_REPRESENTATION('',(#2360),#2364);
#2360 = LINE('',#2361,#2362);
#2361 = CARTESIAN_POINT('',(0.,-0.400000000003));
#2362 = VECTOR('',#2363,1.);
#2363 = DIRECTION('',(-1.,0.));
#2364 = ( GEOMETRIC_REPRESENTATION_CONTEXT(2) 
PARAMETRIC_REPRESENTATION_CONTEXT() REPRESENTATION_CONTEXT('2D SPACE',''
  ) );
#2365 = ORIENTED_EDGE('',*,*,#2366,.T.);
#2366 = EDGE_CURVE('',#2339,#2367,#2369,.T.);
#2367 = VERTEX_POINT('',#2368);
#2368 = CARTESIAN_POINT('',(-49.87499999999,-35.35,2.));
#2369 = SURFACE_CURVE('',#2370,(#2375,#2382),.PCURVE_S1.);
#2370 = CIRCLE('',#2371,0.4);
#2371 = AXIS2_PLACEMENT_3D('',#2372,#2373,#2374);
#2372 = CARTESIAN_POINT('',(-49.47499999999,-35.35,2.));
#2373 = DIRECTION('',(0.,6.123233995737E-17,-1.));
#2374 = DIRECTION('',(-1.,0.,0.));
#2375 = PCURVE('',#2347,#2376);
#2376 = DEFINITIONAL_REPRESENTATION('',(#2377),#2381);
#2377 = LINE('',#2378,#2379);
#2378 = CARTESIAN_POINT('',(-5.497787143782,0.));
#2379 = VECTOR('',#2380,1.);
#2380 = DIRECTION('',(1.,0.));
#2381 = ( GEOMETRIC_REPRESENTATION_CONTEXT(2) 
PARAMETRIC_REPRESENTATION_CONTEXT() REPRESENTATION_CONTEXT('2D SPACE',''
  ) );
#2382 = PCURVE('',#1371,#2383);
#2383 = DEFINITIONAL_REPRESENTATION('',(#2384),#2388);
#2384 = CIRCLE('',#2385,0.4);
#2385 = AXIS2_PLACEMENT_2D('',#2386,#2387);
#2386 = CARTESIAN_POINT('',(49.451149370358,-35.35));
#2387 = DIRECTION('',(1.,0.));
#2388 = ( GEOMETRIC_REPRESENTATION_CONTEXT(2) 
PARAMETRIC_REPRESENTATION_CONTEXT() REPRESENTATION_CONTEXT('2D SPACE',''
  ) );
#2389 = ORIENTED_EDGE('',*,*,#2390,.T.);
#2390 = EDGE_CURVE('',#2367,#2391,#2393,.T.);
#2391 = VERTEX_POINT('',#2392);
#2392 = CARTESIAN_POINT('',(-49.87499999999,-35.35,-1.));
#2393 = SURFACE_CURVE('',#2394,(#2398,#2405),.PCURVE_S1.);
#2394 = LINE('',#2395,#2396);
#2395 = CARTESIAN_POINT('',(-49.87499999999,-35.35,2.));
#2396 = VECTOR('',#2397,1.);
#2397 = DIRECTION('',(0.,6.123233995737E-17,-1.));
#2398 = PCURVE('',#2347,#2399);
#2399 = DEFINITIONAL_REPRESENTATION('',(#2400),#2404);
#2400 = LINE('',#2401,#2402);
#2401 = CARTESIAN_POINT('',(0.785398163397,0.));
#2402 = VECTOR('',#2403,1.);
#2403 = DIRECTION('',(0.,1.));
#2404 = ( GEOMETRIC_REPRESENTATION_CONTEXT(2) 
PARAMETRIC_REPRESENTATION_CONTEXT() REPRESENTATION_CONTEXT('2D SPACE',''
  ) );
#2405 = PCURVE('',#2406,#2411);
#2406 = PLANE('',#2407);
#2407 = AXIS2_PLACEMENT_3D('',#2408,#2409,#2410);
#2408 = CARTESIAN_POINT('',(-49.87499999999,-35.3,2.));
#2409 = DIRECTION('',(-1.,0.,0.));
#2410 = DIRECTION('',(0.,-6.123233995737E-17,1.));
#2411 = DEFINITIONAL_REPRESENTATION('',(#2412),#2416);
#2412 = LINE('',#2413,#2414);
#2413 = CARTESIAN_POINT('',(3.061616997869E-18,-5.E-02));
#2414 = VECTOR('',#2415,1.);
#2415 = DIRECTION('',(-1.,0.));
#2416 = ( GEOMETRIC_REPRESENTATION_CONTEXT(2) 
PARAMETRIC_REPRESENTATION_CONTEXT() REPRESENTATION_CONTEXT('2D SPACE',''
  ) );
#2417 = ORIENTED_EDGE('',*,*,#2418,.F.);
#2418 = EDGE_CURVE('',#603,#2391,#2419,.T.);
#2419 = SURFACE_CURVE('',#2420,(#2425,#2432),.PCURVE_S1.);
#2420 = CIRCLE('',#2421,0.4);
#2421 = AXIS2_PLACEMENT_3D('',#2422,#2423,#2424);
#2422 = CARTESIAN_POINT('',(-49.47499999999,-35.35,-1.));
#2423 = DIRECTION('',(0.,6.123233995737E-17,-1.));
#2424 = DIRECTION('',(-1.,0.,0.));
#2425 = PCURVE('',#2347,#2426);
#2426 = DEFINITIONAL_REPRESENTATION('',(#2427),#2431);
#2427 = LINE('',#2428,#2429);
#2428 = CARTESIAN_POINT('',(-5.497787143782,3.));
#2429 = VECTOR('',#2430,1.);
#2430 = DIRECTION('',(1.,0.));
#2431 = ( GEOMETRIC_REPRESENTATION_CONTEXT(2) 
PARAMETRIC_REPRESENTATION_CONTEXT() REPRESENTATION_CONTEXT('2D SPACE',''
  ) );
#2432 = PCURVE('',#647,#2433);
#2433 = DEFINITIONAL_REPRESENTATION('',(#2434),#2438);
#2434 = LINE('',#2435,#2436);
#2435 = CARTESIAN_POINT('',(4.712388980385,10.995574287564));
#2436 = VECTOR('',#2437,1.);
#2437 = DIRECTION('',(0.,-1.));
#2438 = ( GEOMETRIC_REPRESENTATION_CONTEXT(2) 
PARAMETRIC_REPRESENTATION_CONTEXT() REPRESENTATION_CONTEXT('2D SPACE',''
  ) );
#2439 = ADVANCED_FACE('',(#2440),#647,.F.);
#2440 = FACE_BOUND('',#2441,.F.);
#2441 = EDGE_LOOP('',(#2442,#2443,#2444,#2472));
#2442 = ORIENTED_EDGE('',*,*,#630,.F.);
#2443 = ORIENTED_EDGE('',*,*,#2418,.T.);
#2444 = ORIENTED_EDGE('',*,*,#2445,.T.);
#2445 = EDGE_CURVE('',#2391,#2446,#2448,.T.);
#2446 = VERTEX_POINT('',#2447);
#2447 = CARTESIAN_POINT('',(-49.87499999999,-35.30000006199,
    -1.239791215328));
#2448 = SURFACE_CURVE('',#2449,(#2454,#2461),.PCURVE_S1.);
#2449 = CIRCLE('',#2450,0.6);
#2450 = AXIS2_PLACEMENT_3D('',#2451,#2452,#2453);
#2451 = CARTESIAN_POINT('',(-49.87499999999,-34.75,-1.));
#2452 = DIRECTION('',(1.,0.,0.));
#2453 = DIRECTION('',(0.,6.123233995737E-17,-1.));
#2454 = PCURVE('',#647,#2455);
#2455 = DEFINITIONAL_REPRESENTATION('',(#2456),#2460);
#2456 = LINE('',#2457,#2458);
#2457 = CARTESIAN_POINT('',(0.,4.712388980385));
#2458 = VECTOR('',#2459,1.);
#2459 = DIRECTION('',(1.,-2.160296536114E-15));
#2460 = ( GEOMETRIC_REPRESENTATION_CONTEXT(2) 
PARAMETRIC_REPRESENTATION_CONTEXT() REPRESENTATION_CONTEXT('2D SPACE',''
  ) );
#2461 = PCURVE('',#2406,#2462);
#2462 = DEFINITIONAL_REPRESENTATION('',(#2463),#2471);
#2463 = ( BOUNDED_CURVE() B_SPLINE_CURVE(2,(#2464,#2465,#2466,#2467,
#2468,#2469,#2470),.UNSPECIFIED.,.T.,.F.) B_SPLINE_CURVE_WITH_KNOTS((1,2
    ,2,2,2,1),(-2.094395102393,0.,2.094395102393,4.188790204786,
6.28318530718,8.377580409573),.UNSPECIFIED.) CURVE() 
GEOMETRIC_REPRESENTATION_ITEM() RATIONAL_B_SPLINE_CURVE((1.,0.5,1.,0.5,
1.,0.5,1.)) REPRESENTATION_ITEM('') );
#2464 = CARTESIAN_POINT('',(-3.6,0.55));
#2465 = CARTESIAN_POINT('',(-3.6,1.589230484541));
#2466 = CARTESIAN_POINT('',(-2.7,1.069615242271));
#2467 = CARTESIAN_POINT('',(-1.8,0.55));
#2468 = CARTESIAN_POINT('',(-2.7,3.038475772933E-02));
#2469 = CARTESIAN_POINT('',(-3.6,-0.489230484541));
#2470 = CARTESIAN_POINT('',(-3.6,0.55));
#2471 = ( GEOMETRIC_REPRESENTATION_CONTEXT(2) 
PARAMETRIC_REPRESENTATION_CONTEXT() REPRESENTATION_CONTEXT('2D SPACE',''
  ) );
#2472 = ORIENTED_EDGE('',*,*,#2473,.F.);
#2473 = EDGE_CURVE('',#631,#2446,#2474,.T.);
#2474 = SURFACE_CURVE('',#2475,(#2480,#2486),.PCURVE_S1.);
#2475 = B_SPLINE_CURVE_WITH_KNOTS('',3,(#2476,#2477,#2478,#2479),
  .UNSPECIFIED.,.F.,.F.,(4,4),(0.,90.),.PIECEWISE_BEZIER_KNOTS.);
#2476 = CARTESIAN_POINT('',(-49.47499999999,-35.66666666666,
    -1.399652626942));
#2477 = CARTESIAN_POINT('',(-49.68443951023,-35.66666666666,
    -1.399652626942));
#2478 = CARTESIAN_POINT('',(-49.87499999999,-35.49198621772,
    -1.323494626618));
#2479 = CARTESIAN_POINT('',(-49.87499999999,-35.3,-1.239791576165));
#2480 = PCURVE('',#647,#2481);
#2481 = DEFINITIONAL_REPRESENTATION('',(#2482),#2485);
#2482 = B_SPLINE_CURVE_WITH_KNOTS('',1,(#2483,#2484),.UNSPECIFIED.,.F.,
  .F.,(2,2),(0.,90.),.PIECEWISE_BEZIER_KNOTS.);
#2483 = CARTESIAN_POINT('',(5.123526842707,6.28318530718));
#2484 = CARTESIAN_POINT('',(5.123526842707,4.712388980385));
#2485 = ( GEOMETRIC_REPRESENTATION_CONTEXT(2) 
PARAMETRIC_REPRESENTATION_CONTEXT() REPRESENTATION_CONTEXT('2D SPACE',''
  ) );
#2486 = PCURVE('',#673,#2487);
#2487 = DEFINITIONAL_REPRESENTATION('',(#2488),#2491);
#2488 = B_SPLINE_CURVE_WITH_KNOTS('',1,(#2489,#2490),.UNSPECIFIED.,.F.,
  .F.,(2,2),(0.,90.),.PIECEWISE_BEZIER_KNOTS.);
#2489 = CARTESIAN_POINT('',(2.731448170886,9.225623844811E-02));
#2490 = CARTESIAN_POINT('',(2.742283837781,1.662699684872));
#2491 = ( GEOMETRIC_REPRESENTATION_CONTEXT(2) 
PARAMETRIC_REPRESENTATION_CONTEXT() REPRESENTATION_CONTEXT('2D SPACE',''
  ) );
#2492 = ADVANCED_FACE('',(#2493),#673,.F.);
#2493 = FACE_BOUND('',#2494,.F.);
#2494 = EDGE_LOOP('',(#2495,#2496,#2497,#2570));
#2495 = ORIENTED_EDGE('',*,*,#659,.T.);
#2496 = ORIENTED_EDGE('',*,*,#2473,.T.);
#2497 = ORIENTED_EDGE('',*,*,#2498,.T.);
#2498 = EDGE_CURVE('',#2446,#2499,#2501,.T.);
#2499 = VERTEX_POINT('',#2500);
#2500 = CARTESIAN_POINT('',(-49.89894973138,-34.78728813591,
    -1.600000000086));
#2501 = SURFACE_CURVE('',#2502,(#2507,#2536),.PCURVE_S1.);
#2502 = B_SPLINE_CURVE_WITH_KNOTS('',3,(#2503,#2504,#2505,#2506),
  .UNSPECIFIED.,.F.,.F.,(4,4),(-6.922063964085E-02,0.),
  .PIECEWISE_BEZIER_KNOTS.);
#2503 = CARTESIAN_POINT('',(-49.875,-35.3,-1.239791576165));
#2504 = CARTESIAN_POINT('',(-49.875,-35.21403776407,-1.451299086179));
#2505 = CARTESIAN_POINT('',(-49.87889874655,-35.0014438996,-1.6));
#2506 = CARTESIAN_POINT('',(-49.89894973141,-34.78728813559,-1.6));
#2507 = PCURVE('',#673,#2508);
#2508 = DEFINITIONAL_REPRESENTATION('',(#2509),#2535);
#2509 = B_SPLINE_CURVE_WITH_KNOTS('',3,(#2510,#2511,#2512,#2513,#2514,
    #2515,#2516,#2517,#2518,#2519,#2520,#2521,#2522,#2523,#2524,#2525,
    #2526,#2527,#2528,#2529,#2530,#2531,#2532,#2533,#2534),
  .UNSPECIFIED.,.F.,.F.,(4,1,1,1,1,1,1,1,1,1,1,1,1,1,1,1,1,1,1,1,1,1,4),
  (-6.922063964085E-02,-6.60742469299E-02,-6.292785421895E-02,
    -5.9781461508E-02,-5.663506879706E-02,-5.348867608611E-02,
    -5.034228337516E-02,-4.719589066421E-02,-4.404949795327E-02,
    -4.090310524232E-02,-3.775671253137E-02,-3.461031982042E-02,
    -3.146392710948E-02,-2.831753439853E-02,-2.517114168758E-02,
    -2.202474897663E-02,-1.887835626569E-02,-1.573196355474E-02,
    -1.258557084379E-02,-9.439178132843E-03,-6.292785421895E-03,
    -3.146392710948E-03,0.),.UNSPECIFIED.);
#2510 = CARTESIAN_POINT('',(2.742283837781,1.662699684872));
#2511 = CARTESIAN_POINT('',(2.723884980604,1.662279663936));
#2512 = CARTESIAN_POINT('',(2.687173299238,1.661472154709));
#2513 = CARTESIAN_POINT('',(2.63233588005,1.660298148595));
#2514 = CARTESIAN_POINT('',(2.577695830943,1.6590993322));
#2515 = CARTESIAN_POINT('',(2.523236997508,1.657819684827));
#2516 = CARTESIAN_POINT('',(2.468952387568,1.656410029659));
#2517 = CARTESIAN_POINT('',(2.414844253487,1.654830343615));
#2518 = CARTESIAN_POINT('',(2.360921988477,1.65305130011));
#2519 = CARTESIAN_POINT('',(2.307200463392,1.651055644749));
#2520 = CARTESIAN_POINT('',(2.253698139934,1.648839228992));
#2521 = CARTESIAN_POINT('',(2.200435184319,1.646411733773));
#2522 = CARTESIAN_POINT('',(2.147431571209,1.643797061211));
#2523 = CARTESIAN_POINT('',(2.094705230574,1.641033390335));
#2524 = CARTESIAN_POINT('',(2.042270269759,1.638172892851));
#2525 = CARTESIAN_POINT('',(1.990135300802,1.635281110532));
#2526 = CARTESIAN_POINT('',(1.938301894668,1.632436000726));
#2527 = CARTESIAN_POINT('',(1.886763168664,1.629726659126));
#2528 = CARTESIAN_POINT('',(1.835502523027,1.627251738877));
#2529 = CARTESIAN_POINT('',(1.784492455134,1.625117561923));
#2530 = CARTESIAN_POINT('',(1.73369365719,1.623436010924));
#2531 = CARTESIAN_POINT('',(1.683053524149,1.622321940304));
#2532 = CARTESIAN_POINT('',(1.632507189986,1.621891133359));
#2533 = CARTESIAN_POINT('',(1.598815255973,1.622133707226));
#2534 = CARTESIAN_POINT('',(1.581957443045,1.622406214665));
#2535 = ( GEOMETRIC_REPRESENTATION_CONTEXT(2) 
PARAMETRIC_REPRESENTATION_CONTEXT() REPRESENTATION_CONTEXT('2D SPACE',''
  ) );
#2536 = PCURVE('',#2537,#2542);
#2537 = CYLINDRICAL_SURFACE('',#2538,5.5);
#2538 = AXIS2_PLACEMENT_3D('',#2539,#2540,#2541);
#2539 = CARTESIAN_POINT('',(-55.375,-35.3,2.));
#2540 = DIRECTION('',(0.,6.123233995737E-17,-1.));
#2541 = DIRECTION('',(1.,-1.937843824799E-14,-1.186587118644E-30));
#2542 = DEFINITIONAL_REPRESENTATION('',(#2543),#2569);
#2543 = B_SPLINE_CURVE_WITH_KNOTS('',3,(#2544,#2545,#2546,#2547,#2548,
    #2549,#2550,#2551,#2552,#2553,#2554,#2555,#2556,#2557,#2558,#2559,
    #2560,#2561,#2562,#2563,#2564,#2565,#2566,#2567,#2568),
  .UNSPECIFIED.,.F.,.F.,(4,1,1,1,1,1,1,1,1,1,1,1,1,1,1,1,1,1,1,1,1,1,4),
  (-6.922063964085E-02,-6.60742469299E-02,-6.292785421895E-02,
    -5.9781461508E-02,-5.663506879706E-02,-5.348867608611E-02,
    -5.034228337516E-02,-4.719589066421E-02,-4.404949795327E-02,
    -4.090310524232E-02,-3.775671253137E-02,-3.461031982042E-02,
    -3.146392710948E-02,-2.831753439853E-02,-2.517114168758E-02,
    -2.202474897663E-02,-1.887835626569E-02,-1.573196355474E-02,
    -1.258557084379E-02,-9.439178132843E-03,-6.292785421895E-03,
    -3.146392710948E-03,0.),.UNSPECIFIED.);
#2544 = CARTESIAN_POINT('',(6.28318530718,3.239791576165));
#2545 = CARTESIAN_POINT('',(6.282474874787,3.249405553893));
#2546 = CARTESIAN_POINT('',(6.280958872451,3.26837397796));
#2547 = CARTESIAN_POINT('',(6.278412219088,3.295999619638));
#2548 = CARTESIAN_POINT('',(6.275605681563,3.32274986664));
#2549 = CARTESIAN_POINT('',(6.272552015431,3.348576318712));
#2550 = CARTESIAN_POINT('',(6.269263971344,3.3734305756));
#2551 = CARTESIAN_POINT('',(6.265754295028,3.39726423705));
#2552 = CARTESIAN_POINT('',(6.262035728187,3.420028902808));
#2553 = CARTESIAN_POINT('',(6.2581210086,3.441676172619));
#2554 = CARTESIAN_POINT('',(6.254022869808,3.462157646229));
#2555 = CARTESIAN_POINT('',(6.249754040248,3.481424923385));
#2556 = CARTESIAN_POINT('',(6.245327241861,3.499429603832));
#2557 = CARTESIAN_POINT('',(6.240755188177,3.516123287316));
#2558 = CARTESIAN_POINT('',(6.236050581897,3.531457573583));
#2559 = CARTESIAN_POINT('',(6.231226112019,3.545384062379));
#2560 = CARTESIAN_POINT('',(6.226294450562,3.55785435345));
#2561 = CARTESIAN_POINT('',(6.221268248933,3.568820046541));
#2562 = CARTESIAN_POINT('',(6.216160134071,3.578232741399));
#2563 = CARTESIAN_POINT('',(6.210982704263,3.586044037769));
#2564 = CARTESIAN_POINT('',(6.205748525414,3.592205535398));
#2565 = CARTESIAN_POINT('',(6.200470125286,3.596668834031));
#2566 = CARTESIAN_POINT('',(6.195159995467,3.599385533414));
#2567 = CARTESIAN_POINT('',(6.191607041899,3.6));
#2568 = CARTESIAN_POINT('',(6.189829422857,3.6));
#2569 = ( GEOMETRIC_REPRESENTATION_CONTEXT(2) 
PARAMETRIC_REPRESENTATION_CONTEXT() REPRESENTATION_CONTEXT('2D SPACE',''
  ) );
#2570 = ORIENTED_EDGE('',*,*,#2571,.F.);
#2571 = EDGE_CURVE('',#442,#2499,#2572,.T.);
#2572 = SURFACE_CURVE('',#2573,(#2578,#2584),.PCURVE_S1.);
#2573 = B_SPLINE_CURVE_WITH_KNOTS('',3,(#2574,#2575,#2576,#2577),
  .UNSPECIFIED.,.F.,.F.,(4,4),(0.,1.),.PIECEWISE_BEZIER_KNOTS.);
#2574 = CARTESIAN_POINT('',(-49.5006907841,-34.74999983187,
    -1.999799116418));
#2575 = CARTESIAN_POINT('',(-49.70877214054,-34.76991842863,
    -1.999139437989));
#2576 = CARTESIAN_POINT('',(-49.89774954205,-34.78747082343,
    -1.809012012808));
#2577 = CARTESIAN_POINT('',(-49.89806253458,-34.78721884811,
    -1.599998754972));
#2578 = PCURVE('',#673,#2579);
#2579 = DEFINITIONAL_REPRESENTATION('',(#2580),#2583);
#2580 = B_SPLINE_CURVE_WITH_KNOTS('',1,(#2581,#2582),.UNSPECIFIED.,.F.,
  .F.,(2,2),(0.,0.999999999862),.PIECEWISE_BEZIER_KNOTS.);
#2581 = CARTESIAN_POINT('',(1.571331069487,5.615300945443E-02));
#2582 = CARTESIAN_POINT('',(1.581957443043,1.622406214449));
#2583 = ( GEOMETRIC_REPRESENTATION_CONTEXT(2) 
PARAMETRIC_REPRESENTATION_CONTEXT() REPRESENTATION_CONTEXT('2D SPACE',''
  ) );
#2584 = PCURVE('',#458,#2585);
#2585 = DEFINITIONAL_REPRESENTATION('',(#2586),#2589);
#2586 = B_SPLINE_CURVE_WITH_KNOTS('',1,(#2587,#2588),.UNSPECIFIED.,.F.,
  .F.,(2,2),(0.,0.999999999862),.PIECEWISE_BEZIER_KNOTS.);
#2587 = CARTESIAN_POINT('',(3.048236752682,1.570794429887));
#2588 = CARTESIAN_POINT('',(3.048239263232,3.141595772882));
#2589 = ( GEOMETRIC_REPRESENTATION_CONTEXT(2) 
PARAMETRIC_REPRESENTATION_CONTEXT() REPRESENTATION_CONTEXT('2D SPACE',''
  ) );
#2590 = ADVANCED_FACE('',(#2591),#458,.F.);
#2591 = FACE_BOUND('',#2592,.F.);
#2592 = EDGE_LOOP('',(#2593,#2594,#2595,#2619));
#2593 = ORIENTED_EDGE('',*,*,#441,.T.);
#2594 = ORIENTED_EDGE('',*,*,#2571,.T.);
#2595 = ORIENTED_EDGE('',*,*,#2596,.F.);
#2596 = EDGE_CURVE('',#2597,#2499,#2599,.T.);
#2597 = VERTEX_POINT('',#2598);
#2598 = CARTESIAN_POINT('',(-54.90872318381,-29.8198005574,-1.6));
#2599 = SURFACE_CURVE('',#2600,(#2605,#2612),.PCURVE_S1.);
#2600 = CIRCLE('',#2601,5.5);
#2601 = AXIS2_PLACEMENT_3D('',#2602,#2603,#2604);
#2602 = CARTESIAN_POINT('',(-55.375,-35.3,-1.6));
#2603 = DIRECTION('',(3.153195929581E-32,6.123233995737E-17,-1.));
#2604 = DIRECTION('',(-1.,1.930775651123E-48,-3.153195929581E-32));
#2605 = PCURVE('',#458,#2606);
#2606 = DEFINITIONAL_REPRESENTATION('',(#2607),#2611);
#2607 = LINE('',#2608,#2609);
#2608 = CARTESIAN_POINT('',(0.,3.14159265359));
#2609 = VECTOR('',#2610,1.);
#2610 = DIRECTION('',(1.,9.567032760593E-16));
#2611 = ( GEOMETRIC_REPRESENTATION_CONTEXT(2) 
PARAMETRIC_REPRESENTATION_CONTEXT() REPRESENTATION_CONTEXT('2D SPACE',''
  ) );
#2612 = PCURVE('',#2537,#2613);
#2613 = DEFINITIONAL_REPRESENTATION('',(#2614),#2618);
#2614 = LINE('',#2615,#2616);
#2615 = CARTESIAN_POINT('',(3.14159265359,3.6));
#2616 = VECTOR('',#2617,1.);
#2617 = DIRECTION('',(1.,0.));
#2618 = ( GEOMETRIC_REPRESENTATION_CONTEXT(2) 
PARAMETRIC_REPRESENTATION_CONTEXT() REPRESENTATION_CONTEXT('2D SPACE',''
  ) );
#2619 = ORIENTED_EDGE('',*,*,#2620,.F.);
#2620 = EDGE_CURVE('',#414,#2597,#2621,.T.);
#2621 = SURFACE_CURVE('',#2622,(#2627,#2633),.PCURVE_S1.);
#2622 = B_SPLINE_CURVE_WITH_KNOTS('',3,(#2623,#2624,#2625,#2626),
  .UNSPECIFIED.,.F.,.F.,(4,4),(0.,90.),.PIECEWISE_BEZIER_KNOTS.);
#2623 = CARTESIAN_POINT('',(-54.87482339035,-29.42123964094,-2.));
#2624 = CARTESIAN_POINT('',(-54.89257877071,-29.62992518169,-2.));
#2625 = CARTESIAN_POINT('',(-54.90873366897,-29.81979966529,
    -1.809439510239));
#2626 = CARTESIAN_POINT('',(-54.90873366897,-29.81979966529,-1.6));
#2627 = PCURVE('',#458,#2628);
#2628 = DEFINITIONAL_REPRESENTATION('',(#2629),#2632);
#2629 = B_SPLINE_CURVE_WITH_KNOTS('',1,(#2630,#2631),.UNSPECIFIED.,.F.,
  .F.,(2,2),(0.,90.),.PIECEWISE_BEZIER_KNOTS.);
#2630 = CARTESIAN_POINT('',(1.655673899176,1.570796326795));
#2631 = CARTESIAN_POINT('',(1.655673899176,3.14159265359));
#2632 = ( GEOMETRIC_REPRESENTATION_CONTEXT(2) 
PARAMETRIC_REPRESENTATION_CONTEXT() REPRESENTATION_CONTEXT('2D SPACE',''
  ) );
#2633 = PCURVE('',#2195,#2634);
#2634 = DEFINITIONAL_REPRESENTATION('',(#2635),#2638);
#2635 = B_SPLINE_CURVE_WITH_KNOTS('',1,(#2636,#2637),.UNSPECIFIED.,.F.,
  .F.,(2,2),(0.,90.),.PIECEWISE_BEZIER_KNOTS.);
#2636 = CARTESIAN_POINT('',(1.581853864725,6.224070577602));
#2637 = CARTESIAN_POINT('',(1.598492701558,4.653594707288));
#2638 = ( GEOMETRIC_REPRESENTATION_CONTEXT(2) 
PARAMETRIC_REPRESENTATION_CONTEXT() REPRESENTATION_CONTEXT('2D SPACE',''
  ) );
#2639 = ADVANCED_FACE('',(#2640),#2195,.F.);
#2640 = FACE_BOUND('',#2641,.F.);
#2641 = EDGE_LOOP('',(#2642,#2711,#2712,#2713));
#2642 = ORIENTED_EDGE('',*,*,#2643,.F.);
#2643 = EDGE_CURVE('',#2180,#2644,#2646,.T.);
#2644 = VERTEX_POINT('',#2645);
#2645 = CARTESIAN_POINT('',(-55.3750000619,-29.8,-1.331395807048));
#2646 = SURFACE_CURVE('',#2647,(#2653,#2682),.PCURVE_S1.);
#2647 = B_SPLINE_CURVE_WITH_KNOTS('',3,(#2648,#2649,#2650,#2651,#2652),
  .UNSPECIFIED.,.F.,.F.,(4,1,4),(0.,0.5,1.),.QUASI_UNIFORM_KNOTS.);
#2648 = CARTESIAN_POINT('',(-55.70862910615,-29.39999974346,
    -1.552447847245));
#2649 = CARTESIAN_POINT('',(-55.70875931484,-29.53214313058,
    -1.552536382938));
#2650 = CARTESIAN_POINT('',(-55.59714850121,-29.75491748253,
    -1.478532919953));
#2651 = CARTESIAN_POINT('',(-55.43957070189,-29.80019649259,
    -1.374179664447));
#2652 = CARTESIAN_POINT('',(-55.37499948044,-29.80008252056,
    -1.331396464806));
#2653 = PCURVE('',#2195,#2654);
#2654 = DEFINITIONAL_REPRESENTATION('',(#2655),#2681);
#2655 = B_SPLINE_CURVE_WITH_KNOTS('',3,(#2656,#2657,#2658,#2659,#2660,
    #2661,#2662,#2663,#2664,#2665,#2666,#2667,#2668,#2669,#2670,#2671,
    #2672,#2673,#2674,#2675,#2676,#2677,#2678,#2679,#2680),
  .UNSPECIFIED.,.F.,.F.,(4,1,1,1,1,1,1,1,1,1,1,1,1,1,1,1,1,1,1,1,1,1,4),
  (0.,4.545454545455E-02,9.090909090909E-02,0.136363636364,
    0.181818181818,0.227272727273,0.272727272727,0.318181818182,
    0.363636363636,0.409090909091,0.454545454545,0.5,0.545454545455,
    0.590909090909,0.636363636364,0.681818181818,0.727272727273,
    0.772727272727,0.818181818182,0.863636363636,0.909090909091,
    0.954545454545,1.),.QUASI_UNIFORM_KNOTS.);
#2656 = CARTESIAN_POINT('',(2.546870301328,6.192573049967));
#2657 = CARTESIAN_POINT('',(2.546960922498,6.162522520142));
#2658 = CARTESIAN_POINT('',(2.547127767715,6.103249571637));
#2659 = CARTESIAN_POINT('',(2.547337400678,6.016470505276));
#2660 = CARTESIAN_POINT('',(2.54750924996,5.931425175699));
#2661 = CARTESIAN_POINT('',(2.547645135355,5.847866212307));
#2662 = CARTESIAN_POINT('',(2.547746344209,5.765642577246));
#2663 = CARTESIAN_POINT('',(2.547813607903,5.684705762902));
#2664 = CARTESIAN_POINT('',(2.547847194767,5.605094712066));
#2665 = CARTESIAN_POINT('',(2.547846956119,5.52692178542));
#2666 = CARTESIAN_POINT('',(2.547812376033,5.450355000302));
#2667 = CARTESIAN_POINT('',(2.547742617243,5.375598550087));
#2668 = CARTESIAN_POINT('',(2.547636572564,5.302875318623));
#2669 = CARTESIAN_POINT('',(2.547492921741,5.232402921686));
#2670 = CARTESIAN_POINT('',(2.547311234501,5.163901243546));
#2671 = CARTESIAN_POINT('',(2.547091036281,5.097152998698));
#2672 = CARTESIAN_POINT('',(2.546831860341,5.031999774885));
#2673 = CARTESIAN_POINT('',(2.546533318806,4.968342739947));
#2674 = CARTESIAN_POINT('',(2.546195187574,4.906139706603));
#2675 = CARTESIAN_POINT('',(2.545817514742,4.845401368871));
#2676 = CARTESIAN_POINT('',(2.545400738934,4.78618599644));
#2677 = CARTESIAN_POINT('',(2.544945881727,4.728594308449));
#2678 = CARTESIAN_POINT('',(2.544454586943,4.672759977398));
#2679 = CARTESIAN_POINT('',(2.544104769216,4.636822735713));
#2680 = CARTESIAN_POINT('',(2.543924724492,4.619202262075));
#2681 = ( GEOMETRIC_REPRESENTATION_CONTEXT(2) 
PARAMETRIC_REPRESENTATION_CONTEXT() REPRESENTATION_CONTEXT('2D SPACE',''
  ) );
#2682 = PCURVE('',#2246,#2683);
#2683 = DEFINITIONAL_REPRESENTATION('',(#2684),#2710);
#2684 = B_SPLINE_CURVE_WITH_KNOTS('',3,(#2685,#2686,#2687,#2688,#2689,
    #2690,#2691,#2692,#2693,#2694,#2695,#2696,#2697,#2698,#2699,#2700,
    #2701,#2702,#2703,#2704,#2705,#2706,#2707,#2708,#2709),
  .UNSPECIFIED.,.F.,.F.,(4,1,1,1,1,1,1,1,1,1,1,1,1,1,1,1,1,1,1,1,1,1,4),
  (0.,4.545454545455E-02,9.090909090909E-02,0.136363636364,
    0.181818181818,0.227272727273,0.272727272727,0.318181818182,
    0.363636363636,0.409090909091,0.454545454545,0.5,0.545454545455,
    0.590909090909,0.636363636364,0.681818181818,0.727272727273,
    0.772727272727,0.818181818182,0.863636363636,0.909090909091,
    0.954545454545,1.),.QUASI_UNIFORM_KNOTS.);
#2685 = CARTESIAN_POINT('',(0.985640914431,6.283185948172));
#2686 = CARTESIAN_POINT('',(0.985640744053,6.253178386034));
#2687 = CARTESIAN_POINT('',(0.985640804449,6.193993464281));
#2688 = CARTESIAN_POINT('',(0.985641909789,6.107351728934));
#2689 = CARTESIAN_POINT('',(0.985643837335,6.022448016387));
#2690 = CARTESIAN_POINT('',(0.985646407942,5.939034026837));
#2691 = CARTESIAN_POINT('',(0.985649442634,5.856957675238));
#2692 = CARTESIAN_POINT('',(0.985652758407,5.776169251021));
#2693 = CARTESIAN_POINT('',(0.985656162117,5.696706332571));
#2694 = CARTESIAN_POINT('',(0.98565944508,5.618679806264));
#2695 = CARTESIAN_POINT('',(0.985662377646,5.542256192363));
#2696 = CARTESIAN_POINT('',(0.985664703363,5.467638277146));
#2697 = CARTESIAN_POINT('',(0.985666134637,5.395047731842));
#2698 = CARTESIAN_POINT('',(0.985666342842,5.324701288316));
#2699 = CARTESIAN_POINT('',(0.985665467196,5.256318973813));
#2700 = CARTESIAN_POINT('',(0.985663662204,5.189683568453));
#2701 = CARTESIAN_POINT('',(0.985661098136,5.124636651408));
#2702 = CARTESIAN_POINT('',(0.985657967135,5.061079300006));
#2703 = CARTESIAN_POINT('',(0.985654488261,4.998969175497));
#2704 = CARTESIAN_POINT('',(0.985650913443,4.938316791428));
#2705 = CARTESIAN_POINT('',(0.985647532908,4.879180246804));
#2706 = CARTESIAN_POINT('',(0.985644683101,4.821660147404));
#2707 = CARTESIAN_POINT('',(0.985642745029,4.765890131544));
#2708 = CARTESIAN_POINT('',(0.985642365733,4.729991016492));
#2709 = CARTESIAN_POINT('',(0.985642476867,4.712388434641));
#2710 = ( GEOMETRIC_REPRESENTATION_CONTEXT(2) 
PARAMETRIC_REPRESENTATION_CONTEXT() REPRESENTATION_CONTEXT('2D SPACE',''
  ) );
#2711 = ORIENTED_EDGE('',*,*,#2179,.T.);
#2712 = ORIENTED_EDGE('',*,*,#2620,.T.);
#2713 = ORIENTED_EDGE('',*,*,#2714,.T.);
#2714 = EDGE_CURVE('',#2597,#2644,#2715,.T.);
#2715 = SURFACE_CURVE('',#2716,(#2721,#2750),.PCURVE_S1.);
#2716 = B_SPLINE_CURVE_WITH_KNOTS('',3,(#2717,#2718,#2719,#2720),
  .UNSPECIFIED.,.F.,.F.,(4,4),(-5.891471182274E-02,0.),
  .PIECEWISE_BEZIER_KNOTS.);
#2717 = CARTESIAN_POINT('',(-54.90873366897,-29.81979966529,-1.6));
#2718 = CARTESIAN_POINT('',(-55.09114294775,-29.80427992149,-1.6));
#2719 = CARTESIAN_POINT('',(-55.27388646541,-29.8,-1.495105858279));
#2720 = CARTESIAN_POINT('',(-55.375,-29.8,-1.331396075957));
#2721 = PCURVE('',#2195,#2722);
#2722 = DEFINITIONAL_REPRESENTATION('',(#2723),#2749);
#2723 = B_SPLINE_CURVE_WITH_KNOTS('',3,(#2724,#2725,#2726,#2727,#2728,
    #2729,#2730,#2731,#2732,#2733,#2734,#2735,#2736,#2737,#2738,#2739,
    #2740,#2741,#2742,#2743,#2744,#2745,#2746,#2747,#2748),
  .UNSPECIFIED.,.F.,.F.,(4,1,1,1,1,1,1,1,1,1,1,1,1,1,1,1,1,1,1,1,1,1,4),
  (-5.891471182274E-02,-5.623677037626E-02,-5.355882892977E-02,
    -5.088088748328E-02,-4.820294603679E-02,-4.55250045903E-02,
    -4.284706314381E-02,-4.016912169733E-02,-3.749118025084E-02,
    -3.481323880435E-02,-3.213529735786E-02,-2.945735591137E-02,
    -2.677941446488E-02,-2.41014730184E-02,-2.142353157191E-02,
    -1.874559012542E-02,-1.606764867893E-02,-1.338970723244E-02,
    -1.071176578595E-02,-8.033824339465E-03,-5.355882892977E-03,
    -2.677941446488E-03,0.),.UNSPECIFIED.);
#2724 = CARTESIAN_POINT('',(1.598492701558,4.653594707288));
#2725 = CARTESIAN_POINT('',(1.612400668242,4.654168948697));
#2726 = CARTESIAN_POINT('',(1.640202662122,4.655101349063));
#2727 = CARTESIAN_POINT('',(1.68190303125,4.655912439432));
#2728 = CARTESIAN_POINT('',(1.723642559791,4.656196776561));
#2729 = CARTESIAN_POINT('',(1.765453983679,4.656015048218));
#2730 = CARTESIAN_POINT('',(1.807364762016,4.655426463879));
#2731 = CARTESIAN_POINT('',(1.849396714152,4.654487837568));
#2732 = CARTESIAN_POINT('',(1.891566769998,4.65325267392));
#2733 = CARTESIAN_POINT('',(1.933887438355,4.651770387414));
#2734 = CARTESIAN_POINT('',(1.976367375113,4.650085620697));
#2735 = CARTESIAN_POINT('',(2.019011954801,4.648237672951));
#2736 = CARTESIAN_POINT('',(2.061823874748,4.646260037798));
#2737 = CARTESIAN_POINT('',(2.104803784996,4.644180053328));
#2738 = CARTESIAN_POINT('',(2.14795094442,4.642018665709));
#2739 = CARTESIAN_POINT('',(2.191263899537,4.639790307425));
#2740 = CARTESIAN_POINT('',(2.234741181209,4.637502890736));
#2741 = CARTESIAN_POINT('',(2.278382015143,4.635157915311));
#2742 = CARTESIAN_POINT('',(2.322187034274,4.632750692036));
#2743 = CARTESIAN_POINT('',(2.366159007404,4.630270670991));
#2744 = CARTESIAN_POINT('',(2.410303499309,4.627701912053));
#2745 = CARTESIAN_POINT('',(2.454629748252,4.625023547773));
#2746 = CARTESIAN_POINT('',(2.499150665336,4.622210793741));
#2747 = CARTESIAN_POINT('',(2.528974234621,4.620226552114));
#2748 = CARTESIAN_POINT('',(2.543924726969,4.619202504611));
#2749 = ( GEOMETRIC_REPRESENTATION_CONTEXT(2) 
PARAMETRIC_REPRESENTATION_CONTEXT() REPRESENTATION_CONTEXT('2D SPACE',''
  ) );
#2750 = PCURVE('',#2537,#2751);
#2751 = DEFINITIONAL_REPRESENTATION('',(#2752),#2778);
#2752 = B_SPLINE_CURVE_WITH_KNOTS('',3,(#2753,#2754,#2755,#2756,#2757,
    #2758,#2759,#2760,#2761,#2762,#2763,#2764,#2765,#2766,#2767,#2768,
    #2769,#2770,#2771,#2772,#2773,#2774,#2775,#2776,#2777),
  .UNSPECIFIED.,.F.,.F.,(4,1,1,1,1,1,1,1,1,1,1,1,1,1,1,1,1,1,1,1,1,1,4),
  (-5.891471182274E-02,-5.623677037626E-02,-5.355882892977E-02,
    -5.088088748328E-02,-4.820294603679E-02,-4.55250045903E-02,
    -4.284706314381E-02,-4.016912169733E-02,-3.749118025084E-02,
    -3.481323880435E-02,-3.213529735786E-02,-2.945735591137E-02,
    -2.677941446488E-02,-2.41014730184E-02,-2.142353157191E-02,
    -1.874559012542E-02,-1.606764867893E-02,-1.338970723244E-02,
    -1.071176578595E-02,-8.033824339465E-03,-5.355882892977E-03,
    -2.677941446488E-03,0.),.UNSPECIFIED.);
#2753 = CARTESIAN_POINT('',(4.797266552765,3.6));
#2754 = CARTESIAN_POINT('',(4.79575359349,3.6));
#2755 = CARTESIAN_POINT('',(4.792728133013,3.599566553133));
#2756 = CARTESIAN_POINT('',(4.788199504638,3.597642006829));
#2757 = CARTESIAN_POINT('',(4.783688617704,3.594469049114));
#2758 = CARTESIAN_POINT('',(4.779203682857,3.590073644584));
#2759 = CARTESIAN_POINT('',(4.774752929217,3.584481757834));
#2760 = CARTESIAN_POINT('',(4.77034460554,3.577719353458));
#2761 = CARTESIAN_POINT('',(4.765986977473,3.569812396053));
#2762 = CARTESIAN_POINT('',(4.761688325823,3.560786850212));
#2763 = CARTESIAN_POINT('',(4.757456944558,3.55066868053));
#2764 = CARTESIAN_POINT('',(4.753301138943,3.539483851603));
#2765 = CARTESIAN_POINT('',(4.74922922374,3.527258328025));
#2766 = CARTESIAN_POINT('',(4.745249521532,3.514018074392));
#2767 = CARTESIAN_POINT('',(4.741370361202,3.499789055297));
#2768 = CARTESIAN_POINT('',(4.737600076578,3.484597235337));
#2769 = CARTESIAN_POINT('',(4.733947005285,3.468468579106));
#2770 = CARTESIAN_POINT('',(4.730419487812,3.451429051199));
#2771 = CARTESIAN_POINT('',(4.727025866806,3.433504616211));
#2772 = CARTESIAN_POINT('',(4.723774486621,3.414721238736));
#2773 = CARTESIAN_POINT('',(4.720673693079,3.395104883371));
#2774 = CARTESIAN_POINT('',(4.717731833603,3.374681514709));
#2775 = CARTESIAN_POINT('',(4.714957257124,3.353477097345));
#2776 = CARTESIAN_POINT('',(4.713224629671,3.338837429699));
#2777 = CARTESIAN_POINT('',(4.712388980385,3.331396075957));
#2778 = ( GEOMETRIC_REPRESENTATION_CONTEXT(2) 
PARAMETRIC_REPRESENTATION_CONTEXT() REPRESENTATION_CONTEXT('2D SPACE',''
  ) );
#2779 = ADVANCED_FACE('',(#2780),#2246,.F.);
#2780 = FACE_BOUND('',#2781,.F.);
#2781 = EDGE_LOOP('',(#2782,#2815,#2837,#2838));
#2782 = ORIENTED_EDGE('',*,*,#2783,.T.);
#2783 = EDGE_CURVE('',#2644,#2784,#2786,.T.);
#2784 = VERTEX_POINT('',#2785);
#2785 = CARTESIAN_POINT('',(-55.47482339035,-29.8,-1.));
#2786 = SURFACE_CURVE('',#2787,(#2792,#2799),.PCURVE_S1.);
#2787 = CIRCLE('',#2788,0.6);
#2788 = AXIS2_PLACEMENT_3D('',#2789,#2790,#2791);
#2789 = CARTESIAN_POINT('',(-54.87482339035,-29.8,-1.));
#2790 = DIRECTION('',(0.,1.,6.123233995737E-17));
#2791 = DIRECTION('',(0.,6.123233995737E-17,-1.));
#2792 = PCURVE('',#2246,#2793);
#2793 = DEFINITIONAL_REPRESENTATION('',(#2794),#2798);
#2794 = LINE('',#2795,#2796);
#2795 = CARTESIAN_POINT('',(1.221245327088E-15,4.712388980385));
#2796 = VECTOR('',#2797,1.);
#2797 = DIRECTION('',(1.,-3.035716570602E-15));
#2798 = ( GEOMETRIC_REPRESENTATION_CONTEXT(2) 
PARAMETRIC_REPRESENTATION_CONTEXT() REPRESENTATION_CONTEXT('2D SPACE',''
  ) );
#2799 = PCURVE('',#2800,#2805);
#2800 = PLANE('',#2801);
#2801 = AXIS2_PLACEMENT_3D('',#2802,#2803,#2804);
#2802 = CARTESIAN_POINT('',(-55.87482339035,-29.8,2.));
#2803 = DIRECTION('',(0.,-1.,-6.123233995737E-17));
#2804 = DIRECTION('',(0.,-6.123233995737E-17,1.));
#2805 = DEFINITIONAL_REPRESENTATION('',(#2806),#2814);
#2806 = ( BOUNDED_CURVE() B_SPLINE_CURVE(2,(#2807,#2808,#2809,#2810,
#2811,#2812,#2813),.UNSPECIFIED.,.T.,.F.) B_SPLINE_CURVE_WITH_KNOTS((1,2
    ,2,2,2,1),(-2.094395102393,0.,2.094395102393,4.188790204786,
6.28318530718,8.377580409573),.UNSPECIFIED.) CURVE() 
GEOMETRIC_REPRESENTATION_ITEM() RATIONAL_B_SPLINE_CURVE((1.,0.5,1.,0.5,
1.,0.5,1.)) REPRESENTATION_ITEM('') );
#2807 = CARTESIAN_POINT('',(-3.6,-1.));
#2808 = CARTESIAN_POINT('',(-3.6,3.923048454134E-02));
#2809 = CARTESIAN_POINT('',(-2.7,-0.480384757729));
#2810 = CARTESIAN_POINT('',(-1.8,-1.));
#2811 = CARTESIAN_POINT('',(-2.7,-1.519615242271));
#2812 = CARTESIAN_POINT('',(-3.6,-2.039230484541));
#2813 = CARTESIAN_POINT('',(-3.6,-1.));
#2814 = ( GEOMETRIC_REPRESENTATION_CONTEXT(2) 
PARAMETRIC_REPRESENTATION_CONTEXT() REPRESENTATION_CONTEXT('2D SPACE',''
  ) );
#2815 = ORIENTED_EDGE('',*,*,#2816,.T.);
#2816 = EDGE_CURVE('',#2784,#2230,#2817,.T.);
#2817 = SURFACE_CURVE('',#2818,(#2823,#2830),.PCURVE_S1.);
#2818 = CIRCLE('',#2819,0.4);
#2819 = AXIS2_PLACEMENT_3D('',#2820,#2821,#2822);
#2820 = CARTESIAN_POINT('',(-55.47482339035,-29.4,-1.));
#2821 = DIRECTION('',(-4.379659758543E-15,6.123233995737E-17,-1.));
#2822 = DIRECTION('',(-1.,-2.681768152327E-31,4.379659758543E-15));
#2823 = PCURVE('',#2246,#2824);
#2824 = DEFINITIONAL_REPRESENTATION('',(#2825),#2829);
#2825 = LINE('',#2826,#2827);
#2826 = CARTESIAN_POINT('',(1.570796326795,3.552713678801E-15));
#2827 = VECTOR('',#2828,1.);
#2828 = DIRECTION('',(1.130863886743E-15,1.));
#2829 = ( GEOMETRIC_REPRESENTATION_CONTEXT(2) 
PARAMETRIC_REPRESENTATION_CONTEXT() REPRESENTATION_CONTEXT('2D SPACE',''
  ) );
#2830 = PCURVE('',#2322,#2831);
#2831 = DEFINITIONAL_REPRESENTATION('',(#2832),#2836);
#2832 = LINE('',#2833,#2834);
#2833 = CARTESIAN_POINT('',(0.785398163397,3.));
#2834 = VECTOR('',#2835,1.);
#2835 = DIRECTION('',(1.,-1.130863886743E-15));
#2836 = ( GEOMETRIC_REPRESENTATION_CONTEXT(2) 
PARAMETRIC_REPRESENTATION_CONTEXT() REPRESENTATION_CONTEXT('2D SPACE',''
  ) );
#2837 = ORIENTED_EDGE('',*,*,#2229,.F.);
#2838 = ORIENTED_EDGE('',*,*,#2643,.T.);
#2839 = ADVANCED_FACE('',(#2840),#2322,.F.);
#2840 = FACE_BOUND('',#2841,.F.);
#2841 = EDGE_LOOP('',(#2842,#2843,#2844,#2867));
#2842 = ORIENTED_EDGE('',*,*,#2308,.T.);
#2843 = ORIENTED_EDGE('',*,*,#2816,.F.);
#2844 = ORIENTED_EDGE('',*,*,#2845,.F.);
#2845 = EDGE_CURVE('',#2846,#2784,#2848,.T.);
#2846 = VERTEX_POINT('',#2847);
#2847 = CARTESIAN_POINT('',(-55.47482339035,-29.8,2.));
#2848 = SURFACE_CURVE('',#2849,(#2853,#2860),.PCURVE_S1.);
#2849 = LINE('',#2850,#2851);
#2850 = CARTESIAN_POINT('',(-55.47482339035,-29.8,2.));
#2851 = VECTOR('',#2852,1.);
#2852 = DIRECTION('',(0.,6.123233995737E-17,-1.));
#2853 = PCURVE('',#2322,#2854);
#2854 = DEFINITIONAL_REPRESENTATION('',(#2855),#2859);
#2855 = LINE('',#2856,#2857);
#2856 = CARTESIAN_POINT('',(5.497787143782,-4.894671864409E-29));
#2857 = VECTOR('',#2858,1.);
#2858 = DIRECTION('',(0.,1.));
#2859 = ( GEOMETRIC_REPRESENTATION_CONTEXT(2) 
PARAMETRIC_REPRESENTATION_CONTEXT() REPRESENTATION_CONTEXT('2D SPACE',''
  ) );
#2860 = PCURVE('',#2800,#2861);
#2861 = DEFINITIONAL_REPRESENTATION('',(#2862),#2866);
#2862 = LINE('',#2863,#2864);
#2863 = CARTESIAN_POINT('',(0.,-0.4));
#2864 = VECTOR('',#2865,1.);
#2865 = DIRECTION('',(-1.,-0.));
#2866 = ( GEOMETRIC_REPRESENTATION_CONTEXT(2) 
PARAMETRIC_REPRESENTATION_CONTEXT() REPRESENTATION_CONTEXT('2D SPACE',''
  ) );
#2867 = ORIENTED_EDGE('',*,*,#2868,.T.);
#2868 = EDGE_CURVE('',#2846,#2286,#2869,.T.);
#2869 = SURFACE_CURVE('',#2870,(#2875,#2882),.PCURVE_S1.);
#2870 = CIRCLE('',#2871,0.4);
#2871 = AXIS2_PLACEMENT_3D('',#2872,#2873,#2874);
#2872 = CARTESIAN_POINT('',(-55.47482339035,-29.4,2.));
#2873 = DIRECTION('',(0.,6.123233995737E-17,-1.));
#2874 = DIRECTION('',(-1.,0.,0.));
#2875 = PCURVE('',#2322,#2876);
#2876 = DEFINITIONAL_REPRESENTATION('',(#2877),#2881);
#2877 = LINE('',#2878,#2879);
#2878 = CARTESIAN_POINT('',(0.785398163397,0.));
#2879 = VECTOR('',#2880,1.);
#2880 = DIRECTION('',(1.,0.));
#2881 = ( GEOMETRIC_REPRESENTATION_CONTEXT(2) 
PARAMETRIC_REPRESENTATION_CONTEXT() REPRESENTATION_CONTEXT('2D SPACE',''
  ) );
#2882 = PCURVE('',#1371,#2883);
#2883 = DEFINITIONAL_REPRESENTATION('',(#2884),#2888);
#2884 = CIRCLE('',#2885,0.4);
#2885 = AXIS2_PLACEMENT_2D('',#2886,#2887);
#2886 = CARTESIAN_POINT('',(55.450972760712,-29.4));
#2887 = DIRECTION('',(1.,0.));
#2888 = ( GEOMETRIC_REPRESENTATION_CONTEXT(2) 
PARAMETRIC_REPRESENTATION_CONTEXT() REPRESENTATION_CONTEXT('2D SPACE',''
  ) );
#2889 = ADVANCED_FACE('',(#2890),#618,.F.);
#2890 = FACE_BOUND('',#2891,.T.);
#2891 = EDGE_LOOP('',(#2892,#2893,#2916,#2942));
#2892 = ORIENTED_EDGE('',*,*,#2338,.F.);
#2893 = ORIENTED_EDGE('',*,*,#2894,.F.);
#2894 = EDGE_CURVE('',#2895,#2339,#2897,.T.);
#2895 = VERTEX_POINT('',#2896);
#2896 = CARTESIAN_POINT('',(49.37520833695,-35.75,2.));
#2897 = SURFACE_CURVE('',#2898,(#2902,#2909),.PCURVE_S1.);
#2898 = LINE('',#2899,#2900);
#2899 = CARTESIAN_POINT('',(-2.385062963887E-02,-35.75,2.));
#2900 = VECTOR('',#2901,1.);
#2901 = DIRECTION('',(-1.,0.,0.));
#2902 = PCURVE('',#618,#2903);
#2903 = DEFINITIONAL_REPRESENTATION('',(#2904),#2908);
#2904 = LINE('',#2905,#2906);
#2905 = CARTESIAN_POINT('',(-4.35081943503E-31,-49.85114937036));
#2906 = VECTOR('',#2907,1.);
#2907 = DIRECTION('',(0.,1.));
#2908 = ( GEOMETRIC_REPRESENTATION_CONTEXT(2) 
PARAMETRIC_REPRESENTATION_CONTEXT() REPRESENTATION_CONTEXT('2D SPACE',''
  ) );
#2909 = PCURVE('',#1371,#2910);
#2910 = DEFINITIONAL_REPRESENTATION('',(#2911),#2915);
#2911 = LINE('',#2912,#2913);
#2912 = CARTESIAN_POINT('',(-0.,-35.75));
#2913 = VECTOR('',#2914,1.);
#2914 = DIRECTION('',(1.,0.));
#2915 = ( GEOMETRIC_REPRESENTATION_CONTEXT(2) 
PARAMETRIC_REPRESENTATION_CONTEXT() REPRESENTATION_CONTEXT('2D SPACE',''
  ) );
#2916 = ORIENTED_EDGE('',*,*,#2917,.T.);
#2917 = EDGE_CURVE('',#2895,#552,#2918,.T.);
#2918 = SURFACE_CURVE('',#2919,(#2923,#2930),.PCURVE_S1.);
#2919 = LINE('',#2920,#2921);
#2920 = CARTESIAN_POINT('',(49.37520833695,-35.75,2.));
#2921 = VECTOR('',#2922,1.);
#2922 = DIRECTION('',(0.,6.123233995737E-17,-1.));
#2923 = PCURVE('',#618,#2924);
#2924 = DEFINITIONAL_REPRESENTATION('',(#2925),#2929);
#2925 = LINE('',#2926,#2927);
#2926 = CARTESIAN_POINT('',(-4.35081943503E-31,-99.25020833695));
#2927 = VECTOR('',#2928,1.);
#2928 = DIRECTION('',(-1.,0.));
#2929 = ( GEOMETRIC_REPRESENTATION_CONTEXT(2) 
PARAMETRIC_REPRESENTATION_CONTEXT() REPRESENTATION_CONTEXT('2D SPACE',''
  ) );
#2930 = PCURVE('',#2931,#2936);
#2931 = CYLINDRICAL_SURFACE('',#2932,0.5);
#2932 = AXIS2_PLACEMENT_3D('',#2933,#2934,#2935);
#2933 = CARTESIAN_POINT('',(49.37520833695,-35.25,2.));
#2934 = DIRECTION('',(0.,6.123233995737E-17,-1.));
#2935 = DIRECTION('',(0.704154339143,-0.710046946805,-4.347783603244E-17
    ));
#2936 = DEFINITIONAL_REPRESENTATION('',(#2937),#2941);
#2937 = LINE('',#2938,#2939);
#2938 = CARTESIAN_POINT('',(0.781231448504,0.));
#2939 = VECTOR('',#2940,1.);
#2940 = DIRECTION('',(0.,1.));
#2941 = ( GEOMETRIC_REPRESENTATION_CONTEXT(2) 
PARAMETRIC_REPRESENTATION_CONTEXT() REPRESENTATION_CONTEXT('2D SPACE',''
  ) );
#2942 = ORIENTED_EDGE('',*,*,#602,.F.);
#2943 = ADVANCED_FACE('',(#2944),#2959,.F.);
#2944 = FACE_BOUND('',#2945,.F.);
#2945 = EDGE_LOOP('',(#2946,#3026,#3069,#3115));
#2946 = ORIENTED_EDGE('',*,*,#2947,.T.);
#2947 = EDGE_CURVE('',#2948,#2950,#2952,.T.);
#2948 = VERTEX_POINT('',#2949);
#2949 = CARTESIAN_POINT('',(55.32932855816,-29.80018962877,
    -1.000018779551));
#2950 = VERTEX_POINT('',#2951);
#2951 = CARTESIAN_POINT('',(54.870995225819,-29.82314148552,
    -1.500000000107));
#2952 = SURFACE_CURVE('',#2953,(#2958,#2992),.PCURVE_S1.);
#2953 = B_SPLINE_CURVE_WITH_KNOTS('',3,(#2954,#2955,#2956,#2957),
  .UNSPECIFIED.,.F.,.F.,(4,4),(-0.313074128996,-0.234956379007),
  .PIECEWISE_BEZIER_KNOTS.);
#2954 = CARTESIAN_POINT('',(55.329328558513,-29.80018962877,
    -1.000018779551));
#2955 = CARTESIAN_POINT('',(55.329319266004,-29.80018970594,
    -1.260755337315));
#2956 = CARTESIAN_POINT('',(55.108684038937,-29.80126830834,-1.5));
#2957 = CARTESIAN_POINT('',(54.870995225515,-29.82314148555,-1.5));
#2958 = PCURVE('',#2959,#2964);
#2959 = TOROIDAL_SURFACE('',#2960,0.500610450395,0.500610450395);
#2960 = AXIS2_PLACEMENT_3D('',#2961,#2962,#2963);
#2961 = CARTESIAN_POINT('',(54.825157356124,-29.33447464035,
    -0.998017003043));
#2962 = DIRECTION('',(-6.743782094137E-02,0.997471066698,
    2.244128800101E-02));
#2963 = DIRECTION('',(0.99772233051,6.745480858597E-02,
    5.421010862428E-18));
#2964 = DEFINITIONAL_REPRESENTATION('',(#2965),#2991);
#2965 = B_SPLINE_CURVE_WITH_KNOTS('',3,(#2966,#2967,#2968,#2969,#2970,
    #2971,#2972,#2973,#2974,#2975,#2976,#2977,#2978,#2979,#2980,#2981,
    #2982,#2983,#2984,#2985,#2986,#2987,#2988,#2989,#2990),
  .UNSPECIFIED.,.F.,.F.,(4,1,1,1,1,1,1,1,1,1,1,1,1,1,1,1,1,1,1,1,1,1,4),
  (-0.313074128996,-0.309523322179,-0.305972515361,-0.302421708543,
    -0.298870901726,-0.295320094908,-0.29176928809,-0.288218481272,
    -0.284667674455,-0.281116867637,-0.277566060819,-0.274015254002,
    -0.270464447184,-0.266913640366,-0.263362833548,-0.259812026731,
    -0.256261219913,-0.252710413095,-0.249159606278,-0.24560879946,
    -0.242057992642,-0.238507185824,-0.234956379007),
  .QUASI_UNIFORM_KNOTS.);
#2966 = CARTESIAN_POINT('',(-1.9482710833E-02,4.654463876797));
#2967 = CARTESIAN_POINT('',(5.627392299675E-03,4.654033155892));
#2968 = CARTESIAN_POINT('',(5.571489637397E-02,4.653132390984));
#2969 = CARTESIAN_POINT('',(0.130556194,4.651796172806));
#2970 = CARTESIAN_POINT('',(0.2052356343,4.650606680711));
#2971 = CARTESIAN_POINT('',(0.279811482683,4.649699567118));
#2972 = CARTESIAN_POINT('',(0.354300218852,4.649201590031));
#2973 = CARTESIAN_POINT('',(0.428674940415,4.649223792065));
#2974 = CARTESIAN_POINT('',(0.502873656936,4.64985436132));
#2975 = CARTESIAN_POINT('',(0.576806752901,4.651152994634));
#2976 = CARTESIAN_POINT('',(0.650366178836,4.653146447401));
#2977 = CARTESIAN_POINT('',(0.723435189466,4.655825516195));
#2978 = CARTESIAN_POINT('',(0.79589831651,4.659143507777));
#2979 = CARTESIAN_POINT('',(0.867650980095,4.663016233948));
#2980 = CARTESIAN_POINT('',(0.938608265566,4.667323496728));
#2981 = CARTESIAN_POINT('',(1.008712499631,4.671911969729));
#2982 = CARTESIAN_POINT('',(1.077939429944,4.676599326339));
#2983 = CARTESIAN_POINT('',(1.146303017321,4.681179442769));
#2984 = CARTESIAN_POINT('',(1.213858946272,4.685428454659));
#2985 = CARTESIAN_POINT('',(1.280707377044,4.689111612057));
#2986 = CARTESIAN_POINT('',(1.346994498569,4.691990369553));
#2987 = CARTESIAN_POINT('',(1.412916409827,4.693831288446));
#2988 = CARTESIAN_POINT('',(1.478714197318,4.694410708599));
#2989 = CARTESIAN_POINT('',(1.522707226654,4.693828938517));
#2990 = CARTESIAN_POINT('',(1.544784785845,4.693262702764));
#2991 = ( GEOMETRIC_REPRESENTATION_CONTEXT(2) 
PARAMETRIC_REPRESENTATION_CONTEXT() REPRESENTATION_CONTEXT('2D SPACE',''
  ) );
#2992 = PCURVE('',#2993,#2998);
#2993 = CYLINDRICAL_SURFACE('',#2994,5.5);
#2994 = AXIS2_PLACEMENT_3D('',#2995,#2996,#2997);
#2995 = CARTESIAN_POINT('',(55.375,-35.3,2.));
#2996 = DIRECTION('',(0.,6.123233995737E-17,-1.));
#2997 = DIRECTION('',(-2.9067657372E-14,1.,6.123233995737E-17));
#2998 = DEFINITIONAL_REPRESENTATION('',(#2999),#3025);
#2999 = B_SPLINE_CURVE_WITH_KNOTS('',3,(#3000,#3001,#3002,#3003,#3004,
    #3005,#3006,#3007,#3008,#3009,#3010,#3011,#3012,#3013,#3014,#3015,
    #3016,#3017,#3018,#3019,#3020,#3021,#3022,#3023,#3024),
  .UNSPECIFIED.,.F.,.F.,(4,1,1,1,1,1,1,1,1,1,1,1,1,1,1,1,1,1,1,1,1,1,4),
  (-0.313074128996,-0.309523322179,-0.305972515361,-0.302421708543,
    -0.298870901726,-0.295320094908,-0.29176928809,-0.288218481272,
    -0.284667674455,-0.281116867637,-0.277566060819,-0.274015254002,
    -0.270464447184,-0.266913640366,-0.263362833548,-0.259812026731,
    -0.256261219913,-0.252710413095,-0.249159606278,-0.24560879946,
    -0.242057992642,-0.238507185824,-0.234956379007),
  .QUASI_UNIFORM_KNOTS.);
#3000 = CARTESIAN_POINT('',(6.274881313292,3.000018779551));
#3001 = CARTESIAN_POINT('',(6.274881236071,3.011870441267));
#3002 = CARTESIAN_POINT('',(6.274715322478,3.035484955217));
#3003 = CARTESIAN_POINT('',(6.273990009323,3.070517597031));
#3004 = CARTESIAN_POINT('',(6.272809091398,3.105038409079));
#3005 = CARTESIAN_POINT('',(6.271193395116,3.138924690701));
#3006 = CARTESIAN_POINT('',(6.269163734952,3.17205374124));
#3007 = CARTESIAN_POINT('',(6.266740911799,3.204302860038));
#3008 = CARTESIAN_POINT('',(6.263945713374,3.235549346437));
#3009 = CARTESIAN_POINT('',(6.260798915003,3.265670499779));
#3010 = CARTESIAN_POINT('',(6.257321280581,3.294543619407));
#3011 = CARTESIAN_POINT('',(6.253533563233,3.322046004661));
#3012 = CARTESIAN_POINT('',(6.249456505373,3.348054954885));
#3013 = CARTESIAN_POINT('',(6.24511083792,3.37244776942));
#3014 = CARTESIAN_POINT('',(6.240517278512,3.395101747609));
#3015 = CARTESIAN_POINT('',(6.235696528627,3.415894188793));
#3016 = CARTESIAN_POINT('',(6.230669269581,3.434702392315));
#3017 = CARTESIAN_POINT('',(6.225456157421,3.451403657517));
#3018 = CARTESIAN_POINT('',(6.22007781688,3.46587528374));
#3019 = CARTESIAN_POINT('',(6.214554834223,3.477994570327));
#3020 = CARTESIAN_POINT('',(6.208907750289,3.48763881662));
#3021 = CARTESIAN_POINT('',(6.203157049758,3.494685321961));
#3022 = CARTESIAN_POINT('',(6.197323162547,3.499011385691));
#3023 = CARTESIAN_POINT('',(6.193392000263,3.5));
#3024 = CARTESIAN_POINT('',(6.191419336233,3.5));
#3025 = ( GEOMETRIC_REPRESENTATION_CONTEXT(2) 
PARAMETRIC_REPRESENTATION_CONTEXT() REPRESENTATION_CONTEXT('2D SPACE',''
  ) );
#3026 = ORIENTED_EDGE('',*,*,#3027,.F.);
#3027 = EDGE_CURVE('',#271,#2950,#3028,.T.);
#3028 = SURFACE_CURVE('',#3029,(#3034,#3040),.PCURVE_S1.);
#3029 = B_SPLINE_CURVE_WITH_KNOTS('',3,(#3030,#3031,#3032,#3033),
  .UNSPECIFIED.,.F.,.F.,(4,4),(0.,1.),.PIECEWISE_BEZIER_KNOTS.);
#3030 = CARTESIAN_POINT('',(54.825175784737,-29.32524157214,
    -1.999107536336));
#3031 = CARTESIAN_POINT('',(54.851216146318,-29.5849655922,
    -1.998047555392));
#3032 = CARTESIAN_POINT('',(54.873478755823,-29.8208341869,
    -1.760905122784));
#3033 = CARTESIAN_POINT('',(54.870910273407,-29.82187560536,
    -1.499995783543));
#3034 = PCURVE('',#2959,#3035);
#3035 = DEFINITIONAL_REPRESENTATION('',(#3036),#3039);
#3036 = B_SPLINE_CURVE_WITH_KNOTS('',1,(#3037,#3038),.UNSPECIFIED.,.F.,
  .F.,(2,2),(0.,0.999999999859),.PIECEWISE_BEZIER_KNOTS.);
#3037 = CARTESIAN_POINT('',(1.57015579483,6.256699972292));
#3038 = CARTESIAN_POINT('',(1.544784785849,4.693262702985));
#3039 = ( GEOMETRIC_REPRESENTATION_CONTEXT(2) 
PARAMETRIC_REPRESENTATION_CONTEXT() REPRESENTATION_CONTEXT('2D SPACE',''
  ) );
#3040 = PCURVE('',#287,#3041);
#3041 = DEFINITIONAL_REPRESENTATION('',(#3042),#3068);
#3042 = B_SPLINE_CURVE_WITH_KNOTS('',3,(#3043,#3044,#3045,#3046,#3047,
    #3048,#3049,#3050,#3051,#3052,#3053,#3054,#3055,#3056,#3057,#3058,
    #3059,#3060,#3061,#3062,#3063,#3064,#3065,#3066,#3067),
  .UNSPECIFIED.,.F.,.F.,(4,1,1,1,1,1,1,1,1,1,1,1,1,1,1,1,1,1,1,1,1,1,4),
  (0.,4.545454544814E-02,9.090909089629E-02,0.136363636344,
    0.181818181793,0.227272727241,0.272727272689,0.318181818137,
    0.363636363585,0.409090909033,0.454545454481,0.49999999993,
    0.545454545378,0.590909090826,0.636363636274,0.681818181722,
    0.72727272717,0.772727272618,0.818181818067,0.863636363515,
    0.909090908963,0.954545454411,0.999999999859),
  .QUASI_UNIFORM_KNOTS.);
#3043 = CARTESIAN_POINT('',(1.479030275219,1.570788823592));
#3044 = CARTESIAN_POINT('',(1.479046413865,1.594555855153));
#3045 = CARTESIAN_POINT('',(1.479077799737,1.641920365634));
#3046 = CARTESIAN_POINT('',(1.479121983964,1.712665363497));
#3047 = CARTESIAN_POINT('',(1.479163056075,1.783335152991));
#3048 = CARTESIAN_POINT('',(1.479200788797,1.854087450634));
#3049 = CARTESIAN_POINT('',(1.479234949305,1.925037404901));
#3050 = CARTESIAN_POINT('',(1.479265299107,1.996253795728));
#3051 = CARTESIAN_POINT('',(1.479291595245,2.067764224928));
#3052 = CARTESIAN_POINT('',(1.479313591329,2.139559079502));
#3053 = CARTESIAN_POINT('',(1.479331038796,2.211597184836));
#3054 = CARTESIAN_POINT('',(1.479343688307,2.283812419108));
#3055 = CARTESIAN_POINT('',(1.479351291294,2.356121376762));
#3056 = CARTESIAN_POINT('',(1.479353601655,2.428431783748));
#3057 = CARTESIAN_POINT('',(1.4793503776,2.500651328899));
#3058 = CARTESIAN_POINT('',(1.479341383623,2.572696499392));
#3059 = CARTESIAN_POINT('',(1.479326392599,2.644501007841));
#3060 = CARTESIAN_POINT('',(1.479305188003,2.716023474323));
#3061 = CARTESIAN_POINT('',(1.479277566174,2.787254064334));
#3062 = CARTESIAN_POINT('',(1.479243338741,2.858220169497));
#3063 = CARTESIAN_POINT('',(1.479202334767,2.928990398571));
#3064 = CARTESIAN_POINT('',(1.479154404031,2.999679803608));
#3065 = CARTESIAN_POINT('',(1.479099416043,3.070446090222));
#3066 = CARTESIAN_POINT('',(1.479057988529,3.117826030609));
#3067 = CARTESIAN_POINT('',(1.479036064911,3.141601107729));
#3068 = ( GEOMETRIC_REPRESENTATION_CONTEXT(2) 
PARAMETRIC_REPRESENTATION_CONTEXT() REPRESENTATION_CONTEXT('2D SPACE',''
  ) );
#3069 = ORIENTED_EDGE('',*,*,#3070,.T.);
#3070 = EDGE_CURVE('',#271,#3071,#3073,.T.);
#3071 = VERTEX_POINT('',#3072);
#3072 = CARTESIAN_POINT('',(55.825176609652,-29.30020674283,
    -0.999999876314));
#3073 = SURFACE_CURVE('',#3074,(#3080,#3109),.PCURVE_S1.);
#3074 = B_SPLINE_CURVE_WITH_KNOTS('',3,(#3075,#3076,#3077,#3078,#3079),
  .UNSPECIFIED.,.F.,.F.,(4,1,4),(0.234956379007,0.274016191741,
    0.313076004476),.QUASI_UNIFORM_KNOTS.);
#3075 = CARTESIAN_POINT('',(54.825176609652,-29.32524525696,-2.));
#3076 = CARTESIAN_POINT('',(55.084479722318,-29.31331414659,-2.));
#3077 = CARTESIAN_POINT('',(55.608398930498,-29.29978462638,
    -1.785180932105));
#3078 = CARTESIAN_POINT('',(55.825176609652,-29.30020686775,
    -1.260742095158));
#3079 = CARTESIAN_POINT('',(55.825176609652,-29.30020686775,-1.));
#3080 = PCURVE('',#2959,#3081);
#3081 = DEFINITIONAL_REPRESENTATION('',(#3082),#3108);
#3082 = B_SPLINE_CURVE_WITH_KNOTS('',3,(#3083,#3084,#3085,#3086,#3087,
    #3088,#3089,#3090,#3091,#3092,#3093,#3094,#3095,#3096,#3097,#3098,
    #3099,#3100,#3101,#3102,#3103,#3104,#3105,#3106,#3107),
  .UNSPECIFIED.,.F.,.F.,(4,1,1,1,1,1,1,1,1,1,1,1,1,1,1,1,1,1,1,1,1,1,4),
  (0.234956379007,0.238507271073,0.24205816314,0.245609055207,
    0.249159947274,0.252710839341,0.256261731407,0.259812623474,
    0.263363515541,0.266914407608,0.270465299675,0.274016191741,
    0.277567083808,0.281117975875,0.284668867942,0.288219760009,
    0.291770652075,0.295321544142,0.298872436209,0.302423328276,
    0.305974220343,0.309525112409,0.313076004476),
  .QUASI_UNIFORM_KNOTS.);
#3083 = CARTESIAN_POINT('',(1.570155791812,6.256699723921));
#3084 = CARTESIAN_POINT('',(1.546611733791,6.255687854873));
#3085 = CARTESIAN_POINT('',(1.49947419409,6.253561639393));
#3086 = CARTESIAN_POINT('',(1.428610412756,6.25012770389));
#3087 = CARTESIAN_POINT('',(1.357568386579,6.246511361669));
#3088 = CARTESIAN_POINT('',(1.286367845422,6.242776968346));
#3089 = CARTESIAN_POINT('',(1.215045309986,6.238989070529));
#3090 = CARTESIAN_POINT('',(1.1436498876,6.235211182703));
#3091 = CARTESIAN_POINT('',(1.072233299138,6.23150411441));
#3092 = CARTESIAN_POINT('',(1.000841188099,6.227924475148));
#3093 = CARTESIAN_POINT('',(0.929504410424,6.224523510522));
#3094 = CARTESIAN_POINT('',(0.858230205414,6.221346433236));
#3095 = CARTESIAN_POINT('',(0.786996525981,6.218432582916));
#3096 = CARTESIAN_POINT('',(0.715737676483,6.215815670857));
#3097 = CARTESIAN_POINT('',(0.644390495416,6.213547611254));
#3098 = CARTESIAN_POINT('',(0.572935325707,6.211681707679));
#3099 = CARTESIAN_POINT('',(0.501381633439,6.210269855507));
#3100 = CARTESIAN_POINT('',(0.429762295538,6.20936067466));
#3101 = CARTESIAN_POINT('',(0.358124705103,6.208997782069));
#3102 = CARTESIAN_POINT('',(0.286521972738,6.209218723046));
#3103 = CARTESIAN_POINT('',(0.21500414267,6.210054670037));
#3104 = CARTESIAN_POINT('',(0.143608086662,6.211531042551));
#3105 = CARTESIAN_POINT('',(7.235330056031E-02,6.213668961));
#3106 = CARTESIAN_POINT('',(2.492958099661E-02,6.215548197037));
#3107 = CARTESIAN_POINT('',(1.235890815468E-03,6.216604618351));
#3108 = ( GEOMETRIC_REPRESENTATION_CONTEXT(2) 
PARAMETRIC_REPRESENTATION_CONTEXT() REPRESENTATION_CONTEXT('2D SPACE',''
  ) );
#3109 = PCURVE('',#315,#3110);
#3110 = DEFINITIONAL_REPRESENTATION('',(#3111),#3114);
#3111 = B_SPLINE_CURVE_WITH_KNOTS('',1,(#3112,#3113),.UNSPECIFIED.,.F.,
  .F.,(2,2),(0.234956379007,0.313076004476),.PIECEWISE_BEZIER_KNOTS.);
#3112 = CARTESIAN_POINT('',(7.068583470577,-14.42524525696));
#3113 = CARTESIAN_POINT('',(5.497787143782,-14.40020686775));
#3114 = ( GEOMETRIC_REPRESENTATION_CONTEXT(2) 
PARAMETRIC_REPRESENTATION_CONTEXT() REPRESENTATION_CONTEXT('2D SPACE',''
  ) );
#3115 = ORIENTED_EDGE('',*,*,#3116,.T.);
#3116 = EDGE_CURVE('',#3071,#2948,#3117,.T.);
#3117 = SURFACE_CURVE('',#3118,(#3123,#3129),.PCURVE_S1.);
#3118 = B_SPLINE_CURVE_WITH_KNOTS('',3,(#3119,#3120,#3121,#3122),
  .UNSPECIFIED.,.F.,.F.,(4,4),(0.,89.524216200644),
  .PIECEWISE_BEZIER_KNOTS.);
#3119 = CARTESIAN_POINT('',(55.825176609652,-29.30020686775,-1.));
#3120 = CARTESIAN_POINT('',(55.825176609652,-29.56062225658,-1.));
#3121 = CARTESIAN_POINT('',(55.589734969085,-29.79802716584,-1.));
#3122 = CARTESIAN_POINT('',(55.329328558848,-29.80018962877,-1.));
#3123 = PCURVE('',#2959,#3124);
#3124 = DEFINITIONAL_REPRESENTATION('',(#3125),#3128);
#3125 = B_SPLINE_CURVE_WITH_KNOTS('',1,(#3126,#3127),.UNSPECIFIED.,.F.,
  .F.,(2,2),(0.,89.524216200644),.PIECEWISE_BEZIER_KNOTS.);
#3126 = CARTESIAN_POINT('',(1.235890815471E-03,6.21660461835));
#3127 = CARTESIAN_POINT('',(-1.952250589431E-02,4.654464560505));
#3128 = ( GEOMETRIC_REPRESENTATION_CONTEXT(2) 
PARAMETRIC_REPRESENTATION_CONTEXT() REPRESENTATION_CONTEXT('2D SPACE',''
  ) );
#3129 = PCURVE('',#3130,#3135);
#3130 = CYLINDRICAL_SURFACE('',#3131,0.5);
#3131 = AXIS2_PLACEMENT_3D('',#3132,#3133,#3134);
#3132 = CARTESIAN_POINT('',(55.325176609652,-29.30020686775,2.));
#3133 = DIRECTION('',(0.,6.123233995737E-17,-1.));
#3134 = DIRECTION('',(0.710036582998,-0.704164789523,-4.31176577781E-17)
  );
#3135 = DEFINITIONAL_REPRESENTATION('',(#3136),#3139);
#3136 = B_SPLINE_CURVE_WITH_KNOTS('',1,(#3137,#3138),.UNSPECIFIED.,.F.,
  .F.,(2,2),(0.,89.524216200644),.PIECEWISE_BEZIER_KNOTS.);
#3137 = CARTESIAN_POINT('',(-0.781246166484,3.));
#3138 = CARTESIAN_POINT('',(0.781246166484,3.));
#3139 = ( GEOMETRIC_REPRESENTATION_CONTEXT(2) 
PARAMETRIC_REPRESENTATION_CONTEXT() REPRESENTATION_CONTEXT('2D SPACE',''
  ) );
#3140 = ADVANCED_FACE('',(#3141),#287,.F.);
#3141 = FACE_BOUND('',#3142,.F.);
#3142 = EDGE_LOOP('',(#3143,#3144,#3145,#3169));
#3143 = ORIENTED_EDGE('',*,*,#270,.T.);
#3144 = ORIENTED_EDGE('',*,*,#3027,.T.);
#3145 = ORIENTED_EDGE('',*,*,#3146,.F.);
#3146 = EDGE_CURVE('',#3147,#2950,#3149,.T.);
#3147 = VERTEX_POINT('',#3148);
#3148 = CARTESIAN_POINT('',(49.898157110399,-34.79582546418,-1.5));
#3149 = SURFACE_CURVE('',#3150,(#3155,#3162),.PCURVE_S1.);
#3150 = CIRCLE('',#3151,5.5);
#3151 = AXIS2_PLACEMENT_3D('',#3152,#3153,#3154);
#3152 = CARTESIAN_POINT('',(55.375,-35.3,-1.5));
#3153 = DIRECTION('',(3.153195929581E-32,6.123233995737E-17,-1.));
#3154 = DIRECTION('',(-1.,1.930775651123E-48,-3.153195929581E-32));
#3155 = PCURVE('',#287,#3156);
#3156 = DEFINITIONAL_REPRESENTATION('',(#3157),#3161);
#3157 = LINE('',#3158,#3159);
#3158 = CARTESIAN_POINT('',(1.249000902703E-16,3.14159265359));
#3159 = VECTOR('',#3160,1.);
#3160 = DIRECTION('',(1.,0.));
#3161 = ( GEOMETRIC_REPRESENTATION_CONTEXT(2) 
PARAMETRIC_REPRESENTATION_CONTEXT() REPRESENTATION_CONTEXT('2D SPACE',''
  ) );
#3162 = PCURVE('',#2993,#3163);
#3163 = DEFINITIONAL_REPRESENTATION('',(#3164),#3168);
#3164 = LINE('',#3165,#3166);
#3165 = CARTESIAN_POINT('',(4.712388980385,3.5));
#3166 = VECTOR('',#3167,1.);
#3167 = DIRECTION('',(1.,0.));
#3168 = ( GEOMETRIC_REPRESENTATION_CONTEXT(2) 
PARAMETRIC_REPRESENTATION_CONTEXT() REPRESENTATION_CONTEXT('2D SPACE',''
  ) );
#3169 = ORIENTED_EDGE('',*,*,#3170,.F.);
#3170 = EDGE_CURVE('',#243,#3147,#3171,.T.);
#3171 = SURFACE_CURVE('',#3172,(#3177,#3183),.PCURVE_S1.);
#3172 = B_SPLINE_CURVE_WITH_KNOTS('',3,(#3173,#3174,#3175,#3176),
  .UNSPECIFIED.,.F.,.F.,(4,4),(0.,89.999999999999),
  .PIECEWISE_BEZIER_KNOTS.);
#3173 = CARTESIAN_POINT('',(49.400261511999,-34.75,-2.));
#3174 = CARTESIAN_POINT('',(49.660958658402,-34.77399827721,-2.));
#3175 = CARTESIAN_POINT('',(49.898156385999,-34.79583333333,
    -1.761799387799));
#3176 = CARTESIAN_POINT('',(49.898156385999,-34.79583333333,-1.5));
#3177 = PCURVE('',#287,#3178);
#3178 = DEFINITIONAL_REPRESENTATION('',(#3179),#3182);
#3179 = B_SPLINE_CURVE_WITH_KNOTS('',1,(#3180,#3181),.UNSPECIFIED.,.F.,
  .F.,(2,2),(0.,89.999999999999),.PIECEWISE_BEZIER_KNOTS.);
#3180 = CARTESIAN_POINT('',(9.179553030103E-02,1.570796326795));
#3181 = CARTESIAN_POINT('',(9.179553030104E-02,3.14159265359));
#3182 = ( GEOMETRIC_REPRESENTATION_CONTEXT(2) 
PARAMETRIC_REPRESENTATION_CONTEXT() REPRESENTATION_CONTEXT('2D SPACE',''
  ) );
#3183 = PCURVE('',#568,#3184);
#3184 = DEFINITIONAL_REPRESENTATION('',(#3185),#3188);
#3185 = B_SPLINE_CURVE_WITH_KNOTS('',1,(#3186,#3187),.UNSPECIFIED.,.F.,
  .F.,(2,2),(0.,89.999999999999),.PIECEWISE_BEZIER_KNOTS.);
#3186 = CARTESIAN_POINT('',(1.572432496433,6.255830236688));
#3187 = CARTESIAN_POINT('',(1.59851112912,4.690692297814));
#3188 = ( GEOMETRIC_REPRESENTATION_CONTEXT(2) 
PARAMETRIC_REPRESENTATION_CONTEXT() REPRESENTATION_CONTEXT('2D SPACE',''
  ) );
#3189 = ADVANCED_FACE('',(#3190),#568,.F.);
#3190 = FACE_BOUND('',#3191,.F.);
#3191 = EDGE_LOOP('',(#3192,#3214,#3215,#3216));
#3192 = ORIENTED_EDGE('',*,*,#3193,.T.);
#3193 = EDGE_CURVE('',#3194,#552,#3196,.T.);
#3194 = VERTEX_POINT('',#3195);
#3195 = CARTESIAN_POINT('',(49.875190975544,-35.25416666597,
    -1.000018437105));
#3196 = SURFACE_CURVE('',#3197,(#3202,#3208),.PCURVE_S1.);
#3197 = B_SPLINE_CURVE_WITH_KNOTS('',3,(#3198,#3199,#3200,#3201),
  .UNSPECIFIED.,.F.,.F.,(4,4),(0.,89.522529644333),
  .PIECEWISE_BEZIER_KNOTS.);
#3198 = CARTESIAN_POINT('',(49.875190975538,-35.25416666666,-1.));
#3199 = CARTESIAN_POINT('',(49.873020888181,-35.51456810731,-1.));
#3200 = CARTESIAN_POINT('',(49.635618819785,-35.75,-1.));
#3201 = CARTESIAN_POINT('',(49.37520833695,-35.75,-1.));
#3202 = PCURVE('',#568,#3203);
#3203 = DEFINITIONAL_REPRESENTATION('',(#3204),#3207);
#3204 = B_SPLINE_CURVE_WITH_KNOTS('',1,(#3205,#3206),.UNSPECIFIED.,.F.,
  .F.,(2,2),(0.,89.522529644333),.PIECEWISE_BEZIER_KNOTS.);
#3205 = CARTESIAN_POINT('',(3.163822827916,4.656060745946));
#3206 = CARTESIAN_POINT('',(3.141329144773,6.216515207208));
#3207 = ( GEOMETRIC_REPRESENTATION_CONTEXT(2) 
PARAMETRIC_REPRESENTATION_CONTEXT() REPRESENTATION_CONTEXT('2D SPACE',''
  ) );
#3208 = PCURVE('',#2931,#3209);
#3209 = DEFINITIONAL_REPRESENTATION('',(#3210),#3213);
#3210 = B_SPLINE_CURVE_WITH_KNOTS('',1,(#3211,#3212),.UNSPECIFIED.,.F.,
  .F.,(2,2),(0.,89.522529644333),.PIECEWISE_BEZIER_KNOTS.);
#3211 = CARTESIAN_POINT('',(-0.781231448504,3.));
#3212 = CARTESIAN_POINT('',(0.781231448504,3.));
#3213 = ( GEOMETRIC_REPRESENTATION_CONTEXT(2) 
PARAMETRIC_REPRESENTATION_CONTEXT() REPRESENTATION_CONTEXT('2D SPACE',''
  ) );
#3214 = ORIENTED_EDGE('',*,*,#551,.T.);
#3215 = ORIENTED_EDGE('',*,*,#3170,.T.);
#3216 = ORIENTED_EDGE('',*,*,#3217,.T.);
#3217 = EDGE_CURVE('',#3147,#3194,#3218,.T.);
#3218 = SURFACE_CURVE('',#3219,(#3224,#3253),.PCURVE_S1.);
#3219 = B_SPLINE_CURVE_WITH_KNOTS('',3,(#3220,#3221,#3222,#3223),
  .UNSPECIFIED.,.F.,.F.,(4,4),(-0.39119612575,-0.313078277231),
  .PIECEWISE_BEZIER_KNOTS.);
#3220 = CARTESIAN_POINT('',(49.898156385999,-34.79583333333,-1.5));
#3221 = CARTESIAN_POINT('',(49.87627615528,-35.03352179988,-1.5));
#3222 = CARTESIAN_POINT('',(49.875191054614,-35.25415717786,
    -1.260754510826));
#3223 = CARTESIAN_POINT('',(49.875190975541,-35.25416666633,
    -1.000018437105));
#3224 = PCURVE('',#568,#3225);
#3225 = DEFINITIONAL_REPRESENTATION('',(#3226),#3252);
#3226 = B_SPLINE_CURVE_WITH_KNOTS('',3,(#3227,#3228,#3229,#3230,#3231,
    #3232,#3233,#3234,#3235,#3236,#3237,#3238,#3239,#3240,#3241,#3242,
    #3243,#3244,#3245,#3246,#3247,#3248,#3249,#3250,#3251),
  .UNSPECIFIED.,.F.,.F.,(4,1,1,1,1,1,1,1,1,1,1,1,1,1,1,1,1,1,1,1,1,1,4),
  (-0.39119612575,-0.387645314454,-0.384094503158,-0.380543691861,
    -0.376992880565,-0.373442069269,-0.369891257972,-0.366340446676,
    -0.36278963538,-0.359238824083,-0.355688012787,-0.352137201491,
    -0.348586390195,-0.345035578898,-0.341484767602,-0.337933956306,
    -0.334383145009,-0.330832333713,-0.327281522417,-0.32373071112,
    -0.320179899824,-0.316629088528,-0.313078277231),
  .QUASI_UNIFORM_KNOTS.);
#3227 = CARTESIAN_POINT('',(1.59851112912,4.690692297814));
#3228 = CARTESIAN_POINT('',(1.620645177629,4.691294214922));
#3229 = CARTESIAN_POINT('',(1.664749027302,4.691951166257));
#3230 = CARTESIAN_POINT('',(1.73070687969,4.691495835622));
#3231 = CARTESIAN_POINT('',(1.796783184658,4.689790189288));
#3232 = CARTESIAN_POINT('',(1.863218875159,4.687057740923));
#3233 = CARTESIAN_POINT('',(1.930209515532,4.683531703992));
#3234 = CARTESIAN_POINT('',(1.997900359329,4.679450281765));
#3235 = CARTESIAN_POINT('',(2.066390301316,4.675047734864));
#3236 = CARTESIAN_POINT('',(2.135733494873,4.670547274477));
#3237 = CARTESIAN_POINT('',(2.205942190541,4.666154202569));
#3238 = CARTESIAN_POINT('',(2.276990346599,4.662049862054));
#3239 = CARTESIAN_POINT('',(2.348818532058,4.658386450985));
#3240 = CARTESIAN_POINT('',(2.421340219243,4.655282920617));
#3241 = CARTESIAN_POINT('',(2.494449464751,4.652822127378));
#3242 = CARTESIAN_POINT('',(2.568029771449,4.651049385789));
#3243 = CARTESIAN_POINT('',(2.641963755143,4.649972513672));
#3244 = CARTESIAN_POINT('',(2.716143135552,4.649563402176));
#3245 = CARTESIAN_POINT('',(2.790478453283,4.649761067974));
#3246 = CARTESIAN_POINT('',(2.864908202402,4.650476131437));
#3247 = CARTESIAN_POINT('',(2.939406207213,4.651596471024));
#3248 = CARTESIAN_POINT('',(3.013989803383,4.652994371849));
#3249 = CARTESIAN_POINT('',(3.088718148122,4.654533332014));
#3250 = CARTESIAN_POINT('',(3.138719434374,4.655564996431));
#3251 = CARTESIAN_POINT('',(3.163783829576,4.656059974761));
#3252 = ( GEOMETRIC_REPRESENTATION_CONTEXT(2) 
PARAMETRIC_REPRESENTATION_CONTEXT() REPRESENTATION_CONTEXT('2D SPACE',''
  ) );
#3253 = PCURVE('',#2993,#3254);
#3254 = DEFINITIONAL_REPRESENTATION('',(#3255),#3281);
#3255 = B_SPLINE_CURVE_WITH_KNOTS('',3,(#3256,#3257,#3258,#3259,#3260,
    #3261,#3262,#3263,#3264,#3265,#3266,#3267,#3268,#3269,#3270,#3271,
    #3272,#3273,#3274,#3275,#3276,#3277,#3278,#3279,#3280),
  .UNSPECIFIED.,.F.,.F.,(4,1,1,1,1,1,1,1,1,1,1,1,1,1,1,1,1,1,1,1,1,1,4),
  (-0.39119612575,-0.387645314454,-0.384094503158,-0.380543691861,
    -0.376992880565,-0.373442069269,-0.369891257972,-0.366340446676,
    -0.36278963538,-0.359238824083,-0.355688012787,-0.352137201491,
    -0.348586390195,-0.345035578898,-0.341484767602,-0.337933956306,
    -0.334383145009,-0.330832333713,-0.327281522417,-0.32373071112,
    -0.320179899824,-0.316629088528,-0.313078277231),
  .QUASI_UNIFORM_KNOTS.);
#3256 = CARTESIAN_POINT('',(4.804184510686,3.5));
#3257 = CARTESIAN_POINT('',(4.802211844167,3.5));
#3258 = CARTESIAN_POINT('',(4.798280676999,3.499011382276));
#3259 = CARTESIAN_POINT('',(4.792446782718,3.494685304381));
#3260 = CARTESIAN_POINT('',(4.78669607536,3.487638777038));
#3261 = CARTESIAN_POINT('',(4.781048984829,3.47799450211));
#3262 = CARTESIAN_POINT('',(4.775525995788,3.465875181459));
#3263 = CARTESIAN_POINT('',(4.770147649064,3.451403516947));
#3264 = CARTESIAN_POINT('',(4.764934530907,3.434702210437));
#3265 = CARTESIAN_POINT('',(4.759907266036,3.415893963789));
#3266 = CARTESIAN_POINT('',(4.755086510485,3.395101478866));
#3267 = CARTESIAN_POINT('',(4.750492945555,3.372447457531));
#3268 = CARTESIAN_POINT('',(4.74614727271,3.348054601646));
#3269 = CARTESIAN_POINT('',(4.742070209575,3.322045613072));
#3270 = CARTESIAN_POINT('',(4.738282487056,3.294543193672));
#3271 = CARTESIAN_POINT('',(4.734804847552,3.265670045308));
#3272 = CARTESIAN_POINT('',(4.731658044175,3.235548869842));
#3273 = CARTESIAN_POINT('',(4.728862840808,3.204302369136));
#3274 = CARTESIAN_POINT('',(4.726440012762,3.172053245052));
#3275 = CARTESIAN_POINT('',(4.724410347742,3.138924199452));
#3276 = CARTESIAN_POINT('',(4.722794646627,3.105037934199));
#3277 = CARTESIAN_POINT('',(4.721613723878,3.070517151154));
#3278 = CARTESIAN_POINT('',(4.720888405896,3.03548455218));
#3279 = CARTESIAN_POINT('',(4.720722489073,3.01187007682));
#3280 = CARTESIAN_POINT('',(4.720722410233,3.000018437105));
#3281 = ( GEOMETRIC_REPRESENTATION_CONTEXT(2) 
PARAMETRIC_REPRESENTATION_CONTEXT() REPRESENTATION_CONTEXT('2D SPACE',''
  ) );
#3282 = ADVANCED_FACE('',(#3283),#2931,.F.);
#3283 = FACE_BOUND('',#3284,.F.);
#3284 = EDGE_LOOP('',(#3285,#3286,#3287,#3310));
#3285 = ORIENTED_EDGE('',*,*,#2917,.T.);
#3286 = ORIENTED_EDGE('',*,*,#3193,.F.);
#3287 = ORIENTED_EDGE('',*,*,#3288,.F.);
#3288 = EDGE_CURVE('',#3289,#3194,#3291,.T.);
#3289 = VERTEX_POINT('',#3290);
#3290 = CARTESIAN_POINT('',(49.875190975538,-35.25416666666,2.));
#3291 = SURFACE_CURVE('',#3292,(#3296,#3303),.PCURVE_S1.);
#3292 = LINE('',#3293,#3294);
#3293 = CARTESIAN_POINT('',(49.875190975538,-35.25416666666,2.));
#3294 = VECTOR('',#3295,1.);
#3295 = DIRECTION('',(0.,6.123233995737E-17,-1.));
#3296 = PCURVE('',#2931,#3297);
#3297 = DEFINITIONAL_REPRESENTATION('',(#3298),#3302);
#3298 = LINE('',#3299,#3300);
#3299 = CARTESIAN_POINT('',(-0.781231448504,0.));
#3300 = VECTOR('',#3301,1.);
#3301 = DIRECTION('',(0.,1.));
#3302 = ( GEOMETRIC_REPRESENTATION_CONTEXT(2) 
PARAMETRIC_REPRESENTATION_CONTEXT() REPRESENTATION_CONTEXT('2D SPACE',''
  ) );
#3303 = PCURVE('',#2993,#3304);
#3304 = DEFINITIONAL_REPRESENTATION('',(#3305),#3309);
#3305 = LINE('',#3306,#3307);
#3306 = CARTESIAN_POINT('',(4.720722410172,0.));
#3307 = VECTOR('',#3308,1.);
#3308 = DIRECTION('',(0.,1.));
#3309 = ( GEOMETRIC_REPRESENTATION_CONTEXT(2) 
PARAMETRIC_REPRESENTATION_CONTEXT() REPRESENTATION_CONTEXT('2D SPACE',''
  ) );
#3310 = ORIENTED_EDGE('',*,*,#3311,.T.);
#3311 = EDGE_CURVE('',#3289,#2895,#3312,.T.);
#3312 = SURFACE_CURVE('',#3313,(#3318,#3325),.PCURVE_S1.);
#3313 = CIRCLE('',#3314,0.5);
#3314 = AXIS2_PLACEMENT_3D('',#3315,#3316,#3317);
#3315 = CARTESIAN_POINT('',(49.37520833695,-35.25,2.));
#3316 = DIRECTION('',(0.,6.123233995737E-17,-1.));
#3317 = DIRECTION('',(-1.,0.,0.));
#3318 = PCURVE('',#2931,#3319);
#3319 = DEFINITIONAL_REPRESENTATION('',(#3320),#3324);
#3320 = LINE('',#3321,#3322);
#3321 = CARTESIAN_POINT('',(-3.931157531881,0.));
#3322 = VECTOR('',#3323,1.);
#3323 = DIRECTION('',(1.,0.));
#3324 = ( GEOMETRIC_REPRESENTATION_CONTEXT(2) 
PARAMETRIC_REPRESENTATION_CONTEXT() REPRESENTATION_CONTEXT('2D SPACE',''
  ) );
#3325 = PCURVE('',#1371,#3326);
#3326 = DEFINITIONAL_REPRESENTATION('',(#3327),#3331);
#3327 = CIRCLE('',#3328,0.5);
#3328 = AXIS2_PLACEMENT_2D('',#3329,#3330);
#3329 = CARTESIAN_POINT('',(-49.39905896658,-35.25));
#3330 = DIRECTION('',(1.,0.));
#3331 = ( GEOMETRIC_REPRESENTATION_CONTEXT(2) 
PARAMETRIC_REPRESENTATION_CONTEXT() REPRESENTATION_CONTEXT('2D SPACE',''
  ) );
#3332 = ADVANCED_FACE('',(#3333),#3130,.F.);
#3333 = FACE_BOUND('',#3334,.F.);
#3334 = EDGE_LOOP('',(#3335,#3358,#3359,#3387));
#3335 = ORIENTED_EDGE('',*,*,#3336,.T.);
#3336 = EDGE_CURVE('',#3337,#2948,#3339,.T.);
#3337 = VERTEX_POINT('',#3338);
#3338 = CARTESIAN_POINT('',(55.329328558848,-29.80018962877,2.));
#3339 = SURFACE_CURVE('',#3340,(#3344,#3351),.PCURVE_S1.);
#3340 = LINE('',#3341,#3342);
#3341 = CARTESIAN_POINT('',(55.329328558848,-29.80018962877,2.));
#3342 = VECTOR('',#3343,1.);
#3343 = DIRECTION('',(0.,6.123233995737E-17,-1.));
#3344 = PCURVE('',#3130,#3345);
#3345 = DEFINITIONAL_REPRESENTATION('',(#3346),#3350);
#3346 = LINE('',#3347,#3348);
#3347 = CARTESIAN_POINT('',(0.781246166484,0.));
#3348 = VECTOR('',#3349,1.);
#3349 = DIRECTION('',(0.,1.));
#3350 = ( GEOMETRIC_REPRESENTATION_CONTEXT(2) 
PARAMETRIC_REPRESENTATION_CONTEXT() REPRESENTATION_CONTEXT('2D SPACE',''
  ) );
#3351 = PCURVE('',#2993,#3352);
#3352 = DEFINITIONAL_REPRESENTATION('',(#3353),#3357);
#3353 = LINE('',#3354,#3355);
#3354 = CARTESIAN_POINT('',(6.274881313353,4.440892098501E-16));
#3355 = VECTOR('',#3356,1.);
#3356 = DIRECTION('',(0.,1.));
#3357 = ( GEOMETRIC_REPRESENTATION_CONTEXT(2) 
PARAMETRIC_REPRESENTATION_CONTEXT() REPRESENTATION_CONTEXT('2D SPACE',''
  ) );
#3358 = ORIENTED_EDGE('',*,*,#3116,.F.);
#3359 = ORIENTED_EDGE('',*,*,#3360,.F.);
#3360 = EDGE_CURVE('',#3361,#3071,#3363,.T.);
#3361 = VERTEX_POINT('',#3362);
#3362 = CARTESIAN_POINT('',(55.825176609652,-29.30020686775,2.));
#3363 = SURFACE_CURVE('',#3364,(#3368,#3375),.PCURVE_S1.);
#3364 = LINE('',#3365,#3366);
#3365 = CARTESIAN_POINT('',(55.825176609652,-29.30020686775,2.));
#3366 = VECTOR('',#3367,1.);
#3367 = DIRECTION('',(0.,6.123233995737E-17,-1.));
#3368 = PCURVE('',#3130,#3369);
#3369 = DEFINITIONAL_REPRESENTATION('',(#3370),#3374);
#3370 = LINE('',#3371,#3372);
#3371 = CARTESIAN_POINT('',(-0.781246166484,0.));
#3372 = VECTOR('',#3373,1.);
#3373 = DIRECTION('',(0.,1.));
#3374 = ( GEOMETRIC_REPRESENTATION_CONTEXT(2) 
PARAMETRIC_REPRESENTATION_CONTEXT() REPRESENTATION_CONTEXT('2D SPACE',''
  ) );
#3375 = PCURVE('',#3376,#3381);
#3376 = PLANE('',#3377);
#3377 = AXIS2_PLACEMENT_3D('',#3378,#3379,#3380);
#3378 = CARTESIAN_POINT('',(55.825176609652,-29.8,2.));
#3379 = DIRECTION('',(1.,0.,0.));
#3380 = DIRECTION('',(0.,6.123233995737E-17,-1.));
#3381 = DEFINITIONAL_REPRESENTATION('',(#3382),#3386);
#3382 = LINE('',#3383,#3384);
#3383 = CARTESIAN_POINT('',(3.060350298219E-17,0.499793132248));
#3384 = VECTOR('',#3385,1.);
#3385 = DIRECTION('',(1.,0.));
#3386 = ( GEOMETRIC_REPRESENTATION_CONTEXT(2) 
PARAMETRIC_REPRESENTATION_CONTEXT() REPRESENTATION_CONTEXT('2D SPACE',''
  ) );
#3387 = ORIENTED_EDGE('',*,*,#3388,.T.);
#3388 = EDGE_CURVE('',#3361,#3337,#3389,.T.);
#3389 = SURFACE_CURVE('',#3390,(#3395,#3402),.PCURVE_S1.);
#3390 = CIRCLE('',#3391,0.5);
#3391 = AXIS2_PLACEMENT_3D('',#3392,#3393,#3394);
#3392 = CARTESIAN_POINT('',(55.325176609652,-29.30020686775,2.));
#3393 = DIRECTION('',(0.,6.123233995737E-17,-1.));
#3394 = DIRECTION('',(-1.,0.,0.));
#3395 = PCURVE('',#3130,#3396);
#3396 = DEFINITIONAL_REPRESENTATION('',(#3397),#3401);
#3397 = LINE('',#3398,#3399);
#3398 = CARTESIAN_POINT('',(-3.922838820074,0.));
#3399 = VECTOR('',#3400,1.);
#3400 = DIRECTION('',(1.,0.));
#3401 = ( GEOMETRIC_REPRESENTATION_CONTEXT(2) 
PARAMETRIC_REPRESENTATION_CONTEXT() REPRESENTATION_CONTEXT('2D SPACE',''
  ) );
#3402 = PCURVE('',#1371,#3403);
#3403 = DEFINITIONAL_REPRESENTATION('',(#3404),#3408);
#3404 = CIRCLE('',#3405,0.5);
#3405 = AXIS2_PLACEMENT_2D('',#3406,#3407);
#3406 = CARTESIAN_POINT('',(-55.34902723929,-29.30020686775));
#3407 = DIRECTION('',(1.,0.));
#3408 = ( GEOMETRIC_REPRESENTATION_CONTEXT(2) 
PARAMETRIC_REPRESENTATION_CONTEXT() REPRESENTATION_CONTEXT('2D SPACE',''
  ) );
#3409 = ADVANCED_FACE('',(#3410),#315,.F.);
#3410 = FACE_BOUND('',#3411,.F.);
#3411 = EDGE_LOOP('',(#3412,#3413,#3464,#3485));
#3412 = ORIENTED_EDGE('',*,*,#299,.T.);
#3413 = ORIENTED_EDGE('',*,*,#3414,.F.);
#3414 = EDGE_CURVE('',#3415,#300,#3417,.T.);
#3415 = VERTEX_POINT('',#3416);
#3416 = CARTESIAN_POINT('',(55.825176609652,29.300206742832,
    -0.999999876314));
#3417 = SURFACE_CURVE('',#3418,(#3424,#3430),.PCURVE_S1.);
#3418 = B_SPLINE_CURVE_WITH_KNOTS('',3,(#3419,#3420,#3421,#3422,#3423),
  .UNSPECIFIED.,.F.,.F.,(4,1,4),(0.313076004476,0.352135817211,
    0.391195629946),.UNSPECIFIED.);
#3419 = CARTESIAN_POINT('',(55.825176609652,29.300206867752,-1.));
#3420 = CARTESIAN_POINT('',(55.825176609652,29.300206867752,
    -1.260742095158));
#3421 = CARTESIAN_POINT('',(55.609282131442,29.29967254849,
    -1.784298851747));
#3422 = CARTESIAN_POINT('',(55.084479722318,29.313314146595,-2.));
#3423 = CARTESIAN_POINT('',(54.825176609652,29.325245256965,-2.));
#3424 = PCURVE('',#315,#3425);
#3425 = DEFINITIONAL_REPRESENTATION('',(#3426),#3429);
#3426 = B_SPLINE_CURVE_WITH_KNOTS('',1,(#3427,#3428),.UNSPECIFIED.,.F.,
  .F.,(2,2),(0.313076004476,0.391195629946),.PIECEWISE_BEZIER_KNOTS.);
#3427 = CARTESIAN_POINT('',(5.497787143782,44.200206867752));
#3428 = CARTESIAN_POINT('',(7.068583470577,44.225245256964));
#3429 = ( GEOMETRIC_REPRESENTATION_CONTEXT(2) 
PARAMETRIC_REPRESENTATION_CONTEXT() REPRESENTATION_CONTEXT('2D SPACE',''
  ) );
#3430 = PCURVE('',#3431,#3436);
#3431 = TOROIDAL_SURFACE('',#3432,0.500630406808,0.500630406808);
#3432 = AXIS2_PLACEMENT_3D('',#3433,#3434,#3435);
#3433 = CARTESIAN_POINT('',(54.824185163135,29.33481680314,
    -0.998963057943));
#3434 = DIRECTION('',(6.782633193696E-02,0.997428610983,
    -2.314637527765E-02));
#3435 = DIRECTION('',(0.997695906919,-6.784450837854E-02,
    -3.252606517457E-18));
#3436 = DEFINITIONAL_REPRESENTATION('',(#3437),#3463);
#3437 = B_SPLINE_CURVE_WITH_KNOTS('',3,(#3438,#3439,#3440,#3441,#3442,
    #3443,#3444,#3445,#3446,#3447,#3448,#3449,#3450,#3451,#3452,#3453,
    #3454,#3455,#3456,#3457,#3458,#3459,#3460,#3461,#3462),
  .UNSPECIFIED.,.F.,.F.,(4,1,1,1,1,1,1,1,1,1,1,1,1,1,1,1,1,1,1,1,1,1,4),
  (0.313076004476,0.316626896543,0.32017778861,0.323728680676,
    0.327279572743,0.33083046481,0.334381356877,0.337932248944,
    0.34148314101,0.345034033077,0.348584925144,0.352135817211,
    0.355686709278,0.359237601344,0.362788493411,0.366339385478,
    0.369890277545,0.373441169612,0.376992061678,0.380542953745,
    0.384093845812,0.387644737879,0.391195629946),
  .QUASI_UNIFORM_KNOTS.);
#3438 = CARTESIAN_POINT('',(2.637291472534E-04,6.664068982574E-02));
#3439 = CARTESIAN_POINT('',(2.393400864229E-02,6.773138423501E-02));
#3440 = CARTESIAN_POINT('',(7.13047281206E-02,6.967659269545E-02));
#3441 = CARTESIAN_POINT('',(0.142463808995,7.190671877547E-02));
#3442 = CARTESIAN_POINT('',(0.213749683824,7.346954569299E-02));
#3443 = CARTESIAN_POINT('',(0.285146692539,7.438709545044E-02));
#3444 = CARTESIAN_POINT('',(0.356622913231,7.468549761263E-02));
#3445 = CARTESIAN_POINT('',(0.428134308181,7.439637626566E-02));
#3446 = CARTESIAN_POINT('',(0.499634473391,7.355744001811E-02));
#3447 = CARTESIAN_POINT('',(0.571083116192,7.221218938218E-02));
#3448 = CARTESIAN_POINT('',(0.642454529683,7.040889253557E-02));
#3449 = CARTESIAN_POINT('',(0.713746189042,6.819892634552E-02));
#3450 = CARTESIAN_POINT('',(0.784984202982,6.563499810236E-02));
#3451 = CARTESIAN_POINT('',(0.856237472095,6.276841059027E-02));
#3452 = CARTESIAN_POINT('',(0.927565923039,5.963109436378E-02));
#3453 = CARTESIAN_POINT('',(0.998985110085,5.62609889044E-02));
#3454 = CARTESIAN_POINT('',(1.070480802944,5.270228877578E-02));
#3455 = CARTESIAN_POINT('',(1.142014919014,4.900560586925E-02));
#3456 = CARTESIAN_POINT('',(1.213534653504,4.522726443943E-02));
#3457 = CARTESIAN_POINT('',(1.28498151605,4.142807266804E-02));
#3458 = CARTESIAN_POINT('',(1.356300329187,3.767174083637E-02));
#3459 = CARTESIAN_POINT('',(1.427449556978,3.402310495144E-02));
#3460 = CARTESIAN_POINT('',(1.498405565707,3.054682279294E-02));
#3461 = CARTESIAN_POINT('',(1.54559340038,2.838578849467E-02));
#3462 = CARTESIAN_POINT('',(1.569159406935,2.735489790412E-02));
#3463 = ( GEOMETRIC_REPRESENTATION_CONTEXT(2) 
PARAMETRIC_REPRESENTATION_CONTEXT() REPRESENTATION_CONTEXT('2D SPACE',''
  ) );
#3464 = ORIENTED_EDGE('',*,*,#3465,.F.);
#3465 = EDGE_CURVE('',#3071,#3415,#3466,.T.);
#3466 = SURFACE_CURVE('',#3467,(#3471,#3478),.PCURVE_S1.);
#3467 = LINE('',#3468,#3469);
#3468 = CARTESIAN_POINT('',(55.825176609652,-14.9,-1.));
#3469 = VECTOR('',#3470,1.);
#3470 = DIRECTION('',(-1.368455531567E-48,1.,6.123233995737E-17));
#3471 = PCURVE('',#315,#3472);
#3472 = DEFINITIONAL_REPRESENTATION('',(#3473),#3477);
#3473 = LINE('',#3474,#3475);
#3474 = CARTESIAN_POINT('',(5.497787143782,0.));
#3475 = VECTOR('',#3476,1.);
#3476 = DIRECTION('',(-9.093912826237E-17,1.));
#3477 = ( GEOMETRIC_REPRESENTATION_CONTEXT(2) 
PARAMETRIC_REPRESENTATION_CONTEXT() REPRESENTATION_CONTEXT('2D SPACE',''
  ) );
#3478 = PCURVE('',#3376,#3479);
#3479 = DEFINITIONAL_REPRESENTATION('',(#3480),#3484);
#3480 = LINE('',#3481,#3482);
#3481 = CARTESIAN_POINT('',(3.,14.9));
#3482 = VECTOR('',#3483,1.);
#3483 = DIRECTION('',(0.,1.));
#3484 = ( GEOMETRIC_REPRESENTATION_CONTEXT(2) 
PARAMETRIC_REPRESENTATION_CONTEXT() REPRESENTATION_CONTEXT('2D SPACE',''
  ) );
#3485 = ORIENTED_EDGE('',*,*,#3070,.F.);
#3486 = ADVANCED_FACE('',(#3487),#3376,.F.);
#3487 = FACE_BOUND('',#3488,.T.);
#3488 = EDGE_LOOP('',(#3489,#3490,#3513,#3539));
#3489 = ORIENTED_EDGE('',*,*,#3360,.F.);
#3490 = ORIENTED_EDGE('',*,*,#3491,.T.);
#3491 = EDGE_CURVE('',#3361,#3492,#3494,.T.);
#3492 = VERTEX_POINT('',#3493);
#3493 = CARTESIAN_POINT('',(55.825176609652,29.300206867752,2.));
#3494 = SURFACE_CURVE('',#3495,(#3499,#3506),.PCURVE_S1.);
#3495 = LINE('',#3496,#3497);
#3496 = CARTESIAN_POINT('',(55.825176609652,-2.445796969146E-13,2.));
#3497 = VECTOR('',#3498,1.);
#3498 = DIRECTION('',(0.,1.,6.123233995737E-17));
#3499 = PCURVE('',#3376,#3500);
#3500 = DEFINITIONAL_REPRESENTATION('',(#3501),#3505);
#3501 = LINE('',#3502,#3503);
#3502 = CARTESIAN_POINT('',(1.82472373073E-15,29.8));
#3503 = VECTOR('',#3504,1.);
#3504 = DIRECTION('',(0.,1.));
#3505 = ( GEOMETRIC_REPRESENTATION_CONTEXT(2) 
PARAMETRIC_REPRESENTATION_CONTEXT() REPRESENTATION_CONTEXT('2D SPACE',''
  ) );
#3506 = PCURVE('',#1371,#3507);
#3507 = DEFINITIONAL_REPRESENTATION('',(#3508),#3512);
#3508 = LINE('',#3509,#3510);
#3509 = CARTESIAN_POINT('',(-55.84902723929,0.));
#3510 = VECTOR('',#3511,1.);
#3511 = DIRECTION('',(0.,1.));
#3512 = ( GEOMETRIC_REPRESENTATION_CONTEXT(2) 
PARAMETRIC_REPRESENTATION_CONTEXT() REPRESENTATION_CONTEXT('2D SPACE',''
  ) );
#3513 = ORIENTED_EDGE('',*,*,#3514,.T.);
#3514 = EDGE_CURVE('',#3492,#3415,#3515,.T.);
#3515 = SURFACE_CURVE('',#3516,(#3520,#3527),.PCURVE_S1.);
#3516 = LINE('',#3517,#3518);
#3517 = CARTESIAN_POINT('',(55.825176609652,29.300206867752,2.));
#3518 = VECTOR('',#3519,1.);
#3519 = DIRECTION('',(0.,6.123233995737E-17,-1.));
#3520 = PCURVE('',#3376,#3521);
#3521 = DEFINITIONAL_REPRESENTATION('',(#3522),#3526);
#3522 = LINE('',#3523,#3524);
#3523 = CARTESIAN_POINT('',(3.618843958477E-15,59.100206867752));
#3524 = VECTOR('',#3525,1.);
#3525 = DIRECTION('',(1.,0.));
#3526 = ( GEOMETRIC_REPRESENTATION_CONTEXT(2) 
PARAMETRIC_REPRESENTATION_CONTEXT() REPRESENTATION_CONTEXT('2D SPACE',''
  ) );
#3527 = PCURVE('',#3528,#3533);
#3528 = CYLINDRICAL_SURFACE('',#3529,0.5);
#3529 = AXIS2_PLACEMENT_3D('',#3530,#3531,#3532);
#3530 = CARTESIAN_POINT('',(55.325176609652,29.300206867752,2.));
#3531 = DIRECTION('',(0.,6.123233995737E-17,-1.));
#3532 = DIRECTION('',(0.710036582998,0.704164789523,4.31176577781E-17));
#3533 = DEFINITIONAL_REPRESENTATION('',(#3534),#3538);
#3534 = LINE('',#3535,#3536);
#3535 = CARTESIAN_POINT('',(7.064431473664,0.));
#3536 = VECTOR('',#3537,1.);
#3537 = DIRECTION('',(0.,1.));
#3538 = ( GEOMETRIC_REPRESENTATION_CONTEXT(2) 
PARAMETRIC_REPRESENTATION_CONTEXT() REPRESENTATION_CONTEXT('2D SPACE',''
  ) );
#3539 = ORIENTED_EDGE('',*,*,#3465,.F.);
#3540 = ADVANCED_FACE('',(#3541),#2138,.F.);
#3541 = FACE_BOUND('',#3542,.F.);
#3542 = EDGE_LOOP('',(#3543,#3618,#3661,#3662));
#3543 = ORIENTED_EDGE('',*,*,#3544,.T.);
#3544 = EDGE_CURVE('',#3545,#3547,#3549,.T.);
#3545 = VERTEX_POINT('',#3546);
#3546 = CARTESIAN_POINT('',(49.875190975544,35.254166665978,
    -1.000018779562));
#3547 = VERTEX_POINT('',#3548);
#3548 = CARTESIAN_POINT('',(49.898156385971,34.795833333638,
    -1.500000000107));
#3549 = SURFACE_CURVE('',#3550,(#3555,#3584),.PCURVE_S1.);
#3550 = B_SPLINE_CURVE_WITH_KNOTS('',3,(#3551,#3552,#3553,#3554),
  .UNSPECIFIED.,.F.,.F.,(4,4),(-0.313074560467,-0.234956746146),
  .PIECEWISE_BEZIER_KNOTS.);
#3551 = CARTESIAN_POINT('',(49.875190975541,35.254166666332,
    -1.000018779562));
#3552 = CARTESIAN_POINT('',(49.875191052981,35.254157373809,
    -1.260755532642));
#3553 = CARTESIAN_POINT('',(49.876276164858,35.033521695836,-1.5));
#3554 = CARTESIAN_POINT('',(49.898156385999,34.795833333333,-1.5));
#3555 = PCURVE('',#2138,#3556);
#3556 = DEFINITIONAL_REPRESENTATION('',(#3557),#3583);
#3557 = B_SPLINE_CURVE_WITH_KNOTS('',3,(#3558,#3559,#3560,#3561,#3562,
    #3563,#3564,#3565,#3566,#3567,#3568,#3569,#3570,#3571,#3572,#3573,
    #3574,#3575,#3576,#3577,#3578,#3579,#3580,#3581,#3582),
  .UNSPECIFIED.,.F.,.F.,(4,1,1,1,1,1,1,1,1,1,1,1,1,1,1,1,1,1,1,1,1,1,4),
  (-0.313074560467,-0.309523750726,-0.305972940984,-0.302422131242,
    -0.2988713215,-0.295320511758,-0.291769702016,-0.288218892274,
    -0.284668082532,-0.281117272791,-0.277566463049,-0.274015653307,
    -0.270464843565,-0.266914033823,-0.263363224081,-0.259812414339,
    -0.256261604598,-0.252710794856,-0.249159985114,-0.245609175372,
    -0.24205836563,-0.238507555888,-0.234956746146),
  .QUASI_UNIFORM_KNOTS.);
#3558 = CARTESIAN_POINT('',(-1.948247546244E-02,4.654463791687));
#3559 = CARTESIAN_POINT('',(5.627646857497E-03,4.65403307623));
#3560 = CARTESIAN_POINT('',(5.571518549958E-02,4.653132320755));
#3561 = CARTESIAN_POINT('',(0.130556526062,4.65179611172));
#3562 = CARTESIAN_POINT('',(0.205236002917,4.650606622964));
#3563 = CARTESIAN_POINT('',(0.279811883909,4.649699506758));
#3564 = CARTESIAN_POINT('',(0.354300651032,4.649201521331));
#3565 = CARTESIAN_POINT('',(0.428675403972,4.649223709913));
#3566 = CARTESIAN_POINT('',(0.50287415409,4.649854261541));
#3567 = CARTESIAN_POINT('',(0.576807287332,4.651152874267));
#3568 = CARTESIAN_POINT('',(0.650366755299,4.653146304917));
#3569 = CARTESIAN_POINT('',(0.723435813378,4.655825351652));
#3570 = CARTESIAN_POINT('',(0.795898993531,4.659143322906));
#3571 = CARTESIAN_POINT('',(0.867651715725,4.663016032186));
#3572 = CARTESIAN_POINT('',(0.938609064785,4.667323283176));
#3573 = CARTESIAN_POINT('',(1.008713366581,4.671911751065));
#3574 = CARTESIAN_POINT('',(1.07794036768,4.676599110679));
#3575 = CARTESIAN_POINT('',(1.146304027614,4.681179239493));
#3576 = CARTESIAN_POINT('',(1.213860029463,4.685428274205));
#3577 = CARTESIAN_POINT('',(1.280708531936,4.689111465706));
#3578 = CARTESIAN_POINT('',(1.346995722337,4.691990269196));
#3579 = CARTESIAN_POINT('',(1.412917697924,4.693831246334));
#3580 = CARTESIAN_POINT('',(1.478715543383,4.694410737128));
#3581 = CARTESIAN_POINT('',(1.522708605754,4.693829022247));
#3582 = CARTESIAN_POINT('',(1.54478617973,4.693262816102));
#3583 = ( GEOMETRIC_REPRESENTATION_CONTEXT(2) 
PARAMETRIC_REPRESENTATION_CONTEXT() REPRESENTATION_CONTEXT('2D SPACE',''
  ) );
#3584 = PCURVE('',#3585,#3590);
#3585 = CYLINDRICAL_SURFACE('',#3586,5.5);
#3586 = AXIS2_PLACEMENT_3D('',#3587,#3588,#3589);
#3587 = CARTESIAN_POINT('',(55.375,35.3,2.));
#3588 = DIRECTION('',(0.,6.123233995737E-17,-1.));
#3589 = DIRECTION('',(-1.,0.,0.));
#3590 = DEFINITIONAL_REPRESENTATION('',(#3591),#3617);
#3591 = B_SPLINE_CURVE_WITH_KNOTS('',3,(#3592,#3593,#3594,#3595,#3596,
    #3597,#3598,#3599,#3600,#3601,#3602,#3603,#3604,#3605,#3606,#3607,
    #3608,#3609,#3610,#3611,#3612,#3613,#3614,#3615,#3616),
  .UNSPECIFIED.,.F.,.F.,(4,1,1,1,1,1,1,1,1,1,1,1,1,1,1,1,1,1,1,1,1,1,4),
  (-0.313074560467,-0.309523750726,-0.305972940984,-0.302422131242,
    -0.2988713215,-0.295320511758,-0.291769702016,-0.288218892274,
    -0.284668082532,-0.281117272791,-0.277566463049,-0.274015653307,
    -0.270464843565,-0.266914033823,-0.263363224081,-0.259812414339,
    -0.256261604598,-0.252710794856,-0.249159985114,-0.245609175372,
    -0.24205836563,-0.238507555888,-0.234956746146),
  .QUASI_UNIFORM_KNOTS.);
#3592 = CARTESIAN_POINT('',(6.274851877332,3.000018779562));
#3593 = CARTESIAN_POINT('',(6.274851800111,3.011870450157));
#3594 = CARTESIAN_POINT('',(6.274685886154,3.035484980248));
#3595 = CARTESIAN_POINT('',(6.273960571445,3.070517641762));
#3596 = CARTESIAN_POINT('',(6.272779651036,3.105038469328));
#3597 = CARTESIAN_POINT('',(6.27116395142,3.138924762616));
#3598 = CARTESIAN_POINT('',(6.269134287148,3.172053821298));
#3599 = CARTESIAN_POINT('',(6.266711459194,3.204302945048));
#3600 = CARTESIAN_POINT('',(6.263916255353,3.235549433538));
#3601 = CARTESIAN_POINT('',(6.260769451029,3.265670586439));
#3602 = CARTESIAN_POINT('',(6.257291810198,3.294543703424));
#3603 = CARTESIAN_POINT('',(6.253504086063,3.322046084166));
#3604 = CARTESIAN_POINT('',(6.249427021116,3.348055028336));
#3605 = CARTESIAN_POINT('',(6.245081346355,3.372447835606));
#3606 = CARTESIAN_POINT('',(6.240487779498,3.39510180565));
#3607 = CARTESIAN_POINT('',(6.235667022101,3.415894238139));
#3608 = CARTESIAN_POINT('',(6.230639755559,3.434702432746));
#3609 = CARTESIAN_POINT('',(6.225426635998,3.451403689142));
#3610 = CARTESIAN_POINT('',(6.220048288229,3.465875307));
#3611 = CARTESIAN_POINT('',(6.214525298595,3.477994585993));
#3612 = CARTESIAN_POINT('',(6.208878208014,3.487638825792));
#3613 = CARTESIAN_POINT('',(6.203127501244,3.49468532607));
#3614 = CARTESIAN_POINT('',(6.197293608279,3.499011386499));
#3615 = CARTESIAN_POINT('',(6.193362442534,3.5));
#3616 = CARTESIAN_POINT('',(6.191389776879,3.5));
#3617 = ( GEOMETRIC_REPRESENTATION_CONTEXT(2) 
PARAMETRIC_REPRESENTATION_CONTEXT() REPRESENTATION_CONTEXT('2D SPACE',''
  ) );
#3618 = ORIENTED_EDGE('',*,*,#3619,.F.);
#3619 = EDGE_CURVE('',#328,#3547,#3620,.T.);
#3620 = SURFACE_CURVE('',#3621,(#3626,#3632),.PCURVE_S1.);
#3621 = B_SPLINE_CURVE_WITH_KNOTS('',3,(#3622,#3623,#3624,#3625),
  .UNSPECIFIED.,.F.,.F.,(4,4),(0.,1.),.PIECEWISE_BEZIER_KNOTS.);
#3622 = CARTESIAN_POINT('',(49.400257826789,34.749999175548,
    -1.999107460455));
#3623 = CARTESIAN_POINT('',(49.659981068077,34.776046972293,
    -1.99804746499));
#3624 = CARTESIAN_POINT('',(49.895848978824,34.798316536942,
    -1.760905097444));
#3625 = CARTESIAN_POINT('',(49.896890505053,34.795748343664,
    -1.499995783292));
#3626 = PCURVE('',#2138,#3627);
#3627 = DEFINITIONAL_REPRESENTATION('',(#3628),#3631);
#3628 = B_SPLINE_CURVE_WITH_KNOTS('',1,(#3629,#3630),.UNSPECIFIED.,.F.,
  .F.,(2,2),(0.,0.999999999859),.PIECEWISE_BEZIER_KNOTS.);
#3629 = CARTESIAN_POINT('',(1.570156520341,6.256699815719));
#3630 = CARTESIAN_POINT('',(1.544786179733,4.693262816322));
#3631 = ( GEOMETRIC_REPRESENTATION_CONTEXT(2) 
PARAMETRIC_REPRESENTATION_CONTEXT() REPRESENTATION_CONTEXT('2D SPACE',''
  ) );
#3632 = PCURVE('',#344,#3633);
#3633 = DEFINITIONAL_REPRESENTATION('',(#3634),#3660);
#3634 = B_SPLINE_CURVE_WITH_KNOTS('',3,(#3635,#3636,#3637,#3638,#3639,
    #3640,#3641,#3642,#3643,#3644,#3645,#3646,#3647,#3648,#3649,#3650,
    #3651,#3652,#3653,#3654,#3655,#3656,#3657,#3658,#3659),
  .UNSPECIFIED.,.F.,.F.,(4,1,1,1,1,1,1,1,1,1,1,1,1,1,1,1,1,1,1,1,1,1,4),
  (0.,4.545454544814E-02,9.090909089629E-02,0.136363636344,
    0.181818181793,0.227272727241,0.272727272689,0.318181818137,
    0.363636363585,0.409090909033,0.454545454481,0.49999999993,
    0.545454545378,0.590909090826,0.636363636274,0.681818181722,
    0.72727272717,0.772727272618,0.818181818067,0.863636363515,
    0.909090908963,0.954545454411,0.999999999859),
  .QUASI_UNIFORM_KNOTS.);
#3635 = CARTESIAN_POINT('',(6.19138969635,1.570788822862));
#3636 = CARTESIAN_POINT('',(6.191405833177,1.594555855209));
#3637 = CARTESIAN_POINT('',(6.191437215543,1.641920367449));
#3638 = CARTESIAN_POINT('',(6.191481394924,1.71266536834));
#3639 = CARTESIAN_POINT('',(6.191522462617,1.783335161069));
#3640 = CARTESIAN_POINT('',(6.19156019136,1.854087462004));
#3641 = CARTESIAN_POINT('',(6.191594348343,1.925037419487));
#3642 = CARTESIAN_POINT('',(6.191624695087,1.99625381334));
#3643 = CARTESIAN_POINT('',(6.191650988649,2.067764245278));
#3644 = CARTESIAN_POINT('',(6.191672982652,2.139559102224));
#3645 = CARTESIAN_POINT('',(6.191690428548,2.211597209496));
#3646 = CARTESIAN_POINT('',(6.191703077012,2.283812445229));
#3647 = CARTESIAN_POINT('',(6.191710679488,2.356121403834));
#3648 = CARTESIAN_POINT('',(6.191712989889,2.428431811244));
#3649 = CARTESIAN_POINT('',(6.191709766435,2.500651356285));
#3650 = CARTESIAN_POINT('',(6.191700773631,2.572696526135));
#3651 = CARTESIAN_POINT('',(6.191685784365,2.644501033413));
#3652 = CARTESIAN_POINT('',(6.191664582119,2.716023498196));
#3653 = CARTESIAN_POINT('',(6.19163696324,2.787254085972));
#3654 = CARTESIAN_POINT('',(6.191602739362,2.858220188343));
#3655 = CARTESIAN_POINT('',(6.191561739554,2.92899041402));
#3656 = CARTESIAN_POINT('',(6.191513813597,2.999679814982));
#3657 = CARTESIAN_POINT('',(6.191458831,3.070446096733));
#3658 = CARTESIAN_POINT('',(6.191417407486,3.117826033237));
#3659 = CARTESIAN_POINT('',(6.191395485971,3.141601108231));
#3660 = ( GEOMETRIC_REPRESENTATION_CONTEXT(2) 
PARAMETRIC_REPRESENTATION_CONTEXT() REPRESENTATION_CONTEXT('2D SPACE',''
  ) );
#3661 = ORIENTED_EDGE('',*,*,#2123,.T.);
#3662 = ORIENTED_EDGE('',*,*,#3663,.T.);
#3663 = EDGE_CURVE('',#2048,#3545,#3664,.T.);
#3664 = SURFACE_CURVE('',#3665,(#3670,#3676),.PCURVE_S1.);
#3665 = B_SPLINE_CURVE_WITH_KNOTS('',3,(#3666,#3667,#3668,#3669),
  .UNSPECIFIED.,.F.,.F.,(4,4),(0.,89.522529644338),
  .PIECEWISE_BEZIER_KNOTS.);
#3666 = CARTESIAN_POINT('',(49.37520833695,35.75,-1.));
#3667 = CARTESIAN_POINT('',(49.635618819785,35.75,-1.));
#3668 = CARTESIAN_POINT('',(49.873020888181,35.514568107314,-1.));
#3669 = CARTESIAN_POINT('',(49.875190975538,35.254166666667,-1.));
#3670 = PCURVE('',#2138,#3671);
#3671 = DEFINITIONAL_REPRESENTATION('',(#3672),#3675);
#3672 = B_SPLINE_CURVE_WITH_KNOTS('',1,(#3673,#3674),.UNSPECIFIED.,.F.,
  .F.,(2,2),(0.,89.522529644338),.PIECEWISE_BEZIER_KNOTS.);
#3673 = CARTESIAN_POINT('',(1.23570877467E-03,6.216575178532));
#3674 = CARTESIAN_POINT('',(-1.952227054834E-02,4.654464475386));
#3675 = ( GEOMETRIC_REPRESENTATION_CONTEXT(2) 
PARAMETRIC_REPRESENTATION_CONTEXT() REPRESENTATION_CONTEXT('2D SPACE',''
  ) );
#3676 = PCURVE('',#2086,#3677);
#3677 = DEFINITIONAL_REPRESENTATION('',(#3678),#3681);
#3678 = B_SPLINE_CURVE_WITH_KNOTS('',1,(#3679,#3680),.UNSPECIFIED.,.F.,
  .F.,(2,2),(0.,89.522529644338),.PIECEWISE_BEZIER_KNOTS.);
#3679 = CARTESIAN_POINT('',(5.501953858676,3.));
#3680 = CARTESIAN_POINT('',(7.064416755683,3.));
#3681 = ( GEOMETRIC_REPRESENTATION_CONTEXT(2) 
PARAMETRIC_REPRESENTATION_CONTEXT() REPRESENTATION_CONTEXT('2D SPACE',''
  ) );
#3682 = ADVANCED_FACE('',(#3683),#344,.F.);
#3683 = FACE_BOUND('',#3684,.F.);
#3684 = EDGE_LOOP('',(#3685,#3686,#3687,#3711));
#3685 = ORIENTED_EDGE('',*,*,#327,.T.);
#3686 = ORIENTED_EDGE('',*,*,#3619,.T.);
#3687 = ORIENTED_EDGE('',*,*,#3688,.F.);
#3688 = EDGE_CURVE('',#3689,#3547,#3691,.T.);
#3689 = VERTEX_POINT('',#3690);
#3690 = CARTESIAN_POINT('',(54.87098735638,29.823142209715,-1.5));
#3691 = SURFACE_CURVE('',#3692,(#3697,#3704),.PCURVE_S1.);
#3692 = CIRCLE('',#3693,5.5);
#3693 = AXIS2_PLACEMENT_3D('',#3694,#3695,#3696);
#3694 = CARTESIAN_POINT('',(55.375,35.3,-1.5));
#3695 = DIRECTION('',(3.153195929581E-32,6.123233995737E-17,-1.));
#3696 = DIRECTION('',(-1.,1.930775651123E-48,-3.153195929581E-32));
#3697 = PCURVE('',#344,#3698);
#3698 = DEFINITIONAL_REPRESENTATION('',(#3699),#3703);
#3699 = LINE('',#3700,#3701);
#3700 = CARTESIAN_POINT('',(0.,3.14159265359));
#3701 = VECTOR('',#3702,1.);
#3702 = DIRECTION('',(1.,0.));
#3703 = ( GEOMETRIC_REPRESENTATION_CONTEXT(2) 
PARAMETRIC_REPRESENTATION_CONTEXT() REPRESENTATION_CONTEXT('2D SPACE',''
  ) );
#3704 = PCURVE('',#3585,#3705);
#3705 = DEFINITIONAL_REPRESENTATION('',(#3706),#3710);
#3706 = LINE('',#3707,#3708);
#3707 = CARTESIAN_POINT('',(0.,3.5));
#3708 = VECTOR('',#3709,1.);
#3709 = DIRECTION('',(1.,0.));
#3710 = ( GEOMETRIC_REPRESENTATION_CONTEXT(2) 
PARAMETRIC_REPRESENTATION_CONTEXT() REPRESENTATION_CONTEXT('2D SPACE',''
  ) );
#3711 = ORIENTED_EDGE('',*,*,#3712,.F.);
#3712 = EDGE_CURVE('',#300,#3689,#3713,.T.);
#3713 = SURFACE_CURVE('',#3714,(#3719,#3725),.PCURVE_S1.);
#3714 = B_SPLINE_CURVE_WITH_KNOTS('',3,(#3715,#3716,#3717,#3718),
  .UNSPECIFIED.,.F.,.F.,(4,4),(0.,90.),.PIECEWISE_BEZIER_KNOTS.);
#3715 = CARTESIAN_POINT('',(54.825176609652,29.325245256964,-2.));
#3716 = CARTESIAN_POINT('',(54.849167180817,29.585943112627,-2.));
#3717 = CARTESIAN_POINT('',(54.870995225515,29.823141485551,
    -1.761799387799));
#3718 = CARTESIAN_POINT('',(54.870995225515,29.823141485551,-1.5));
#3719 = PCURVE('',#344,#3720);
#3720 = DEFINITIONAL_REPRESENTATION('',(#3721),#3724);
#3721 = B_SPLINE_CURVE_WITH_KNOTS('',1,(#3722,#3723),.UNSPECIFIED.,.F.,
  .F.,(2,2),(0.,89.999999999999),.PIECEWISE_BEZIER_KNOTS.);
#3722 = CARTESIAN_POINT('',(4.804154951331,1.570796326795));
#3723 = CARTESIAN_POINT('',(4.804154951331,3.14159265359));
#3724 = ( GEOMETRIC_REPRESENTATION_CONTEXT(2) 
PARAMETRIC_REPRESENTATION_CONTEXT() REPRESENTATION_CONTEXT('2D SPACE',''
  ) );
#3725 = PCURVE('',#3431,#3726);
#3726 = DEFINITIONAL_REPRESENTATION('',(#3727),#3730);
#3727 = B_SPLINE_CURVE_WITH_KNOTS('',1,(#3728,#3729),.UNSPECIFIED.,.F.,
  .F.,(2,2),(0.,89.999999999999),.PIECEWISE_BEZIER_KNOTS.);
#3728 = CARTESIAN_POINT('',(1.569159406935,2.735489790392E-02));
#3729 = CARTESIAN_POINT('',(1.543080014888,1.59249304532));
#3730 = ( GEOMETRIC_REPRESENTATION_CONTEXT(2) 
PARAMETRIC_REPRESENTATION_CONTEXT() REPRESENTATION_CONTEXT('2D SPACE',''
  ) );
#3731 = ADVANCED_FACE('',(#3732),#3431,.F.);
#3732 = FACE_BOUND('',#3733,.F.);
#3733 = EDGE_LOOP('',(#3734,#3756,#3757,#3758));
#3734 = ORIENTED_EDGE('',*,*,#3735,.T.);
#3735 = EDGE_CURVE('',#3736,#3415,#3738,.T.);
#3736 = VERTEX_POINT('',#3737);
#3737 = CARTESIAN_POINT('',(55.329328558159,29.800189628778,
    -1.000018437124));
#3738 = SURFACE_CURVE('',#3739,(#3744,#3750),.PCURVE_S1.);
#3739 = B_SPLINE_CURVE_WITH_KNOTS('',3,(#3740,#3741,#3742,#3743),
  .UNSPECIFIED.,.F.,.F.,(4,4),(0.,89.524216200649),
  .PIECEWISE_BEZIER_KNOTS.);
#3740 = CARTESIAN_POINT('',(55.329328558848,29.800189628772,-1.));
#3741 = CARTESIAN_POINT('',(55.589734969085,29.798027165844,-1.));
#3742 = CARTESIAN_POINT('',(55.825176609652,29.56062225658,-1.));
#3743 = CARTESIAN_POINT('',(55.825176609652,29.300206867752,-1.));
#3744 = PCURVE('',#3431,#3745);
#3745 = DEFINITIONAL_REPRESENTATION('',(#3746),#3749);
#3746 = B_SPLINE_CURVE_WITH_KNOTS('',1,(#3747,#3748),.UNSPECIFIED.,.F.,
  .F.,(2,2),(0.,89.524216200649),.PIECEWISE_BEZIER_KNOTS.);
#3747 = CARTESIAN_POINT('',(-2.223029226691E-02,1.62712439748));
#3748 = CARTESIAN_POINT('',(2.637291472647E-04,6.664068982554E-02));
#3749 = ( GEOMETRIC_REPRESENTATION_CONTEXT(2) 
PARAMETRIC_REPRESENTATION_CONTEXT() REPRESENTATION_CONTEXT('2D SPACE',''
  ) );
#3750 = PCURVE('',#3528,#3751);
#3751 = DEFINITIONAL_REPRESENTATION('',(#3752),#3755);
#3752 = B_SPLINE_CURVE_WITH_KNOTS('',1,(#3753,#3754),.UNSPECIFIED.,.F.,
  .F.,(2,2),(0.,89.524216200649),.PIECEWISE_BEZIER_KNOTS.);
#3753 = CARTESIAN_POINT('',(5.501939140695,3.));
#3754 = CARTESIAN_POINT('',(7.064431473664,3.));
#3755 = ( GEOMETRIC_REPRESENTATION_CONTEXT(2) 
PARAMETRIC_REPRESENTATION_CONTEXT() REPRESENTATION_CONTEXT('2D SPACE',''
  ) );
#3756 = ORIENTED_EDGE('',*,*,#3414,.T.);
#3757 = ORIENTED_EDGE('',*,*,#3712,.T.);
#3758 = ORIENTED_EDGE('',*,*,#3759,.T.);
#3759 = EDGE_CURVE('',#3689,#3736,#3760,.T.);
#3760 = SURFACE_CURVE('',#3761,(#3766,#3795),.PCURVE_S1.);
#3761 = B_SPLINE_CURVE_WITH_KNOTS('',3,(#3762,#3763,#3764,#3765),
  .UNSPECIFIED.,.F.,.F.,(4,4),(-0.391195629946,-0.313077845761),
  .PIECEWISE_BEZIER_KNOTS.);
#3762 = CARTESIAN_POINT('',(54.870995225515,29.823141485551,-1.5));
#3763 = CARTESIAN_POINT('',(55.108684142982,29.801268298772,-1.5));
#3764 = CARTESIAN_POINT('',(55.32931907005,29.800189707569,
    -1.260754315529));
#3765 = CARTESIAN_POINT('',(55.329328558513,29.800189628775,
    -1.000018437124));
#3766 = PCURVE('',#3431,#3767);
#3767 = DEFINITIONAL_REPRESENTATION('',(#3768),#3794);
#3768 = B_SPLINE_CURVE_WITH_KNOTS('',3,(#3769,#3770,#3771,#3772,#3773,
    #3774,#3775,#3776,#3777,#3778,#3779,#3780,#3781,#3782,#3783,#3784,
    #3785,#3786,#3787,#3788,#3789,#3790,#3791,#3792,#3793),
  .UNSPECIFIED.,.F.,.F.,(4,1,1,1,1,1,1,1,1,1,1,1,1,1,1,1,1,1,1,1,1,1,4),
  (-0.391195629946,-0.387644821574,-0.384094013202,-0.380543204829,
    -0.376992396457,-0.373441588085,-0.369890779713,-0.366339971341,
    -0.362789162969,-0.359238354597,-0.355687546225,-0.352136737853,
    -0.348585929481,-0.345035121109,-0.341484312737,-0.337933504365,
    -0.334382695993,-0.330831887621,-0.327281079249,-0.323730270877,
    -0.320179462505,-0.316628654133,-0.313077845761),
  .QUASI_UNIFORM_KNOTS.);
#3769 = CARTESIAN_POINT('',(1.543080014888,1.59249304532));
#3770 = CARTESIAN_POINT('',(1.520945983893,1.59189109615));
#3771 = CARTESIAN_POINT('',(1.476842172789,1.591234084866));
#3772 = CARTESIAN_POINT('',(1.410884386933,1.591689338255));
#3773 = CARTESIAN_POINT('',(1.344808155169,1.593394920269));
#3774 = CARTESIAN_POINT('',(1.278372542774,1.596127317123));
#3775 = CARTESIAN_POINT('',(1.211381983721,1.599653315021));
#3776 = CARTESIAN_POINT('',(1.143691222858,1.603734710115));
#3777 = CARTESIAN_POINT('',(1.075201363889,1.608137240978));
#3778 = CARTESIAN_POINT('',(1.005858251998,1.612637695393));
#3779 = CARTESIAN_POINT('',(0.935649635334,1.617030770163));
#3780 = CARTESIAN_POINT('',(0.864601554482,1.621135120966));
#3781 = CARTESIAN_POINT('',(0.792773439535,1.624798548198));
#3782 = CARTESIAN_POINT('',(0.720251817562,1.627902098955));
#3783 = CARTESIAN_POINT('',(0.647142631712,1.630362915122));
#3784 = CARTESIAN_POINT('',(0.57356237926,1.632135680508));
#3785 = CARTESIAN_POINT('',(0.499628444954,1.633212575708));
#3786 = CARTESIAN_POINT('',(0.42544911004,1.633621708134));
#3787 = CARTESIAN_POINT('',(0.351113835273,1.63342405989));
#3788 = CARTESIAN_POINT('',(0.276684128291,1.63270900965));
#3789 = CARTESIAN_POINT('',(0.202186166786,1.631588678324));
#3790 = CARTESIAN_POINT('',(0.127602617314,1.630190780554));
#3791 = CARTESIAN_POINT('',(5.287432504588E-02,1.628651818363));
#3792 = CARTESIAN_POINT('',(2.873079281244E-03,1.627620149727));
#3793 = CARTESIAN_POINT('',(-2.219129389199E-02,1.627125168671));
#3794 = ( GEOMETRIC_REPRESENTATION_CONTEXT(2) 
PARAMETRIC_REPRESENTATION_CONTEXT() REPRESENTATION_CONTEXT('2D SPACE',''
  ) );
#3795 = PCURVE('',#3585,#3796);
#3796 = DEFINITIONAL_REPRESENTATION('',(#3797),#3823);
#3797 = B_SPLINE_CURVE_WITH_KNOTS('',3,(#3798,#3799,#3800,#3801,#3802,
    #3803,#3804,#3805,#3806,#3807,#3808,#3809,#3810,#3811,#3812,#3813,
    #3814,#3815,#3816,#3817,#3818,#3819,#3820,#3821,#3822),
  .UNSPECIFIED.,.F.,.F.,(4,1,1,1,1,1,1,1,1,1,1,1,1,1,1,1,1,1,1,1,1,1,4),
  (-0.391195629946,-0.387644821574,-0.384094013202,-0.380543204829,
    -0.376992396457,-0.373441588085,-0.369890779713,-0.366339971341,
    -0.362789162969,-0.359238354597,-0.355687546225,-0.352136737853,
    -0.348585929481,-0.345035121109,-0.341484312737,-0.337933504365,
    -0.334382695993,-0.330831887621,-0.327281079249,-0.323730270877,
    -0.320179462505,-0.316628654133,-0.313077845761),
  .QUASI_UNIFORM_KNOTS.);
#3798 = CARTESIAN_POINT('',(4.804154951331,3.5));
#3799 = CARTESIAN_POINT('',(4.802182286437,3.5));
#3800 = CARTESIAN_POINT('',(4.798251122731,3.499011381469));
#3801 = CARTESIAN_POINT('',(4.792417234204,3.494685300272));
#3802 = CARTESIAN_POINT('',(4.786666533086,3.487638767868));
#3803 = CARTESIAN_POINT('',(4.781019449202,3.477994486447));
#3804 = CARTESIAN_POINT('',(4.775496467137,3.465875158203));
#3805 = CARTESIAN_POINT('',(4.770118127642,3.451403485328));
#3806 = CARTESIAN_POINT('',(4.764905016886,3.434702170013));
#3807 = CARTESIAN_POINT('',(4.759877759511,3.415893914452));
#3808 = CARTESIAN_POINT('',(4.755057011472,3.395101420836));
#3809 = CARTESIAN_POINT('',(4.750463453991,3.372447391358));
#3810 = CARTESIAN_POINT('',(4.746117788453,3.34805452821));
#3811 = CARTESIAN_POINT('',(4.742040732406,3.322045533585));
#3812 = CARTESIAN_POINT('',(4.738253016674,3.294543109674));
#3813 = CARTESIAN_POINT('',(4.73477538358,3.265669958669));
#3814 = CARTESIAN_POINT('',(4.731628586155,3.235548782764));
#3815 = CARTESIAN_POINT('',(4.728833388203,3.20430228415));
#3816 = CARTESIAN_POINT('',(4.726410564959,3.17205316502));
#3817 = CARTESIAN_POINT('',(4.724380904046,3.138924127565));
#3818 = CARTESIAN_POINT('',(4.722765206266,3.105037873979));
#3819 = CARTESIAN_POINT('',(4.721584286001,3.070517106453));
#3820 = CARTESIAN_POINT('',(4.720858969572,3.03548452718));
#3821 = CARTESIAN_POINT('',(4.720693053113,3.011870067961));
#3822 = CARTESIAN_POINT('',(4.720692974272,3.000018437124));
#3823 = ( GEOMETRIC_REPRESENTATION_CONTEXT(2) 
PARAMETRIC_REPRESENTATION_CONTEXT() REPRESENTATION_CONTEXT('2D SPACE',''
  ) );
#3824 = ADVANCED_FACE('',(#3825),#3528,.F.);
#3825 = FACE_BOUND('',#3826,.F.);
#3826 = EDGE_LOOP('',(#3827,#3828,#3829,#3852));
#3827 = ORIENTED_EDGE('',*,*,#3514,.T.);
#3828 = ORIENTED_EDGE('',*,*,#3735,.F.);
#3829 = ORIENTED_EDGE('',*,*,#3830,.F.);
#3830 = EDGE_CURVE('',#3831,#3736,#3833,.T.);
#3831 = VERTEX_POINT('',#3832);
#3832 = CARTESIAN_POINT('',(55.329328558848,29.800189628772,2.));
#3833 = SURFACE_CURVE('',#3834,(#3838,#3845),.PCURVE_S1.);
#3834 = LINE('',#3835,#3836);
#3835 = CARTESIAN_POINT('',(55.329328558848,29.800189628772,2.));
#3836 = VECTOR('',#3837,1.);
#3837 = DIRECTION('',(0.,6.123233995737E-17,-1.));
#3838 = PCURVE('',#3528,#3839);
#3839 = DEFINITIONAL_REPRESENTATION('',(#3840),#3844);
#3840 = LINE('',#3841,#3842);
#3841 = CARTESIAN_POINT('',(5.501939140695,0.));
#3842 = VECTOR('',#3843,1.);
#3843 = DIRECTION('',(0.,1.));
#3844 = ( GEOMETRIC_REPRESENTATION_CONTEXT(2) 
PARAMETRIC_REPRESENTATION_CONTEXT() REPRESENTATION_CONTEXT('2D SPACE',''
  ) );
#3845 = PCURVE('',#3585,#3846);
#3846 = DEFINITIONAL_REPRESENTATION('',(#3847),#3851);
#3847 = LINE('',#3848,#3849);
#3848 = CARTESIAN_POINT('',(4.720692974211,-4.440892098501E-16));
#3849 = VECTOR('',#3850,1.);
#3850 = DIRECTION('',(0.,1.));
#3851 = ( GEOMETRIC_REPRESENTATION_CONTEXT(2) 
PARAMETRIC_REPRESENTATION_CONTEXT() REPRESENTATION_CONTEXT('2D SPACE',''
  ) );
#3852 = ORIENTED_EDGE('',*,*,#3853,.T.);
#3853 = EDGE_CURVE('',#3831,#3492,#3854,.T.);
#3854 = SURFACE_CURVE('',#3855,(#3860,#3867),.PCURVE_S1.);
#3855 = CIRCLE('',#3856,0.5);
#3856 = AXIS2_PLACEMENT_3D('',#3857,#3858,#3859);
#3857 = CARTESIAN_POINT('',(55.325176609652,29.300206867752,2.));
#3858 = DIRECTION('',(0.,6.123233995737E-17,-1.));
#3859 = DIRECTION('',(-1.,0.,0.));
#3860 = PCURVE('',#3528,#3861);
#3861 = DEFINITIONAL_REPRESENTATION('',(#3862),#3866);
#3862 = LINE('',#3863,#3864);
#3863 = CARTESIAN_POINT('',(3.922838820074,0.));
#3864 = VECTOR('',#3865,1.);
#3865 = DIRECTION('',(1.,0.));
#3866 = ( GEOMETRIC_REPRESENTATION_CONTEXT(2) 
PARAMETRIC_REPRESENTATION_CONTEXT() REPRESENTATION_CONTEXT('2D SPACE',''
  ) );
#3867 = PCURVE('',#1371,#3868);
#3868 = DEFINITIONAL_REPRESENTATION('',(#3869),#3873);
#3869 = CIRCLE('',#3870,0.5);
#3870 = AXIS2_PLACEMENT_2D('',#3871,#3872);
#3871 = CARTESIAN_POINT('',(-55.34902723929,29.300206867752));
#3872 = DIRECTION('',(1.,0.));
#3873 = ( GEOMETRIC_REPRESENTATION_CONTEXT(2) 
PARAMETRIC_REPRESENTATION_CONTEXT() REPRESENTATION_CONTEXT('2D SPACE',''
  ) );
#3874 = ADVANCED_FACE('',(#3875),#2086,.F.);
#3875 = FACE_BOUND('',#3876,.F.);
#3876 = EDGE_LOOP('',(#3877,#3900,#3901,#3902));
#3877 = ORIENTED_EDGE('',*,*,#3878,.T.);
#3878 = EDGE_CURVE('',#3879,#3545,#3881,.T.);
#3879 = VERTEX_POINT('',#3880);
#3880 = CARTESIAN_POINT('',(49.875190975538,35.254166666667,2.));
#3881 = SURFACE_CURVE('',#3882,(#3886,#3893),.PCURVE_S1.);
#3882 = LINE('',#3883,#3884);
#3883 = CARTESIAN_POINT('',(49.875190975538,35.254166666667,2.));
#3884 = VECTOR('',#3885,1.);
#3885 = DIRECTION('',(0.,6.123233995737E-17,-1.));
#3886 = PCURVE('',#2086,#3887);
#3887 = DEFINITIONAL_REPRESENTATION('',(#3888),#3892);
#3888 = LINE('',#3889,#3890);
#3889 = CARTESIAN_POINT('',(7.064416755683,0.));
#3890 = VECTOR('',#3891,1.);
#3891 = DIRECTION('',(0.,1.));
#3892 = ( GEOMETRIC_REPRESENTATION_CONTEXT(2) 
PARAMETRIC_REPRESENTATION_CONTEXT() REPRESENTATION_CONTEXT('2D SPACE',''
  ) );
#3893 = PCURVE('',#3585,#3894);
#3894 = DEFINITIONAL_REPRESENTATION('',(#3895),#3899);
#3895 = LINE('',#3896,#3897);
#3896 = CARTESIAN_POINT('',(6.274851877393,0.));
#3897 = VECTOR('',#3898,1.);
#3898 = DIRECTION('',(0.,1.));
#3899 = ( GEOMETRIC_REPRESENTATION_CONTEXT(2) 
PARAMETRIC_REPRESENTATION_CONTEXT() REPRESENTATION_CONTEXT('2D SPACE',''
  ) );
#3900 = ORIENTED_EDGE('',*,*,#3663,.F.);
#3901 = ORIENTED_EDGE('',*,*,#2070,.F.);
#3902 = ORIENTED_EDGE('',*,*,#3903,.T.);
#3903 = EDGE_CURVE('',#2071,#3879,#3904,.T.);
#3904 = SURFACE_CURVE('',#3905,(#3910,#3917),.PCURVE_S1.);
#3905 = CIRCLE('',#3906,0.5);
#3906 = AXIS2_PLACEMENT_3D('',#3907,#3908,#3909);
#3907 = CARTESIAN_POINT('',(49.37520833695,35.25,2.));
#3908 = DIRECTION('',(0.,6.123233995737E-17,-1.));
#3909 = DIRECTION('',(-1.,0.,0.));
#3910 = PCURVE('',#2086,#3911);
#3911 = DEFINITIONAL_REPRESENTATION('',(#3912),#3916);
#3912 = LINE('',#3913,#3914);
#3913 = CARTESIAN_POINT('',(3.931157531881,0.));
#3914 = VECTOR('',#3915,1.);
#3915 = DIRECTION('',(1.,0.));
#3916 = ( GEOMETRIC_REPRESENTATION_CONTEXT(2) 
PARAMETRIC_REPRESENTATION_CONTEXT() REPRESENTATION_CONTEXT('2D SPACE',''
  ) );
#3917 = PCURVE('',#1371,#3918);
#3918 = DEFINITIONAL_REPRESENTATION('',(#3919),#3923);
#3919 = CIRCLE('',#3920,0.5);
#3920 = AXIS2_PLACEMENT_2D('',#3921,#3922);
#3921 = CARTESIAN_POINT('',(-49.39905896658,35.25));
#3922 = DIRECTION('',(1.,0.));
#3923 = ( GEOMETRIC_REPRESENTATION_CONTEXT(2) 
PARAMETRIC_REPRESENTATION_CONTEXT() REPRESENTATION_CONTEXT('2D SPACE',''
  ) );
#3924 = ADVANCED_FACE('',(#3925),#965,.F.);
#3925 = FACE_BOUND('',#3926,.F.);
#3926 = EDGE_LOOP('',(#3927,#3956,#3978,#4052,#4096,#4097,#4142,#4186));
#3927 = ORIENTED_EDGE('',*,*,#3928,.T.);
#3928 = EDGE_CURVE('',#3929,#3929,#3931,.T.);
#3929 = VERTEX_POINT('',#3930);
#3930 = CARTESIAN_POINT('',(-57.25,-35.25,-2.274447389168));
#3931 = SURFACE_CURVE('',#3932,(#3937,#3944),.PCURVE_S1.);
#3932 = CIRCLE('',#3933,2.);
#3933 = AXIS2_PLACEMENT_3D('',#3934,#3935,#3936);
#3934 = CARTESIAN_POINT('',(-55.25,-35.25,-2.274447389168));
#3935 = DIRECTION('',(0.,6.123233995737E-17,-1.));
#3936 = DIRECTION('',(-1.,0.,0.));
#3937 = PCURVE('',#965,#3938);
#3938 = DEFINITIONAL_REPRESENTATION('',(#3939),#3943);
#3939 = LINE('',#3940,#3941);
#3940 = CARTESIAN_POINT('',(0.,-0.862776305414));
#3941 = VECTOR('',#3942,1.);
#3942 = DIRECTION('',(1.,0.));
#3943 = ( GEOMETRIC_REPRESENTATION_CONTEXT(2) 
PARAMETRIC_REPRESENTATION_CONTEXT() REPRESENTATION_CONTEXT('2D SPACE',''
  ) );
#3944 = PCURVE('',#3945,#3950);
#3945 = CYLINDRICAL_SURFACE('',#3946,2.);
#3946 = AXIS2_PLACEMENT_3D('',#3947,#3948,#3949);
#3947 = CARTESIAN_POINT('',(-55.25,-35.25,140.34680460612));
#3948 = DIRECTION('',(0.,6.123233995737E-17,-1.));
#3949 = DIRECTION('',(-1.,0.,0.));
#3950 = DEFINITIONAL_REPRESENTATION('',(#3951),#3955);
#3951 = LINE('',#3952,#3953);
#3952 = CARTESIAN_POINT('',(0.,142.62125199529));
#3953 = VECTOR('',#3954,1.);
#3954 = DIRECTION('',(1.,0.));
#3955 = ( GEOMETRIC_REPRESENTATION_CONTEXT(2) 
PARAMETRIC_REPRESENTATION_CONTEXT() REPRESENTATION_CONTEXT('2D SPACE',''
  ) );
#3956 = ORIENTED_EDGE('',*,*,#3957,.T.);
#3957 = EDGE_CURVE('',#3929,#3958,#3960,.T.);
#3958 = VERTEX_POINT('',#3959);
#3959 = CARTESIAN_POINT('',(-58.65218812989,-35.25,-3.887480314773));
#3960 = SEAM_CURVE('',#3961,(#3964,#3971),.PCURVE_S1.);
#3961 = B_SPLINE_CURVE_WITH_KNOTS('',1,(#3962,#3963),.UNSPECIFIED.,.F.,
  .F.,(2,2),(-1.143189815029,0.994099770099),.PIECEWISE_BEZIER_KNOTS.);
#3962 = CARTESIAN_POINT('',(-57.24999999999,-35.25,-2.27444738917));
#3963 = CARTESIAN_POINT('',(-58.65218812989,-35.25,-3.887480314773));
#3964 = PCURVE('',#965,#3965);
#3965 = DEFINITIONAL_REPRESENTATION('',(#3966),#3970);
#3966 = LINE('',#3967,#3968);
#3967 = CARTESIAN_POINT('',(6.28318530718,0.));
#3968 = VECTOR('',#3969,1.);
#3969 = DIRECTION('',(0.,1.));
#3970 = ( GEOMETRIC_REPRESENTATION_CONTEXT(2) 
PARAMETRIC_REPRESENTATION_CONTEXT() REPRESENTATION_CONTEXT('2D SPACE',''
  ) );
#3971 = PCURVE('',#965,#3972);
#3972 = DEFINITIONAL_REPRESENTATION('',(#3973),#3977);
#3973 = LINE('',#3974,#3975);
#3974 = CARTESIAN_POINT('',(0.,0.));
#3975 = VECTOR('',#3976,1.);
#3976 = DIRECTION('',(0.,1.));
#3977 = ( GEOMETRIC_REPRESENTATION_CONTEXT(2) 
PARAMETRIC_REPRESENTATION_CONTEXT() REPRESENTATION_CONTEXT('2D SPACE',''
  ) );
#3978 = ORIENTED_EDGE('',*,*,#3979,.T.);
#3979 = EDGE_CURVE('',#3958,#3980,#3982,.T.);
#3980 = VERTEX_POINT('',#3981);
#3981 = CARTESIAN_POINT('',(-55.,-38.64725248054,-3.892370002519));
#3982 = SURFACE_CURVE('',#3983,(#3989,#4018),.PCURVE_S1.);
#3983 = B_SPLINE_CURVE_WITH_KNOTS('',3,(#3984,#3985,#3986,#3987,#3988),
  .UNSPECIFIED.,.F.,.F.,(4,1,4),(1.25687419901E-16,2.896893052194E-03,
    5.793786104388E-03),.UNSPECIFIED.);
#3984 = CARTESIAN_POINT('',(-58.64725248054,-35.,-3.892370002518));
#3985 = CARTESIAN_POINT('',(-58.70268167764,-35.9777866044,
    -3.873411402841));
#3986 = CARTESIAN_POINT('',(-57.93860050838,-37.93856489144,
    -3.848507202931));
#3987 = CARTESIAN_POINT('',(-55.97778645616,-38.70268166924,
    -3.873411405716));
#3988 = CARTESIAN_POINT('',(-55.,-38.64725248054,-3.892370002519));
#3989 = PCURVE('',#965,#3990);
#3990 = DEFINITIONAL_REPRESENTATION('',(#3991),#4017);
#3991 = B_SPLINE_CURVE_WITH_KNOTS('',3,(#3992,#3993,#3994,#3995,#3996,
    #3997,#3998,#3999,#4000,#4001,#4002,#4003,#4004,#4005,#4006,#4007,
    #4008,#4009,#4010,#4011,#4012,#4013,#4014,#4015,#4016),
  .UNSPECIFIED.,.F.,.F.,(4,1,1,1,1,1,1,1,1,1,1,1,1,1,1,1,1,1,1,1,1,1,4),
  (1.25687419901E-16,2.633539138359E-04,5.267078276718E-04,
    7.900617415076E-04,1.053415655343E-03,1.316769569179E-03,
    1.580123483015E-03,1.843477396851E-03,2.106831310687E-03,
    2.370185224523E-03,2.633539138358E-03,2.896893052194E-03,
    3.16024696603E-03,3.423600879866E-03,3.686954793702E-03,
    3.950308707537E-03,4.213662621373E-03,4.477016535209E-03,
    4.740370449045E-03,5.003724362881E-03,5.267078276717E-03,
    5.530432190552E-03,5.793786104388E-03),.QUASI_UNIFORM_KNOTS.);
#3992 = CARTESIAN_POINT('',(6.35664177977,0.755146307934));
#3993 = CARTESIAN_POINT('',(6.330512756498,0.753421112713));
#3994 = CARTESIAN_POINT('',(6.278314410262,0.74992129618));
#3995 = CARTESIAN_POINT('',(6.200126651443,0.744742507514));
#3996 = CARTESIAN_POINT('',(6.121963134517,0.739865359049));
#3997 = CARTESIAN_POINT('',(6.043794964735,0.735480341026));
#3998 = CARTESIAN_POINT('',(5.965620082977,0.731735231496));
#3999 = CARTESIAN_POINT('',(5.887459491504,0.728723343827));
#4000 = CARTESIAN_POINT('',(5.809345347472,0.726478431274));
#4001 = CARTESIAN_POINT('',(5.731310442915,0.724972187772));
#4002 = CARTESIAN_POINT('',(5.653377274587,0.724115509271));
#4003 = CARTESIAN_POINT('',(5.575546846445,0.723763234512));
#4004 = CARTESIAN_POINT('',(5.49779089766,0.723722039801));
#4005 = CARTESIAN_POINT('',(5.420034740974,0.723762260405));
#4006 = CARTESIAN_POINT('',(5.342203761737,0.724113696958));
#4007 = CARTESIAN_POINT('',(5.264269781757,0.724969767723));
#4008 = CARTESIAN_POINT('',(5.186233893721,0.726475691473));
#4009 = CARTESIAN_POINT('',(5.108118684936,0.728720590469));
#4010 = CARTESIAN_POINT('',(5.029957035212,0.731732750555));
#4011 = CARTESIAN_POINT('',(4.951781182005,0.735478361374));
#4012 = CARTESIAN_POINT('',(4.873612196226,0.739864018673));
#4013 = CARTESIAN_POINT('',(4.795448071146,0.744741823312));
#4014 = CARTESIAN_POINT('',(4.71725994787,0.749921140569));
#4015 = CARTESIAN_POINT('',(4.665061525207,0.753421111791));
#4016 = CARTESIAN_POINT('',(4.638932507795,0.755146307934));
#4017 = ( GEOMETRIC_REPRESENTATION_CONTEXT(2) 
PARAMETRIC_REPRESENTATION_CONTEXT() REPRESENTATION_CONTEXT('2D SPACE',''
  ) );
#4018 = PCURVE('',#4019,#4024);
#4019 = TOROIDAL_SURFACE('',#4020,3.,2.);
#4020 = AXIS2_PLACEMENT_3D('',#4021,#4022,#4023);
#4021 = CARTESIAN_POINT('',(-55.,-35.,-2.));
#4022 = DIRECTION('',(0.,-6.123233995737E-17,1.));
#4023 = DIRECTION('',(1.,0.,0.));
#4024 = DEFINITIONAL_REPRESENTATION('',(#4025),#4051);
#4025 = B_SPLINE_CURVE_WITH_KNOTS('',3,(#4026,#4027,#4028,#4029,#4030,
    #4031,#4032,#4033,#4034,#4035,#4036,#4037,#4038,#4039,#4040,#4041,
    #4042,#4043,#4044,#4045,#4046,#4047,#4048,#4049,#4050),
  .UNSPECIFIED.,.F.,.F.,(4,1,1,1,1,1,1,1,1,1,1,1,1,1,1,1,1,1,1,1,1,1,4),
  (2.470214405996E-04,4.991471071355E-04,7.512727736713E-04,
    1.003398440207E-03,1.255524106743E-03,1.507649773279E-03,
    1.759775439815E-03,2.011901106351E-03,2.264026772886E-03,
    2.516152439422E-03,2.768278105958E-03,3.020403772494E-03,
    3.27252943903E-03,3.524655105566E-03,3.776780772101E-03,
    4.028906438637E-03,4.281032105173E-03,4.533157771709E-03,
    4.785283438245E-03,5.037409104781E-03,5.289534771317E-03,
    5.541660437852E-03,5.793786104388E-03),.QUASI_UNIFORM_KNOTS.);
#4026 = CARTESIAN_POINT('',(3.209942311729,5.04898783809));
#4027 = CARTESIAN_POINT('',(3.233121734728,5.051234806865));
#4028 = CARTESIAN_POINT('',(3.279353769722,5.055458018676));
#4029 = CARTESIAN_POINT('',(3.348374475805,5.06109563739));
#4030 = CARTESIAN_POINT('',(3.417130139571,5.066164071643));
#4031 = CARTESIAN_POINT('',(3.485650803907,5.07074570882));
#4032 = CARTESIAN_POINT('',(3.553954057279,5.074885836621));
#4033 = CARTESIAN_POINT('',(3.622048569405,5.078585863211));
#4034 = CARTESIAN_POINT('',(3.689942018022,5.081802805895));
#4035 = CARTESIAN_POINT('',(3.757647687889,5.084451207759));
#4036 = CARTESIAN_POINT('',(3.825191258637,5.08640093521));
#4037 = CARTESIAN_POINT('',(3.892616790086,5.087500164289));
#4038 = CARTESIAN_POINT('',(3.959993883461,5.087511828635));
#4039 = CARTESIAN_POINT('',(4.027417937493,5.086430988091));
#4040 = CARTESIAN_POINT('',(4.094959175104,5.0844963568));
#4041 = CARTESIAN_POINT('',(4.162662000249,5.081860225246));
#4042 = CARTESIAN_POINT('',(4.230552346679,5.078653622214));
#4043 = CARTESIAN_POINT('',(4.298643629004,5.074962835691));
#4044 = CARTESIAN_POINT('',(4.366943452948,5.070831780884));
#4045 = CARTESIAN_POINT('',(4.435460539973,5.066259698599));
#4046 = CARTESIAN_POINT('',(4.504211422286,5.061202811124));
#4047 = CARTESIAN_POINT('',(4.573228586917,5.055576672644));
#4048 = CARTESIAN_POINT('',(4.642563100777,5.049263979335));
#4049 = CARTESIAN_POINT('',(4.689059220804,5.044496046572));
#4050 = CARTESIAN_POINT('',(4.712388980385,5.041948453915));
#4051 = ( GEOMETRIC_REPRESENTATION_CONTEXT(2) 
PARAMETRIC_REPRESENTATION_CONTEXT() REPRESENTATION_CONTEXT('2D SPACE',''
  ) );
#4052 = ORIENTED_EDGE('',*,*,#4053,.T.);
#4053 = EDGE_CURVE('',#3980,#949,#4054,.T.);
#4054 = SURFACE_CURVE('',#4055,(#4061,#4067),.PCURVE_S1.);
#4055 = B_SPLINE_CURVE_WITH_KNOTS('',3,(#4056,#4057,#4058,#4059,#4060),
  .UNSPECIFIED.,.F.,.F.,(4,1,4),(2.141031105378E-16,1.01992482489E-03,
    2.039849649781E-03),.UNSPECIFIED.);
#4056 = CARTESIAN_POINT('',(-55.,-38.64725248054,-3.892370002518));
#4057 = CARTESIAN_POINT('',(-54.655802152,-38.62774044154,-3.89904375851
    ));
#4058 = CARTESIAN_POINT('',(-53.98675532341,-38.51186856401,
    -3.940152040851));
#4059 = CARTESIAN_POINT('',(-53.35734550129,-38.21446647594,-4.));
#4060 = CARTESIAN_POINT('',(-53.08493649053,-38.,-4.));
#4061 = PCURVE('',#965,#4062);
#4062 = DEFINITIONAL_REPRESENTATION('',(#4063),#4066);
#4063 = B_SPLINE_CURVE_WITH_KNOTS('',1,(#4064,#4065),.UNSPECIFIED.,.F.,
  .F.,(2,2),(2.141031105378E-16,2.039849649781E-03),
  .PIECEWISE_BEZIER_KNOTS.);
#4064 = CARTESIAN_POINT('',(4.638932507795,0.755146307934));
#4065 = CARTESIAN_POINT('',(4.045442635881,0.862776305416));
#4066 = ( GEOMETRIC_REPRESENTATION_CONTEXT(2) 
PARAMETRIC_REPRESENTATION_CONTEXT() REPRESENTATION_CONTEXT('2D SPACE',''
  ) );
#4067 = PCURVE('',#1210,#4068);
#4068 = DEFINITIONAL_REPRESENTATION('',(#4069),#4095);
#4069 = B_SPLINE_CURVE_WITH_KNOTS('',3,(#4070,#4071,#4072,#4073,#4074,
    #4075,#4076,#4077,#4078,#4079,#4080,#4081,#4082,#4083,#4084,#4085,
    #4086,#4087,#4088,#4089,#4090,#4091,#4092,#4093,#4094),
  .UNSPECIFIED.,.F.,.F.,(4,1,1,1,1,1,1,1,1,1,1,1,1,1,1,1,1,1,1,1,1,1,4),
  (2.141031105378E-16,9.272043862659E-05,1.85440877253E-04,
    2.781613158794E-04,3.708817545057E-04,4.636021931321E-04,
    5.563226317585E-04,6.490430703849E-04,7.417635090112E-04,
    8.344839476376E-04,9.27204386264E-04,1.01992482489E-03,
    1.112645263517E-03,1.205365702143E-03,1.29808614077E-03,
    1.390806579396E-03,1.483527018022E-03,1.576247456649E-03,
    1.668967895275E-03,1.761688333901E-03,1.854408772528E-03,
    1.947129211154E-03,2.039849649781E-03),.QUASI_UNIFORM_KNOTS.);
#4070 = CARTESIAN_POINT('',(0.455838689867,-27.5));
#4071 = CARTESIAN_POINT('',(0.456776064766,-27.46870928654));
#4072 = CARTESIAN_POINT('',(0.458988329285,-27.40628776763));
#4073 = CARTESIAN_POINT('',(0.463327535514,-27.31313627177));
#4074 = CARTESIAN_POINT('',(0.468695694252,-27.22046661697));
#4075 = CARTESIAN_POINT('',(0.475101376373,-27.12827986176));
#4076 = CARTESIAN_POINT('',(0.48255354375,-27.03657706466));
#4077 = CARTESIAN_POINT('',(0.491061624877,-26.94535928421));
#4078 = CARTESIAN_POINT('',(0.500635513483,-26.85462757895));
#4079 = CARTESIAN_POINT('',(0.511285535375,-26.7643830074));
#4080 = CARTESIAN_POINT('',(0.523022377208,-26.6746266281));
#4081 = CARTESIAN_POINT('',(0.535856940661,-26.58535949958));
#4082 = CARTESIAN_POINT('',(0.549800256461,-26.49658268038));
#4083 = CARTESIAN_POINT('',(0.564862937859,-26.40829722903));
#4084 = CARTESIAN_POINT('',(0.581073105911,-26.32064914094));
#4085 = CARTESIAN_POINT('',(0.598462626775,-26.23378441152));
#4086 = CARTESIAN_POINT('',(0.617067069005,-26.14784903618));
#4087 = CARTESIAN_POINT('',(0.636925958792,-26.06298901034));
#4088 = CARTESIAN_POINT('',(0.658082840546,-25.97935032939));
#4089 = CARTESIAN_POINT('',(0.680585255775,-25.89707898877));
#4090 = CARTESIAN_POINT('',(0.704484562066,-25.81632098387));
#4091 = CARTESIAN_POINT('',(0.729835642903,-25.73722231011));
#4092 = CARTESIAN_POINT('',(0.756696200169,-25.65992896289));
#4093 = CARTESIAN_POINT('',(0.775649794257,-25.60970094606));
#4094 = CARTESIAN_POINT('',(0.785398163396,-25.58493649053));
#4095 = ( GEOMETRIC_REPRESENTATION_CONTEXT(2) 
PARAMETRIC_REPRESENTATION_CONTEXT() REPRESENTATION_CONTEXT('2D SPACE',''
  ) );
#4096 = ORIENTED_EDGE('',*,*,#946,.F.);
#4097 = ORIENTED_EDGE('',*,*,#4098,.T.);
#4098 = EDGE_CURVE('',#947,#4099,#4101,.T.);
#4099 = VERTEX_POINT('',#4100);
#4100 = CARTESIAN_POINT('',(-58.64725248054,-35.,-3.892370002518));
#4101 = SURFACE_CURVE('',#4102,(#4107,#4113),.PCURVE_S1.);
#4102 = B_SPLINE_CURVE_WITH_KNOTS('',3,(#4103,#4104,#4105,#4106),
  .UNSPECIFIED.,.F.,.F.,(4,4),(1.569433243704E-15,2.041497517354E-03),
  .PIECEWISE_BEZIER_KNOTS.);
#4103 = CARTESIAN_POINT('',(-58.,-33.08493649053,-4.));
#4104 = CARTESIAN_POINT('',(-58.42954776821,-33.63053543367,-4.));
#4105 = CARTESIAN_POINT('',(-58.60824588225,-34.31191265091,
    -3.90571153587));
#4106 = CARTESIAN_POINT('',(-58.64725248054,-35.,-3.892370002518));
#4107 = PCURVE('',#965,#4108);
#4108 = DEFINITIONAL_REPRESENTATION('',(#4109),#4112);
#4109 = B_SPLINE_CURVE_WITH_KNOTS('',1,(#4110,#4111),.UNSPECIFIED.,.F.,
  .F.,(2,2),(1.569433243704E-15,2.041497517354E-03),
  .PIECEWISE_BEZIER_KNOTS.);
#4110 = CARTESIAN_POINT('',(0.666946344504,0.862776305416));
#4111 = CARTESIAN_POINT('',(7.345647259E-02,0.755146307934));
#4112 = ( GEOMETRIC_REPRESENTATION_CONTEXT(2) 
PARAMETRIC_REPRESENTATION_CONTEXT() REPRESENTATION_CONTEXT('2D SPACE',''
  ) );
#4113 = PCURVE('',#993,#4114);
#4114 = DEFINITIONAL_REPRESENTATION('',(#4115),#4141);
#4115 = B_SPLINE_CURVE_WITH_KNOTS('',3,(#4116,#4117,#4118,#4119,#4120,
    #4121,#4122,#4123,#4124,#4125,#4126,#4127,#4128,#4129,#4130,#4131,
    #4132,#4133,#4134,#4135,#4136,#4137,#4138,#4139,#4140),
  .UNSPECIFIED.,.F.,.F.,(4,1,1,1,1,1,1,1,1,1,1,1,1,1,1,1,1,1,1,1,1,1,4),
  (1.569433243704E-15,9.279534169941E-05,1.855906833973E-04,
    2.783860250951E-04,3.711813667929E-04,4.639767084908E-04,
    5.567720501886E-04,6.495673918865E-04,7.423627335843E-04,
    8.351580752822E-04,9.2795341698E-04,1.020748758678E-03,
    1.113544100376E-03,1.206339442074E-03,1.299134783771E-03,
    1.391930125469E-03,1.484725467167E-03,1.577520808865E-03,
    1.670316150563E-03,1.763111492261E-03,1.855906833958E-03,
    1.948702175656E-03,2.041497517354E-03),.QUASI_UNIFORM_KNOTS.);
#4116 = CARTESIAN_POINT('',(0.785398163397,50.584936490535));
#4117 = CARTESIAN_POINT('',(0.775635476146,50.609736442496));
#4118 = CARTESIAN_POINT('',(0.756629331236,50.659897413667));
#4119 = CARTESIAN_POINT('',(0.729640048947,50.736749344063));
#4120 = CARTESIAN_POINT('',(0.70413374468,50.815139019996));
#4121 = CARTESIAN_POINT('',(0.680070673133,50.894993713361));
#4122 = CARTESIAN_POINT('',(0.657410777266,50.976240696055));
#4123 = CARTESIAN_POINT('',(0.636114254038,51.058807239972));
#4124 = CARTESIAN_POINT('',(0.616142375,51.142620617009));
#4125 = CARTESIAN_POINT('',(0.597458012477,51.227608099062));
#4126 = CARTESIAN_POINT('',(0.580026048772,51.313696958026));
#4127 = CARTESIAN_POINT('',(0.563813648939,51.400814465797));
#4128 = CARTESIAN_POINT('',(0.548790427415,51.488887894272));
#4129 = CARTESIAN_POINT('',(0.534928522097,51.577844515345));
#4130 = CARTESIAN_POINT('',(0.52220259059,51.667611600913));
#4131 = CARTESIAN_POINT('',(0.510589739772,51.758116422871));
#4132 = CARTESIAN_POINT('',(0.500069397914,51.849286253116));
#4133 = CARTESIAN_POINT('',(0.490623136507,51.941048363542));
#4134 = CARTESIAN_POINT('',(0.482234447494,52.033330026047));
#4135 = CARTESIAN_POINT('',(0.474888479961,52.126058512525));
#4136 = CARTESIAN_POINT('',(0.468571740649,52.219161094873));
#4137 = CARTESIAN_POINT('',(0.463271757604,52.312565044986));
#4138 = CARTESIAN_POINT('',(0.458976722608,52.40619763476));
#4139 = CARTESIAN_POINT('',(0.45677561843,52.468723302314));
#4140 = CARTESIAN_POINT('',(0.455838689867,52.5));
#4141 = ( GEOMETRIC_REPRESENTATION_CONTEXT(2) 
PARAMETRIC_REPRESENTATION_CONTEXT() REPRESENTATION_CONTEXT('2D SPACE',''
  ) );
#4142 = ORIENTED_EDGE('',*,*,#4143,.T.);
#4143 = EDGE_CURVE('',#4099,#3958,#4144,.T.);
#4144 = SURFACE_CURVE('',#4145,(#4151,#4180),.PCURVE_S1.);
#4145 = B_SPLINE_CURVE_WITH_KNOTS('',3,(#4146,#4147,#4148,#4149,#4150),
  .UNSPECIFIED.,.F.,.F.,(4,1,4),(1.25687419901E-16,2.896893052194E-03,
    5.793786104388E-03),.UNSPECIFIED.);
#4146 = CARTESIAN_POINT('',(-58.64725248054,-35.,-3.892370002518));
#4147 = CARTESIAN_POINT('',(-58.70268167764,-35.9777866044,
    -3.873411402841));
#4148 = CARTESIAN_POINT('',(-57.93860050838,-37.93856489144,
    -3.848507202931));
#4149 = CARTESIAN_POINT('',(-55.97778645616,-38.70268166924,
    -3.873411405716));
#4150 = CARTESIAN_POINT('',(-55.,-38.64725248054,-3.892370002519));
#4151 = PCURVE('',#965,#4152);
#4152 = DEFINITIONAL_REPRESENTATION('',(#4153),#4179);
#4153 = B_SPLINE_CURVE_WITH_KNOTS('',3,(#4154,#4155,#4156,#4157,#4158,
    #4159,#4160,#4161,#4162,#4163,#4164,#4165,#4166,#4167,#4168,#4169,
    #4170,#4171,#4172,#4173,#4174,#4175,#4176,#4177,#4178),
  .UNSPECIFIED.,.F.,.F.,(4,1,1,1,1,1,1,1,1,1,1,1,1,1,1,1,1,1,1,1,1,1,4),
  (1.25687419901E-16,2.633539138359E-04,5.267078276718E-04,
    7.900617415076E-04,1.053415655343E-03,1.316769569179E-03,
    1.580123483015E-03,1.843477396851E-03,2.106831310687E-03,
    2.370185224523E-03,2.633539138358E-03,2.896893052194E-03,
    3.16024696603E-03,3.423600879866E-03,3.686954793702E-03,
    3.950308707537E-03,4.213662621373E-03,4.477016535209E-03,
    4.740370449045E-03,5.003724362881E-03,5.267078276717E-03,
    5.530432190552E-03,5.793786104388E-03),.QUASI_UNIFORM_KNOTS.);
#4154 = CARTESIAN_POINT('',(7.345647259E-02,0.755146307934));
#4155 = CARTESIAN_POINT('',(4.732744931863E-02,0.753421112713));
#4156 = CARTESIAN_POINT('',(-4.87089691735E-03,0.74992129618));
#4157 = CARTESIAN_POINT('',(-8.305865573705E-02,0.744742507514));
#4158 = CARTESIAN_POINT('',(-0.161222172663,0.739865359049));
#4159 = CARTESIAN_POINT('',(-0.239390342445,0.735480341026));
#4160 = CARTESIAN_POINT('',(-0.317565224203,0.731735231496));
#4161 = CARTESIAN_POINT('',(-0.395725815675,0.728723343827));
#4162 = CARTESIAN_POINT('',(-0.473839959707,0.726478431274));
#4163 = CARTESIAN_POINT('',(-0.551874864265,0.724972187772));
#4164 = CARTESIAN_POINT('',(-0.629808032593,0.724115509271));
#4165 = CARTESIAN_POINT('',(-0.707638460735,0.723763234512));
#4166 = CARTESIAN_POINT('',(-0.78539440952,0.723722039801));
#4167 = CARTESIAN_POINT('',(-0.863150566205,0.723762260405));
#4168 = CARTESIAN_POINT('',(-0.940981545443,0.724113696958));
#4169 = CARTESIAN_POINT('',(-1.018915525423,0.724969767723));
#4170 = CARTESIAN_POINT('',(-1.096951413459,0.726475691473));
#4171 = CARTESIAN_POINT('',(-1.175066622244,0.728720590469));
#4172 = CARTESIAN_POINT('',(-1.253228271967,0.731732750555));
#4173 = CARTESIAN_POINT('',(-1.331404125174,0.735478361374));
#4174 = CARTESIAN_POINT('',(-1.409573110953,0.739864018673));
#4175 = CARTESIAN_POINT('',(-1.487737236033,0.744741823312));
#4176 = CARTESIAN_POINT('',(-1.565925359309,0.749921140569));
#4177 = CARTESIAN_POINT('',(-1.618123781972,0.753421111791));
#4178 = CARTESIAN_POINT('',(-1.644252799385,0.755146307934));
#4179 = ( GEOMETRIC_REPRESENTATION_CONTEXT(2) 
PARAMETRIC_REPRESENTATION_CONTEXT() REPRESENTATION_CONTEXT('2D SPACE',''
  ) );
#4180 = PCURVE('',#4019,#4181);
#4181 = DEFINITIONAL_REPRESENTATION('',(#4182),#4185);
#4182 = B_SPLINE_CURVE_WITH_KNOTS('',1,(#4183,#4184),.UNSPECIFIED.,.F.,
  .F.,(2,2),(1.25687419901E-16,2.470214405996E-04),
  .PIECEWISE_BEZIER_KNOTS.);
#4183 = CARTESIAN_POINT('',(3.14159265359,5.041948453915));
#4184 = CARTESIAN_POINT('',(3.209942311729,5.04898783809));
#4185 = ( GEOMETRIC_REPRESENTATION_CONTEXT(2) 
PARAMETRIC_REPRESENTATION_CONTEXT() REPRESENTATION_CONTEXT('2D SPACE',''
  ) );
#4186 = ORIENTED_EDGE('',*,*,#3957,.F.);
#4187 = ADVANCED_FACE('',(#4188),#3945,.F.);
#4188 = FACE_BOUND('',#4189,.F.);
#4189 = EDGE_LOOP('',(#4190,#4219,#4239,#4240));
#4190 = ORIENTED_EDGE('',*,*,#4191,.T.);
#4191 = EDGE_CURVE('',#4192,#4192,#4194,.T.);
#4192 = VERTEX_POINT('',#4193);
#4193 = CARTESIAN_POINT('',(-57.25,-35.25,-2.158439983497E-15));
#4194 = SURFACE_CURVE('',#4195,(#4200,#4207),.PCURVE_S1.);
#4195 = CIRCLE('',#4196,2.);
#4196 = AXIS2_PLACEMENT_3D('',#4197,#4198,#4199);
#4197 = CARTESIAN_POINT('',(-55.25,-35.25,-2.158439983497E-15));
#4198 = DIRECTION('',(0.,6.123233995737E-17,-1.));
#4199 = DIRECTION('',(-1.,0.,0.));
#4200 = PCURVE('',#3945,#4201);
#4201 = DEFINITIONAL_REPRESENTATION('',(#4202),#4206);
#4202 = LINE('',#4203,#4204);
#4203 = CARTESIAN_POINT('',(0.,140.34680460612));
#4204 = VECTOR('',#4205,1.);
#4205 = DIRECTION('',(1.,0.));
#4206 = ( GEOMETRIC_REPRESENTATION_CONTEXT(2) 
PARAMETRIC_REPRESENTATION_CONTEXT() REPRESENTATION_CONTEXT('2D SPACE',''
  ) );
#4207 = PCURVE('',#4208,#4213);
#4208 = PLANE('',#4209);
#4209 = AXIS2_PLACEMENT_3D('',#4210,#4211,#4212);
#4210 = CARTESIAN_POINT('',(0.,0.,0.));
#4211 = DIRECTION('',(0.,6.123233995737E-17,-1.));
#4212 = DIRECTION('',(-1.,0.,0.));
#4213 = DEFINITIONAL_REPRESENTATION('',(#4214),#4218);
#4214 = CIRCLE('',#4215,2.);
#4215 = AXIS2_PLACEMENT_2D('',#4216,#4217);
#4216 = CARTESIAN_POINT('',(55.25,-35.25));
#4217 = DIRECTION('',(1.,0.));
#4218 = ( GEOMETRIC_REPRESENTATION_CONTEXT(2) 
PARAMETRIC_REPRESENTATION_CONTEXT() REPRESENTATION_CONTEXT('2D SPACE',''
  ) );
#4219 = ORIENTED_EDGE('',*,*,#4220,.T.);
#4220 = EDGE_CURVE('',#4192,#3929,#4221,.T.);
#4221 = SEAM_CURVE('',#4222,(#4225,#4232),.PCURVE_S1.);
#4222 = B_SPLINE_CURVE_WITH_KNOTS('',1,(#4223,#4224),.UNSPECIFIED.,.F.,
  .F.,(2,2),(140.34680460612,142.62125199529),.PIECEWISE_BEZIER_KNOTS.);
#4223 = CARTESIAN_POINT('',(-57.25,-35.25,0.));
#4224 = CARTESIAN_POINT('',(-57.25,-35.25,-2.274447389169));
#4225 = PCURVE('',#3945,#4226);
#4226 = DEFINITIONAL_REPRESENTATION('',(#4227),#4231);
#4227 = LINE('',#4228,#4229);
#4228 = CARTESIAN_POINT('',(6.28318530718,0.));
#4229 = VECTOR('',#4230,1.);
#4230 = DIRECTION('',(0.,1.));
#4231 = ( GEOMETRIC_REPRESENTATION_CONTEXT(2) 
PARAMETRIC_REPRESENTATION_CONTEXT() REPRESENTATION_CONTEXT('2D SPACE',''
  ) );
#4232 = PCURVE('',#3945,#4233);
#4233 = DEFINITIONAL_REPRESENTATION('',(#4234),#4238);
#4234 = LINE('',#4235,#4236);
#4235 = CARTESIAN_POINT('',(0.,0.));
#4236 = VECTOR('',#4237,1.);
#4237 = DIRECTION('',(0.,1.));
#4238 = ( GEOMETRIC_REPRESENTATION_CONTEXT(2) 
PARAMETRIC_REPRESENTATION_CONTEXT() REPRESENTATION_CONTEXT('2D SPACE',''
  ) );
#4239 = ORIENTED_EDGE('',*,*,#3928,.F.);
#4240 = ORIENTED_EDGE('',*,*,#4220,.F.);
#4241 = ADVANCED_FACE('',(#4242),#1079,.F.);
#4242 = FACE_BOUND('',#4243,.F.);
#4243 = EDGE_LOOP('',(#4244,#4245,#4267,#4294,#4295,#4296,#4341,#4415));
#4244 = ORIENTED_EDGE('',*,*,#1062,.F.);
#4245 = ORIENTED_EDGE('',*,*,#4246,.F.);
#4246 = EDGE_CURVE('',#4247,#1063,#4249,.T.);
#4247 = VERTEX_POINT('',#4248);
#4248 = CARTESIAN_POINT('',(53.25,35.25,-2.274447389168));
#4249 = SEAM_CURVE('',#4250,(#4253,#4260),.PCURVE_S1.);
#4250 = B_SPLINE_CURVE_WITH_KNOTS('',1,(#4251,#4252),.UNSPECIFIED.,.F.,
  .F.,(2,2),(-1.143189815029,1.143189815029),.PIECEWISE_BEZIER_KNOTS.);
#4251 = CARTESIAN_POINT('',(53.250000000002,35.25,-2.27444738917));
#4252 = CARTESIAN_POINT('',(51.749999999998,35.25,-3.999999999998));
#4253 = PCURVE('',#1079,#4254);
#4254 = DEFINITIONAL_REPRESENTATION('',(#4255),#4259);
#4255 = LINE('',#4256,#4257);
#4256 = CARTESIAN_POINT('',(0.,0.));
#4257 = VECTOR('',#4258,1.);
#4258 = DIRECTION('',(0.,1.));
#4259 = ( GEOMETRIC_REPRESENTATION_CONTEXT(2) 
PARAMETRIC_REPRESENTATION_CONTEXT() REPRESENTATION_CONTEXT('2D SPACE',''
  ) );
#4260 = PCURVE('',#1079,#4261);
#4261 = DEFINITIONAL_REPRESENTATION('',(#4262),#4266);
#4262 = LINE('',#4263,#4264);
#4263 = CARTESIAN_POINT('',(6.28318530718,0.));
#4264 = VECTOR('',#4265,1.);
#4265 = DIRECTION('',(0.,1.));
#4266 = ( GEOMETRIC_REPRESENTATION_CONTEXT(2) 
PARAMETRIC_REPRESENTATION_CONTEXT() REPRESENTATION_CONTEXT('2D SPACE',''
  ) );
#4267 = ORIENTED_EDGE('',*,*,#4268,.T.);
#4268 = EDGE_CURVE('',#4247,#4247,#4269,.T.);
#4269 = SURFACE_CURVE('',#4270,(#4275,#4282),.PCURVE_S1.);
#4270 = CIRCLE('',#4271,2.);
#4271 = AXIS2_PLACEMENT_3D('',#4272,#4273,#4274);
#4272 = CARTESIAN_POINT('',(55.25,35.25,-2.274447389168));
#4273 = DIRECTION('',(0.,6.123233995737E-17,-1.));
#4274 = DIRECTION('',(-1.,0.,0.));
#4275 = PCURVE('',#1079,#4276);
#4276 = DEFINITIONAL_REPRESENTATION('',(#4277),#4281);
#4277 = LINE('',#4278,#4279);
#4278 = CARTESIAN_POINT('',(0.,-0.862776305414));
#4279 = VECTOR('',#4280,1.);
#4280 = DIRECTION('',(1.,0.));
#4281 = ( GEOMETRIC_REPRESENTATION_CONTEXT(2) 
PARAMETRIC_REPRESENTATION_CONTEXT() REPRESENTATION_CONTEXT('2D SPACE',''
  ) );
#4282 = PCURVE('',#4283,#4288);
#4283 = CYLINDRICAL_SURFACE('',#4284,2.);
#4284 = AXIS2_PLACEMENT_3D('',#4285,#4286,#4287);
#4285 = CARTESIAN_POINT('',(55.25,35.25,140.34680460612));
#4286 = DIRECTION('',(0.,6.123233995737E-17,-1.));
#4287 = DIRECTION('',(-1.,0.,0.));
#4288 = DEFINITIONAL_REPRESENTATION('',(#4289),#4293);
#4289 = LINE('',#4290,#4291);
#4290 = CARTESIAN_POINT('',(0.,142.62125199529));
#4291 = VECTOR('',#4292,1.);
#4292 = DIRECTION('',(1.,0.));
#4293 = ( GEOMETRIC_REPRESENTATION_CONTEXT(2) 
PARAMETRIC_REPRESENTATION_CONTEXT() REPRESENTATION_CONTEXT('2D SPACE',''
  ) );
#4294 = ORIENTED_EDGE('',*,*,#4246,.T.);
#4295 = ORIENTED_EDGE('',*,*,#1091,.F.);
#4296 = ORIENTED_EDGE('',*,*,#4297,.T.);
#4297 = EDGE_CURVE('',#1092,#4298,#4300,.T.);
#4298 = VERTEX_POINT('',#4299);
#4299 = CARTESIAN_POINT('',(58.647252480543,35.,-3.892370002518));
#4300 = SURFACE_CURVE('',#4301,(#4306,#4312),.PCURVE_S1.);
#4301 = B_SPLINE_CURVE_WITH_KNOTS('',3,(#4302,#4303,#4304,#4305),
  .UNSPECIFIED.,.F.,.F.,(4,4),(1.569433243704E-15,2.041497517354E-03),
  .PIECEWISE_BEZIER_KNOTS.);
#4302 = CARTESIAN_POINT('',(58.000000000002,33.084936490535,-4.));
#4303 = CARTESIAN_POINT('',(58.429547768219,33.630535433678,-4.));
#4304 = CARTESIAN_POINT('',(58.60824588225,34.311912650912,
    -3.90571153587));
#4305 = CARTESIAN_POINT('',(58.647252480544,35.,-3.892370002518));
#4306 = PCURVE('',#1079,#4307);
#4307 = DEFINITIONAL_REPRESENTATION('',(#4308),#4311);
#4308 = B_SPLINE_CURVE_WITH_KNOTS('',1,(#4309,#4310),.UNSPECIFIED.,.F.,
  .F.,(2,2),(1.569433243704E-15,2.041497517354E-03),
  .PIECEWISE_BEZIER_KNOTS.);
#4309 = CARTESIAN_POINT('',(3.808538998094,0.862776305416));
#4310 = CARTESIAN_POINT('',(3.21504912618,0.755146307934));
#4311 = ( GEOMETRIC_REPRESENTATION_CONTEXT(2) 
PARAMETRIC_REPRESENTATION_CONTEXT() REPRESENTATION_CONTEXT('2D SPACE',''
  ) );
#4312 = PCURVE('',#1131,#4313);
#4313 = DEFINITIONAL_REPRESENTATION('',(#4314),#4340);
#4314 = B_SPLINE_CURVE_WITH_KNOTS('',3,(#4315,#4316,#4317,#4318,#4319,
    #4320,#4321,#4322,#4323,#4324,#4325,#4326,#4327,#4328,#4329,#4330,
    #4331,#4332,#4333,#4334,#4335,#4336,#4337,#4338,#4339),
  .UNSPECIFIED.,.F.,.F.,(4,1,1,1,1,1,1,1,1,1,1,1,1,1,1,1,1,1,1,1,1,1,4),
  (1.569433243704E-15,9.279534169941E-05,1.855906833973E-04,
    2.783860250951E-04,3.711813667929E-04,4.639767084908E-04,
    5.567720501886E-04,6.495673918865E-04,7.423627335843E-04,
    8.351580752822E-04,9.2795341698E-04,1.020748758678E-03,
    1.113544100376E-03,1.206339442074E-03,1.299134783771E-03,
    1.391930125469E-03,1.484725467167E-03,1.577520808865E-03,
    1.670316150563E-03,1.763111492261E-03,1.855906833958E-03,
    1.948702175656E-03,2.041497517354E-03),.QUASI_UNIFORM_KNOTS.);
#4315 = CARTESIAN_POINT('',(0.785398163397,33.084936490535));
#4316 = CARTESIAN_POINT('',(0.775635476146,33.109736442496));
#4317 = CARTESIAN_POINT('',(0.756629331236,33.159897413667));
#4318 = CARTESIAN_POINT('',(0.729640048947,33.236749344063));
#4319 = CARTESIAN_POINT('',(0.70413374468,33.315139019996));
#4320 = CARTESIAN_POINT('',(0.680070673133,33.394993713361));
#4321 = CARTESIAN_POINT('',(0.657410777266,33.476240696055));
#4322 = CARTESIAN_POINT('',(0.636114254038,33.558807239972));
#4323 = CARTESIAN_POINT('',(0.616142375,33.642620617009));
#4324 = CARTESIAN_POINT('',(0.597458012477,33.727608099062));
#4325 = CARTESIAN_POINT('',(0.580026048772,33.813696958026));
#4326 = CARTESIAN_POINT('',(0.563813648939,33.900814465797));
#4327 = CARTESIAN_POINT('',(0.548790427415,33.988887894272));
#4328 = CARTESIAN_POINT('',(0.534928522097,34.077844515345));
#4329 = CARTESIAN_POINT('',(0.52220259059,34.167611600913));
#4330 = CARTESIAN_POINT('',(0.510589739772,34.258116422871));
#4331 = CARTESIAN_POINT('',(0.500069397914,34.349286253116));
#4332 = CARTESIAN_POINT('',(0.490623136507,34.441048363542));
#4333 = CARTESIAN_POINT('',(0.482234447494,34.533330026047));
#4334 = CARTESIAN_POINT('',(0.474888479961,34.626058512525));
#4335 = CARTESIAN_POINT('',(0.468571740649,34.719161094873));
#4336 = CARTESIAN_POINT('',(0.463271757604,34.812565044986));
#4337 = CARTESIAN_POINT('',(0.458976722608,34.90619763476));
#4338 = CARTESIAN_POINT('',(0.45677561843,34.968723302314));
#4339 = CARTESIAN_POINT('',(0.455838689867,35.));
#4340 = ( GEOMETRIC_REPRESENTATION_CONTEXT(2) 
PARAMETRIC_REPRESENTATION_CONTEXT() REPRESENTATION_CONTEXT('2D SPACE',''
  ) );
#4341 = ORIENTED_EDGE('',*,*,#4342,.T.);
#4342 = EDGE_CURVE('',#4298,#4343,#4345,.T.);
#4343 = VERTEX_POINT('',#4344);
#4344 = CARTESIAN_POINT('',(55.,38.647252480543,-3.892370002519));
#4345 = SURFACE_CURVE('',#4346,(#4352,#4381),.PCURVE_S1.);
#4346 = B_SPLINE_CURVE_WITH_KNOTS('',3,(#4347,#4348,#4349,#4350,#4351),
  .UNSPECIFIED.,.F.,.F.,(4,1,4),(1.25687419901E-16,2.896893052194E-03,
    5.793786104388E-03),.UNSPECIFIED.);
#4347 = CARTESIAN_POINT('',(58.647252480544,35.,-3.892370002518));
#4348 = CARTESIAN_POINT('',(58.702681677645,35.977786604402,
    -3.873411402841));
#4349 = CARTESIAN_POINT('',(57.938600508384,37.938564891449,
    -3.848507202931));
#4350 = CARTESIAN_POINT('',(55.977786456162,38.702681669242,
    -3.873411405716));
#4351 = CARTESIAN_POINT('',(55.,38.647252480545,-3.892370002519));
#4352 = PCURVE('',#1079,#4353);
#4353 = DEFINITIONAL_REPRESENTATION('',(#4354),#4380);
#4354 = B_SPLINE_CURVE_WITH_KNOTS('',3,(#4355,#4356,#4357,#4358,#4359,
    #4360,#4361,#4362,#4363,#4364,#4365,#4366,#4367,#4368,#4369,#4370,
    #4371,#4372,#4373,#4374,#4375,#4376,#4377,#4378,#4379),
  .UNSPECIFIED.,.F.,.F.,(4,1,1,1,1,1,1,1,1,1,1,1,1,1,1,1,1,1,1,1,1,1,4),
  (1.25687419901E-16,2.633539138359E-04,5.267078276718E-04,
    7.900617415076E-04,1.053415655343E-03,1.316769569179E-03,
    1.580123483015E-03,1.843477396851E-03,2.106831310687E-03,
    2.370185224523E-03,2.633539138358E-03,2.896893052194E-03,
    3.16024696603E-03,3.423600879866E-03,3.686954793702E-03,
    3.950308707537E-03,4.213662621373E-03,4.477016535209E-03,
    4.740370449045E-03,5.003724362881E-03,5.267078276717E-03,
    5.530432190552E-03,5.793786104388E-03),.QUASI_UNIFORM_KNOTS.);
#4355 = CARTESIAN_POINT('',(3.21504912618,0.755146307934));
#4356 = CARTESIAN_POINT('',(3.188920102908,0.753421112713));
#4357 = CARTESIAN_POINT('',(3.136721756672,0.74992129618));
#4358 = CARTESIAN_POINT('',(3.058533997853,0.744742507514));
#4359 = CARTESIAN_POINT('',(2.980370480927,0.739865359049));
#4360 = CARTESIAN_POINT('',(2.902202311145,0.735480341026));
#4361 = CARTESIAN_POINT('',(2.824027429387,0.731735231496));
#4362 = CARTESIAN_POINT('',(2.745866837915,0.728723343827));
#4363 = CARTESIAN_POINT('',(2.667752693882,0.726478431274));
#4364 = CARTESIAN_POINT('',(2.589717789325,0.724972187772));
#4365 = CARTESIAN_POINT('',(2.511784620997,0.724115509271));
#4366 = CARTESIAN_POINT('',(2.433954192855,0.723763234512));
#4367 = CARTESIAN_POINT('',(2.35619824407,0.723722039801));
#4368 = CARTESIAN_POINT('',(2.278442087384,0.723762260405));
#4369 = CARTESIAN_POINT('',(2.200611108147,0.724113696958));
#4370 = CARTESIAN_POINT('',(2.122677128167,0.724969767723));
#4371 = CARTESIAN_POINT('',(2.044641240131,0.726475691473));
#4372 = CARTESIAN_POINT('',(1.966526031346,0.728720590469));
#4373 = CARTESIAN_POINT('',(1.888364381623,0.731732750555));
#4374 = CARTESIAN_POINT('',(1.810188528415,0.735478361374));
#4375 = CARTESIAN_POINT('',(1.732019542636,0.739864018673));
#4376 = CARTESIAN_POINT('',(1.653855417557,0.744741823312));
#4377 = CARTESIAN_POINT('',(1.57566729428,0.749921140569));
#4378 = CARTESIAN_POINT('',(1.523468871618,0.753421111791));
#4379 = CARTESIAN_POINT('',(1.497339854205,0.755146307934));
#4380 = ( GEOMETRIC_REPRESENTATION_CONTEXT(2) 
PARAMETRIC_REPRESENTATION_CONTEXT() REPRESENTATION_CONTEXT('2D SPACE',''
  ) );
#4381 = PCURVE('',#4382,#4387);
#4382 = TOROIDAL_SURFACE('',#4383,3.,2.);
#4383 = AXIS2_PLACEMENT_3D('',#4384,#4385,#4386);
#4384 = CARTESIAN_POINT('',(55.,35.,-2.));
#4385 = DIRECTION('',(0.,-6.123233995737E-17,1.));
#4386 = DIRECTION('',(1.,0.,0.));
#4387 = DEFINITIONAL_REPRESENTATION('',(#4388),#4414);
#4388 = B_SPLINE_CURVE_WITH_KNOTS('',3,(#4389,#4390,#4391,#4392,#4393,
    #4394,#4395,#4396,#4397,#4398,#4399,#4400,#4401,#4402,#4403,#4404,
    #4405,#4406,#4407,#4408,#4409,#4410,#4411,#4412,#4413),
  .UNSPECIFIED.,.F.,.F.,(4,1,1,1,1,1,1,1,1,1,1,1,1,1,1,1,1,1,1,1,1,1,4),
  (1.25687419901E-16,2.633539138359E-04,5.267078276718E-04,
    7.900617415076E-04,1.053415655343E-03,1.316769569179E-03,
    1.580123483015E-03,1.843477396851E-03,2.106831310687E-03,
    2.370185224523E-03,2.633539138358E-03,2.896893052194E-03,
    3.16024696603E-03,3.423600879866E-03,3.686954793702E-03,
    3.950308707537E-03,4.213662621373E-03,4.477016535209E-03,
    4.740370449045E-03,5.003724362881E-03,5.267078276717E-03,
    5.530432190552E-03,5.793786104388E-03),.QUASI_UNIFORM_KNOTS.);
#4389 = CARTESIAN_POINT('',(0.,5.041948453915));
#4390 = CARTESIAN_POINT('',(2.43683627286E-02,5.044609208026));
#4391 = CARTESIAN_POINT('',(7.292768414926E-02,5.049574586354));
#4392 = CARTESIAN_POINT('',(0.14532383766,5.056114472505));
#4393 = CARTESIAN_POINT('',(0.217380323919,5.061918711387));
#4394 = CARTESIAN_POINT('',(0.28915208172,5.067116696999));
#4395 = CARTESIAN_POINT('',(0.360672988179,5.071797822101));
#4396 = CARTESIAN_POINT('',(0.431959430718,5.076002259321));
#4397 = CARTESIAN_POINT('',(0.503020357623,5.079718412182));
#4398 = CARTESIAN_POINT('',(0.573865620266,5.082881934284));
#4399 = CARTESIAN_POINT('',(0.64451440677,5.085377572135));
#4400 = CARTESIAN_POINT('',(0.715003816765,5.087043321095));
#4401 = CARTESIAN_POINT('',(0.785394766002,5.087676552613));
#4402 = CARTESIAN_POINT('',(0.855785897917,5.087042491546));
#4403 = CARTESIAN_POINT('',(0.926275791728,5.085376026103));
#4404 = CARTESIAN_POINT('',(0.996925292378,5.082879864351));
#4405 = CARTESIAN_POINT('',(1.067771424536,5.079716060655));
#4406 = CARTESIAN_POINT('',(1.138833299864,5.075999886211));
#4407 = CARTESIAN_POINT('',(1.21012069473,5.071795673185));
#4408 = CARTESIAN_POINT('',(1.28164248701,5.067114972336));
#4409 = CARTESIAN_POINT('',(1.353415001273,5.061917535585));
#4410 = CARTESIAN_POINT('',(1.425472062925,5.056113866816));
#4411 = CARTESIAN_POINT('',(1.497868570703,5.049574446152));
#4412 = CARTESIAN_POINT('',(1.546427969251,5.044609206132));
#4413 = CARTESIAN_POINT('',(1.570796326795,5.041948453915));
#4414 = ( GEOMETRIC_REPRESENTATION_CONTEXT(2) 
PARAMETRIC_REPRESENTATION_CONTEXT() REPRESENTATION_CONTEXT('2D SPACE',''
  ) );
#4415 = ORIENTED_EDGE('',*,*,#4416,.T.);
#4416 = EDGE_CURVE('',#4343,#1035,#4417,.T.);
#4417 = SURFACE_CURVE('',#4418,(#4424,#4430),.PCURVE_S1.);
#4418 = B_SPLINE_CURVE_WITH_KNOTS('',3,(#4419,#4420,#4421,#4422,#4423),
  .UNSPECIFIED.,.F.,.F.,(4,1,4),(2.058230397496E-16,1.01992482489E-03,
    2.039849649781E-03),.UNSPECIFIED.);
#4419 = CARTESIAN_POINT('',(55.,38.647252480544,-3.892370002518));
#4420 = CARTESIAN_POINT('',(54.655802152,38.627740441544,-3.89904375851)
  );
#4421 = CARTESIAN_POINT('',(53.986755323414,38.511868564015,
    -3.940152040851));
#4422 = CARTESIAN_POINT('',(53.35734550129,38.214466475941,-4.));
#4423 = CARTESIAN_POINT('',(53.084936490537,38.000000000003,-4.));
#4424 = PCURVE('',#1079,#4425);
#4425 = DEFINITIONAL_REPRESENTATION('',(#4426),#4429);
#4426 = B_SPLINE_CURVE_WITH_KNOTS('',1,(#4427,#4428),.UNSPECIFIED.,.F.,
  .F.,(2,2),(2.058230397496E-16,2.039849649781E-03),
  .PIECEWISE_BEZIER_KNOTS.);
#4427 = CARTESIAN_POINT('',(1.497339854205,0.755146307934));
#4428 = CARTESIAN_POINT('',(0.903849982291,0.862776305416));
#4429 = ( GEOMETRIC_REPRESENTATION_CONTEXT(2) 
PARAMETRIC_REPRESENTATION_CONTEXT() REPRESENTATION_CONTEXT('2D SPACE',''
  ) );
#4430 = PCURVE('',#1050,#4431);
#4431 = DEFINITIONAL_REPRESENTATION('',(#4432),#4458);
#4432 = B_SPLINE_CURVE_WITH_KNOTS('',3,(#4433,#4434,#4435,#4436,#4437,
    #4438,#4439,#4440,#4441,#4442,#4443,#4444,#4445,#4446,#4447,#4448,
    #4449,#4450,#4451,#4452,#4453,#4454,#4455,#4456,#4457),
  .UNSPECIFIED.,.F.,.F.,(4,1,1,1,1,1,1,1,1,1,1,1,1,1,1,1,1,1,1,1,1,1,4),
  (2.058230397496E-16,9.272043862659E-05,1.85440877253E-04,
    2.781613158793E-04,3.708817545057E-04,4.636021931321E-04,
    5.563226317585E-04,6.490430703849E-04,7.417635090112E-04,
    8.344839476376E-04,9.27204386264E-04,1.01992482489E-03,
    1.112645263517E-03,1.205365702143E-03,1.29808614077E-03,
    1.390806579396E-03,1.483527018022E-03,1.576247456649E-03,
    1.668967895275E-03,1.761688333901E-03,1.854408772528E-03,
    1.947129211154E-03,2.039849649781E-03),.QUASI_UNIFORM_KNOTS.);
#4433 = CARTESIAN_POINT('',(0.455838689867,-55.));
#4434 = CARTESIAN_POINT('',(0.456776064766,-54.96870928654));
#4435 = CARTESIAN_POINT('',(0.458988329285,-54.90628776763));
#4436 = CARTESIAN_POINT('',(0.463327535514,-54.81313627177));
#4437 = CARTESIAN_POINT('',(0.468695694252,-54.72046661697));
#4438 = CARTESIAN_POINT('',(0.475101376373,-54.62827986176));
#4439 = CARTESIAN_POINT('',(0.48255354375,-54.53657706466));
#4440 = CARTESIAN_POINT('',(0.491061624877,-54.44535928421));
#4441 = CARTESIAN_POINT('',(0.500635513483,-54.35462757895));
#4442 = CARTESIAN_POINT('',(0.511285535375,-54.2643830074));
#4443 = CARTESIAN_POINT('',(0.523022377208,-54.1746266281));
#4444 = CARTESIAN_POINT('',(0.535856940661,-54.08535949958));
#4445 = CARTESIAN_POINT('',(0.549800256461,-53.99658268038));
#4446 = CARTESIAN_POINT('',(0.564862937859,-53.90829722903));
#4447 = CARTESIAN_POINT('',(0.581073105911,-53.82064914094));
#4448 = CARTESIAN_POINT('',(0.598462626775,-53.73378441152));
#4449 = CARTESIAN_POINT('',(0.617067069005,-53.64784903618));
#4450 = CARTESIAN_POINT('',(0.636925958792,-53.56298901034));
#4451 = CARTESIAN_POINT('',(0.658082840546,-53.47935032939));
#4452 = CARTESIAN_POINT('',(0.680585255775,-53.39707898877));
#4453 = CARTESIAN_POINT('',(0.704484562066,-53.31632098387));
#4454 = CARTESIAN_POINT('',(0.729835642903,-53.23722231011));
#4455 = CARTESIAN_POINT('',(0.756696200169,-53.15992896289));
#4456 = CARTESIAN_POINT('',(0.775649794257,-53.10970094606));
#4457 = CARTESIAN_POINT('',(0.785398163396,-53.08493649053));
#4458 = ( GEOMETRIC_REPRESENTATION_CONTEXT(2) 
PARAMETRIC_REPRESENTATION_CONTEXT() REPRESENTATION_CONTEXT('2D SPACE',''
  ) );
#4459 = ADVANCED_FACE('',(#4460),#4283,.F.);
#4460 = FACE_BOUND('',#4461,.F.);
#4461 = EDGE_LOOP('',(#4462,#4486,#4506,#4507));
#4462 = ORIENTED_EDGE('',*,*,#4463,.T.);
#4463 = EDGE_CURVE('',#4464,#4464,#4466,.T.);
#4464 = VERTEX_POINT('',#4465);
#4465 = CARTESIAN_POINT('',(53.25,35.25,2.158439983497E-15));
#4466 = SURFACE_CURVE('',#4467,(#4472,#4479),.PCURVE_S1.);
#4467 = CIRCLE('',#4468,2.);
#4468 = AXIS2_PLACEMENT_3D('',#4469,#4470,#4471);
#4469 = CARTESIAN_POINT('',(55.25,35.25,2.158439983497E-15));
#4470 = DIRECTION('',(0.,6.123233995737E-17,-1.));
#4471 = DIRECTION('',(-1.,0.,0.));
#4472 = PCURVE('',#4283,#4473);
#4473 = DEFINITIONAL_REPRESENTATION('',(#4474),#4478);
#4474 = LINE('',#4475,#4476);
#4475 = CARTESIAN_POINT('',(0.,140.34680460612));
#4476 = VECTOR('',#4477,1.);
#4477 = DIRECTION('',(1.,0.));
#4478 = ( GEOMETRIC_REPRESENTATION_CONTEXT(2) 
PARAMETRIC_REPRESENTATION_CONTEXT() REPRESENTATION_CONTEXT('2D SPACE',''
  ) );
#4479 = PCURVE('',#4208,#4480);
#4480 = DEFINITIONAL_REPRESENTATION('',(#4481),#4485);
#4481 = CIRCLE('',#4482,2.);
#4482 = AXIS2_PLACEMENT_2D('',#4483,#4484);
#4483 = CARTESIAN_POINT('',(-55.25,35.25));
#4484 = DIRECTION('',(1.,0.));
#4485 = ( GEOMETRIC_REPRESENTATION_CONTEXT(2) 
PARAMETRIC_REPRESENTATION_CONTEXT() REPRESENTATION_CONTEXT('2D SPACE',''
  ) );
#4486 = ORIENTED_EDGE('',*,*,#4487,.T.);
#4487 = EDGE_CURVE('',#4464,#4247,#4488,.T.);
#4488 = SEAM_CURVE('',#4489,(#4492,#4499),.PCURVE_S1.);
#4489 = B_SPLINE_CURVE_WITH_KNOTS('',1,(#4490,#4491),.UNSPECIFIED.,.F.,
  .F.,(2,2),(140.34680460612,142.62125199529),.PIECEWISE_BEZIER_KNOTS.);
#4490 = CARTESIAN_POINT('',(53.25,35.25,0.));
#4491 = CARTESIAN_POINT('',(53.25,35.25,-2.274447389169));
#4492 = PCURVE('',#4283,#4493);
#4493 = DEFINITIONAL_REPRESENTATION('',(#4494),#4498);
#4494 = LINE('',#4495,#4496);
#4495 = CARTESIAN_POINT('',(6.28318530718,0.));
#4496 = VECTOR('',#4497,1.);
#4497 = DIRECTION('',(0.,1.));
#4498 = ( GEOMETRIC_REPRESENTATION_CONTEXT(2) 
PARAMETRIC_REPRESENTATION_CONTEXT() REPRESENTATION_CONTEXT('2D SPACE',''
  ) );
#4499 = PCURVE('',#4283,#4500);
#4500 = DEFINITIONAL_REPRESENTATION('',(#4501),#4505);
#4501 = LINE('',#4502,#4503);
#4502 = CARTESIAN_POINT('',(0.,0.));
#4503 = VECTOR('',#4504,1.);
#4504 = DIRECTION('',(0.,1.));
#4505 = ( GEOMETRIC_REPRESENTATION_CONTEXT(2) 
PARAMETRIC_REPRESENTATION_CONTEXT() REPRESENTATION_CONTEXT('2D SPACE',''
  ) );
#4506 = ORIENTED_EDGE('',*,*,#4268,.F.);
#4507 = ORIENTED_EDGE('',*,*,#4487,.F.);
#4508 = ADVANCED_FACE('',(#4509),#1022,.F.);
#4509 = FACE_BOUND('',#4510,.F.);
#4510 = EDGE_LOOP('',(#4511,#4540,#4562,#4613,#4657,#4658,#4703,#4770));
#4511 = ORIENTED_EDGE('',*,*,#4512,.T.);
#4512 = EDGE_CURVE('',#4513,#4513,#4515,.T.);
#4513 = VERTEX_POINT('',#4514);
#4514 = CARTESIAN_POINT('',(-57.25,35.25,-2.274447389168));
#4515 = SURFACE_CURVE('',#4516,(#4521,#4528),.PCURVE_S1.);
#4516 = CIRCLE('',#4517,2.);
#4517 = AXIS2_PLACEMENT_3D('',#4518,#4519,#4520);
#4518 = CARTESIAN_POINT('',(-55.25,35.25,-2.274447389168));
#4519 = DIRECTION('',(0.,6.123233995737E-17,-1.));
#4520 = DIRECTION('',(-1.,0.,0.));
#4521 = PCURVE('',#1022,#4522);
#4522 = DEFINITIONAL_REPRESENTATION('',(#4523),#4527);
#4523 = LINE('',#4524,#4525);
#4524 = CARTESIAN_POINT('',(0.,-0.862776305414));
#4525 = VECTOR('',#4526,1.);
#4526 = DIRECTION('',(1.,0.));
#4527 = ( GEOMETRIC_REPRESENTATION_CONTEXT(2) 
PARAMETRIC_REPRESENTATION_CONTEXT() REPRESENTATION_CONTEXT('2D SPACE',''
  ) );
#4528 = PCURVE('',#4529,#4534);
#4529 = CYLINDRICAL_SURFACE('',#4530,2.);
#4530 = AXIS2_PLACEMENT_3D('',#4531,#4532,#4533);
#4531 = CARTESIAN_POINT('',(-55.25,35.25,140.34680460612));
#4532 = DIRECTION('',(0.,6.123233995737E-17,-1.));
#4533 = DIRECTION('',(-1.,0.,0.));
#4534 = DEFINITIONAL_REPRESENTATION('',(#4535),#4539);
#4535 = LINE('',#4536,#4537);
#4536 = CARTESIAN_POINT('',(0.,142.62125199529));
#4537 = VECTOR('',#4538,1.);
#4538 = DIRECTION('',(1.,0.));
#4539 = ( GEOMETRIC_REPRESENTATION_CONTEXT(2) 
PARAMETRIC_REPRESENTATION_CONTEXT() REPRESENTATION_CONTEXT('2D SPACE',''
  ) );
#4540 = ORIENTED_EDGE('',*,*,#4541,.T.);
#4541 = EDGE_CURVE('',#4513,#4542,#4544,.T.);
#4542 = VERTEX_POINT('',#4543);
#4543 = CARTESIAN_POINT('',(-58.65218797733,35.25,-3.88748013927));
#4544 = SEAM_CURVE('',#4545,(#4548,#4555),.PCURVE_S1.);
#4545 = B_SPLINE_CURVE_WITH_KNOTS('',1,(#4546,#4547),.UNSPECIFIED.,.F.,
  .F.,(2,2),(-1.143189815029,0.994099537554),.PIECEWISE_BEZIER_KNOTS.);
#4546 = CARTESIAN_POINT('',(-57.24999999999,35.25,-2.27444738917));
#4547 = CARTESIAN_POINT('',(-58.65218797733,35.25,-3.88748013927));
#4548 = PCURVE('',#1022,#4549);
#4549 = DEFINITIONAL_REPRESENTATION('',(#4550),#4554);
#4550 = LINE('',#4551,#4552);
#4551 = CARTESIAN_POINT('',(6.28318530718,0.));
#4552 = VECTOR('',#4553,1.);
#4553 = DIRECTION('',(0.,1.));
#4554 = ( GEOMETRIC_REPRESENTATION_CONTEXT(2) 
PARAMETRIC_REPRESENTATION_CONTEXT() REPRESENTATION_CONTEXT('2D SPACE',''
  ) );
#4555 = PCURVE('',#1022,#4556);
#4556 = DEFINITIONAL_REPRESENTATION('',(#4557),#4561);
#4557 = LINE('',#4558,#4559);
#4558 = CARTESIAN_POINT('',(0.,0.));
#4559 = VECTOR('',#4560,1.);
#4560 = DIRECTION('',(0.,1.));
#4561 = ( GEOMETRIC_REPRESENTATION_CONTEXT(2) 
PARAMETRIC_REPRESENTATION_CONTEXT() REPRESENTATION_CONTEXT('2D SPACE',''
  ) );
#4562 = ORIENTED_EDGE('',*,*,#4563,.T.);
#4563 = EDGE_CURVE('',#4542,#4564,#4566,.T.);
#4564 = VERTEX_POINT('',#4565);
#4565 = CARTESIAN_POINT('',(-58.64725248054,35.,-3.892370002519));
#4566 = SURFACE_CURVE('',#4567,(#4573,#4602),.PCURVE_S1.);
#4567 = B_SPLINE_CURVE_WITH_KNOTS('',3,(#4568,#4569,#4570,#4571,#4572),
  .UNSPECIFIED.,.F.,.F.,(4,1,4),(1.187945235271E-16,2.896893052194E-03,
    5.793786104388E-03),.UNSPECIFIED.);
#4568 = CARTESIAN_POINT('',(-55.,38.647252480544,-3.892370002518));
#4569 = CARTESIAN_POINT('',(-55.9777866044,38.702681677645,
    -3.873411402841));
#4570 = CARTESIAN_POINT('',(-57.93856489144,37.938600508384,
    -3.848507202931));
#4571 = CARTESIAN_POINT('',(-58.70268166924,35.977786456162,
    -3.873411405716));
#4572 = CARTESIAN_POINT('',(-58.64725248054,35.,-3.892370002519));
#4573 = PCURVE('',#1022,#4574);
#4574 = DEFINITIONAL_REPRESENTATION('',(#4575),#4601);
#4575 = B_SPLINE_CURVE_WITH_KNOTS('',3,(#4576,#4577,#4578,#4579,#4580,
    #4581,#4582,#4583,#4584,#4585,#4586,#4587,#4588,#4589,#4590,#4591,
    #4592,#4593,#4594,#4595,#4596,#4597,#4598,#4599,#4600),
  .UNSPECIFIED.,.F.,.F.,(4,1,1,1,1,1,1,1,1,1,1,1,1,1,1,1,1,1,1,1,1,1,4),
  (1.187945235271E-16,2.633539138359E-04,5.267078276718E-04,
    7.900617415076E-04,1.053415655343E-03,1.316769569179E-03,
    1.580123483015E-03,1.843477396851E-03,2.106831310687E-03,
    2.370185224523E-03,2.633539138358E-03,2.896893052194E-03,
    3.16024696603E-03,3.423600879866E-03,3.686954793702E-03,
    3.950308707537E-03,4.213662621373E-03,4.477016535209E-03,
    4.740370449045E-03,5.003724362881E-03,5.267078276717E-03,
    5.530432190552E-03,5.793786104388E-03),.QUASI_UNIFORM_KNOTS.);
#4576 = CARTESIAN_POINT('',(7.927438106564,0.755146307934));
#4577 = CARTESIAN_POINT('',(7.901309083293,0.753421112712));
#4578 = CARTESIAN_POINT('',(7.849110737057,0.74992129618));
#4579 = CARTESIAN_POINT('',(7.770922978237,0.744742507514));
#4580 = CARTESIAN_POINT('',(7.692759461312,0.739865359049));
#4581 = CARTESIAN_POINT('',(7.61459129153,0.735480341026));
#4582 = CARTESIAN_POINT('',(7.536416409772,0.731735231495));
#4583 = CARTESIAN_POINT('',(7.458255818299,0.728723343827));
#4584 = CARTESIAN_POINT('',(7.380141674267,0.726478431274));
#4585 = CARTESIAN_POINT('',(7.30210676971,0.724972187772));
#4586 = CARTESIAN_POINT('',(7.224173601382,0.724115509271));
#4587 = CARTESIAN_POINT('',(7.14634317324,0.723763234512));
#4588 = CARTESIAN_POINT('',(7.068587224455,0.723722039801));
#4589 = CARTESIAN_POINT('',(6.990831067769,0.723762260405));
#4590 = CARTESIAN_POINT('',(6.913000088532,0.724113696958));
#4591 = CARTESIAN_POINT('',(6.835066108552,0.724969767723));
#4592 = CARTESIAN_POINT('',(6.757030220515,0.726475691473));
#4593 = CARTESIAN_POINT('',(6.678915011731,0.728720590469));
#4594 = CARTESIAN_POINT('',(6.600753362007,0.731732750555));
#4595 = CARTESIAN_POINT('',(6.5225775088,0.735478361374));
#4596 = CARTESIAN_POINT('',(6.444408523021,0.739864018673));
#4597 = CARTESIAN_POINT('',(6.366244397941,0.744741823312));
#4598 = CARTESIAN_POINT('',(6.288056274665,0.749921140569));
#4599 = CARTESIAN_POINT('',(6.235857852002,0.753421111791));
#4600 = CARTESIAN_POINT('',(6.20972883459,0.755146307934));
#4601 = ( GEOMETRIC_REPRESENTATION_CONTEXT(2) 
PARAMETRIC_REPRESENTATION_CONTEXT() REPRESENTATION_CONTEXT('2D SPACE',''
  ) );
#4602 = PCURVE('',#4603,#4608);
#4603 = TOROIDAL_SURFACE('',#4604,3.,2.);
#4604 = AXIS2_PLACEMENT_3D('',#4605,#4606,#4607);
#4605 = CARTESIAN_POINT('',(-55.,35.,-2.));
#4606 = DIRECTION('',(0.,-6.123233995737E-17,1.));
#4607 = DIRECTION('',(1.,0.,0.));
#4608 = DEFINITIONAL_REPRESENTATION('',(#4609),#4612);
#4609 = B_SPLINE_CURVE_WITH_KNOTS('',1,(#4610,#4611),.UNSPECIFIED.,.F.,
  .F.,(2,2),(5.546764993038E-03,5.793786104388E-03),
  .PIECEWISE_BEZIER_KNOTS.);
#4610 = CARTESIAN_POINT('',(3.0732429886,5.048987666518));
#4611 = CARTESIAN_POINT('',(3.14159265359,5.041948453915));
#4612 = ( GEOMETRIC_REPRESENTATION_CONTEXT(2) 
PARAMETRIC_REPRESENTATION_CONTEXT() REPRESENTATION_CONTEXT('2D SPACE',''
  ) );
#4613 = ORIENTED_EDGE('',*,*,#4614,.T.);
#4614 = EDGE_CURVE('',#4564,#978,#4615,.T.);
#4615 = SURFACE_CURVE('',#4616,(#4622,#4628),.PCURVE_S1.);
#4616 = B_SPLINE_CURVE_WITH_KNOTS('',3,(#4617,#4618,#4619,#4620,#4621),
  .UNSPECIFIED.,.F.,.F.,(4,1,4),(2.208555752231E-16,1.01992482489E-03,
    2.039849649781E-03),.UNSPECIFIED.);
#4617 = CARTESIAN_POINT('',(-58.64725248054,35.,-3.892370002518));
#4618 = CARTESIAN_POINT('',(-58.62774044154,34.655802152,-3.89904375851)
  );
#4619 = CARTESIAN_POINT('',(-58.51186856401,33.986755323414,
    -3.940152040851));
#4620 = CARTESIAN_POINT('',(-58.21446647594,33.35734550129,-4.));
#4621 = CARTESIAN_POINT('',(-58.,33.084936490537,-4.));
#4622 = PCURVE('',#1022,#4623);
#4623 = DEFINITIONAL_REPRESENTATION('',(#4624),#4627);
#4624 = B_SPLINE_CURVE_WITH_KNOTS('',1,(#4625,#4626),.UNSPECIFIED.,.F.,
  .F.,(2,2),(2.208555752231E-16,2.039849649781E-03),
  .PIECEWISE_BEZIER_KNOTS.);
#4625 = CARTESIAN_POINT('',(6.20972883459,0.755146307934));
#4626 = CARTESIAN_POINT('',(5.616238962676,0.862776305416));
#4627 = ( GEOMETRIC_REPRESENTATION_CONTEXT(2) 
PARAMETRIC_REPRESENTATION_CONTEXT() REPRESENTATION_CONTEXT('2D SPACE',''
  ) );
#4628 = PCURVE('',#993,#4629);
#4629 = DEFINITIONAL_REPRESENTATION('',(#4630),#4656);
#4630 = B_SPLINE_CURVE_WITH_KNOTS('',3,(#4631,#4632,#4633,#4634,#4635,
    #4636,#4637,#4638,#4639,#4640,#4641,#4642,#4643,#4644,#4645,#4646,
    #4647,#4648,#4649,#4650,#4651,#4652,#4653,#4654,#4655),
  .UNSPECIFIED.,.F.,.F.,(4,1,1,1,1,1,1,1,1,1,1,1,1,1,1,1,1,1,1,1,1,1,4),
  (2.208555752231E-16,9.27204386266E-05,1.85440877253E-04,
    2.781613158794E-04,3.708817545057E-04,4.636021931321E-04,
    5.563226317585E-04,6.490430703849E-04,7.417635090113E-04,
    8.344839476377E-04,9.27204386264E-04,1.01992482489E-03,
    1.112645263517E-03,1.205365702143E-03,1.29808614077E-03,
    1.390806579396E-03,1.483527018022E-03,1.576247456649E-03,
    1.668967895275E-03,1.761688333901E-03,1.854408772528E-03,
    1.947129211154E-03,2.039849649781E-03),.QUASI_UNIFORM_KNOTS.);
#4631 = CARTESIAN_POINT('',(0.455838689867,-17.5));
#4632 = CARTESIAN_POINT('',(0.456776064766,-17.46870928654));
#4633 = CARTESIAN_POINT('',(0.458988329285,-17.40628776763));
#4634 = CARTESIAN_POINT('',(0.463327535514,-17.31313627177));
#4635 = CARTESIAN_POINT('',(0.468695694252,-17.22046661697));
#4636 = CARTESIAN_POINT('',(0.475101376373,-17.12827986176));
#4637 = CARTESIAN_POINT('',(0.482553543749,-17.03657706466));
#4638 = CARTESIAN_POINT('',(0.491061624876,-16.94535928421));
#4639 = CARTESIAN_POINT('',(0.500635513483,-16.85462757895));
#4640 = CARTESIAN_POINT('',(0.511285535375,-16.7643830074));
#4641 = CARTESIAN_POINT('',(0.523022377208,-16.6746266281));
#4642 = CARTESIAN_POINT('',(0.535856940661,-16.58535949958));
#4643 = CARTESIAN_POINT('',(0.549800256461,-16.49658268038));
#4644 = CARTESIAN_POINT('',(0.564862937859,-16.40829722903));
#4645 = CARTESIAN_POINT('',(0.581073105911,-16.32064914094));
#4646 = CARTESIAN_POINT('',(0.598462626775,-16.23378441152));
#4647 = CARTESIAN_POINT('',(0.617067069005,-16.14784903618));
#4648 = CARTESIAN_POINT('',(0.636925958792,-16.06298901034));
#4649 = CARTESIAN_POINT('',(0.658082840546,-15.97935032939));
#4650 = CARTESIAN_POINT('',(0.680585255775,-15.89707898877));
#4651 = CARTESIAN_POINT('',(0.704484562066,-15.81632098387));
#4652 = CARTESIAN_POINT('',(0.729835642903,-15.73722231011));
#4653 = CARTESIAN_POINT('',(0.756696200169,-15.65992896289));
#4654 = CARTESIAN_POINT('',(0.775649794257,-15.60970094606));
#4655 = CARTESIAN_POINT('',(0.785398163396,-15.58493649053));
#4656 = ( GEOMETRIC_REPRESENTATION_CONTEXT(2) 
PARAMETRIC_REPRESENTATION_CONTEXT() REPRESENTATION_CONTEXT('2D SPACE',''
  ) );
#4657 = ORIENTED_EDGE('',*,*,#1005,.F.);
#4658 = ORIENTED_EDGE('',*,*,#4659,.T.);
#4659 = EDGE_CURVE('',#1006,#4660,#4662,.T.);
#4660 = VERTEX_POINT('',#4661);
#4661 = CARTESIAN_POINT('',(-55.,38.647252480543,-3.892370002518));
#4662 = SURFACE_CURVE('',#4663,(#4668,#4674),.PCURVE_S1.);
#4663 = B_SPLINE_CURVE_WITH_KNOTS('',3,(#4664,#4665,#4666,#4667),
  .UNSPECIFIED.,.F.,.F.,(4,4),(1.616051109928E-15,2.041497517354E-03),
  .PIECEWISE_BEZIER_KNOTS.);
#4664 = CARTESIAN_POINT('',(-53.08493649053,38.000000000002,-4.));
#4665 = CARTESIAN_POINT('',(-53.63053543367,38.429547768219,-4.));
#4666 = CARTESIAN_POINT('',(-54.31191265091,38.60824588225,
    -3.90571153587));
#4667 = CARTESIAN_POINT('',(-55.,38.647252480544,-3.892370002518));
#4668 = PCURVE('',#1022,#4669);
#4669 = DEFINITIONAL_REPRESENTATION('',(#4670),#4673);
#4670 = B_SPLINE_CURVE_WITH_KNOTS('',1,(#4671,#4672),.UNSPECIFIED.,.F.,
  .F.,(2,2),(1.616051109928E-15,2.041497517354E-03),
  .PIECEWISE_BEZIER_KNOTS.);
#4671 = CARTESIAN_POINT('',(2.237742671299,0.862776305416));
#4672 = CARTESIAN_POINT('',(1.644252799385,0.755146307934));
#4673 = ( GEOMETRIC_REPRESENTATION_CONTEXT(2) 
PARAMETRIC_REPRESENTATION_CONTEXT() REPRESENTATION_CONTEXT('2D SPACE',''
  ) );
#4674 = PCURVE('',#1050,#4675);
#4675 = DEFINITIONAL_REPRESENTATION('',(#4676),#4702);
#4676 = B_SPLINE_CURVE_WITH_KNOTS('',3,(#4677,#4678,#4679,#4680,#4681,
    #4682,#4683,#4684,#4685,#4686,#4687,#4688,#4689,#4690,#4691,#4692,
    #4693,#4694,#4695,#4696,#4697,#4698,#4699,#4700,#4701),
  .UNSPECIFIED.,.F.,.F.,(4,1,1,1,1,1,1,1,1,1,1,1,1,1,1,1,1,1,1,1,1,1,4),
  (1.616051109928E-15,9.279534169946E-05,1.855906833973E-04,
    2.783860250951E-04,3.71181366793E-04,4.639767084908E-04,
    5.567720501887E-04,6.495673918865E-04,7.423627335844E-04,
    8.351580752822E-04,9.2795341698E-04,1.020748758678E-03,
    1.113544100376E-03,1.206339442074E-03,1.299134783771E-03,
    1.391930125469E-03,1.484725467167E-03,1.577520808865E-03,
    1.670316150563E-03,1.763111492261E-03,1.855906833958E-03,
    1.948702175656E-03,2.041497517354E-03),.QUASI_UNIFORM_KNOTS.);
#4677 = CARTESIAN_POINT('',(0.785398163397,53.084936490535));
#4678 = CARTESIAN_POINT('',(0.775635476146,53.109736442496));
#4679 = CARTESIAN_POINT('',(0.756629331236,53.159897413667));
#4680 = CARTESIAN_POINT('',(0.729640048947,53.236749344063));
#4681 = CARTESIAN_POINT('',(0.70413374468,53.315139019996));
#4682 = CARTESIAN_POINT('',(0.680070673133,53.394993713361));
#4683 = CARTESIAN_POINT('',(0.657410777266,53.476240696055));
#4684 = CARTESIAN_POINT('',(0.636114254038,53.558807239972));
#4685 = CARTESIAN_POINT('',(0.616142375,53.642620617009));
#4686 = CARTESIAN_POINT('',(0.597458012477,53.727608099062));
#4687 = CARTESIAN_POINT('',(0.580026048772,53.813696958026));
#4688 = CARTESIAN_POINT('',(0.563813648939,53.900814465797));
#4689 = CARTESIAN_POINT('',(0.548790427415,53.988887894272));
#4690 = CARTESIAN_POINT('',(0.534928522097,54.077844515345));
#4691 = CARTESIAN_POINT('',(0.52220259059,54.167611600913));
#4692 = CARTESIAN_POINT('',(0.510589739772,54.258116422871));
#4693 = CARTESIAN_POINT('',(0.500069397914,54.349286253116));
#4694 = CARTESIAN_POINT('',(0.490623136507,54.441048363542));
#4695 = CARTESIAN_POINT('',(0.482234447494,54.533330026047));
#4696 = CARTESIAN_POINT('',(0.474888479961,54.626058512525));
#4697 = CARTESIAN_POINT('',(0.468571740649,54.719161094873));
#4698 = CARTESIAN_POINT('',(0.463271757604,54.812565044986));
#4699 = CARTESIAN_POINT('',(0.458976722608,54.90619763476));
#4700 = CARTESIAN_POINT('',(0.45677561843,54.968723302314));
#4701 = CARTESIAN_POINT('',(0.455838689867,55.));
#4702 = ( GEOMETRIC_REPRESENTATION_CONTEXT(2) 
PARAMETRIC_REPRESENTATION_CONTEXT() REPRESENTATION_CONTEXT('2D SPACE',''
  ) );
#4703 = ORIENTED_EDGE('',*,*,#4704,.T.);
#4704 = EDGE_CURVE('',#4660,#4542,#4705,.T.);
#4705 = SURFACE_CURVE('',#4706,(#4712,#4741),.PCURVE_S1.);
#4706 = B_SPLINE_CURVE_WITH_KNOTS('',3,(#4707,#4708,#4709,#4710,#4711),
  .UNSPECIFIED.,.F.,.F.,(4,1,4),(1.187945235271E-16,2.896893052194E-03,
    5.793786104388E-03),.UNSPECIFIED.);
#4707 = CARTESIAN_POINT('',(-55.,38.647252480544,-3.892370002518));
#4708 = CARTESIAN_POINT('',(-55.9777866044,38.702681677645,
    -3.873411402841));
#4709 = CARTESIAN_POINT('',(-57.93856489144,37.938600508384,
    -3.848507202931));
#4710 = CARTESIAN_POINT('',(-58.70268166924,35.977786456162,
    -3.873411405716));
#4711 = CARTESIAN_POINT('',(-58.64725248054,35.,-3.892370002519));
#4712 = PCURVE('',#1022,#4713);
#4713 = DEFINITIONAL_REPRESENTATION('',(#4714),#4740);
#4714 = B_SPLINE_CURVE_WITH_KNOTS('',3,(#4715,#4716,#4717,#4718,#4719,
    #4720,#4721,#4722,#4723,#4724,#4725,#4726,#4727,#4728,#4729,#4730,
    #4731,#4732,#4733,#4734,#4735,#4736,#4737,#4738,#4739),
  .UNSPECIFIED.,.F.,.F.,(4,1,1,1,1,1,1,1,1,1,1,1,1,1,1,1,1,1,1,1,1,1,4),
  (1.187945235271E-16,2.633539138359E-04,5.267078276718E-04,
    7.900617415076E-04,1.053415655343E-03,1.316769569179E-03,
    1.580123483015E-03,1.843477396851E-03,2.106831310687E-03,
    2.370185224523E-03,2.633539138358E-03,2.896893052194E-03,
    3.16024696603E-03,3.423600879866E-03,3.686954793702E-03,
    3.950308707537E-03,4.213662621373E-03,4.477016535209E-03,
    4.740370449045E-03,5.003724362881E-03,5.267078276717E-03,
    5.530432190552E-03,5.793786104388E-03),.QUASI_UNIFORM_KNOTS.);
#4715 = CARTESIAN_POINT('',(1.644252799385,0.755146307934));
#4716 = CARTESIAN_POINT('',(1.618123776114,0.753421112712));
#4717 = CARTESIAN_POINT('',(1.565925429878,0.74992129618));
#4718 = CARTESIAN_POINT('',(1.487737671058,0.744742507514));
#4719 = CARTESIAN_POINT('',(1.409574154132,0.739865359049));
#4720 = CARTESIAN_POINT('',(1.33140598435,0.735480341026));
#4721 = CARTESIAN_POINT('',(1.253231102592,0.731735231495));
#4722 = CARTESIAN_POINT('',(1.17507051112,0.728723343827));
#4723 = CARTESIAN_POINT('',(1.096956367088,0.726478431274));
#4724 = CARTESIAN_POINT('',(1.01892146253,0.724972187772));
#4725 = CARTESIAN_POINT('',(0.940988294202,0.724115509271));
#4726 = CARTESIAN_POINT('',(0.86315786606,0.723763234512));
#4727 = CARTESIAN_POINT('',(0.785401917275,0.723722039801));
#4728 = CARTESIAN_POINT('',(0.70764576059,0.723762260405));
#4729 = CARTESIAN_POINT('',(0.629814781352,0.724113696958));
#4730 = CARTESIAN_POINT('',(0.551880801372,0.724969767723));
#4731 = CARTESIAN_POINT('',(0.473844913336,0.726475691473));
#4732 = CARTESIAN_POINT('',(0.395729704551,0.728720590469));
#4733 = CARTESIAN_POINT('',(0.317568054828,0.731732750555));
#4734 = CARTESIAN_POINT('',(0.23939220162,0.735478361374));
#4735 = CARTESIAN_POINT('',(0.161223215841,0.739864018673));
#4736 = CARTESIAN_POINT('',(8.30590907617E-02,0.744741823312));
#4737 = CARTESIAN_POINT('',(4.870967485405E-03,0.749921140569));
#4738 = CARTESIAN_POINT('',(-4.732745517723E-02,0.753421111791));
#4739 = CARTESIAN_POINT('',(-7.345647258999E-02,0.755146307934));
#4740 = ( GEOMETRIC_REPRESENTATION_CONTEXT(2) 
PARAMETRIC_REPRESENTATION_CONTEXT() REPRESENTATION_CONTEXT('2D SPACE',''
  ) );
#4741 = PCURVE('',#4603,#4742);
#4742 = DEFINITIONAL_REPRESENTATION('',(#4743),#4769);
#4743 = B_SPLINE_CURVE_WITH_KNOTS('',3,(#4744,#4745,#4746,#4747,#4748,
    #4749,#4750,#4751,#4752,#4753,#4754,#4755,#4756,#4757,#4758,#4759,
    #4760,#4761,#4762,#4763,#4764,#4765,#4766,#4767,#4768),
  .UNSPECIFIED.,.F.,.F.,(4,1,1,1,1,1,1,1,1,1,1,1,1,1,1,1,1,1,1,1,1,1,4),
  (1.187945235271E-16,2.521256815018E-04,5.042513630035E-04,
    7.563770445052E-04,1.008502726007E-03,1.260628407509E-03,
    1.51275408901E-03,1.764879770512E-03,2.017005452014E-03,
    2.269131133515E-03,2.521256815017E-03,2.773382496519E-03,
    3.025508178021E-03,3.277633859522E-03,3.529759541024E-03,
    3.781885222526E-03,4.034010904027E-03,4.286136585529E-03,
    4.538262267031E-03,4.790387948532E-03,5.042513630034E-03,
    5.294639311536E-03,5.546764993038E-03),.QUASI_UNIFORM_KNOTS.);
#4744 = CARTESIAN_POINT('',(1.570796326795,5.041948453915));
#4745 = CARTESIAN_POINT('',(1.594126092557,5.044496048347));
#4746 = CARTESIAN_POINT('',(1.640622145143,5.049264108391));
#4747 = CARTESIAN_POINT('',(1.709956338428,5.055577234934));
#4748 = CARTESIAN_POINT('',(1.778972977587,5.061203913584));
#4749 = CARTESIAN_POINT('',(1.847723163246,5.066261335571));
#4750 = CARTESIAN_POINT('',(1.9162394262,5.070833852687));
#4751 = CARTESIAN_POINT('',(1.984538352204,5.074965171633));
#4752 = CARTESIAN_POINT('',(2.052628723139,5.078656005183));
#4753 = CARTESIAN_POINT('',(2.120518209759,5.081862417876));
#4754 = CARTESIAN_POINT('',(2.188220293435,5.084498128273));
#4755 = CARTESIAN_POINT('',(2.255760975235,5.086432141003));
#4756 = CARTESIAN_POINT('',(2.323184720114,5.087512225024));
#4757 = CARTESIAN_POINT('',(2.390561820956,5.087499751727));
#4758 = CARTESIAN_POINT('',(2.457987675177,5.086399767922));
#4759 = CARTESIAN_POINT('',(2.525531814191,5.084449424979));
#4760 = CARTESIAN_POINT('',(2.593238236689,5.081800605849));
#4761 = CARTESIAN_POINT('',(2.661132554975,5.078583477023));
#4762 = CARTESIAN_POINT('',(2.729227987055,5.074883501442));
#4763 = CARTESIAN_POINT('',(2.797532145727,5.070743640961));
#4764 = CARTESIAN_POINT('',(2.866053640318,5.066162440571));
#4765 = CARTESIAN_POINT('',(2.934810006292,5.06109454057));
#4766 = CARTESIAN_POINT('',(3.003831241656,5.055457460766));
#4767 = CARTESIAN_POINT('',(3.050063495321,5.051234531696));
#4768 = CARTESIAN_POINT('',(3.0732429886,5.048987666518));
#4769 = ( GEOMETRIC_REPRESENTATION_CONTEXT(2) 
PARAMETRIC_REPRESENTATION_CONTEXT() REPRESENTATION_CONTEXT('2D SPACE',''
  ) );
#4770 = ORIENTED_EDGE('',*,*,#4541,.F.);
#4771 = ADVANCED_FACE('',(#4772),#4529,.F.);
#4772 = FACE_BOUND('',#4773,.F.);
#4773 = EDGE_LOOP('',(#4774,#4798,#4818,#4819));
#4774 = ORIENTED_EDGE('',*,*,#4775,.T.);
#4775 = EDGE_CURVE('',#4776,#4776,#4778,.T.);
#4776 = VERTEX_POINT('',#4777);
#4777 = CARTESIAN_POINT('',(-57.25,35.25,2.158439983497E-15));
#4778 = SURFACE_CURVE('',#4779,(#4784,#4791),.PCURVE_S1.);
#4779 = CIRCLE('',#4780,2.);
#4780 = AXIS2_PLACEMENT_3D('',#4781,#4782,#4783);
#4781 = CARTESIAN_POINT('',(-55.25,35.25,2.158439983497E-15));
#4782 = DIRECTION('',(0.,6.123233995737E-17,-1.));
#4783 = DIRECTION('',(-1.,0.,0.));
#4784 = PCURVE('',#4529,#4785);
#4785 = DEFINITIONAL_REPRESENTATION('',(#4786),#4790);
#4786 = LINE('',#4787,#4788);
#4787 = CARTESIAN_POINT('',(0.,140.34680460612));
#4788 = VECTOR('',#4789,1.);
#4789 = DIRECTION('',(1.,0.));
#4790 = ( GEOMETRIC_REPRESENTATION_CONTEXT(2) 
PARAMETRIC_REPRESENTATION_CONTEXT() REPRESENTATION_CONTEXT('2D SPACE',''
  ) );
#4791 = PCURVE('',#4208,#4792);
#4792 = DEFINITIONAL_REPRESENTATION('',(#4793),#4797);
#4793 = CIRCLE('',#4794,2.);
#4794 = AXIS2_PLACEMENT_2D('',#4795,#4796);
#4795 = CARTESIAN_POINT('',(55.25,35.25));
#4796 = DIRECTION('',(1.,0.));
#4797 = ( GEOMETRIC_REPRESENTATION_CONTEXT(2) 
PARAMETRIC_REPRESENTATION_CONTEXT() REPRESENTATION_CONTEXT('2D SPACE',''
  ) );
#4798 = ORIENTED_EDGE('',*,*,#4799,.T.);
#4799 = EDGE_CURVE('',#4776,#4513,#4800,.T.);
#4800 = SEAM_CURVE('',#4801,(#4804,#4811),.PCURVE_S1.);
#4801 = B_SPLINE_CURVE_WITH_KNOTS('',1,(#4802,#4803),.UNSPECIFIED.,.F.,
  .F.,(2,2),(140.34680460612,142.62125199529),.PIECEWISE_BEZIER_KNOTS.);
#4802 = CARTESIAN_POINT('',(-57.25,35.25,0.));
#4803 = CARTESIAN_POINT('',(-57.25,35.25,-2.274447389169));
#4804 = PCURVE('',#4529,#4805);
#4805 = DEFINITIONAL_REPRESENTATION('',(#4806),#4810);
#4806 = LINE('',#4807,#4808);
#4807 = CARTESIAN_POINT('',(6.28318530718,0.));
#4808 = VECTOR('',#4809,1.);
#4809 = DIRECTION('',(0.,1.));
#4810 = ( GEOMETRIC_REPRESENTATION_CONTEXT(2) 
PARAMETRIC_REPRESENTATION_CONTEXT() REPRESENTATION_CONTEXT('2D SPACE',''
  ) );
#4811 = PCURVE('',#4529,#4812);
#4812 = DEFINITIONAL_REPRESENTATION('',(#4813),#4817);
#4813 = LINE('',#4814,#4815);
#4814 = CARTESIAN_POINT('',(0.,0.));
#4815 = VECTOR('',#4816,1.);
#4816 = DIRECTION('',(0.,1.));
#4817 = ( GEOMETRIC_REPRESENTATION_CONTEXT(2) 
PARAMETRIC_REPRESENTATION_CONTEXT() REPRESENTATION_CONTEXT('2D SPACE',''
  ) );
#4818 = ORIENTED_EDGE('',*,*,#4512,.F.);
#4819 = ORIENTED_EDGE('',*,*,#4799,.F.);
#4820 = ADVANCED_FACE('',(#4821),#1160,.F.);
#4821 = FACE_BOUND('',#4822,.F.);
#4822 = EDGE_LOOP('',(#4823,#4824,#4846,#4873,#4874,#4875,#4920,#4994));
#4823 = ORIENTED_EDGE('',*,*,#1143,.F.);
#4824 = ORIENTED_EDGE('',*,*,#4825,.F.);
#4825 = EDGE_CURVE('',#4826,#1144,#4828,.T.);
#4826 = VERTEX_POINT('',#4827);
#4827 = CARTESIAN_POINT('',(53.25,-35.25,-2.274447389168));
#4828 = SEAM_CURVE('',#4829,(#4832,#4839),.PCURVE_S1.);
#4829 = B_SPLINE_CURVE_WITH_KNOTS('',1,(#4830,#4831),.UNSPECIFIED.,.F.,
  .F.,(2,2),(-1.143189815029,1.143189815029),.PIECEWISE_BEZIER_KNOTS.);
#4830 = CARTESIAN_POINT('',(53.250000000002,-35.25,-2.27444738917));
#4831 = CARTESIAN_POINT('',(51.749999999998,-35.25,-3.999999999998));
#4832 = PCURVE('',#1160,#4833);
#4833 = DEFINITIONAL_REPRESENTATION('',(#4834),#4838);
#4834 = LINE('',#4835,#4836);
#4835 = CARTESIAN_POINT('',(0.,0.));
#4836 = VECTOR('',#4837,1.);
#4837 = DIRECTION('',(0.,1.));
#4838 = ( GEOMETRIC_REPRESENTATION_CONTEXT(2) 
PARAMETRIC_REPRESENTATION_CONTEXT() REPRESENTATION_CONTEXT('2D SPACE',''
  ) );
#4839 = PCURVE('',#1160,#4840);
#4840 = DEFINITIONAL_REPRESENTATION('',(#4841),#4845);
#4841 = LINE('',#4842,#4843);
#4842 = CARTESIAN_POINT('',(6.28318530718,0.));
#4843 = VECTOR('',#4844,1.);
#4844 = DIRECTION('',(0.,1.));
#4845 = ( GEOMETRIC_REPRESENTATION_CONTEXT(2) 
PARAMETRIC_REPRESENTATION_CONTEXT() REPRESENTATION_CONTEXT('2D SPACE',''
  ) );
#4846 = ORIENTED_EDGE('',*,*,#4847,.T.);
#4847 = EDGE_CURVE('',#4826,#4826,#4848,.T.);
#4848 = SURFACE_CURVE('',#4849,(#4854,#4861),.PCURVE_S1.);
#4849 = CIRCLE('',#4850,2.);
#4850 = AXIS2_PLACEMENT_3D('',#4851,#4852,#4853);
#4851 = CARTESIAN_POINT('',(55.25,-35.25,-2.274447389168));
#4852 = DIRECTION('',(0.,6.123233995737E-17,-1.));
#4853 = DIRECTION('',(-1.,0.,0.));
#4854 = PCURVE('',#1160,#4855);
#4855 = DEFINITIONAL_REPRESENTATION('',(#4856),#4860);
#4856 = LINE('',#4857,#4858);
#4857 = CARTESIAN_POINT('',(0.,-0.862776305414));
#4858 = VECTOR('',#4859,1.);
#4859 = DIRECTION('',(1.,0.));
#4860 = ( GEOMETRIC_REPRESENTATION_CONTEXT(2) 
PARAMETRIC_REPRESENTATION_CONTEXT() REPRESENTATION_CONTEXT('2D SPACE',''
  ) );
#4861 = PCURVE('',#4862,#4867);
#4862 = CYLINDRICAL_SURFACE('',#4863,2.);
#4863 = AXIS2_PLACEMENT_3D('',#4864,#4865,#4866);
#4864 = CARTESIAN_POINT('',(55.25,-35.25,140.34680460612));
#4865 = DIRECTION('',(0.,6.123233995737E-17,-1.));
#4866 = DIRECTION('',(-1.,0.,0.));
#4867 = DEFINITIONAL_REPRESENTATION('',(#4868),#4872);
#4868 = LINE('',#4869,#4870);
#4869 = CARTESIAN_POINT('',(0.,142.62125199529));
#4870 = VECTOR('',#4871,1.);
#4871 = DIRECTION('',(1.,0.));
#4872 = ( GEOMETRIC_REPRESENTATION_CONTEXT(2) 
PARAMETRIC_REPRESENTATION_CONTEXT() REPRESENTATION_CONTEXT('2D SPACE',''
  ) );
#4873 = ORIENTED_EDGE('',*,*,#4825,.T.);
#4874 = ORIENTED_EDGE('',*,*,#1172,.F.);
#4875 = ORIENTED_EDGE('',*,*,#4876,.T.);
#4876 = EDGE_CURVE('',#1173,#4877,#4879,.T.);
#4877 = VERTEX_POINT('',#4878);
#4878 = CARTESIAN_POINT('',(55.,-38.64725248054,-3.892370002518));
#4879 = SURFACE_CURVE('',#4880,(#4885,#4891),.PCURVE_S1.);
#4880 = B_SPLINE_CURVE_WITH_KNOTS('',3,(#4881,#4882,#4883,#4884),
  .UNSPECIFIED.,.F.,.F.,(4,4),(1.616051109928E-15,2.041497517354E-03),
  .PIECEWISE_BEZIER_KNOTS.);
#4881 = CARTESIAN_POINT('',(53.084936490535,-38.,-4.));
#4882 = CARTESIAN_POINT('',(53.630535433678,-38.42954776821,-4.));
#4883 = CARTESIAN_POINT('',(54.311912650912,-38.60824588225,
    -3.90571153587));
#4884 = CARTESIAN_POINT('',(55.,-38.64725248054,-3.892370002518));
#4885 = PCURVE('',#1160,#4886);
#4886 = DEFINITIONAL_REPRESENTATION('',(#4887),#4890);
#4887 = B_SPLINE_CURVE_WITH_KNOTS('',1,(#4888,#4889),.UNSPECIFIED.,.F.,
  .F.,(2,2),(1.616051109928E-15,2.041497517354E-03),
  .PIECEWISE_BEZIER_KNOTS.);
#4888 = CARTESIAN_POINT('',(5.379335324889,0.862776305416));
#4889 = CARTESIAN_POINT('',(4.785845452975,0.755146307934));
#4890 = ( GEOMETRIC_REPRESENTATION_CONTEXT(2) 
PARAMETRIC_REPRESENTATION_CONTEXT() REPRESENTATION_CONTEXT('2D SPACE',''
  ) );
#4891 = PCURVE('',#1210,#4892);
#4892 = DEFINITIONAL_REPRESENTATION('',(#4893),#4919);
#4893 = B_SPLINE_CURVE_WITH_KNOTS('',3,(#4894,#4895,#4896,#4897,#4898,
    #4899,#4900,#4901,#4902,#4903,#4904,#4905,#4906,#4907,#4908,#4909,
    #4910,#4911,#4912,#4913,#4914,#4915,#4916,#4917,#4918),
  .UNSPECIFIED.,.F.,.F.,(4,1,1,1,1,1,1,1,1,1,1,1,1,1,1,1,1,1,1,1,1,1,4),
  (1.616051109928E-15,9.279534169946E-05,1.855906833973E-04,
    2.783860250951E-04,3.71181366793E-04,4.639767084908E-04,
    5.567720501887E-04,6.495673918865E-04,7.423627335844E-04,
    8.351580752822E-04,9.2795341698E-04,1.020748758678E-03,
    1.113544100376E-03,1.206339442074E-03,1.299134783771E-03,
    1.391930125469E-03,1.484725467167E-03,1.577520808865E-03,
    1.670316150563E-03,1.763111492261E-03,1.855906833958E-03,
    1.948702175656E-03,2.041497517354E-03),.QUASI_UNIFORM_KNOTS.);
#4894 = CARTESIAN_POINT('',(0.785398163397,80.584936490535));
#4895 = CARTESIAN_POINT('',(0.775635476146,80.609736442496));
#4896 = CARTESIAN_POINT('',(0.756629331236,80.659897413667));
#4897 = CARTESIAN_POINT('',(0.729640048947,80.736749344063));
#4898 = CARTESIAN_POINT('',(0.70413374468,80.815139019996));
#4899 = CARTESIAN_POINT('',(0.680070673133,80.894993713361));
#4900 = CARTESIAN_POINT('',(0.657410777266,80.976240696055));
#4901 = CARTESIAN_POINT('',(0.636114254038,81.058807239972));
#4902 = CARTESIAN_POINT('',(0.616142375,81.142620617009));
#4903 = CARTESIAN_POINT('',(0.597458012477,81.227608099062));
#4904 = CARTESIAN_POINT('',(0.580026048772,81.313696958026));
#4905 = CARTESIAN_POINT('',(0.563813648939,81.400814465797));
#4906 = CARTESIAN_POINT('',(0.548790427415,81.488887894272));
#4907 = CARTESIAN_POINT('',(0.534928522097,81.577844515345));
#4908 = CARTESIAN_POINT('',(0.52220259059,81.667611600913));
#4909 = CARTESIAN_POINT('',(0.510589739772,81.758116422871));
#4910 = CARTESIAN_POINT('',(0.500069397914,81.849286253116));
#4911 = CARTESIAN_POINT('',(0.490623136507,81.941048363542));
#4912 = CARTESIAN_POINT('',(0.482234447494,82.033330026047));
#4913 = CARTESIAN_POINT('',(0.474888479961,82.126058512525));
#4914 = CARTESIAN_POINT('',(0.468571740649,82.219161094873));
#4915 = CARTESIAN_POINT('',(0.463271757604,82.312565044986));
#4916 = CARTESIAN_POINT('',(0.458976722608,82.40619763476));
#4917 = CARTESIAN_POINT('',(0.45677561843,82.468723302314));
#4918 = CARTESIAN_POINT('',(0.455838689867,82.5));
#4919 = ( GEOMETRIC_REPRESENTATION_CONTEXT(2) 
PARAMETRIC_REPRESENTATION_CONTEXT() REPRESENTATION_CONTEXT('2D SPACE',''
  ) );
#4920 = ORIENTED_EDGE('',*,*,#4921,.T.);
#4921 = EDGE_CURVE('',#4877,#4922,#4924,.T.);
#4922 = VERTEX_POINT('',#4923);
#4923 = CARTESIAN_POINT('',(58.647252480543,-35.,-3.892370002519));
#4924 = SURFACE_CURVE('',#4925,(#4931,#4960),.PCURVE_S1.);
#4925 = B_SPLINE_CURVE_WITH_KNOTS('',3,(#4926,#4927,#4928,#4929,#4930),
  .UNSPECIFIED.,.F.,.F.,(4,1,4),(1.187945235271E-16,2.896893052194E-03,
    5.793786104388E-03),.UNSPECIFIED.);
#4926 = CARTESIAN_POINT('',(55.,-38.64725248054,-3.892370002518));
#4927 = CARTESIAN_POINT('',(55.977786604401,-38.70268167764,
    -3.873411402841));
#4928 = CARTESIAN_POINT('',(57.938564891449,-37.93860050838,
    -3.848507202931));
#4929 = CARTESIAN_POINT('',(58.702681669242,-35.97778645616,
    -3.873411405716));
#4930 = CARTESIAN_POINT('',(58.647252480545,-35.,-3.892370002519));
#4931 = PCURVE('',#1160,#4932);
#4932 = DEFINITIONAL_REPRESENTATION('',(#4933),#4959);
#4933 = B_SPLINE_CURVE_WITH_KNOTS('',3,(#4934,#4935,#4936,#4937,#4938,
    #4939,#4940,#4941,#4942,#4943,#4944,#4945,#4946,#4947,#4948,#4949,
    #4950,#4951,#4952,#4953,#4954,#4955,#4956,#4957,#4958),
  .UNSPECIFIED.,.F.,.F.,(4,1,1,1,1,1,1,1,1,1,1,1,1,1,1,1,1,1,1,1,1,1,4),
  (1.187945235271E-16,2.633539138359E-04,5.267078276718E-04,
    7.900617415076E-04,1.053415655343E-03,1.316769569179E-03,
    1.580123483015E-03,1.843477396851E-03,2.106831310687E-03,
    2.370185224523E-03,2.633539138358E-03,2.896893052194E-03,
    3.16024696603E-03,3.423600879866E-03,3.686954793702E-03,
    3.950308707537E-03,4.213662621373E-03,4.477016535209E-03,
    4.740370449045E-03,5.003724362881E-03,5.267078276717E-03,
    5.530432190552E-03,5.793786104388E-03),.QUASI_UNIFORM_KNOTS.);
#4934 = CARTESIAN_POINT('',(4.785845452975,0.755146307934));
#4935 = CARTESIAN_POINT('',(4.759716429703,0.753421112712));
#4936 = CARTESIAN_POINT('',(4.707518083467,0.74992129618));
#4937 = CARTESIAN_POINT('',(4.629330324648,0.744742507514));
#4938 = CARTESIAN_POINT('',(4.551166807722,0.739865359049));
#4939 = CARTESIAN_POINT('',(4.47299863794,0.735480341026));
#4940 = CARTESIAN_POINT('',(4.394823756182,0.731735231496));
#4941 = CARTESIAN_POINT('',(4.31666316471,0.728723343827));
#4942 = CARTESIAN_POINT('',(4.238549020677,0.726478431274));
#4943 = CARTESIAN_POINT('',(4.16051411612,0.724972187772));
#4944 = CARTESIAN_POINT('',(4.082580947792,0.724115509271));
#4945 = CARTESIAN_POINT('',(4.00475051965,0.723763234512));
#4946 = CARTESIAN_POINT('',(3.926994570865,0.723722039801));
#4947 = CARTESIAN_POINT('',(3.849238414179,0.723762260405));
#4948 = CARTESIAN_POINT('',(3.771407434942,0.724113696958));
#4949 = CARTESIAN_POINT('',(3.693473454962,0.724969767723));
#4950 = CARTESIAN_POINT('',(3.615437566926,0.726475691473));
#4951 = CARTESIAN_POINT('',(3.537322358141,0.728720590469));
#4952 = CARTESIAN_POINT('',(3.459160708418,0.731732750555));
#4953 = CARTESIAN_POINT('',(3.38098485521,0.735478361374));
#4954 = CARTESIAN_POINT('',(3.302815869431,0.739864018673));
#4955 = CARTESIAN_POINT('',(3.224651744351,0.744741823312));
#4956 = CARTESIAN_POINT('',(3.146463621075,0.749921140569));
#4957 = CARTESIAN_POINT('',(3.094265198413,0.753421111791));
#4958 = CARTESIAN_POINT('',(3.068136181,0.755146307934));
#4959 = ( GEOMETRIC_REPRESENTATION_CONTEXT(2) 
PARAMETRIC_REPRESENTATION_CONTEXT() REPRESENTATION_CONTEXT('2D SPACE',''
  ) );
#4960 = PCURVE('',#4961,#4966);
#4961 = TOROIDAL_SURFACE('',#4962,3.,2.);
#4962 = AXIS2_PLACEMENT_3D('',#4963,#4964,#4965);
#4963 = CARTESIAN_POINT('',(55.,-35.,-2.));
#4964 = DIRECTION('',(0.,-6.123233995737E-17,1.));
#4965 = DIRECTION('',(1.,0.,0.));
#4966 = DEFINITIONAL_REPRESENTATION('',(#4967),#4993);
#4967 = B_SPLINE_CURVE_WITH_KNOTS('',3,(#4968,#4969,#4970,#4971,#4972,
    #4973,#4974,#4975,#4976,#4977,#4978,#4979,#4980,#4981,#4982,#4983,
    #4984,#4985,#4986,#4987,#4988,#4989,#4990,#4991,#4992),
  .UNSPECIFIED.,.F.,.F.,(4,1,1,1,1,1,1,1,1,1,1,1,1,1,1,1,1,1,1,1,1,1,4),
  (1.187945235271E-16,2.633539138359E-04,5.267078276718E-04,
    7.900617415076E-04,1.053415655343E-03,1.316769569179E-03,
    1.580123483015E-03,1.843477396851E-03,2.106831310687E-03,
    2.370185224523E-03,2.633539138358E-03,2.896893052194E-03,
    3.16024696603E-03,3.423600879866E-03,3.686954793702E-03,
    3.950308707537E-03,4.213662621373E-03,4.477016535209E-03,
    4.740370449045E-03,5.003724362881E-03,5.267078276717E-03,
    5.530432190552E-03,5.793786104388E-03),.QUASI_UNIFORM_KNOTS.);
#4968 = CARTESIAN_POINT('',(4.712388980385,5.041948453915));
#4969 = CARTESIAN_POINT('',(4.736757343113,5.044609208025));
#4970 = CARTESIAN_POINT('',(4.785316664534,5.049574586354));
#4971 = CARTESIAN_POINT('',(4.857712818045,5.056114472505));
#4972 = CARTESIAN_POINT('',(4.929769304303,5.061918711387));
#4973 = CARTESIAN_POINT('',(5.001541062105,5.067116696999));
#4974 = CARTESIAN_POINT('',(5.073061968564,5.071797822101));
#4975 = CARTESIAN_POINT('',(5.144348411103,5.076002259321));
#4976 = CARTESIAN_POINT('',(5.215409338007,5.079718412182));
#4977 = CARTESIAN_POINT('',(5.28625460065,5.082881934284));
#4978 = CARTESIAN_POINT('',(5.356903387155,5.085377572135));
#4979 = CARTESIAN_POINT('',(5.42739279715,5.087043321095));
#4980 = CARTESIAN_POINT('',(5.497783746387,5.087676552613));
#4981 = CARTESIAN_POINT('',(5.568174878301,5.087042491546));
#4982 = CARTESIAN_POINT('',(5.638664772112,5.085376026103));
#4983 = CARTESIAN_POINT('',(5.709314272763,5.082879864351));
#4984 = CARTESIAN_POINT('',(5.78016040492,5.079716060655));
#4985 = CARTESIAN_POINT('',(5.851222280249,5.075999886211));
#4986 = CARTESIAN_POINT('',(5.922509675114,5.071795673185));
#4987 = CARTESIAN_POINT('',(5.994031467395,5.067114972336));
#4988 = CARTESIAN_POINT('',(6.065803981658,5.061917535585));
#4989 = CARTESIAN_POINT('',(6.13786104331,5.056113866816));
#4990 = CARTESIAN_POINT('',(6.210257551088,5.049574446152));
#4991 = CARTESIAN_POINT('',(6.258816949635,5.044609206132));
#4992 = CARTESIAN_POINT('',(6.28318530718,5.041948453915));
#4993 = ( GEOMETRIC_REPRESENTATION_CONTEXT(2) 
PARAMETRIC_REPRESENTATION_CONTEXT() REPRESENTATION_CONTEXT('2D SPACE',''
  ) );
#4994 = ORIENTED_EDGE('',*,*,#4995,.T.);
#4995 = EDGE_CURVE('',#4922,#1116,#4996,.T.);
#4996 = SURFACE_CURVE('',#4997,(#5003,#5009),.PCURVE_S1.);
#4997 = B_SPLINE_CURVE_WITH_KNOTS('',3,(#4998,#4999,#5000,#5001,#5002),
  .UNSPECIFIED.,.F.,.F.,(4,1,4),(2.208555752231E-16,1.01992482489E-03,
    2.039849649781E-03),.UNSPECIFIED.);
#4998 = CARTESIAN_POINT('',(58.647252480544,-35.,-3.892370002518));
#4999 = CARTESIAN_POINT('',(58.627740441545,-34.655802152,-3.89904375851
    ));
#5000 = CARTESIAN_POINT('',(58.511868564015,-33.98675532341,
    -3.940152040851));
#5001 = CARTESIAN_POINT('',(58.214466475941,-33.35734550129,-4.));
#5002 = CARTESIAN_POINT('',(58.000000000003,-33.08493649053,-4.));
#5003 = PCURVE('',#1160,#5004);
#5004 = DEFINITIONAL_REPRESENTATION('',(#5005),#5008);
#5005 = B_SPLINE_CURVE_WITH_KNOTS('',1,(#5006,#5007),.UNSPECIFIED.,.F.,
  .F.,(2,2),(2.208555752231E-16,2.039849649781E-03),
  .PIECEWISE_BEZIER_KNOTS.);
#5006 = CARTESIAN_POINT('',(3.068136181,0.755146307934));
#5007 = CARTESIAN_POINT('',(2.474646309086,0.862776305416));
#5008 = ( GEOMETRIC_REPRESENTATION_CONTEXT(2) 
PARAMETRIC_REPRESENTATION_CONTEXT() REPRESENTATION_CONTEXT('2D SPACE',''
  ) );
#5009 = PCURVE('',#1131,#5010);
#5010 = DEFINITIONAL_REPRESENTATION('',(#5011),#5037);
#5011 = B_SPLINE_CURVE_WITH_KNOTS('',3,(#5012,#5013,#5014,#5015,#5016,
    #5017,#5018,#5019,#5020,#5021,#5022,#5023,#5024,#5025,#5026,#5027,
    #5028,#5029,#5030,#5031,#5032,#5033,#5034,#5035,#5036),
  .UNSPECIFIED.,.F.,.F.,(4,1,1,1,1,1,1,1,1,1,1,1,1,1,1,1,1,1,1,1,1,1,4),
  (2.208555752231E-16,9.27204386266E-05,1.85440877253E-04,
    2.781613158794E-04,3.708817545057E-04,4.636021931321E-04,
    5.563226317585E-04,6.490430703849E-04,7.417635090113E-04,
    8.344839476377E-04,9.27204386264E-04,1.01992482489E-03,
    1.112645263517E-03,1.205365702143E-03,1.29808614077E-03,
    1.390806579396E-03,1.483527018022E-03,1.576247456649E-03,
    1.668967895275E-03,1.761688333901E-03,1.854408772528E-03,
    1.947129211154E-03,2.039849649781E-03),.QUASI_UNIFORM_KNOTS.);
#5012 = CARTESIAN_POINT('',(0.455838689867,-35.));
#5013 = CARTESIAN_POINT('',(0.456776064766,-34.96870928654));
#5014 = CARTESIAN_POINT('',(0.458988329285,-34.90628776763));
#5015 = CARTESIAN_POINT('',(0.463327535514,-34.81313627177));
#5016 = CARTESIAN_POINT('',(0.468695694252,-34.72046661697));
#5017 = CARTESIAN_POINT('',(0.475101376373,-34.62827986176));
#5018 = CARTESIAN_POINT('',(0.482553543749,-34.53657706466));
#5019 = CARTESIAN_POINT('',(0.491061624877,-34.44535928421));
#5020 = CARTESIAN_POINT('',(0.500635513483,-34.35462757895));
#5021 = CARTESIAN_POINT('',(0.511285535375,-34.2643830074));
#5022 = CARTESIAN_POINT('',(0.523022377208,-34.1746266281));
#5023 = CARTESIAN_POINT('',(0.535856940661,-34.08535949958));
#5024 = CARTESIAN_POINT('',(0.549800256461,-33.99658268038));
#5025 = CARTESIAN_POINT('',(0.564862937859,-33.90829722903));
#5026 = CARTESIAN_POINT('',(0.581073105911,-33.82064914094));
#5027 = CARTESIAN_POINT('',(0.598462626775,-33.73378441152));
#5028 = CARTESIAN_POINT('',(0.617067069005,-33.64784903618));
#5029 = CARTESIAN_POINT('',(0.636925958792,-33.56298901034));
#5030 = CARTESIAN_POINT('',(0.658082840546,-33.47935032939));
#5031 = CARTESIAN_POINT('',(0.680585255775,-33.39707898877));
#5032 = CARTESIAN_POINT('',(0.704484562066,-33.31632098387));
#5033 = CARTESIAN_POINT('',(0.729835642903,-33.23722231011));
#5034 = CARTESIAN_POINT('',(0.756696200169,-33.15992896289));
#5035 = CARTESIAN_POINT('',(0.775649794257,-33.10970094606));
#5036 = CARTESIAN_POINT('',(0.785398163396,-33.08493649053));
#5037 = ( GEOMETRIC_REPRESENTATION_CONTEXT(2) 
PARAMETRIC_REPRESENTATION_CONTEXT() REPRESENTATION_CONTEXT('2D SPACE',''
  ) );
#5038 = ADVANCED_FACE('',(#5039),#4862,.F.);
#5039 = FACE_BOUND('',#5040,.F.);
#5040 = EDGE_LOOP('',(#5041,#5065,#5085,#5086));
#5041 = ORIENTED_EDGE('',*,*,#5042,.T.);
#5042 = EDGE_CURVE('',#5043,#5043,#5045,.T.);
#5043 = VERTEX_POINT('',#5044);
#5044 = CARTESIAN_POINT('',(53.25,-35.25,-2.158439983497E-15));
#5045 = SURFACE_CURVE('',#5046,(#5051,#5058),.PCURVE_S1.);
#5046 = CIRCLE('',#5047,2.);
#5047 = AXIS2_PLACEMENT_3D('',#5048,#5049,#5050);
#5048 = CARTESIAN_POINT('',(55.25,-35.25,-2.158439983497E-15));
#5049 = DIRECTION('',(0.,6.123233995737E-17,-1.));
#5050 = DIRECTION('',(-1.,0.,0.));
#5051 = PCURVE('',#4862,#5052);
#5052 = DEFINITIONAL_REPRESENTATION('',(#5053),#5057);
#5053 = LINE('',#5054,#5055);
#5054 = CARTESIAN_POINT('',(0.,140.34680460612));
#5055 = VECTOR('',#5056,1.);
#5056 = DIRECTION('',(1.,0.));
#5057 = ( GEOMETRIC_REPRESENTATION_CONTEXT(2) 
PARAMETRIC_REPRESENTATION_CONTEXT() REPRESENTATION_CONTEXT('2D SPACE',''
  ) );
#5058 = PCURVE('',#4208,#5059);
#5059 = DEFINITIONAL_REPRESENTATION('',(#5060),#5064);
#5060 = CIRCLE('',#5061,2.);
#5061 = AXIS2_PLACEMENT_2D('',#5062,#5063);
#5062 = CARTESIAN_POINT('',(-55.25,-35.25));
#5063 = DIRECTION('',(1.,0.));
#5064 = ( GEOMETRIC_REPRESENTATION_CONTEXT(2) 
PARAMETRIC_REPRESENTATION_CONTEXT() REPRESENTATION_CONTEXT('2D SPACE',''
  ) );
#5065 = ORIENTED_EDGE('',*,*,#5066,.T.);
#5066 = EDGE_CURVE('',#5043,#4826,#5067,.T.);
#5067 = SEAM_CURVE('',#5068,(#5071,#5078),.PCURVE_S1.);
#5068 = B_SPLINE_CURVE_WITH_KNOTS('',1,(#5069,#5070),.UNSPECIFIED.,.F.,
  .F.,(2,2),(140.34680460612,142.62125199529),.PIECEWISE_BEZIER_KNOTS.);
#5069 = CARTESIAN_POINT('',(53.25,-35.25,0.));
#5070 = CARTESIAN_POINT('',(53.25,-35.25,-2.274447389169));
#5071 = PCURVE('',#4862,#5072);
#5072 = DEFINITIONAL_REPRESENTATION('',(#5073),#5077);
#5073 = LINE('',#5074,#5075);
#5074 = CARTESIAN_POINT('',(6.28318530718,0.));
#5075 = VECTOR('',#5076,1.);
#5076 = DIRECTION('',(0.,1.));
#5077 = ( GEOMETRIC_REPRESENTATION_CONTEXT(2) 
PARAMETRIC_REPRESENTATION_CONTEXT() REPRESENTATION_CONTEXT('2D SPACE',''
  ) );
#5078 = PCURVE('',#4862,#5079);
#5079 = DEFINITIONAL_REPRESENTATION('',(#5080),#5084);
#5080 = LINE('',#5081,#5082);
#5081 = CARTESIAN_POINT('',(0.,0.));
#5082 = VECTOR('',#5083,1.);
#5083 = DIRECTION('',(0.,1.));
#5084 = ( GEOMETRIC_REPRESENTATION_CONTEXT(2) 
PARAMETRIC_REPRESENTATION_CONTEXT() REPRESENTATION_CONTEXT('2D SPACE',''
  ) );
#5085 = ORIENTED_EDGE('',*,*,#4847,.F.);
#5086 = ORIENTED_EDGE('',*,*,#5066,.F.);
#5087 = ADVANCED_FACE('',(#5088),#4019,.T.);
#5088 = FACE_BOUND('',#5089,.T.);
#5089 = EDGE_LOOP('',(#5090,#5091,#5092,#5116,#5145));
#5090 = ORIENTED_EDGE('',*,*,#4143,.T.);
#5091 = ORIENTED_EDGE('',*,*,#3979,.T.);
#5092 = ORIENTED_EDGE('',*,*,#5093,.F.);
#5093 = EDGE_CURVE('',#5094,#3980,#5096,.T.);
#5094 = VERTEX_POINT('',#5095);
#5095 = CARTESIAN_POINT('',(-55.,-40.,-2.));
#5096 = SURFACE_CURVE('',#5097,(#5102,#5109),.PCURVE_S1.);
#5097 = CIRCLE('',#5098,2.);
#5098 = AXIS2_PLACEMENT_3D('',#5099,#5100,#5101);
#5099 = CARTESIAN_POINT('',(-55.,-38.,-2.));
#5100 = DIRECTION('',(1.,0.,0.));
#5101 = DIRECTION('',(0.,6.123233995737E-17,-1.));
#5102 = PCURVE('',#4019,#5103);
#5103 = DEFINITIONAL_REPRESENTATION('',(#5104),#5108);
#5104 = LINE('',#5105,#5106);
#5105 = CARTESIAN_POINT('',(4.712388980385,10.995574287564));
#5106 = VECTOR('',#5107,1.);
#5107 = DIRECTION('',(0.,-1.));
#5108 = ( GEOMETRIC_REPRESENTATION_CONTEXT(2) 
PARAMETRIC_REPRESENTATION_CONTEXT() REPRESENTATION_CONTEXT('2D SPACE',''
  ) );
#5109 = PCURVE('',#1210,#5110);
#5110 = DEFINITIONAL_REPRESENTATION('',(#5111),#5115);
#5111 = LINE('',#5112,#5113);
#5112 = CARTESIAN_POINT('',(-5.497787143782,-27.5));
#5113 = VECTOR('',#5114,1.);
#5114 = DIRECTION('',(1.,0.));
#5115 = ( GEOMETRIC_REPRESENTATION_CONTEXT(2) 
PARAMETRIC_REPRESENTATION_CONTEXT() REPRESENTATION_CONTEXT('2D SPACE',''
  ) );
#5116 = ORIENTED_EDGE('',*,*,#5117,.F.);
#5117 = EDGE_CURVE('',#5118,#5094,#5120,.T.);
#5118 = VERTEX_POINT('',#5119);
#5119 = CARTESIAN_POINT('',(-60.,-35.,-2.));
#5120 = SURFACE_CURVE('',#5121,(#5126,#5133),.PCURVE_S1.);
#5121 = CIRCLE('',#5122,5.);
#5122 = AXIS2_PLACEMENT_3D('',#5123,#5124,#5125);
#5123 = CARTESIAN_POINT('',(-55.,-35.,-2.));
#5124 = DIRECTION('',(0.,-6.123233995737E-17,1.));
#5125 = DIRECTION('',(1.,0.,0.));
#5126 = PCURVE('',#4019,#5127);
#5127 = DEFINITIONAL_REPRESENTATION('',(#5128),#5132);
#5128 = LINE('',#5129,#5130);
#5129 = CARTESIAN_POINT('',(0.,6.28318530718));
#5130 = VECTOR('',#5131,1.);
#5131 = DIRECTION('',(1.,0.));
#5132 = ( GEOMETRIC_REPRESENTATION_CONTEXT(2) 
PARAMETRIC_REPRESENTATION_CONTEXT() REPRESENTATION_CONTEXT('2D SPACE',''
  ) );
#5133 = PCURVE('',#5134,#5139);
#5134 = CYLINDRICAL_SURFACE('',#5135,5.);
#5135 = AXIS2_PLACEMENT_3D('',#5136,#5137,#5138);
#5136 = CARTESIAN_POINT('',(-55.,-35.,-2.143131898508E-15));
#5137 = DIRECTION('',(0.,6.123233995737E-17,-1.));
#5138 = DIRECTION('',(0.,-1.,-6.123233995737E-17));
#5139 = DEFINITIONAL_REPRESENTATION('',(#5140),#5144);
#5140 = LINE('',#5141,#5142);
#5141 = CARTESIAN_POINT('',(4.712388980385,2.));
#5142 = VECTOR('',#5143,1.);
#5143 = DIRECTION('',(-1.,1.413579858428E-16));
#5144 = ( GEOMETRIC_REPRESENTATION_CONTEXT(2) 
PARAMETRIC_REPRESENTATION_CONTEXT() REPRESENTATION_CONTEXT('2D SPACE',''
  ) );
#5145 = ORIENTED_EDGE('',*,*,#5146,.F.);
#5146 = EDGE_CURVE('',#4099,#5118,#5147,.T.);
#5147 = SURFACE_CURVE('',#5148,(#5153,#5160),.PCURVE_S1.);
#5148 = CIRCLE('',#5149,2.);
#5149 = AXIS2_PLACEMENT_3D('',#5150,#5151,#5152);
#5150 = CARTESIAN_POINT('',(-58.,-35.,-2.));
#5151 = DIRECTION('',(1.224646799147E-16,1.,6.123233995737E-17));
#5152 = DIRECTION('',(1.,-1.224646799147E-16,-7.498798913309E-33));
#5153 = PCURVE('',#4019,#5154);
#5154 = DEFINITIONAL_REPRESENTATION('',(#5155),#5159);
#5155 = LINE('',#5156,#5157);
#5156 = CARTESIAN_POINT('',(3.14159265359,3.14159265359));
#5157 = VECTOR('',#5158,1.);
#5158 = DIRECTION('',(0.,1.));
#5159 = ( GEOMETRIC_REPRESENTATION_CONTEXT(2) 
PARAMETRIC_REPRESENTATION_CONTEXT() REPRESENTATION_CONTEXT('2D SPACE',''
  ) );
#5160 = PCURVE('',#993,#5161);
#5161 = DEFINITIONAL_REPRESENTATION('',(#5162),#5166);
#5162 = LINE('',#5163,#5164);
#5163 = CARTESIAN_POINT('',(2.356194490192,52.5));
#5164 = VECTOR('',#5165,1.);
#5165 = DIRECTION('',(-1.,0.));
#5166 = ( GEOMETRIC_REPRESENTATION_CONTEXT(2) 
PARAMETRIC_REPRESENTATION_CONTEXT() REPRESENTATION_CONTEXT('2D SPACE',''
  ) );
#5167 = ADVANCED_FACE('',(#5168),#4603,.T.);
#5168 = FACE_BOUND('',#5169,.T.);
#5169 = EDGE_LOOP('',(#5170,#5171,#5172,#5196,#5225));
#5170 = ORIENTED_EDGE('',*,*,#4704,.T.);
#5171 = ORIENTED_EDGE('',*,*,#4563,.T.);
#5172 = ORIENTED_EDGE('',*,*,#5173,.F.);
#5173 = EDGE_CURVE('',#5174,#4564,#5176,.T.);
#5174 = VERTEX_POINT('',#5175);
#5175 = CARTESIAN_POINT('',(-60.,35.,-2.));
#5176 = SURFACE_CURVE('',#5177,(#5182,#5189),.PCURVE_S1.);
#5177 = CIRCLE('',#5178,2.);
#5178 = AXIS2_PLACEMENT_3D('',#5179,#5180,#5181);
#5179 = CARTESIAN_POINT('',(-58.,35.,-2.));
#5180 = DIRECTION('',(0.,-1.,-6.123233995737E-17));
#5181 = DIRECTION('',(0.,-6.123233995737E-17,1.));
#5182 = PCURVE('',#4603,#5183);
#5183 = DEFINITIONAL_REPRESENTATION('',(#5184),#5188);
#5184 = LINE('',#5185,#5186);
#5185 = CARTESIAN_POINT('',(3.14159265359,7.853981633974));
#5186 = VECTOR('',#5187,1.);
#5187 = DIRECTION('',(0.,-1.));
#5188 = ( GEOMETRIC_REPRESENTATION_CONTEXT(2) 
PARAMETRIC_REPRESENTATION_CONTEXT() REPRESENTATION_CONTEXT('2D SPACE',''
  ) );
#5189 = PCURVE('',#993,#5190);
#5190 = DEFINITIONAL_REPRESENTATION('',(#5191),#5195);
#5191 = LINE('',#5192,#5193);
#5192 = CARTESIAN_POINT('',(-2.356194490192,-17.5));
#5193 = VECTOR('',#5194,1.);
#5194 = DIRECTION('',(1.,0.));
#5195 = ( GEOMETRIC_REPRESENTATION_CONTEXT(2) 
PARAMETRIC_REPRESENTATION_CONTEXT() REPRESENTATION_CONTEXT('2D SPACE',''
  ) );
#5196 = ORIENTED_EDGE('',*,*,#5197,.F.);
#5197 = EDGE_CURVE('',#5198,#5174,#5200,.T.);
#5198 = VERTEX_POINT('',#5199);
#5199 = CARTESIAN_POINT('',(-55.,40.,-2.));
#5200 = SURFACE_CURVE('',#5201,(#5206,#5213),.PCURVE_S1.);
#5201 = CIRCLE('',#5202,5.);
#5202 = AXIS2_PLACEMENT_3D('',#5203,#5204,#5205);
#5203 = CARTESIAN_POINT('',(-55.,35.,-2.));
#5204 = DIRECTION('',(0.,-6.123233995737E-17,1.));
#5205 = DIRECTION('',(1.,0.,0.));
#5206 = PCURVE('',#4603,#5207);
#5207 = DEFINITIONAL_REPRESENTATION('',(#5208),#5212);
#5208 = LINE('',#5209,#5210);
#5209 = CARTESIAN_POINT('',(0.,6.28318530718));
#5210 = VECTOR('',#5211,1.);
#5211 = DIRECTION('',(1.,0.));
#5212 = ( GEOMETRIC_REPRESENTATION_CONTEXT(2) 
PARAMETRIC_REPRESENTATION_CONTEXT() REPRESENTATION_CONTEXT('2D SPACE',''
  ) );
#5213 = PCURVE('',#5214,#5219);
#5214 = CYLINDRICAL_SURFACE('',#5215,5.);
#5215 = AXIS2_PLACEMENT_3D('',#5216,#5217,#5218);
#5216 = CARTESIAN_POINT('',(-55.,35.,2.143131898508E-15));
#5217 = DIRECTION('',(0.,6.123233995737E-17,-1.));
#5218 = DIRECTION('',(-1.,0.,0.));
#5219 = DEFINITIONAL_REPRESENTATION('',(#5220),#5224);
#5220 = LINE('',#5221,#5222);
#5221 = CARTESIAN_POINT('',(3.14159265359,2.));
#5222 = VECTOR('',#5223,1.);
#5223 = DIRECTION('',(-1.,0.));
#5224 = ( GEOMETRIC_REPRESENTATION_CONTEXT(2) 
PARAMETRIC_REPRESENTATION_CONTEXT() REPRESENTATION_CONTEXT('2D SPACE',''
  ) );
#5225 = ORIENTED_EDGE('',*,*,#5226,.F.);
#5226 = EDGE_CURVE('',#4660,#5198,#5227,.T.);
#5227 = SURFACE_CURVE('',#5228,(#5233,#5240),.PCURVE_S1.);
#5228 = CIRCLE('',#5229,2.);
#5229 = AXIS2_PLACEMENT_3D('',#5230,#5231,#5232);
#5230 = CARTESIAN_POINT('',(-55.,38.,-2.));
#5231 = DIRECTION('',(1.,3.828568698927E-16,2.344322201228E-32));
#5232 = DIRECTION('',(3.828568698927E-16,-1.,-6.123233995737E-17));
#5233 = PCURVE('',#4603,#5234);
#5234 = DEFINITIONAL_REPRESENTATION('',(#5235),#5239);
#5235 = LINE('',#5236,#5237);
#5236 = CARTESIAN_POINT('',(1.570796326795,3.14159265359));
#5237 = VECTOR('',#5238,1.);
#5238 = DIRECTION('',(0.,1.));
#5239 = ( GEOMETRIC_REPRESENTATION_CONTEXT(2) 
PARAMETRIC_REPRESENTATION_CONTEXT() REPRESENTATION_CONTEXT('2D SPACE',''
  ) );
#5240 = PCURVE('',#1050,#5241);
#5241 = DEFINITIONAL_REPRESENTATION('',(#5242),#5246);
#5242 = LINE('',#5243,#5244);
#5243 = CARTESIAN_POINT('',(2.356194490192,55.));
#5244 = VECTOR('',#5245,1.);
#5245 = DIRECTION('',(-1.,0.));
#5246 = ( GEOMETRIC_REPRESENTATION_CONTEXT(2) 
PARAMETRIC_REPRESENTATION_CONTEXT() REPRESENTATION_CONTEXT('2D SPACE',''
  ) );
#5247 = ADVANCED_FACE('',(#5248),#993,.T.);
#5248 = FACE_BOUND('',#5249,.T.);
#5249 = EDGE_LOOP('',(#5250,#5251,#5252,#5278,#5279,#5280));
#5250 = ORIENTED_EDGE('',*,*,#4098,.T.);
#5251 = ORIENTED_EDGE('',*,*,#5146,.T.);
#5252 = ORIENTED_EDGE('',*,*,#5253,.F.);
#5253 = EDGE_CURVE('',#5174,#5118,#5254,.T.);
#5254 = SURFACE_CURVE('',#5255,(#5259,#5266),.PCURVE_S1.);
#5255 = LINE('',#5256,#5257);
#5256 = CARTESIAN_POINT('',(-60.,17.5,-2.));
#5257 = VECTOR('',#5258,1.);
#5258 = DIRECTION('',(0.,-1.,-6.123233995737E-17));
#5259 = PCURVE('',#993,#5260);
#5260 = DEFINITIONAL_REPRESENTATION('',(#5261),#5265);
#5261 = LINE('',#5262,#5263);
#5262 = CARTESIAN_POINT('',(-0.785398163397,0.));
#5263 = VECTOR('',#5264,1.);
#5264 = DIRECTION('',(0.,1.));
#5265 = ( GEOMETRIC_REPRESENTATION_CONTEXT(2) 
PARAMETRIC_REPRESENTATION_CONTEXT() REPRESENTATION_CONTEXT('2D SPACE',''
  ) );
#5266 = PCURVE('',#5267,#5272);
#5267 = PLANE('',#5268);
#5268 = AXIS2_PLACEMENT_3D('',#5269,#5270,#5271);
#5269 = CARTESIAN_POINT('',(-60.,35.,2.143131898508E-15));
#5270 = DIRECTION('',(-1.,0.,0.));
#5271 = DIRECTION('',(0.,-6.123233995737E-17,1.));
#5272 = DEFINITIONAL_REPRESENTATION('',(#5273),#5277);
#5273 = LINE('',#5274,#5275);
#5274 = CARTESIAN_POINT('',(-2.,-17.5));
#5275 = VECTOR('',#5276,1.);
#5276 = DIRECTION('',(0.,-1.));
#5277 = ( GEOMETRIC_REPRESENTATION_CONTEXT(2) 
PARAMETRIC_REPRESENTATION_CONTEXT() REPRESENTATION_CONTEXT('2D SPACE',''
  ) );
#5278 = ORIENTED_EDGE('',*,*,#5173,.T.);
#5279 = ORIENTED_EDGE('',*,*,#4614,.T.);
#5280 = ORIENTED_EDGE('',*,*,#977,.T.);
#5281 = ADVANCED_FACE('',(#5282),#2800,.F.);
#5282 = FACE_BOUND('',#5283,.T.);
#5283 = EDGE_LOOP('',(#5284,#5285,#5308,#5329));
#5284 = ORIENTED_EDGE('',*,*,#2845,.F.);
#5285 = ORIENTED_EDGE('',*,*,#5286,.F.);
#5286 = EDGE_CURVE('',#5287,#2846,#5289,.T.);
#5287 = VERTEX_POINT('',#5288);
#5288 = CARTESIAN_POINT('',(-55.375,-29.8,2.));
#5289 = SURFACE_CURVE('',#5290,(#5294,#5301),.PCURVE_S1.);
#5290 = LINE('',#5291,#5292);
#5291 = CARTESIAN_POINT('',(-2.385062963887E-02,-29.8,2.));
#5292 = VECTOR('',#5293,1.);
#5293 = DIRECTION('',(-1.,0.,0.));
#5294 = PCURVE('',#2800,#5295);
#5295 = DEFINITIONAL_REPRESENTATION('',(#5296),#5300);
#5296 = LINE('',#5297,#5298);
#5297 = CARTESIAN_POINT('',(0.,-55.85097276071));
#5298 = VECTOR('',#5299,1.);
#5299 = DIRECTION('',(0.,1.));
#5300 = ( GEOMETRIC_REPRESENTATION_CONTEXT(2) 
PARAMETRIC_REPRESENTATION_CONTEXT() REPRESENTATION_CONTEXT('2D SPACE',''
  ) );
#5301 = PCURVE('',#1371,#5302);
#5302 = DEFINITIONAL_REPRESENTATION('',(#5303),#5307);
#5303 = LINE('',#5304,#5305);
#5304 = CARTESIAN_POINT('',(-0.,-29.8));
#5305 = VECTOR('',#5306,1.);
#5306 = DIRECTION('',(1.,0.));
#5307 = ( GEOMETRIC_REPRESENTATION_CONTEXT(2) 
PARAMETRIC_REPRESENTATION_CONTEXT() REPRESENTATION_CONTEXT('2D SPACE',''
  ) );
#5308 = ORIENTED_EDGE('',*,*,#5309,.F.);
#5309 = EDGE_CURVE('',#2644,#5287,#5310,.T.);
#5310 = SURFACE_CURVE('',#5311,(#5315,#5322),.PCURVE_S1.);
#5311 = LINE('',#5312,#5313);
#5312 = CARTESIAN_POINT('',(-55.375,-29.8,2.));
#5313 = VECTOR('',#5314,1.);
#5314 = DIRECTION('',(0.,-6.123233995737E-17,1.));
#5315 = PCURVE('',#2800,#5316);
#5316 = DEFINITIONAL_REPRESENTATION('',(#5317),#5321);
#5317 = LINE('',#5318,#5319);
#5318 = CARTESIAN_POINT('',(0.,-0.49982339035));
#5319 = VECTOR('',#5320,1.);
#5320 = DIRECTION('',(1.,0.));
#5321 = ( GEOMETRIC_REPRESENTATION_CONTEXT(2) 
PARAMETRIC_REPRESENTATION_CONTEXT() REPRESENTATION_CONTEXT('2D SPACE',''
  ) );
#5322 = PCURVE('',#2537,#5323);
#5323 = DEFINITIONAL_REPRESENTATION('',(#5324),#5328);
#5324 = LINE('',#5325,#5326);
#5325 = CARTESIAN_POINT('',(4.712388980385,4.440892098501E-16));
#5326 = VECTOR('',#5327,1.);
#5327 = DIRECTION('',(0.,-1.));
#5328 = ( GEOMETRIC_REPRESENTATION_CONTEXT(2) 
PARAMETRIC_REPRESENTATION_CONTEXT() REPRESENTATION_CONTEXT('2D SPACE',''
  ) );
#5329 = ORIENTED_EDGE('',*,*,#2783,.T.);
#5330 = ADVANCED_FACE('',(#5331),#1399,.F.);
#5331 = FACE_BOUND('',#5332,.T.);
#5332 = EDGE_LOOP('',(#5333,#5334,#5357,#5378));
#5333 = ORIENTED_EDGE('',*,*,#1466,.T.);
#5334 = ORIENTED_EDGE('',*,*,#5335,.F.);
#5335 = EDGE_CURVE('',#5336,#1467,#5338,.T.);
#5336 = VERTEX_POINT('',#5337);
#5337 = CARTESIAN_POINT('',(-55.375,29.799999999999,2.));
#5338 = SURFACE_CURVE('',#5339,(#5343,#5350),.PCURVE_S1.);
#5339 = LINE('',#5340,#5341);
#5340 = CARTESIAN_POINT('',(-55.375,29.8,2.));
#5341 = VECTOR('',#5342,1.);
#5342 = DIRECTION('',(0.,6.123233995737E-17,-1.));
#5343 = PCURVE('',#1399,#5344);
#5344 = DEFINITIONAL_REPRESENTATION('',(#5345),#5349);
#5345 = LINE('',#5346,#5347);
#5346 = CARTESIAN_POINT('',(0.,0.));
#5347 = VECTOR('',#5348,1.);
#5348 = DIRECTION('',(1.,0.));
#5349 = ( GEOMETRIC_REPRESENTATION_CONTEXT(2) 
PARAMETRIC_REPRESENTATION_CONTEXT() REPRESENTATION_CONTEXT('2D SPACE',''
  ) );
#5350 = PCURVE('',#1605,#5351);
#5351 = DEFINITIONAL_REPRESENTATION('',(#5352),#5356);
#5352 = LINE('',#5353,#5354);
#5353 = CARTESIAN_POINT('',(6.28318530718,-4.4408920985E-16));
#5354 = VECTOR('',#5355,1.);
#5355 = DIRECTION('',(0.,1.));
#5356 = ( GEOMETRIC_REPRESENTATION_CONTEXT(2) 
PARAMETRIC_REPRESENTATION_CONTEXT() REPRESENTATION_CONTEXT('2D SPACE',''
  ) );
#5357 = ORIENTED_EDGE('',*,*,#5358,.T.);
#5358 = EDGE_CURVE('',#5336,#1355,#5359,.T.);
#5359 = SURFACE_CURVE('',#5360,(#5364,#5371),.PCURVE_S1.);
#5360 = LINE('',#5361,#5362);
#5361 = CARTESIAN_POINT('',(-2.385062963887E-02,29.799999999999,2.));
#5362 = VECTOR('',#5363,1.);
#5363 = DIRECTION('',(-1.,0.,0.));
#5364 = PCURVE('',#1399,#5365);
#5365 = DEFINITIONAL_REPRESENTATION('',(#5366),#5370);
#5366 = LINE('',#5367,#5368);
#5367 = CARTESIAN_POINT('',(0.,-55.35114937036));
#5368 = VECTOR('',#5369,1.);
#5369 = DIRECTION('',(0.,1.));
#5370 = ( GEOMETRIC_REPRESENTATION_CONTEXT(2) 
PARAMETRIC_REPRESENTATION_CONTEXT() REPRESENTATION_CONTEXT('2D SPACE',''
  ) );
#5371 = PCURVE('',#1371,#5372);
#5372 = DEFINITIONAL_REPRESENTATION('',(#5373),#5377);
#5373 = LINE('',#5374,#5375);
#5374 = CARTESIAN_POINT('',(0.,29.799999999999));
#5375 = VECTOR('',#5376,1.);
#5376 = DIRECTION('',(1.,0.));
#5377 = ( GEOMETRIC_REPRESENTATION_CONTEXT(2) 
PARAMETRIC_REPRESENTATION_CONTEXT() REPRESENTATION_CONTEXT('2D SPACE',''
  ) );
#5378 = ORIENTED_EDGE('',*,*,#1383,.T.);
#5379 = ADVANCED_FACE('',(#5380),#1898,.F.);
#5380 = FACE_BOUND('',#5381,.T.);
#5381 = EDGE_LOOP('',(#5382,#5383,#5406,#5427));
#5382 = ORIENTED_EDGE('',*,*,#1998,.F.);
#5383 = ORIENTED_EDGE('',*,*,#5384,.F.);
#5384 = EDGE_CURVE('',#5385,#1999,#5387,.T.);
#5385 = VERTEX_POINT('',#5386);
#5386 = CARTESIAN_POINT('',(-49.875,35.3,2.));
#5387 = SURFACE_CURVE('',#5388,(#5392,#5399),.PCURVE_S1.);
#5388 = LINE('',#5389,#5390);
#5389 = CARTESIAN_POINT('',(-49.875,-2.445796969146E-13,2.));
#5390 = VECTOR('',#5391,1.);
#5391 = DIRECTION('',(0.,1.,6.123233995737E-17));
#5392 = PCURVE('',#1898,#5393);
#5393 = DEFINITIONAL_REPRESENTATION('',(#5394),#5398);
#5394 = LINE('',#5395,#5396);
#5395 = CARTESIAN_POINT('',(2.189056153476E-15,-35.75));
#5396 = VECTOR('',#5397,1.);
#5397 = DIRECTION('',(0.,1.));
#5398 = ( GEOMETRIC_REPRESENTATION_CONTEXT(2) 
PARAMETRIC_REPRESENTATION_CONTEXT() REPRESENTATION_CONTEXT('2D SPACE',''
  ) );
#5399 = PCURVE('',#1371,#5400);
#5400 = DEFINITIONAL_REPRESENTATION('',(#5401),#5405);
#5401 = LINE('',#5402,#5403);
#5402 = CARTESIAN_POINT('',(49.851149370361,0.));
#5403 = VECTOR('',#5404,1.);
#5404 = DIRECTION('',(0.,1.));
#5405 = ( GEOMETRIC_REPRESENTATION_CONTEXT(2) 
PARAMETRIC_REPRESENTATION_CONTEXT() REPRESENTATION_CONTEXT('2D SPACE',''
  ) );
#5406 = ORIENTED_EDGE('',*,*,#5407,.F.);
#5407 = EDGE_CURVE('',#1719,#5385,#5408,.T.);
#5408 = SURFACE_CURVE('',#5409,(#5413,#5420),.PCURVE_S1.);
#5409 = LINE('',#5410,#5411);
#5410 = CARTESIAN_POINT('',(-49.875,35.3,2.));
#5411 = VECTOR('',#5412,1.);
#5412 = DIRECTION('',(0.,-6.123233995737E-17,1.));
#5413 = PCURVE('',#1898,#5414);
#5414 = DEFINITIONAL_REPRESENTATION('',(#5415),#5419);
#5415 = LINE('',#5416,#5417);
#5416 = CARTESIAN_POINT('',(2.755455298082E-17,-0.45));
#5417 = VECTOR('',#5418,1.);
#5418 = DIRECTION('',(1.,0.));
#5419 = ( GEOMETRIC_REPRESENTATION_CONTEXT(2) 
PARAMETRIC_REPRESENTATION_CONTEXT() REPRESENTATION_CONTEXT('2D SPACE',''
  ) );
#5420 = PCURVE('',#1605,#5421);
#5421 = DEFINITIONAL_REPRESENTATION('',(#5422),#5426);
#5422 = LINE('',#5423,#5424);
#5423 = CARTESIAN_POINT('',(4.712388980385,0.));
#5424 = VECTOR('',#5425,1.);
#5425 = DIRECTION('',(0.,-1.));
#5426 = ( GEOMETRIC_REPRESENTATION_CONTEXT(2) 
PARAMETRIC_REPRESENTATION_CONTEXT() REPRESENTATION_CONTEXT('2D SPACE',''
  ) );
#5427 = ORIENTED_EDGE('',*,*,#1881,.T.);
#5428 = ADVANCED_FACE('',(#5429),#2406,.F.);
#5429 = FACE_BOUND('',#5430,.T.);
#5430 = EDGE_LOOP('',(#5431,#5432,#5455,#5476));
#5431 = ORIENTED_EDGE('',*,*,#2445,.T.);
#5432 = ORIENTED_EDGE('',*,*,#5433,.F.);
#5433 = EDGE_CURVE('',#5434,#2446,#5436,.T.);
#5434 = VERTEX_POINT('',#5435);
#5435 = CARTESIAN_POINT('',(-49.87499999999,-35.3,2.));
#5436 = SURFACE_CURVE('',#5437,(#5441,#5448),.PCURVE_S1.);
#5437 = LINE('',#5438,#5439);
#5438 = CARTESIAN_POINT('',(-49.875,-35.3,2.));
#5439 = VECTOR('',#5440,1.);
#5440 = DIRECTION('',(0.,6.123233995737E-17,-1.));
#5441 = PCURVE('',#2406,#5442);
#5442 = DEFINITIONAL_REPRESENTATION('',(#5443),#5447);
#5443 = LINE('',#5444,#5445);
#5444 = CARTESIAN_POINT('',(0.,0.));
#5445 = VECTOR('',#5446,1.);
#5446 = DIRECTION('',(-1.,0.));
#5447 = ( GEOMETRIC_REPRESENTATION_CONTEXT(2) 
PARAMETRIC_REPRESENTATION_CONTEXT() REPRESENTATION_CONTEXT('2D SPACE',''
  ) );
#5448 = PCURVE('',#2537,#5449);
#5449 = DEFINITIONAL_REPRESENTATION('',(#5450),#5454);
#5450 = LINE('',#5451,#5452);
#5451 = CARTESIAN_POINT('',(6.28318530718,0.));
#5452 = VECTOR('',#5453,1.);
#5453 = DIRECTION('',(0.,1.));
#5454 = ( GEOMETRIC_REPRESENTATION_CONTEXT(2) 
PARAMETRIC_REPRESENTATION_CONTEXT() REPRESENTATION_CONTEXT('2D SPACE',''
  ) );
#5455 = ORIENTED_EDGE('',*,*,#5456,.F.);
#5456 = EDGE_CURVE('',#2367,#5434,#5457,.T.);
#5457 = SURFACE_CURVE('',#5458,(#5462,#5469),.PCURVE_S1.);
#5458 = LINE('',#5459,#5460);
#5459 = CARTESIAN_POINT('',(-49.87499999999,-2.445796969146E-13,2.));
#5460 = VECTOR('',#5461,1.);
#5461 = DIRECTION('',(0.,1.,6.123233995737E-17));
#5462 = PCURVE('',#2406,#5463);
#5463 = DEFINITIONAL_REPRESENTATION('',(#5464),#5468);
#5464 = LINE('',#5465,#5466);
#5465 = CARTESIAN_POINT('',(-2.161501600495E-15,35.3));
#5466 = VECTOR('',#5467,1.);
#5467 = DIRECTION('',(0.,1.));
#5468 = ( GEOMETRIC_REPRESENTATION_CONTEXT(2) 
PARAMETRIC_REPRESENTATION_CONTEXT() REPRESENTATION_CONTEXT('2D SPACE',''
  ) );
#5469 = PCURVE('',#1371,#5470);
#5470 = DEFINITIONAL_REPRESENTATION('',(#5471),#5475);
#5471 = LINE('',#5472,#5473);
#5472 = CARTESIAN_POINT('',(49.851149370358,0.));
#5473 = VECTOR('',#5474,1.);
#5474 = DIRECTION('',(0.,1.));
#5475 = ( GEOMETRIC_REPRESENTATION_CONTEXT(2) 
PARAMETRIC_REPRESENTATION_CONTEXT() REPRESENTATION_CONTEXT('2D SPACE',''
  ) );
#5476 = ORIENTED_EDGE('',*,*,#2390,.T.);
#5477 = ADVANCED_FACE('',(#5478),#1210,.T.);
#5478 = FACE_BOUND('',#5479,.T.);
#5479 = EDGE_LOOP('',(#5480,#5481,#5482,#5483,#5507,#5533));
#5480 = ORIENTED_EDGE('',*,*,#4053,.T.);
#5481 = ORIENTED_EDGE('',*,*,#1196,.T.);
#5482 = ORIENTED_EDGE('',*,*,#4876,.T.);
#5483 = ORIENTED_EDGE('',*,*,#5484,.F.);
#5484 = EDGE_CURVE('',#5485,#4877,#5487,.T.);
#5485 = VERTEX_POINT('',#5486);
#5486 = CARTESIAN_POINT('',(55.,-40.,-2.));
#5487 = SURFACE_CURVE('',#5488,(#5493,#5500),.PCURVE_S1.);
#5488 = CIRCLE('',#5489,2.);
#5489 = AXIS2_PLACEMENT_3D('',#5490,#5491,#5492);
#5490 = CARTESIAN_POINT('',(55.,-38.,-2.));
#5491 = DIRECTION('',(1.,0.,0.));
#5492 = DIRECTION('',(0.,6.123233995737E-17,-1.));
#5493 = PCURVE('',#1210,#5494);
#5494 = DEFINITIONAL_REPRESENTATION('',(#5495),#5499);
#5495 = LINE('',#5496,#5497);
#5496 = CARTESIAN_POINT('',(-5.497787143782,82.5));
#5497 = VECTOR('',#5498,1.);
#5498 = DIRECTION('',(1.,0.));
#5499 = ( GEOMETRIC_REPRESENTATION_CONTEXT(2) 
PARAMETRIC_REPRESENTATION_CONTEXT() REPRESENTATION_CONTEXT('2D SPACE',''
  ) );
#5500 = PCURVE('',#4961,#5501);
#5501 = DEFINITIONAL_REPRESENTATION('',(#5502),#5506);
#5502 = LINE('',#5503,#5504);
#5503 = CARTESIAN_POINT('',(4.712388980385,10.995574287564));
#5504 = VECTOR('',#5505,1.);
#5505 = DIRECTION('',(0.,-1.));
#5506 = ( GEOMETRIC_REPRESENTATION_CONTEXT(2) 
PARAMETRIC_REPRESENTATION_CONTEXT() REPRESENTATION_CONTEXT('2D SPACE',''
  ) );
#5507 = ORIENTED_EDGE('',*,*,#5508,.F.);
#5508 = EDGE_CURVE('',#5094,#5485,#5509,.T.);
#5509 = SURFACE_CURVE('',#5510,(#5514,#5521),.PCURVE_S1.);
#5510 = LINE('',#5511,#5512);
#5511 = CARTESIAN_POINT('',(-27.5,-40.,-2.));
#5512 = VECTOR('',#5513,1.);
#5513 = DIRECTION('',(1.,0.,0.));
#5514 = PCURVE('',#1210,#5515);
#5515 = DEFINITIONAL_REPRESENTATION('',(#5516),#5520);
#5516 = LINE('',#5517,#5518);
#5517 = CARTESIAN_POINT('',(-0.785398163397,0.));
#5518 = VECTOR('',#5519,1.);
#5519 = DIRECTION('',(0.,1.));
#5520 = ( GEOMETRIC_REPRESENTATION_CONTEXT(2) 
PARAMETRIC_REPRESENTATION_CONTEXT() REPRESENTATION_CONTEXT('2D SPACE',''
  ) );
#5521 = PCURVE('',#5522,#5527);
#5522 = PLANE('',#5523);
#5523 = AXIS2_PLACEMENT_3D('',#5524,#5525,#5526);
#5524 = CARTESIAN_POINT('',(-55.,-40.,-2.449293598295E-15));
#5525 = DIRECTION('',(0.,-1.,-6.123233995737E-17));
#5526 = DIRECTION('',(0.,-6.123233995737E-17,1.));
#5527 = DEFINITIONAL_REPRESENTATION('',(#5528),#5532);
#5528 = LINE('',#5529,#5530);
#5529 = CARTESIAN_POINT('',(-2.,-27.5));
#5530 = VECTOR('',#5531,1.);
#5531 = DIRECTION('',(0.,-1.));
#5532 = ( GEOMETRIC_REPRESENTATION_CONTEXT(2) 
PARAMETRIC_REPRESENTATION_CONTEXT() REPRESENTATION_CONTEXT('2D SPACE',''
  ) );
#5533 = ORIENTED_EDGE('',*,*,#5093,.T.);
#5534 = ADVANCED_FACE('',(#5535),#4961,.T.);
#5535 = FACE_BOUND('',#5536,.T.);
#5536 = EDGE_LOOP('',(#5537,#5538,#5562,#5589));
#5537 = ORIENTED_EDGE('',*,*,#4921,.T.);
#5538 = ORIENTED_EDGE('',*,*,#5539,.T.);
#5539 = EDGE_CURVE('',#4922,#5540,#5542,.T.);
#5540 = VERTEX_POINT('',#5541);
#5541 = CARTESIAN_POINT('',(60.,-35.,-2.));
#5542 = SURFACE_CURVE('',#5543,(#5548,#5555),.PCURVE_S1.);
#5543 = CIRCLE('',#5544,2.);
#5544 = AXIS2_PLACEMENT_3D('',#5545,#5546,#5547);
#5545 = CARTESIAN_POINT('',(58.,-35.,-2.));
#5546 = DIRECTION('',(0.,-1.,-6.123233995737E-17));
#5547 = DIRECTION('',(0.,-6.123233995737E-17,1.));
#5548 = PCURVE('',#4961,#5549);
#5549 = DEFINITIONAL_REPRESENTATION('',(#5550),#5554);
#5550 = LINE('',#5551,#5552);
#5551 = CARTESIAN_POINT('',(6.28318530718,1.570796326795));
#5552 = VECTOR('',#5553,1.);
#5553 = DIRECTION('',(0.,1.));
#5554 = ( GEOMETRIC_REPRESENTATION_CONTEXT(2) 
PARAMETRIC_REPRESENTATION_CONTEXT() REPRESENTATION_CONTEXT('2D SPACE',''
  ) );
#5555 = PCURVE('',#1131,#5556);
#5556 = DEFINITIONAL_REPRESENTATION('',(#5557),#5561);
#5557 = LINE('',#5558,#5559);
#5558 = CARTESIAN_POINT('',(3.926990816987,-35.));
#5559 = VECTOR('',#5560,1.);
#5560 = DIRECTION('',(-1.,0.));
#5561 = ( GEOMETRIC_REPRESENTATION_CONTEXT(2) 
PARAMETRIC_REPRESENTATION_CONTEXT() REPRESENTATION_CONTEXT('2D SPACE',''
  ) );
#5562 = ORIENTED_EDGE('',*,*,#5563,.F.);
#5563 = EDGE_CURVE('',#5485,#5540,#5564,.T.);
#5564 = SURFACE_CURVE('',#5565,(#5570,#5577),.PCURVE_S1.);
#5565 = CIRCLE('',#5566,5.);
#5566 = AXIS2_PLACEMENT_3D('',#5567,#5568,#5569);
#5567 = CARTESIAN_POINT('',(55.,-35.,-2.));
#5568 = DIRECTION('',(0.,-6.123233995737E-17,1.));
#5569 = DIRECTION('',(1.,0.,0.));
#5570 = PCURVE('',#4961,#5571);
#5571 = DEFINITIONAL_REPRESENTATION('',(#5572),#5576);
#5572 = LINE('',#5573,#5574);
#5573 = CARTESIAN_POINT('',(0.,6.28318530718));
#5574 = VECTOR('',#5575,1.);
#5575 = DIRECTION('',(1.,0.));
#5576 = ( GEOMETRIC_REPRESENTATION_CONTEXT(2) 
PARAMETRIC_REPRESENTATION_CONTEXT() REPRESENTATION_CONTEXT('2D SPACE',''
  ) );
#5577 = PCURVE('',#5578,#5583);
#5578 = CYLINDRICAL_SURFACE('',#5579,5.);
#5579 = AXIS2_PLACEMENT_3D('',#5580,#5581,#5582);
#5580 = CARTESIAN_POINT('',(55.,-35.,-2.143131898508E-15));
#5581 = DIRECTION('',(0.,6.123233995737E-17,-1.));
#5582 = DIRECTION('',(1.,0.,0.));
#5583 = DEFINITIONAL_REPRESENTATION('',(#5584),#5588);
#5584 = LINE('',#5585,#5586);
#5585 = CARTESIAN_POINT('',(6.28318530718,2.));
#5586 = VECTOR('',#5587,1.);
#5587 = DIRECTION('',(-1.,-1.413579858428E-16));
#5588 = ( GEOMETRIC_REPRESENTATION_CONTEXT(2) 
PARAMETRIC_REPRESENTATION_CONTEXT() REPRESENTATION_CONTEXT('2D SPACE',''
  ) );
#5589 = ORIENTED_EDGE('',*,*,#5484,.T.);
#5590 = ADVANCED_FACE('',(#5591),#1131,.T.);
#5591 = FACE_BOUND('',#5592,.T.);
#5592 = EDGE_LOOP('',(#5593,#5594,#5618,#5644,#5645,#5646));
#5593 = ORIENTED_EDGE('',*,*,#4297,.T.);
#5594 = ORIENTED_EDGE('',*,*,#5595,.F.);
#5595 = EDGE_CURVE('',#5596,#4298,#5598,.T.);
#5596 = VERTEX_POINT('',#5597);
#5597 = CARTESIAN_POINT('',(60.,35.,-2.));
#5598 = SURFACE_CURVE('',#5599,(#5604,#5611),.PCURVE_S1.);
#5599 = CIRCLE('',#5600,2.);
#5600 = AXIS2_PLACEMENT_3D('',#5601,#5602,#5603);
#5601 = CARTESIAN_POINT('',(58.,35.,-2.));
#5602 = DIRECTION('',(0.,1.,6.123233995737E-17));
#5603 = DIRECTION('',(0.,6.123233995737E-17,-1.));
#5604 = PCURVE('',#1131,#5605);
#5605 = DEFINITIONAL_REPRESENTATION('',(#5606),#5610);
#5606 = LINE('',#5607,#5608);
#5607 = CARTESIAN_POINT('',(-5.497787143782,35.));
#5608 = VECTOR('',#5609,1.);
#5609 = DIRECTION('',(1.,0.));
#5610 = ( GEOMETRIC_REPRESENTATION_CONTEXT(2) 
PARAMETRIC_REPRESENTATION_CONTEXT() REPRESENTATION_CONTEXT('2D SPACE',''
  ) );
#5611 = PCURVE('',#4382,#5612);
#5612 = DEFINITIONAL_REPRESENTATION('',(#5613),#5617);
#5613 = LINE('',#5614,#5615);
#5614 = CARTESIAN_POINT('',(0.,10.995574287564));
#5615 = VECTOR('',#5616,1.);
#5616 = DIRECTION('',(0.,-1.));
#5617 = ( GEOMETRIC_REPRESENTATION_CONTEXT(2) 
PARAMETRIC_REPRESENTATION_CONTEXT() REPRESENTATION_CONTEXT('2D SPACE',''
  ) );
#5618 = ORIENTED_EDGE('',*,*,#5619,.F.);
#5619 = EDGE_CURVE('',#5540,#5596,#5620,.T.);
#5620 = SURFACE_CURVE('',#5621,(#5625,#5632),.PCURVE_S1.);
#5621 = LINE('',#5622,#5623);
#5622 = CARTESIAN_POINT('',(60.,1.224646799147E-16,-2.));
#5623 = VECTOR('',#5624,1.);
#5624 = DIRECTION('',(0.,1.,6.123233995737E-17));
#5625 = PCURVE('',#1131,#5626);
#5626 = DEFINITIONAL_REPRESENTATION('',(#5627),#5631);
#5627 = LINE('',#5628,#5629);
#5628 = CARTESIAN_POINT('',(-0.785398163397,0.));
#5629 = VECTOR('',#5630,1.);
#5630 = DIRECTION('',(0.,1.));
#5631 = ( GEOMETRIC_REPRESENTATION_CONTEXT(2) 
PARAMETRIC_REPRESENTATION_CONTEXT() REPRESENTATION_CONTEXT('2D SPACE',''
  ) );
#5632 = PCURVE('',#5633,#5638);
#5633 = PLANE('',#5634);
#5634 = AXIS2_PLACEMENT_3D('',#5635,#5636,#5637);
#5635 = CARTESIAN_POINT('',(60.,0.,0.));
#5636 = DIRECTION('',(1.,0.,0.));
#5637 = DIRECTION('',(0.,6.123233995737E-17,-1.));
#5638 = DEFINITIONAL_REPRESENTATION('',(#5639),#5643);
#5639 = LINE('',#5640,#5641);
#5640 = CARTESIAN_POINT('',(2.,-3.944304526105E-31));
#5641 = VECTOR('',#5642,1.);
#5642 = DIRECTION('',(0.,1.));
#5643 = ( GEOMETRIC_REPRESENTATION_CONTEXT(2) 
PARAMETRIC_REPRESENTATION_CONTEXT() REPRESENTATION_CONTEXT('2D SPACE',''
  ) );
#5644 = ORIENTED_EDGE('',*,*,#5539,.F.);
#5645 = ORIENTED_EDGE('',*,*,#4995,.T.);
#5646 = ORIENTED_EDGE('',*,*,#1115,.T.);
#5647 = ADVANCED_FACE('',(#5648),#4382,.T.);
#5648 = FACE_BOUND('',#5649,.T.);
#5649 = EDGE_LOOP('',(#5650,#5651,#5675,#5702));
#5650 = ORIENTED_EDGE('',*,*,#4342,.T.);
#5651 = ORIENTED_EDGE('',*,*,#5652,.T.);
#5652 = EDGE_CURVE('',#4343,#5653,#5655,.T.);
#5653 = VERTEX_POINT('',#5654);
#5654 = CARTESIAN_POINT('',(55.,40.,-2.));
#5655 = SURFACE_CURVE('',#5656,(#5661,#5668),.PCURVE_S1.);
#5656 = CIRCLE('',#5657,2.);
#5657 = AXIS2_PLACEMENT_3D('',#5658,#5659,#5660);
#5658 = CARTESIAN_POINT('',(55.,38.,-2.));
#5659 = DIRECTION('',(1.,3.828568698927E-16,2.344322201228E-32));
#5660 = DIRECTION('',(3.828568698927E-16,-1.,-6.123233995737E-17));
#5661 = PCURVE('',#4382,#5662);
#5662 = DEFINITIONAL_REPRESENTATION('',(#5663),#5667);
#5663 = LINE('',#5664,#5665);
#5664 = CARTESIAN_POINT('',(1.570796326795,3.14159265359));
#5665 = VECTOR('',#5666,1.);
#5666 = DIRECTION('',(0.,1.));
#5667 = ( GEOMETRIC_REPRESENTATION_CONTEXT(2) 
PARAMETRIC_REPRESENTATION_CONTEXT() REPRESENTATION_CONTEXT('2D SPACE',''
  ) );
#5668 = PCURVE('',#1050,#5669);
#5669 = DEFINITIONAL_REPRESENTATION('',(#5670),#5674);
#5670 = LINE('',#5671,#5672);
#5671 = CARTESIAN_POINT('',(2.356194490192,-55.));
#5672 = VECTOR('',#5673,1.);
#5673 = DIRECTION('',(-1.,0.));
#5674 = ( GEOMETRIC_REPRESENTATION_CONTEXT(2) 
PARAMETRIC_REPRESENTATION_CONTEXT() REPRESENTATION_CONTEXT('2D SPACE',''
  ) );
#5675 = ORIENTED_EDGE('',*,*,#5676,.F.);
#5676 = EDGE_CURVE('',#5596,#5653,#5677,.T.);
#5677 = SURFACE_CURVE('',#5678,(#5683,#5690),.PCURVE_S1.);
#5678 = CIRCLE('',#5679,5.);
#5679 = AXIS2_PLACEMENT_3D('',#5680,#5681,#5682);
#5680 = CARTESIAN_POINT('',(55.,35.,-2.));
#5681 = DIRECTION('',(0.,-6.123233995737E-17,1.));
#5682 = DIRECTION('',(1.,0.,0.));
#5683 = PCURVE('',#4382,#5684);
#5684 = DEFINITIONAL_REPRESENTATION('',(#5685),#5689);
#5685 = LINE('',#5686,#5687);
#5686 = CARTESIAN_POINT('',(0.,6.28318530718));
#5687 = VECTOR('',#5688,1.);
#5688 = DIRECTION('',(1.,0.));
#5689 = ( GEOMETRIC_REPRESENTATION_CONTEXT(2) 
PARAMETRIC_REPRESENTATION_CONTEXT() REPRESENTATION_CONTEXT('2D SPACE',''
  ) );
#5690 = PCURVE('',#5691,#5696);
#5691 = CYLINDRICAL_SURFACE('',#5692,5.);
#5692 = AXIS2_PLACEMENT_3D('',#5693,#5694,#5695);
#5693 = CARTESIAN_POINT('',(55.,35.,2.143131898508E-15));
#5694 = DIRECTION('',(0.,6.123233995737E-17,-1.));
#5695 = DIRECTION('',(0.,1.,6.123233995737E-17));
#5696 = DEFINITIONAL_REPRESENTATION('',(#5697),#5701);
#5697 = LINE('',#5698,#5699);
#5698 = CARTESIAN_POINT('',(1.570796326795,2.));
#5699 = VECTOR('',#5700,1.);
#5700 = DIRECTION('',(-1.,0.));
#5701 = ( GEOMETRIC_REPRESENTATION_CONTEXT(2) 
PARAMETRIC_REPRESENTATION_CONTEXT() REPRESENTATION_CONTEXT('2D SPACE',''
  ) );
#5702 = ORIENTED_EDGE('',*,*,#5595,.T.);
#5703 = ADVANCED_FACE('',(#5704),#1050,.T.);
#5704 = FACE_BOUND('',#5705,.T.);
#5705 = EDGE_LOOP('',(#5706,#5707,#5708,#5709,#5710,#5736));
#5706 = ORIENTED_EDGE('',*,*,#4416,.T.);
#5707 = ORIENTED_EDGE('',*,*,#1034,.T.);
#5708 = ORIENTED_EDGE('',*,*,#4659,.T.);
#5709 = ORIENTED_EDGE('',*,*,#5226,.T.);
#5710 = ORIENTED_EDGE('',*,*,#5711,.F.);
#5711 = EDGE_CURVE('',#5653,#5198,#5712,.T.);
#5712 = SURFACE_CURVE('',#5713,(#5717,#5724),.PCURVE_S1.);
#5713 = LINE('',#5714,#5715);
#5714 = CARTESIAN_POINT('',(2.775557561563E-16,40.,-2.));
#5715 = VECTOR('',#5716,1.);
#5716 = DIRECTION('',(-1.,0.,0.));
#5717 = PCURVE('',#1050,#5718);
#5718 = DEFINITIONAL_REPRESENTATION('',(#5719),#5723);
#5719 = LINE('',#5720,#5721);
#5720 = CARTESIAN_POINT('',(-0.785398163397,0.));
#5721 = VECTOR('',#5722,1.);
#5722 = DIRECTION('',(0.,1.));
#5723 = ( GEOMETRIC_REPRESENTATION_CONTEXT(2) 
PARAMETRIC_REPRESENTATION_CONTEXT() REPRESENTATION_CONTEXT('2D SPACE',''
  ) );
#5724 = PCURVE('',#5725,#5730);
#5725 = PLANE('',#5726);
#5726 = AXIS2_PLACEMENT_3D('',#5727,#5728,#5729);
#5727 = CARTESIAN_POINT('',(0.,40.,2.449293598295E-15));
#5728 = DIRECTION('',(0.,1.,6.123233995737E-17));
#5729 = DIRECTION('',(0.,6.123233995737E-17,-1.));
#5730 = DEFINITIONAL_REPRESENTATION('',(#5731),#5735);
#5731 = LINE('',#5732,#5733);
#5732 = CARTESIAN_POINT('',(2.,-2.775557561563E-16));
#5733 = VECTOR('',#5734,1.);
#5734 = DIRECTION('',(0.,1.));
#5735 = ( GEOMETRIC_REPRESENTATION_CONTEXT(2) 
PARAMETRIC_REPRESENTATION_CONTEXT() REPRESENTATION_CONTEXT('2D SPACE',''
  ) );
#5736 = ORIENTED_EDGE('',*,*,#5652,.F.);
#5737 = ADVANCED_FACE('',(#5738),#5214,.T.);
#5738 = FACE_BOUND('',#5739,.T.);
#5739 = EDGE_LOOP('',(#5740,#5741,#5764,#5788));
#5740 = ORIENTED_EDGE('',*,*,#5197,.T.);
#5741 = ORIENTED_EDGE('',*,*,#5742,.T.);
#5742 = EDGE_CURVE('',#5174,#5743,#5745,.T.);
#5743 = VERTEX_POINT('',#5744);
#5744 = CARTESIAN_POINT('',(-60.,35.,2.143131898508E-15));
#5745 = SURFACE_CURVE('',#5746,(#5750,#5757),.PCURVE_S1.);
#5746 = LINE('',#5747,#5748);
#5747 = CARTESIAN_POINT('',(-60.,35.,2.143131898508E-15));
#5748 = VECTOR('',#5749,1.);
#5749 = DIRECTION('',(0.,-6.123233995737E-17,1.));
#5750 = PCURVE('',#5214,#5751);
#5751 = DEFINITIONAL_REPRESENTATION('',(#5752),#5756);
#5752 = LINE('',#5753,#5754);
#5753 = CARTESIAN_POINT('',(0.,0.));
#5754 = VECTOR('',#5755,1.);
#5755 = DIRECTION('',(0.,-1.));
#5756 = ( GEOMETRIC_REPRESENTATION_CONTEXT(2) 
PARAMETRIC_REPRESENTATION_CONTEXT() REPRESENTATION_CONTEXT('2D SPACE',''
  ) );
#5757 = PCURVE('',#5267,#5758);
#5758 = DEFINITIONAL_REPRESENTATION('',(#5759),#5763);
#5759 = LINE('',#5760,#5761);
#5760 = CARTESIAN_POINT('',(0.,0.));
#5761 = VECTOR('',#5762,1.);
#5762 = DIRECTION('',(1.,0.));
#5763 = ( GEOMETRIC_REPRESENTATION_CONTEXT(2) 
PARAMETRIC_REPRESENTATION_CONTEXT() REPRESENTATION_CONTEXT('2D SPACE',''
  ) );
#5764 = ORIENTED_EDGE('',*,*,#5765,.T.);
#5765 = EDGE_CURVE('',#5743,#5766,#5768,.T.);
#5766 = VERTEX_POINT('',#5767);
#5767 = CARTESIAN_POINT('',(-55.,40.,2.449293598295E-15));
#5768 = SURFACE_CURVE('',#5769,(#5774,#5781),.PCURVE_S1.);
#5769 = CIRCLE('',#5770,5.);
#5770 = AXIS2_PLACEMENT_3D('',#5771,#5772,#5773);
#5771 = CARTESIAN_POINT('',(-55.,35.,2.143131898508E-15));
#5772 = DIRECTION('',(0.,6.123233995737E-17,-1.));
#5773 = DIRECTION('',(-1.,0.,0.));
#5774 = PCURVE('',#5214,#5775);
#5775 = DEFINITIONAL_REPRESENTATION('',(#5776),#5780);
#5776 = LINE('',#5777,#5778);
#5777 = CARTESIAN_POINT('',(0.,0.));
#5778 = VECTOR('',#5779,1.);
#5779 = DIRECTION('',(1.,-2.511022249557E-31));
#5780 = ( GEOMETRIC_REPRESENTATION_CONTEXT(2) 
PARAMETRIC_REPRESENTATION_CONTEXT() REPRESENTATION_CONTEXT('2D SPACE',''
  ) );
#5781 = PCURVE('',#4208,#5782);
#5782 = DEFINITIONAL_REPRESENTATION('',(#5783),#5787);
#5783 = CIRCLE('',#5784,5.);
#5784 = AXIS2_PLACEMENT_2D('',#5785,#5786);
#5785 = CARTESIAN_POINT('',(55.,35.));
#5786 = DIRECTION('',(1.,0.));
#5787 = ( GEOMETRIC_REPRESENTATION_CONTEXT(2) 
PARAMETRIC_REPRESENTATION_CONTEXT() REPRESENTATION_CONTEXT('2D SPACE',''
  ) );
#5788 = ORIENTED_EDGE('',*,*,#5789,.T.);
#5789 = EDGE_CURVE('',#5766,#5198,#5790,.T.);
#5790 = SURFACE_CURVE('',#5791,(#5795,#5802),.PCURVE_S1.);
#5791 = LINE('',#5792,#5793);
#5792 = CARTESIAN_POINT('',(-55.,40.,2.449293598295E-15));
#5793 = VECTOR('',#5794,1.);
#5794 = DIRECTION('',(0.,6.123233995737E-17,-1.));
#5795 = PCURVE('',#5214,#5796);
#5796 = DEFINITIONAL_REPRESENTATION('',(#5797),#5801);
#5797 = LINE('',#5798,#5799);
#5798 = CARTESIAN_POINT('',(1.570796326795,8.283039504821E-30));
#5799 = VECTOR('',#5800,1.);
#5800 = DIRECTION('',(0.,1.));
#5801 = ( GEOMETRIC_REPRESENTATION_CONTEXT(2) 
PARAMETRIC_REPRESENTATION_CONTEXT() REPRESENTATION_CONTEXT('2D SPACE',''
  ) );
#5802 = PCURVE('',#5725,#5803);
#5803 = DEFINITIONAL_REPRESENTATION('',(#5804),#5808);
#5804 = LINE('',#5805,#5806);
#5805 = CARTESIAN_POINT('',(0.,55.));
#5806 = VECTOR('',#5807,1.);
#5807 = DIRECTION('',(1.,0.));
#5808 = ( GEOMETRIC_REPRESENTATION_CONTEXT(2) 
PARAMETRIC_REPRESENTATION_CONTEXT() REPRESENTATION_CONTEXT('2D SPACE',''
  ) );
#5809 = ADVANCED_FACE('',(#5810),#5267,.T.);
#5810 = FACE_BOUND('',#5811,.T.);
#5811 = EDGE_LOOP('',(#5812,#5813,#5836,#5857));
#5812 = ORIENTED_EDGE('',*,*,#5253,.T.);
#5813 = ORIENTED_EDGE('',*,*,#5814,.F.);
#5814 = EDGE_CURVE('',#5815,#5118,#5817,.T.);
#5815 = VERTEX_POINT('',#5816);
#5816 = CARTESIAN_POINT('',(-60.,-35.,-2.143131898508E-15));
#5817 = SURFACE_CURVE('',#5818,(#5822,#5829),.PCURVE_S1.);
#5818 = LINE('',#5819,#5820);
#5819 = CARTESIAN_POINT('',(-60.,-35.,-2.143131898508E-15));
#5820 = VECTOR('',#5821,1.);
#5821 = DIRECTION('',(0.,6.123233995737E-17,-1.));
#5822 = PCURVE('',#5267,#5823);
#5823 = DEFINITIONAL_REPRESENTATION('',(#5824),#5828);
#5824 = LINE('',#5825,#5826);
#5825 = CARTESIAN_POINT('',(-7.88860905221E-31,-70.));
#5826 = VECTOR('',#5827,1.);
#5827 = DIRECTION('',(-1.,0.));
#5828 = ( GEOMETRIC_REPRESENTATION_CONTEXT(2) 
PARAMETRIC_REPRESENTATION_CONTEXT() REPRESENTATION_CONTEXT('2D SPACE',''
  ) );
#5829 = PCURVE('',#5134,#5830);
#5830 = DEFINITIONAL_REPRESENTATION('',(#5831),#5835);
#5831 = LINE('',#5832,#5833);
#5832 = CARTESIAN_POINT('',(1.570796326795,0.));
#5833 = VECTOR('',#5834,1.);
#5834 = DIRECTION('',(0.,1.));
#5835 = ( GEOMETRIC_REPRESENTATION_CONTEXT(2) 
PARAMETRIC_REPRESENTATION_CONTEXT() REPRESENTATION_CONTEXT('2D SPACE',''
  ) );
#5836 = ORIENTED_EDGE('',*,*,#5837,.T.);
#5837 = EDGE_CURVE('',#5815,#5743,#5838,.T.);
#5838 = SURFACE_CURVE('',#5839,(#5843,#5850),.PCURVE_S1.);
#5839 = LINE('',#5840,#5841);
#5840 = CARTESIAN_POINT('',(-60.,35.,2.143131898508E-15));
#5841 = VECTOR('',#5842,1.);
#5842 = DIRECTION('',(0.,1.,6.123233995737E-17));
#5843 = PCURVE('',#5267,#5844);
#5844 = DEFINITIONAL_REPRESENTATION('',(#5845),#5849);
#5845 = LINE('',#5846,#5847);
#5846 = CARTESIAN_POINT('',(0.,0.));
#5847 = VECTOR('',#5848,1.);
#5848 = DIRECTION('',(0.,1.));
#5849 = ( GEOMETRIC_REPRESENTATION_CONTEXT(2) 
PARAMETRIC_REPRESENTATION_CONTEXT() REPRESENTATION_CONTEXT('2D SPACE',''
  ) );
#5850 = PCURVE('',#4208,#5851);
#5851 = DEFINITIONAL_REPRESENTATION('',(#5852),#5856);
#5852 = LINE('',#5853,#5854);
#5853 = CARTESIAN_POINT('',(60.,35.));
#5854 = VECTOR('',#5855,1.);
#5855 = DIRECTION('',(0.,1.));
#5856 = ( GEOMETRIC_REPRESENTATION_CONTEXT(2) 
PARAMETRIC_REPRESENTATION_CONTEXT() REPRESENTATION_CONTEXT('2D SPACE',''
  ) );
#5857 = ORIENTED_EDGE('',*,*,#5742,.F.);
#5858 = ADVANCED_FACE('',(#5859),#5134,.T.);
#5859 = FACE_BOUND('',#5860,.T.);
#5860 = EDGE_LOOP('',(#5861,#5862,#5885,#5907));
#5861 = ORIENTED_EDGE('',*,*,#5117,.T.);
#5862 = ORIENTED_EDGE('',*,*,#5863,.T.);
#5863 = EDGE_CURVE('',#5094,#5864,#5866,.T.);
#5864 = VERTEX_POINT('',#5865);
#5865 = CARTESIAN_POINT('',(-55.,-40.,-2.449293598295E-15));
#5866 = SURFACE_CURVE('',#5867,(#5871,#5878),.PCURVE_S1.);
#5867 = LINE('',#5868,#5869);
#5868 = CARTESIAN_POINT('',(-55.,-40.,-2.449293598295E-15));
#5869 = VECTOR('',#5870,1.);
#5870 = DIRECTION('',(0.,-6.123233995737E-17,1.));
#5871 = PCURVE('',#5134,#5872);
#5872 = DEFINITIONAL_REPRESENTATION('',(#5873),#5877);
#5873 = LINE('',#5874,#5875);
#5874 = CARTESIAN_POINT('',(0.,0.));
#5875 = VECTOR('',#5876,1.);
#5876 = DIRECTION('',(0.,-1.));
#5877 = ( GEOMETRIC_REPRESENTATION_CONTEXT(2) 
PARAMETRIC_REPRESENTATION_CONTEXT() REPRESENTATION_CONTEXT('2D SPACE',''
  ) );
#5878 = PCURVE('',#5522,#5879);
#5879 = DEFINITIONAL_REPRESENTATION('',(#5880),#5884);
#5880 = LINE('',#5881,#5882);
#5881 = CARTESIAN_POINT('',(0.,0.));
#5882 = VECTOR('',#5883,1.);
#5883 = DIRECTION('',(1.,0.));
#5884 = ( GEOMETRIC_REPRESENTATION_CONTEXT(2) 
PARAMETRIC_REPRESENTATION_CONTEXT() REPRESENTATION_CONTEXT('2D SPACE',''
  ) );
#5885 = ORIENTED_EDGE('',*,*,#5886,.T.);
#5886 = EDGE_CURVE('',#5864,#5815,#5887,.T.);
#5887 = SURFACE_CURVE('',#5888,(#5893,#5900),.PCURVE_S1.);
#5888 = CIRCLE('',#5889,5.);
#5889 = AXIS2_PLACEMENT_3D('',#5890,#5891,#5892);
#5890 = CARTESIAN_POINT('',(-55.,-35.,-2.143131898508E-15));
#5891 = DIRECTION('',(0.,6.123233995737E-17,-1.));
#5892 = DIRECTION('',(-1.,0.,0.));
#5893 = PCURVE('',#5134,#5894);
#5894 = DEFINITIONAL_REPRESENTATION('',(#5895),#5899);
#5895 = LINE('',#5896,#5897);
#5896 = CARTESIAN_POINT('',(-4.712388980385,1.577721810442E-30));
#5897 = VECTOR('',#5898,1.);
#5898 = DIRECTION('',(1.,-2.511022249557E-31));
#5899 = ( GEOMETRIC_REPRESENTATION_CONTEXT(2) 
PARAMETRIC_REPRESENTATION_CONTEXT() REPRESENTATION_CONTEXT('2D SPACE',''
  ) );
#5900 = PCURVE('',#4208,#5901);
#5901 = DEFINITIONAL_REPRESENTATION('',(#5902),#5906);
#5902 = CIRCLE('',#5903,5.);
#5903 = AXIS2_PLACEMENT_2D('',#5904,#5905);
#5904 = CARTESIAN_POINT('',(55.,-35.));
#5905 = DIRECTION('',(1.,0.));
#5906 = ( GEOMETRIC_REPRESENTATION_CONTEXT(2) 
PARAMETRIC_REPRESENTATION_CONTEXT() REPRESENTATION_CONTEXT('2D SPACE',''
  ) );
#5907 = ORIENTED_EDGE('',*,*,#5814,.T.);
#5908 = ADVANCED_FACE('',(#5909),#5522,.T.);
#5909 = FACE_BOUND('',#5910,.T.);
#5910 = EDGE_LOOP('',(#5911,#5912,#5935,#5956));
#5911 = ORIENTED_EDGE('',*,*,#5508,.T.);
#5912 = ORIENTED_EDGE('',*,*,#5913,.F.);
#5913 = EDGE_CURVE('',#5914,#5485,#5916,.T.);
#5914 = VERTEX_POINT('',#5915);
#5915 = CARTESIAN_POINT('',(55.,-40.,-2.449293598295E-15));
#5916 = SURFACE_CURVE('',#5917,(#5921,#5928),.PCURVE_S1.);
#5917 = LINE('',#5918,#5919);
#5918 = CARTESIAN_POINT('',(55.,-40.,-2.449293598295E-15));
#5919 = VECTOR('',#5920,1.);
#5920 = DIRECTION('',(0.,6.123233995737E-17,-1.));
#5921 = PCURVE('',#5522,#5922);
#5922 = DEFINITIONAL_REPRESENTATION('',(#5923),#5927);
#5923 = LINE('',#5924,#5925);
#5924 = CARTESIAN_POINT('',(0.,-110.));
#5925 = VECTOR('',#5926,1.);
#5926 = DIRECTION('',(-1.,-0.));
#5927 = ( GEOMETRIC_REPRESENTATION_CONTEXT(2) 
PARAMETRIC_REPRESENTATION_CONTEXT() REPRESENTATION_CONTEXT('2D SPACE',''
  ) );
#5928 = PCURVE('',#5578,#5929);
#5929 = DEFINITIONAL_REPRESENTATION('',(#5930),#5934);
#5930 = LINE('',#5931,#5932);
#5931 = CARTESIAN_POINT('',(1.570796326795,-8.283039504821E-30));
#5932 = VECTOR('',#5933,1.);
#5933 = DIRECTION('',(0.,1.));
#5934 = ( GEOMETRIC_REPRESENTATION_CONTEXT(2) 
PARAMETRIC_REPRESENTATION_CONTEXT() REPRESENTATION_CONTEXT('2D SPACE',''
  ) );
#5935 = ORIENTED_EDGE('',*,*,#5936,.T.);
#5936 = EDGE_CURVE('',#5914,#5864,#5937,.T.);
#5937 = SURFACE_CURVE('',#5938,(#5942,#5949),.PCURVE_S1.);
#5938 = LINE('',#5939,#5940);
#5939 = CARTESIAN_POINT('',(-55.,-40.,-2.449293598295E-15));
#5940 = VECTOR('',#5941,1.);
#5941 = DIRECTION('',(-1.,0.,0.));
#5942 = PCURVE('',#5522,#5943);
#5943 = DEFINITIONAL_REPRESENTATION('',(#5944),#5948);
#5944 = LINE('',#5945,#5946);
#5945 = CARTESIAN_POINT('',(0.,0.));
#5946 = VECTOR('',#5947,1.);
#5947 = DIRECTION('',(0.,1.));
#5948 = ( GEOMETRIC_REPRESENTATION_CONTEXT(2) 
PARAMETRIC_REPRESENTATION_CONTEXT() REPRESENTATION_CONTEXT('2D SPACE',''
  ) );
#5949 = PCURVE('',#4208,#5950);
#5950 = DEFINITIONAL_REPRESENTATION('',(#5951),#5955);
#5951 = LINE('',#5952,#5953);
#5952 = CARTESIAN_POINT('',(55.,-40.));
#5953 = VECTOR('',#5954,1.);
#5954 = DIRECTION('',(1.,0.));
#5955 = ( GEOMETRIC_REPRESENTATION_CONTEXT(2) 
PARAMETRIC_REPRESENTATION_CONTEXT() REPRESENTATION_CONTEXT('2D SPACE',''
  ) );
#5956 = ORIENTED_EDGE('',*,*,#5863,.F.);
#5957 = ADVANCED_FACE('',(#5958),#1605,.T.);
#5958 = FACE_BOUND('',#5959,.T.);
#5959 = EDGE_LOOP('',(#5960,#5961,#5962,#5984,#5985,#5986));
#5960 = ORIENTED_EDGE('',*,*,#1812,.T.);
#5961 = ORIENTED_EDGE('',*,*,#5407,.T.);
#5962 = ORIENTED_EDGE('',*,*,#5963,.T.);
#5963 = EDGE_CURVE('',#5385,#5336,#5964,.T.);
#5964 = SURFACE_CURVE('',#5965,(#5970,#5977),.PCURVE_S1.);
#5965 = CIRCLE('',#5966,5.5);
#5966 = AXIS2_PLACEMENT_3D('',#5967,#5968,#5969);
#5967 = CARTESIAN_POINT('',(-55.375,35.3,2.));
#5968 = DIRECTION('',(0.,6.123233995737E-17,-1.));
#5969 = DIRECTION('',(-1.,0.,0.));
#5970 = PCURVE('',#1605,#5971);
#5971 = DEFINITIONAL_REPRESENTATION('',(#5972),#5976);
#5972 = LINE('',#5973,#5974);
#5973 = CARTESIAN_POINT('',(1.570796326795,0.));
#5974 = VECTOR('',#5975,1.);
#5975 = DIRECTION('',(1.,0.));
#5976 = ( GEOMETRIC_REPRESENTATION_CONTEXT(2) 
PARAMETRIC_REPRESENTATION_CONTEXT() REPRESENTATION_CONTEXT('2D SPACE',''
  ) );
#5977 = PCURVE('',#1371,#5978);
#5978 = DEFINITIONAL_REPRESENTATION('',(#5979),#5983);
#5979 = CIRCLE('',#5980,5.5);
#5980 = AXIS2_PLACEMENT_2D('',#5981,#5982);
#5981 = CARTESIAN_POINT('',(55.351149370361,35.3));
#5982 = DIRECTION('',(1.,0.));
#5983 = ( GEOMETRIC_REPRESENTATION_CONTEXT(2) 
PARAMETRIC_REPRESENTATION_CONTEXT() REPRESENTATION_CONTEXT('2D SPACE',''
  ) );
#5984 = ORIENTED_EDGE('',*,*,#5335,.T.);
#5985 = ORIENTED_EDGE('',*,*,#1566,.T.);
#5986 = ORIENTED_EDGE('',*,*,#1664,.F.);
#5987 = ADVANCED_FACE('',(#5988),#2537,.T.);
#5988 = FACE_BOUND('',#5989,.T.);
#5989 = EDGE_LOOP('',(#5990,#5991,#5992,#6014,#6015,#6016));
#5990 = ORIENTED_EDGE('',*,*,#2714,.T.);
#5991 = ORIENTED_EDGE('',*,*,#5309,.T.);
#5992 = ORIENTED_EDGE('',*,*,#5993,.T.);
#5993 = EDGE_CURVE('',#5287,#5434,#5994,.T.);
#5994 = SURFACE_CURVE('',#5995,(#6000,#6007),.PCURVE_S1.);
#5995 = CIRCLE('',#5996,5.5);
#5996 = AXIS2_PLACEMENT_3D('',#5997,#5998,#5999);
#5997 = CARTESIAN_POINT('',(-55.375,-35.3,2.));
#5998 = DIRECTION('',(0.,6.123233995737E-17,-1.));
#5999 = DIRECTION('',(-1.,0.,0.));
#6000 = PCURVE('',#2537,#6001);
#6001 = DEFINITIONAL_REPRESENTATION('',(#6002),#6006);
#6002 = LINE('',#6003,#6004);
#6003 = CARTESIAN_POINT('',(3.14159265359,0.));
#6004 = VECTOR('',#6005,1.);
#6005 = DIRECTION('',(1.,0.));
#6006 = ( GEOMETRIC_REPRESENTATION_CONTEXT(2) 
PARAMETRIC_REPRESENTATION_CONTEXT() REPRESENTATION_CONTEXT('2D SPACE',''
  ) );
#6007 = PCURVE('',#1371,#6008);
#6008 = DEFINITIONAL_REPRESENTATION('',(#6009),#6013);
#6009 = CIRCLE('',#6010,5.5);
#6010 = AXIS2_PLACEMENT_2D('',#6011,#6012);
#6011 = CARTESIAN_POINT('',(55.351149370361,-35.3));
#6012 = DIRECTION('',(1.,0.));
#6013 = ( GEOMETRIC_REPRESENTATION_CONTEXT(2) 
PARAMETRIC_REPRESENTATION_CONTEXT() REPRESENTATION_CONTEXT('2D SPACE',''
  ) );
#6014 = ORIENTED_EDGE('',*,*,#5433,.T.);
#6015 = ORIENTED_EDGE('',*,*,#2498,.T.);
#6016 = ORIENTED_EDGE('',*,*,#2596,.F.);
#6017 = ADVANCED_FACE('',(#6018),#2993,.T.);
#6018 = FACE_BOUND('',#6019,.T.);
#6019 = EDGE_LOOP('',(#6020,#6021,#6043,#6044,#6045,#6046));
#6020 = ORIENTED_EDGE('',*,*,#3288,.F.);
#6021 = ORIENTED_EDGE('',*,*,#6022,.T.);
#6022 = EDGE_CURVE('',#3289,#3337,#6023,.T.);
#6023 = SURFACE_CURVE('',#6024,(#6029,#6036),.PCURVE_S1.);
#6024 = CIRCLE('',#6025,5.5);
#6025 = AXIS2_PLACEMENT_3D('',#6026,#6027,#6028);
#6026 = CARTESIAN_POINT('',(55.375,-35.3,2.));
#6027 = DIRECTION('',(0.,6.123233995737E-17,-1.));
#6028 = DIRECTION('',(-1.,0.,0.));
#6029 = PCURVE('',#2993,#6030);
#6030 = DEFINITIONAL_REPRESENTATION('',(#6031),#6035);
#6031 = LINE('',#6032,#6033);
#6032 = CARTESIAN_POINT('',(4.712388980385,0.));
#6033 = VECTOR('',#6034,1.);
#6034 = DIRECTION('',(1.,0.));
#6035 = ( GEOMETRIC_REPRESENTATION_CONTEXT(2) 
PARAMETRIC_REPRESENTATION_CONTEXT() REPRESENTATION_CONTEXT('2D SPACE',''
  ) );
#6036 = PCURVE('',#1371,#6037);
#6037 = DEFINITIONAL_REPRESENTATION('',(#6038),#6042);
#6038 = CIRCLE('',#6039,5.5);
#6039 = AXIS2_PLACEMENT_2D('',#6040,#6041);
#6040 = CARTESIAN_POINT('',(-55.39885062963,-35.3));
#6041 = DIRECTION('',(1.,0.));
#6042 = ( GEOMETRIC_REPRESENTATION_CONTEXT(2) 
PARAMETRIC_REPRESENTATION_CONTEXT() REPRESENTATION_CONTEXT('2D SPACE',''
  ) );
#6043 = ORIENTED_EDGE('',*,*,#3336,.T.);
#6044 = ORIENTED_EDGE('',*,*,#2947,.T.);
#6045 = ORIENTED_EDGE('',*,*,#3146,.F.);
#6046 = ORIENTED_EDGE('',*,*,#3217,.T.);
#6047 = ADVANCED_FACE('',(#6048),#3585,.T.);
#6048 = FACE_BOUND('',#6049,.T.);
#6049 = EDGE_LOOP('',(#6050,#6051,#6073,#6074,#6075,#6076));
#6050 = ORIENTED_EDGE('',*,*,#3830,.F.);
#6051 = ORIENTED_EDGE('',*,*,#6052,.T.);
#6052 = EDGE_CURVE('',#3831,#3879,#6053,.T.);
#6053 = SURFACE_CURVE('',#6054,(#6059,#6066),.PCURVE_S1.);
#6054 = CIRCLE('',#6055,5.5);
#6055 = AXIS2_PLACEMENT_3D('',#6056,#6057,#6058);
#6056 = CARTESIAN_POINT('',(55.375,35.3,2.));
#6057 = DIRECTION('',(0.,6.123233995737E-17,-1.));
#6058 = DIRECTION('',(-1.,0.,0.));
#6059 = PCURVE('',#3585,#6060);
#6060 = DEFINITIONAL_REPRESENTATION('',(#6061),#6065);
#6061 = LINE('',#6062,#6063);
#6062 = CARTESIAN_POINT('',(0.,0.));
#6063 = VECTOR('',#6064,1.);
#6064 = DIRECTION('',(1.,0.));
#6065 = ( GEOMETRIC_REPRESENTATION_CONTEXT(2) 
PARAMETRIC_REPRESENTATION_CONTEXT() REPRESENTATION_CONTEXT('2D SPACE',''
  ) );
#6066 = PCURVE('',#1371,#6067);
#6067 = DEFINITIONAL_REPRESENTATION('',(#6068),#6072);
#6068 = CIRCLE('',#6069,5.5);
#6069 = AXIS2_PLACEMENT_2D('',#6070,#6071);
#6070 = CARTESIAN_POINT('',(-55.39885062963,35.3));
#6071 = DIRECTION('',(1.,0.));
#6072 = ( GEOMETRIC_REPRESENTATION_CONTEXT(2) 
PARAMETRIC_REPRESENTATION_CONTEXT() REPRESENTATION_CONTEXT('2D SPACE',''
  ) );
#6073 = ORIENTED_EDGE('',*,*,#3878,.T.);
#6074 = ORIENTED_EDGE('',*,*,#3544,.T.);
#6075 = ORIENTED_EDGE('',*,*,#3688,.F.);
#6076 = ORIENTED_EDGE('',*,*,#3759,.T.);
#6077 = ADVANCED_FACE('',(#6078),#6093,.T.);
#6078 = FACE_BOUND('',#6079,.T.);
#6079 = EDGE_LOOP('',(#6080,#6115,#6143,#6171));
#6080 = ORIENTED_EDGE('',*,*,#6081,.F.);
#6081 = EDGE_CURVE('',#6082,#6084,#6086,.T.);
#6082 = VERTEX_POINT('',#6083);
#6083 = CARTESIAN_POINT('',(-55.87482339034,31.3,2.));
#6084 = VERTEX_POINT('',#6085);
#6085 = CARTESIAN_POINT('',(-57.37482339034,29.8,2.));
#6086 = SURFACE_CURVE('',#6087,(#6092,#6104),.PCURVE_S1.);
#6087 = CIRCLE('',#6088,1.5);
#6088 = AXIS2_PLACEMENT_3D('',#6089,#6090,#6091);
#6089 = CARTESIAN_POINT('',(-55.87482339034,29.8,2.));
#6090 = DIRECTION('',(0.,-6.123233995737E-17,1.));
#6091 = DIRECTION('',(1.,0.,0.));
#6092 = PCURVE('',#6093,#6098);
#6093 = CYLINDRICAL_SURFACE('',#6094,1.5);
#6094 = AXIS2_PLACEMENT_3D('',#6095,#6096,#6097);
#6095 = CARTESIAN_POINT('',(-55.87482339034,29.8,1.82472373073E-15));
#6096 = DIRECTION('',(0.,-6.123233995737E-17,1.));
#6097 = DIRECTION('',(0.,-1.,-6.123233995737E-17));
#6098 = DEFINITIONAL_REPRESENTATION('',(#6099),#6103);
#6099 = LINE('',#6100,#6101);
#6100 = CARTESIAN_POINT('',(1.570796326795,2.));
#6101 = VECTOR('',#6102,1.);
#6102 = DIRECTION('',(1.,1.413579858428E-16));
#6103 = ( GEOMETRIC_REPRESENTATION_CONTEXT(2) 
PARAMETRIC_REPRESENTATION_CONTEXT() REPRESENTATION_CONTEXT('2D SPACE',''
  ) );
#6104 = PCURVE('',#1371,#6105);
#6105 = DEFINITIONAL_REPRESENTATION('',(#6106),#6114);
#6106 = ( BOUNDED_CURVE() B_SPLINE_CURVE(2,(#6107,#6108,#6109,#6110,
#6111,#6112,#6113),.UNSPECIFIED.,.T.,.F.) B_SPLINE_CURVE_WITH_KNOTS((1,2
    ,2,2,2,1),(-2.094395102393,0.,2.094395102393,4.188790204786,
6.28318530718,8.377580409573),.UNSPECIFIED.) CURVE() 
GEOMETRIC_REPRESENTATION_ITEM() RATIONAL_B_SPLINE_CURVE((1.,0.5,1.,0.5,
1.,0.5,1.)) REPRESENTATION_ITEM('') );
#6107 = CARTESIAN_POINT('',(54.350972760709,29.8));
#6108 = CARTESIAN_POINT('',(54.350972760709,32.398076211354));
#6109 = CARTESIAN_POINT('',(56.600972760709,31.099038105677));
#6110 = CARTESIAN_POINT('',(58.850972760709,29.8));
#6111 = CARTESIAN_POINT('',(56.600972760709,28.500961894324));
#6112 = CARTESIAN_POINT('',(54.350972760709,27.201923788647));
#6113 = CARTESIAN_POINT('',(54.350972760709,29.8));
#6114 = ( GEOMETRIC_REPRESENTATION_CONTEXT(2) 
PARAMETRIC_REPRESENTATION_CONTEXT() REPRESENTATION_CONTEXT('2D SPACE',''
  ) );
#6115 = ORIENTED_EDGE('',*,*,#6116,.T.);
#6116 = EDGE_CURVE('',#6082,#6117,#6119,.T.);
#6117 = VERTEX_POINT('',#6118);
#6118 = CARTESIAN_POINT('',(-55.87482339034,31.3,1.916572240666E-15));
#6119 = SURFACE_CURVE('',#6120,(#6124,#6131),.PCURVE_S1.);
#6120 = LINE('',#6121,#6122);
#6121 = CARTESIAN_POINT('',(-55.87482339034,31.3,1.916572240666E-15));
#6122 = VECTOR('',#6123,1.);
#6123 = DIRECTION('',(0.,6.123233995737E-17,-1.));
#6124 = PCURVE('',#6093,#6125);
#6125 = DEFINITIONAL_REPRESENTATION('',(#6126),#6130);
#6126 = LINE('',#6127,#6128);
#6127 = CARTESIAN_POINT('',(3.14159265359,0.));
#6128 = VECTOR('',#6129,1.);
#6129 = DIRECTION('',(0.,-1.));
#6130 = ( GEOMETRIC_REPRESENTATION_CONTEXT(2) 
PARAMETRIC_REPRESENTATION_CONTEXT() REPRESENTATION_CONTEXT('2D SPACE',''
  ) );
#6131 = PCURVE('',#6132,#6137);
#6132 = PLANE('',#6133);
#6133 = AXIS2_PLACEMENT_3D('',#6134,#6135,#6136);
#6134 = CARTESIAN_POINT('',(-55.87482339034,31.3,1.916572240666E-15));
#6135 = DIRECTION('',(-8.884922523158E-15,1.,6.123233995737E-17));
#6136 = DIRECTION('',(0.,6.123233995737E-17,-1.));
#6137 = DEFINITIONAL_REPRESENTATION('',(#6138),#6142);
#6138 = LINE('',#6139,#6140);
#6139 = CARTESIAN_POINT('',(0.,-0.));
#6140 = VECTOR('',#6141,1.);
#6141 = DIRECTION('',(1.,0.));
#6142 = ( GEOMETRIC_REPRESENTATION_CONTEXT(2) 
PARAMETRIC_REPRESENTATION_CONTEXT() REPRESENTATION_CONTEXT('2D SPACE',''
  ) );
#6143 = ORIENTED_EDGE('',*,*,#6144,.T.);
#6144 = EDGE_CURVE('',#6117,#6145,#6147,.T.);
#6145 = VERTEX_POINT('',#6146);
#6146 = CARTESIAN_POINT('',(-57.37482339034,29.8,1.82472373073E-15));
#6147 = SURFACE_CURVE('',#6148,(#6153,#6160),.PCURVE_S1.);
#6148 = CIRCLE('',#6149,1.5);
#6149 = AXIS2_PLACEMENT_3D('',#6150,#6151,#6152);
#6150 = CARTESIAN_POINT('',(-55.87482339034,29.8,1.82472373073E-15));
#6151 = DIRECTION('',(0.,-6.123233995737E-17,1.));
#6152 = DIRECTION('',(1.,0.,0.));
#6153 = PCURVE('',#6093,#6154);
#6154 = DEFINITIONAL_REPRESENTATION('',(#6155),#6159);
#6155 = LINE('',#6156,#6157);
#6156 = CARTESIAN_POINT('',(1.570796326795,0.));
#6157 = VECTOR('',#6158,1.);
#6158 = DIRECTION('',(1.,0.));
#6159 = ( GEOMETRIC_REPRESENTATION_CONTEXT(2) 
PARAMETRIC_REPRESENTATION_CONTEXT() REPRESENTATION_CONTEXT('2D SPACE',''
  ) );
#6160 = PCURVE('',#4208,#6161);
#6161 = DEFINITIONAL_REPRESENTATION('',(#6162),#6170);
#6162 = ( BOUNDED_CURVE() B_SPLINE_CURVE(2,(#6163,#6164,#6165,#6166,
#6167,#6168,#6169),.UNSPECIFIED.,.T.,.F.) B_SPLINE_CURVE_WITH_KNOTS((1,2
    ,2,2,2,1),(-2.094395102393,0.,2.094395102393,4.188790204786,
6.28318530718,8.377580409573),.UNSPECIFIED.) CURVE() 
GEOMETRIC_REPRESENTATION_ITEM() RATIONAL_B_SPLINE_CURVE((1.,0.5,1.,0.5,
1.,0.5,1.)) REPRESENTATION_ITEM('') );
#6163 = CARTESIAN_POINT('',(54.374823390348,29.8));
#6164 = CARTESIAN_POINT('',(54.374823390348,32.398076211353));
#6165 = CARTESIAN_POINT('',(56.624823390348,31.099038105677));
#6166 = CARTESIAN_POINT('',(58.874823390348,29.8));
#6167 = CARTESIAN_POINT('',(56.624823390348,28.500961894323));
#6168 = CARTESIAN_POINT('',(54.374823390348,27.201923788647));
#6169 = CARTESIAN_POINT('',(54.374823390348,29.8));
#6170 = ( GEOMETRIC_REPRESENTATION_CONTEXT(2) 
PARAMETRIC_REPRESENTATION_CONTEXT() REPRESENTATION_CONTEXT('2D SPACE',''
  ) );
#6171 = ORIENTED_EDGE('',*,*,#6172,.T.);
#6172 = EDGE_CURVE('',#6145,#6084,#6173,.T.);
#6173 = SURFACE_CURVE('',#6174,(#6178,#6185),.PCURVE_S1.);
#6174 = LINE('',#6175,#6176);
#6175 = CARTESIAN_POINT('',(-57.37482339034,29.8,1.82472373073E-15));
#6176 = VECTOR('',#6177,1.);
#6177 = DIRECTION('',(0.,-6.123233995737E-17,1.));
#6178 = PCURVE('',#6093,#6179);
#6179 = DEFINITIONAL_REPRESENTATION('',(#6180),#6184);
#6180 = LINE('',#6181,#6182);
#6181 = CARTESIAN_POINT('',(4.712388980385,0.));
#6182 = VECTOR('',#6183,1.);
#6183 = DIRECTION('',(0.,1.));
#6184 = ( GEOMETRIC_REPRESENTATION_CONTEXT(2) 
PARAMETRIC_REPRESENTATION_CONTEXT() REPRESENTATION_CONTEXT('2D SPACE',''
  ) );
#6185 = PCURVE('',#6186,#6191);
#6186 = PLANE('',#6187);
#6187 = AXIS2_PLACEMENT_3D('',#6188,#6189,#6190);
#6188 = CARTESIAN_POINT('',(-57.37482339034,0.,0.));
#6189 = DIRECTION('',(-1.,0.,0.));
#6190 = DIRECTION('',(0.,-6.123233995737E-17,1.));
#6191 = DEFINITIONAL_REPRESENTATION('',(#6192),#6196);
#6192 = LINE('',#6193,#6194);
#6193 = CARTESIAN_POINT('',(-7.099748146989E-30,29.8));
#6194 = VECTOR('',#6195,1.);
#6195 = DIRECTION('',(1.,0.));
#6196 = ( GEOMETRIC_REPRESENTATION_CONTEXT(2) 
PARAMETRIC_REPRESENTATION_CONTEXT() REPRESENTATION_CONTEXT('2D SPACE',''
  ) );
#6197 = ADVANCED_FACE('',(#6198),#6132,.T.);
#6198 = FACE_BOUND('',#6199,.T.);
#6199 = EDGE_LOOP('',(#6200,#6223,#6251,#6272));
#6200 = ORIENTED_EDGE('',*,*,#6201,.F.);
#6201 = EDGE_CURVE('',#6202,#6082,#6204,.T.);
#6202 = VERTEX_POINT('',#6203);
#6203 = CARTESIAN_POINT('',(-55.375,31.3,2.));
#6204 = SURFACE_CURVE('',#6205,(#6209,#6216),.PCURVE_S1.);
#6205 = LINE('',#6206,#6207);
#6206 = CARTESIAN_POINT('',(-55.87482339034,31.3,2.));
#6207 = VECTOR('',#6208,1.);
#6208 = DIRECTION('',(-1.,-8.884922523158E-15,-5.440445964329E-31));
#6209 = PCURVE('',#6132,#6210);
#6210 = DEFINITIONAL_REPRESENTATION('',(#6211),#6215);
#6211 = LINE('',#6212,#6213);
#6212 = CARTESIAN_POINT('',(-2.,-1.088089192866E-30));
#6213 = VECTOR('',#6214,1.);
#6214 = DIRECTION('',(-2.627434620609E-46,1.));
#6215 = ( GEOMETRIC_REPRESENTATION_CONTEXT(2) 
PARAMETRIC_REPRESENTATION_CONTEXT() REPRESENTATION_CONTEXT('2D SPACE',''
  ) );
#6216 = PCURVE('',#1371,#6217);
#6217 = DEFINITIONAL_REPRESENTATION('',(#6218),#6222);
#6218 = LINE('',#6219,#6220);
#6219 = CARTESIAN_POINT('',(55.850972760709,31.3));
#6220 = VECTOR('',#6221,1.);
#6221 = DIRECTION('',(1.,-8.884922523158E-15));
#6222 = ( GEOMETRIC_REPRESENTATION_CONTEXT(2) 
PARAMETRIC_REPRESENTATION_CONTEXT() REPRESENTATION_CONTEXT('2D SPACE',''
  ) );
#6223 = ORIENTED_EDGE('',*,*,#6224,.F.);
#6224 = EDGE_CURVE('',#6225,#6202,#6227,.T.);
#6225 = VERTEX_POINT('',#6226);
#6226 = CARTESIAN_POINT('',(-55.375,31.3,1.916572240666E-15));
#6227 = SURFACE_CURVE('',#6228,(#6232,#6239),.PCURVE_S1.);
#6228 = LINE('',#6229,#6230);
#6229 = CARTESIAN_POINT('',(-55.375,31.3,1.916572240666E-15));
#6230 = VECTOR('',#6231,1.);
#6231 = DIRECTION('',(0.,-6.123233995737E-17,1.));
#6232 = PCURVE('',#6132,#6233);
#6233 = DEFINITIONAL_REPRESENTATION('',(#6234),#6238);
#6234 = LINE('',#6235,#6236);
#6235 = CARTESIAN_POINT('',(-1.76889480859E-31,-0.499823390348));
#6236 = VECTOR('',#6237,1.);
#6237 = DIRECTION('',(-1.,0.));
#6238 = ( GEOMETRIC_REPRESENTATION_CONTEXT(2) 
PARAMETRIC_REPRESENTATION_CONTEXT() REPRESENTATION_CONTEXT('2D SPACE',''
  ) );
#6239 = PCURVE('',#6240,#6245);
#6240 = CYLINDRICAL_SURFACE('',#6241,4.);
#6241 = AXIS2_PLACEMENT_3D('',#6242,#6243,#6244);
#6242 = CARTESIAN_POINT('',(-55.375,35.3,2.161501600495E-15));
#6243 = DIRECTION('',(0.,-6.123233995737E-17,1.));
#6244 = DIRECTION('',(2.22044604925E-15,-1.,-6.123233995737E-17));
#6245 = DEFINITIONAL_REPRESENTATION('',(#6246),#6250);
#6246 = LINE('',#6247,#6248);
#6247 = CARTESIAN_POINT('',(0.,7.88860905221E-31));
#6248 = VECTOR('',#6249,1.);
#6249 = DIRECTION('',(0.,1.));
#6250 = ( GEOMETRIC_REPRESENTATION_CONTEXT(2) 
PARAMETRIC_REPRESENTATION_CONTEXT() REPRESENTATION_CONTEXT('2D SPACE',''
  ) );
#6251 = ORIENTED_EDGE('',*,*,#6252,.T.);
#6252 = EDGE_CURVE('',#6225,#6117,#6253,.T.);
#6253 = SURFACE_CURVE('',#6254,(#6258,#6265),.PCURVE_S1.);
#6254 = LINE('',#6255,#6256);
#6255 = CARTESIAN_POINT('',(0.,31.3,1.916572240666E-15));
#6256 = VECTOR('',#6257,1.);
#6257 = DIRECTION('',(-1.,0.,0.));
#6258 = PCURVE('',#6132,#6259);
#6259 = DEFINITIONAL_REPRESENTATION('',(#6260),#6264);
#6260 = LINE('',#6261,#6262);
#6261 = CARTESIAN_POINT('',(8.459119420142E-32,-55.87482339034));
#6262 = VECTOR('',#6263,1.);
#6263 = DIRECTION('',(0.,1.));
#6264 = ( GEOMETRIC_REPRESENTATION_CONTEXT(2) 
PARAMETRIC_REPRESENTATION_CONTEXT() REPRESENTATION_CONTEXT('2D SPACE',''
  ) );
#6265 = PCURVE('',#4208,#6266);
#6266 = DEFINITIONAL_REPRESENTATION('',(#6267),#6271);
#6267 = LINE('',#6268,#6269);
#6268 = CARTESIAN_POINT('',(0.,31.3));
#6269 = VECTOR('',#6270,1.);
#6270 = DIRECTION('',(1.,0.));
#6271 = ( GEOMETRIC_REPRESENTATION_CONTEXT(2) 
PARAMETRIC_REPRESENTATION_CONTEXT() REPRESENTATION_CONTEXT('2D SPACE',''
  ) );
#6272 = ORIENTED_EDGE('',*,*,#6116,.F.);
#6273 = ADVANCED_FACE('',(#6274),#6240,.F.);
#6274 = FACE_BOUND('',#6275,.F.);
#6275 = EDGE_LOOP('',(#6276,#6277,#6305,#6333));
#6276 = ORIENTED_EDGE('',*,*,#6224,.F.);
#6277 = ORIENTED_EDGE('',*,*,#6278,.T.);
#6278 = EDGE_CURVE('',#6225,#6279,#6281,.T.);
#6279 = VERTEX_POINT('',#6280);
#6280 = CARTESIAN_POINT('',(-51.375,35.3,2.161501600495E-15));
#6281 = SURFACE_CURVE('',#6282,(#6287,#6294),.PCURVE_S1.);
#6282 = CIRCLE('',#6283,4.);
#6283 = AXIS2_PLACEMENT_3D('',#6284,#6285,#6286);
#6284 = CARTESIAN_POINT('',(-55.375,35.3,2.161501600495E-15));
#6285 = DIRECTION('',(0.,-6.123233995737E-17,1.));
#6286 = DIRECTION('',(1.,0.,0.));
#6287 = PCURVE('',#6240,#6288);
#6288 = DEFINITIONAL_REPRESENTATION('',(#6289),#6293);
#6289 = LINE('',#6290,#6291);
#6290 = CARTESIAN_POINT('',(-4.712388980385,0.));
#6291 = VECTOR('',#6292,1.);
#6292 = DIRECTION('',(1.,0.));
#6293 = ( GEOMETRIC_REPRESENTATION_CONTEXT(2) 
PARAMETRIC_REPRESENTATION_CONTEXT() REPRESENTATION_CONTEXT('2D SPACE',''
  ) );
#6294 = PCURVE('',#4208,#6295);
#6295 = DEFINITIONAL_REPRESENTATION('',(#6296),#6304);
#6296 = ( BOUNDED_CURVE() B_SPLINE_CURVE(2,(#6297,#6298,#6299,#6300,
#6301,#6302,#6303),.UNSPECIFIED.,.T.,.F.) B_SPLINE_CURVE_WITH_KNOTS((1,2
    ,2,2,2,1),(-2.094395102393,0.,2.094395102393,4.188790204786,
6.28318530718,8.377580409573),.UNSPECIFIED.) CURVE() 
GEOMETRIC_REPRESENTATION_ITEM() RATIONAL_B_SPLINE_CURVE((1.,0.5,1.,0.5,
1.,0.5,1.)) REPRESENTATION_ITEM('') );
#6297 = CARTESIAN_POINT('',(51.375,35.3));
#6298 = CARTESIAN_POINT('',(51.375,42.228203230276));
#6299 = CARTESIAN_POINT('',(57.375,38.764101615138));
#6300 = CARTESIAN_POINT('',(63.375,35.3));
#6301 = CARTESIAN_POINT('',(57.375,31.835898384862));
#6302 = CARTESIAN_POINT('',(51.375,28.371796769724));
#6303 = CARTESIAN_POINT('',(51.375,35.3));
#6304 = ( GEOMETRIC_REPRESENTATION_CONTEXT(2) 
PARAMETRIC_REPRESENTATION_CONTEXT() REPRESENTATION_CONTEXT('2D SPACE',''
  ) );
#6305 = ORIENTED_EDGE('',*,*,#6306,.T.);
#6306 = EDGE_CURVE('',#6279,#6307,#6309,.T.);
#6307 = VERTEX_POINT('',#6308);
#6308 = CARTESIAN_POINT('',(-51.375,35.3,2.));
#6309 = SURFACE_CURVE('',#6310,(#6314,#6321),.PCURVE_S1.);
#6310 = LINE('',#6311,#6312);
#6311 = CARTESIAN_POINT('',(-51.375,35.3,2.161501600495E-15));
#6312 = VECTOR('',#6313,1.);
#6313 = DIRECTION('',(0.,-6.123233995737E-17,1.));
#6314 = PCURVE('',#6240,#6315);
#6315 = DEFINITIONAL_REPRESENTATION('',(#6316),#6320);
#6316 = LINE('',#6317,#6318);
#6317 = CARTESIAN_POINT('',(1.570796326795,0.));
#6318 = VECTOR('',#6319,1.);
#6319 = DIRECTION('',(0.,1.));
#6320 = ( GEOMETRIC_REPRESENTATION_CONTEXT(2) 
PARAMETRIC_REPRESENTATION_CONTEXT() REPRESENTATION_CONTEXT('2D SPACE',''
  ) );
#6321 = PCURVE('',#6322,#6327);
#6322 = PLANE('',#6323);
#6323 = AXIS2_PLACEMENT_3D('',#6324,#6325,#6326);
#6324 = CARTESIAN_POINT('',(-51.375,35.3,2.161501600495E-15));
#6325 = DIRECTION('',(-1.,-3.947459643112E-14,-2.41712190835E-30));
#6326 = DIRECTION('',(1.401298464325E-45,-6.123233995737E-17,1.));
#6327 = DEFINITIONAL_REPRESENTATION('',(#6328),#6332);
#6328 = LINE('',#6329,#6330);
#6329 = CARTESIAN_POINT('',(0.,0.));
#6330 = VECTOR('',#6331,1.);
#6331 = DIRECTION('',(1.,0.));
#6332 = ( GEOMETRIC_REPRESENTATION_CONTEXT(2) 
PARAMETRIC_REPRESENTATION_CONTEXT() REPRESENTATION_CONTEXT('2D SPACE',''
  ) );
#6333 = ORIENTED_EDGE('',*,*,#6334,.F.);
#6334 = EDGE_CURVE('',#6202,#6307,#6335,.T.);
#6335 = SURFACE_CURVE('',#6336,(#6341,#6348),.PCURVE_S1.);
#6336 = CIRCLE('',#6337,4.);
#6337 = AXIS2_PLACEMENT_3D('',#6338,#6339,#6340);
#6338 = CARTESIAN_POINT('',(-55.375,35.3,2.));
#6339 = DIRECTION('',(0.,-6.123233995737E-17,1.));
#6340 = DIRECTION('',(1.,0.,0.));
#6341 = PCURVE('',#6240,#6342);
#6342 = DEFINITIONAL_REPRESENTATION('',(#6343),#6347);
#6343 = LINE('',#6344,#6345);
#6344 = CARTESIAN_POINT('',(-4.712388980385,2.));
#6345 = VECTOR('',#6346,1.);
#6346 = DIRECTION('',(1.,0.));
#6347 = ( GEOMETRIC_REPRESENTATION_CONTEXT(2) 
PARAMETRIC_REPRESENTATION_CONTEXT() REPRESENTATION_CONTEXT('2D SPACE',''
  ) );
#6348 = PCURVE('',#1371,#6349);
#6349 = DEFINITIONAL_REPRESENTATION('',(#6350),#6358);
#6350 = ( BOUNDED_CURVE() B_SPLINE_CURVE(2,(#6351,#6352,#6353,#6354,
#6355,#6356,#6357),.UNSPECIFIED.,.T.,.F.) B_SPLINE_CURVE_WITH_KNOTS((1,2
    ,2,2,2,1),(-2.094395102393,0.,2.094395102393,4.188790204786,
6.28318530718,8.377580409573),.UNSPECIFIED.) CURVE() 
GEOMETRIC_REPRESENTATION_ITEM() RATIONAL_B_SPLINE_CURVE((1.,0.5,1.,0.5,
1.,0.5,1.)) REPRESENTATION_ITEM('') );
#6351 = CARTESIAN_POINT('',(51.351149370361,35.3));
#6352 = CARTESIAN_POINT('',(51.351149370361,42.228203230276));
#6353 = CARTESIAN_POINT('',(57.351149370361,38.764101615138));
#6354 = CARTESIAN_POINT('',(63.351149370361,35.3));
#6355 = CARTESIAN_POINT('',(57.351149370361,31.835898384862));
#6356 = CARTESIAN_POINT('',(51.351149370361,28.371796769725));
#6357 = CARTESIAN_POINT('',(51.351149370361,35.3));
#6358 = ( GEOMETRIC_REPRESENTATION_CONTEXT(2) 
PARAMETRIC_REPRESENTATION_CONTEXT() REPRESENTATION_CONTEXT('2D SPACE',''
  ) );
#6359 = ADVANCED_FACE('',(#6360),#6322,.T.);
#6360 = FACE_BOUND('',#6361,.T.);
#6361 = EDGE_LOOP('',(#6362,#6385,#6413,#6434));
#6362 = ORIENTED_EDGE('',*,*,#6363,.T.);
#6363 = EDGE_CURVE('',#6307,#6364,#6366,.T.);
#6364 = VERTEX_POINT('',#6365);
#6365 = CARTESIAN_POINT('',(-51.375,35.75,2.));
#6366 = SURFACE_CURVE('',#6367,(#6371,#6378),.PCURVE_S1.);
#6367 = LINE('',#6368,#6369);
#6368 = CARTESIAN_POINT('',(-51.375,35.3,2.));
#6369 = VECTOR('',#6370,1.);
#6370 = DIRECTION('',(-3.947459643112E-14,1.,6.123233995737E-17));
#6371 = PCURVE('',#6322,#6372);
#6372 = DEFINITIONAL_REPRESENTATION('',(#6373),#6377);
#6373 = LINE('',#6374,#6375);
#6374 = CARTESIAN_POINT('',(2.,1.224646799147E-16));
#6375 = VECTOR('',#6376,1.);
#6376 = DIRECTION('',(0.,1.));
#6377 = ( GEOMETRIC_REPRESENTATION_CONTEXT(2) 
PARAMETRIC_REPRESENTATION_CONTEXT() REPRESENTATION_CONTEXT('2D SPACE',''
  ) );
#6378 = PCURVE('',#1371,#6379);
#6379 = DEFINITIONAL_REPRESENTATION('',(#6380),#6384);
#6380 = LINE('',#6381,#6382);
#6381 = CARTESIAN_POINT('',(51.351149370361,35.3));
#6382 = VECTOR('',#6383,1.);
#6383 = DIRECTION('',(3.947459643112E-14,1.));
#6384 = ( GEOMETRIC_REPRESENTATION_CONTEXT(2) 
PARAMETRIC_REPRESENTATION_CONTEXT() REPRESENTATION_CONTEXT('2D SPACE',''
  ) );
#6385 = ORIENTED_EDGE('',*,*,#6386,.F.);
#6386 = EDGE_CURVE('',#6387,#6364,#6389,.T.);
#6387 = VERTEX_POINT('',#6388);
#6388 = CARTESIAN_POINT('',(-51.375,35.75,2.189056153476E-15));
#6389 = SURFACE_CURVE('',#6390,(#6394,#6401),.PCURVE_S1.);
#6390 = LINE('',#6391,#6392);
#6391 = CARTESIAN_POINT('',(-51.375,35.75,2.189056153476E-15));
#6392 = VECTOR('',#6393,1.);
#6393 = DIRECTION('',(0.,-6.123233995737E-17,1.));
#6394 = PCURVE('',#6322,#6395);
#6395 = DEFINITIONAL_REPRESENTATION('',(#6396),#6400);
#6396 = LINE('',#6397,#6398);
#6397 = CARTESIAN_POINT('',(-5.515863360725E-30,0.45));
#6398 = VECTOR('',#6399,1.);
#6399 = DIRECTION('',(1.,0.));
#6400 = ( GEOMETRIC_REPRESENTATION_CONTEXT(2) 
PARAMETRIC_REPRESENTATION_CONTEXT() REPRESENTATION_CONTEXT('2D SPACE',''
  ) );
#6401 = PCURVE('',#6402,#6407);
#6402 = CYLINDRICAL_SURFACE('',#6403,1.5);
#6403 = AXIS2_PLACEMENT_3D('',#6404,#6405,#6406);
#6404 = CARTESIAN_POINT('',(-49.875,35.75,2.189056153476E-15));
#6405 = DIRECTION('',(0.,-6.123233995737E-17,1.));
#6406 = DIRECTION('',(0.,-1.,-6.123233995737E-17));
#6407 = DEFINITIONAL_REPRESENTATION('',(#6408),#6412);
#6408 = LINE('',#6409,#6410);
#6409 = CARTESIAN_POINT('',(4.712388980385,0.));
#6410 = VECTOR('',#6411,1.);
#6411 = DIRECTION('',(0.,1.));
#6412 = ( GEOMETRIC_REPRESENTATION_CONTEXT(2) 
PARAMETRIC_REPRESENTATION_CONTEXT() REPRESENTATION_CONTEXT('2D SPACE',''
  ) );
#6413 = ORIENTED_EDGE('',*,*,#6414,.F.);
#6414 = EDGE_CURVE('',#6279,#6387,#6415,.T.);
#6415 = SURFACE_CURVE('',#6416,(#6420,#6427),.PCURVE_S1.);
#6416 = LINE('',#6417,#6418);
#6417 = CARTESIAN_POINT('',(-51.375,0.,0.));
#6418 = VECTOR('',#6419,1.);
#6419 = DIRECTION('',(0.,1.,6.123233995737E-17));
#6420 = PCURVE('',#6322,#6421);
#6421 = DEFINITIONAL_REPRESENTATION('',(#6422),#6426);
#6422 = LINE('',#6423,#6424);
#6423 = CARTESIAN_POINT('',(-3.944304526105E-31,-35.3));
#6424 = VECTOR('',#6425,1.);
#6425 = DIRECTION('',(0.,1.));
#6426 = ( GEOMETRIC_REPRESENTATION_CONTEXT(2) 
PARAMETRIC_REPRESENTATION_CONTEXT() REPRESENTATION_CONTEXT('2D SPACE',''
  ) );
#6427 = PCURVE('',#4208,#6428);
#6428 = DEFINITIONAL_REPRESENTATION('',(#6429),#6433);
#6429 = LINE('',#6430,#6431);
#6430 = CARTESIAN_POINT('',(51.375,0.));
#6431 = VECTOR('',#6432,1.);
#6432 = DIRECTION('',(0.,1.));
#6433 = ( GEOMETRIC_REPRESENTATION_CONTEXT(2) 
PARAMETRIC_REPRESENTATION_CONTEXT() REPRESENTATION_CONTEXT('2D SPACE',''
  ) );
#6434 = ORIENTED_EDGE('',*,*,#6306,.T.);
#6435 = ADVANCED_FACE('',(#6436),#6402,.T.);
#6436 = FACE_BOUND('',#6437,.T.);
#6437 = EDGE_LOOP('',(#6438,#6466,#6494,#6520));
#6438 = ORIENTED_EDGE('',*,*,#6439,.F.);
#6439 = EDGE_CURVE('',#6440,#6364,#6442,.T.);
#6440 = VERTEX_POINT('',#6441);
#6441 = CARTESIAN_POINT('',(-49.875,37.25,2.));
#6442 = SURFACE_CURVE('',#6443,(#6448,#6455),.PCURVE_S1.);
#6443 = CIRCLE('',#6444,1.5);
#6444 = AXIS2_PLACEMENT_3D('',#6445,#6446,#6447);
#6445 = CARTESIAN_POINT('',(-49.875,35.75,2.));
#6446 = DIRECTION('',(0.,-6.123233995737E-17,1.));
#6447 = DIRECTION('',(1.,0.,0.));
#6448 = PCURVE('',#6402,#6449);
#6449 = DEFINITIONAL_REPRESENTATION('',(#6450),#6454);
#6450 = LINE('',#6451,#6452);
#6451 = CARTESIAN_POINT('',(1.570796326795,2.));
#6452 = VECTOR('',#6453,1.);
#6453 = DIRECTION('',(1.,0.));
#6454 = ( GEOMETRIC_REPRESENTATION_CONTEXT(2) 
PARAMETRIC_REPRESENTATION_CONTEXT() REPRESENTATION_CONTEXT('2D SPACE',''
  ) );
#6455 = PCURVE('',#1371,#6456);
#6456 = DEFINITIONAL_REPRESENTATION('',(#6457),#6465);
#6457 = ( BOUNDED_CURVE() B_SPLINE_CURVE(2,(#6458,#6459,#6460,#6461,
#6462,#6463,#6464),.UNSPECIFIED.,.T.,.F.) B_SPLINE_CURVE_WITH_KNOTS((1,2
    ,2,2,2,1),(-2.094395102393,0.,2.094395102393,4.188790204786,
6.28318530718,8.377580409573),.UNSPECIFIED.) CURVE() 
GEOMETRIC_REPRESENTATION_ITEM() RATIONAL_B_SPLINE_CURVE((1.,0.5,1.,0.5,
1.,0.5,1.)) REPRESENTATION_ITEM('') );
#6458 = CARTESIAN_POINT('',(48.351149370361,35.75));
#6459 = CARTESIAN_POINT('',(48.351149370361,38.348076211354));
#6460 = CARTESIAN_POINT('',(50.601149370361,37.049038105677));
#6461 = CARTESIAN_POINT('',(52.851149370361,35.75));
#6462 = CARTESIAN_POINT('',(50.601149370361,34.450961894324));
#6463 = CARTESIAN_POINT('',(48.351149370361,33.151923788647));
#6464 = CARTESIAN_POINT('',(48.351149370361,35.75));
#6465 = ( GEOMETRIC_REPRESENTATION_CONTEXT(2) 
PARAMETRIC_REPRESENTATION_CONTEXT() REPRESENTATION_CONTEXT('2D SPACE',''
  ) );
#6466 = ORIENTED_EDGE('',*,*,#6467,.T.);
#6467 = EDGE_CURVE('',#6440,#6468,#6470,.T.);
#6468 = VERTEX_POINT('',#6469);
#6469 = CARTESIAN_POINT('',(-49.875,37.25,2.280904663412E-15));
#6470 = SURFACE_CURVE('',#6471,(#6475,#6482),.PCURVE_S1.);
#6471 = LINE('',#6472,#6473);
#6472 = CARTESIAN_POINT('',(-49.875,37.25,2.280904663412E-15));
#6473 = VECTOR('',#6474,1.);
#6474 = DIRECTION('',(0.,6.123233995737E-17,-1.));
#6475 = PCURVE('',#6402,#6476);
#6476 = DEFINITIONAL_REPRESENTATION('',(#6477),#6481);
#6477 = LINE('',#6478,#6479);
#6478 = CARTESIAN_POINT('',(3.14159265359,0.));
#6479 = VECTOR('',#6480,1.);
#6480 = DIRECTION('',(0.,-1.));
#6481 = ( GEOMETRIC_REPRESENTATION_CONTEXT(2) 
PARAMETRIC_REPRESENTATION_CONTEXT() REPRESENTATION_CONTEXT('2D SPACE',''
  ) );
#6482 = PCURVE('',#6483,#6488);
#6483 = PLANE('',#6484);
#6484 = AXIS2_PLACEMENT_3D('',#6485,#6486,#6487);
#6485 = CARTESIAN_POINT('',(0.,37.25,2.280904663412E-15));
#6486 = DIRECTION('',(-1.780808861554E-16,1.,6.123233995737E-17));
#6487 = DIRECTION('',(0.,6.123233995737E-17,-1.));
#6488 = DEFINITIONAL_REPRESENTATION('',(#6489),#6493);
#6489 = LINE('',#6490,#6491);
#6490 = CARTESIAN_POINT('',(-4.06514908925E-32,49.875));
#6491 = VECTOR('',#6492,1.);
#6492 = DIRECTION('',(1.,0.));
#6493 = ( GEOMETRIC_REPRESENTATION_CONTEXT(2) 
PARAMETRIC_REPRESENTATION_CONTEXT() REPRESENTATION_CONTEXT('2D SPACE',''
  ) );
#6494 = ORIENTED_EDGE('',*,*,#6495,.T.);
#6495 = EDGE_CURVE('',#6468,#6387,#6496,.T.);
#6496 = SURFACE_CURVE('',#6497,(#6502,#6509),.PCURVE_S1.);
#6497 = CIRCLE('',#6498,1.5);
#6498 = AXIS2_PLACEMENT_3D('',#6499,#6500,#6501);
#6499 = CARTESIAN_POINT('',(-49.875,35.75,2.189056153476E-15));
#6500 = DIRECTION('',(0.,-6.123233995737E-17,1.));
#6501 = DIRECTION('',(1.,0.,0.));
#6502 = PCURVE('',#6402,#6503);
#6503 = DEFINITIONAL_REPRESENTATION('',(#6504),#6508);
#6504 = LINE('',#6505,#6506);
#6505 = CARTESIAN_POINT('',(1.570796326795,-7.88860905221E-31));
#6506 = VECTOR('',#6507,1.);
#6507 = DIRECTION('',(1.,2.511022249557E-31));
#6508 = ( GEOMETRIC_REPRESENTATION_CONTEXT(2) 
PARAMETRIC_REPRESENTATION_CONTEXT() REPRESENTATION_CONTEXT('2D SPACE',''
  ) );
#6509 = PCURVE('',#4208,#6510);
#6510 = DEFINITIONAL_REPRESENTATION('',(#6511),#6519);
#6511 = ( BOUNDED_CURVE() B_SPLINE_CURVE(2,(#6512,#6513,#6514,#6515,
#6516,#6517,#6518),.UNSPECIFIED.,.T.,.F.) B_SPLINE_CURVE_WITH_KNOTS((1,2
    ,2,2,2,1),(-2.094395102393,0.,2.094395102393,4.188790204786,
6.28318530718,8.377580409573),.UNSPECIFIED.) CURVE() 
GEOMETRIC_REPRESENTATION_ITEM() RATIONAL_B_SPLINE_CURVE((1.,0.5,1.,0.5,
1.,0.5,1.)) REPRESENTATION_ITEM('') );
#6512 = CARTESIAN_POINT('',(48.375,35.75));
#6513 = CARTESIAN_POINT('',(48.375,38.348076211353));
#6514 = CARTESIAN_POINT('',(50.625,37.049038105677));
#6515 = CARTESIAN_POINT('',(52.875,35.75));
#6516 = CARTESIAN_POINT('',(50.625,34.450961894323));
#6517 = CARTESIAN_POINT('',(48.375,33.151923788647));
#6518 = CARTESIAN_POINT('',(48.375,35.75));
#6519 = ( GEOMETRIC_REPRESENTATION_CONTEXT(2) 
PARAMETRIC_REPRESENTATION_CONTEXT() REPRESENTATION_CONTEXT('2D SPACE',''
  ) );
#6520 = ORIENTED_EDGE('',*,*,#6386,.T.);
#6521 = ADVANCED_FACE('',(#6522),#6483,.T.);
#6522 = FACE_BOUND('',#6523,.T.);
#6523 = EDGE_LOOP('',(#6524,#6547,#6575,#6596));
#6524 = ORIENTED_EDGE('',*,*,#6525,.F.);
#6525 = EDGE_CURVE('',#6526,#6440,#6528,.T.);
#6526 = VERTEX_POINT('',#6527);
#6527 = CARTESIAN_POINT('',(49.875,37.25,2.));
#6528 = SURFACE_CURVE('',#6529,(#6533,#6540),.PCURVE_S1.);
#6529 = LINE('',#6530,#6531);
#6530 = CARTESIAN_POINT('',(0.,37.25,2.));
#6531 = VECTOR('',#6532,1.);
#6532 = DIRECTION('',(-1.,-1.780808861554E-16,-1.090430936098E-32));
#6533 = PCURVE('',#6483,#6534);
#6534 = DEFINITIONAL_REPRESENTATION('',(#6535),#6539);
#6535 = LINE('',#6536,#6537);
#6536 = CARTESIAN_POINT('',(-2.,-4.361723744391E-32));
#6537 = VECTOR('',#6538,1.);
#6538 = DIRECTION('',(-4.105366594702E-48,1.));
#6539 = ( GEOMETRIC_REPRESENTATION_CONTEXT(2) 
PARAMETRIC_REPRESENTATION_CONTEXT() REPRESENTATION_CONTEXT('2D SPACE',''
  ) );
#6540 = PCURVE('',#1371,#6541);
#6541 = DEFINITIONAL_REPRESENTATION('',(#6542),#6546);
#6542 = LINE('',#6543,#6544);
#6543 = CARTESIAN_POINT('',(-2.385062963887E-02,37.25));
#6544 = VECTOR('',#6545,1.);
#6545 = DIRECTION('',(1.,-1.780808861554E-16));
#6546 = ( GEOMETRIC_REPRESENTATION_CONTEXT(2) 
PARAMETRIC_REPRESENTATION_CONTEXT() REPRESENTATION_CONTEXT('2D SPACE',''
  ) );
#6547 = ORIENTED_EDGE('',*,*,#6548,.F.);
#6548 = EDGE_CURVE('',#6549,#6526,#6551,.T.);
#6549 = VERTEX_POINT('',#6550);
#6550 = CARTESIAN_POINT('',(49.875,37.25,2.280904663412E-15));
#6551 = SURFACE_CURVE('',#6552,(#6556,#6563),.PCURVE_S1.);
#6552 = LINE('',#6553,#6554);
#6553 = CARTESIAN_POINT('',(49.875,37.25,2.280904663412E-15));
#6554 = VECTOR('',#6555,1.);
#6555 = DIRECTION('',(0.,-6.123233995737E-17,1.));
#6556 = PCURVE('',#6483,#6557);
#6557 = DEFINITIONAL_REPRESENTATION('',(#6558),#6562);
#6558 = LINE('',#6559,#6560);
#6559 = CARTESIAN_POINT('',(4.06514908925E-32,-49.875));
#6560 = VECTOR('',#6561,1.);
#6561 = DIRECTION('',(-1.,0.));
#6562 = ( GEOMETRIC_REPRESENTATION_CONTEXT(2) 
PARAMETRIC_REPRESENTATION_CONTEXT() REPRESENTATION_CONTEXT('2D SPACE',''
  ) );
#6563 = PCURVE('',#6564,#6569);
#6564 = CYLINDRICAL_SURFACE('',#6565,1.5);
#6565 = AXIS2_PLACEMENT_3D('',#6566,#6567,#6568);
#6566 = CARTESIAN_POINT('',(49.875,35.75,2.189056153476E-15));
#6567 = DIRECTION('',(0.,-6.123233995737E-17,1.));
#6568 = DIRECTION('',(-1.,2.960594732334E-15,1.812841431263E-31));
#6569 = DEFINITIONAL_REPRESENTATION('',(#6570),#6574);
#6570 = LINE('',#6571,#6572);
#6571 = CARTESIAN_POINT('',(4.712388980385,-1.972152263053E-30));
#6572 = VECTOR('',#6573,1.);
#6573 = DIRECTION('',(0.,1.));
#6574 = ( GEOMETRIC_REPRESENTATION_CONTEXT(2) 
PARAMETRIC_REPRESENTATION_CONTEXT() REPRESENTATION_CONTEXT('2D SPACE',''
  ) );
#6575 = ORIENTED_EDGE('',*,*,#6576,.T.);
#6576 = EDGE_CURVE('',#6549,#6468,#6577,.T.);
#6577 = SURFACE_CURVE('',#6578,(#6582,#6589),.PCURVE_S1.);
#6578 = LINE('',#6579,#6580);
#6579 = CARTESIAN_POINT('',(0.,37.25,2.280904663412E-15));
#6580 = VECTOR('',#6581,1.);
#6581 = DIRECTION('',(-1.,0.,0.));
#6582 = PCURVE('',#6483,#6583);
#6583 = DEFINITIONAL_REPRESENTATION('',(#6584),#6588);
#6584 = LINE('',#6585,#6586);
#6585 = CARTESIAN_POINT('',(0.,-0.));
#6586 = VECTOR('',#6587,1.);
#6587 = DIRECTION('',(0.,1.));
#6588 = ( GEOMETRIC_REPRESENTATION_CONTEXT(2) 
PARAMETRIC_REPRESENTATION_CONTEXT() REPRESENTATION_CONTEXT('2D SPACE',''
  ) );
#6589 = PCURVE('',#4208,#6590);
#6590 = DEFINITIONAL_REPRESENTATION('',(#6591),#6595);
#6591 = LINE('',#6592,#6593);
#6592 = CARTESIAN_POINT('',(0.,37.25));
#6593 = VECTOR('',#6594,1.);
#6594 = DIRECTION('',(1.,0.));
#6595 = ( GEOMETRIC_REPRESENTATION_CONTEXT(2) 
PARAMETRIC_REPRESENTATION_CONTEXT() REPRESENTATION_CONTEXT('2D SPACE',''
  ) );
#6596 = ORIENTED_EDGE('',*,*,#6467,.F.);
#6597 = ADVANCED_FACE('',(#6598),#6564,.T.);
#6598 = FACE_BOUND('',#6599,.T.);
#6599 = EDGE_LOOP('',(#6600,#6628,#6656,#6682));
#6600 = ORIENTED_EDGE('',*,*,#6601,.F.);
#6601 = EDGE_CURVE('',#6602,#6526,#6604,.T.);
#6602 = VERTEX_POINT('',#6603);
#6603 = CARTESIAN_POINT('',(51.375,35.75,2.));
#6604 = SURFACE_CURVE('',#6605,(#6610,#6617),.PCURVE_S1.);
#6605 = CIRCLE('',#6606,1.5);
#6606 = AXIS2_PLACEMENT_3D('',#6607,#6608,#6609);
#6607 = CARTESIAN_POINT('',(49.875,35.75,2.));
#6608 = DIRECTION('',(0.,-6.123233995737E-17,1.));
#6609 = DIRECTION('',(1.,0.,0.));
#6610 = PCURVE('',#6564,#6611);
#6611 = DEFINITIONAL_REPRESENTATION('',(#6612),#6616);
#6612 = LINE('',#6613,#6614);
#6613 = CARTESIAN_POINT('',(3.14159265359,2.));
#6614 = VECTOR('',#6615,1.);
#6615 = DIRECTION('',(1.,0.));
#6616 = ( GEOMETRIC_REPRESENTATION_CONTEXT(2) 
PARAMETRIC_REPRESENTATION_CONTEXT() REPRESENTATION_CONTEXT('2D SPACE',''
  ) );
#6617 = PCURVE('',#1371,#6618);
#6618 = DEFINITIONAL_REPRESENTATION('',(#6619),#6627);
#6619 = ( BOUNDED_CURVE() B_SPLINE_CURVE(2,(#6620,#6621,#6622,#6623,
#6624,#6625,#6626),.UNSPECIFIED.,.T.,.F.) B_SPLINE_CURVE_WITH_KNOTS((1,2
    ,2,2,2,1),(-2.094395102393,0.,2.094395102393,4.188790204786,
6.28318530718,8.377580409573),.UNSPECIFIED.) CURVE() 
GEOMETRIC_REPRESENTATION_ITEM() RATIONAL_B_SPLINE_CURVE((1.,0.5,1.,0.5,
1.,0.5,1.)) REPRESENTATION_ITEM('') );
#6620 = CARTESIAN_POINT('',(-51.39885062963,35.75));
#6621 = CARTESIAN_POINT('',(-51.39885062963,38.348076211354));
#6622 = CARTESIAN_POINT('',(-49.14885062963,37.049038105677));
#6623 = CARTESIAN_POINT('',(-46.89885062963,35.75));
#6624 = CARTESIAN_POINT('',(-49.14885062963,34.450961894324));
#6625 = CARTESIAN_POINT('',(-51.39885062963,33.151923788647));
#6626 = CARTESIAN_POINT('',(-51.39885062963,35.75));
#6627 = ( GEOMETRIC_REPRESENTATION_CONTEXT(2) 
PARAMETRIC_REPRESENTATION_CONTEXT() REPRESENTATION_CONTEXT('2D SPACE',''
  ) );
#6628 = ORIENTED_EDGE('',*,*,#6629,.T.);
#6629 = EDGE_CURVE('',#6602,#6630,#6632,.T.);
#6630 = VERTEX_POINT('',#6631);
#6631 = CARTESIAN_POINT('',(51.375,35.75,2.189056153476E-15));
#6632 = SURFACE_CURVE('',#6633,(#6637,#6644),.PCURVE_S1.);
#6633 = LINE('',#6634,#6635);
#6634 = CARTESIAN_POINT('',(51.375,35.75,2.189056153476E-15));
#6635 = VECTOR('',#6636,1.);
#6636 = DIRECTION('',(0.,6.123233995737E-17,-1.));
#6637 = PCURVE('',#6564,#6638);
#6638 = DEFINITIONAL_REPRESENTATION('',(#6639),#6643);
#6639 = LINE('',#6640,#6641);
#6640 = CARTESIAN_POINT('',(3.14159265359,0.));
#6641 = VECTOR('',#6642,1.);
#6642 = DIRECTION('',(0.,-1.));
#6643 = ( GEOMETRIC_REPRESENTATION_CONTEXT(2) 
PARAMETRIC_REPRESENTATION_CONTEXT() REPRESENTATION_CONTEXT('2D SPACE',''
  ) );
#6644 = PCURVE('',#6645,#6650);
#6645 = PLANE('',#6646);
#6646 = AXIS2_PLACEMENT_3D('',#6647,#6648,#6649);
#6647 = CARTESIAN_POINT('',(51.375,35.75,2.189056153476E-15));
#6648 = DIRECTION('',(1.,0.,0.));
#6649 = DIRECTION('',(0.,6.123233995737E-17,-1.));
#6650 = DEFINITIONAL_REPRESENTATION('',(#6651),#6655);
#6651 = LINE('',#6652,#6653);
#6652 = CARTESIAN_POINT('',(0.,0.));
#6653 = VECTOR('',#6654,1.);
#6654 = DIRECTION('',(1.,0.));
#6655 = ( GEOMETRIC_REPRESENTATION_CONTEXT(2) 
PARAMETRIC_REPRESENTATION_CONTEXT() REPRESENTATION_CONTEXT('2D SPACE',''
  ) );
#6656 = ORIENTED_EDGE('',*,*,#6657,.T.);
#6657 = EDGE_CURVE('',#6630,#6549,#6658,.T.);
#6658 = SURFACE_CURVE('',#6659,(#6664,#6671),.PCURVE_S1.);
#6659 = CIRCLE('',#6660,1.5);
#6660 = AXIS2_PLACEMENT_3D('',#6661,#6662,#6663);
#6661 = CARTESIAN_POINT('',(49.875,35.75,2.189056153476E-15));
#6662 = DIRECTION('',(0.,-6.123233995737E-17,1.));
#6663 = DIRECTION('',(1.,0.,0.));
#6664 = PCURVE('',#6564,#6665);
#6665 = DEFINITIONAL_REPRESENTATION('',(#6666),#6670);
#6666 = LINE('',#6667,#6668);
#6667 = CARTESIAN_POINT('',(3.14159265359,0.));
#6668 = VECTOR('',#6669,1.);
#6669 = DIRECTION('',(1.,-2.511022249557E-31));
#6670 = ( GEOMETRIC_REPRESENTATION_CONTEXT(2) 
PARAMETRIC_REPRESENTATION_CONTEXT() REPRESENTATION_CONTEXT('2D SPACE',''
  ) );
#6671 = PCURVE('',#4208,#6672);
#6672 = DEFINITIONAL_REPRESENTATION('',(#6673),#6681);
#6673 = ( BOUNDED_CURVE() B_SPLINE_CURVE(2,(#6674,#6675,#6676,#6677,
#6678,#6679,#6680),.UNSPECIFIED.,.T.,.F.) B_SPLINE_CURVE_WITH_KNOTS((1,2
    ,2,2,2,1),(-2.094395102393,0.,2.094395102393,4.188790204786,
6.28318530718,8.377580409573),.UNSPECIFIED.) CURVE() 
GEOMETRIC_REPRESENTATION_ITEM() RATIONAL_B_SPLINE_CURVE((1.,0.5,1.,0.5,
1.,0.5,1.)) REPRESENTATION_ITEM('') );
#6674 = CARTESIAN_POINT('',(-51.375,35.75));
#6675 = CARTESIAN_POINT('',(-51.375,38.348076211353));
#6676 = CARTESIAN_POINT('',(-49.125,37.049038105677));
#6677 = CARTESIAN_POINT('',(-46.875,35.75));
#6678 = CARTESIAN_POINT('',(-49.125,34.450961894323));
#6679 = CARTESIAN_POINT('',(-51.375,33.151923788647));
#6680 = CARTESIAN_POINT('',(-51.375,35.75));
#6681 = ( GEOMETRIC_REPRESENTATION_CONTEXT(2) 
PARAMETRIC_REPRESENTATION_CONTEXT() REPRESENTATION_CONTEXT('2D SPACE',''
  ) );
#6682 = ORIENTED_EDGE('',*,*,#6548,.T.);
#6683 = ADVANCED_FACE('',(#6684),#6645,.T.);
#6684 = FACE_BOUND('',#6685,.T.);
#6685 = EDGE_LOOP('',(#6686,#6709,#6737,#6758));
#6686 = ORIENTED_EDGE('',*,*,#6687,.F.);
#6687 = EDGE_CURVE('',#6688,#6602,#6690,.T.);
#6688 = VERTEX_POINT('',#6689);
#6689 = CARTESIAN_POINT('',(51.375,35.3,2.));
#6690 = SURFACE_CURVE('',#6691,(#6695,#6702),.PCURVE_S1.);
#6691 = LINE('',#6692,#6693);
#6692 = CARTESIAN_POINT('',(51.375,35.75,2.));
#6693 = VECTOR('',#6694,1.);
#6694 = DIRECTION('',(0.,1.,6.123233995737E-17));
#6695 = PCURVE('',#6645,#6696);
#6696 = DEFINITIONAL_REPRESENTATION('',(#6697),#6701);
#6697 = LINE('',#6698,#6699);
#6698 = CARTESIAN_POINT('',(-2.,1.224646799147E-16));
#6699 = VECTOR('',#6700,1.);
#6700 = DIRECTION('',(0.,1.));
#6701 = ( GEOMETRIC_REPRESENTATION_CONTEXT(2) 
PARAMETRIC_REPRESENTATION_CONTEXT() REPRESENTATION_CONTEXT('2D SPACE',''
  ) );
#6702 = PCURVE('',#1371,#6703);
#6703 = DEFINITIONAL_REPRESENTATION('',(#6704),#6708);
#6704 = LINE('',#6705,#6706);
#6705 = CARTESIAN_POINT('',(-51.39885062963,35.75));
#6706 = VECTOR('',#6707,1.);
#6707 = DIRECTION('',(0.,1.));
#6708 = ( GEOMETRIC_REPRESENTATION_CONTEXT(2) 
PARAMETRIC_REPRESENTATION_CONTEXT() REPRESENTATION_CONTEXT('2D SPACE',''
  ) );
#6709 = ORIENTED_EDGE('',*,*,#6710,.F.);
#6710 = EDGE_CURVE('',#6711,#6688,#6713,.T.);
#6711 = VERTEX_POINT('',#6712);
#6712 = CARTESIAN_POINT('',(51.375,35.3,2.161501600495E-15));
#6713 = SURFACE_CURVE('',#6714,(#6718,#6725),.PCURVE_S1.);
#6714 = LINE('',#6715,#6716);
#6715 = CARTESIAN_POINT('',(51.375,35.3,2.161501600495E-15));
#6716 = VECTOR('',#6717,1.);
#6717 = DIRECTION('',(0.,-6.123233995737E-17,1.));
#6718 = PCURVE('',#6645,#6719);
#6719 = DEFINITIONAL_REPRESENTATION('',(#6720),#6724);
#6720 = LINE('',#6721,#6722);
#6721 = CARTESIAN_POINT('',(-5.515863360725E-30,-0.45));
#6722 = VECTOR('',#6723,1.);
#6723 = DIRECTION('',(-1.,0.));
#6724 = ( GEOMETRIC_REPRESENTATION_CONTEXT(2) 
PARAMETRIC_REPRESENTATION_CONTEXT() REPRESENTATION_CONTEXT('2D SPACE',''
  ) );
#6725 = PCURVE('',#6726,#6731);
#6726 = CYLINDRICAL_SURFACE('',#6727,4.);
#6727 = AXIS2_PLACEMENT_3D('',#6728,#6729,#6730);
#6728 = CARTESIAN_POINT('',(55.375,35.3,2.161501600495E-15));
#6729 = DIRECTION('',(0.,-6.123233995737E-17,1.));
#6730 = DIRECTION('',(-1.,0.,0.));
#6731 = DEFINITIONAL_REPRESENTATION('',(#6732),#6736);
#6732 = LINE('',#6733,#6734);
#6733 = CARTESIAN_POINT('',(0.,0.));
#6734 = VECTOR('',#6735,1.);
#6735 = DIRECTION('',(0.,1.));
#6736 = ( GEOMETRIC_REPRESENTATION_CONTEXT(2) 
PARAMETRIC_REPRESENTATION_CONTEXT() REPRESENTATION_CONTEXT('2D SPACE',''
  ) );
#6737 = ORIENTED_EDGE('',*,*,#6738,.T.);
#6738 = EDGE_CURVE('',#6711,#6630,#6739,.T.);
#6739 = SURFACE_CURVE('',#6740,(#6744,#6751),.PCURVE_S1.);
#6740 = LINE('',#6741,#6742);
#6741 = CARTESIAN_POINT('',(51.375,0.,0.));
#6742 = VECTOR('',#6743,1.);
#6743 = DIRECTION('',(0.,1.,6.123233995737E-17));
#6744 = PCURVE('',#6645,#6745);
#6745 = DEFINITIONAL_REPRESENTATION('',(#6746),#6750);
#6746 = LINE('',#6747,#6748);
#6747 = CARTESIAN_POINT('',(-5.127595883937E-30,-35.75));
#6748 = VECTOR('',#6749,1.);
#6749 = DIRECTION('',(0.,1.));
#6750 = ( GEOMETRIC_REPRESENTATION_CONTEXT(2) 
PARAMETRIC_REPRESENTATION_CONTEXT() REPRESENTATION_CONTEXT('2D SPACE',''
  ) );
#6751 = PCURVE('',#4208,#6752);
#6752 = DEFINITIONAL_REPRESENTATION('',(#6753),#6757);
#6753 = LINE('',#6754,#6755);
#6754 = CARTESIAN_POINT('',(-51.375,0.));
#6755 = VECTOR('',#6756,1.);
#6756 = DIRECTION('',(0.,1.));
#6757 = ( GEOMETRIC_REPRESENTATION_CONTEXT(2) 
PARAMETRIC_REPRESENTATION_CONTEXT() REPRESENTATION_CONTEXT('2D SPACE',''
  ) );
#6758 = ORIENTED_EDGE('',*,*,#6629,.F.);
#6759 = ADVANCED_FACE('',(#6760),#6726,.F.);
#6760 = FACE_BOUND('',#6761,.F.);
#6761 = EDGE_LOOP('',(#6762,#6763,#6791,#6819));
#6762 = ORIENTED_EDGE('',*,*,#6710,.F.);
#6763 = ORIENTED_EDGE('',*,*,#6764,.T.);
#6764 = EDGE_CURVE('',#6711,#6765,#6767,.T.);
#6765 = VERTEX_POINT('',#6766);
#6766 = CARTESIAN_POINT('',(55.375,31.3,1.916572240666E-15));
#6767 = SURFACE_CURVE('',#6768,(#6773,#6780),.PCURVE_S1.);
#6768 = CIRCLE('',#6769,4.);
#6769 = AXIS2_PLACEMENT_3D('',#6770,#6771,#6772);
#6770 = CARTESIAN_POINT('',(55.375,35.3,2.161501600495E-15));
#6771 = DIRECTION('',(0.,-6.123233995737E-17,1.));
#6772 = DIRECTION('',(1.,0.,0.));
#6773 = PCURVE('',#6726,#6774);
#6774 = DEFINITIONAL_REPRESENTATION('',(#6775),#6779);
#6775 = LINE('',#6776,#6777);
#6776 = CARTESIAN_POINT('',(-3.14159265359,0.));
#6777 = VECTOR('',#6778,1.);
#6778 = DIRECTION('',(1.,0.));
#6779 = ( GEOMETRIC_REPRESENTATION_CONTEXT(2) 
PARAMETRIC_REPRESENTATION_CONTEXT() REPRESENTATION_CONTEXT('2D SPACE',''
  ) );
#6780 = PCURVE('',#4208,#6781);
#6781 = DEFINITIONAL_REPRESENTATION('',(#6782),#6790);
#6782 = ( BOUNDED_CURVE() B_SPLINE_CURVE(2,(#6783,#6784,#6785,#6786,
#6787,#6788,#6789),.UNSPECIFIED.,.T.,.F.) B_SPLINE_CURVE_WITH_KNOTS((1,2
    ,2,2,2,1),(-2.094395102393,0.,2.094395102393,4.188790204786,
6.28318530718,8.377580409573),.UNSPECIFIED.) CURVE() 
GEOMETRIC_REPRESENTATION_ITEM() RATIONAL_B_SPLINE_CURVE((1.,0.5,1.,0.5,
1.,0.5,1.)) REPRESENTATION_ITEM('') );
#6783 = CARTESIAN_POINT('',(-59.375,35.3));
#6784 = CARTESIAN_POINT('',(-59.375,42.228203230276));
#6785 = CARTESIAN_POINT('',(-53.375,38.764101615138));
#6786 = CARTESIAN_POINT('',(-47.375,35.3));
#6787 = CARTESIAN_POINT('',(-53.375,31.835898384862));
#6788 = CARTESIAN_POINT('',(-59.375,28.371796769724));
#6789 = CARTESIAN_POINT('',(-59.375,35.3));
#6790 = ( GEOMETRIC_REPRESENTATION_CONTEXT(2) 
PARAMETRIC_REPRESENTATION_CONTEXT() REPRESENTATION_CONTEXT('2D SPACE',''
  ) );
#6791 = ORIENTED_EDGE('',*,*,#6792,.F.);
#6792 = EDGE_CURVE('',#6793,#6765,#6795,.T.);
#6793 = VERTEX_POINT('',#6794);
#6794 = CARTESIAN_POINT('',(55.375,31.3,2.));
#6795 = SURFACE_CURVE('',#6796,(#6800,#6807),.PCURVE_S1.);
#6796 = LINE('',#6797,#6798);
#6797 = CARTESIAN_POINT('',(55.375,31.3,1.916572240666E-15));
#6798 = VECTOR('',#6799,1.);
#6799 = DIRECTION('',(0.,6.123233995737E-17,-1.));
#6800 = PCURVE('',#6726,#6801);
#6801 = DEFINITIONAL_REPRESENTATION('',(#6802),#6806);
#6802 = LINE('',#6803,#6804);
#6803 = CARTESIAN_POINT('',(1.570796326795,0.));
#6804 = VECTOR('',#6805,1.);
#6805 = DIRECTION('',(0.,-1.));
#6806 = ( GEOMETRIC_REPRESENTATION_CONTEXT(2) 
PARAMETRIC_REPRESENTATION_CONTEXT() REPRESENTATION_CONTEXT('2D SPACE',''
  ) );
#6807 = PCURVE('',#6808,#6813);
#6808 = PLANE('',#6809);
#6809 = AXIS2_PLACEMENT_3D('',#6810,#6811,#6812);
#6810 = CARTESIAN_POINT('',(55.375,31.3,1.916572240666E-15));
#6811 = DIRECTION('',(-9.864777519049E-15,1.,6.123233995737E-17));
#6812 = DIRECTION('',(0.,6.123233995737E-17,-1.));
#6813 = DEFINITIONAL_REPRESENTATION('',(#6814),#6818);
#6814 = LINE('',#6815,#6816);
#6815 = CARTESIAN_POINT('',(0.,-0.));
#6816 = VECTOR('',#6817,1.);
#6817 = DIRECTION('',(1.,0.));
#6818 = ( GEOMETRIC_REPRESENTATION_CONTEXT(2) 
PARAMETRIC_REPRESENTATION_CONTEXT() REPRESENTATION_CONTEXT('2D SPACE',''
  ) );
#6819 = ORIENTED_EDGE('',*,*,#6820,.F.);
#6820 = EDGE_CURVE('',#6688,#6793,#6821,.T.);
#6821 = SURFACE_CURVE('',#6822,(#6827,#6834),.PCURVE_S1.);
#6822 = CIRCLE('',#6823,4.);
#6823 = AXIS2_PLACEMENT_3D('',#6824,#6825,#6826);
#6824 = CARTESIAN_POINT('',(55.375,35.3,2.));
#6825 = DIRECTION('',(0.,-6.123233995737E-17,1.));
#6826 = DIRECTION('',(1.,0.,0.));
#6827 = PCURVE('',#6726,#6828);
#6828 = DEFINITIONAL_REPRESENTATION('',(#6829),#6833);
#6829 = LINE('',#6830,#6831);
#6830 = CARTESIAN_POINT('',(-3.14159265359,2.));
#6831 = VECTOR('',#6832,1.);
#6832 = DIRECTION('',(1.,0.));
#6833 = ( GEOMETRIC_REPRESENTATION_CONTEXT(2) 
PARAMETRIC_REPRESENTATION_CONTEXT() REPRESENTATION_CONTEXT('2D SPACE',''
  ) );
#6834 = PCURVE('',#1371,#6835);
#6835 = DEFINITIONAL_REPRESENTATION('',(#6836),#6844);
#6836 = ( BOUNDED_CURVE() B_SPLINE_CURVE(2,(#6837,#6838,#6839,#6840,
#6841,#6842,#6843),.UNSPECIFIED.,.T.,.F.) B_SPLINE_CURVE_WITH_KNOTS((1,2
    ,2,2,2,1),(-2.094395102393,0.,2.094395102393,4.188790204786,
6.28318530718,8.377580409573),.UNSPECIFIED.) CURVE() 
GEOMETRIC_REPRESENTATION_ITEM() RATIONAL_B_SPLINE_CURVE((1.,0.5,1.,0.5,
1.,0.5,1.)) REPRESENTATION_ITEM('') );
#6837 = CARTESIAN_POINT('',(-59.39885062963,35.3));
#6838 = CARTESIAN_POINT('',(-59.39885062963,42.228203230276));
#6839 = CARTESIAN_POINT('',(-53.39885062963,38.764101615138));
#6840 = CARTESIAN_POINT('',(-47.39885062963,35.3));
#6841 = CARTESIAN_POINT('',(-53.39885062963,31.835898384862));
#6842 = CARTESIAN_POINT('',(-59.39885062963,28.371796769725));
#6843 = CARTESIAN_POINT('',(-59.39885062963,35.3));
#6844 = ( GEOMETRIC_REPRESENTATION_CONTEXT(2) 
PARAMETRIC_REPRESENTATION_CONTEXT() REPRESENTATION_CONTEXT('2D SPACE',''
  ) );
#6845 = ADVANCED_FACE('',(#6846),#6808,.T.);
#6846 = FACE_BOUND('',#6847,.T.);
#6847 = EDGE_LOOP('',(#6848,#6871,#6899,#6920));
#6848 = ORIENTED_EDGE('',*,*,#6849,.F.);
#6849 = EDGE_CURVE('',#6850,#6793,#6852,.T.);
#6850 = VERTEX_POINT('',#6851);
#6851 = CARTESIAN_POINT('',(55.825176609652,31.3,2.));
#6852 = SURFACE_CURVE('',#6853,(#6857,#6864),.PCURVE_S1.);
#6853 = LINE('',#6854,#6855);
#6854 = CARTESIAN_POINT('',(55.375,31.3,2.));
#6855 = VECTOR('',#6856,1.);
#6856 = DIRECTION('',(-1.,-9.864777519049E-15,-6.040434106502E-31));
#6857 = PCURVE('',#6808,#6858);
#6858 = DEFINITIONAL_REPRESENTATION('',(#6859),#6863);
#6859 = LINE('',#6860,#6861);
#6860 = CARTESIAN_POINT('',(-2.,-1.2080868213E-30));
#6861 = VECTOR('',#6862,1.);
#6862 = DIRECTION('',(1.751623080406E-46,1.));
#6863 = ( GEOMETRIC_REPRESENTATION_CONTEXT(2) 
PARAMETRIC_REPRESENTATION_CONTEXT() REPRESENTATION_CONTEXT('2D SPACE',''
  ) );
#6864 = PCURVE('',#1371,#6865);
#6865 = DEFINITIONAL_REPRESENTATION('',(#6866),#6870);
#6866 = LINE('',#6867,#6868);
#6867 = CARTESIAN_POINT('',(-55.39885062963,31.3));
#6868 = VECTOR('',#6869,1.);
#6869 = DIRECTION('',(1.,-9.864777519049E-15));
#6870 = ( GEOMETRIC_REPRESENTATION_CONTEXT(2) 
PARAMETRIC_REPRESENTATION_CONTEXT() REPRESENTATION_CONTEXT('2D SPACE',''
  ) );
#6871 = ORIENTED_EDGE('',*,*,#6872,.F.);
#6872 = EDGE_CURVE('',#6873,#6850,#6875,.T.);
#6873 = VERTEX_POINT('',#6874);
#6874 = CARTESIAN_POINT('',(55.825176609652,31.3,1.916572240666E-15));
#6875 = SURFACE_CURVE('',#6876,(#6880,#6887),.PCURVE_S1.);
#6876 = LINE('',#6877,#6878);
#6877 = CARTESIAN_POINT('',(55.825176609652,31.3,1.916572240666E-15));
#6878 = VECTOR('',#6879,1.);
#6879 = DIRECTION('',(0.,-6.123233995737E-17,1.));
#6880 = PCURVE('',#6808,#6881);
#6881 = DEFINITIONAL_REPRESENTATION('',(#6882),#6886);
#6882 = LINE('',#6883,#6884);
#6883 = CARTESIAN_POINT('',(-1.76889480859E-31,-0.450176609652));
#6884 = VECTOR('',#6885,1.);
#6885 = DIRECTION('',(-1.,0.));
#6886 = ( GEOMETRIC_REPRESENTATION_CONTEXT(2) 
PARAMETRIC_REPRESENTATION_CONTEXT() REPRESENTATION_CONTEXT('2D SPACE',''
  ) );
#6887 = PCURVE('',#6888,#6893);
#6888 = CYLINDRICAL_SURFACE('',#6889,1.5);
#6889 = AXIS2_PLACEMENT_3D('',#6890,#6891,#6892);
#6890 = CARTESIAN_POINT('',(55.825176609652,29.8,1.82472373073E-15));
#6891 = DIRECTION('',(0.,-6.123233995737E-17,1.));
#6892 = DIRECTION('',(-1.,0.,0.));
#6893 = DEFINITIONAL_REPRESENTATION('',(#6894),#6898);
#6894 = LINE('',#6895,#6896);
#6895 = CARTESIAN_POINT('',(4.712388980385,8.283039504821E-30));
#6896 = VECTOR('',#6897,1.);
#6897 = DIRECTION('',(0.,1.));
#6898 = ( GEOMETRIC_REPRESENTATION_CONTEXT(2) 
PARAMETRIC_REPRESENTATION_CONTEXT() REPRESENTATION_CONTEXT('2D SPACE',''
  ) );
#6899 = ORIENTED_EDGE('',*,*,#6900,.T.);
#6900 = EDGE_CURVE('',#6873,#6765,#6901,.T.);
#6901 = SURFACE_CURVE('',#6902,(#6906,#6913),.PCURVE_S1.);
#6902 = LINE('',#6903,#6904);
#6903 = CARTESIAN_POINT('',(0.,31.3,1.916572240666E-15));
#6904 = VECTOR('',#6905,1.);
#6905 = DIRECTION('',(-1.,0.,0.));
#6906 = PCURVE('',#6808,#6907);
#6907 = DEFINITIONAL_REPRESENTATION('',(#6908),#6912);
#6908 = LINE('',#6909,#6910);
#6909 = CARTESIAN_POINT('',(2.527882216159E-32,55.375));
#6910 = VECTOR('',#6911,1.);
#6911 = DIRECTION('',(0.,1.));
#6912 = ( GEOMETRIC_REPRESENTATION_CONTEXT(2) 
PARAMETRIC_REPRESENTATION_CONTEXT() REPRESENTATION_CONTEXT('2D SPACE',''
  ) );
#6913 = PCURVE('',#4208,#6914);
#6914 = DEFINITIONAL_REPRESENTATION('',(#6915),#6919);
#6915 = LINE('',#6916,#6917);
#6916 = CARTESIAN_POINT('',(0.,31.3));
#6917 = VECTOR('',#6918,1.);
#6918 = DIRECTION('',(1.,0.));
#6919 = ( GEOMETRIC_REPRESENTATION_CONTEXT(2) 
PARAMETRIC_REPRESENTATION_CONTEXT() REPRESENTATION_CONTEXT('2D SPACE',''
  ) );
#6920 = ORIENTED_EDGE('',*,*,#6792,.F.);
#6921 = ADVANCED_FACE('',(#6922),#6888,.T.);
#6922 = FACE_BOUND('',#6923,.T.);
#6923 = EDGE_LOOP('',(#6924,#6952,#6980,#7006));
#6924 = ORIENTED_EDGE('',*,*,#6925,.F.);
#6925 = EDGE_CURVE('',#6926,#6850,#6928,.T.);
#6926 = VERTEX_POINT('',#6927);
#6927 = CARTESIAN_POINT('',(57.325176609652,29.8,2.));
#6928 = SURFACE_CURVE('',#6929,(#6934,#6941),.PCURVE_S1.);
#6929 = CIRCLE('',#6930,1.5);
#6930 = AXIS2_PLACEMENT_3D('',#6931,#6932,#6933);
#6931 = CARTESIAN_POINT('',(55.825176609652,29.8,2.));
#6932 = DIRECTION('',(0.,-6.123233995737E-17,1.));
#6933 = DIRECTION('',(1.,0.,0.));
#6934 = PCURVE('',#6888,#6935);
#6935 = DEFINITIONAL_REPRESENTATION('',(#6936),#6940);
#6936 = LINE('',#6937,#6938);
#6937 = CARTESIAN_POINT('',(3.14159265359,2.));
#6938 = VECTOR('',#6939,1.);
#6939 = DIRECTION('',(1.,-1.413579858428E-16));
#6940 = ( GEOMETRIC_REPRESENTATION_CONTEXT(2) 
PARAMETRIC_REPRESENTATION_CONTEXT() REPRESENTATION_CONTEXT('2D SPACE',''
  ) );
#6941 = PCURVE('',#1371,#6942);
#6942 = DEFINITIONAL_REPRESENTATION('',(#6943),#6951);
#6943 = ( BOUNDED_CURVE() B_SPLINE_CURVE(2,(#6944,#6945,#6946,#6947,
#6948,#6949,#6950),.UNSPECIFIED.,.T.,.F.) B_SPLINE_CURVE_WITH_KNOTS((1,2
    ,2,2,2,1),(-2.094395102393,0.,2.094395102393,4.188790204786,
6.28318530718,8.377580409573),.UNSPECIFIED.) CURVE() 
GEOMETRIC_REPRESENTATION_ITEM() RATIONAL_B_SPLINE_CURVE((1.,0.5,1.,0.5,
1.,0.5,1.)) REPRESENTATION_ITEM('') );
#6944 = CARTESIAN_POINT('',(-57.34902723929,29.8));
#6945 = CARTESIAN_POINT('',(-57.34902723929,32.398076211354));
#6946 = CARTESIAN_POINT('',(-55.09902723929,31.099038105677));
#6947 = CARTESIAN_POINT('',(-52.84902723929,29.8));
#6948 = CARTESIAN_POINT('',(-55.09902723929,28.500961894324));
#6949 = CARTESIAN_POINT('',(-57.34902723929,27.201923788647));
#6950 = CARTESIAN_POINT('',(-57.34902723929,29.8));
#6951 = ( GEOMETRIC_REPRESENTATION_CONTEXT(2) 
PARAMETRIC_REPRESENTATION_CONTEXT() REPRESENTATION_CONTEXT('2D SPACE',''
  ) );
#6952 = ORIENTED_EDGE('',*,*,#6953,.T.);
#6953 = EDGE_CURVE('',#6926,#6954,#6956,.T.);
#6954 = VERTEX_POINT('',#6955);
#6955 = CARTESIAN_POINT('',(57.325176609652,29.8,1.82472373073E-15));
#6956 = SURFACE_CURVE('',#6957,(#6961,#6968),.PCURVE_S1.);
#6957 = LINE('',#6958,#6959);
#6958 = CARTESIAN_POINT('',(57.325176609652,29.8,1.82472373073E-15));
#6959 = VECTOR('',#6960,1.);
#6960 = DIRECTION('',(0.,6.123233995737E-17,-1.));
#6961 = PCURVE('',#6888,#6962);
#6962 = DEFINITIONAL_REPRESENTATION('',(#6963),#6967);
#6963 = LINE('',#6964,#6965);
#6964 = CARTESIAN_POINT('',(3.14159265359,0.));
#6965 = VECTOR('',#6966,1.);
#6966 = DIRECTION('',(0.,-1.));
#6967 = ( GEOMETRIC_REPRESENTATION_CONTEXT(2) 
PARAMETRIC_REPRESENTATION_CONTEXT() REPRESENTATION_CONTEXT('2D SPACE',''
  ) );
#6968 = PCURVE('',#6969,#6974);
#6969 = PLANE('',#6970);
#6970 = AXIS2_PLACEMENT_3D('',#6971,#6972,#6973);
#6971 = CARTESIAN_POINT('',(57.325176609652,29.8,1.82472373073E-15));
#6972 = DIRECTION('',(1.,1.490232247819E-16,9.125040761389E-33));
#6973 = DIRECTION('',(-4.105366594702E-48,6.123233995737E-17,-1.));
#6974 = DEFINITIONAL_REPRESENTATION('',(#6975),#6979);
#6975 = LINE('',#6976,#6977);
#6976 = CARTESIAN_POINT('',(0.,0.));
#6977 = VECTOR('',#6978,1.);
#6978 = DIRECTION('',(1.,0.));
#6979 = ( GEOMETRIC_REPRESENTATION_CONTEXT(2) 
PARAMETRIC_REPRESENTATION_CONTEXT() REPRESENTATION_CONTEXT('2D SPACE',''
  ) );
#6980 = ORIENTED_EDGE('',*,*,#6981,.T.);
#6981 = EDGE_CURVE('',#6954,#6873,#6982,.T.);
#6982 = SURFACE_CURVE('',#6983,(#6988,#6995),.PCURVE_S1.);
#6983 = CIRCLE('',#6984,1.5);
#6984 = AXIS2_PLACEMENT_3D('',#6985,#6986,#6987);
#6985 = CARTESIAN_POINT('',(55.825176609652,29.8,1.82472373073E-15));
#6986 = DIRECTION('',(0.,-6.123233995737E-17,1.));
#6987 = DIRECTION('',(1.,0.,0.));
#6988 = PCURVE('',#6888,#6989);
#6989 = DEFINITIONAL_REPRESENTATION('',(#6990),#6994);
#6990 = LINE('',#6991,#6992);
#6991 = CARTESIAN_POINT('',(3.14159265359,0.));
#6992 = VECTOR('',#6993,1.);
#6993 = DIRECTION('',(1.,0.));
#6994 = ( GEOMETRIC_REPRESENTATION_CONTEXT(2) 
PARAMETRIC_REPRESENTATION_CONTEXT() REPRESENTATION_CONTEXT('2D SPACE',''
  ) );
#6995 = PCURVE('',#4208,#6996);
#6996 = DEFINITIONAL_REPRESENTATION('',(#6997),#7005);
#6997 = ( BOUNDED_CURVE() B_SPLINE_CURVE(2,(#6998,#6999,#7000,#7001,
#7002,#7003,#7004),.UNSPECIFIED.,.T.,.F.) B_SPLINE_CURVE_WITH_KNOTS((1,2
    ,2,2,2,1),(-2.094395102393,0.,2.094395102393,4.188790204786,
6.28318530718,8.377580409573),.UNSPECIFIED.) CURVE() 
GEOMETRIC_REPRESENTATION_ITEM() RATIONAL_B_SPLINE_CURVE((1.,0.5,1.,0.5,
1.,0.5,1.)) REPRESENTATION_ITEM('') );
#6998 = CARTESIAN_POINT('',(-57.32517660965,29.8));
#6999 = CARTESIAN_POINT('',(-57.32517660965,32.398076211353));
#7000 = CARTESIAN_POINT('',(-55.07517660965,31.099038105677));
#7001 = CARTESIAN_POINT('',(-52.82517660965,29.8));
#7002 = CARTESIAN_POINT('',(-55.07517660965,28.500961894323));
#7003 = CARTESIAN_POINT('',(-57.32517660965,27.201923788647));
#7004 = CARTESIAN_POINT('',(-57.32517660965,29.8));
#7005 = ( GEOMETRIC_REPRESENTATION_CONTEXT(2) 
PARAMETRIC_REPRESENTATION_CONTEXT() REPRESENTATION_CONTEXT('2D SPACE',''
  ) );
#7006 = ORIENTED_EDGE('',*,*,#6872,.T.);
#7007 = ADVANCED_FACE('',(#7008),#6969,.T.);
#7008 = FACE_BOUND('',#7009,.T.);
#7009 = EDGE_LOOP('',(#7010,#7033,#7061,#7082));
#7010 = ORIENTED_EDGE('',*,*,#7011,.F.);
#7011 = EDGE_CURVE('',#7012,#6926,#7014,.T.);
#7012 = VERTEX_POINT('',#7013);
#7013 = CARTESIAN_POINT('',(57.325176609652,-29.8,2.));
#7014 = SURFACE_CURVE('',#7015,(#7019,#7026),.PCURVE_S1.);
#7015 = LINE('',#7016,#7017);
#7016 = CARTESIAN_POINT('',(57.325176609652,29.8,2.));
#7017 = VECTOR('',#7018,1.);
#7018 = DIRECTION('',(-1.490232247819E-16,1.,6.123233995737E-17));
#7019 = PCURVE('',#6969,#7020);
#7020 = DEFINITIONAL_REPRESENTATION('',(#7021),#7025);
#7021 = LINE('',#7022,#7023);
#7022 = CARTESIAN_POINT('',(-2.,1.224646799147E-16));
#7023 = VECTOR('',#7024,1.);
#7024 = DIRECTION('',(0.,1.));
#7025 = ( GEOMETRIC_REPRESENTATION_CONTEXT(2) 
PARAMETRIC_REPRESENTATION_CONTEXT() REPRESENTATION_CONTEXT('2D SPACE',''
  ) );
#7026 = PCURVE('',#1371,#7027);
#7027 = DEFINITIONAL_REPRESENTATION('',(#7028),#7032);
#7028 = LINE('',#7029,#7030);
#7029 = CARTESIAN_POINT('',(-57.34902723929,29.8));
#7030 = VECTOR('',#7031,1.);
#7031 = DIRECTION('',(1.490232247819E-16,1.));
#7032 = ( GEOMETRIC_REPRESENTATION_CONTEXT(2) 
PARAMETRIC_REPRESENTATION_CONTEXT() REPRESENTATION_CONTEXT('2D SPACE',''
  ) );
#7033 = ORIENTED_EDGE('',*,*,#7034,.F.);
#7034 = EDGE_CURVE('',#7035,#7012,#7037,.T.);
#7035 = VERTEX_POINT('',#7036);
#7036 = CARTESIAN_POINT('',(57.325176609652,-29.8,-1.82472373073E-15));
#7037 = SURFACE_CURVE('',#7038,(#7042,#7049),.PCURVE_S1.);
#7038 = LINE('',#7039,#7040);
#7039 = CARTESIAN_POINT('',(57.325176609652,-29.8,-1.82472373073E-15));
#7040 = VECTOR('',#7041,1.);
#7041 = DIRECTION('',(0.,-6.123233995737E-17,1.));
#7042 = PCURVE('',#6969,#7043);
#7043 = DEFINITIONAL_REPRESENTATION('',(#7044),#7048);
#7044 = LINE('',#7045,#7046);
#7045 = CARTESIAN_POINT('',(-1.419949629398E-29,-59.6));
#7046 = VECTOR('',#7047,1.);
#7047 = DIRECTION('',(-1.,0.));
#7048 = ( GEOMETRIC_REPRESENTATION_CONTEXT(2) 
PARAMETRIC_REPRESENTATION_CONTEXT() REPRESENTATION_CONTEXT('2D SPACE',''
  ) );
#7049 = PCURVE('',#7050,#7055);
#7050 = CYLINDRICAL_SURFACE('',#7051,1.5);
#7051 = AXIS2_PLACEMENT_3D('',#7052,#7053,#7054);
#7052 = CARTESIAN_POINT('',(55.825176609652,-29.8,-1.82472373073E-15));
#7053 = DIRECTION('',(0.,-6.123233995737E-17,1.));
#7054 = DIRECTION('',(0.,1.,6.123233995737E-17));
#7055 = DEFINITIONAL_REPRESENTATION('',(#7056),#7060);
#7056 = LINE('',#7057,#7058);
#7057 = CARTESIAN_POINT('',(4.712388980385,0.));
#7058 = VECTOR('',#7059,1.);
#7059 = DIRECTION('',(0.,1.));
#7060 = ( GEOMETRIC_REPRESENTATION_CONTEXT(2) 
PARAMETRIC_REPRESENTATION_CONTEXT() REPRESENTATION_CONTEXT('2D SPACE',''
  ) );
#7061 = ORIENTED_EDGE('',*,*,#7062,.T.);
#7062 = EDGE_CURVE('',#7035,#6954,#7063,.T.);
#7063 = SURFACE_CURVE('',#7064,(#7068,#7075),.PCURVE_S1.);
#7064 = LINE('',#7065,#7066);
#7065 = CARTESIAN_POINT('',(57.325176609652,0.,0.));
#7066 = VECTOR('',#7067,1.);
#7067 = DIRECTION('',(0.,1.,6.123233995737E-17));
#7068 = PCURVE('',#6969,#7069);
#7069 = DEFINITIONAL_REPRESENTATION('',(#7070),#7074);
#7070 = LINE('',#7071,#7072);
#7071 = CARTESIAN_POINT('',(-7.099748146989E-30,-29.8));
#7072 = VECTOR('',#7073,1.);
#7073 = DIRECTION('',(0.,1.));
#7074 = ( GEOMETRIC_REPRESENTATION_CONTEXT(2) 
PARAMETRIC_REPRESENTATION_CONTEXT() REPRESENTATION_CONTEXT('2D SPACE',''
  ) );
#7075 = PCURVE('',#4208,#7076);
#7076 = DEFINITIONAL_REPRESENTATION('',(#7077),#7081);
#7077 = LINE('',#7078,#7079);
#7078 = CARTESIAN_POINT('',(-57.32517660965,0.));
#7079 = VECTOR('',#7080,1.);
#7080 = DIRECTION('',(0.,1.));
#7081 = ( GEOMETRIC_REPRESENTATION_CONTEXT(2) 
PARAMETRIC_REPRESENTATION_CONTEXT() REPRESENTATION_CONTEXT('2D SPACE',''
  ) );
#7082 = ORIENTED_EDGE('',*,*,#6953,.F.);
#7083 = ADVANCED_FACE('',(#7084),#7050,.T.);
#7084 = FACE_BOUND('',#7085,.T.);
#7085 = EDGE_LOOP('',(#7086,#7114,#7142,#7168));
#7086 = ORIENTED_EDGE('',*,*,#7087,.F.);
#7087 = EDGE_CURVE('',#7088,#7012,#7090,.T.);
#7088 = VERTEX_POINT('',#7089);
#7089 = CARTESIAN_POINT('',(55.825176609652,-31.3,2.));
#7090 = SURFACE_CURVE('',#7091,(#7096,#7103),.PCURVE_S1.);
#7091 = CIRCLE('',#7092,1.5);
#7092 = AXIS2_PLACEMENT_3D('',#7093,#7094,#7095);
#7093 = CARTESIAN_POINT('',(55.825176609652,-29.8,2.));
#7094 = DIRECTION('',(0.,-6.123233995737E-17,1.));
#7095 = DIRECTION('',(1.,0.,0.));
#7096 = PCURVE('',#7050,#7097);
#7097 = DEFINITIONAL_REPRESENTATION('',(#7098),#7102);
#7098 = LINE('',#7099,#7100);
#7099 = CARTESIAN_POINT('',(-1.570796326795,2.));
#7100 = VECTOR('',#7101,1.);
#7101 = DIRECTION('',(1.,0.));
#7102 = ( GEOMETRIC_REPRESENTATION_CONTEXT(2) 
PARAMETRIC_REPRESENTATION_CONTEXT() REPRESENTATION_CONTEXT('2D SPACE',''
  ) );
#7103 = PCURVE('',#1371,#7104);
#7104 = DEFINITIONAL_REPRESENTATION('',(#7105),#7113);
#7105 = ( BOUNDED_CURVE() B_SPLINE_CURVE(2,(#7106,#7107,#7108,#7109,
#7110,#7111,#7112),.UNSPECIFIED.,.T.,.F.) B_SPLINE_CURVE_WITH_KNOTS((1,2
    ,2,2,2,1),(-2.094395102393,0.,2.094395102393,4.188790204786,
6.28318530718,8.377580409573),.UNSPECIFIED.) CURVE() 
GEOMETRIC_REPRESENTATION_ITEM() RATIONAL_B_SPLINE_CURVE((1.,0.5,1.,0.5,
1.,0.5,1.)) REPRESENTATION_ITEM('') );
#7106 = CARTESIAN_POINT('',(-57.34902723929,-29.8));
#7107 = CARTESIAN_POINT('',(-57.34902723929,-27.20192378864));
#7108 = CARTESIAN_POINT('',(-55.09902723929,-28.50096189432));
#7109 = CARTESIAN_POINT('',(-52.84902723929,-29.8));
#7110 = CARTESIAN_POINT('',(-55.09902723929,-31.09903810567));
#7111 = CARTESIAN_POINT('',(-57.34902723929,-32.39807621135));
#7112 = CARTESIAN_POINT('',(-57.34902723929,-29.8));
#7113 = ( GEOMETRIC_REPRESENTATION_CONTEXT(2) 
PARAMETRIC_REPRESENTATION_CONTEXT() REPRESENTATION_CONTEXT('2D SPACE',''
  ) );
#7114 = ORIENTED_EDGE('',*,*,#7115,.F.);
#7115 = EDGE_CURVE('',#7116,#7088,#7118,.T.);
#7116 = VERTEX_POINT('',#7117);
#7117 = CARTESIAN_POINT('',(55.825176609652,-31.3,-1.916572240666E-15));
#7118 = SURFACE_CURVE('',#7119,(#7123,#7130),.PCURVE_S1.);
#7119 = LINE('',#7120,#7121);
#7120 = CARTESIAN_POINT('',(55.825176609652,-31.3,-1.916572240666E-15));
#7121 = VECTOR('',#7122,1.);
#7122 = DIRECTION('',(0.,-6.123233995737E-17,1.));
#7123 = PCURVE('',#7050,#7124);
#7124 = DEFINITIONAL_REPRESENTATION('',(#7125),#7129);
#7125 = LINE('',#7126,#7127);
#7126 = CARTESIAN_POINT('',(3.14159265359,-8.283039504821E-30));
#7127 = VECTOR('',#7128,1.);
#7128 = DIRECTION('',(0.,1.));
#7129 = ( GEOMETRIC_REPRESENTATION_CONTEXT(2) 
PARAMETRIC_REPRESENTATION_CONTEXT() REPRESENTATION_CONTEXT('2D SPACE',''
  ) );
#7130 = PCURVE('',#7131,#7136);
#7131 = PLANE('',#7132);
#7132 = AXIS2_PLACEMENT_3D('',#7133,#7134,#7135);
#7133 = CARTESIAN_POINT('',(55.825176609652,-31.3,-1.916572240666E-15));
#7134 = DIRECTION('',(2.959433255715E-14,-1.,-6.123233995737E-17));
#7135 = DIRECTION('',(0.,-6.123233995737E-17,1.));
#7136 = DEFINITIONAL_REPRESENTATION('',(#7137),#7141);
#7137 = LINE('',#7138,#7139);
#7138 = CARTESIAN_POINT('',(0.,-0.));
#7139 = VECTOR('',#7140,1.);
#7140 = DIRECTION('',(1.,0.));
#7141 = ( GEOMETRIC_REPRESENTATION_CONTEXT(2) 
PARAMETRIC_REPRESENTATION_CONTEXT() REPRESENTATION_CONTEXT('2D SPACE',''
  ) );
#7142 = ORIENTED_EDGE('',*,*,#7143,.T.);
#7143 = EDGE_CURVE('',#7116,#7035,#7144,.T.);
#7144 = SURFACE_CURVE('',#7145,(#7150,#7157),.PCURVE_S1.);
#7145 = CIRCLE('',#7146,1.5);
#7146 = AXIS2_PLACEMENT_3D('',#7147,#7148,#7149);
#7147 = CARTESIAN_POINT('',(55.825176609652,-29.8,-1.82472373073E-15));
#7148 = DIRECTION('',(0.,-6.123233995737E-17,1.));
#7149 = DIRECTION('',(1.,0.,0.));
#7150 = PCURVE('',#7050,#7151);
#7151 = DEFINITIONAL_REPRESENTATION('',(#7152),#7156);
#7152 = LINE('',#7153,#7154);
#7153 = CARTESIAN_POINT('',(-1.570796326795,0.));
#7154 = VECTOR('',#7155,1.);
#7155 = DIRECTION('',(1.,0.));
#7156 = ( GEOMETRIC_REPRESENTATION_CONTEXT(2) 
PARAMETRIC_REPRESENTATION_CONTEXT() REPRESENTATION_CONTEXT('2D SPACE',''
  ) );
#7157 = PCURVE('',#4208,#7158);
#7158 = DEFINITIONAL_REPRESENTATION('',(#7159),#7167);
#7159 = ( BOUNDED_CURVE() B_SPLINE_CURVE(2,(#7160,#7161,#7162,#7163,
#7164,#7165,#7166),.UNSPECIFIED.,.T.,.F.) B_SPLINE_CURVE_WITH_KNOTS((1,2
    ,2,2,2,1),(-2.094395102393,0.,2.094395102393,4.188790204786,
6.28318530718,8.377580409573),.UNSPECIFIED.) CURVE() 
GEOMETRIC_REPRESENTATION_ITEM() RATIONAL_B_SPLINE_CURVE((1.,0.5,1.,0.5,
1.,0.5,1.)) REPRESENTATION_ITEM('') );
#7160 = CARTESIAN_POINT('',(-57.32517660965,-29.8));
#7161 = CARTESIAN_POINT('',(-57.32517660965,-27.20192378864));
#7162 = CARTESIAN_POINT('',(-55.07517660965,-28.50096189432));
#7163 = CARTESIAN_POINT('',(-52.82517660965,-29.8));
#7164 = CARTESIAN_POINT('',(-55.07517660965,-31.09903810567));
#7165 = CARTESIAN_POINT('',(-57.32517660965,-32.39807621135));
#7166 = CARTESIAN_POINT('',(-57.32517660965,-29.8));
#7167 = ( GEOMETRIC_REPRESENTATION_CONTEXT(2) 
PARAMETRIC_REPRESENTATION_CONTEXT() REPRESENTATION_CONTEXT('2D SPACE',''
  ) );
#7168 = ORIENTED_EDGE('',*,*,#7034,.T.);
#7169 = ADVANCED_FACE('',(#7170),#7131,.T.);
#7170 = FACE_BOUND('',#7171,.T.);
#7171 = EDGE_LOOP('',(#7172,#7195,#7223,#7244));
#7172 = ORIENTED_EDGE('',*,*,#7173,.T.);
#7173 = EDGE_CURVE('',#7088,#7174,#7176,.T.);
#7174 = VERTEX_POINT('',#7175);
#7175 = CARTESIAN_POINT('',(55.375,-31.3,2.));
#7176 = SURFACE_CURVE('',#7177,(#7181,#7188),.PCURVE_S1.);
#7177 = LINE('',#7178,#7179);
#7178 = CARTESIAN_POINT('',(55.825176609652,-31.3,2.));
#7179 = VECTOR('',#7180,1.);
#7180 = DIRECTION('',(-1.,-2.959433255715E-14,-1.812130231951E-30));
#7181 = PCURVE('',#7131,#7182);
#7182 = DEFINITIONAL_REPRESENTATION('',(#7183),#7187);
#7183 = LINE('',#7184,#7185);
#7184 = CARTESIAN_POINT('',(2.,-3.624260463901E-30));
#7185 = VECTOR('',#7186,1.);
#7186 = DIRECTION('',(3.503246160812E-46,1.));
#7187 = ( GEOMETRIC_REPRESENTATION_CONTEXT(2) 
PARAMETRIC_REPRESENTATION_CONTEXT() REPRESENTATION_CONTEXT('2D SPACE',''
  ) );
#7188 = PCURVE('',#1371,#7189);
#7189 = DEFINITIONAL_REPRESENTATION('',(#7190),#7194);
#7190 = LINE('',#7191,#7192);
#7191 = CARTESIAN_POINT('',(-55.84902723929,-31.3));
#7192 = VECTOR('',#7193,1.);
#7193 = DIRECTION('',(1.,-2.959433255715E-14));
#7194 = ( GEOMETRIC_REPRESENTATION_CONTEXT(2) 
PARAMETRIC_REPRESENTATION_CONTEXT() REPRESENTATION_CONTEXT('2D SPACE',''
  ) );
#7195 = ORIENTED_EDGE('',*,*,#7196,.F.);
#7196 = EDGE_CURVE('',#7197,#7174,#7199,.T.);
#7197 = VERTEX_POINT('',#7198);
#7198 = CARTESIAN_POINT('',(55.375,-31.3,-1.916572240666E-15));
#7199 = SURFACE_CURVE('',#7200,(#7204,#7211),.PCURVE_S1.);
#7200 = LINE('',#7201,#7202);
#7201 = CARTESIAN_POINT('',(55.375,-31.3,-1.916572240666E-15));
#7202 = VECTOR('',#7203,1.);
#7203 = DIRECTION('',(0.,-6.123233995737E-17,1.));
#7204 = PCURVE('',#7131,#7205);
#7205 = DEFINITIONAL_REPRESENTATION('',(#7206),#7210);
#7206 = LINE('',#7207,#7208);
#7207 = CARTESIAN_POINT('',(8.1302981785E-32,0.450176609652));
#7208 = VECTOR('',#7209,1.);
#7209 = DIRECTION('',(1.,0.));
#7210 = ( GEOMETRIC_REPRESENTATION_CONTEXT(2) 
PARAMETRIC_REPRESENTATION_CONTEXT() REPRESENTATION_CONTEXT('2D SPACE',''
  ) );
#7211 = PCURVE('',#7212,#7217);
#7212 = CYLINDRICAL_SURFACE('',#7213,4.);
#7213 = AXIS2_PLACEMENT_3D('',#7214,#7215,#7216);
#7214 = CARTESIAN_POINT('',(55.375,-35.3,-2.161501600495E-15));
#7215 = DIRECTION('',(0.,-6.123233995737E-17,1.));
#7216 = DIRECTION('',(-2.22044604925E-15,1.,6.123233995737E-17));
#7217 = DEFINITIONAL_REPRESENTATION('',(#7218),#7222);
#7218 = LINE('',#7219,#7220);
#7219 = CARTESIAN_POINT('',(0.,-7.88860905221E-31));
#7220 = VECTOR('',#7221,1.);
#7221 = DIRECTION('',(0.,1.));
#7222 = ( GEOMETRIC_REPRESENTATION_CONTEXT(2) 
PARAMETRIC_REPRESENTATION_CONTEXT() REPRESENTATION_CONTEXT('2D SPACE',''
  ) );
#7223 = ORIENTED_EDGE('',*,*,#7224,.F.);
#7224 = EDGE_CURVE('',#7116,#7197,#7225,.T.);
#7225 = SURFACE_CURVE('',#7226,(#7230,#7237),.PCURVE_S1.);
#7226 = LINE('',#7227,#7228);
#7227 = CARTESIAN_POINT('',(0.,-31.3,-1.916572240666E-15));
#7228 = VECTOR('',#7229,1.);
#7229 = DIRECTION('',(-1.,0.,0.));
#7230 = PCURVE('',#7131,#7231);
#7231 = DEFINITIONAL_REPRESENTATION('',(#7232),#7236);
#7232 = LINE('',#7233,#7234);
#7233 = CARTESIAN_POINT('',(1.823559961592E-31,55.825176609652));
#7234 = VECTOR('',#7235,1.);
#7235 = DIRECTION('',(0.,1.));
#7236 = ( GEOMETRIC_REPRESENTATION_CONTEXT(2) 
PARAMETRIC_REPRESENTATION_CONTEXT() REPRESENTATION_CONTEXT('2D SPACE',''
  ) );
#7237 = PCURVE('',#4208,#7238);
#7238 = DEFINITIONAL_REPRESENTATION('',(#7239),#7243);
#7239 = LINE('',#7240,#7241);
#7240 = CARTESIAN_POINT('',(-0.,-31.3));
#7241 = VECTOR('',#7242,1.);
#7242 = DIRECTION('',(1.,0.));
#7243 = ( GEOMETRIC_REPRESENTATION_CONTEXT(2) 
PARAMETRIC_REPRESENTATION_CONTEXT() REPRESENTATION_CONTEXT('2D SPACE',''
  ) );
#7244 = ORIENTED_EDGE('',*,*,#7115,.T.);
#7245 = ADVANCED_FACE('',(#7246),#7212,.F.);
#7246 = FACE_BOUND('',#7247,.F.);
#7247 = EDGE_LOOP('',(#7248,#7249,#7277,#7305));
#7248 = ORIENTED_EDGE('',*,*,#7196,.F.);
#7249 = ORIENTED_EDGE('',*,*,#7250,.T.);
#7250 = EDGE_CURVE('',#7197,#7251,#7253,.T.);
#7251 = VERTEX_POINT('',#7252);
#7252 = CARTESIAN_POINT('',(51.375,-35.3,-2.161501600495E-15));
#7253 = SURFACE_CURVE('',#7254,(#7259,#7266),.PCURVE_S1.);
#7254 = CIRCLE('',#7255,4.);
#7255 = AXIS2_PLACEMENT_3D('',#7256,#7257,#7258);
#7256 = CARTESIAN_POINT('',(55.375,-35.3,-2.161501600495E-15));
#7257 = DIRECTION('',(0.,-6.123233995737E-17,1.));
#7258 = DIRECTION('',(1.,0.,0.));
#7259 = PCURVE('',#7212,#7260);
#7260 = DEFINITIONAL_REPRESENTATION('',(#7261),#7265);
#7261 = LINE('',#7262,#7263);
#7262 = CARTESIAN_POINT('',(-1.570796326795,0.));
#7263 = VECTOR('',#7264,1.);
#7264 = DIRECTION('',(1.,0.));
#7265 = ( GEOMETRIC_REPRESENTATION_CONTEXT(2) 
PARAMETRIC_REPRESENTATION_CONTEXT() REPRESENTATION_CONTEXT('2D SPACE',''
  ) );
#7266 = PCURVE('',#4208,#7267);
#7267 = DEFINITIONAL_REPRESENTATION('',(#7268),#7276);
#7268 = ( BOUNDED_CURVE() B_SPLINE_CURVE(2,(#7269,#7270,#7271,#7272,
#7273,#7274,#7275),.UNSPECIFIED.,.T.,.F.) B_SPLINE_CURVE_WITH_KNOTS((1,2
    ,2,2,2,1),(-2.094395102393,0.,2.094395102393,4.188790204786,
6.28318530718,8.377580409573),.UNSPECIFIED.) CURVE() 
GEOMETRIC_REPRESENTATION_ITEM() RATIONAL_B_SPLINE_CURVE((1.,0.5,1.,0.5,
1.,0.5,1.)) REPRESENTATION_ITEM('') );
#7269 = CARTESIAN_POINT('',(-59.375,-35.3));
#7270 = CARTESIAN_POINT('',(-59.375,-28.37179676972));
#7271 = CARTESIAN_POINT('',(-53.375,-31.83589838486));
#7272 = CARTESIAN_POINT('',(-47.375,-35.3));
#7273 = CARTESIAN_POINT('',(-53.375,-38.76410161513));
#7274 = CARTESIAN_POINT('',(-59.375,-42.22820323027));
#7275 = CARTESIAN_POINT('',(-59.375,-35.3));
#7276 = ( GEOMETRIC_REPRESENTATION_CONTEXT(2) 
PARAMETRIC_REPRESENTATION_CONTEXT() REPRESENTATION_CONTEXT('2D SPACE',''
  ) );
#7277 = ORIENTED_EDGE('',*,*,#7278,.F.);
#7278 = EDGE_CURVE('',#7279,#7251,#7281,.T.);
#7279 = VERTEX_POINT('',#7280);
#7280 = CARTESIAN_POINT('',(51.375,-35.3,2.));
#7281 = SURFACE_CURVE('',#7282,(#7286,#7293),.PCURVE_S1.);
#7282 = LINE('',#7283,#7284);
#7283 = CARTESIAN_POINT('',(51.375,-35.3,-2.161501600495E-15));
#7284 = VECTOR('',#7285,1.);
#7285 = DIRECTION('',(0.,6.123233995737E-17,-1.));
#7286 = PCURVE('',#7212,#7287);
#7287 = DEFINITIONAL_REPRESENTATION('',(#7288),#7292);
#7288 = LINE('',#7289,#7290);
#7289 = CARTESIAN_POINT('',(1.570796326795,0.));
#7290 = VECTOR('',#7291,1.);
#7291 = DIRECTION('',(0.,-1.));
#7292 = ( GEOMETRIC_REPRESENTATION_CONTEXT(2) 
PARAMETRIC_REPRESENTATION_CONTEXT() REPRESENTATION_CONTEXT('2D SPACE',''
  ) );
#7293 = PCURVE('',#7294,#7299);
#7294 = PLANE('',#7295);
#7295 = AXIS2_PLACEMENT_3D('',#7296,#7297,#7298);
#7296 = CARTESIAN_POINT('',(51.375,-35.3,-2.161501600495E-15));
#7297 = DIRECTION('',(1.,3.947459643112E-14,2.41712190835E-30));
#7298 = DIRECTION('',(-5.95551847338E-45,6.123233995737E-17,-1.));
#7299 = DEFINITIONAL_REPRESENTATION('',(#7300),#7304);
#7300 = LINE('',#7301,#7302);
#7301 = CARTESIAN_POINT('',(0.,0.));
#7302 = VECTOR('',#7303,1.);
#7303 = DIRECTION('',(1.,0.));
#7304 = ( GEOMETRIC_REPRESENTATION_CONTEXT(2) 
PARAMETRIC_REPRESENTATION_CONTEXT() REPRESENTATION_CONTEXT('2D SPACE',''
  ) );
#7305 = ORIENTED_EDGE('',*,*,#7306,.F.);
#7306 = EDGE_CURVE('',#7174,#7279,#7307,.T.);
#7307 = SURFACE_CURVE('',#7308,(#7313,#7320),.PCURVE_S1.);
#7308 = CIRCLE('',#7309,4.);
#7309 = AXIS2_PLACEMENT_3D('',#7310,#7311,#7312);
#7310 = CARTESIAN_POINT('',(55.375,-35.3,2.));
#7311 = DIRECTION('',(0.,-6.123233995737E-17,1.));
#7312 = DIRECTION('',(1.,0.,0.));
#7313 = PCURVE('',#7212,#7314);
#7314 = DEFINITIONAL_REPRESENTATION('',(#7315),#7319);
#7315 = LINE('',#7316,#7317);
#7316 = CARTESIAN_POINT('',(-1.570796326795,2.));
#7317 = VECTOR('',#7318,1.);
#7318 = DIRECTION('',(1.,0.));
#7319 = ( GEOMETRIC_REPRESENTATION_CONTEXT(2) 
PARAMETRIC_REPRESENTATION_CONTEXT() REPRESENTATION_CONTEXT('2D SPACE',''
  ) );
#7320 = PCURVE('',#1371,#7321);
#7321 = DEFINITIONAL_REPRESENTATION('',(#7322),#7330);
#7322 = ( BOUNDED_CURVE() B_SPLINE_CURVE(2,(#7323,#7324,#7325,#7326,
#7327,#7328,#7329),.UNSPECIFIED.,.T.,.F.) B_SPLINE_CURVE_WITH_KNOTS((1,2
    ,2,2,2,1),(-2.094395102393,0.,2.094395102393,4.188790204786,
6.28318530718,8.377580409573),.UNSPECIFIED.) CURVE() 
GEOMETRIC_REPRESENTATION_ITEM() RATIONAL_B_SPLINE_CURVE((1.,0.5,1.,0.5,
1.,0.5,1.)) REPRESENTATION_ITEM('') );
#7323 = CARTESIAN_POINT('',(-59.39885062963,-35.3));
#7324 = CARTESIAN_POINT('',(-59.39885062963,-28.37179676972));
#7325 = CARTESIAN_POINT('',(-53.39885062963,-31.83589838486));
#7326 = CARTESIAN_POINT('',(-47.39885062963,-35.3));
#7327 = CARTESIAN_POINT('',(-53.39885062963,-38.76410161513));
#7328 = CARTESIAN_POINT('',(-59.39885062963,-42.22820323027));
#7329 = CARTESIAN_POINT('',(-59.39885062963,-35.3));
#7330 = ( GEOMETRIC_REPRESENTATION_CONTEXT(2) 
PARAMETRIC_REPRESENTATION_CONTEXT() REPRESENTATION_CONTEXT('2D SPACE',''
  ) );
#7331 = ADVANCED_FACE('',(#7332),#7294,.T.);
#7332 = FACE_BOUND('',#7333,.T.);
#7333 = EDGE_LOOP('',(#7334,#7357,#7385,#7406));
#7334 = ORIENTED_EDGE('',*,*,#7335,.F.);
#7335 = EDGE_CURVE('',#7336,#7279,#7338,.T.);
#7336 = VERTEX_POINT('',#7337);
#7337 = CARTESIAN_POINT('',(51.375,-35.75,2.));
#7338 = SURFACE_CURVE('',#7339,(#7343,#7350),.PCURVE_S1.);
#7339 = LINE('',#7340,#7341);
#7340 = CARTESIAN_POINT('',(51.375,-35.3,2.));
#7341 = VECTOR('',#7342,1.);
#7342 = DIRECTION('',(-3.947459643112E-14,1.,6.123233995737E-17));
#7343 = PCURVE('',#7294,#7344);
#7344 = DEFINITIONAL_REPRESENTATION('',(#7345),#7349);
#7345 = LINE('',#7346,#7347);
#7346 = CARTESIAN_POINT('',(-2.,1.224646799147E-16));
#7347 = VECTOR('',#7348,1.);
#7348 = DIRECTION('',(0.,1.));
#7349 = ( GEOMETRIC_REPRESENTATION_CONTEXT(2) 
PARAMETRIC_REPRESENTATION_CONTEXT() REPRESENTATION_CONTEXT('2D SPACE',''
  ) );
#7350 = PCURVE('',#1371,#7351);
#7351 = DEFINITIONAL_REPRESENTATION('',(#7352),#7356);
#7352 = LINE('',#7353,#7354);
#7353 = CARTESIAN_POINT('',(-51.39885062963,-35.3));
#7354 = VECTOR('',#7355,1.);
#7355 = DIRECTION('',(3.947459643112E-14,1.));
#7356 = ( GEOMETRIC_REPRESENTATION_CONTEXT(2) 
PARAMETRIC_REPRESENTATION_CONTEXT() REPRESENTATION_CONTEXT('2D SPACE',''
  ) );
#7357 = ORIENTED_EDGE('',*,*,#7358,.F.);
#7358 = EDGE_CURVE('',#7359,#7336,#7361,.T.);
#7359 = VERTEX_POINT('',#7360);
#7360 = CARTESIAN_POINT('',(51.375,-35.75,-2.189056153476E-15));
#7361 = SURFACE_CURVE('',#7362,(#7366,#7373),.PCURVE_S1.);
#7362 = LINE('',#7363,#7364);
#7363 = CARTESIAN_POINT('',(51.375,-35.75,-2.189056153476E-15));
#7364 = VECTOR('',#7365,1.);
#7365 = DIRECTION('',(0.,-6.123233995737E-17,1.));
#7366 = PCURVE('',#7294,#7367);
#7367 = DEFINITIONAL_REPRESENTATION('',(#7368),#7372);
#7368 = LINE('',#7369,#7370);
#7369 = CARTESIAN_POINT('',(-5.515863360725E-30,-0.45));
#7370 = VECTOR('',#7371,1.);
#7371 = DIRECTION('',(-1.,0.));
#7372 = ( GEOMETRIC_REPRESENTATION_CONTEXT(2) 
PARAMETRIC_REPRESENTATION_CONTEXT() REPRESENTATION_CONTEXT('2D SPACE',''
  ) );
#7373 = PCURVE('',#7374,#7379);
#7374 = CYLINDRICAL_SURFACE('',#7375,1.5);
#7375 = AXIS2_PLACEMENT_3D('',#7376,#7377,#7378);
#7376 = CARTESIAN_POINT('',(49.875,-35.75,-2.189056153476E-15));
#7377 = DIRECTION('',(0.,-6.123233995737E-17,1.));
#7378 = DIRECTION('',(0.,1.,6.123233995737E-17));
#7379 = DEFINITIONAL_REPRESENTATION('',(#7380),#7384);
#7380 = LINE('',#7381,#7382);
#7381 = CARTESIAN_POINT('',(4.712388980385,0.));
#7382 = VECTOR('',#7383,1.);
#7383 = DIRECTION('',(0.,1.));
#7384 = ( GEOMETRIC_REPRESENTATION_CONTEXT(2) 
PARAMETRIC_REPRESENTATION_CONTEXT() REPRESENTATION_CONTEXT('2D SPACE',''
  ) );
#7385 = ORIENTED_EDGE('',*,*,#7386,.T.);
#7386 = EDGE_CURVE('',#7359,#7251,#7387,.T.);
#7387 = SURFACE_CURVE('',#7388,(#7392,#7399),.PCURVE_S1.);
#7388 = LINE('',#7389,#7390);
#7389 = CARTESIAN_POINT('',(51.375,0.,0.));
#7390 = VECTOR('',#7391,1.);
#7391 = DIRECTION('',(0.,1.,6.123233995737E-17));
#7392 = PCURVE('',#7294,#7393);
#7393 = DEFINITIONAL_REPRESENTATION('',(#7394),#7398);
#7394 = LINE('',#7395,#7396);
#7395 = CARTESIAN_POINT('',(-3.944304526105E-31,35.3));
#7396 = VECTOR('',#7397,1.);
#7397 = DIRECTION('',(0.,1.));
#7398 = ( GEOMETRIC_REPRESENTATION_CONTEXT(2) 
PARAMETRIC_REPRESENTATION_CONTEXT() REPRESENTATION_CONTEXT('2D SPACE',''
  ) );
#7399 = PCURVE('',#4208,#7400);
#7400 = DEFINITIONAL_REPRESENTATION('',(#7401),#7405);
#7401 = LINE('',#7402,#7403);
#7402 = CARTESIAN_POINT('',(-51.375,0.));
#7403 = VECTOR('',#7404,1.);
#7404 = DIRECTION('',(0.,1.));
#7405 = ( GEOMETRIC_REPRESENTATION_CONTEXT(2) 
PARAMETRIC_REPRESENTATION_CONTEXT() REPRESENTATION_CONTEXT('2D SPACE',''
  ) );
#7406 = ORIENTED_EDGE('',*,*,#7278,.F.);
#7407 = ADVANCED_FACE('',(#7408),#7374,.T.);
#7408 = FACE_BOUND('',#7409,.T.);
#7409 = EDGE_LOOP('',(#7410,#7438,#7466,#7492));
#7410 = ORIENTED_EDGE('',*,*,#7411,.F.);
#7411 = EDGE_CURVE('',#7412,#7336,#7414,.T.);
#7412 = VERTEX_POINT('',#7413);
#7413 = CARTESIAN_POINT('',(49.875,-37.25,2.));
#7414 = SURFACE_CURVE('',#7415,(#7420,#7427),.PCURVE_S1.);
#7415 = CIRCLE('',#7416,1.5);
#7416 = AXIS2_PLACEMENT_3D('',#7417,#7418,#7419);
#7417 = CARTESIAN_POINT('',(49.875,-35.75,2.));
#7418 = DIRECTION('',(0.,-6.123233995737E-17,1.));
#7419 = DIRECTION('',(1.,0.,0.));
#7420 = PCURVE('',#7374,#7421);
#7421 = DEFINITIONAL_REPRESENTATION('',(#7422),#7426);
#7422 = LINE('',#7423,#7424);
#7423 = CARTESIAN_POINT('',(-1.570796326795,2.));
#7424 = VECTOR('',#7425,1.);
#7425 = DIRECTION('',(1.,0.));
#7426 = ( GEOMETRIC_REPRESENTATION_CONTEXT(2) 
PARAMETRIC_REPRESENTATION_CONTEXT() REPRESENTATION_CONTEXT('2D SPACE',''
  ) );
#7427 = PCURVE('',#1371,#7428);
#7428 = DEFINITIONAL_REPRESENTATION('',(#7429),#7437);
#7429 = ( BOUNDED_CURVE() B_SPLINE_CURVE(2,(#7430,#7431,#7432,#7433,
#7434,#7435,#7436),.UNSPECIFIED.,.T.,.F.) B_SPLINE_CURVE_WITH_KNOTS((1,2
    ,2,2,2,1),(-2.094395102393,0.,2.094395102393,4.188790204786,
6.28318530718,8.377580409573),.UNSPECIFIED.) CURVE() 
GEOMETRIC_REPRESENTATION_ITEM() RATIONAL_B_SPLINE_CURVE((1.,0.5,1.,0.5,
1.,0.5,1.)) REPRESENTATION_ITEM('') );
#7430 = CARTESIAN_POINT('',(-51.39885062963,-35.75));
#7431 = CARTESIAN_POINT('',(-51.39885062963,-33.15192378864));
#7432 = CARTESIAN_POINT('',(-49.14885062963,-34.45096189432));
#7433 = CARTESIAN_POINT('',(-46.89885062963,-35.75));
#7434 = CARTESIAN_POINT('',(-49.14885062963,-37.04903810567));
#7435 = CARTESIAN_POINT('',(-51.39885062963,-38.34807621135));
#7436 = CARTESIAN_POINT('',(-51.39885062963,-35.75));
#7437 = ( GEOMETRIC_REPRESENTATION_CONTEXT(2) 
PARAMETRIC_REPRESENTATION_CONTEXT() REPRESENTATION_CONTEXT('2D SPACE',''
  ) );
#7438 = ORIENTED_EDGE('',*,*,#7439,.F.);
#7439 = EDGE_CURVE('',#7440,#7412,#7442,.T.);
#7440 = VERTEX_POINT('',#7441);
#7441 = CARTESIAN_POINT('',(49.875,-37.25,-2.280904663412E-15));
#7442 = SURFACE_CURVE('',#7443,(#7447,#7454),.PCURVE_S1.);
#7443 = LINE('',#7444,#7445);
#7444 = CARTESIAN_POINT('',(49.875,-37.25,-2.280904663412E-15));
#7445 = VECTOR('',#7446,1.);
#7446 = DIRECTION('',(0.,-6.123233995737E-17,1.));
#7447 = PCURVE('',#7374,#7448);
#7448 = DEFINITIONAL_REPRESENTATION('',(#7449),#7453);
#7449 = LINE('',#7450,#7451);
#7450 = CARTESIAN_POINT('',(3.14159265359,1.972152263053E-30));
#7451 = VECTOR('',#7452,1.);
#7452 = DIRECTION('',(0.,1.));
#7453 = ( GEOMETRIC_REPRESENTATION_CONTEXT(2) 
PARAMETRIC_REPRESENTATION_CONTEXT() REPRESENTATION_CONTEXT('2D SPACE',''
  ) );
#7454 = PCURVE('',#7455,#7460);
#7455 = PLANE('',#7456);
#7456 = AXIS2_PLACEMENT_3D('',#7457,#7458,#7459);
#7457 = CARTESIAN_POINT('',(0.,-37.25,-2.280904663412E-15));
#7458 = DIRECTION('',(8.904044307771E-17,-1.,-6.123233995737E-17));
#7459 = DIRECTION('',(0.,-6.123233995737E-17,1.));
#7460 = DEFINITIONAL_REPRESENTATION('',(#7461),#7465);
#7461 = LINE('',#7462,#7463);
#7462 = CARTESIAN_POINT('',(-4.06514908925E-32,-49.875));
#7463 = VECTOR('',#7464,1.);
#7464 = DIRECTION('',(1.,0.));
#7465 = ( GEOMETRIC_REPRESENTATION_CONTEXT(2) 
PARAMETRIC_REPRESENTATION_CONTEXT() REPRESENTATION_CONTEXT('2D SPACE',''
  ) );
#7466 = ORIENTED_EDGE('',*,*,#7467,.T.);
#7467 = EDGE_CURVE('',#7440,#7359,#7468,.T.);
#7468 = SURFACE_CURVE('',#7469,(#7474,#7481),.PCURVE_S1.);
#7469 = CIRCLE('',#7470,1.5);
#7470 = AXIS2_PLACEMENT_3D('',#7471,#7472,#7473);
#7471 = CARTESIAN_POINT('',(49.875,-35.75,-2.189056153476E-15));
#7472 = DIRECTION('',(0.,-6.123233995737E-17,1.));
#7473 = DIRECTION('',(1.,0.,0.));
#7474 = PCURVE('',#7374,#7475);
#7475 = DEFINITIONAL_REPRESENTATION('',(#7476),#7480);
#7476 = LINE('',#7477,#7478);
#7477 = CARTESIAN_POINT('',(-1.570796326795,1.577721810442E-30));
#7478 = VECTOR('',#7479,1.);
#7479 = DIRECTION('',(1.,-2.511022249557E-31));
#7480 = ( GEOMETRIC_REPRESENTATION_CONTEXT(2) 
PARAMETRIC_REPRESENTATION_CONTEXT() REPRESENTATION_CONTEXT('2D SPACE',''
  ) );
#7481 = PCURVE('',#4208,#7482);
#7482 = DEFINITIONAL_REPRESENTATION('',(#7483),#7491);
#7483 = ( BOUNDED_CURVE() B_SPLINE_CURVE(2,(#7484,#7485,#7486,#7487,
#7488,#7489,#7490),.UNSPECIFIED.,.T.,.F.) B_SPLINE_CURVE_WITH_KNOTS((1,2
    ,2,2,2,1),(-2.094395102393,0.,2.094395102393,4.188790204786,
6.28318530718,8.377580409573),.UNSPECIFIED.) CURVE() 
GEOMETRIC_REPRESENTATION_ITEM() RATIONAL_B_SPLINE_CURVE((1.,0.5,1.,0.5,
1.,0.5,1.)) REPRESENTATION_ITEM('') );
#7484 = CARTESIAN_POINT('',(-51.375,-35.75));
#7485 = CARTESIAN_POINT('',(-51.375,-33.15192378864));
#7486 = CARTESIAN_POINT('',(-49.125,-34.45096189432));
#7487 = CARTESIAN_POINT('',(-46.875,-35.75));
#7488 = CARTESIAN_POINT('',(-49.125,-37.04903810567));
#7489 = CARTESIAN_POINT('',(-51.375,-38.34807621135));
#7490 = CARTESIAN_POINT('',(-51.375,-35.75));
#7491 = ( GEOMETRIC_REPRESENTATION_CONTEXT(2) 
PARAMETRIC_REPRESENTATION_CONTEXT() REPRESENTATION_CONTEXT('2D SPACE',''
  ) );
#7492 = ORIENTED_EDGE('',*,*,#7358,.T.);
#7493 = ADVANCED_FACE('',(#7494),#7455,.T.);
#7494 = FACE_BOUND('',#7495,.T.);
#7495 = EDGE_LOOP('',(#7496,#7519,#7547,#7568));
#7496 = ORIENTED_EDGE('',*,*,#7497,.T.);
#7497 = EDGE_CURVE('',#7412,#7498,#7500,.T.);
#7498 = VERTEX_POINT('',#7499);
#7499 = CARTESIAN_POINT('',(-49.875,-37.25,2.));
#7500 = SURFACE_CURVE('',#7501,(#7505,#7512),.PCURVE_S1.);
#7501 = LINE('',#7502,#7503);
#7502 = CARTESIAN_POINT('',(0.,-37.25,2.));
#7503 = VECTOR('',#7504,1.);
#7504 = DIRECTION('',(-1.,-8.904044307771E-17,-5.452154680489E-33));
#7505 = PCURVE('',#7455,#7506);
#7506 = DEFINITIONAL_REPRESENTATION('',(#7507),#7511);
#7507 = LINE('',#7508,#7509);
#7508 = CARTESIAN_POINT('',(2.,-2.180861872196E-32));
#7509 = VECTOR('',#7510,1.);
#7510 = DIRECTION('',(0.,1.));
#7511 = ( GEOMETRIC_REPRESENTATION_CONTEXT(2) 
PARAMETRIC_REPRESENTATION_CONTEXT() REPRESENTATION_CONTEXT('2D SPACE',''
  ) );
#7512 = PCURVE('',#1371,#7513);
#7513 = DEFINITIONAL_REPRESENTATION('',(#7514),#7518);
#7514 = LINE('',#7515,#7516);
#7515 = CARTESIAN_POINT('',(-2.385062963887E-02,-37.25));
#7516 = VECTOR('',#7517,1.);
#7517 = DIRECTION('',(1.,-8.904044307771E-17));
#7518 = ( GEOMETRIC_REPRESENTATION_CONTEXT(2) 
PARAMETRIC_REPRESENTATION_CONTEXT() REPRESENTATION_CONTEXT('2D SPACE',''
  ) );
#7519 = ORIENTED_EDGE('',*,*,#7520,.F.);
#7520 = EDGE_CURVE('',#7521,#7498,#7523,.T.);
#7521 = VERTEX_POINT('',#7522);
#7522 = CARTESIAN_POINT('',(-49.875,-37.25,-2.280904663412E-15));
#7523 = SURFACE_CURVE('',#7524,(#7528,#7535),.PCURVE_S1.);
#7524 = LINE('',#7525,#7526);
#7525 = CARTESIAN_POINT('',(-49.875,-37.25,-2.280904663412E-15));
#7526 = VECTOR('',#7527,1.);
#7527 = DIRECTION('',(0.,-6.123233995737E-17,1.));
#7528 = PCURVE('',#7455,#7529);
#7529 = DEFINITIONAL_REPRESENTATION('',(#7530),#7534);
#7530 = LINE('',#7531,#7532);
#7531 = CARTESIAN_POINT('',(4.06514908925E-32,49.875));
#7532 = VECTOR('',#7533,1.);
#7533 = DIRECTION('',(1.,0.));
#7534 = ( GEOMETRIC_REPRESENTATION_CONTEXT(2) 
PARAMETRIC_REPRESENTATION_CONTEXT() REPRESENTATION_CONTEXT('2D SPACE',''
  ) );
#7535 = PCURVE('',#7536,#7541);
#7536 = CYLINDRICAL_SURFACE('',#7537,1.5);
#7537 = AXIS2_PLACEMENT_3D('',#7538,#7539,#7540);
#7538 = CARTESIAN_POINT('',(-49.875,-35.75,-2.189056153476E-15));
#7539 = DIRECTION('',(0.,-6.123233995737E-17,1.));
#7540 = DIRECTION('',(1.,0.,0.));
#7541 = DEFINITIONAL_REPRESENTATION('',(#7542),#7546);
#7542 = LINE('',#7543,#7544);
#7543 = CARTESIAN_POINT('',(4.712388980385,1.972152263053E-30));
#7544 = VECTOR('',#7545,1.);
#7545 = DIRECTION('',(0.,1.));
#7546 = ( GEOMETRIC_REPRESENTATION_CONTEXT(2) 
PARAMETRIC_REPRESENTATION_CONTEXT() REPRESENTATION_CONTEXT('2D SPACE',''
  ) );
#7547 = ORIENTED_EDGE('',*,*,#7548,.F.);
#7548 = EDGE_CURVE('',#7440,#7521,#7549,.T.);
#7549 = SURFACE_CURVE('',#7550,(#7554,#7561),.PCURVE_S1.);
#7550 = LINE('',#7551,#7552);
#7551 = CARTESIAN_POINT('',(0.,-37.25,-2.280904663412E-15));
#7552 = VECTOR('',#7553,1.);
#7553 = DIRECTION('',(-1.,0.,0.));
#7554 = PCURVE('',#7455,#7555);
#7555 = DEFINITIONAL_REPRESENTATION('',(#7556),#7560);
#7556 = LINE('',#7557,#7558);
#7557 = CARTESIAN_POINT('',(0.,-0.));
#7558 = VECTOR('',#7559,1.);
#7559 = DIRECTION('',(0.,1.));
#7560 = ( GEOMETRIC_REPRESENTATION_CONTEXT(2) 
PARAMETRIC_REPRESENTATION_CONTEXT() REPRESENTATION_CONTEXT('2D SPACE',''
  ) );
#7561 = PCURVE('',#4208,#7562);
#7562 = DEFINITIONAL_REPRESENTATION('',(#7563),#7567);
#7563 = LINE('',#7564,#7565);
#7564 = CARTESIAN_POINT('',(-0.,-37.25));
#7565 = VECTOR('',#7566,1.);
#7566 = DIRECTION('',(1.,0.));
#7567 = ( GEOMETRIC_REPRESENTATION_CONTEXT(2) 
PARAMETRIC_REPRESENTATION_CONTEXT() REPRESENTATION_CONTEXT('2D SPACE',''
  ) );
#7568 = ORIENTED_EDGE('',*,*,#7439,.T.);
#7569 = ADVANCED_FACE('',(#7570),#7536,.T.);
#7570 = FACE_BOUND('',#7571,.T.);
#7571 = EDGE_LOOP('',(#7572,#7600,#7628,#7654));
#7572 = ORIENTED_EDGE('',*,*,#7573,.F.);
#7573 = EDGE_CURVE('',#7574,#7498,#7576,.T.);
#7574 = VERTEX_POINT('',#7575);
#7575 = CARTESIAN_POINT('',(-51.375,-35.75,2.));
#7576 = SURFACE_CURVE('',#7577,(#7582,#7589),.PCURVE_S1.);
#7577 = CIRCLE('',#7578,1.5);
#7578 = AXIS2_PLACEMENT_3D('',#7579,#7580,#7581);
#7579 = CARTESIAN_POINT('',(-49.875,-35.75,2.));
#7580 = DIRECTION('',(0.,-6.123233995737E-17,1.));
#7581 = DIRECTION('',(1.,0.,0.));
#7582 = PCURVE('',#7536,#7583);
#7583 = DEFINITIONAL_REPRESENTATION('',(#7584),#7588);
#7584 = LINE('',#7585,#7586);
#7585 = CARTESIAN_POINT('',(0.,2.));
#7586 = VECTOR('',#7587,1.);
#7587 = DIRECTION('',(1.,0.));
#7588 = ( GEOMETRIC_REPRESENTATION_CONTEXT(2) 
PARAMETRIC_REPRESENTATION_CONTEXT() REPRESENTATION_CONTEXT('2D SPACE',''
  ) );
#7589 = PCURVE('',#1371,#7590);
#7590 = DEFINITIONAL_REPRESENTATION('',(#7591),#7599);
#7591 = ( BOUNDED_CURVE() B_SPLINE_CURVE(2,(#7592,#7593,#7594,#7595,
#7596,#7597,#7598),.UNSPECIFIED.,.T.,.F.) B_SPLINE_CURVE_WITH_KNOTS((1,2
    ,2,2,2,1),(-2.094395102393,0.,2.094395102393,4.188790204786,
6.28318530718,8.377580409573),.UNSPECIFIED.) CURVE() 
GEOMETRIC_REPRESENTATION_ITEM() RATIONAL_B_SPLINE_CURVE((1.,0.5,1.,0.5,
1.,0.5,1.)) REPRESENTATION_ITEM('') );
#7592 = CARTESIAN_POINT('',(48.351149370361,-35.75));
#7593 = CARTESIAN_POINT('',(48.351149370361,-33.15192378864));
#7594 = CARTESIAN_POINT('',(50.601149370361,-34.45096189432));
#7595 = CARTESIAN_POINT('',(52.851149370361,-35.75));
#7596 = CARTESIAN_POINT('',(50.601149370361,-37.04903810567));
#7597 = CARTESIAN_POINT('',(48.351149370361,-38.34807621135));
#7598 = CARTESIAN_POINT('',(48.351149370361,-35.75));
#7599 = ( GEOMETRIC_REPRESENTATION_CONTEXT(2) 
PARAMETRIC_REPRESENTATION_CONTEXT() REPRESENTATION_CONTEXT('2D SPACE',''
  ) );
#7600 = ORIENTED_EDGE('',*,*,#7601,.F.);
#7601 = EDGE_CURVE('',#7602,#7574,#7604,.T.);
#7602 = VERTEX_POINT('',#7603);
#7603 = CARTESIAN_POINT('',(-51.375,-35.75,-2.189056153476E-15));
#7604 = SURFACE_CURVE('',#7605,(#7609,#7616),.PCURVE_S1.);
#7605 = LINE('',#7606,#7607);
#7606 = CARTESIAN_POINT('',(-51.375,-35.75,-2.189056153476E-15));
#7607 = VECTOR('',#7608,1.);
#7608 = DIRECTION('',(0.,-6.123233995737E-17,1.));
#7609 = PCURVE('',#7536,#7610);
#7610 = DEFINITIONAL_REPRESENTATION('',(#7611),#7615);
#7611 = LINE('',#7612,#7613);
#7612 = CARTESIAN_POINT('',(3.14159265359,0.));
#7613 = VECTOR('',#7614,1.);
#7614 = DIRECTION('',(0.,1.));
#7615 = ( GEOMETRIC_REPRESENTATION_CONTEXT(2) 
PARAMETRIC_REPRESENTATION_CONTEXT() REPRESENTATION_CONTEXT('2D SPACE',''
  ) );
#7616 = PCURVE('',#7617,#7622);
#7617 = PLANE('',#7618);
#7618 = AXIS2_PLACEMENT_3D('',#7619,#7620,#7621);
#7619 = CARTESIAN_POINT('',(-51.375,-35.75,-2.189056153476E-15));
#7620 = DIRECTION('',(-1.,1.973729821556E-14,1.208560954175E-30));
#7621 = DIRECTION('',(1.050973848244E-45,-6.123233995737E-17,1.));
#7622 = DEFINITIONAL_REPRESENTATION('',(#7623),#7627);
#7623 = LINE('',#7624,#7625);
#7624 = CARTESIAN_POINT('',(0.,0.));
#7625 = VECTOR('',#7626,1.);
#7626 = DIRECTION('',(1.,0.));
#7627 = ( GEOMETRIC_REPRESENTATION_CONTEXT(2) 
PARAMETRIC_REPRESENTATION_CONTEXT() REPRESENTATION_CONTEXT('2D SPACE',''
  ) );
#7628 = ORIENTED_EDGE('',*,*,#7629,.T.);
#7629 = EDGE_CURVE('',#7602,#7521,#7630,.T.);
#7630 = SURFACE_CURVE('',#7631,(#7636,#7643),.PCURVE_S1.);
#7631 = CIRCLE('',#7632,1.5);
#7632 = AXIS2_PLACEMENT_3D('',#7633,#7634,#7635);
#7633 = CARTESIAN_POINT('',(-49.875,-35.75,-2.189056153476E-15));
#7634 = DIRECTION('',(0.,-6.123233995737E-17,1.));
#7635 = DIRECTION('',(1.,0.,0.));
#7636 = PCURVE('',#7536,#7637);
#7637 = DEFINITIONAL_REPRESENTATION('',(#7638),#7642);
#7638 = LINE('',#7639,#7640);
#7639 = CARTESIAN_POINT('',(0.,-7.88860905221E-31));
#7640 = VECTOR('',#7641,1.);
#7641 = DIRECTION('',(1.,2.511022249557E-31));
#7642 = ( GEOMETRIC_REPRESENTATION_CONTEXT(2) 
PARAMETRIC_REPRESENTATION_CONTEXT() REPRESENTATION_CONTEXT('2D SPACE',''
  ) );
#7643 = PCURVE('',#4208,#7644);
#7644 = DEFINITIONAL_REPRESENTATION('',(#7645),#7653);
#7645 = ( BOUNDED_CURVE() B_SPLINE_CURVE(2,(#7646,#7647,#7648,#7649,
#7650,#7651,#7652),.UNSPECIFIED.,.T.,.F.) B_SPLINE_CURVE_WITH_KNOTS((1,2
    ,2,2,2,1),(-2.094395102393,0.,2.094395102393,4.188790204786,
6.28318530718,8.377580409573),.UNSPECIFIED.) CURVE() 
GEOMETRIC_REPRESENTATION_ITEM() RATIONAL_B_SPLINE_CURVE((1.,0.5,1.,0.5,
1.,0.5,1.)) REPRESENTATION_ITEM('') );
#7646 = CARTESIAN_POINT('',(48.375,-35.75));
#7647 = CARTESIAN_POINT('',(48.375,-33.15192378864));
#7648 = CARTESIAN_POINT('',(50.625,-34.45096189432));
#7649 = CARTESIAN_POINT('',(52.875,-35.75));
#7650 = CARTESIAN_POINT('',(50.625,-37.04903810567));
#7651 = CARTESIAN_POINT('',(48.375,-38.34807621135));
#7652 = CARTESIAN_POINT('',(48.375,-35.75));
#7653 = ( GEOMETRIC_REPRESENTATION_CONTEXT(2) 
PARAMETRIC_REPRESENTATION_CONTEXT() REPRESENTATION_CONTEXT('2D SPACE',''
  ) );
#7654 = ORIENTED_EDGE('',*,*,#7520,.T.);
#7655 = ADVANCED_FACE('',(#7656),#7617,.T.);
#7656 = FACE_BOUND('',#7657,.T.);
#7657 = EDGE_LOOP('',(#7658,#7681,#7709,#7730));
#7658 = ORIENTED_EDGE('',*,*,#7659,.T.);
#7659 = EDGE_CURVE('',#7574,#7660,#7662,.T.);
#7660 = VERTEX_POINT('',#7661);
#7661 = CARTESIAN_POINT('',(-51.375,-35.3,2.));
#7662 = SURFACE_CURVE('',#7663,(#7667,#7674),.PCURVE_S1.);
#7663 = LINE('',#7664,#7665);
#7664 = CARTESIAN_POINT('',(-51.375,-35.75,2.));
#7665 = VECTOR('',#7666,1.);
#7666 = DIRECTION('',(1.973729821556E-14,1.,6.123233995737E-17));
#7667 = PCURVE('',#7617,#7668);
#7668 = DEFINITIONAL_REPRESENTATION('',(#7669),#7673);
#7669 = LINE('',#7670,#7671);
#7670 = CARTESIAN_POINT('',(2.,1.224646799147E-16));
#7671 = VECTOR('',#7672,1.);
#7672 = DIRECTION('',(0.,1.));
#7673 = ( GEOMETRIC_REPRESENTATION_CONTEXT(2) 
PARAMETRIC_REPRESENTATION_CONTEXT() REPRESENTATION_CONTEXT('2D SPACE',''
  ) );
#7674 = PCURVE('',#1371,#7675);
#7675 = DEFINITIONAL_REPRESENTATION('',(#7676),#7680);
#7676 = LINE('',#7677,#7678);
#7677 = CARTESIAN_POINT('',(51.351149370361,-35.75));
#7678 = VECTOR('',#7679,1.);
#7679 = DIRECTION('',(-1.973729821556E-14,1.));
#7680 = ( GEOMETRIC_REPRESENTATION_CONTEXT(2) 
PARAMETRIC_REPRESENTATION_CONTEXT() REPRESENTATION_CONTEXT('2D SPACE',''
  ) );
#7681 = ORIENTED_EDGE('',*,*,#7682,.F.);
#7682 = EDGE_CURVE('',#7683,#7660,#7685,.T.);
#7683 = VERTEX_POINT('',#7684);
#7684 = CARTESIAN_POINT('',(-51.375,-35.3,-2.161501600495E-15));
#7685 = SURFACE_CURVE('',#7686,(#7690,#7697),.PCURVE_S1.);
#7686 = LINE('',#7687,#7688);
#7687 = CARTESIAN_POINT('',(-51.375,-35.3,-2.161501600495E-15));
#7688 = VECTOR('',#7689,1.);
#7689 = DIRECTION('',(0.,-6.123233995737E-17,1.));
#7690 = PCURVE('',#7617,#7691);
#7691 = DEFINITIONAL_REPRESENTATION('',(#7692),#7696);
#7692 = LINE('',#7693,#7694);
#7693 = CARTESIAN_POINT('',(-5.515863360725E-30,0.45));
#7694 = VECTOR('',#7695,1.);
#7695 = DIRECTION('',(1.,0.));
#7696 = ( GEOMETRIC_REPRESENTATION_CONTEXT(2) 
PARAMETRIC_REPRESENTATION_CONTEXT() REPRESENTATION_CONTEXT('2D SPACE',''
  ) );
#7697 = PCURVE('',#7698,#7703);
#7698 = CYLINDRICAL_SURFACE('',#7699,4.);
#7699 = AXIS2_PLACEMENT_3D('',#7700,#7701,#7702);
#7700 = CARTESIAN_POINT('',(-55.375,-35.3,-2.161501600495E-15));
#7701 = DIRECTION('',(0.,-6.123233995737E-17,1.));
#7702 = DIRECTION('',(1.,0.,0.));
#7703 = DEFINITIONAL_REPRESENTATION('',(#7704),#7708);
#7704 = LINE('',#7705,#7706);
#7705 = CARTESIAN_POINT('',(0.,0.));
#7706 = VECTOR('',#7707,1.);
#7707 = DIRECTION('',(0.,1.));
#7708 = ( GEOMETRIC_REPRESENTATION_CONTEXT(2) 
PARAMETRIC_REPRESENTATION_CONTEXT() REPRESENTATION_CONTEXT('2D SPACE',''
  ) );
#7709 = ORIENTED_EDGE('',*,*,#7710,.F.);
#7710 = EDGE_CURVE('',#7602,#7683,#7711,.T.);
#7711 = SURFACE_CURVE('',#7712,(#7716,#7723),.PCURVE_S1.);
#7712 = LINE('',#7713,#7714);
#7713 = CARTESIAN_POINT('',(-51.375,0.,0.));
#7714 = VECTOR('',#7715,1.);
#7715 = DIRECTION('',(0.,1.,6.123233995737E-17));
#7716 = PCURVE('',#7617,#7717);
#7717 = DEFINITIONAL_REPRESENTATION('',(#7718),#7722);
#7718 = LINE('',#7719,#7720);
#7719 = CARTESIAN_POINT('',(-5.127595883937E-30,35.75));
#7720 = VECTOR('',#7721,1.);
#7721 = DIRECTION('',(0.,1.));
#7722 = ( GEOMETRIC_REPRESENTATION_CONTEXT(2) 
PARAMETRIC_REPRESENTATION_CONTEXT() REPRESENTATION_CONTEXT('2D SPACE',''
  ) );
#7723 = PCURVE('',#4208,#7724);
#7724 = DEFINITIONAL_REPRESENTATION('',(#7725),#7729);
#7725 = LINE('',#7726,#7727);
#7726 = CARTESIAN_POINT('',(51.375,0.));
#7727 = VECTOR('',#7728,1.);
#7728 = DIRECTION('',(0.,1.));
#7729 = ( GEOMETRIC_REPRESENTATION_CONTEXT(2) 
PARAMETRIC_REPRESENTATION_CONTEXT() REPRESENTATION_CONTEXT('2D SPACE',''
  ) );
#7730 = ORIENTED_EDGE('',*,*,#7601,.T.);
#7731 = ADVANCED_FACE('',(#7732),#7698,.F.);
#7732 = FACE_BOUND('',#7733,.F.);
#7733 = EDGE_LOOP('',(#7734,#7735,#7763,#7791));
#7734 = ORIENTED_EDGE('',*,*,#7682,.F.);
#7735 = ORIENTED_EDGE('',*,*,#7736,.T.);
#7736 = EDGE_CURVE('',#7683,#7737,#7739,.T.);
#7737 = VERTEX_POINT('',#7738);
#7738 = CARTESIAN_POINT('',(-55.375,-31.3,-1.916572240666E-15));
#7739 = SURFACE_CURVE('',#7740,(#7745,#7752),.PCURVE_S1.);
#7740 = CIRCLE('',#7741,4.);
#7741 = AXIS2_PLACEMENT_3D('',#7742,#7743,#7744);
#7742 = CARTESIAN_POINT('',(-55.375,-35.3,-2.161501600495E-15));
#7743 = DIRECTION('',(0.,-6.123233995737E-17,1.));
#7744 = DIRECTION('',(1.,0.,0.));
#7745 = PCURVE('',#7698,#7746);
#7746 = DEFINITIONAL_REPRESENTATION('',(#7747),#7751);
#7747 = LINE('',#7748,#7749);
#7748 = CARTESIAN_POINT('',(0.,0.));
#7749 = VECTOR('',#7750,1.);
#7750 = DIRECTION('',(1.,0.));
#7751 = ( GEOMETRIC_REPRESENTATION_CONTEXT(2) 
PARAMETRIC_REPRESENTATION_CONTEXT() REPRESENTATION_CONTEXT('2D SPACE',''
  ) );
#7752 = PCURVE('',#4208,#7753);
#7753 = DEFINITIONAL_REPRESENTATION('',(#7754),#7762);
#7754 = ( BOUNDED_CURVE() B_SPLINE_CURVE(2,(#7755,#7756,#7757,#7758,
#7759,#7760,#7761),.UNSPECIFIED.,.T.,.F.) B_SPLINE_CURVE_WITH_KNOTS((1,2
    ,2,2,2,1),(-2.094395102393,0.,2.094395102393,4.188790204786,
6.28318530718,8.377580409573),.UNSPECIFIED.) CURVE() 
GEOMETRIC_REPRESENTATION_ITEM() RATIONAL_B_SPLINE_CURVE((1.,0.5,1.,0.5,
1.,0.5,1.)) REPRESENTATION_ITEM('') );
#7755 = CARTESIAN_POINT('',(51.375,-35.3));
#7756 = CARTESIAN_POINT('',(51.375,-28.37179676972));
#7757 = CARTESIAN_POINT('',(57.375,-31.83589838486));
#7758 = CARTESIAN_POINT('',(63.375,-35.3));
#7759 = CARTESIAN_POINT('',(57.375,-38.76410161513));
#7760 = CARTESIAN_POINT('',(51.375,-42.22820323027));
#7761 = CARTESIAN_POINT('',(51.375,-35.3));
#7762 = ( GEOMETRIC_REPRESENTATION_CONTEXT(2) 
PARAMETRIC_REPRESENTATION_CONTEXT() REPRESENTATION_CONTEXT('2D SPACE',''
  ) );
#7763 = ORIENTED_EDGE('',*,*,#7764,.T.);
#7764 = EDGE_CURVE('',#7737,#7765,#7767,.T.);
#7765 = VERTEX_POINT('',#7766);
#7766 = CARTESIAN_POINT('',(-55.375,-31.3,2.));
#7767 = SURFACE_CURVE('',#7768,(#7772,#7779),.PCURVE_S1.);
#7768 = LINE('',#7769,#7770);
#7769 = CARTESIAN_POINT('',(-55.375,-31.3,-1.916572240666E-15));
#7770 = VECTOR('',#7771,1.);
#7771 = DIRECTION('',(0.,-6.123233995737E-17,1.));
#7772 = PCURVE('',#7698,#7773);
#7773 = DEFINITIONAL_REPRESENTATION('',(#7774),#7778);
#7774 = LINE('',#7775,#7776);
#7775 = CARTESIAN_POINT('',(1.570796326795,-7.88860905221E-31));
#7776 = VECTOR('',#7777,1.);
#7777 = DIRECTION('',(0.,1.));
#7778 = ( GEOMETRIC_REPRESENTATION_CONTEXT(2) 
PARAMETRIC_REPRESENTATION_CONTEXT() REPRESENTATION_CONTEXT('2D SPACE',''
  ) );
#7779 = PCURVE('',#7780,#7785);
#7780 = PLANE('',#7781);
#7781 = AXIS2_PLACEMENT_3D('',#7782,#7783,#7784);
#7782 = CARTESIAN_POINT('',(-55.375,-31.3,-1.916572240666E-15));
#7783 = DIRECTION('',(8.884922523151E-15,-1.,-6.123233995737E-17));
#7784 = DIRECTION('',(0.,-6.123233995737E-17,1.));
#7785 = DEFINITIONAL_REPRESENTATION('',(#7786),#7790);
#7786 = LINE('',#7787,#7788);
#7787 = CARTESIAN_POINT('',(0.,-0.));
#7788 = VECTOR('',#7789,1.);
#7789 = DIRECTION('',(1.,0.));
#7790 = ( GEOMETRIC_REPRESENTATION_CONTEXT(2) 
PARAMETRIC_REPRESENTATION_CONTEXT() REPRESENTATION_CONTEXT('2D SPACE',''
  ) );
#7791 = ORIENTED_EDGE('',*,*,#7792,.F.);
#7792 = EDGE_CURVE('',#7660,#7765,#7793,.T.);
#7793 = SURFACE_CURVE('',#7794,(#7799,#7806),.PCURVE_S1.);
#7794 = CIRCLE('',#7795,4.);
#7795 = AXIS2_PLACEMENT_3D('',#7796,#7797,#7798);
#7796 = CARTESIAN_POINT('',(-55.375,-35.3,2.));
#7797 = DIRECTION('',(0.,-6.123233995737E-17,1.));
#7798 = DIRECTION('',(1.,0.,0.));
#7799 = PCURVE('',#7698,#7800);
#7800 = DEFINITIONAL_REPRESENTATION('',(#7801),#7805);
#7801 = LINE('',#7802,#7803);
#7802 = CARTESIAN_POINT('',(0.,2.));
#7803 = VECTOR('',#7804,1.);
#7804 = DIRECTION('',(1.,0.));
#7805 = ( GEOMETRIC_REPRESENTATION_CONTEXT(2) 
PARAMETRIC_REPRESENTATION_CONTEXT() REPRESENTATION_CONTEXT('2D SPACE',''
  ) );
#7806 = PCURVE('',#1371,#7807);
#7807 = DEFINITIONAL_REPRESENTATION('',(#7808),#7816);
#7808 = ( BOUNDED_CURVE() B_SPLINE_CURVE(2,(#7809,#7810,#7811,#7812,
#7813,#7814,#7815),.UNSPECIFIED.,.T.,.F.) B_SPLINE_CURVE_WITH_KNOTS((1,2
    ,2,2,2,1),(-2.094395102393,0.,2.094395102393,4.188790204786,
6.28318530718,8.377580409573),.UNSPECIFIED.) CURVE() 
GEOMETRIC_REPRESENTATION_ITEM() RATIONAL_B_SPLINE_CURVE((1.,0.5,1.,0.5,
1.,0.5,1.)) REPRESENTATION_ITEM('') );
#7809 = CARTESIAN_POINT('',(51.351149370361,-35.3));
#7810 = CARTESIAN_POINT('',(51.351149370361,-28.37179676972));
#7811 = CARTESIAN_POINT('',(57.351149370361,-31.83589838486));
#7812 = CARTESIAN_POINT('',(63.351149370361,-35.3));
#7813 = CARTESIAN_POINT('',(57.351149370361,-38.76410161513));
#7814 = CARTESIAN_POINT('',(51.351149370361,-42.22820323027));
#7815 = CARTESIAN_POINT('',(51.351149370361,-35.3));
#7816 = ( GEOMETRIC_REPRESENTATION_CONTEXT(2) 
PARAMETRIC_REPRESENTATION_CONTEXT() REPRESENTATION_CONTEXT('2D SPACE',''
  ) );
#7817 = ADVANCED_FACE('',(#7818),#7780,.T.);
#7818 = FACE_BOUND('',#7819,.T.);
#7819 = EDGE_LOOP('',(#7820,#7843,#7871,#7892));
#7820 = ORIENTED_EDGE('',*,*,#7821,.T.);
#7821 = EDGE_CURVE('',#7765,#7822,#7824,.T.);
#7822 = VERTEX_POINT('',#7823);
#7823 = CARTESIAN_POINT('',(-55.87482339034,-31.3,2.));
#7824 = SURFACE_CURVE('',#7825,(#7829,#7836),.PCURVE_S1.);
#7825 = LINE('',#7826,#7827);
#7826 = CARTESIAN_POINT('',(-55.375,-31.3,2.));
#7827 = VECTOR('',#7828,1.);
#7828 = DIRECTION('',(-1.,-8.884922523151E-15,-5.440445964325E-31));
#7829 = PCURVE('',#7780,#7830);
#7830 = DEFINITIONAL_REPRESENTATION('',(#7831),#7835);
#7831 = LINE('',#7832,#7833);
#7832 = CARTESIAN_POINT('',(2.,-1.088089192865E-30));
#7833 = VECTOR('',#7834,1.);
#7834 = DIRECTION('',(5.254869241218E-46,1.));
#7835 = ( GEOMETRIC_REPRESENTATION_CONTEXT(2) 
PARAMETRIC_REPRESENTATION_CONTEXT() REPRESENTATION_CONTEXT('2D SPACE',''
  ) );
#7836 = PCURVE('',#1371,#7837);
#7837 = DEFINITIONAL_REPRESENTATION('',(#7838),#7842);
#7838 = LINE('',#7839,#7840);
#7839 = CARTESIAN_POINT('',(55.351149370361,-31.3));
#7840 = VECTOR('',#7841,1.);
#7841 = DIRECTION('',(1.,-8.884922523151E-15));
#7842 = ( GEOMETRIC_REPRESENTATION_CONTEXT(2) 
PARAMETRIC_REPRESENTATION_CONTEXT() REPRESENTATION_CONTEXT('2D SPACE',''
  ) );
#7843 = ORIENTED_EDGE('',*,*,#7844,.F.);
#7844 = EDGE_CURVE('',#7845,#7822,#7847,.T.);
#7845 = VERTEX_POINT('',#7846);
#7846 = CARTESIAN_POINT('',(-55.87482339034,-31.3,-1.916572240666E-15));
#7847 = SURFACE_CURVE('',#7848,(#7852,#7859),.PCURVE_S1.);
#7848 = LINE('',#7849,#7850);
#7849 = CARTESIAN_POINT('',(-55.87482339034,-31.3,-1.916572240666E-15));
#7850 = VECTOR('',#7851,1.);
#7851 = DIRECTION('',(0.,-6.123233995737E-17,1.));
#7852 = PCURVE('',#7780,#7853);
#7853 = DEFINITIONAL_REPRESENTATION('',(#7854),#7858);
#7854 = LINE('',#7855,#7856);
#7855 = CARTESIAN_POINT('',(-1.76889480859E-31,0.499823390348));
#7856 = VECTOR('',#7857,1.);
#7857 = DIRECTION('',(1.,0.));
#7858 = ( GEOMETRIC_REPRESENTATION_CONTEXT(2) 
PARAMETRIC_REPRESENTATION_CONTEXT() REPRESENTATION_CONTEXT('2D SPACE',''
  ) );
#7859 = PCURVE('',#7860,#7865);
#7860 = CYLINDRICAL_SURFACE('',#7861,1.5);
#7861 = AXIS2_PLACEMENT_3D('',#7862,#7863,#7864);
#7862 = CARTESIAN_POINT('',(-55.87482339035,-29.8,-1.82472373073E-15));
#7863 = DIRECTION('',(0.,-6.123233995737E-17,1.));
#7864 = DIRECTION('',(1.,-9.769962616701E-14,-5.982376723166E-30));
#7865 = DEFINITIONAL_REPRESENTATION('',(#7866),#7870);
#7866 = LINE('',#7867,#7868);
#7867 = CARTESIAN_POINT('',(4.712388980386,-8.283039504821E-30));
#7868 = VECTOR('',#7869,1.);
#7869 = DIRECTION('',(0.,1.));
#7870 = ( GEOMETRIC_REPRESENTATION_CONTEXT(2) 
PARAMETRIC_REPRESENTATION_CONTEXT() REPRESENTATION_CONTEXT('2D SPACE',''
  ) );
#7871 = ORIENTED_EDGE('',*,*,#7872,.F.);
#7872 = EDGE_CURVE('',#7737,#7845,#7873,.T.);
#7873 = SURFACE_CURVE('',#7874,(#7878,#7885),.PCURVE_S1.);
#7874 = LINE('',#7875,#7876);
#7875 = CARTESIAN_POINT('',(0.,-31.3,-1.916572240666E-15));
#7876 = VECTOR('',#7877,1.);
#7877 = DIRECTION('',(-1.,0.,0.));
#7878 = PCURVE('',#7780,#7879);
#7879 = DEFINITIONAL_REPRESENTATION('',(#7880),#7884);
#7880 = LINE('',#7881,#7882);
#7881 = CARTESIAN_POINT('',(-4.393970330893E-32,-55.375));
#7882 = VECTOR('',#7883,1.);
#7883 = DIRECTION('',(0.,1.));
#7884 = ( GEOMETRIC_REPRESENTATION_CONTEXT(2) 
PARAMETRIC_REPRESENTATION_CONTEXT() REPRESENTATION_CONTEXT('2D SPACE',''
  ) );
#7885 = PCURVE('',#4208,#7886);
#7886 = DEFINITIONAL_REPRESENTATION('',(#7887),#7891);
#7887 = LINE('',#7888,#7889);
#7888 = CARTESIAN_POINT('',(-0.,-31.3));
#7889 = VECTOR('',#7890,1.);
#7890 = DIRECTION('',(1.,0.));
#7891 = ( GEOMETRIC_REPRESENTATION_CONTEXT(2) 
PARAMETRIC_REPRESENTATION_CONTEXT() REPRESENTATION_CONTEXT('2D SPACE',''
  ) );
#7892 = ORIENTED_EDGE('',*,*,#7764,.T.);
#7893 = ADVANCED_FACE('',(#7894),#7860,.T.);
#7894 = FACE_BOUND('',#7895,.T.);
#7895 = EDGE_LOOP('',(#7896,#7924,#7947,#7973));
#7896 = ORIENTED_EDGE('',*,*,#7897,.F.);
#7897 = EDGE_CURVE('',#7898,#7822,#7900,.T.);
#7898 = VERTEX_POINT('',#7899);
#7899 = CARTESIAN_POINT('',(-57.37482339034,-29.8,2.));
#7900 = SURFACE_CURVE('',#7901,(#7906,#7913),.PCURVE_S1.);
#7901 = CIRCLE('',#7902,1.5);
#7902 = AXIS2_PLACEMENT_3D('',#7903,#7904,#7905);
#7903 = CARTESIAN_POINT('',(-55.87482339035,-29.8,2.));
#7904 = DIRECTION('',(0.,-6.123233995737E-17,1.));
#7905 = DIRECTION('',(1.,0.,0.));
#7906 = PCURVE('',#7860,#7907);
#7907 = DEFINITIONAL_REPRESENTATION('',(#7908),#7912);
#7908 = LINE('',#7909,#7910);
#7909 = CARTESIAN_POINT('',(9.681144774731E-14,2.));
#7910 = VECTOR('',#7911,1.);
#7911 = DIRECTION('',(1.,0.));
#7912 = ( GEOMETRIC_REPRESENTATION_CONTEXT(2) 
PARAMETRIC_REPRESENTATION_CONTEXT() REPRESENTATION_CONTEXT('2D SPACE',''
  ) );
#7913 = PCURVE('',#1371,#7914);
#7914 = DEFINITIONAL_REPRESENTATION('',(#7915),#7923);
#7915 = ( BOUNDED_CURVE() B_SPLINE_CURVE(2,(#7916,#7917,#7918,#7919,
#7920,#7921,#7922),.UNSPECIFIED.,.T.,.F.) B_SPLINE_CURVE_WITH_KNOTS((1,2
    ,2,2,2,1),(-2.094395102393,0.,2.094395102393,4.188790204786,
6.28318530718,8.377580409573),.UNSPECIFIED.) CURVE() 
GEOMETRIC_REPRESENTATION_ITEM() RATIONAL_B_SPLINE_CURVE((1.,0.5,1.,0.5,
1.,0.5,1.)) REPRESENTATION_ITEM('') );
#7916 = CARTESIAN_POINT('',(54.350972760712,-29.8));
#7917 = CARTESIAN_POINT('',(54.350972760712,-27.20192378864));
#7918 = CARTESIAN_POINT('',(56.600972760712,-28.50096189432));
#7919 = CARTESIAN_POINT('',(58.850972760712,-29.8));
#7920 = CARTESIAN_POINT('',(56.600972760712,-31.09903810567));
#7921 = CARTESIAN_POINT('',(54.350972760712,-32.39807621135));
#7922 = CARTESIAN_POINT('',(54.350972760712,-29.8));
#7923 = ( GEOMETRIC_REPRESENTATION_CONTEXT(2) 
PARAMETRIC_REPRESENTATION_CONTEXT() REPRESENTATION_CONTEXT('2D SPACE',''
  ) );
#7924 = ORIENTED_EDGE('',*,*,#7925,.F.);
#7925 = EDGE_CURVE('',#7926,#7898,#7928,.T.);
#7926 = VERTEX_POINT('',#7927);
#7927 = CARTESIAN_POINT('',(-57.37482339034,-29.8,-1.82472373073E-15));
#7928 = SURFACE_CURVE('',#7929,(#7933,#7940),.PCURVE_S1.);
#7929 = LINE('',#7930,#7931);
#7930 = CARTESIAN_POINT('',(-57.37482339034,-29.8,-1.82472373073E-15));
#7931 = VECTOR('',#7932,1.);
#7932 = DIRECTION('',(0.,-6.123233995737E-17,1.));
#7933 = PCURVE('',#7860,#7934);
#7934 = DEFINITIONAL_REPRESENTATION('',(#7935),#7939);
#7935 = LINE('',#7936,#7937);
#7936 = CARTESIAN_POINT('',(3.14159265359,0.));
#7937 = VECTOR('',#7938,1.);
#7938 = DIRECTION('',(0.,1.));
#7939 = ( GEOMETRIC_REPRESENTATION_CONTEXT(2) 
PARAMETRIC_REPRESENTATION_CONTEXT() REPRESENTATION_CONTEXT('2D SPACE',''
  ) );
#7940 = PCURVE('',#6186,#7941);
#7941 = DEFINITIONAL_REPRESENTATION('',(#7942),#7946);
#7942 = LINE('',#7943,#7944);
#7943 = CARTESIAN_POINT('',(7.099748146989E-30,-29.8));
#7944 = VECTOR('',#7945,1.);
#7945 = DIRECTION('',(1.,0.));
#7946 = ( GEOMETRIC_REPRESENTATION_CONTEXT(2) 
PARAMETRIC_REPRESENTATION_CONTEXT() REPRESENTATION_CONTEXT('2D SPACE',''
  ) );
#7947 = ORIENTED_EDGE('',*,*,#7948,.T.);
#7948 = EDGE_CURVE('',#7926,#7845,#7949,.T.);
#7949 = SURFACE_CURVE('',#7950,(#7955,#7962),.PCURVE_S1.);
#7950 = CIRCLE('',#7951,1.5);
#7951 = AXIS2_PLACEMENT_3D('',#7952,#7953,#7954);
#7952 = CARTESIAN_POINT('',(-55.87482339035,-29.8,-1.82472373073E-15));
#7953 = DIRECTION('',(0.,-6.123233995737E-17,1.));
#7954 = DIRECTION('',(1.,0.,0.));
#7955 = PCURVE('',#7860,#7956);
#7956 = DEFINITIONAL_REPRESENTATION('',(#7957),#7961);
#7957 = LINE('',#7958,#7959);
#7958 = CARTESIAN_POINT('',(9.681144774731E-14,0.));
#7959 = VECTOR('',#7960,1.);
#7960 = DIRECTION('',(1.,0.));
#7961 = ( GEOMETRIC_REPRESENTATION_CONTEXT(2) 
PARAMETRIC_REPRESENTATION_CONTEXT() REPRESENTATION_CONTEXT('2D SPACE',''
  ) );
#7962 = PCURVE('',#4208,#7963);
#7963 = DEFINITIONAL_REPRESENTATION('',(#7964),#7972);
#7964 = ( BOUNDED_CURVE() B_SPLINE_CURVE(2,(#7965,#7966,#7967,#7968,
#7969,#7970,#7971),.UNSPECIFIED.,.T.,.F.) B_SPLINE_CURVE_WITH_KNOTS((1,2
    ,2,2,2,1),(-2.094395102393,0.,2.094395102393,4.188790204786,
6.28318530718,8.377580409573),.UNSPECIFIED.) CURVE() 
GEOMETRIC_REPRESENTATION_ITEM() RATIONAL_B_SPLINE_CURVE((1.,0.5,1.,0.5,
1.,0.5,1.)) REPRESENTATION_ITEM('') );
#7965 = CARTESIAN_POINT('',(54.37482339035,-29.8));
#7966 = CARTESIAN_POINT('',(54.37482339035,-27.20192378864));
#7967 = CARTESIAN_POINT('',(56.62482339035,-28.50096189432));
#7968 = CARTESIAN_POINT('',(58.87482339035,-29.8));
#7969 = CARTESIAN_POINT('',(56.62482339035,-31.09903810567));
#7970 = CARTESIAN_POINT('',(54.37482339035,-32.39807621135));
#7971 = CARTESIAN_POINT('',(54.37482339035,-29.8));
#7972 = ( GEOMETRIC_REPRESENTATION_CONTEXT(2) 
PARAMETRIC_REPRESENTATION_CONTEXT() REPRESENTATION_CONTEXT('2D SPACE',''
  ) );
#7973 = ORIENTED_EDGE('',*,*,#7844,.T.);
#7974 = ADVANCED_FACE('',(#7975),#6186,.T.);
#7975 = FACE_BOUND('',#7976,.T.);
#7976 = EDGE_LOOP('',(#7977,#7998,#7999,#8020));
#7977 = ORIENTED_EDGE('',*,*,#7978,.T.);
#7978 = EDGE_CURVE('',#7898,#6084,#7979,.T.);
#7979 = SURFACE_CURVE('',#7980,(#7984,#7991),.PCURVE_S1.);
#7980 = LINE('',#7981,#7982);
#7981 = CARTESIAN_POINT('',(-57.37482339034,-1.224646799147E-16,2.));
#7982 = VECTOR('',#7983,1.);
#7983 = DIRECTION('',(0.,1.,6.123233995737E-17));
#7984 = PCURVE('',#6186,#7985);
#7985 = DEFINITIONAL_REPRESENTATION('',(#7986),#7990);
#7986 = LINE('',#7987,#7988);
#7987 = CARTESIAN_POINT('',(2.,3.944304526105E-31));
#7988 = VECTOR('',#7989,1.);
#7989 = DIRECTION('',(0.,1.));
#7990 = ( GEOMETRIC_REPRESENTATION_CONTEXT(2) 
PARAMETRIC_REPRESENTATION_CONTEXT() REPRESENTATION_CONTEXT('2D SPACE',''
  ) );
#7991 = PCURVE('',#1371,#7992);
#7992 = DEFINITIONAL_REPRESENTATION('',(#7993),#7997);
#7993 = LINE('',#7994,#7995);
#7994 = CARTESIAN_POINT('',(57.350972760709,2.444572322347E-13));
#7995 = VECTOR('',#7996,1.);
#7996 = DIRECTION('',(0.,1.));
#7997 = ( GEOMETRIC_REPRESENTATION_CONTEXT(2) 
PARAMETRIC_REPRESENTATION_CONTEXT() REPRESENTATION_CONTEXT('2D SPACE',''
  ) );
#7998 = ORIENTED_EDGE('',*,*,#6172,.F.);
#7999 = ORIENTED_EDGE('',*,*,#8000,.F.);
#8000 = EDGE_CURVE('',#7926,#6145,#8001,.T.);
#8001 = SURFACE_CURVE('',#8002,(#8006,#8013),.PCURVE_S1.);
#8002 = LINE('',#8003,#8004);
#8003 = CARTESIAN_POINT('',(-57.37482339035,0.,0.));
#8004 = VECTOR('',#8005,1.);
#8005 = DIRECTION('',(0.,1.,6.123233995737E-17));
#8006 = PCURVE('',#6186,#8007);
#8007 = DEFINITIONAL_REPRESENTATION('',(#8008),#8012);
#8008 = LINE('',#8009,#8010);
#8009 = CARTESIAN_POINT('',(0.,0.));
#8010 = VECTOR('',#8011,1.);
#8011 = DIRECTION('',(0.,1.));
#8012 = ( GEOMETRIC_REPRESENTATION_CONTEXT(2) 
PARAMETRIC_REPRESENTATION_CONTEXT() REPRESENTATION_CONTEXT('2D SPACE',''
  ) );
#8013 = PCURVE('',#4208,#8014);
#8014 = DEFINITIONAL_REPRESENTATION('',(#8015),#8019);
#8015 = LINE('',#8016,#8017);
#8016 = CARTESIAN_POINT('',(57.37482339035,0.));
#8017 = VECTOR('',#8018,1.);
#8018 = DIRECTION('',(0.,1.));
#8019 = ( GEOMETRIC_REPRESENTATION_CONTEXT(2) 
PARAMETRIC_REPRESENTATION_CONTEXT() REPRESENTATION_CONTEXT('2D SPACE',''
  ) );
#8020 = ORIENTED_EDGE('',*,*,#7925,.T.);
#8021 = ADVANCED_FACE('',(#8022,#8044),#1371,.F.);
#8022 = FACE_BOUND('',#8023,.T.);
#8023 = EDGE_LOOP('',(#8024,#8025,#8026,#8027,#8028,#8029,#8030,#8031,
    #8032,#8033,#8034,#8035,#8036,#8037,#8038,#8039,#8040,#8041,#8042,
    #8043));
#8024 = ORIENTED_EDGE('',*,*,#2098,.F.);
#8025 = ORIENTED_EDGE('',*,*,#3903,.T.);
#8026 = ORIENTED_EDGE('',*,*,#6052,.F.);
#8027 = ORIENTED_EDGE('',*,*,#3853,.T.);
#8028 = ORIENTED_EDGE('',*,*,#3491,.F.);
#8029 = ORIENTED_EDGE('',*,*,#3388,.T.);
#8030 = ORIENTED_EDGE('',*,*,#6022,.F.);
#8031 = ORIENTED_EDGE('',*,*,#3311,.T.);
#8032 = ORIENTED_EDGE('',*,*,#2894,.T.);
#8033 = ORIENTED_EDGE('',*,*,#2366,.T.);
#8034 = ORIENTED_EDGE('',*,*,#5456,.T.);
#8035 = ORIENTED_EDGE('',*,*,#5993,.F.);
#8036 = ORIENTED_EDGE('',*,*,#5286,.T.);
#8037 = ORIENTED_EDGE('',*,*,#2868,.T.);
#8038 = ORIENTED_EDGE('',*,*,#2285,.T.);
#8039 = ORIENTED_EDGE('',*,*,#1354,.T.);
#8040 = ORIENTED_EDGE('',*,*,#5358,.F.);
#8041 = ORIENTED_EDGE('',*,*,#5963,.F.);
#8042 = ORIENTED_EDGE('',*,*,#5384,.T.);
#8043 = ORIENTED_EDGE('',*,*,#2021,.T.);
#8044 = FACE_BOUND('',#8045,.T.);
#8045 = EDGE_LOOP('',(#8046,#8047,#8048,#8049,#8050,#8051,#8052,#8053,
    #8054,#8055,#8056,#8057,#8058,#8059,#8060,#8061,#8062,#8063,#8064,
    #8065,#8066,#8067,#8068,#8069));
#8046 = ORIENTED_EDGE('',*,*,#6081,.T.);
#8047 = ORIENTED_EDGE('',*,*,#7978,.F.);
#8048 = ORIENTED_EDGE('',*,*,#7897,.T.);
#8049 = ORIENTED_EDGE('',*,*,#7821,.F.);
#8050 = ORIENTED_EDGE('',*,*,#7792,.F.);
#8051 = ORIENTED_EDGE('',*,*,#7659,.F.);
#8052 = ORIENTED_EDGE('',*,*,#7573,.T.);
#8053 = ORIENTED_EDGE('',*,*,#7497,.F.);
#8054 = ORIENTED_EDGE('',*,*,#7411,.T.);
#8055 = ORIENTED_EDGE('',*,*,#7335,.T.);
#8056 = ORIENTED_EDGE('',*,*,#7306,.F.);
#8057 = ORIENTED_EDGE('',*,*,#7173,.F.);
#8058 = ORIENTED_EDGE('',*,*,#7087,.T.);
#8059 = ORIENTED_EDGE('',*,*,#7011,.T.);
#8060 = ORIENTED_EDGE('',*,*,#6925,.T.);
#8061 = ORIENTED_EDGE('',*,*,#6849,.T.);
#8062 = ORIENTED_EDGE('',*,*,#6820,.F.);
#8063 = ORIENTED_EDGE('',*,*,#6687,.T.);
#8064 = ORIENTED_EDGE('',*,*,#6601,.T.);
#8065 = ORIENTED_EDGE('',*,*,#6525,.T.);
#8066 = ORIENTED_EDGE('',*,*,#6439,.T.);
#8067 = ORIENTED_EDGE('',*,*,#6363,.F.);
#8068 = ORIENTED_EDGE('',*,*,#6334,.F.);
#8069 = ORIENTED_EDGE('',*,*,#6201,.T.);
#8070 = ADVANCED_FACE('',(#8071),#5725,.T.);
#8071 = FACE_BOUND('',#8072,.T.);
#8072 = EDGE_LOOP('',(#8073,#8074,#8075,#8098));
#8073 = ORIENTED_EDGE('',*,*,#5711,.T.);
#8074 = ORIENTED_EDGE('',*,*,#5789,.F.);
#8075 = ORIENTED_EDGE('',*,*,#8076,.F.);
#8076 = EDGE_CURVE('',#8077,#5766,#8079,.T.);
#8077 = VERTEX_POINT('',#8078);
#8078 = CARTESIAN_POINT('',(55.,40.,2.449293598295E-15));
#8079 = SURFACE_CURVE('',#8080,(#8084,#8091),.PCURVE_S1.);
#8080 = LINE('',#8081,#8082);
#8081 = CARTESIAN_POINT('',(0.,40.,2.449293598295E-15));
#8082 = VECTOR('',#8083,1.);
#8083 = DIRECTION('',(-1.,0.,0.));
#8084 = PCURVE('',#5725,#8085);
#8085 = DEFINITIONAL_REPRESENTATION('',(#8086),#8090);
#8086 = LINE('',#8087,#8088);
#8087 = CARTESIAN_POINT('',(0.,0.));
#8088 = VECTOR('',#8089,1.);
#8089 = DIRECTION('',(0.,1.));
#8090 = ( GEOMETRIC_REPRESENTATION_CONTEXT(2) 
PARAMETRIC_REPRESENTATION_CONTEXT() REPRESENTATION_CONTEXT('2D SPACE',''
  ) );
#8091 = PCURVE('',#4208,#8092);
#8092 = DEFINITIONAL_REPRESENTATION('',(#8093),#8097);
#8093 = LINE('',#8094,#8095);
#8094 = CARTESIAN_POINT('',(0.,40.));
#8095 = VECTOR('',#8096,1.);
#8096 = DIRECTION('',(1.,0.));
#8097 = ( GEOMETRIC_REPRESENTATION_CONTEXT(2) 
PARAMETRIC_REPRESENTATION_CONTEXT() REPRESENTATION_CONTEXT('2D SPACE',''
  ) );
#8098 = ORIENTED_EDGE('',*,*,#8099,.T.);
#8099 = EDGE_CURVE('',#8077,#5653,#8100,.T.);
#8100 = SURFACE_CURVE('',#8101,(#8105,#8112),.PCURVE_S1.);
#8101 = LINE('',#8102,#8103);
#8102 = CARTESIAN_POINT('',(55.,40.,2.449293598295E-15));
#8103 = VECTOR('',#8104,1.);
#8104 = DIRECTION('',(0.,6.123233995737E-17,-1.));
#8105 = PCURVE('',#5725,#8106);
#8106 = DEFINITIONAL_REPRESENTATION('',(#8107),#8111);
#8107 = LINE('',#8108,#8109);
#8108 = CARTESIAN_POINT('',(0.,-55.));
#8109 = VECTOR('',#8110,1.);
#8110 = DIRECTION('',(1.,0.));
#8111 = ( GEOMETRIC_REPRESENTATION_CONTEXT(2) 
PARAMETRIC_REPRESENTATION_CONTEXT() REPRESENTATION_CONTEXT('2D SPACE',''
  ) );
#8112 = PCURVE('',#5691,#8113);
#8113 = DEFINITIONAL_REPRESENTATION('',(#8114),#8118);
#8114 = LINE('',#8115,#8116);
#8115 = CARTESIAN_POINT('',(0.,8.283039504821E-30));
#8116 = VECTOR('',#8117,1.);
#8117 = DIRECTION('',(0.,1.));
#8118 = ( GEOMETRIC_REPRESENTATION_CONTEXT(2) 
PARAMETRIC_REPRESENTATION_CONTEXT() REPRESENTATION_CONTEXT('2D SPACE',''
  ) );
#8119 = ADVANCED_FACE('',(#8120),#5578,.T.);
#8120 = FACE_BOUND('',#8121,.T.);
#8121 = EDGE_LOOP('',(#8122,#8123,#8146,#8168));
#8122 = ORIENTED_EDGE('',*,*,#5563,.T.);
#8123 = ORIENTED_EDGE('',*,*,#8124,.F.);
#8124 = EDGE_CURVE('',#8125,#5540,#8127,.T.);
#8125 = VERTEX_POINT('',#8126);
#8126 = CARTESIAN_POINT('',(60.,-35.,-2.143131898508E-15));
#8127 = SURFACE_CURVE('',#8128,(#8132,#8139),.PCURVE_S1.);
#8128 = LINE('',#8129,#8130);
#8129 = CARTESIAN_POINT('',(60.,-35.,-2.143131898508E-15));
#8130 = VECTOR('',#8131,1.);
#8131 = DIRECTION('',(0.,6.123233995737E-17,-1.));
#8132 = PCURVE('',#5578,#8133);
#8133 = DEFINITIONAL_REPRESENTATION('',(#8134),#8138);
#8134 = LINE('',#8135,#8136);
#8135 = CARTESIAN_POINT('',(0.,0.));
#8136 = VECTOR('',#8137,1.);
#8137 = DIRECTION('',(0.,1.));
#8138 = ( GEOMETRIC_REPRESENTATION_CONTEXT(2) 
PARAMETRIC_REPRESENTATION_CONTEXT() REPRESENTATION_CONTEXT('2D SPACE',''
  ) );
#8139 = PCURVE('',#5633,#8140);
#8140 = DEFINITIONAL_REPRESENTATION('',(#8141),#8145);
#8141 = LINE('',#8142,#8143);
#8142 = CARTESIAN_POINT('',(3.944304526105E-31,-35.));
#8143 = VECTOR('',#8144,1.);
#8144 = DIRECTION('',(1.,0.));
#8145 = ( GEOMETRIC_REPRESENTATION_CONTEXT(2) 
PARAMETRIC_REPRESENTATION_CONTEXT() REPRESENTATION_CONTEXT('2D SPACE',''
  ) );
#8146 = ORIENTED_EDGE('',*,*,#8147,.T.);
#8147 = EDGE_CURVE('',#8125,#5914,#8148,.T.);
#8148 = SURFACE_CURVE('',#8149,(#8154,#8161),.PCURVE_S1.);
#8149 = CIRCLE('',#8150,5.);
#8150 = AXIS2_PLACEMENT_3D('',#8151,#8152,#8153);
#8151 = CARTESIAN_POINT('',(55.,-35.,-2.143131898508E-15));
#8152 = DIRECTION('',(0.,6.123233995737E-17,-1.));
#8153 = DIRECTION('',(-1.,0.,0.));
#8154 = PCURVE('',#5578,#8155);
#8155 = DEFINITIONAL_REPRESENTATION('',(#8156),#8160);
#8156 = LINE('',#8157,#8158);
#8157 = CARTESIAN_POINT('',(-3.14159265359,-7.88860905221E-31));
#8158 = VECTOR('',#8159,1.);
#8159 = DIRECTION('',(1.,2.511022249557E-31));
#8160 = ( GEOMETRIC_REPRESENTATION_CONTEXT(2) 
PARAMETRIC_REPRESENTATION_CONTEXT() REPRESENTATION_CONTEXT('2D SPACE',''
  ) );
#8161 = PCURVE('',#4208,#8162);
#8162 = DEFINITIONAL_REPRESENTATION('',(#8163),#8167);
#8163 = CIRCLE('',#8164,5.);
#8164 = AXIS2_PLACEMENT_2D('',#8165,#8166);
#8165 = CARTESIAN_POINT('',(-55.,-35.));
#8166 = DIRECTION('',(1.,0.));
#8167 = ( GEOMETRIC_REPRESENTATION_CONTEXT(2) 
PARAMETRIC_REPRESENTATION_CONTEXT() REPRESENTATION_CONTEXT('2D SPACE',''
  ) );
#8168 = ORIENTED_EDGE('',*,*,#5913,.T.);
#8169 = ADVANCED_FACE('',(#8170),#5633,.T.);
#8170 = FACE_BOUND('',#8171,.T.);
#8171 = EDGE_LOOP('',(#8172,#8173,#8196,#8217));
#8172 = ORIENTED_EDGE('',*,*,#5619,.T.);
#8173 = ORIENTED_EDGE('',*,*,#8174,.F.);
#8174 = EDGE_CURVE('',#8175,#5596,#8177,.T.);
#8175 = VERTEX_POINT('',#8176);
#8176 = CARTESIAN_POINT('',(60.,35.,2.143131898508E-15));
#8177 = SURFACE_CURVE('',#8178,(#8182,#8189),.PCURVE_S1.);
#8178 = LINE('',#8179,#8180);
#8179 = CARTESIAN_POINT('',(60.,35.,2.143131898508E-15));
#8180 = VECTOR('',#8181,1.);
#8181 = DIRECTION('',(0.,6.123233995737E-17,-1.));
#8182 = PCURVE('',#5633,#8183);
#8183 = DEFINITIONAL_REPRESENTATION('',(#8184),#8188);
#8184 = LINE('',#8185,#8186);
#8185 = CARTESIAN_POINT('',(-3.944304526105E-31,35.));
#8186 = VECTOR('',#8187,1.);
#8187 = DIRECTION('',(1.,0.));
#8188 = ( GEOMETRIC_REPRESENTATION_CONTEXT(2) 
PARAMETRIC_REPRESENTATION_CONTEXT() REPRESENTATION_CONTEXT('2D SPACE',''
  ) );
#8189 = PCURVE('',#5691,#8190);
#8190 = DEFINITIONAL_REPRESENTATION('',(#8191),#8195);
#8191 = LINE('',#8192,#8193);
#8192 = CARTESIAN_POINT('',(1.570796326795,0.));
#8193 = VECTOR('',#8194,1.);
#8194 = DIRECTION('',(0.,1.));
#8195 = ( GEOMETRIC_REPRESENTATION_CONTEXT(2) 
PARAMETRIC_REPRESENTATION_CONTEXT() REPRESENTATION_CONTEXT('2D SPACE',''
  ) );
#8196 = ORIENTED_EDGE('',*,*,#8197,.F.);
#8197 = EDGE_CURVE('',#8125,#8175,#8198,.T.);
#8198 = SURFACE_CURVE('',#8199,(#8203,#8210),.PCURVE_S1.);
#8199 = LINE('',#8200,#8201);
#8200 = CARTESIAN_POINT('',(60.,0.,0.));
#8201 = VECTOR('',#8202,1.);
#8202 = DIRECTION('',(0.,1.,6.123233995737E-17));
#8203 = PCURVE('',#5633,#8204);
#8204 = DEFINITIONAL_REPRESENTATION('',(#8205),#8209);
#8205 = LINE('',#8206,#8207);
#8206 = CARTESIAN_POINT('',(0.,0.));
#8207 = VECTOR('',#8208,1.);
#8208 = DIRECTION('',(0.,1.));
#8209 = ( GEOMETRIC_REPRESENTATION_CONTEXT(2) 
PARAMETRIC_REPRESENTATION_CONTEXT() REPRESENTATION_CONTEXT('2D SPACE',''
  ) );
#8210 = PCURVE('',#4208,#8211);
#8211 = DEFINITIONAL_REPRESENTATION('',(#8212),#8216);
#8212 = LINE('',#8213,#8214);
#8213 = CARTESIAN_POINT('',(-60.,0.));
#8214 = VECTOR('',#8215,1.);
#8215 = DIRECTION('',(0.,1.));
#8216 = ( GEOMETRIC_REPRESENTATION_CONTEXT(2) 
PARAMETRIC_REPRESENTATION_CONTEXT() REPRESENTATION_CONTEXT('2D SPACE',''
  ) );
#8217 = ORIENTED_EDGE('',*,*,#8124,.T.);
#8218 = ADVANCED_FACE('',(#8219),#5691,.T.);
#8219 = FACE_BOUND('',#8220,.T.);
#8220 = EDGE_LOOP('',(#8221,#8222,#8223,#8245));
#8221 = ORIENTED_EDGE('',*,*,#5676,.T.);
#8222 = ORIENTED_EDGE('',*,*,#8099,.F.);
#8223 = ORIENTED_EDGE('',*,*,#8224,.T.);
#8224 = EDGE_CURVE('',#8077,#8175,#8225,.T.);
#8225 = SURFACE_CURVE('',#8226,(#8231,#8238),.PCURVE_S1.);
#8226 = CIRCLE('',#8227,5.);
#8227 = AXIS2_PLACEMENT_3D('',#8228,#8229,#8230);
#8228 = CARTESIAN_POINT('',(55.,35.,2.143131898508E-15));
#8229 = DIRECTION('',(0.,6.123233995737E-17,-1.));
#8230 = DIRECTION('',(-1.,0.,0.));
#8231 = PCURVE('',#5691,#8232);
#8232 = DEFINITIONAL_REPRESENTATION('',(#8233),#8237);
#8233 = LINE('',#8234,#8235);
#8234 = CARTESIAN_POINT('',(-1.570796326795,-7.88860905221E-31));
#8235 = VECTOR('',#8236,1.);
#8236 = DIRECTION('',(1.,2.511022249557E-31));
#8237 = ( GEOMETRIC_REPRESENTATION_CONTEXT(2) 
PARAMETRIC_REPRESENTATION_CONTEXT() REPRESENTATION_CONTEXT('2D SPACE',''
  ) );
#8238 = PCURVE('',#4208,#8239);
#8239 = DEFINITIONAL_REPRESENTATION('',(#8240),#8244);
#8240 = CIRCLE('',#8241,5.);
#8241 = AXIS2_PLACEMENT_2D('',#8242,#8243);
#8242 = CARTESIAN_POINT('',(-55.,35.));
#8243 = DIRECTION('',(1.,0.));
#8244 = ( GEOMETRIC_REPRESENTATION_CONTEXT(2) 
PARAMETRIC_REPRESENTATION_CONTEXT() REPRESENTATION_CONTEXT('2D SPACE',''
  ) );
#8245 = ORIENTED_EDGE('',*,*,#8174,.T.);
#8246 = ADVANCED_FACE('',(#8247,#8250,#8253,#8256,#8259,#8285),#4208,.F.
  );
#8247 = FACE_BOUND('',#8248,.T.);
#8248 = EDGE_LOOP('',(#8249));
#8249 = ORIENTED_EDGE('',*,*,#4191,.T.);
#8250 = FACE_BOUND('',#8251,.T.);
#8251 = EDGE_LOOP('',(#8252));
#8252 = ORIENTED_EDGE('',*,*,#4463,.T.);
#8253 = FACE_BOUND('',#8254,.T.);
#8254 = EDGE_LOOP('',(#8255));
#8255 = ORIENTED_EDGE('',*,*,#4775,.T.);
#8256 = FACE_BOUND('',#8257,.T.);
#8257 = EDGE_LOOP('',(#8258));
#8258 = ORIENTED_EDGE('',*,*,#5042,.T.);
#8259 = FACE_BOUND('',#8260,.T.);
#8260 = EDGE_LOOP('',(#8261,#8262,#8263,#8264,#8265,#8266,#8267,#8268,
    #8269,#8270,#8271,#8272,#8273,#8274,#8275,#8276,#8277,#8278,#8279,
    #8280,#8281,#8282,#8283,#8284));
#8261 = ORIENTED_EDGE('',*,*,#6144,.F.);
#8262 = ORIENTED_EDGE('',*,*,#6252,.F.);
#8263 = ORIENTED_EDGE('',*,*,#6278,.T.);
#8264 = ORIENTED_EDGE('',*,*,#6414,.T.);
#8265 = ORIENTED_EDGE('',*,*,#6495,.F.);
#8266 = ORIENTED_EDGE('',*,*,#6576,.F.);
#8267 = ORIENTED_EDGE('',*,*,#6657,.F.);
#8268 = ORIENTED_EDGE('',*,*,#6738,.F.);
#8269 = ORIENTED_EDGE('',*,*,#6764,.T.);
#8270 = ORIENTED_EDGE('',*,*,#6900,.F.);
#8271 = ORIENTED_EDGE('',*,*,#6981,.F.);
#8272 = ORIENTED_EDGE('',*,*,#7062,.F.);
#8273 = ORIENTED_EDGE('',*,*,#7143,.F.);
#8274 = ORIENTED_EDGE('',*,*,#7224,.T.);
#8275 = ORIENTED_EDGE('',*,*,#7250,.T.);
#8276 = ORIENTED_EDGE('',*,*,#7386,.F.);
#8277 = ORIENTED_EDGE('',*,*,#7467,.F.);
#8278 = ORIENTED_EDGE('',*,*,#7548,.T.);
#8279 = ORIENTED_EDGE('',*,*,#7629,.F.);
#8280 = ORIENTED_EDGE('',*,*,#7710,.T.);
#8281 = ORIENTED_EDGE('',*,*,#7736,.T.);
#8282 = ORIENTED_EDGE('',*,*,#7872,.T.);
#8283 = ORIENTED_EDGE('',*,*,#7948,.F.);
#8284 = ORIENTED_EDGE('',*,*,#8000,.T.);
#8285 = FACE_BOUND('',#8286,.T.);
#8286 = EDGE_LOOP('',(#8287,#8288,#8289,#8290,#8291,#8292,#8293,#8294));
#8287 = ORIENTED_EDGE('',*,*,#8224,.F.);
#8288 = ORIENTED_EDGE('',*,*,#8076,.T.);
#8289 = ORIENTED_EDGE('',*,*,#5765,.F.);
#8290 = ORIENTED_EDGE('',*,*,#5837,.F.);
#8291 = ORIENTED_EDGE('',*,*,#5886,.F.);
#8292 = ORIENTED_EDGE('',*,*,#5936,.F.);
#8293 = ORIENTED_EDGE('',*,*,#8147,.F.);
#8294 = ORIENTED_EDGE('',*,*,#8197,.T.);
#8295 = ADVANCED_FACE('',(#8296),#43,.F.);
#8296 = FACE_BOUND('',#8297,.F.);
#8297 = EDGE_LOOP('',(#8298,#8299,#8319,#8320));
#8298 = ORIENTED_EDGE('',*,*,#920,.F.);
#8299 = ORIENTED_EDGE('',*,*,#8300,.T.);
#8300 = EDGE_CURVE('',#921,#22,#8301,.T.);
#8301 = SEAM_CURVE('',#8302,(#8305,#8312),.PCURVE_S1.);
#8302 = B_SPLINE_CURVE_WITH_KNOTS('',1,(#8303,#8304),.UNSPECIFIED.,.F.,
  .F.,(2,2),(166.53430108163,168.53430108163),.PIECEWISE_BEZIER_KNOTS.);
#8303 = CARTESIAN_POINT('',(-48.,32.5,-4.));
#8304 = CARTESIAN_POINT('',(-48.,32.5,-2.));
#8305 = PCURVE('',#43,#8306);
#8306 = DEFINITIONAL_REPRESENTATION('',(#8307),#8311);
#8307 = LINE('',#8308,#8309);
#8308 = CARTESIAN_POINT('',(9.424777960769,0.));
#8309 = VECTOR('',#8310,1.);
#8310 = DIRECTION('',(0.,1.));
#8311 = ( GEOMETRIC_REPRESENTATION_CONTEXT(2) 
PARAMETRIC_REPRESENTATION_CONTEXT() REPRESENTATION_CONTEXT('2D SPACE',''
  ) );
#8312 = PCURVE('',#43,#8313);
#8313 = DEFINITIONAL_REPRESENTATION('',(#8314),#8318);
#8314 = LINE('',#8315,#8316);
#8315 = CARTESIAN_POINT('',(3.14159265359,0.));
#8316 = VECTOR('',#8317,1.);
#8317 = DIRECTION('',(0.,1.));
#8318 = ( GEOMETRIC_REPRESENTATION_CONTEXT(2) 
PARAMETRIC_REPRESENTATION_CONTEXT() REPRESENTATION_CONTEXT('2D SPACE',''
  ) );
#8319 = ORIENTED_EDGE('',*,*,#21,.T.);
#8320 = ORIENTED_EDGE('',*,*,#8300,.F.);
#8321 = ADVANCED_FACE('',(#8322),#74,.F.);
#8322 = FACE_BOUND('',#8323,.F.);
#8323 = EDGE_LOOP('',(#8324,#8325,#8345,#8346));
#8324 = ORIENTED_EDGE('',*,*,#894,.F.);
#8325 = ORIENTED_EDGE('',*,*,#8326,.T.);
#8326 = EDGE_CURVE('',#895,#58,#8327,.T.);
#8327 = SEAM_CURVE('',#8328,(#8331,#8338),.PCURVE_S1.);
#8328 = B_SPLINE_CURVE_WITH_KNOTS('',1,(#8329,#8330),.UNSPECIFIED.,.F.,
  .F.,(2,2),(166.53430108163,168.53430108163),.PIECEWISE_BEZIER_KNOTS.);
#8329 = CARTESIAN_POINT('',(4.5,-27.4,-4.));
#8330 = CARTESIAN_POINT('',(4.5,-27.4,-2.));
#8331 = PCURVE('',#74,#8332);
#8332 = DEFINITIONAL_REPRESENTATION('',(#8333),#8337);
#8333 = LINE('',#8334,#8335);
#8334 = CARTESIAN_POINT('',(9.424777960769,0.));
#8335 = VECTOR('',#8336,1.);
#8336 = DIRECTION('',(0.,1.));
#8337 = ( GEOMETRIC_REPRESENTATION_CONTEXT(2) 
PARAMETRIC_REPRESENTATION_CONTEXT() REPRESENTATION_CONTEXT('2D SPACE',''
  ) );
#8338 = PCURVE('',#74,#8339);
#8339 = DEFINITIONAL_REPRESENTATION('',(#8340),#8344);
#8340 = LINE('',#8341,#8342);
#8341 = CARTESIAN_POINT('',(3.14159265359,0.));
#8342 = VECTOR('',#8343,1.);
#8343 = DIRECTION('',(0.,1.));
#8344 = ( GEOMETRIC_REPRESENTATION_CONTEXT(2) 
PARAMETRIC_REPRESENTATION_CONTEXT() REPRESENTATION_CONTEXT('2D SPACE',''
  ) );
#8345 = ORIENTED_EDGE('',*,*,#57,.T.);
#8346 = ORIENTED_EDGE('',*,*,#8326,.F.);
#8347 = ADVANCED_FACE('',(#8348),#105,.F.);
#8348 = FACE_BOUND('',#8349,.F.);
#8349 = EDGE_LOOP('',(#8350,#8351,#8371,#8372));
#8350 = ORIENTED_EDGE('',*,*,#868,.F.);
#8351 = ORIENTED_EDGE('',*,*,#8352,.T.);
#8352 = EDGE_CURVE('',#869,#89,#8353,.T.);
#8353 = SEAM_CURVE('',#8354,(#8357,#8364),.PCURVE_S1.);
#8354 = B_SPLINE_CURVE_WITH_KNOTS('',1,(#8355,#8356),.UNSPECIFIED.,.F.,
  .F.,(2,2),(166.53430108163,168.53430108163),.PIECEWISE_BEZIER_KNOTS.);
#8355 = CARTESIAN_POINT('',(-15.5,32.5,-4.));
#8356 = CARTESIAN_POINT('',(-15.5,32.5,-2.));
#8357 = PCURVE('',#105,#8358);
#8358 = DEFINITIONAL_REPRESENTATION('',(#8359),#8363);
#8359 = LINE('',#8360,#8361);
#8360 = CARTESIAN_POINT('',(9.424777960769,0.));
#8361 = VECTOR('',#8362,1.);
#8362 = DIRECTION('',(0.,1.));
#8363 = ( GEOMETRIC_REPRESENTATION_CONTEXT(2) 
PARAMETRIC_REPRESENTATION_CONTEXT() REPRESENTATION_CONTEXT('2D SPACE',''
  ) );
#8364 = PCURVE('',#105,#8365);
#8365 = DEFINITIONAL_REPRESENTATION('',(#8366),#8370);
#8366 = LINE('',#8367,#8368);
#8367 = CARTESIAN_POINT('',(3.14159265359,0.));
#8368 = VECTOR('',#8369,1.);
#8369 = DIRECTION('',(0.,1.));
#8370 = ( GEOMETRIC_REPRESENTATION_CONTEXT(2) 
PARAMETRIC_REPRESENTATION_CONTEXT() REPRESENTATION_CONTEXT('2D SPACE',''
  ) );
#8371 = ORIENTED_EDGE('',*,*,#88,.T.);
#8372 = ORIENTED_EDGE('',*,*,#8352,.F.);
#8373 = ADVANCED_FACE('',(#8374),#136,.F.);
#8374 = FACE_BOUND('',#8375,.F.);
#8375 = EDGE_LOOP('',(#8376,#8377,#8397,#8398));
#8376 = ORIENTED_EDGE('',*,*,#842,.F.);
#8377 = ORIENTED_EDGE('',*,*,#8378,.T.);
#8378 = EDGE_CURVE('',#843,#120,#8379,.T.);
#8379 = SEAM_CURVE('',#8380,(#8383,#8390),.PCURVE_S1.);
#8380 = B_SPLINE_CURVE_WITH_KNOTS('',1,(#8381,#8382),.UNSPECIFIED.,.F.,
  .F.,(2,2),(166.53430108163,168.53430108163),.PIECEWISE_BEZIER_KNOTS.);
#8381 = CARTESIAN_POINT('',(48.,32.5,-4.));
#8382 = CARTESIAN_POINT('',(48.,32.5,-2.));
#8383 = PCURVE('',#136,#8384);
#8384 = DEFINITIONAL_REPRESENTATION('',(#8385),#8389);
#8385 = LINE('',#8386,#8387);
#8386 = CARTESIAN_POINT('',(9.424777960769,0.));
#8387 = VECTOR('',#8388,1.);
#8388 = DIRECTION('',(0.,1.));
#8389 = ( GEOMETRIC_REPRESENTATION_CONTEXT(2) 
PARAMETRIC_REPRESENTATION_CONTEXT() REPRESENTATION_CONTEXT('2D SPACE',''
  ) );
#8390 = PCURVE('',#136,#8391);
#8391 = DEFINITIONAL_REPRESENTATION('',(#8392),#8396);
#8392 = LINE('',#8393,#8394);
#8393 = CARTESIAN_POINT('',(3.14159265359,0.));
#8394 = VECTOR('',#8395,1.);
#8395 = DIRECTION('',(0.,1.));
#8396 = ( GEOMETRIC_REPRESENTATION_CONTEXT(2) 
PARAMETRIC_REPRESENTATION_CONTEXT() REPRESENTATION_CONTEXT('2D SPACE',''
  ) );
#8397 = ORIENTED_EDGE('',*,*,#119,.T.);
#8398 = ORIENTED_EDGE('',*,*,#8378,.F.);
#8399 = ADVANCED_FACE('',(#8400),#167,.F.);
#8400 = FACE_BOUND('',#8401,.F.);
#8401 = EDGE_LOOP('',(#8402,#8403,#8423,#8424));
#8402 = ORIENTED_EDGE('',*,*,#816,.F.);
#8403 = ORIENTED_EDGE('',*,*,#8404,.T.);
#8404 = EDGE_CURVE('',#817,#151,#8405,.T.);
#8405 = SEAM_CURVE('',#8406,(#8409,#8416),.PCURVE_S1.);
#8406 = B_SPLINE_CURVE_WITH_KNOTS('',1,(#8407,#8408),.UNSPECIFIED.,.F.,
  .F.,(2,2),(166.53430108163,168.53430108163),.PIECEWISE_BEZIER_KNOTS.);
#8407 = CARTESIAN_POINT('',(48.,-30.3,-4.));
#8408 = CARTESIAN_POINT('',(48.,-30.3,-2.));
#8409 = PCURVE('',#167,#8410);
#8410 = DEFINITIONAL_REPRESENTATION('',(#8411),#8415);
#8411 = LINE('',#8412,#8413);
#8412 = CARTESIAN_POINT('',(9.424777960769,0.));
#8413 = VECTOR('',#8414,1.);
#8414 = DIRECTION('',(0.,1.));
#8415 = ( GEOMETRIC_REPRESENTATION_CONTEXT(2) 
PARAMETRIC_REPRESENTATION_CONTEXT() REPRESENTATION_CONTEXT('2D SPACE',''
  ) );
#8416 = PCURVE('',#167,#8417);
#8417 = DEFINITIONAL_REPRESENTATION('',(#8418),#8422);
#8418 = LINE('',#8419,#8420);
#8419 = CARTESIAN_POINT('',(3.14159265359,0.));
#8420 = VECTOR('',#8421,1.);
#8421 = DIRECTION('',(0.,1.));
#8422 = ( GEOMETRIC_REPRESENTATION_CONTEXT(2) 
PARAMETRIC_REPRESENTATION_CONTEXT() REPRESENTATION_CONTEXT('2D SPACE',''
  ) );
#8423 = ORIENTED_EDGE('',*,*,#150,.T.);
#8424 = ORIENTED_EDGE('',*,*,#8404,.F.);
#8425 = ADVANCED_FACE('',(#8426),#198,.F.);
#8426 = FACE_BOUND('',#8427,.F.);
#8427 = EDGE_LOOP('',(#8428,#8429,#8449,#8450));
#8428 = ORIENTED_EDGE('',*,*,#785,.F.);
#8429 = ORIENTED_EDGE('',*,*,#8430,.T.);
#8430 = EDGE_CURVE('',#786,#182,#8431,.T.);
#8431 = SEAM_CURVE('',#8432,(#8435,#8442),.PCURVE_S1.);
#8432 = B_SPLINE_CURVE_WITH_KNOTS('',1,(#8433,#8434),.UNSPECIFIED.,.F.,
  .F.,(2,2),(166.53430108163,168.53430108163),.PIECEWISE_BEZIER_KNOTS.);
#8433 = CARTESIAN_POINT('',(-48.,-30.3,-4.));
#8434 = CARTESIAN_POINT('',(-48.,-30.3,-2.));
#8435 = PCURVE('',#198,#8436);
#8436 = DEFINITIONAL_REPRESENTATION('',(#8437),#8441);
#8437 = LINE('',#8438,#8439);
#8438 = CARTESIAN_POINT('',(9.424777960769,0.));
#8439 = VECTOR('',#8440,1.);
#8440 = DIRECTION('',(0.,1.));
#8441 = ( GEOMETRIC_REPRESENTATION_CONTEXT(2) 
PARAMETRIC_REPRESENTATION_CONTEXT() REPRESENTATION_CONTEXT('2D SPACE',''
  ) );
#8442 = PCURVE('',#198,#8443);
#8443 = DEFINITIONAL_REPRESENTATION('',(#8444),#8448);
#8444 = LINE('',#8445,#8446);
#8445 = CARTESIAN_POINT('',(3.14159265359,0.));
#8446 = VECTOR('',#8447,1.);
#8447 = DIRECTION('',(0.,1.));
#8448 = ( GEOMETRIC_REPRESENTATION_CONTEXT(2) 
PARAMETRIC_REPRESENTATION_CONTEXT() REPRESENTATION_CONTEXT('2D SPACE',''
  ) );
#8449 = ORIENTED_EDGE('',*,*,#181,.T.);
#8450 = ORIENTED_EDGE('',*,*,#8430,.F.);
#8451 = ADVANCED_FACE('',(#8452),#230,.T.);
#8452 = FACE_BOUND('',#8453,.T.);
#8453 = EDGE_LOOP('',(#8454,#8455,#8476,#8477,#8498));
#8454 = ORIENTED_EDGE('',*,*,#212,.T.);
#8455 = ORIENTED_EDGE('',*,*,#8456,.F.);
#8456 = EDGE_CURVE('',#1250,#215,#8457,.T.);
#8457 = SURFACE_CURVE('',#8458,(#8462,#8469),.PCURVE_S1.);
#8458 = LINE('',#8459,#8460);
#8459 = CARTESIAN_POINT('',(-26.4,-31.9,-173.7367586496));
#8460 = VECTOR('',#8461,1.);
#8461 = DIRECTION('',(-3.153195929581E-32,-6.123233995737E-17,1.));
#8462 = PCURVE('',#230,#8463);
#8463 = DEFINITIONAL_REPRESENTATION('',(#8464),#8468);
#8464 = LINE('',#8465,#8466);
#8465 = CARTESIAN_POINT('',(0.,1.5));
#8466 = VECTOR('',#8467,1.);
#8467 = DIRECTION('',(1.,-6.123233995737E-17));
#8468 = ( GEOMETRIC_REPRESENTATION_CONTEXT(2) 
PARAMETRIC_REPRESENTATION_CONTEXT() REPRESENTATION_CONTEXT('2D SPACE',''
  ) );
#8469 = PCURVE('',#535,#8470);
#8470 = DEFINITIONAL_REPRESENTATION('',(#8471),#8475);
#8471 = LINE('',#8472,#8473);
#8472 = CARTESIAN_POINT('',(0.,8.));
#8473 = VECTOR('',#8474,1.);
#8474 = DIRECTION('',(1.,-3.153195929581E-32));
#8475 = ( GEOMETRIC_REPRESENTATION_CONTEXT(2) 
PARAMETRIC_REPRESENTATION_CONTEXT() REPRESENTATION_CONTEXT('2D SPACE',''
  ) );
#8476 = ORIENTED_EDGE('',*,*,#1249,.F.);
#8477 = ORIENTED_EDGE('',*,*,#8478,.T.);
#8478 = EDGE_CURVE('',#1227,#733,#8479,.T.);
#8479 = SURFACE_CURVE('',#8480,(#8484,#8491),.PCURVE_S1.);
#8480 = LINE('',#8481,#8482);
#8481 = CARTESIAN_POINT('',(-26.4,-34.9,-173.7367586496));
#8482 = VECTOR('',#8483,1.);
#8483 = DIRECTION('',(-3.153195929581E-32,-6.123233995737E-17,1.));
#8484 = PCURVE('',#230,#8485);
#8485 = DEFINITIONAL_REPRESENTATION('',(#8486),#8490);
#8486 = LINE('',#8487,#8488);
#8487 = CARTESIAN_POINT('',(0.,-1.5));
#8488 = VECTOR('',#8489,1.);
#8489 = DIRECTION('',(1.,-6.123233995737E-17));
#8490 = ( GEOMETRIC_REPRESENTATION_CONTEXT(2) 
PARAMETRIC_REPRESENTATION_CONTEXT() REPRESENTATION_CONTEXT('2D SPACE',''
  ) );
#8491 = PCURVE('',#748,#8492);
#8492 = DEFINITIONAL_REPRESENTATION('',(#8493),#8497);
#8493 = LINE('',#8494,#8495);
#8494 = CARTESIAN_POINT('',(0.,8.));
#8495 = VECTOR('',#8496,1.);
#8496 = DIRECTION('',(1.,-3.153195929581E-32));
#8497 = ( GEOMETRIC_REPRESENTATION_CONTEXT(2) 
PARAMETRIC_REPRESENTATION_CONTEXT() REPRESENTATION_CONTEXT('2D SPACE',''
  ) );
#8498 = ORIENTED_EDGE('',*,*,#760,.F.);
#8499 = ADVANCED_FACE('',(#8500),#535,.F.);
#8500 = FACE_BOUND('',#8501,.T.);
#8501 = EDGE_LOOP('',(#8502,#8523,#8524,#8525));
#8502 = ORIENTED_EDGE('',*,*,#8503,.F.);
#8503 = EDGE_CURVE('',#1273,#494,#8504,.T.);
#8504 = SURFACE_CURVE('',#8505,(#8509,#8516),.PCURVE_S1.);
#8505 = LINE('',#8506,#8507);
#8506 = CARTESIAN_POINT('',(-42.4,-31.9,-173.7367586496));
#8507 = VECTOR('',#8508,1.);
#8508 = DIRECTION('',(-3.153195929581E-32,-6.123233995737E-17,1.));
#8509 = PCURVE('',#535,#8510);
#8510 = DEFINITIONAL_REPRESENTATION('',(#8511),#8515);
#8511 = LINE('',#8512,#8513);
#8512 = CARTESIAN_POINT('',(0.,-8.));
#8513 = VECTOR('',#8514,1.);
#8514 = DIRECTION('',(1.,-3.153195929581E-32));
#8515 = ( GEOMETRIC_REPRESENTATION_CONTEXT(2) 
PARAMETRIC_REPRESENTATION_CONTEXT() REPRESENTATION_CONTEXT('2D SPACE',''
  ) );
#8516 = PCURVE('',#509,#8517);
#8517 = DEFINITIONAL_REPRESENTATION('',(#8518),#8522);
#8518 = LINE('',#8519,#8520);
#8519 = CARTESIAN_POINT('',(0.,1.5));
#8520 = VECTOR('',#8521,1.);
#8521 = DIRECTION('',(1.,-6.123233995737E-17));
#8522 = ( GEOMETRIC_REPRESENTATION_CONTEXT(2) 
PARAMETRIC_REPRESENTATION_CONTEXT() REPRESENTATION_CONTEXT('2D SPACE',''
  ) );
#8523 = ORIENTED_EDGE('',*,*,#1272,.T.);
#8524 = ORIENTED_EDGE('',*,*,#8456,.T.);
#8525 = ORIENTED_EDGE('',*,*,#521,.F.);
#8526 = ADVANCED_FACE('',(#8527),#509,.F.);
#8527 = FACE_BOUND('',#8528,.T.);
#8528 = EDGE_LOOP('',(#8529,#8530,#8551,#8552,#8553));
#8529 = ORIENTED_EDGE('',*,*,#708,.T.);
#8530 = ORIENTED_EDGE('',*,*,#8531,.F.);
#8531 = EDGE_CURVE('',#1225,#709,#8532,.T.);
#8532 = SURFACE_CURVE('',#8533,(#8537,#8544),.PCURVE_S1.);
#8533 = LINE('',#8534,#8535);
#8534 = CARTESIAN_POINT('',(-42.4,-34.9,-173.7367586496));
#8535 = VECTOR('',#8536,1.);
#8536 = DIRECTION('',(-3.153195929581E-32,-6.123233995737E-17,1.));
#8537 = PCURVE('',#509,#8538);
#8538 = DEFINITIONAL_REPRESENTATION('',(#8539),#8543);
#8539 = LINE('',#8540,#8541);
#8540 = CARTESIAN_POINT('',(0.,-1.5));
#8541 = VECTOR('',#8542,1.);
#8542 = DIRECTION('',(1.,-6.123233995737E-17));
#8543 = ( GEOMETRIC_REPRESENTATION_CONTEXT(2) 
PARAMETRIC_REPRESENTATION_CONTEXT() REPRESENTATION_CONTEXT('2D SPACE',''
  ) );
#8544 = PCURVE('',#748,#8545);
#8545 = DEFINITIONAL_REPRESENTATION('',(#8546),#8550);
#8546 = LINE('',#8547,#8548);
#8547 = CARTESIAN_POINT('',(0.,-8.));
#8548 = VECTOR('',#8549,1.);
#8549 = DIRECTION('',(1.,-3.153195929581E-32));
#8550 = ( GEOMETRIC_REPRESENTATION_CONTEXT(2) 
PARAMETRIC_REPRESENTATION_CONTEXT() REPRESENTATION_CONTEXT('2D SPACE',''
  ) );
#8551 = ORIENTED_EDGE('',*,*,#1295,.T.);
#8552 = ORIENTED_EDGE('',*,*,#8503,.T.);
#8553 = ORIENTED_EDGE('',*,*,#493,.F.);
#8554 = ADVANCED_FACE('',(#8555),#748,.T.);
#8555 = FACE_BOUND('',#8556,.T.);
#8556 = EDGE_LOOP('',(#8557,#8558,#8559,#8560));
#8557 = ORIENTED_EDGE('',*,*,#732,.T.);
#8558 = ORIENTED_EDGE('',*,*,#8478,.F.);
#8559 = ORIENTED_EDGE('',*,*,#1224,.F.);
#8560 = ORIENTED_EDGE('',*,*,#8531,.T.);
#8561 = ( GEOMETRIC_REPRESENTATION_CONTEXT(3) 
GLOBAL_UNCERTAINTY_ASSIGNED_CONTEXT((#8565)) 
GLOBAL_UNIT_ASSIGNED_CONTEXT((#8562,#8563,#8564)) REPRESENTATION_CONTEXT
('Context #1','3D Context with UNIT and UNCERTAINTY') );
#8562 = ( LENGTH_UNIT() NAMED_UNIT(*) SI_UNIT(.MILLI.,.METRE.) );
#8563 = ( NAMED_UNIT(*) PLANE_ANGLE_UNIT() SI_UNIT($,.RADIAN.) );
#8564 = ( NAMED_UNIT(*) SI_UNIT($,.STERADIAN.) SOLID_ANGLE_UNIT() );
#8565 = UNCERTAINTY_MEASURE_WITH_UNIT(LENGTH_MEASURE(2.E-03),#8562,
  'distance_accuracy_value','confusion accuracy');
#8566 = PRODUCT_RELATED_PRODUCT_CATEGORY('part',$,(#7));
ENDSEC;
END-ISO-10303-21;
