ISO-10303-21;
HEADER;
FILE_DESCRIPTION(('Open CASCADE Model'),'2;1');
FILE_NAME('Open CASCADE Shape Model','2026-09-02T18:39:38',('Author'),(
    'Open CASCADE'),'Open CASCADE STEP processor 7.9','Open CASCADE 7.9'
  ,'Unknown');
FILE_SCHEMA(('AUTOMOTIVE_DESIGN { 1 0 10303 214 1 1 1 1 }'));
ENDSEC;
DATA;
#1 = APPLICATION_PROTOCOL_DEFINITION('international standard',
  'automotive_design',2000,#2);
#2 = APPLICATION_CONTEXT(
  'core data for automotive mechanical design processes');
#3 = SHAPE_DEFINITION_REPRESENTATION(#4,#10);
#4 = PRODUCT_DEFINITION_SHAPE('','',#5);
#5 = PRODUCT_DEFINITION('design','',#6,#9);
#6 = PRODUCT_DEFINITION_FORMATION('','',#7);
#7 = PRODUCT('Open CASCADE STEP translator 7.9 1',
  'Open CASCADE STEP translator 7.9 1','',(#8));
#8 = PRODUCT_CONTEXT('',#2,'mechanical');
#9 = PRODUCT_DEFINITION_CONTEXT('part definition',#2,'design');
#10 = ADVANCED_BREP_SHAPE_REPRESENTATION('',(#11,#15),#8013);
#11 = AXIS2_PLACEMENT_3D('',#12,#13,#14);
#12 = CARTESIAN_POINT('',(0.,0.,0.));
#13 = DIRECTION('',(0.,0.,1.));
#14 = DIRECTION('',(1.,0.,-0.));
#15 = MANIFOLD_SOLID_BREP('',#16);
#16 = CLOSED_SHELL('',(#17,#137,#310,#811,#1065,#1334,#1602,#1865,#2134,
    #2641,#2882,#3025,#3265,#3380,#3490,#3600,#3706,#3812,#3918,#4159,
    #4264,#4370,#4960,#5639,#5666,#5693,#5700,#5707,#5850,#5948,#5955,
    #5962,#5992,#6234,#6241,#6248,#6275,#6353,#6360,#6387,#6414,#6441,
    #6448,#6455,#6480,#6487,#6515,#6543,#6571,#6599,#6672,#6680,#6753,
    #6761,#6834,#6842,#6915,#6923,#6930,#6935,#6982,#7009,#7036,#7063,
    #7090,#7117,#7144,#7151,#7277,#7403,#7507,#7589,#7663,#7737,#7810,
    #7883,#8005));
#17 = ADVANCED_FACE('',(#18),#32,.F.);
#18 = FACE_BOUND('',#19,.T.);
#19 = EDGE_LOOP('',(#20,#55,#83,#111));
#20 = ORIENTED_EDGE('',*,*,#21,.F.);
#21 = EDGE_CURVE('',#22,#24,#26,.T.);
#22 = VERTEX_POINT('',#23);
#23 = CARTESIAN_POINT('',(-66.0467947746,-1.307198178013,37.068126154412
    ));
#24 = VERTEX_POINT('',#25);
#25 = CARTESIAN_POINT('',(-67.3766076139,-3.469446951954E-15,
    35.78394082291));
#26 = SURFACE_CURVE('',#27,(#31,#43),.PCURVE_S1.);
#27 = LINE('',#28,#29);
#28 = CARTESIAN_POINT('',(-60.48975782397,-6.769732726004,
    42.434494358824));
#29 = VECTOR('',#30,1.);
#30 = DIRECTION('',(-0.587338487502,0.57735026919,-0.567186184393));
#31 = PCURVE('',#32,#37);
#32 = PLANE('',#33);
#33 = AXIS2_PLACEMENT_3D('',#34,#35,#36);
#34 = CARTESIAN_POINT('',(-66.71170119425,-19.002,36.426033488661));
#35 = DIRECTION('',(-0.694658370459,0.,0.719339800339));
#36 = DIRECTION('',(0.719339800339,0.,0.694658370459));
#37 = DEFINITIONAL_REPRESENTATION('',(#38),#42);
#38 = LINE('',#39,#40);
#39 = CARTESIAN_POINT('',(8.649519138729,12.232267273996));
#40 = VECTOR('',#41,1.);
#41 = DIRECTION('',(-0.816496580928,0.57735026919));
#42 = ( GEOMETRIC_REPRESENTATION_CONTEXT(2) 
PARAMETRIC_REPRESENTATION_CONTEXT() REPRESENTATION_CONTEXT('2D SPACE',''
  ) );
#43 = PCURVE('',#44,#49);
#44 = PLANE('',#45);
#45 = AXIS2_PLACEMENT_3D('',#46,#47,#48);
#46 = CARTESIAN_POINT('',(-68.82947335669,-0.8,36.609422551218));
#47 = DIRECTION('',(1.234071493983E-02,0.707106781187,0.706999085399));
#48 = DIRECTION('',(0.999847695156,1.387778780781E-17,
    -1.745240643728E-02));
#49 = DEFINITIONAL_REPRESENTATION('',(#50),#54);
#50 = LINE('',#51,#52);
#51 = CARTESIAN_POINT('',(8.236783832934,-8.442476984858));
#52 = VECTOR('',#53,1.);
#53 = DIRECTION('',(-0.57735026919,0.816496580928));
#54 = ( GEOMETRIC_REPRESENTATION_CONTEXT(2) 
PARAMETRIC_REPRESENTATION_CONTEXT() REPRESENTATION_CONTEXT('2D SPACE',''
  ) );
#55 = ORIENTED_EDGE('',*,*,#56,.F.);
#56 = EDGE_CURVE('',#57,#22,#59,.T.);
#57 = VERTEX_POINT('',#58);
#58 = CARTESIAN_POINT('',(-66.0467947746,-18.38410783205,37.068126154412
    ));
#59 = SURFACE_CURVE('',#60,(#64,#71),.PCURVE_S1.);
#60 = LINE('',#61,#62);
#61 = CARTESIAN_POINT('',(-66.0467947746,-19.002,37.068126154412));
#62 = VECTOR('',#63,1.);
#63 = DIRECTION('',(0.,1.,0.));
#64 = PCURVE('',#32,#65);
#65 = DEFINITIONAL_REPRESENTATION('',(#66),#70);
#66 = LINE('',#67,#68);
#67 = CARTESIAN_POINT('',(0.924328696028,0.));
#68 = VECTOR('',#69,1.);
#69 = DIRECTION('',(0.,1.));
#70 = ( GEOMETRIC_REPRESENTATION_CONTEXT(2) 
PARAMETRIC_REPRESENTATION_CONTEXT() REPRESENTATION_CONTEXT('2D SPACE',''
  ) );
#71 = PCURVE('',#72,#77);
#72 = CYLINDRICAL_SURFACE('',#73,9.46505110693);
#73 = AXIS2_PLACEMENT_3D('',#74,#75,#76);
#74 = CARTESIAN_POINT('',(-59.47181779635,-19.002,30.259538180958));
#75 = DIRECTION('',(0.,1.,0.));
#76 = DIRECTION('',(0.,-0.,1.));
#77 = DEFINITIONAL_REPRESENTATION('',(#78),#82);
#78 = LINE('',#79,#80);
#79 = CARTESIAN_POINT('',(5.515240436302,0.));
#80 = VECTOR('',#81,1.);
#81 = DIRECTION('',(0.,1.));
#82 = ( GEOMETRIC_REPRESENTATION_CONTEXT(2) 
PARAMETRIC_REPRESENTATION_CONTEXT() REPRESENTATION_CONTEXT('2D SPACE',''
  ) );
#83 = ORIENTED_EDGE('',*,*,#84,.F.);
#84 = EDGE_CURVE('',#85,#57,#87,.T.);
#85 = VERTEX_POINT('',#86);
#86 = CARTESIAN_POINT('',(-67.3766076139,-18.67649742117,35.78394082291)
  );
#87 = SURFACE_CURVE('',#88,(#93,#100),.PCURVE_S1.);
#88 = ELLIPSE('',#89,26.870057685089,19.);
#89 = AXIS2_PLACEMENT_3D('',#90,#91,#92);
#90 = CARTESIAN_POINT('',(-70.92820086773,-2.553136600757E-17,
    32.354207085002));
#91 = DIRECTION('',(-0.694658370459,0.,0.719339800339));
#92 = DIRECTION('',(0.719339800339,1.511301705025E-18,0.694658370459));
#93 = PCURVE('',#32,#94);
#94 = DEFINITIONAL_REPRESENTATION('',(#95),#99);
#95 = ELLIPSE('',#96,26.870057685089,19.);
#96 = AXIS2_PLACEMENT_2D('',#97,#98);
#97 = CARTESIAN_POINT('',(-5.861624327609,19.002));
#98 = DIRECTION('',(1.,1.511301705025E-18));
#99 = ( GEOMETRIC_REPRESENTATION_CONTEXT(2) 
PARAMETRIC_REPRESENTATION_CONTEXT() REPRESENTATION_CONTEXT('2D SPACE',''
  ) );
#100 = PCURVE('',#101,#106);
#101 = CYLINDRICAL_SURFACE('',#102,19.);
#102 = AXIS2_PLACEMENT_3D('',#103,#104,#105);
#103 = CARTESIAN_POINT('',(-67.43753737186,-2.180049435445E-17,
    32.293277327039));
#104 = DIRECTION('',(0.999847695156,1.068651684042E-18,
    -1.745240643728E-02));
#105 = DIRECTION('',(-1.745240643728E-02,0.,-0.999847695156));
#106 = DEFINITIONAL_REPRESENTATION('',(#107),#110);
#107 = B_SPLINE_CURVE_WITH_KNOTS('',1,(#108,#109),.UNSPECIFIED.,.F.,.F.,
  (2,2),(4.897186105777,4.967700684538),.PIECEWISE_BEZIER_KNOTS.);
#108 = CARTESIAN_POINT('',(4.527591854993,-4.263256414561E-14));
#109 = CARTESIAN_POINT('',(4.457077276232,1.307198178013));
#110 = ( GEOMETRIC_REPRESENTATION_CONTEXT(2) 
PARAMETRIC_REPRESENTATION_CONTEXT() REPRESENTATION_CONTEXT('2D SPACE',''
  ) );
#111 = ORIENTED_EDGE('',*,*,#112,.T.);
#112 = EDGE_CURVE('',#85,#24,#113,.T.);
#113 = SURFACE_CURVE('',#114,(#118,#125),.PCURVE_S1.);
#114 = LINE('',#115,#116);
#115 = CARTESIAN_POINT('',(-67.3766076139,-19.002,35.78394082291));
#116 = VECTOR('',#117,1.);
#117 = DIRECTION('',(0.,1.,0.));
#118 = PCURVE('',#32,#119);
#119 = DEFINITIONAL_REPRESENTATION('',(#120),#124);
#120 = LINE('',#121,#122);
#121 = CARTESIAN_POINT('',(-0.924328696028,0.));
#122 = VECTOR('',#123,1.);
#123 = DIRECTION('',(0.,1.));
#124 = ( GEOMETRIC_REPRESENTATION_CONTEXT(2) 
PARAMETRIC_REPRESENTATION_CONTEXT() REPRESENTATION_CONTEXT('2D SPACE',''
  ) );
#125 = PCURVE('',#126,#131);
#126 = PLANE('',#127);
#127 = AXIS2_PLACEMENT_3D('',#128,#129,#130);
#128 = CARTESIAN_POINT('',(-67.53316418025,-7.265854886519E-17,
    26.814821143612));
#129 = DIRECTION('',(-0.999847695156,-1.068651684042E-18,
    1.745240643728E-02));
#130 = DIRECTION('',(1.068488923214E-18,-1.,-1.865054352979E-20));
#131 = DEFINITIONAL_REPRESENTATION('',(#132),#136);
#132 = LINE('',#133,#134);
#133 = CARTESIAN_POINT('',(19.002,8.970485927755));
#134 = VECTOR('',#135,1.);
#135 = DIRECTION('',(-1.,-7.824090399073E-35));
#136 = ( GEOMETRIC_REPRESENTATION_CONTEXT(2) 
PARAMETRIC_REPRESENTATION_CONTEXT() REPRESENTATION_CONTEXT('2D SPACE',''
  ) );
#137 = ADVANCED_FACE('',(#138),#72,.F.);
#138 = FACE_BOUND('',#139,.F.);
#139 = EDGE_LOOP('',(#140,#141,#210,#238,#289));
#140 = ORIENTED_EDGE('',*,*,#56,.F.);
#141 = ORIENTED_EDGE('',*,*,#142,.T.);
#142 = EDGE_CURVE('',#57,#143,#145,.T.);
#143 = VERTEX_POINT('',#144);
#144 = CARTESIAN_POINT('',(-59.30662987748,-17.42657078542,
    39.723147714759));
#145 = SURFACE_CURVE('',#146,(#152,#181),.PCURVE_S1.);
#146 = B_SPLINE_CURVE_WITH_KNOTS('',3,(#147,#148,#149,#150,#151),
  .UNSPECIFIED.,.F.,.F.,(4,1,4),(0.,3.733341459997E-03,
    7.466682919995E-03),.UNSPECIFIED.);
#147 = CARTESIAN_POINT('',(-66.0467947746,-18.38410783205,
    37.068126154412));
#148 = CARTESIAN_POINT('',(-65.15429643652,-18.15512041383,
    37.930001781028));
#149 = CARTESIAN_POINT('',(-63.06098200232,-17.66009429443,
    39.278014197694));
#150 = CARTESIAN_POINT('',(-60.56962270044,-17.42657078542,
    39.745193336488));
#151 = CARTESIAN_POINT('',(-59.30662987748,-17.42657078542,
    39.723147714759));
#152 = PCURVE('',#72,#153);
#153 = DEFINITIONAL_REPRESENTATION('',(#154),#180);
#154 = B_SPLINE_CURVE_WITH_KNOTS('',3,(#155,#156,#157,#158,#159,#160,
    #161,#162,#163,#164,#165,#166,#167,#168,#169,#170,#171,#172,#173,
    #174,#175,#176,#177,#178,#179),.UNSPECIFIED.,.F.,.F.,(4,1,1,1,1,1,1,
    1,1,1,1,1,1,1,1,1,1,1,1,1,1,1,4),(0.,3.393946781816E-04,
    6.787893563632E-04,1.018184034545E-03,1.357578712726E-03,
    1.696973390908E-03,2.03636806909E-03,2.375762747271E-03,
    2.715157425453E-03,3.054552103634E-03,3.393946781816E-03,
    3.733341459997E-03,4.072736138179E-03,4.412130816361E-03,
    4.751525494542E-03,5.090920172724E-03,5.430314850905E-03,
    5.769709529087E-03,6.109104207269E-03,6.44849888545E-03,
    6.787893563632E-03,7.127288241813E-03,7.466682919995E-03),
  .QUASI_UNIFORM_KNOTS.);
#155 = CARTESIAN_POINT('',(5.515240436302,0.617892167949));
#156 = CARTESIAN_POINT('',(5.52715716768,0.638709205968));
#157 = CARTESIAN_POINT('',(5.550956436785,0.680649490958));
#158 = CARTESIAN_POINT('',(5.58656776682,0.744100327588));
#159 = CARTESIAN_POINT('',(5.622106591361,0.80771335566));
#160 = CARTESIAN_POINT('',(5.657587765729,0.871110357469));
#161 = CARTESIAN_POINT('',(5.693026050764,0.933913115311));
#162 = CARTESIAN_POINT('',(5.72843613044,0.995743411482));
#163 = CARTESIAN_POINT('',(5.76383265954,1.056223028277));
#164 = CARTESIAN_POINT('',(5.799230305555,1.114973747992));
#165 = CARTESIAN_POINT('',(5.834643792184,1.171617352923));
#166 = CARTESIAN_POINT('',(5.87008794557,1.225775625365));
#167 = CARTESIAN_POINT('',(5.905577726328,1.277070347614));
#168 = CARTESIAN_POINT('',(5.941128308847,1.325123301966));
#169 = CARTESIAN_POINT('',(5.976742118889,1.369702845587));
#170 = CARTESIAN_POINT('',(6.012421467472,1.410577335643));
#171 = CARTESIAN_POINT('',(6.048168790298,1.447515129302));
#172 = CARTESIAN_POINT('',(6.083986829114,1.480284583729));
#173 = CARTESIAN_POINT('',(6.11987882466,1.50865405609));
#174 = CARTESIAN_POINT('',(6.155848706297,1.532391903554));
#175 = CARTESIAN_POINT('',(6.191901260498,1.551266483285));
#176 = CARTESIAN_POINT('',(6.228042356677,1.56504615245));
#177 = CARTESIAN_POINT('',(6.264278926681,1.573499268216));
#178 = CARTESIAN_POINT('',(6.288506193499,1.575429214571));
#179 = CARTESIAN_POINT('',(6.3006385997,1.575429214571));
#180 = ( GEOMETRIC_REPRESENTATION_CONTEXT(2) 
PARAMETRIC_REPRESENTATION_CONTEXT() REPRESENTATION_CONTEXT('2D SPACE',''
  ) );
#181 = PCURVE('',#101,#182);
#182 = DEFINITIONAL_REPRESENTATION('',(#183),#209);
#183 = B_SPLINE_CURVE_WITH_KNOTS('',3,(#184,#185,#186,#187,#188,#189,
    #190,#191,#192,#193,#194,#195,#196,#197,#198,#199,#200,#201,#202,
    #203,#204,#205,#206,#207,#208),.UNSPECIFIED.,.F.,.F.,(4,1,1,1,1,1,1,
    1,1,1,1,1,1,1,1,1,1,1,1,1,1,1,4),(0.,3.393946781816E-04,
    6.787893563632E-04,1.018184034545E-03,1.357578712726E-03,
    1.696973390908E-03,2.03636806909E-03,2.375762747271E-03,
    2.715157425453E-03,3.054552103634E-03,3.393946781816E-03,
    3.733341459997E-03,4.072736138179E-03,4.412130816361E-03,
    4.751525494542E-03,5.090920172724E-03,5.430314850905E-03,
    5.769709529087E-03,6.109104207269E-03,6.44849888545E-03,
    6.787893563632E-03,7.127288241813E-03,7.466682919995E-03),
  .QUASI_UNIFORM_KNOTS.);
#184 = CARTESIAN_POINT('',(4.457077276232,1.307198178013));
#185 = CARTESIAN_POINT('',(4.452738975791,1.386954596424));
#186 = CARTESIAN_POINT('',(4.444214022314,1.549069320409));
#187 = CARTESIAN_POINT('',(4.431892691952,1.799803304024));
#188 = CARTESIAN_POINT('',(4.42004846012,2.057855421426));
#189 = CARTESIAN_POINT('',(4.408692881845,2.322981908766));
#190 = CARTESIAN_POINT('',(4.39783785687,2.594939002193));
#191 = CARTESIAN_POINT('',(4.387495666799,2.873482937859));
#192 = CARTESIAN_POINT('',(4.377678945684,3.158369951913));
#193 = CARTESIAN_POINT('',(4.368400668347,3.449356280505));
#194 = CARTESIAN_POINT('',(4.359674132904,3.746198159786));
#195 = CARTESIAN_POINT('',(4.3515129452,4.048651825905));
#196 = CARTESIAN_POINT('',(4.343930995387,4.356473515014));
#197 = CARTESIAN_POINT('',(4.336942454948,4.669419463261));
#198 = CARTESIAN_POINT('',(4.330559646975,4.987121974593));
#199 = CARTESIAN_POINT('',(4.324794924301,5.309213352953));
#200 = CARTESIAN_POINT('',(4.319660705884,5.635325902287));
#201 = CARTESIAN_POINT('',(4.315169485015,5.965091926539));
#202 = CARTESIAN_POINT('',(4.311333839757,6.298143729654));
#203 = CARTESIAN_POINT('',(4.30816643631,6.634113615577));
#204 = CARTESIAN_POINT('',(4.305680026571,6.972633888253));
#205 = CARTESIAN_POINT('',(4.303887438133,7.313336851627));
#206 = CARTESIAN_POINT('',(4.30280155603,7.655854809642));
#207 = CARTESIAN_POINT('',(4.302557381301,7.885164980711));
#208 = CARTESIAN_POINT('',(4.30255738152,8.));
#209 = ( GEOMETRIC_REPRESENTATION_CONTEXT(2) 
PARAMETRIC_REPRESENTATION_CONTEXT() REPRESENTATION_CONTEXT('2D SPACE',''
  ) );
#210 = ORIENTED_EDGE('',*,*,#211,.T.);
#211 = EDGE_CURVE('',#143,#212,#214,.T.);
#212 = VERTEX_POINT('',#213);
#213 = CARTESIAN_POINT('',(-59.30662987748,-2.,39.723147714759));
#214 = SURFACE_CURVE('',#215,(#219,#226),.PCURVE_S1.);
#215 = LINE('',#216,#217);
#216 = CARTESIAN_POINT('',(-59.30662987748,-19.002,39.723147714759));
#217 = VECTOR('',#218,1.);
#218 = DIRECTION('',(0.,1.,0.));
#219 = PCURVE('',#72,#220);
#220 = DEFINITIONAL_REPRESENTATION('',(#221),#225);
#221 = LINE('',#222,#223);
#222 = CARTESIAN_POINT('',(6.3006385997,0.));
#223 = VECTOR('',#224,1.);
#224 = DIRECTION('',(0.,1.));
#225 = ( GEOMETRIC_REPRESENTATION_CONTEXT(2) 
PARAMETRIC_REPRESENTATION_CONTEXT() REPRESENTATION_CONTEXT('2D SPACE',''
  ) );
#226 = PCURVE('',#227,#232);
#227 = PLANE('',#228);
#228 = AXIS2_PLACEMENT_3D('',#229,#230,#231);
#229 = CARTESIAN_POINT('',(-59.534382619,-6.410933539286E-17,
    26.675201892113));
#230 = DIRECTION('',(-0.999847695156,-1.068651684042E-18,
    1.745240643728E-02));
#231 = DIRECTION('',(1.068488923214E-18,-1.,-1.865054352979E-20));
#232 = DEFINITIONAL_REPRESENTATION('',(#233),#237);
#233 = LINE('',#234,#235);
#234 = CARTESIAN_POINT('',(19.002,13.04993339071));
#235 = VECTOR('',#236,1.);
#236 = DIRECTION('',(-1.,-7.824090399073E-35));
#237 = ( GEOMETRIC_REPRESENTATION_CONTEXT(2) 
PARAMETRIC_REPRESENTATION_CONTEXT() REPRESENTATION_CONTEXT('2D SPACE',''
  ) );
#238 = ORIENTED_EDGE('',*,*,#239,.T.);
#239 = EDGE_CURVE('',#212,#240,#242,.T.);
#240 = VERTEX_POINT('',#241);
#241 = CARTESIAN_POINT('',(-65.26148344225,-2.,37.747325849251));
#242 = SURFACE_CURVE('',#243,(#248,#255),.PCURVE_S1.);
#243 = CIRCLE('',#244,9.46505110693);
#244 = AXIS2_PLACEMENT_3D('',#245,#246,#247);
#245 = CARTESIAN_POINT('',(-59.47181779635,-2.,30.259538180958));
#246 = DIRECTION('',(-8.339019854371E-20,-1.,-6.600976123232E-17));
#247 = DIRECTION('',(0.,6.600976123232E-17,-1.));
#248 = PCURVE('',#72,#249);
#249 = DEFINITIONAL_REPRESENTATION('',(#250),#254);
#250 = LINE('',#251,#252);
#251 = CARTESIAN_POINT('',(9.424777960769,17.002));
#252 = VECTOR('',#253,1.);
#253 = DIRECTION('',(-1.,0.));
#254 = ( GEOMETRIC_REPRESENTATION_CONTEXT(2) 
PARAMETRIC_REPRESENTATION_CONTEXT() REPRESENTATION_CONTEXT('2D SPACE',''
  ) );
#255 = PCURVE('',#256,#261);
#256 = TOROIDAL_SURFACE('',#257,8.26505110693,1.2);
#257 = AXIS2_PLACEMENT_3D('',#258,#259,#260);
#258 = CARTESIAN_POINT('',(-59.47181779635,-2.,30.259538180958));
#259 = DIRECTION('',(-8.339019854371E-20,-1.,-6.600976123232E-17));
#260 = DIRECTION('',(0.,6.600976123232E-17,-1.));
#261 = DEFINITIONAL_REPRESENTATION('',(#262),#288);
#262 = B_SPLINE_CURVE_WITH_KNOTS('',3,(#263,#264,#265,#266,#267,#268,
    #269,#270,#271,#272,#273,#274,#275,#276,#277,#278,#279,#280,#281,
    #282,#283,#284,#285,#286,#287),.UNSPECIFIED.,.F.,.F.,(4,1,1,1,1,1,1,
    1,1,1,1,1,1,1,1,1,1,1,1,1,1,1,4),(3.12413936107,3.154850582203,
    3.185561803336,3.216273024469,3.246984245602,3.277695466735,
    3.308406687868,3.339117909001,3.369829130134,3.400540351267,
    3.4312515724,3.461962793533,3.492674014666,3.523385235799,
    3.554096456932,3.584807678065,3.615518899198,3.646230120331,
    3.676941341464,3.707652562597,3.73836378373,3.769075004863,
    3.799786225996),.QUASI_UNIFORM_KNOTS.);
#263 = CARTESIAN_POINT('',(3.12413936107,6.28318530718));
#264 = CARTESIAN_POINT('',(3.134376434781,6.28318530718));
#265 = CARTESIAN_POINT('',(3.154850582203,6.28318530718));
#266 = CARTESIAN_POINT('',(3.185561803336,6.28318530718));
#267 = CARTESIAN_POINT('',(3.216273024469,6.28318530718));
#268 = CARTESIAN_POINT('',(3.246984245602,6.28318530718));
#269 = CARTESIAN_POINT('',(3.277695466735,6.28318530718));
#270 = CARTESIAN_POINT('',(3.308406687868,6.28318530718));
#271 = CARTESIAN_POINT('',(3.339117909001,6.28318530718));
#272 = CARTESIAN_POINT('',(3.369829130134,6.28318530718));
#273 = CARTESIAN_POINT('',(3.400540351267,6.28318530718));
#274 = CARTESIAN_POINT('',(3.4312515724,6.28318530718));
#275 = CARTESIAN_POINT('',(3.461962793533,6.28318530718));
#276 = CARTESIAN_POINT('',(3.492674014666,6.28318530718));
#277 = CARTESIAN_POINT('',(3.523385235799,6.28318530718));
#278 = CARTESIAN_POINT('',(3.554096456932,6.28318530718));
#279 = CARTESIAN_POINT('',(3.584807678065,6.28318530718));
#280 = CARTESIAN_POINT('',(3.615518899198,6.28318530718));
#281 = CARTESIAN_POINT('',(3.646230120331,6.28318530718));
#282 = CARTESIAN_POINT('',(3.676941341464,6.28318530718));
#283 = CARTESIAN_POINT('',(3.707652562597,6.28318530718));
#284 = CARTESIAN_POINT('',(3.73836378373,6.28318530718));
#285 = CARTESIAN_POINT('',(3.769075004863,6.28318530718));
#286 = CARTESIAN_POINT('',(3.789549152285,6.28318530718));
#287 = CARTESIAN_POINT('',(3.799786225996,6.28318530718));
#288 = ( GEOMETRIC_REPRESENTATION_CONTEXT(2) 
PARAMETRIC_REPRESENTATION_CONTEXT() REPRESENTATION_CONTEXT('2D SPACE',''
  ) );
#289 = ORIENTED_EDGE('',*,*,#290,.F.);
#290 = EDGE_CURVE('',#22,#240,#291,.T.);
#291 = SURFACE_CURVE('',#292,(#297,#303),.PCURVE_S1.);
#292 = ELLIPSE('',#293,13.385603643974,9.46505110693);
#293 = AXIS2_PLACEMENT_3D('',#294,#295,#296);
#294 = CARTESIAN_POINT('',(-59.47181779635,5.385603643974,
    30.259538180958));
#295 = DIRECTION('',(1.234071493983E-02,0.707106781187,0.706999085399));
#296 = DIRECTION('',(-1.234071493983E-02,0.707106781187,-0.706999085399)
  );
#297 = PCURVE('',#72,#298);
#298 = DEFINITIONAL_REPRESENTATION('',(#299),#302);
#299 = B_SPLINE_CURVE_WITH_KNOTS('',1,(#300,#301),.UNSPECIFIED.,.F.,.F.,
  (2,2),(2.356194490192,2.465945788664),.PIECEWISE_BEZIER_KNOTS.);
#300 = CARTESIAN_POINT('',(5.515240436302,17.694801821987));
#301 = CARTESIAN_POINT('',(5.624991734773,17.002));
#302 = ( GEOMETRIC_REPRESENTATION_CONTEXT(2) 
PARAMETRIC_REPRESENTATION_CONTEXT() REPRESENTATION_CONTEXT('2D SPACE',''
  ) );
#303 = PCURVE('',#44,#304);
#304 = DEFINITIONAL_REPRESENTATION('',(#305),#309);
#305 = ELLIPSE('',#306,13.385603643974,9.46505110693);
#306 = AXIS2_PLACEMENT_2D('',#307,#308);
#307 = CARTESIAN_POINT('',(9.46705110693,8.747764564773));
#308 = DIRECTION('',(-3.469446951954E-17,1.));
#309 = ( GEOMETRIC_REPRESENTATION_CONTEXT(2) 
PARAMETRIC_REPRESENTATION_CONTEXT() REPRESENTATION_CONTEXT('2D SPACE',''
  ) );
#310 = ADVANCED_FACE('',(#311),#327,.T.);
#311 = FACE_BOUND('',#312,.T.);
#312 = EDGE_LOOP('',(#313,#408,#466,#494,#569,#639,#667,#725));
#313 = ORIENTED_EDGE('',*,*,#314,.T.);
#314 = EDGE_CURVE('',#315,#317,#319,.T.);
#315 = VERTEX_POINT('',#316);
#316 = CARTESIAN_POINT('',(-65.22369400034,-1.801191201294E-15,
    33.217381105114));
#317 = VERTEX_POINT('',#318);
#318 = CARTESIAN_POINT('',(-62.78964086954,1.612245412529,
    35.271155449335));
#319 = SURFACE_CURVE('',#320,(#326,#360),.PCURVE_S1.);
#320 = B_SPLINE_CURVE_WITH_KNOTS('',3,(#321,#322,#323,#324,#325),
  .UNSPECIFIED.,.F.,.F.,(4,1,4),(4.817000434096E-20,1.786128237502E-03,
    3.572256475005E-03),.QUASI_UNIFORM_KNOTS.);
#321 = CARTESIAN_POINT('',(-65.22369400034,-2.087421083319E-15,
    33.217381105114));
#322 = CARTESIAN_POINT('',(-64.83110718281,0.215278533108,
    33.611835837157));
#323 = CARTESIAN_POINT('',(-64.02165378273,0.750299294971,
    34.306801772862));
#324 = CARTESIAN_POINT('',(-63.20152324904,1.321788120606,
    34.953555423609));
#325 = CARTESIAN_POINT('',(-62.78964086954,1.612245412529,
    35.271155449335));
#326 = PCURVE('',#327,#332);
#327 = CONICAL_SURFACE('',#328,7.,0.805224788065);
#328 = AXIS2_PLACEMENT_3D('',#329,#330,#331);
#329 = CARTESIAN_POINT('',(-59.43875581061,-6.410933539286E-17,
    32.15365807554));
#330 = DIRECTION('',(0.999847695156,0.,-1.745240643728E-02));
#331 = DIRECTION('',(-1.745240643728E-02,0.,-0.999847695156));
#332 = DEFINITIONAL_REPRESENTATION('',(#333),#359);
#333 = B_SPLINE_CURVE_WITH_KNOTS('',3,(#334,#335,#336,#337,#338,#339,
    #340,#341,#342,#343,#344,#345,#346,#347,#348,#349,#350,#351,#352,
    #353,#354,#355,#356,#357,#358),.UNSPECIFIED.,.F.,.F.,(4,1,1,1,1,1,1,
    1,1,1,1,1,1,1,1,1,1,1,1,1,1,1,4),(4.817000434096E-20,
    1.623752943184E-04,3.247505886368E-04,4.871258829552E-04,
    6.495011772736E-04,8.11876471592E-04,9.742517659104E-04,
    1.136627060229E-03,1.299002354547E-03,1.461377648866E-03,
    1.623752943184E-03,1.786128237502E-03,1.948503531821E-03,
    2.110878826139E-03,2.273254120458E-03,2.435629414776E-03,
    2.598004709095E-03,2.760380003413E-03,2.922755297731E-03,
    3.08513059205E-03,3.247505886368E-03,3.409881180687E-03,
    3.572256475005E-03),.QUASI_UNIFORM_KNOTS.);
#334 = CARTESIAN_POINT('',(3.14159265359,-5.802621642275));
#335 = CARTESIAN_POINT('',(3.121335591409,-5.767555987058));
#336 = CARTESIAN_POINT('',(3.084252744206,-5.697140422622));
#337 = CARTESIAN_POINT('',(3.036992421829,-5.590814792621));
#338 = CARTESIAN_POINT('',(2.995901460446,-5.483962054412));
#339 = CARTESIAN_POINT('',(2.959711737973,-5.376670945472));
#340 = CARTESIAN_POINT('',(2.927458601682,-5.269005742554));
#341 = CARTESIAN_POINT('',(2.898461737994,-5.161008567321));
#342 = CARTESIAN_POINT('',(2.872213238154,-5.052710216706));
#343 = CARTESIAN_POINT('',(2.848331961571,-4.94413435835));
#344 = CARTESIAN_POINT('',(2.826525712449,-4.835300859497));
#345 = CARTESIAN_POINT('',(2.806567355485,-4.726227756661));
#346 = CARTESIAN_POINT('',(2.788278109643,-4.61693235009));
#347 = CARTESIAN_POINT('',(2.77151416659,-4.507432532167));
#348 = CARTESIAN_POINT('',(2.756072852765,-4.397753568981));
#349 = CARTESIAN_POINT('',(2.741788240174,-4.287914997135));
#350 = CARTESIAN_POINT('',(2.72852223643,-4.177932420242));
#351 = CARTESIAN_POINT('',(2.716159387239,-4.067818204875));
#352 = CARTESIAN_POINT('',(2.704602410727,-3.957582192583));
#353 = CARTESIAN_POINT('',(2.693768847958,-3.847232199182));
#354 = CARTESIAN_POINT('',(2.683588326763,-3.736774424859));
#355 = CARTESIAN_POINT('',(2.674000649162,-3.626213742352));
#356 = CARTESIAN_POINT('',(2.664953322827,-3.515554039212));
#357 = CARTESIAN_POINT('',(2.659253155849,-3.44171672404));
#358 = CARTESIAN_POINT('',(2.65647826687,-3.40478253414));
#359 = ( GEOMETRIC_REPRESENTATION_CONTEXT(2) 
PARAMETRIC_REPRESENTATION_CONTEXT() REPRESENTATION_CONTEXT('2D SPACE',''
  ) );
#360 = PCURVE('',#361,#380);
#361 = ( BOUNDED_SURFACE() B_SPLINE_SURFACE(3,2,(
    (#362,#363,#364)
    ,(#365,#366,#367)
    ,(#368,#369,#370)
    ,(#371,#372,#373)
    ,(#374,#375,#376)
    ,(#377,#378,#379
)),.UNSPECIFIED.,.F.,.F.,.F.) B_SPLINE_SURFACE_WITH_KNOTS((4,1,1,4),(3,3
    ),(2.464269789623E-02,2.6520496809E-02,2.745939626539E-02,
    2.839829572178E-02),(0.,1.),.UNSPECIFIED.) 
GEOMETRIC_REPRESENTATION_ITEM() RATIONAL_B_SPLINE_SURFACE((
    (1.,0.630784392133,1.)
    ,(1.,0.622499826972,1.)
    ,(1.,0.60691469043,1.)
    ,(1.,0.564417207248,1.)
    ,(1.,0.528283432784,1.)
,(1.,0.503208336185,1.))) REPRESENTATION_ITEM('') SURFACE() );
#362 = CARTESIAN_POINT('',(-63.61178314307,1.16307085796,36.881473593597
    ));
#363 = CARTESIAN_POINT('',(-62.53705371102,0.457004920973,36.15654063095
    ));
#364 = CARTESIAN_POINT('',(-62.77437036795,1.623015526913,
    35.282927254802));
#365 = CARTESIAN_POINT('',(-64.04087805029,0.837036657544,
    36.562879608495));
#366 = CARTESIAN_POINT('',(-62.94313151881,0.114803862218,
    35.821375559877));
#367 = CARTESIAN_POINT('',(-63.20367935645,1.320188462511,
    34.952068540626));
#368 = CARTESIAN_POINT('',(-64.68070651489,0.34571759076,36.082653947432
    ));
#369 = CARTESIAN_POINT('',(-63.54227337967,-0.412703071007,
    35.304246332636));
#370 = CARTESIAN_POINT('',(-63.84390914361,0.872503792647,34.44885119049
    ));
#371 = CARTESIAN_POINT('',(-65.50455911699,-0.328662187637,
    35.422551842742));
#372 = CARTESIAN_POINT('',(-64.17722724562,-1.129697357577,
    34.598225988687));
#373 = CARTESIAN_POINT('',(-64.66847773181,0.325927765153,
    33.747730159339));
#374 = CARTESIAN_POINT('',(-65.8939018939,-0.678077165121,
    35.079879643009));
#375 = CARTESIAN_POINT('',(-64.37069997578,-1.506101030759,
    34.225142057733));
#376 = CARTESIAN_POINT('',(-65.05818180385,9.025254251736E-02,
    33.384359585656));
#377 = CARTESIAN_POINT('',(-66.0721357899,-0.86156644299,34.899473498804
    ));
#378 = CARTESIAN_POINT('',(-64.37824566113,-1.676504246565,
    34.054844595169));
#379 = CARTESIAN_POINT('',(-65.23640467412,-6.951300094344E-03,
    33.204584961728));
#380 = DEFINITIONAL_REPRESENTATION('',(#381),#407);
#381 = B_SPLINE_CURVE_WITH_KNOTS('',3,(#382,#383,#384,#385,#386,#387,
    #388,#389,#390,#391,#392,#393,#394,#395,#396,#397,#398,#399,#400,
    #401,#402,#403,#404,#405,#406),.UNSPECIFIED.,.F.,.F.,(4,1,1,1,1,1,1,
    1,1,1,1,1,1,1,1,1,1,1,1,1,1,1,4),(4.817000434096E-20,
    1.623752943184E-04,3.247505886368E-04,4.871258829552E-04,
    6.495011772736E-04,8.11876471592E-04,9.742517659104E-04,
    1.136627060229E-03,1.299002354547E-03,1.461377648866E-03,
    1.623752943184E-03,1.786128237502E-03,1.948503531821E-03,
    2.110878826139E-03,2.273254120458E-03,2.435629414776E-03,
    2.598004709095E-03,2.760380003413E-03,2.922755297731E-03,
    3.08513059205E-03,3.247505886368E-03,3.409881180687E-03,
    3.572256475005E-03),.QUASI_UNIFORM_KNOTS.);
#382 = CARTESIAN_POINT('',(2.83760248734E-02,0.999999731245));
#383 = CARTESIAN_POINT('',(2.831364875431E-02,0.999994971227));
#384 = CARTESIAN_POINT('',(2.819072232533E-02,0.999903521558));
#385 = CARTESIAN_POINT('',(2.801082127573E-02,0.999627298959));
#386 = CARTESIAN_POINT('',(2.783434828074E-02,0.999332612145));
#387 = CARTESIAN_POINT('',(2.766049377049E-02,0.999091594203));
#388 = CARTESIAN_POINT('',(2.748855185339E-02,0.998952217291));
#389 = CARTESIAN_POINT('',(2.731785854491E-02,0.998941196993));
#390 = CARTESIAN_POINT('',(2.714820469023E-02,0.999045179545));
#391 = CARTESIAN_POINT('',(2.697946687434E-02,0.999238641927));
#392 = CARTESIAN_POINT('',(2.681151085794E-02,0.999490553164));
#393 = CARTESIAN_POINT('',(2.664421735707E-02,0.999762870877));
#394 = CARTESIAN_POINT('',(2.647746343898E-02,1.000016107974));
#395 = CARTESIAN_POINT('',(2.631116529308E-02,1.000193092745));
#396 = CARTESIAN_POINT('',(2.614529288735E-02,1.000300444301));
#397 = CARTESIAN_POINT('',(2.597980192461E-02,1.00035085278));
#398 = CARTESIAN_POINT('',(2.581465305745E-02,1.000355186348));
#399 = CARTESIAN_POINT('',(2.564980668319E-02,1.000324551714));
#400 = CARTESIAN_POINT('',(2.548522423442E-02,1.00026971061));
#401 = CARTESIAN_POINT('',(2.532086770158E-02,1.000201223158));
#402 = CARTESIAN_POINT('',(2.515669961537E-02,1.000129413483));
#403 = CARTESIAN_POINT('',(2.499268291715E-02,1.000064390795));
#404 = CARTESIAN_POINT('',(2.482878084346E-02,1.000016086306));
#405 = CARTESIAN_POINT('',(2.471956491502E-02,1.00000151058));
#406 = CARTESIAN_POINT('',(2.466496389181E-02,1.000000259913));
#407 = ( GEOMETRIC_REPRESENTATION_CONTEXT(2) 
PARAMETRIC_REPRESENTATION_CONTEXT() REPRESENTATION_CONTEXT('2D SPACE',''
  ) );
#408 = ORIENTED_EDGE('',*,*,#409,.T.);
#409 = EDGE_CURVE('',#317,#410,#412,.T.);
#410 = VERTEX_POINT('',#411);
#411 = CARTESIAN_POINT('',(-59.3206398493,1.787643522446,38.920516966957
    ));
#412 = SURFACE_CURVE('',#413,(#418,#447),.PCURVE_S1.);
#413 = B_SPLINE_CURVE_WITH_KNOTS('',3,(#414,#415,#416,#417),
  .UNSPECIFIED.,.F.,.F.,(4,4),(0.,5.038153519688E-03),
  .PIECEWISE_BEZIER_KNOTS.);
#414 = CARTESIAN_POINT('',(-62.78964086954,1.612245412529,
    35.271155449335));
#415 = CARTESIAN_POINT('',(-61.65489737259,1.716942234846,
    36.505456360203));
#416 = CARTESIAN_POINT('',(-60.48924741293,1.755272813727,
    37.714529865363));
#417 = CARTESIAN_POINT('',(-59.3206398493,1.787643522446,38.920516966957
    ));
#418 = PCURVE('',#327,#419);
#419 = DEFINITIONAL_REPRESENTATION('',(#420),#446);
#420 = B_SPLINE_CURVE_WITH_KNOTS('',3,(#421,#422,#423,#424,#425,#426,
    #427,#428,#429,#430,#431,#432,#433,#434,#435,#436,#437,#438,#439,
    #440,#441,#442,#443,#444,#445),.UNSPECIFIED.,.F.,.F.,(4,1,1,1,1,1,1,
    1,1,1,1,1,1,1,1,1,1,1,1,1,1,1,4),(0.,2.290069781676E-04,
    4.580139563352E-04,6.870209345029E-04,9.160279126705E-04,
    1.145034890838E-03,1.374041869006E-03,1.603048847173E-03,
    1.832055825341E-03,2.061062803509E-03,2.290069781676E-03,
    2.519076759844E-03,2.748083738011E-03,2.977090716179E-03,
    3.206097694347E-03,3.435104672514E-03,3.664111650682E-03,
    3.893118628849E-03,4.122125607017E-03,4.351132585185E-03,
    4.580139563352E-03,4.80914654152E-03,5.038153519688E-03),
  .QUASI_UNIFORM_KNOTS.);
#421 = CARTESIAN_POINT('',(2.65647826687,-3.40478253414));
#422 = CARTESIAN_POINT('',(2.662945392009,-3.354189501858));
#423 = CARTESIAN_POINT('',(2.675354245541,-3.252836415769));
#424 = CARTESIAN_POINT('',(2.692551904231,-3.100355790454));
#425 = CARTESIAN_POINT('',(2.708504455985,-2.947477547673));
#426 = CARTESIAN_POINT('',(2.72334760432,-2.794243480028));
#427 = CARTESIAN_POINT('',(2.737199849473,-2.640689795096));
#428 = CARTESIAN_POINT('',(2.750162293595,-2.486847095642));
#429 = CARTESIAN_POINT('',(2.7623223528,-2.332741648757));
#430 = CARTESIAN_POINT('',(2.773755737815,-2.17839605816));
#431 = CARTESIAN_POINT('',(2.784528353737,-2.023829900149));
#432 = CARTESIAN_POINT('',(2.794697786098,-1.869060215007));
#433 = CARTESIAN_POINT('',(2.804314548302,-1.714101915103));
#434 = CARTESIAN_POINT('',(2.813423111196,-1.558968118125));
#435 = CARTESIAN_POINT('',(2.82206276273,-1.403670422522));
#436 = CARTESIAN_POINT('',(2.830268327304,-1.248219135679));
#437 = CARTESIAN_POINT('',(2.83807077087,-1.092623463911));
#438 = CARTESIAN_POINT('',(2.845497711561,-0.936891671163));
#439 = CARTESIAN_POINT('',(2.852573853767,-0.781031212407));
#440 = CARTESIAN_POINT('',(2.859321353418,-0.625048844821));
#441 = CARTESIAN_POINT('',(2.865760145647,-0.468950725621));
#442 = CARTESIAN_POINT('',(2.871908167583,-0.312742479884));
#443 = CARTESIAN_POINT('',(2.877781767236,-0.156429313889));
#444 = CARTESIAN_POINT('',(2.881524086014,-5.215370661607E-02));
#445 = CARTESIAN_POINT('',(2.883354372775,-1.265156776251E-14));
#446 = ( GEOMETRIC_REPRESENTATION_CONTEXT(2) 
PARAMETRIC_REPRESENTATION_CONTEXT() REPRESENTATION_CONTEXT('2D SPACE',''
  ) );
#447 = PCURVE('',#448,#461);
#448 = ( BOUNDED_SURFACE() B_SPLINE_SURFACE(3,2,(
    (#449,#450,#451)
    ,(#452,#453,#454)
    ,(#455,#456,#457)
    ,(#458,#459,#460
)),.UNSPECIFIED.,.F.,.F.,.F.) B_SPLINE_SURFACE_WITH_KNOTS((4,4),(3,3),(
    5.651050630726E-03,1.114464953373E-02),(0.,1.),
.PIECEWISE_BEZIER_KNOTS.) GEOMETRIC_REPRESENTATION_ITEM() 
RATIONAL_B_SPLINE_SURFACE((
    (1.,0.765230520646,1.)
    ,(1.,0.774197580817,1.)
    ,(1.,0.785041063664,1.)
,(1.,0.813876732038,1.))) REPRESENTATION_ITEM('') SURFACE() );
#449 = CARTESIAN_POINT('',(-59.91147616334,0.8,40.009527825424));
#450 = CARTESIAN_POINT('',(-59.1848525613,0.8,39.308722595735));
#451 = CARTESIAN_POINT('',(-59.06048693577,1.794613400653,
    39.188775926626));
#452 = CARTESIAN_POINT('',(-61.18270691695,0.8,38.691463647859));
#453 = CARTESIAN_POINT('',(-60.45806784134,0.8,38.029243134838));
#454 = CARTESIAN_POINT('',(-60.331571169,1.761676433626,37.879105879287)
  );
#455 = CARTESIAN_POINT('',(-62.45383912884,0.8,37.372557659272));
#456 = CARTESIAN_POINT('',(-61.71967320924,0.800000000001,
    36.768969159906));
#457 = CARTESIAN_POINT('',(-61.60264989291,1.722900858699,
    36.563264406272));
#458 = CARTESIAN_POINT('',(-63.66337690349,0.8,35.997286828568));
#459 = CARTESIAN_POINT('',(-63.02008100547,0.8,35.431514134574));
#460 = CARTESIAN_POINT('',(-62.8111444998,1.610251196114,35.247756442277
    ));
#461 = DEFINITIONAL_REPRESENTATION('',(#462),#465);
#462 = B_SPLINE_CURVE_WITH_KNOTS('',1,(#463,#464),.UNSPECIFIED.,.F.,.F.,
  (2,2),(0.,5.038153519688E-03),.PIECEWISE_BEZIER_KNOTS.);
#463 = CARTESIAN_POINT('',(1.111207691065E-02,0.999999057685));
#464 = CARTESIAN_POINT('',(6.02594634259E-03,0.999929317758));
#465 = ( GEOMETRIC_REPRESENTATION_CONTEXT(2) 
PARAMETRIC_REPRESENTATION_CONTEXT() REPRESENTATION_CONTEXT('2D SPACE',''
  ) );
#466 = ORIENTED_EDGE('',*,*,#467,.F.);
#467 = EDGE_CURVE('',#468,#410,#470,.T.);
#468 = VERTEX_POINT('',#469);
#469 = CARTESIAN_POINT('',(-59.3951866533,6.539702559922,34.649733426222
    ));
#470 = SURFACE_CURVE('',#471,(#476,#483),.PCURVE_S1.);
#471 = CIRCLE('',#472,7.);
#472 = AXIS2_PLACEMENT_3D('',#473,#474,#475);
#473 = CARTESIAN_POINT('',(-59.43875581061,-6.410933539286E-17,
    32.15365807554));
#474 = DIRECTION('',(0.999847695156,0.,-1.745240643728E-02));
#475 = DIRECTION('',(-1.745240643728E-02,0.,-0.999847695156));
#476 = PCURVE('',#327,#477);
#477 = DEFINITIONAL_REPRESENTATION('',(#478),#482);
#478 = LINE('',#479,#480);
#479 = CARTESIAN_POINT('',(2.22044604925E-16,6.75139066157E-16));
#480 = VECTOR('',#481,1.);
#481 = DIRECTION('',(1.,1.87253278347E-15));
#482 = ( GEOMETRIC_REPRESENTATION_CONTEXT(2) 
PARAMETRIC_REPRESENTATION_CONTEXT() REPRESENTATION_CONTEXT('2D SPACE',''
  ) );
#483 = PCURVE('',#227,#484);
#484 = DEFINITIONAL_REPRESENTATION('',(#485),#493);
#485 = ( BOUNDED_CURVE() B_SPLINE_CURVE(2,(#486,#487,#488,#489,#490,#491
,#492),.UNSPECIFIED.,.T.,.F.) B_SPLINE_CURVE_WITH_KNOTS((1,2,2,2,2,1),(
    -2.094395102393,0.,2.094395102393,4.188790204786,6.28318530718,
8.377580409573),.UNSPECIFIED.) CURVE() GEOMETRIC_REPRESENTATION_ITEM() 
RATIONAL_B_SPLINE_CURVE((1.,0.5,1.,0.5,1.,0.5,1.)) REPRESENTATION_ITEM(
  '') );
#486 = CARTESIAN_POINT('',(9.595043168248E-32,-1.520709294059));
#487 = CARTESIAN_POINT('',(-12.12435565298,-1.520709294059));
#488 = CARTESIAN_POINT('',(-6.062177826491,8.979290705941));
#489 = CARTESIAN_POINT('',(-1.714505518806E-15,19.479290705941));
#490 = CARTESIAN_POINT('',(6.062177826491,8.979290705941));
#491 = CARTESIAN_POINT('',(12.124355652982,-1.520709294059));
#492 = CARTESIAN_POINT('',(9.595043168248E-32,-1.520709294059));
#493 = ( GEOMETRIC_REPRESENTATION_CONTEXT(2) 
PARAMETRIC_REPRESENTATION_CONTEXT() REPRESENTATION_CONTEXT('2D SPACE',''
  ) );
#494 = ORIENTED_EDGE('',*,*,#495,.F.);
#495 = EDGE_CURVE('',#496,#468,#498,.T.);
#496 = VERTEX_POINT('',#497);
#497 = CARTESIAN_POINT('',(-66.16551975412,-6.410933539286E-17,
    32.271074176931));
#498 = SURFACE_CURVE('',#499,(#506,#535),.PCURVE_S1.);
#499 = B_SPLINE_CURVE_WITH_KNOTS('',3,(#500,#501,#502,#503,#504,#505),
  .UNSPECIFIED.,.F.,.F.,(4,1,1,4),(-1.442023588654E-07,
    2.499161564351E-03,4.99846733106E-03,9.997078864479E-03),
  .UNSPECIFIED.);
#500 = CARTESIAN_POINT('',(-66.16551975412,-6.410933539286E-17,
    32.271074176931));
#501 = CARTESIAN_POINT('',(-65.57964421884,0.337557529758,
    32.757760507255));
#502 = CARTESIAN_POINT('',(-64.4237557451,1.2853059803,33.50842201927));
#503 = CARTESIAN_POINT('',(-62.14717234282,3.502470403517,
    34.448089678197));
#504 = CARTESIAN_POINT('',(-60.49407504821,5.315691102038,
    34.668914594504));
#505 = CARTESIAN_POINT('',(-59.3951866533,6.539702559922,34.649733426222
    ));
#506 = PCURVE('',#327,#507);
#507 = DEFINITIONAL_REPRESENTATION('',(#508),#534);
#508 = B_SPLINE_CURVE_WITH_KNOTS('',3,(#509,#510,#511,#512,#513,#514,
    #515,#516,#517,#518,#519,#520,#521,#522,#523,#524,#525,#526,#527,
    #528,#529,#530,#531,#532,#533),.UNSPECIFIED.,.F.,.F.,(4,1,1,1,1,1,1,
    1,1,1,1,1,1,1,1,1,1,1,1,1,1,1,4),(-1.442023588654E-07,
    4.54275027952E-04,9.086942582628E-04,1.363113488574E-03,
    1.817532718884E-03,2.271951949195E-03,2.726371179506E-03,
    3.180790409817E-03,3.635209640128E-03,4.089628870439E-03,
    4.544048100749E-03,4.99846733106E-03,5.452886561371E-03,
    5.907305791682E-03,6.361725021993E-03,6.816144252304E-03,
    7.270563482614E-03,7.724982712925E-03,8.179401943236E-03,
    8.633821173547E-03,9.088240403858E-03,9.542659634169E-03,
    9.997078864479E-03),.UNSPECIFIED.);
#509 = CARTESIAN_POINT('',(2.493390461567,-6.727788618302));
#510 = CARTESIAN_POINT('',(2.507113473272,-6.622853659687));
#511 = CARTESIAN_POINT('',(2.502099556797,-6.413581380983));
#512 = CARTESIAN_POINT('',(2.442324110706,-6.100945238895));
#513 = CARTESIAN_POINT('',(2.401025363007,-5.788933279078));
#514 = CARTESIAN_POINT('',(2.359313508237,-5.477343497139));
#515 = CARTESIAN_POINT('',(2.322205408758,-5.166199129603));
#516 = CARTESIAN_POINT('',(2.28840361294,-4.855854204556));
#517 = CARTESIAN_POINT('',(2.257594471072,-4.546501865704));
#518 = CARTESIAN_POINT('',(2.228832453107,-4.23802616888));
#519 = CARTESIAN_POINT('',(2.201786143213,-3.930422329437));
#520 = CARTESIAN_POINT('',(2.176199520199,-3.623705156667));
#521 = CARTESIAN_POINT('',(2.151924418087,-3.317932102294));
#522 = CARTESIAN_POINT('',(2.128851247477,-3.013197397191));
#523 = CARTESIAN_POINT('',(2.106752087227,-2.709383014048));
#524 = CARTESIAN_POINT('',(2.08546991577,-2.406374193749));
#525 = CARTESIAN_POINT('',(2.064890074411,-2.104063407735));
#526 = CARTESIAN_POINT('',(2.04492805487,-1.802350265561));
#527 = CARTESIAN_POINT('',(2.025520057329,-1.501142079023));
#528 = CARTESIAN_POINT('',(2.006617139475,-1.200354006141));
#529 = CARTESIAN_POINT('',(1.988181070623,-0.899909053268));
#530 = CARTESIAN_POINT('',(1.970181616959,-0.599738297651));
#531 = CARTESIAN_POINT('',(1.952594063227,-0.299779846172));
#532 = CARTESIAN_POINT('',(1.941130987698,-9.991478876386E-02));
#533 = CARTESIAN_POINT('',(1.935461506008,-5.691713165235E-14));
#534 = ( GEOMETRIC_REPRESENTATION_CONTEXT(2) 
PARAMETRIC_REPRESENTATION_CONTEXT() REPRESENTATION_CONTEXT('2D SPACE',''
  ) );
#535 = PCURVE('',#536,#541);
#536 = CYLINDRICAL_SURFACE('',#537,10.313708498985);
#537 = AXIS2_PLACEMENT_3D('',#538,#539,#540);
#538 = CARTESIAN_POINT('',(-59.5751856859,-19.002,24.337595754998));
#539 = DIRECTION('',(0.,1.,0.));
#540 = DIRECTION('',(0.,-0.,1.));
#541 = DEFINITIONAL_REPRESENTATION('',(#542),#568);
#542 = B_SPLINE_CURVE_WITH_KNOTS('',3,(#543,#544,#545,#546,#547,#548,
    #549,#550,#551,#552,#553,#554,#555,#556,#557,#558,#559,#560,#561,
    #562,#563,#564,#565,#566,#567),.UNSPECIFIED.,.F.,.F.,(4,1,1,1,1,1,1,
    1,1,1,1,1,1,1,1,1,1,1,1,1,1,1,4),(-1.442023588654E-07,
    4.54275027952E-04,9.086942582628E-04,1.363113488574E-03,
    1.817532718884E-03,2.271951949195E-03,2.726371179506E-03,
    3.180790409817E-03,3.635209640128E-03,4.089628870439E-03,
    4.544048100749E-03,4.99846733106E-03,5.452886561371E-03,
    5.907305791682E-03,6.361725021993E-03,6.816144252304E-03,
    7.270563482614E-03,7.724982712925E-03,8.179401943236E-03,
    8.633821173547E-03,9.088240403858E-03,9.542659634169E-03,
    9.997078864479E-03),.UNSPECIFIED.);
#543 = CARTESIAN_POINT('',(5.590003624949,19.002));
#544 = CARTESIAN_POINT('',(5.603430214569,19.06337409632));
#545 = CARTESIAN_POINT('',(5.629789633477,19.195135154108));
#546 = CARTESIAN_POINT('',(5.667999002577,19.416347654023));
#547 = CARTESIAN_POINT('',(5.70503247068,19.657670263324));
#548 = CARTESIAN_POINT('',(5.741035718192,19.91561810387));
#549 = CARTESIAN_POINT('',(5.776144455271,20.186795716333));
#550 = CARTESIAN_POINT('',(5.810491393546,20.467474040422));
#551 = CARTESIAN_POINT('',(5.844164939996,20.755496296515));
#552 = CARTESIAN_POINT('',(5.877216298095,21.050277982654));
#553 = CARTESIAN_POINT('',(5.909700953796,21.350901004947));
#554 = CARTESIAN_POINT('',(5.941668851204,21.656536655192));
#555 = CARTESIAN_POINT('',(5.97316662338,21.966332274363));
#556 = CARTESIAN_POINT('',(6.004236200831,22.279441621039));
#557 = CARTESIAN_POINT('',(6.034920620869,22.595631619282));
#558 = CARTESIAN_POINT('',(6.06526322835,22.91466965392));
#559 = CARTESIAN_POINT('',(6.095306915706,23.236322986318));
#560 = CARTESIAN_POINT('',(6.12509391752,23.560358910922));
#561 = CARTESIAN_POINT('',(6.15466550241,23.886544713314));
#562 = CARTESIAN_POINT('',(6.184061721266,24.214647681454));
#563 = CARTESIAN_POINT('',(6.213321191464,24.544435102661));
#564 = CARTESIAN_POINT('',(6.242480801751,24.875674264427));
#565 = CARTESIAN_POINT('',(6.271575786015,25.208132454199));
#566 = CARTESIAN_POINT('',(6.290950901916,25.430428791023));
#567 = CARTESIAN_POINT('',(6.3006385997,25.541702559922));
#568 = ( GEOMETRIC_REPRESENTATION_CONTEXT(2) 
PARAMETRIC_REPRESENTATION_CONTEXT() REPRESENTATION_CONTEXT('2D SPACE',''
  ) );
#569 = ORIENTED_EDGE('',*,*,#570,.T.);
#570 = EDGE_CURVE('',#496,#571,#573,.T.);
#571 = VERTEX_POINT('',#572);
#572 = CARTESIAN_POINT('',(-59.3951866533,-6.539702559922,
    34.649733426222));
#573 = SURFACE_CURVE('',#574,(#581,#610),.PCURVE_S1.);
#574 = B_SPLINE_CURVE_WITH_KNOTS('',3,(#575,#576,#577,#578,#579,#580),
  .UNSPECIFIED.,.F.,.F.,(4,1,1,4),(-1.442023588654E-07,
    2.499161564351E-03,4.99846733106E-03,9.997078864479E-03),
  .UNSPECIFIED.);
#575 = CARTESIAN_POINT('',(-66.16551975412,-6.410933539286E-17,
    32.271074176931));
#576 = CARTESIAN_POINT('',(-65.57964421884,-0.337557529758,
    32.757760507255));
#577 = CARTESIAN_POINT('',(-64.4237557451,-1.2853059803,33.50842201927)
  );
#578 = CARTESIAN_POINT('',(-62.14717234282,-3.502470403517,
    34.448089678197));
#579 = CARTESIAN_POINT('',(-60.49407504821,-5.315691102038,
    34.668914594504));
#580 = CARTESIAN_POINT('',(-59.3951866533,-6.539702559922,
    34.649733426222));
#581 = PCURVE('',#327,#582);
#582 = DEFINITIONAL_REPRESENTATION('',(#583),#609);
#583 = B_SPLINE_CURVE_WITH_KNOTS('',3,(#584,#585,#586,#587,#588,#589,
    #590,#591,#592,#593,#594,#595,#596,#597,#598,#599,#600,#601,#602,
    #603,#604,#605,#606,#607,#608),.UNSPECIFIED.,.F.,.F.,(4,1,1,1,1,1,1,
    1,1,1,1,1,1,1,1,1,1,1,1,1,1,1,4),(-1.442023588654E-07,
    4.54275027952E-04,9.086942582628E-04,1.363113488574E-03,
    1.817532718884E-03,2.271951949195E-03,2.726371179506E-03,
    3.180790409817E-03,3.635209640128E-03,4.089628870439E-03,
    4.544048100749E-03,4.99846733106E-03,5.452886561371E-03,
    5.907305791682E-03,6.361725021993E-03,6.816144252304E-03,
    7.270563482614E-03,7.724982712925E-03,8.179401943236E-03,
    8.633821173547E-03,9.088240403858E-03,9.542659634169E-03,
    9.997078864479E-03),.UNSPECIFIED.);
#584 = CARTESIAN_POINT('',(3.789794845613,-6.727788618302));
#585 = CARTESIAN_POINT('',(3.776071833908,-6.622853659687));
#586 = CARTESIAN_POINT('',(3.781085750383,-6.413581380983));
#587 = CARTESIAN_POINT('',(3.840861196473,-6.100945238895));
#588 = CARTESIAN_POINT('',(3.882159944173,-5.788933279078));
#589 = CARTESIAN_POINT('',(3.923871798942,-5.477343497139));
#590 = CARTESIAN_POINT('',(3.960979898422,-5.166199129603));
#591 = CARTESIAN_POINT('',(3.99478169424,-4.855854204556));
#592 = CARTESIAN_POINT('',(4.025590836108,-4.546501865704));
#593 = CARTESIAN_POINT('',(4.054352854072,-4.23802616888));
#594 = CARTESIAN_POINT('',(4.081399163967,-3.930422329437));
#595 = CARTESIAN_POINT('',(4.106985786981,-3.623705156667));
#596 = CARTESIAN_POINT('',(4.131260889093,-3.317932102294));
#597 = CARTESIAN_POINT('',(4.154334059703,-3.013197397191));
#598 = CARTESIAN_POINT('',(4.176433219953,-2.709383014048));
#599 = CARTESIAN_POINT('',(4.19771539141,-2.406374193749));
#600 = CARTESIAN_POINT('',(4.218295232769,-2.104063407735));
#601 = CARTESIAN_POINT('',(4.23825725231,-1.802350265561));
#602 = CARTESIAN_POINT('',(4.25766524985,-1.501142079023));
#603 = CARTESIAN_POINT('',(4.276568167704,-1.200354006141));
#604 = CARTESIAN_POINT('',(4.295004236557,-0.899909053268));
#605 = CARTESIAN_POINT('',(4.313003690221,-0.599738297651));
#606 = CARTESIAN_POINT('',(4.330591243953,-0.299779846172));
#607 = CARTESIAN_POINT('',(4.342054319481,-9.991478876386E-02));
#608 = CARTESIAN_POINT('',(4.347723801171,-5.647339153529E-14));
#609 = ( GEOMETRIC_REPRESENTATION_CONTEXT(2) 
PARAMETRIC_REPRESENTATION_CONTEXT() REPRESENTATION_CONTEXT('2D SPACE',''
  ) );
#610 = PCURVE('',#536,#611);
#611 = DEFINITIONAL_REPRESENTATION('',(#612),#638);
#612 = B_SPLINE_CURVE_WITH_KNOTS('',3,(#613,#614,#615,#616,#617,#618,
    #619,#620,#621,#622,#623,#624,#625,#626,#627,#628,#629,#630,#631,
    #632,#633,#634,#635,#636,#637),.UNSPECIFIED.,.F.,.F.,(4,1,1,1,1,1,1,
    1,1,1,1,1,1,1,1,1,1,1,1,1,1,1,4),(-1.442023588654E-07,
    4.54275027952E-04,9.086942582628E-04,1.363113488574E-03,
    1.817532718884E-03,2.271951949195E-03,2.726371179506E-03,
    3.180790409817E-03,3.635209640128E-03,4.089628870439E-03,
    4.544048100749E-03,4.99846733106E-03,5.452886561371E-03,
    5.907305791682E-03,6.361725021993E-03,6.816144252304E-03,
    7.270563482614E-03,7.724982712925E-03,8.179401943236E-03,
    8.633821173547E-03,9.088240403858E-03,9.542659634169E-03,
    9.997078864479E-03),.UNSPECIFIED.);
#613 = CARTESIAN_POINT('',(5.590003624949,19.002));
#614 = CARTESIAN_POINT('',(5.603430214569,18.94062590368));
#615 = CARTESIAN_POINT('',(5.629789633477,18.808864845892));
#616 = CARTESIAN_POINT('',(5.667999002577,18.587652345977));
#617 = CARTESIAN_POINT('',(5.70503247068,18.346329736676));
#618 = CARTESIAN_POINT('',(5.741035718192,18.08838189613));
#619 = CARTESIAN_POINT('',(5.776144455271,17.817204283667));
#620 = CARTESIAN_POINT('',(5.810491393546,17.536525959578));
#621 = CARTESIAN_POINT('',(5.844164939996,17.248503703485));
#622 = CARTESIAN_POINT('',(5.877216298095,16.953722017346));
#623 = CARTESIAN_POINT('',(5.909700953796,16.653098995053));
#624 = CARTESIAN_POINT('',(5.941668851204,16.347463344808));
#625 = CARTESIAN_POINT('',(5.97316662338,16.037667725637));
#626 = CARTESIAN_POINT('',(6.004236200831,15.724558378961));
#627 = CARTESIAN_POINT('',(6.034920620869,15.408368380718));
#628 = CARTESIAN_POINT('',(6.06526322835,15.08933034608));
#629 = CARTESIAN_POINT('',(6.095306915706,14.767677013682));
#630 = CARTESIAN_POINT('',(6.12509391752,14.443641089078));
#631 = CARTESIAN_POINT('',(6.15466550241,14.117455286686));
#632 = CARTESIAN_POINT('',(6.184061721266,13.789352318546));
#633 = CARTESIAN_POINT('',(6.213321191464,13.459564897339));
#634 = CARTESIAN_POINT('',(6.242480801751,13.128325735573));
#635 = CARTESIAN_POINT('',(6.271575786015,12.795867545801));
#636 = CARTESIAN_POINT('',(6.290950901916,12.573571208977));
#637 = CARTESIAN_POINT('',(6.3006385997,12.462297440078));
#638 = ( GEOMETRIC_REPRESENTATION_CONTEXT(2) 
PARAMETRIC_REPRESENTATION_CONTEXT() REPRESENTATION_CONTEXT('2D SPACE',''
  ) );
#639 = ORIENTED_EDGE('',*,*,#640,.F.);
#640 = EDGE_CURVE('',#641,#571,#643,.T.);
#641 = VERTEX_POINT('',#642);
#642 = CARTESIAN_POINT('',(-59.3206398493,-1.787643522446,
    38.920516966957));
#643 = SURFACE_CURVE('',#644,(#649,#656),.PCURVE_S1.);
#644 = CIRCLE('',#645,7.);
#645 = AXIS2_PLACEMENT_3D('',#646,#647,#648);
#646 = CARTESIAN_POINT('',(-59.43875581061,-6.410933539286E-17,
    32.15365807554));
#647 = DIRECTION('',(0.999847695156,0.,-1.745240643728E-02));
#648 = DIRECTION('',(-1.745240643728E-02,0.,-0.999847695156));
#649 = PCURVE('',#327,#650);
#650 = DEFINITIONAL_REPRESENTATION('',(#651),#655);
#651 = LINE('',#652,#653);
#652 = CARTESIAN_POINT('',(-4.440892098501E-16,1.244060953847E-14));
#653 = VECTOR('',#654,1.);
#654 = DIRECTION('',(1.,-1.87253278347E-15));
#655 = ( GEOMETRIC_REPRESENTATION_CONTEXT(2) 
PARAMETRIC_REPRESENTATION_CONTEXT() REPRESENTATION_CONTEXT('2D SPACE',''
  ) );
#656 = PCURVE('',#227,#657);
#657 = DEFINITIONAL_REPRESENTATION('',(#658),#666);
#658 = ( BOUNDED_CURVE() B_SPLINE_CURVE(2,(#659,#660,#661,#662,#663,#664
,#665),.UNSPECIFIED.,.T.,.F.) B_SPLINE_CURVE_WITH_KNOTS((1,2,2,2,2,1),(
    -2.094395102393,0.,2.094395102393,4.188790204786,6.28318530718,
8.377580409573),.UNSPECIFIED.) CURVE() GEOMETRIC_REPRESENTATION_ITEM() 
RATIONAL_B_SPLINE_CURVE((1.,0.5,1.,0.5,1.,0.5,1.)) REPRESENTATION_ITEM(
  '') );
#659 = CARTESIAN_POINT('',(9.595043168248E-32,-1.520709294059));
#660 = CARTESIAN_POINT('',(-12.12435565298,-1.520709294059));
#661 = CARTESIAN_POINT('',(-6.062177826491,8.979290705941));
#662 = CARTESIAN_POINT('',(-1.714505518806E-15,19.479290705941));
#663 = CARTESIAN_POINT('',(6.062177826491,8.979290705941));
#664 = CARTESIAN_POINT('',(12.124355652982,-1.520709294059));
#665 = CARTESIAN_POINT('',(9.595043168248E-32,-1.520709294059));
#666 = ( GEOMETRIC_REPRESENTATION_CONTEXT(2) 
PARAMETRIC_REPRESENTATION_CONTEXT() REPRESENTATION_CONTEXT('2D SPACE',''
  ) );
#667 = ORIENTED_EDGE('',*,*,#668,.T.);
#668 = EDGE_CURVE('',#641,#669,#671,.T.);
#669 = VERTEX_POINT('',#670);
#670 = CARTESIAN_POINT('',(-62.78964086954,-1.612245412529,
    35.271155449335));
#671 = SURFACE_CURVE('',#672,(#677,#706),.PCURVE_S1.);
#672 = B_SPLINE_CURVE_WITH_KNOTS('',3,(#673,#674,#675,#676),
  .UNSPECIFIED.,.F.,.F.,(4,4),(0.,5.038794895174E-03),
  .PIECEWISE_BEZIER_KNOTS.);
#673 = CARTESIAN_POINT('',(-59.3206398493,-1.787643522446,
    38.920516966957));
#674 = CARTESIAN_POINT('',(-60.48924741293,-1.755272813727,
    37.714529865363));
#675 = CARTESIAN_POINT('',(-61.65489737259,-1.716942234846,
    36.505456360203));
#676 = CARTESIAN_POINT('',(-62.78964086954,-1.612245412529,
    35.271155449335));
#677 = PCURVE('',#327,#678);
#678 = DEFINITIONAL_REPRESENTATION('',(#679),#705);
#679 = B_SPLINE_CURVE_WITH_KNOTS('',3,(#680,#681,#682,#683,#684,#685,
    #686,#687,#688,#689,#690,#691,#692,#693,#694,#695,#696,#697,#698,
    #699,#700,#701,#702,#703,#704),.UNSPECIFIED.,.F.,.F.,(4,1,1,1,1,1,1,
    1,1,1,1,1,1,1,1,1,1,1,1,1,1,1,4),(0.,2.290361315988E-04,
    4.580722631976E-04,6.871083947965E-04,9.161445263953E-04,
    1.145180657994E-03,1.374216789593E-03,1.603252921192E-03,
    1.832289052791E-03,2.061325184389E-03,2.290361315988E-03,
    2.519397447587E-03,2.748433579186E-03,2.977469710785E-03,
    3.206505842383E-03,3.435541973982E-03,3.664578105581E-03,
    3.89361423718E-03,4.122650368779E-03,4.351686500378E-03,
    4.580722631976E-03,4.809758763575E-03,5.038794895174E-03),
  .QUASI_UNIFORM_KNOTS.);
#680 = CARTESIAN_POINT('',(3.399830934405,-1.398278811369E-14));
#681 = CARTESIAN_POINT('',(3.401661221165,-5.215370661607E-02));
#682 = CARTESIAN_POINT('',(3.405403539943,-0.156429313889));
#683 = CARTESIAN_POINT('',(3.411277139597,-0.312742479884));
#684 = CARTESIAN_POINT('',(3.417425161532,-0.468950725621));
#685 = CARTESIAN_POINT('',(3.423863953762,-0.625048844821));
#686 = CARTESIAN_POINT('',(3.430611453413,-0.781031212407));
#687 = CARTESIAN_POINT('',(3.437687595619,-0.936891671163));
#688 = CARTESIAN_POINT('',(3.44511453631,-1.092623463911));
#689 = CARTESIAN_POINT('',(3.452916979875,-1.248219135679));
#690 = CARTESIAN_POINT('',(3.46112254445,-1.403670422522));
#691 = CARTESIAN_POINT('',(3.469762195983,-1.558968118125));
#692 = CARTESIAN_POINT('',(3.478870758878,-1.714101915103));
#693 = CARTESIAN_POINT('',(3.488487521081,-1.869060215007));
#694 = CARTESIAN_POINT('',(3.498656953442,-2.023829900149));
#695 = CARTESIAN_POINT('',(3.509429569364,-2.17839605816));
#696 = CARTESIAN_POINT('',(3.520862954379,-2.332741648757));
#697 = CARTESIAN_POINT('',(3.533023013585,-2.486847095642));
#698 = CARTESIAN_POINT('',(3.545985457706,-2.640689795096));
#699 = CARTESIAN_POINT('',(3.559837702859,-2.794243480028));
#700 = CARTESIAN_POINT('',(3.574680851194,-2.947477547673));
#701 = CARTESIAN_POINT('',(3.590633402948,-3.100355790454));
#702 = CARTESIAN_POINT('',(3.607831061639,-3.252836415769));
#703 = CARTESIAN_POINT('',(3.620239915171,-3.354189501858));
#704 = CARTESIAN_POINT('',(3.62670704031,-3.40478253414));
#705 = ( GEOMETRIC_REPRESENTATION_CONTEXT(2) 
PARAMETRIC_REPRESENTATION_CONTEXT() REPRESENTATION_CONTEXT('2D SPACE',''
  ) );
#706 = PCURVE('',#707,#720);
#707 = ( BOUNDED_SURFACE() B_SPLINE_SURFACE(3,2,(
    (#708,#709,#710)
    ,(#711,#712,#713)
    ,(#714,#715,#716)
    ,(#717,#718,#719
)),.UNSPECIFIED.,.F.,.F.,.F.) B_SPLINE_SURFACE_WITH_KNOTS((4,4),(3,3),(
    5.651050630733E-03,1.114464953374E-02),(0.,1.),
.PIECEWISE_BEZIER_KNOTS.) GEOMETRIC_REPRESENTATION_ITEM() 
RATIONAL_B_SPLINE_SURFACE((
    (1.,0.765230520646,1.)
    ,(1.,0.774197580817,1.)
    ,(1.,0.785041063664,1.)
,(1.,0.813876732038,1.))) REPRESENTATION_ITEM('') SURFACE() );
#708 = CARTESIAN_POINT('',(-59.06048693577,-1.794613400653,
    39.188775926626));
#709 = CARTESIAN_POINT('',(-59.1848525613,-0.8,39.308722595735));
#710 = CARTESIAN_POINT('',(-59.91147616334,-0.8,40.009527825425));
#711 = CARTESIAN_POINT('',(-60.33157116899,-1.761676433629,
    37.879105879299));
#712 = CARTESIAN_POINT('',(-60.45806784128,-0.799999999998,
    38.029243134867));
#713 = CARTESIAN_POINT('',(-61.18270691693,-0.8,38.691463647859));
#714 = CARTESIAN_POINT('',(-61.60264989288,-1.72290085871,
    36.563264406298));
#715 = CARTESIAN_POINT('',(-61.7196732092,-0.800000000001,
    36.768969159918));
#716 = CARTESIAN_POINT('',(-62.45383912879,-0.8,37.372557659278));
#717 = CARTESIAN_POINT('',(-62.8111444998,-1.610251196114,
    35.247756442277));
#718 = CARTESIAN_POINT('',(-63.02008100547,-0.8,35.431514134574));
#719 = CARTESIAN_POINT('',(-63.66337690349,-0.8,35.997286828568));
#720 = DEFINITIONAL_REPRESENTATION('',(#721),#724);
#721 = B_SPLINE_CURVE_WITH_KNOTS('',1,(#722,#723),.UNSPECIFIED.,.F.,.F.,
  (2,2),(0.,5.038794895174E-03),.PIECEWISE_BEZIER_KNOTS.);
#722 = CARTESIAN_POINT('',(6.025946342601E-03,7.068224225073E-05));
#723 = CARTESIAN_POINT('',(1.111207691066E-02,9.423155271466E-07));
#724 = ( GEOMETRIC_REPRESENTATION_CONTEXT(2) 
PARAMETRIC_REPRESENTATION_CONTEXT() REPRESENTATION_CONTEXT('2D SPACE',''
  ) );
#725 = ORIENTED_EDGE('',*,*,#726,.T.);
#726 = EDGE_CURVE('',#669,#315,#727,.T.);
#727 = SURFACE_CURVE('',#728,(#734,#763),.PCURVE_S1.);
#728 = B_SPLINE_CURVE_WITH_KNOTS('',3,(#729,#730,#731,#732,#733),
  .UNSPECIFIED.,.F.,.F.,(4,1,4),(1.084202172486E-18,1.787167332103E-03,
    3.574334664206E-03),.UNSPECIFIED.);
#729 = CARTESIAN_POINT('',(-62.78964086954,-1.612245412529,
    35.271155449335));
#730 = CARTESIAN_POINT('',(-63.20152496906,-1.321786907653,
    34.953554097309));
#731 = CARTESIAN_POINT('',(-64.021681528,-0.750280150097,34.306779361772
    ));
#732 = CARTESIAN_POINT('',(-64.83111340219,-0.215275122659,
    33.611829588193));
#733 = CARTESIAN_POINT('',(-65.22369400034,-1.885004233119E-14,
    33.217381105114));
#734 = PCURVE('',#327,#735);
#735 = DEFINITIONAL_REPRESENTATION('',(#736),#762);
#736 = B_SPLINE_CURVE_WITH_KNOTS('',3,(#737,#738,#739,#740,#741,#742,
    #743,#744,#745,#746,#747,#748,#749,#750,#751,#752,#753,#754,#755,
    #756,#757,#758,#759,#760,#761),.UNSPECIFIED.,.F.,.F.,(4,1,1,1,1,1,1,
    1,1,1,1,1,1,1,1,1,1,1,1,1,1,1,4),(1.084202172486E-18,
    1.624697574639E-04,3.249395149278E-04,4.874092723917E-04,
    6.498790298556E-04,8.123487873194E-04,9.748185447833E-04,
    1.137288302247E-03,1.299758059711E-03,1.462227817175E-03,
    1.624697574639E-03,1.787167332103E-03,1.949637089567E-03,
    2.112106847031E-03,2.274576604494E-03,2.437046361958E-03,
    2.599516119422E-03,2.761985876886E-03,2.92445563435E-03,
    3.086925391814E-03,3.249395149278E-03,3.411864906742E-03,
    3.574334664206E-03),.QUASI_UNIFORM_KNOTS.);
#737 = CARTESIAN_POINT('',(3.62670704031,-3.40478253414));
#738 = CARTESIAN_POINT('',(3.623932139797,-3.44171687829));
#739 = CARTESIAN_POINT('',(3.618231936206,-3.51555468853));
#740 = CARTESIAN_POINT('',(3.609184513903,-3.62621558837));
#741 = CARTESIAN_POINT('',(3.599596698577,-3.736777815999));
#742 = CARTESIAN_POINT('',(3.589415998224,-3.847237378435));
#743 = CARTESIAN_POINT('',(3.578582216229,-3.957589297749));
#744 = CARTESIAN_POINT('',(3.567024983287,-4.067827268901));
#745 = CARTESIAN_POINT('',(3.554661845337,-4.177943371663));
#746 = CARTESIAN_POINT('',(3.541395528109,-4.287927660659));
#747 = CARTESIAN_POINT('',(3.527110588589,-4.397767666263));
#748 = CARTESIAN_POINT('',(3.511668950774,-4.507447682852));
#749 = CARTESIAN_POINT('',(3.494904709721,-4.61694807315));
#750 = CARTESIAN_POINT('',(3.47661522536,-4.726243472461));
#751 = CARTESIAN_POINT('',(3.45665669572,-4.835316062645));
#752 = CARTESIAN_POINT('',(3.43485034627,-4.944148617505));
#753 = CARTESIAN_POINT('',(3.410969049327,-5.052723174482));
#754 = CARTESIAN_POINT('',(3.384720617616,-5.161019940033));
#755 = CARTESIAN_POINT('',(3.355723920119,-5.269015319847));
#756 = CARTESIAN_POINT('',(3.323471058883,-5.376678589799));
#757 = CARTESIAN_POINT('',(3.287281732627,-5.483967700361));
#758 = CARTESIAN_POINT('',(3.246191303301,-5.590818445975));
#759 = CARTESIAN_POINT('',(3.198931665951,-5.697142159415));
#760 = CARTESIAN_POINT('',(3.161849394376,-5.767556542315));
#761 = CARTESIAN_POINT('',(3.14159265359,-5.802621642275));
#762 = ( GEOMETRIC_REPRESENTATION_CONTEXT(2) 
PARAMETRIC_REPRESENTATION_CONTEXT() REPRESENTATION_CONTEXT('2D SPACE',''
  ) );
#763 = PCURVE('',#764,#783);
#764 = ( BOUNDED_SURFACE() B_SPLINE_SURFACE(3,2,(
    (#765,#766,#767)
    ,(#768,#769,#770)
    ,(#771,#772,#773)
    ,(#774,#775,#776)
    ,(#777,#778,#779)
    ,(#780,#781,#782
)),.UNSPECIFIED.,.F.,.F.,.F.) B_SPLINE_SURFACE_WITH_KNOTS((4,1,1,4),(3,3
    ),(2.464269789621E-02,2.652049680898E-02,2.745939626537E-02,
    2.839829572175E-02),(0.,1.),.UNSPECIFIED.) 
GEOMETRIC_REPRESENTATION_ITEM() RATIONAL_B_SPLINE_SURFACE((
    (1.,0.630784392133,1.)
    ,(1.,0.622499826972,1.)
    ,(1.,0.60691469043,1.)
    ,(1.,0.564417207248,1.)
    ,(1.,0.528283432785,1.)
,(1.,0.503208336185,1.))) REPRESENTATION_ITEM('') SURFACE() );
#765 = CARTESIAN_POINT('',(-62.77437036795,-1.623015526913,
    35.282927254802));
#766 = CARTESIAN_POINT('',(-62.53705371102,-0.457004920973,
    36.15654063095));
#767 = CARTESIAN_POINT('',(-63.61178314307,-1.16307085796,
    36.881473593597));
#768 = CARTESIAN_POINT('',(-63.20367935646,-1.320188462504,
    34.952068540621));
#769 = CARTESIAN_POINT('',(-62.94313151882,-0.114803862216,
    35.821375559888));
#770 = CARTESIAN_POINT('',(-64.0408780503,-0.837036657541,
    36.562879608492));
#771 = CARTESIAN_POINT('',(-63.84390914361,-0.872503792649,
    34.448851190491));
#772 = CARTESIAN_POINT('',(-63.54227337967,0.412703071007,
    35.304246332632));
#773 = CARTESIAN_POINT('',(-64.68070651489,-0.345717590761,
    36.082653947432));
#774 = CARTESIAN_POINT('',(-64.66847773181,-0.325927765153,
    33.747730159339));
#775 = CARTESIAN_POINT('',(-64.17722724562,1.129697357577,34.59822598869
    ));
#776 = CARTESIAN_POINT('',(-65.50455911699,0.328662187637,
    35.422551842742));
#777 = CARTESIAN_POINT('',(-65.05818180385,-9.025254251765E-02,
    33.384359585655));
#778 = CARTESIAN_POINT('',(-64.37069997578,1.506101030759,
    34.225142057728));
#779 = CARTESIAN_POINT('',(-65.89390189389,0.678077165121,
    35.079879643009));
#780 = CARTESIAN_POINT('',(-65.23640467412,6.951300094333E-03,
    33.204584961728));
#781 = CARTESIAN_POINT('',(-64.37824566113,1.676504246565,
    34.054844595169));
#782 = CARTESIAN_POINT('',(-66.0721357899,0.86156644299,34.899473498804)
  );
#783 = DEFINITIONAL_REPRESENTATION('',(#784),#810);
#784 = B_SPLINE_CURVE_WITH_KNOTS('',3,(#785,#786,#787,#788,#789,#790,
    #791,#792,#793,#794,#795,#796,#797,#798,#799,#800,#801,#802,#803,
    #804,#805,#806,#807,#808,#809),.UNSPECIFIED.,.F.,.F.,(4,1,1,1,1,1,1,
    1,1,1,1,1,1,1,1,1,1,1,1,1,1,1,4),(1.084202172486E-18,
    1.624697574639E-04,3.249395149278E-04,4.874092723917E-04,
    6.498790298556E-04,8.123487873194E-04,9.748185447833E-04,
    1.137288302247E-03,1.299758059711E-03,1.462227817175E-03,
    1.624697574639E-03,1.787167332103E-03,1.949637089567E-03,
    2.112106847031E-03,2.274576604494E-03,2.437046361958E-03,
    2.599516119422E-03,2.761985876886E-03,2.92445563435E-03,
    3.086925391814E-03,3.249395149278E-03,3.411864906742E-03,
    3.574334664206E-03),.QUASI_UNIFORM_KNOTS.);
#785 = CARTESIAN_POINT('',(2.466496389179E-02,-2.599126037224E-07));
#786 = CARTESIAN_POINT('',(2.471956514304E-02,-1.510594631964E-06));
#787 = CARTESIAN_POINT('',(2.482878180234E-02,-1.609000698505E-05));
#788 = CARTESIAN_POINT('',(2.499268564555E-02,-6.440707160668E-05));
#789 = CARTESIAN_POINT('',(2.515670463543E-02,-1.294453592517E-04));
#790 = CARTESIAN_POINT('',(2.532087538453E-02,-2.012699817995E-04));
#791 = CARTESIAN_POINT('',(2.548523480034E-02,-2.697685837311E-04));
#792 = CARTESIAN_POINT('',(2.56498202005E-02,-3.246146812621E-04));
#793 = CARTESIAN_POINT('',(2.581466944206E-02,-3.552468008672E-04));
#794 = CARTESIAN_POINT('',(2.597982093873E-02,-3.509030978055E-04));
#795 = CARTESIAN_POINT('',(2.614531413796E-02,-3.004782243819E-04));
#796 = CARTESIAN_POINT('',(2.631118823026E-02,-1.931069519215E-04));
#797 = CARTESIAN_POINT('',(2.647748735271E-02,-1.610426489165E-05));
#798 = CARTESIAN_POINT('',(2.664424137796E-02,2.371430594871E-04));
#799 = CARTESIAN_POINT('',(2.6811534237E-02,5.094706779765E-04));
#800 = CARTESIAN_POINT('',(2.697948895859E-02,7.613895057475E-04));
#801 = CARTESIAN_POINT('',(2.71482249249E-02,9.548566469725E-04));
#802 = CARTESIAN_POINT('',(2.731787647385E-02,1.058840242604E-03));
#803 = CARTESIAN_POINT('',(2.748856710816E-02,1.04781616616E-03));
#804 = CARTESIAN_POINT('',(2.766050611533E-02,9.084329992361E-04));
#805 = CARTESIAN_POINT('',(2.783435756729E-02,6.67407209523E-04));
#806 = CARTESIAN_POINT('',(2.801082742863E-02,3.727116434591E-04));
#807 = CARTESIAN_POINT('',(2.819072534651E-02,9.648108229333E-05));
#808 = CARTESIAN_POINT('',(2.831364974319E-02,5.028872252635E-06));
#809 = CARTESIAN_POINT('',(2.837602487338E-02,2.687551195303E-07));
#810 = ( GEOMETRIC_REPRESENTATION_CONTEXT(2) 
PARAMETRIC_REPRESENTATION_CONTEXT() REPRESENTATION_CONTEXT('2D SPACE',''
  ) );
#811 = ADVANCED_FACE('',(#812),#827,.F.);
#812 = FACE_BOUND('',#813,.F.);
#813 = EDGE_LOOP('',(#814,#845,#919,#947,#971,#998));
#814 = ORIENTED_EDGE('',*,*,#815,.T.);
#815 = EDGE_CURVE('',#816,#818,#820,.T.);
#816 = VERTEX_POINT('',#817);
#817 = CARTESIAN_POINT('',(-59.61673354612,16.031313816529,
    21.957320436877));
#818 = VERTEX_POINT('',#819);
#819 = CARTESIAN_POINT('',(-59.61673354612,-16.03131381652,
    21.957320436877));
#820 = SURFACE_CURVE('',#821,(#826,#838),.PCURVE_S1.);
#821 = CIRCLE('',#822,19.);
#822 = AXIS2_PLACEMENT_3D('',#823,#824,#825);
#823 = CARTESIAN_POINT('',(-59.43875581061,-1.325128088212E-17,
    32.15365807554));
#824 = DIRECTION('',(-0.999847695156,-1.068651684042E-18,
    1.745240643728E-02));
#825 = DIRECTION('',(1.745240643728E-02,0.,0.999847695156));
#826 = PCURVE('',#827,#832);
#827 = CYLINDRICAL_SURFACE('',#828,19.);
#828 = AXIS2_PLACEMENT_3D('',#829,#830,#831);
#829 = CARTESIAN_POINT('',(-67.43753737186,-2.180049435445E-17,
    32.293277327039));
#830 = DIRECTION('',(0.999847695156,1.068651684042E-18,
    -1.745240643728E-02));
#831 = DIRECTION('',(-1.745240643728E-02,0.,-0.999847695156));
#832 = DEFINITIONAL_REPRESENTATION('',(#833),#837);
#833 = LINE('',#834,#835);
#834 = CARTESIAN_POINT('',(9.424777960769,8.));
#835 = VECTOR('',#836,1.);
#836 = DIRECTION('',(-1.,0.));
#837 = ( GEOMETRIC_REPRESENTATION_CONTEXT(2) 
PARAMETRIC_REPRESENTATION_CONTEXT() REPRESENTATION_CONTEXT('2D SPACE',''
  ) );
#838 = PCURVE('',#227,#839);
#839 = DEFINITIONAL_REPRESENTATION('',(#840),#844);
#840 = CIRCLE('',#841,19.);
#841 = AXIS2_PLACEMENT_2D('',#842,#843);
#842 = CARTESIAN_POINT('',(-5.085805451074E-17,5.479290705941));
#843 = DIRECTION('',(-7.824090399073E-35,1.));
#844 = ( GEOMETRIC_REPRESENTATION_CONTEXT(2) 
PARAMETRIC_REPRESENTATION_CONTEXT() REPRESENTATION_CONTEXT('2D SPACE',''
  ) );
#845 = ORIENTED_EDGE('',*,*,#846,.F.);
#846 = EDGE_CURVE('',#847,#818,#849,.T.);
#847 = VERTEX_POINT('',#848);
#848 = CARTESIAN_POINT('',(-66.35689844324,-13.88436046352,
    19.30229887653));
#849 = SURFACE_CURVE('',#850,(#856,#885),.PCURVE_S1.);
#850 = B_SPLINE_CURVE_WITH_KNOTS('',3,(#851,#852,#853,#854,#855),
  .UNSPECIFIED.,.F.,.F.,(4,1,4),(4.906538933387E-18,3.903710440439E-03,
    7.807420880877E-03),.UNSPECIFIED.);
#851 = CARTESIAN_POINT('',(-66.35689844324,-13.88436046352,
    19.30229887653));
#852 = CARTESIAN_POINT('',(-65.56556078448,-14.61102092995,
    20.066484770673));
#853 = CARTESIAN_POINT('',(-63.55120830749,-15.68867563068,
    21.455505887097));
#854 = CARTESIAN_POINT('',(-60.93671868616,-16.03131381652,
    21.980360863201));
#855 = CARTESIAN_POINT('',(-59.61673354612,-16.03131381652,
    21.957320436877));
#856 = PCURVE('',#827,#857);
#857 = DEFINITIONAL_REPRESENTATION('',(#858),#884);
#858 = B_SPLINE_CURVE_WITH_KNOTS('',3,(#859,#860,#861,#862,#863,#864,
    #865,#866,#867,#868,#869,#870,#871,#872,#873,#874,#875,#876,#877,
    #878,#879,#880,#881,#882,#883),.UNSPECIFIED.,.F.,.F.,(4,1,1,1,1,1,1,
    1,1,1,1,1,1,1,1,1,1,1,1,1,1,1,4),(4.906538933387E-18,
    3.548827673126E-04,7.097655346252E-04,1.064648301938E-03,
    1.41953106925E-03,1.774413836563E-03,2.129296603876E-03,
    2.484179371188E-03,2.839062138501E-03,3.193944905813E-03,
    3.548827673126E-03,3.903710440439E-03,4.258593207751E-03,
    4.613475975064E-03,4.968358742376E-03,5.323241509689E-03,
    5.678124277002E-03,6.033007044314E-03,6.387889811627E-03,
    6.742772578939E-03,7.097655346252E-03,7.452538113565E-03,
    7.807420880877E-03),.UNSPECIFIED.);
#859 = CARTESIAN_POINT('',(5.463756817519,1.307198178013));
#860 = CARTESIAN_POINT('',(5.458663643806,1.377914564502));
#861 = CARTESIAN_POINT('',(5.448630479565,1.522934473162));
#862 = CARTESIAN_POINT('',(5.434062601094,1.750940665081));
#863 = CARTESIAN_POINT('',(5.419998608895,1.989138107813));
#864 = CARTESIAN_POINT('',(5.406461571175,2.237241723239));
#865 = CARTESIAN_POINT('',(5.393475170413,2.494966433244));
#866 = CARTESIAN_POINT('',(5.381063751663,2.762027159709));
#867 = CARTESIAN_POINT('',(5.369252246637,3.038138824519));
#868 = CARTESIAN_POINT('',(5.358066136484,3.323016349556));
#869 = CARTESIAN_POINT('',(5.347531408437,3.616374656703));
#870 = CARTESIAN_POINT('',(5.337674520215,3.917928667844));
#871 = CARTESIAN_POINT('',(5.328522357581,4.227393304861));
#872 = CARTESIAN_POINT('',(5.320102224112,4.544483489636));
#873 = CARTESIAN_POINT('',(5.31242584307,4.86858587256));
#874 = CARTESIAN_POINT('',(5.305505011151,5.199087104021));
#875 = CARTESIAN_POINT('',(5.299351657642,5.535373834406));
#876 = CARTESIAN_POINT('',(5.293977860714,5.876832714106));
#877 = CARTESIAN_POINT('',(5.289395863883,6.222850393508));
#878 = CARTESIAN_POINT('',(5.285618079419,6.572813523002));
#879 = CARTESIAN_POINT('',(5.282657080554,6.926108752975));
#880 = CARTESIAN_POINT('',(5.280525579715,7.282122733817));
#881 = CARTESIAN_POINT('',(5.279236392782,7.640242115916));
#882 = CARTESIAN_POINT('',(5.278947052449,7.879983071746));
#883 = CARTESIAN_POINT('',(5.27894705322,8.));
#884 = ( GEOMETRIC_REPRESENTATION_CONTEXT(2) 
PARAMETRIC_REPRESENTATION_CONTEXT() REPRESENTATION_CONTEXT('2D SPACE',''
  ) );
#885 = PCURVE('',#886,#891);
#886 = CYLINDRICAL_SURFACE('',#887,9.46505110693);
#887 = AXIS2_PLACEMENT_3D('',#888,#889,#890);
#888 = CARTESIAN_POINT('',(-59.78192146499,-19.002,12.493710903076));
#889 = DIRECTION('',(0.,1.,0.));
#890 = DIRECTION('',(0.,-0.,1.));
#891 = DEFINITIONAL_REPRESENTATION('',(#892),#918);
#892 = B_SPLINE_CURVE_WITH_KNOTS('',3,(#893,#894,#895,#896,#897,#898,
    #899,#900,#901,#902,#903,#904,#905,#906,#907,#908,#909,#910,#911,
    #912,#913,#914,#915,#916,#917),.UNSPECIFIED.,.F.,.F.,(4,1,1,1,1,1,1,
    1,1,1,1,1,1,1,1,1,1,1,1,1,1,1,4),(4.906538933387E-18,
    3.548827673126E-04,7.097655346252E-04,1.064648301938E-03,
    1.41953106925E-03,1.774413836563E-03,2.129296603876E-03,
    2.484179371188E-03,2.839062138501E-03,3.193944905813E-03,
    3.548827673126E-03,3.903710440439E-03,4.258593207751E-03,
    4.613475975064E-03,4.968358742376E-03,5.323241509689E-03,
    5.678124277002E-03,6.033007044314E-03,6.387889811627E-03,
    6.742772578939E-03,7.097655346252E-03,7.452538113565E-03,
    7.807420880877E-03),.UNSPECIFIED.);
#893 = CARTESIAN_POINT('',(5.515240436302,5.11763953648));
#894 = CARTESIAN_POINT('',(5.525806541709,5.051579494076));
#895 = CARTESIAN_POINT('',(5.547125112511,4.922564088874));
#896 = CARTESIAN_POINT('',(5.579628180808,4.738336632263));
#897 = CARTESIAN_POINT('',(5.612622171402,4.563386439223));
#898 = CARTESIAN_POINT('',(5.646074271253,4.397695122132));
#899 = CARTESIAN_POINT('',(5.679953199872,4.241244293368));
#900 = CARTESIAN_POINT('',(5.714229791578,4.094015565311));
#901 = CARTESIAN_POINT('',(5.748877455922,3.955990550339));
#902 = CARTESIAN_POINT('',(5.783872682477,3.82715086083));
#903 = CARTESIAN_POINT('',(5.819195517779,3.707478109164));
#904 = CARTESIAN_POINT('',(5.854830085205,3.596953907718));
#905 = CARTESIAN_POINT('',(5.890764891072,3.495559868872));
#906 = CARTESIAN_POINT('',(5.926993834554,3.403277605004));
#907 = CARTESIAN_POINT('',(5.963495341928,3.320051060355));
#908 = CARTESIAN_POINT('',(6.000246461533,3.245824179166));
#909 = CARTESIAN_POINT('',(6.0372239621,3.18054090568));
#910 = CARTESIAN_POINT('',(6.074404723588,3.124145184137));
#911 = CARTESIAN_POINT('',(6.111766335976,3.076580958778));
#912 = CARTESIAN_POINT('',(6.149287664784,3.037792173845));
#913 = CARTESIAN_POINT('',(6.186949385558,3.007722773579));
#914 = CARTESIAN_POINT('',(6.224734671814,2.986316702222));
#915 = CARTESIAN_POINT('',(6.262629250627,2.973517904015));
#916 = CARTESIAN_POINT('',(6.287958912546,2.970686183471));
#917 = CARTESIAN_POINT('',(6.3006385997,2.970686183471));
#918 = ( GEOMETRIC_REPRESENTATION_CONTEXT(2) 
PARAMETRIC_REPRESENTATION_CONTEXT() REPRESENTATION_CONTEXT('2D SPACE',''
  ) );
#919 = ORIENTED_EDGE('',*,*,#920,.F.);
#920 = EDGE_CURVE('',#921,#847,#923,.T.);
#921 = VERTEX_POINT('',#922);
#922 = CARTESIAN_POINT('',(-67.68671128253,-12.53625188639,
    18.018113545028));
#923 = SURFACE_CURVE('',#924,(#929,#935),.PCURVE_S1.);
#924 = ELLIPSE('',#925,26.870057685089,19.);
#925 = AXIS2_PLACEMENT_3D('',#926,#927,#928);
#926 = CARTESIAN_POINT('',(-53.16237358985,-6.542992747439E-18,
    32.044103416363));
#927 = DIRECTION('',(-0.694658370459,0.,0.719339800339));
#928 = DIRECTION('',(0.719339800339,1.511301705025E-18,0.694658370459));
#929 = PCURVE('',#827,#930);
#930 = DEFINITIONAL_REPRESENTATION('',(#931),#934);
#931 = B_SPLINE_CURVE_WITH_KNOTS('',1,(#932,#933),.UNSPECIFIED.,.F.,.F.,
  (2,2),(3.862148862319,3.96102114325),.PIECEWISE_BEZIER_KNOTS.);
#932 = CARTESIAN_POINT('',(5.562629098451,0.));
#933 = CARTESIAN_POINT('',(5.463756817519,1.307198178013));
#934 = ( GEOMETRIC_REPRESENTATION_CONTEXT(2) 
PARAMETRIC_REPRESENTATION_CONTEXT() REPRESENTATION_CONTEXT('2D SPACE',''
  ) );
#935 = PCURVE('',#936,#941);
#936 = PLANE('',#937);
#937 = AXIS2_PLACEMENT_3D('',#938,#939,#940);
#938 = CARTESIAN_POINT('',(-67.02180486289,-19.002,18.660206210779));
#939 = DIRECTION('',(-0.694658370459,0.,0.719339800339));
#940 = DIRECTION('',(0.719339800339,0.,0.694658370459));
#941 = DEFINITIONAL_REPRESENTATION('',(#942),#946);
#942 = ELLIPSE('',#943,26.870057685089,19.);
#943 = AXIS2_PLACEMENT_2D('',#944,#945);
#944 = CARTESIAN_POINT('',(19.266876747976,19.002));
#945 = DIRECTION('',(1.,1.511301705025E-18));
#946 = ( GEOMETRIC_REPRESENTATION_CONTEXT(2) 
PARAMETRIC_REPRESENTATION_CONTEXT() REPRESENTATION_CONTEXT('2D SPACE',''
  ) );
#947 = ORIENTED_EDGE('',*,*,#948,.F.);
#948 = EDGE_CURVE('',#949,#921,#951,.T.);
#949 = VERTEX_POINT('',#950);
#950 = CARTESIAN_POINT('',(-67.68671128253,12.53625188639,
    18.018113545028));
#951 = SURFACE_CURVE('',#952,(#957,#964),.PCURVE_S1.);
#952 = CIRCLE('',#953,19.);
#953 = AXIS2_PLACEMENT_3D('',#954,#955,#956);
#954 = CARTESIAN_POINT('',(-67.43753737186,-2.180049435445E-17,
    32.293277327039));
#955 = DIRECTION('',(-0.999847695156,-1.068651684042E-18,
    1.745240643728E-02));
#956 = DIRECTION('',(1.745240643728E-02,0.,0.999847695156));
#957 = PCURVE('',#827,#958);
#958 = DEFINITIONAL_REPRESENTATION('',(#959),#963);
#959 = LINE('',#960,#961);
#960 = CARTESIAN_POINT('',(9.424777960769,1.42108547152E-14));
#961 = VECTOR('',#962,1.);
#962 = DIRECTION('',(-1.,0.));
#963 = ( GEOMETRIC_REPRESENTATION_CONTEXT(2) 
PARAMETRIC_REPRESENTATION_CONTEXT() REPRESENTATION_CONTEXT('2D SPACE',''
  ) );
#964 = PCURVE('',#126,#965);
#965 = DEFINITIONAL_REPRESENTATION('',(#966),#970);
#966 = CIRCLE('',#967,19.);
#967 = AXIS2_PLACEMENT_2D('',#968,#969);
#968 = CARTESIAN_POINT('',(-5.085805451074E-17,5.479290705941));
#969 = DIRECTION('',(-7.824090399073E-35,1.));
#970 = ( GEOMETRIC_REPRESENTATION_CONTEXT(2) 
PARAMETRIC_REPRESENTATION_CONTEXT() REPRESENTATION_CONTEXT('2D SPACE',''
  ) );
#971 = ORIENTED_EDGE('',*,*,#972,.T.);
#972 = EDGE_CURVE('',#949,#973,#975,.T.);
#973 = VERTEX_POINT('',#974);
#974 = CARTESIAN_POINT('',(-66.35689844324,13.88436046352,19.30229887653
    ));
#975 = SURFACE_CURVE('',#976,(#981,#987),.PCURVE_S1.);
#976 = ELLIPSE('',#977,26.870057685089,19.);
#977 = AXIS2_PLACEMENT_3D('',#978,#979,#980);
#978 = CARTESIAN_POINT('',(-53.16237358985,6.542992747439E-18,
    32.044103416363));
#979 = DIRECTION('',(0.694658370459,0.,-0.719339800339));
#980 = DIRECTION('',(0.719339800339,-1.511301705025E-18,0.694658370459)
  );
#981 = PCURVE('',#827,#982);
#982 = DEFINITIONAL_REPRESENTATION('',(#983),#986);
#983 = B_SPLINE_CURVE_WITH_KNOTS('',1,(#984,#985),.UNSPECIFIED.,.F.,.F.,
  (2,2),(3.862148862319,3.96102114325),.PIECEWISE_BEZIER_KNOTS.);
#984 = CARTESIAN_POINT('',(7.003741515909,0.));
#985 = CARTESIAN_POINT('',(7.10261379684,1.307198178013));
#986 = ( GEOMETRIC_REPRESENTATION_CONTEXT(2) 
PARAMETRIC_REPRESENTATION_CONTEXT() REPRESENTATION_CONTEXT('2D SPACE',''
  ) );
#987 = PCURVE('',#936,#988);
#988 = DEFINITIONAL_REPRESENTATION('',(#989),#997);
#989 = ( BOUNDED_CURVE() B_SPLINE_CURVE(2,(#990,#991,#992,#993,#994,#995
,#996),.UNSPECIFIED.,.T.,.F.) B_SPLINE_CURVE_WITH_KNOTS((1,2,2,2,2,1),(
    -2.094395102393,0.,2.094395102393,4.188790204786,6.28318530718,
8.377580409573),.UNSPECIFIED.) CURVE() GEOMETRIC_REPRESENTATION_ITEM() 
RATIONAL_B_SPLINE_CURVE((1.,0.5,1.,0.5,1.,0.5,1.)) REPRESENTATION_ITEM(
  '') );
#990 = CARTESIAN_POINT('',(46.136934433065,19.002));
#991 = CARTESIAN_POINT('',(46.136934433065,-13.9069653438));
#992 = CARTESIAN_POINT('',(5.831847905432,2.547517328096));
#993 = CARTESIAN_POINT('',(-34.4732386222,19.002));
#994 = CARTESIAN_POINT('',(5.831847905432,35.456482671904));
#995 = CARTESIAN_POINT('',(46.136934433065,51.910965343809));
#996 = CARTESIAN_POINT('',(46.136934433065,19.002));
#997 = ( GEOMETRIC_REPRESENTATION_CONTEXT(2) 
PARAMETRIC_REPRESENTATION_CONTEXT() REPRESENTATION_CONTEXT('2D SPACE',''
  ) );
#998 = ORIENTED_EDGE('',*,*,#999,.T.);
#999 = EDGE_CURVE('',#973,#816,#1000,.T.);
#1000 = SURFACE_CURVE('',#1001,(#1007,#1036),.PCURVE_S1.);
#1001 = B_SPLINE_CURVE_WITH_KNOTS('',3,(#1002,#1003,#1004,#1005,#1006),
  .UNSPECIFIED.,.F.,.F.,(4,1,4),(4.906538933387E-18,3.903710440439E-03,
    7.807420880877E-03),.UNSPECIFIED.);
#1002 = CARTESIAN_POINT('',(-66.35689844324,13.88436046352,
    19.30229887653));
#1003 = CARTESIAN_POINT('',(-65.56556078448,14.611020929956,
    20.066484770673));
#1004 = CARTESIAN_POINT('',(-63.55120830749,15.688675630688,
    21.455505887097));
#1005 = CARTESIAN_POINT('',(-60.93671868616,16.031313816529,
    21.980360863201));
#1006 = CARTESIAN_POINT('',(-59.61673354612,16.031313816529,
    21.957320436877));
#1007 = PCURVE('',#827,#1008);
#1008 = DEFINITIONAL_REPRESENTATION('',(#1009),#1035);
#1009 = B_SPLINE_CURVE_WITH_KNOTS('',3,(#1010,#1011,#1012,#1013,#1014,
    #1015,#1016,#1017,#1018,#1019,#1020,#1021,#1022,#1023,#1024,#1025,
    #1026,#1027,#1028,#1029,#1030,#1031,#1032,#1033,#1034),
  .UNSPECIFIED.,.F.,.F.,(4,1,1,1,1,1,1,1,1,1,1,1,1,1,1,1,1,1,1,1,1,1,4),
  (4.906538933387E-18,3.548827673126E-04,7.097655346252E-04,
    1.064648301938E-03,1.41953106925E-03,1.774413836563E-03,
    2.129296603876E-03,2.484179371188E-03,2.839062138501E-03,
    3.193944905813E-03,3.548827673126E-03,3.903710440439E-03,
    4.258593207751E-03,4.613475975064E-03,4.968358742376E-03,
    5.323241509689E-03,5.678124277002E-03,6.033007044314E-03,
    6.387889811627E-03,6.742772578939E-03,7.097655346252E-03,
    7.452538113565E-03,7.807420880877E-03),.UNSPECIFIED.);
#1010 = CARTESIAN_POINT('',(7.10261379684,1.307198178013));
#1011 = CARTESIAN_POINT('',(7.107706970553,1.377914564502));
#1012 = CARTESIAN_POINT('',(7.117740134794,1.522934473162));
#1013 = CARTESIAN_POINT('',(7.132308013265,1.750940665081));
#1014 = CARTESIAN_POINT('',(7.146372005464,1.989138107813));
#1015 = CARTESIAN_POINT('',(7.159909043185,2.237241723239));
#1016 = CARTESIAN_POINT('',(7.172895443946,2.494966433244));
#1017 = CARTESIAN_POINT('',(7.185306862696,2.762027159709));
#1018 = CARTESIAN_POINT('',(7.197118367722,3.038138824519));
#1019 = CARTESIAN_POINT('',(7.208304477875,3.323016349556));
#1020 = CARTESIAN_POINT('',(7.218839205922,3.616374656703));
#1021 = CARTESIAN_POINT('',(7.228696094144,3.917928667844));
#1022 = CARTESIAN_POINT('',(7.237848256778,4.227393304861));
#1023 = CARTESIAN_POINT('',(7.246268390248,4.544483489636));
#1024 = CARTESIAN_POINT('',(7.253944771289,4.86858587256));
#1025 = CARTESIAN_POINT('',(7.260865603208,5.199087104021));
#1026 = CARTESIAN_POINT('',(7.267018956717,5.535373834406));
#1027 = CARTESIAN_POINT('',(7.272392753645,5.876832714106));
#1028 = CARTESIAN_POINT('',(7.276974750476,6.222850393508));
#1029 = CARTESIAN_POINT('',(7.28075253494,6.572813523002));
#1030 = CARTESIAN_POINT('',(7.283713533805,6.926108752975));
#1031 = CARTESIAN_POINT('',(7.285845034644,7.282122733817));
#1032 = CARTESIAN_POINT('',(7.287134221577,7.640242115916));
#1033 = CARTESIAN_POINT('',(7.28742356191,7.879983071746));
#1034 = CARTESIAN_POINT('',(7.287423561139,8.));
#1035 = ( GEOMETRIC_REPRESENTATION_CONTEXT(2) 
PARAMETRIC_REPRESENTATION_CONTEXT() REPRESENTATION_CONTEXT('2D SPACE',''
  ) );
#1036 = PCURVE('',#886,#1037);
#1037 = DEFINITIONAL_REPRESENTATION('',(#1038),#1064);
#1038 = B_SPLINE_CURVE_WITH_KNOTS('',3,(#1039,#1040,#1041,#1042,#1043,
    #1044,#1045,#1046,#1047,#1048,#1049,#1050,#1051,#1052,#1053,#1054,
    #1055,#1056,#1057,#1058,#1059,#1060,#1061,#1062,#1063),
  .UNSPECIFIED.,.F.,.F.,(4,1,1,1,1,1,1,1,1,1,1,1,1,1,1,1,1,1,1,1,1,1,4),
  (4.906538933387E-18,3.548827673126E-04,7.097655346252E-04,
    1.064648301938E-03,1.41953106925E-03,1.774413836563E-03,
    2.129296603876E-03,2.484179371188E-03,2.839062138501E-03,
    3.193944905813E-03,3.548827673126E-03,3.903710440439E-03,
    4.258593207751E-03,4.613475975064E-03,4.968358742376E-03,
    5.323241509689E-03,5.678124277002E-03,6.033007044314E-03,
    6.387889811627E-03,6.742772578939E-03,7.097655346252E-03,
    7.452538113565E-03,7.807420880877E-03),.UNSPECIFIED.);
#1039 = CARTESIAN_POINT('',(5.515240436302,32.886360463521));
#1040 = CARTESIAN_POINT('',(5.525806541709,32.952420505924));
#1041 = CARTESIAN_POINT('',(5.547125112511,33.081435911126));
#1042 = CARTESIAN_POINT('',(5.579628180808,33.265663367737));
#1043 = CARTESIAN_POINT('',(5.612622171402,33.440613560777));
#1044 = CARTESIAN_POINT('',(5.646074271253,33.606304877868));
#1045 = CARTESIAN_POINT('',(5.679953199872,33.762755706632));
#1046 = CARTESIAN_POINT('',(5.714229791578,33.909984434689));
#1047 = CARTESIAN_POINT('',(5.748877455922,34.048009449661));
#1048 = CARTESIAN_POINT('',(5.783872682477,34.17684913917));
#1049 = CARTESIAN_POINT('',(5.819195517779,34.296521890836));
#1050 = CARTESIAN_POINT('',(5.854830085205,34.407046092282));
#1051 = CARTESIAN_POINT('',(5.890764891072,34.508440131128));
#1052 = CARTESIAN_POINT('',(5.926993834554,34.600722394996));
#1053 = CARTESIAN_POINT('',(5.963495341928,34.683948939645));
#1054 = CARTESIAN_POINT('',(6.000246461533,34.758175820834));
#1055 = CARTESIAN_POINT('',(6.0372239621,34.82345909432));
#1056 = CARTESIAN_POINT('',(6.074404723588,34.879854815863));
#1057 = CARTESIAN_POINT('',(6.111766335976,34.927419041222));
#1058 = CARTESIAN_POINT('',(6.149287664784,34.966207826155));
#1059 = CARTESIAN_POINT('',(6.186949385558,34.996277226421));
#1060 = CARTESIAN_POINT('',(6.224734671814,35.017683297778));
#1061 = CARTESIAN_POINT('',(6.262629250627,35.030482095985));
#1062 = CARTESIAN_POINT('',(6.287958912546,35.033313816529));
#1063 = CARTESIAN_POINT('',(6.3006385997,35.033313816529));
#1064 = ( GEOMETRIC_REPRESENTATION_CONTEXT(2) 
PARAMETRIC_REPRESENTATION_CONTEXT() REPRESENTATION_CONTEXT('2D SPACE',''
  ) );
#1065 = ADVANCED_FACE('',(#1066),#1081,.F.);
#1066 = FACE_BOUND('',#1067,.F.);
#1067 = EDGE_LOOP('',(#1068,#1099,#1131,#1205,#1229,#1304));
#1068 = ORIENTED_EDGE('',*,*,#1069,.F.);
#1069 = EDGE_CURVE('',#1070,#1072,#1074,.T.);
#1070 = VERTEX_POINT('',#1071);
#1071 = CARTESIAN_POINT('',(-67.58334339299,17.064654511036,
    23.940055970989));
#1072 = VERTEX_POINT('',#1073);
#1073 = CARTESIAN_POINT('',(-67.66576520462,13.783613609281,
    19.218113545028));
#1074 = SURFACE_CURVE('',#1075,(#1080,#1092),.PCURVE_S1.);
#1075 = CIRCLE('',#1076,19.);
#1076 = AXIS2_PLACEMENT_3D('',#1077,#1078,#1079);
#1077 = CARTESIAN_POINT('',(-67.43753737186,-2.180049435445E-17,
    32.293277327039));
#1078 = DIRECTION('',(-0.999847695156,-1.068651684042E-18,
    1.745240643728E-02));
#1079 = DIRECTION('',(1.745240643728E-02,0.,0.999847695156));
#1080 = PCURVE('',#1081,#1086);
#1081 = CYLINDRICAL_SURFACE('',#1082,19.);
#1082 = AXIS2_PLACEMENT_3D('',#1083,#1084,#1085);
#1083 = CARTESIAN_POINT('',(-67.43753737186,-2.180049435445E-17,
    32.293277327039));
#1084 = DIRECTION('',(0.999847695156,1.068651684042E-18,
    -1.745240643728E-02));
#1085 = DIRECTION('',(-1.745240643728E-02,0.,-0.999847695156));
#1086 = DEFINITIONAL_REPRESENTATION('',(#1087),#1091);
#1087 = LINE('',#1088,#1089);
#1088 = CARTESIAN_POINT('',(3.14159265359,1.089758735011E-13));
#1089 = VECTOR('',#1090,1.);
#1090 = DIRECTION('',(-1.,-4.677277235473E-14));
#1091 = ( GEOMETRIC_REPRESENTATION_CONTEXT(2) 
PARAMETRIC_REPRESENTATION_CONTEXT() REPRESENTATION_CONTEXT('2D SPACE',''
  ) );
#1092 = PCURVE('',#126,#1093);
#1093 = DEFINITIONAL_REPRESENTATION('',(#1094),#1098);
#1094 = CIRCLE('',#1095,19.);
#1095 = AXIS2_PLACEMENT_2D('',#1096,#1097);
#1096 = CARTESIAN_POINT('',(-5.085805451074E-17,5.479290705941));
#1097 = DIRECTION('',(-7.824090399073E-35,1.));
#1098 = ( GEOMETRIC_REPRESENTATION_CONTEXT(2) 
PARAMETRIC_REPRESENTATION_CONTEXT() REPRESENTATION_CONTEXT('2D SPACE',''
  ) );
#1099 = ORIENTED_EDGE('',*,*,#1100,.T.);
#1100 = EDGE_CURVE('',#1070,#1101,#1103,.T.);
#1101 = VERTEX_POINT('',#1102);
#1102 = CARTESIAN_POINT('',(-66.25353055369,17.644705285575,
    25.224241302491));
#1103 = SURFACE_CURVE('',#1104,(#1109,#1115),.PCURVE_S1.);
#1104 = ELLIPSE('',#1105,26.870057685089,19.);
#1105 = AXIS2_PLACEMENT_3D('',#1106,#1107,#1108);
#1106 = CARTESIAN_POINT('',(-59.08431601581,1.287245050081E-17,
    32.147471305909));
#1107 = DIRECTION('',(0.694658370459,0.,-0.719339800339));
#1108 = DIRECTION('',(0.719339800339,-1.511301705025E-18,0.694658370459)
  );
#1109 = PCURVE('',#1081,#1110);
#1110 = DEFINITIONAL_REPRESENTATION('',(#1111),#1114);
#1111 = B_SPLINE_CURVE_WITH_KNOTS('',1,(#1112,#1113),.UNSPECIFIED.,.F.,
  .F.,(2,2),(4.257113000258,4.332399936156),.PIECEWISE_BEZIER_KNOTS.);
#1112 = CARTESIAN_POINT('',(1.115520346669,5.684341886081E-14));
#1113 = CARTESIAN_POINT('',(1.190807282567,1.307198178013));
#1114 = ( GEOMETRIC_REPRESENTATION_CONTEXT(2) 
PARAMETRIC_REPRESENTATION_CONTEXT() REPRESENTATION_CONTEXT('2D SPACE',''
  ) );
#1115 = PCURVE('',#1116,#1121);
#1116 = PLANE('',#1117);
#1117 = AXIS2_PLACEMENT_3D('',#1118,#1119,#1120);
#1118 = CARTESIAN_POINT('',(-66.91843697334,-19.002,24.58214863674));
#1119 = DIRECTION('',(-0.694658370459,0.,0.719339800339));
#1120 = DIRECTION('',(0.719339800339,0.,0.694658370459));
#1121 = DEFINITIONAL_REPRESENTATION('',(#1122),#1130);
#1122 = ( BOUNDED_CURVE() B_SPLINE_CURVE(2,(#1123,#1124,#1125,#1126,
#1127,#1128,#1129),.UNSPECIFIED.,.T.,.F.) B_SPLINE_CURVE_WITH_KNOTS((1,2
    ,2,2,2,1),(-2.094395102393,0.,2.094395102393,4.188790204786,
6.28318530718,8.377580409573),.UNSPECIFIED.) CURVE() 
GEOMETRIC_REPRESENTATION_ITEM() RATIONAL_B_SPLINE_CURVE((1.,0.5,1.,0.5,
1.,0.5,1.)) REPRESENTATION_ITEM('') );
#1123 = CARTESIAN_POINT('',(37.76076740787,19.002));
#1124 = CARTESIAN_POINT('',(37.76076740787,-13.9069653438));
#1125 = CARTESIAN_POINT('',(-2.544319119763,2.547517328096));
#1126 = CARTESIAN_POINT('',(-42.84940564739,19.002));
#1127 = CARTESIAN_POINT('',(-2.544319119763,35.456482671904));
#1128 = CARTESIAN_POINT('',(37.76076740787,51.910965343809));
#1129 = CARTESIAN_POINT('',(37.76076740787,19.002));
#1130 = ( GEOMETRIC_REPRESENTATION_CONTEXT(2) 
PARAMETRIC_REPRESENTATION_CONTEXT() REPRESENTATION_CONTEXT('2D SPACE',''
  ) );
#1131 = ORIENTED_EDGE('',*,*,#1132,.T.);
#1132 = EDGE_CURVE('',#1101,#1133,#1135,.T.);
#1133 = VERTEX_POINT('',#1134);
#1134 = CARTESIAN_POINT('',(-59.51336565657,18.512805809399,
    27.879262862838));
#1135 = SURFACE_CURVE('',#1136,(#1142,#1171),.PCURVE_S1.);
#1136 = B_SPLINE_CURVE_WITH_KNOTS('',3,(#1137,#1138,#1139,#1140,#1141),
  .UNSPECIFIED.,.F.,.F.,(4,1,4),(0.,3.729970799764E-03,
    7.459941599528E-03),.UNSPECIFIED.);
#1137 = CARTESIAN_POINT('',(-66.25353055369,17.644705285575,
    25.224241302491));
#1138 = CARTESIAN_POINT('',(-65.38012704274,17.987610370723,
    26.067677268896));
#1139 = CARTESIAN_POINT('',(-63.27975690573,18.405841156104,
    27.435181098869));
#1140 = CARTESIAN_POINT('',(-60.77438909543,18.512805809399,
    27.901274108839));
#1141 = CARTESIAN_POINT('',(-59.51336565657,18.512805809399,
    27.879262862838));
#1142 = PCURVE('',#1081,#1143);
#1143 = DEFINITIONAL_REPRESENTATION('',(#1144),#1170);
#1144 = B_SPLINE_CURVE_WITH_KNOTS('',3,(#1145,#1146,#1147,#1148,#1149,
    #1150,#1151,#1152,#1153,#1154,#1155,#1156,#1157,#1158,#1159,#1160,
    #1161,#1162,#1163,#1164,#1165,#1166,#1167,#1168,#1169),
  .UNSPECIFIED.,.F.,.F.,(4,1,1,1,1,1,1,1,1,1,1,1,1,1,1,1,1,1,1,1,1,1,4),
  (0.,3.39088254524E-04,6.78176509048E-04,1.017264763572E-03,
    1.356353018096E-03,1.69544127262E-03,2.034529527144E-03,
    2.373617781668E-03,2.712706036192E-03,3.051794290716E-03,
    3.39088254524E-03,3.729970799764E-03,4.069059054288E-03,
    4.408147308812E-03,4.747235563336E-03,5.08632381786E-03,
    5.425412072384E-03,5.764500326908E-03,6.103588581432E-03,
    6.442676835956E-03,6.78176509048E-03,7.120853345004E-03,
    7.459941599528E-03),.QUASI_UNIFORM_KNOTS.);
#1145 = CARTESIAN_POINT('',(1.190807282567,1.307198178013));
#1146 = CARTESIAN_POINT('',(1.195230674026,1.385248223475));
#1147 = CARTESIAN_POINT('',(1.20390792281,1.544315942561));
#1148 = CARTESIAN_POINT('',(1.216406901122,1.791485133434));
#1149 = CARTESIAN_POINT('',(1.22838085255,2.046886664308));
#1150 = CARTESIAN_POINT('',(1.239821083548,2.31018526294));
#1151 = CARTESIAN_POINT('',(1.250718541738,2.581045657087));
#1152 = CARTESIAN_POINT('',(1.261063772492,2.859132574505));
#1153 = CARTESIAN_POINT('',(1.270846943426,3.144110742951));
#1154 = CARTESIAN_POINT('',(1.280057852829,3.435644890183));
#1155 = CARTESIAN_POINT('',(1.288685945604,3.733399743956));
#1156 = CARTESIAN_POINT('',(1.296720328562,4.037040032027));
#1157 = CARTESIAN_POINT('',(1.304149796538,4.346230482154));
#1158 = CARTESIAN_POINT('',(1.310962834576,4.660635822093));
#1159 = CARTESIAN_POINT('',(1.317153972797,4.979839625205));
#1160 = CARTESIAN_POINT('',(1.322717736465,5.30342546485));
#1161 = CARTESIAN_POINT('',(1.327648598326,5.63097691439));
#1162 = CARTESIAN_POINT('',(1.331940967313,5.962077547186));
#1163 = CARTESIAN_POINT('',(1.33558917527,6.296310936599));
#1164 = CARTESIAN_POINT('',(1.338587472524,6.633260655988));
#1165 = CARTESIAN_POINT('',(1.340930029944,6.972510278716));
#1166 = CARTESIAN_POINT('',(1.342610948832,7.313643378142));
#1167 = CARTESIAN_POINT('',(1.343624278482,7.656243527629));
#1168 = CARTESIAN_POINT('',(1.343850788702,7.885344042901));
#1169 = CARTESIAN_POINT('',(1.343850788405,8.));
#1170 = ( GEOMETRIC_REPRESENTATION_CONTEXT(2) 
PARAMETRIC_REPRESENTATION_CONTEXT() REPRESENTATION_CONTEXT('2D SPACE',''
  ) );
#1171 = PCURVE('',#1172,#1177);
#1172 = CYLINDRICAL_SURFACE('',#1173,9.46505110693);
#1173 = AXIS2_PLACEMENT_3D('',#1174,#1175,#1176);
#1174 = CARTESIAN_POINT('',(-59.67855357544,-19.002,18.415653329037));
#1175 = DIRECTION('',(0.,1.,0.));
#1176 = DIRECTION('',(0.,-0.,1.));
#1177 = DEFINITIONAL_REPRESENTATION('',(#1178),#1204);
#1178 = B_SPLINE_CURVE_WITH_KNOTS('',3,(#1179,#1180,#1181,#1182,#1183,
    #1184,#1185,#1186,#1187,#1188,#1189,#1190,#1191,#1192,#1193,#1194,
    #1195,#1196,#1197,#1198,#1199,#1200,#1201,#1202,#1203),
  .UNSPECIFIED.,.F.,.F.,(4,1,1,1,1,1,1,1,1,1,1,1,1,1,1,1,1,1,1,1,1,1,4),
  (0.,3.39088254524E-04,6.78176509048E-04,1.017264763572E-03,
    1.356353018096E-03,1.69544127262E-03,2.034529527144E-03,
    2.373617781668E-03,2.712706036192E-03,3.051794290716E-03,
    3.39088254524E-03,3.729970799764E-03,4.069059054288E-03,
    4.408147308812E-03,4.747235563336E-03,5.08632381786E-03,
    5.425412072384E-03,5.764500326908E-03,6.103588581432E-03,
    6.442676835956E-03,6.78176509048E-03,7.120853345004E-03,
    7.459941599528E-03),.QUASI_UNIFORM_KNOTS.);
#1179 = CARTESIAN_POINT('',(5.515240436302,36.646705285575));
#1180 = CARTESIAN_POINT('',(5.526902170818,36.677878475133));
#1181 = CARTESIAN_POINT('',(5.550254215537,36.738013454376));
#1182 = CARTESIAN_POINT('',(5.585364270815,36.821834044393));
#1183 = CARTESIAN_POINT('',(5.620552774441,36.899525076341));
#1184 = CARTESIAN_POINT('',(5.655815489999,36.971338871));
#1185 = CARTESIAN_POINT('',(5.69114805528,37.037527749148));
#1186 = CARTESIAN_POINT('',(5.726546163651,37.098344031564));
#1187 = CARTESIAN_POINT('',(5.762005850389,37.154040039027));
#1188 = CARTESIAN_POINT('',(5.79752375081,37.204868092316));
#1189 = CARTESIAN_POINT('',(5.83309735676,37.251080512209));
#1190 = CARTESIAN_POINT('',(5.868725286609,37.292929619486));
#1191 = CARTESIAN_POINT('',(5.904407470474,37.330667734925));
#1192 = CARTESIAN_POINT('',(5.940145618449,37.364547179306));
#1193 = CARTESIAN_POINT('',(5.975940556745,37.394677648524));
#1194 = CARTESIAN_POINT('',(6.011792278235,37.421168838476));
#1195 = CARTESIAN_POINT('',(6.047700408744,37.444130445058));
#1196 = CARTESIAN_POINT('',(6.083664384275,37.463672164168));
#1197 = CARTESIAN_POINT('',(6.119683706596,37.479903691701));
#1198 = CARTESIAN_POINT('',(6.155758181814,37.492934723554));
#1199 = CARTESIAN_POINT('',(6.191888146506,37.502874955624));
#1200 = CARTESIAN_POINT('',(6.228074748611,37.509834083807));
#1201 = CARTESIAN_POINT('',(6.264319999891,37.513921804));
#1202 = CARTESIAN_POINT('',(6.288525103961,37.514805809399));
#1203 = CARTESIAN_POINT('',(6.3006385997,37.514805809399));
#1204 = ( GEOMETRIC_REPRESENTATION_CONTEXT(2) 
PARAMETRIC_REPRESENTATION_CONTEXT() REPRESENTATION_CONTEXT('2D SPACE',''
  ) );
#1205 = ORIENTED_EDGE('',*,*,#1206,.T.);
#1206 = EDGE_CURVE('',#1133,#1207,#1209,.T.);
#1207 = VERTEX_POINT('',#1208);
#1208 = CARTESIAN_POINT('',(-59.60192243239,16.540611662876,
    22.805848574301));
#1209 = SURFACE_CURVE('',#1210,(#1215,#1222),.PCURVE_S1.);
#1210 = CIRCLE('',#1211,19.);
#1211 = AXIS2_PLACEMENT_3D('',#1212,#1213,#1214);
#1212 = CARTESIAN_POINT('',(-59.43875581061,-1.325128088212E-17,
    32.15365807554));
#1213 = DIRECTION('',(-0.999847695156,-1.068651684042E-18,
    1.745240643728E-02));
#1214 = DIRECTION('',(1.745240643728E-02,0.,0.999847695156));
#1215 = PCURVE('',#1081,#1216);
#1216 = DEFINITIONAL_REPRESENTATION('',(#1217),#1221);
#1217 = LINE('',#1218,#1219);
#1218 = CARTESIAN_POINT('',(3.14159265359,8.));
#1219 = VECTOR('',#1220,1.);
#1220 = DIRECTION('',(-1.,2.471327711044E-14));
#1221 = ( GEOMETRIC_REPRESENTATION_CONTEXT(2) 
PARAMETRIC_REPRESENTATION_CONTEXT() REPRESENTATION_CONTEXT('2D SPACE',''
  ) );
#1222 = PCURVE('',#227,#1223);
#1223 = DEFINITIONAL_REPRESENTATION('',(#1224),#1228);
#1224 = CIRCLE('',#1225,19.);
#1225 = AXIS2_PLACEMENT_2D('',#1226,#1227);
#1226 = CARTESIAN_POINT('',(-5.085805451074E-17,5.479290705941));
#1227 = DIRECTION('',(-7.824090399073E-35,1.));
#1228 = ( GEOMETRIC_REPRESENTATION_CONTEXT(2) 
PARAMETRIC_REPRESENTATION_CONTEXT() REPRESENTATION_CONTEXT('2D SPACE',''
  ) );
#1229 = ORIENTED_EDGE('',*,*,#1230,.F.);
#1230 = EDGE_CURVE('',#1231,#1207,#1233,.T.);
#1231 = VERTEX_POINT('',#1232);
#1232 = CARTESIAN_POINT('',(-66.94642540428,14.42157740297,
    19.912771915487));
#1233 = SURFACE_CURVE('',#1234,(#1241,#1270),.PCURVE_S1.);
#1234 = B_SPLINE_CURVE_WITH_KNOTS('',3,(#1235,#1236,#1237,#1238,#1239,
    #1240),.UNSPECIFIED.,.F.,.F.,(4,1,1,4),(0.,2.107374211557E-03,
    4.214748423113E-03,8.429496846226E-03),.UNSPECIFIED.);
#1235 = CARTESIAN_POINT('',(-66.94642540428,14.42157740297,
    19.912771915487));
#1236 = CARTESIAN_POINT('',(-66.50845662018,14.790854790264,
    20.335713454014));
#1237 = CARTESIAN_POINT('',(-65.53335399997,15.420482249514,
    21.1297081287));
#1238 = CARTESIAN_POINT('',(-63.13723901465,16.30166816207,
    22.416534663884));
#1239 = CARTESIAN_POINT('',(-61.02695373335,16.540611662876,
    22.830722588184));
#1240 = CARTESIAN_POINT('',(-59.60192243239,16.540611662876,
    22.805848574301));
#1241 = PCURVE('',#1081,#1242);
#1242 = DEFINITIONAL_REPRESENTATION('',(#1243),#1269);
#1243 = B_SPLINE_CURVE_WITH_KNOTS('',3,(#1244,#1245,#1246,#1247,#1248,
    #1249,#1250,#1251,#1252,#1253,#1254,#1255,#1256,#1257,#1258,#1259,
    #1260,#1261,#1262,#1263,#1264,#1265,#1266,#1267,#1268),
  .UNSPECIFIED.,.F.,.F.,(4,1,1,1,1,1,1,1,1,1,1,1,1,1,1,1,1,1,1,1,1,1,4),
  (0.,3.831589475557E-04,7.663178951115E-04,1.149476842667E-03,
    1.532635790223E-03,1.915794737779E-03,2.298953685334E-03,
    2.68211263289E-03,3.065271580446E-03,3.448430528002E-03,
    3.831589475557E-03,4.214748423113E-03,4.597907370669E-03,
    4.981066318225E-03,5.36422526578E-03,5.747384213336E-03,
    6.130543160892E-03,6.513702108448E-03,6.896861056003E-03,
    7.280020003559E-03,7.663178951115E-03,8.046337898671E-03,
    8.429496846226E-03),.QUASI_UNIFORM_KNOTS.);
#1244 = CARTESIAN_POINT('',(0.861822528717,0.707106781187));
#1245 = CARTESIAN_POINT('',(0.867250205864,0.785383277861));
#1246 = CARTESIAN_POINT('',(0.877916158939,0.945243821163));
#1247 = CARTESIAN_POINT('',(0.893342122646,1.195187264882));
#1248 = CARTESIAN_POINT('',(0.908190558915,1.455510769395));
#1249 = CARTESIAN_POINT('',(0.922456203696,1.726450680809));
#1250 = CARTESIAN_POINT('',(0.936132271125,2.008210235787));
#1251 = CARTESIAN_POINT('',(0.94921467191,2.301116194699));
#1252 = CARTESIAN_POINT('',(0.961682694946,2.60491314351));
#1253 = CARTESIAN_POINT('',(0.973498901457,2.918763494888));
#1254 = CARTESIAN_POINT('',(0.984628527387,3.241953181868));
#1255 = CARTESIAN_POINT('',(0.995035260529,3.573735040304));
#1256 = CARTESIAN_POINT('',(1.004682463476,3.913370774413));
#1257 = CARTESIAN_POINT('',(1.013532891742,4.26011971214));
#1258 = CARTESIAN_POINT('',(1.021578951146,4.613440920095));
#1259 = CARTESIAN_POINT('',(1.02881299776,4.972793294281));
#1260 = CARTESIAN_POINT('',(1.035227256578,5.337635776413));
#1261 = CARTESIAN_POINT('',(1.040813795198,5.70742729596));
#1262 = CARTESIAN_POINT('',(1.045564499315,6.081626785671));
#1263 = CARTESIAN_POINT('',(1.049471065559,6.459693177415));
#1264 = CARTESIAN_POINT('',(1.052525008738,6.841085403299));
#1265 = CARTESIAN_POINT('',(1.054717686123,7.225262395365));
#1266 = CARTESIAN_POINT('',(1.056040338146,7.611683085672));
#1267 = CARTESIAN_POINT('',(1.056336214572,7.870431966074));
#1268 = CARTESIAN_POINT('',(1.056336213715,8.));
#1269 = ( GEOMETRIC_REPRESENTATION_CONTEXT(2) 
PARAMETRIC_REPRESENTATION_CONTEXT() REPRESENTATION_CONTEXT('2D SPACE',''
  ) );
#1270 = PCURVE('',#1271,#1276);
#1271 = CYLINDRICAL_SURFACE('',#1272,10.313708498985);
#1272 = AXIS2_PLACEMENT_3D('',#1273,#1274,#1275);
#1273 = CARTESIAN_POINT('',(-59.78192146499,-19.002,12.493710903076));
#1274 = DIRECTION('',(0.,1.,0.));
#1275 = DIRECTION('',(0.,-0.,1.));
#1276 = DEFINITIONAL_REPRESENTATION('',(#1277),#1303);
#1277 = B_SPLINE_CURVE_WITH_KNOTS('',3,(#1278,#1279,#1280,#1281,#1282,
    #1283,#1284,#1285,#1286,#1287,#1288,#1289,#1290,#1291,#1292,#1293,
    #1294,#1295,#1296,#1297,#1298,#1299,#1300,#1301,#1302),
  .UNSPECIFIED.,.F.,.F.,(4,1,1,1,1,1,1,1,1,1,1,1,1,1,1,1,1,1,1,1,1,1,4),
  (0.,3.831589475557E-04,7.663178951115E-04,1.149476842667E-03,
    1.532635790223E-03,1.915794737779E-03,2.298953685334E-03,
    2.68211263289E-03,3.065271580446E-03,3.448430528002E-03,
    3.831589475557E-03,4.214748423113E-03,4.597907370669E-03,
    4.981066318225E-03,5.36422526578E-03,5.747384213336E-03,
    6.130543160892E-03,6.513702108448E-03,6.896861056003E-03,
    7.280020003559E-03,7.663178951115E-03,8.046337898671E-03,
    8.429496846226E-03),.QUASI_UNIFORM_KNOTS.);
#1278 = CARTESIAN_POINT('',(5.515240436302,33.42357740297));
#1279 = CARTESIAN_POINT('',(5.525973985755,33.490718746114));
#1280 = CARTESIAN_POINT('',(5.547553073167,33.621400511445));
#1281 = CARTESIAN_POINT('',(5.58028232338,33.806880394175));
#1282 = CARTESIAN_POINT('',(5.613395218376,33.982076862261));
#1283 = CARTESIAN_POINT('',(5.646920481452,34.147251530775));
#1284 = CARTESIAN_POINT('',(5.680886325269,34.302657603986));
#1285 = CARTESIAN_POINT('',(5.715337262073,34.448579664918));
#1286 = CARTESIAN_POINT('',(5.750259349278,34.585154406708));
#1287 = CARTESIAN_POINT('',(5.78557844619,34.712370632887));
#1288 = CARTESIAN_POINT('',(5.821235113791,34.830248524894));
#1289 = CARTESIAN_POINT('',(5.857169211149,34.938799856482));
#1290 = CARTESIAN_POINT('',(5.893325139752,35.038038654234));
#1291 = CARTESIAN_POINT('',(5.92965223509,35.127978341093));
#1292 = CARTESIAN_POINT('',(5.966142997998,35.208746235351));
#1293 = CARTESIAN_POINT('',(6.002788882126,35.28046961196));
#1294 = CARTESIAN_POINT('',(6.039581229615,35.343275757488));
#1295 = CARTESIAN_POINT('',(6.076511484327,35.397291955389));
#1296 = CARTESIAN_POINT('',(6.11357160136,35.442645489951));
#1297 = CARTESIAN_POINT('',(6.150754411458,35.479463645238));
#1298 = CARTESIAN_POINT('',(6.18805396627,35.507873705376));
#1299 = CARTESIAN_POINT('',(6.22546598103,35.528002954473));
#1300 = CARTESIAN_POINT('',(6.262987861944,35.539978676641));
#1301 = CARTESIAN_POINT('',(6.288076109784,35.542611662876));
#1302 = CARTESIAN_POINT('',(6.3006385997,35.542611662876));
#1303 = ( GEOMETRIC_REPRESENTATION_CONTEXT(2) 
PARAMETRIC_REPRESENTATION_CONTEXT() REPRESENTATION_CONTEXT('2D SPACE',''
  ) );
#1304 = ORIENTED_EDGE('',*,*,#1305,.F.);
#1305 = EDGE_CURVE('',#1072,#1231,#1306,.T.);
#1306 = SURFACE_CURVE('',#1307,(#1312,#1318),.PCURVE_S1.);
#1307 = ELLIPSE('',#1308,26.870057685089,19.);
#1308 = AXIS2_PLACEMENT_3D('',#1309,#1310,#1311);
#1309 = CARTESIAN_POINT('',(-54.36237358985,7.825570111034E-18,
    32.065049494276));
#1310 = DIRECTION('',(0.694658370459,0.,-0.719339800339));
#1311 = DIRECTION('',(0.719339800339,-1.511301705025E-18,0.694658370459)
  );
#1312 = PCURVE('',#1081,#1313);
#1313 = DEFINITIONAL_REPRESENTATION('',(#1314),#1317);
#1314 = B_SPLINE_CURVE_WITH_KNOTS('',1,(#1315,#1316),.UNSPECIFIED.,.F.,
  .F.,(2,2),(3.953285495499,4.003415182307),.PIECEWISE_BEZIER_KNOTS.);
#1315 = CARTESIAN_POINT('',(0.811692841909,5.684341886081E-14));
#1316 = CARTESIAN_POINT('',(0.861822528717,0.707106781187));
#1317 = ( GEOMETRIC_REPRESENTATION_CONTEXT(2) 
PARAMETRIC_REPRESENTATION_CONTEXT() REPRESENTATION_CONTEXT('2D SPACE',''
  ) );
#1318 = PCURVE('',#1319,#1324);
#1319 = PLANE('',#1320);
#1320 = AXIS2_PLACEMENT_3D('',#1321,#1322,#1323);
#1321 = CARTESIAN_POINT('',(-67.30609530445,-19.002,19.565442730257));
#1322 = DIRECTION('',(-0.694658370459,0.,0.719339800339));
#1323 = DIRECTION('',(0.719339800339,0.,0.694658370459));
#1324 = DEFINITIONAL_REPRESENTATION('',(#1325),#1333);
#1325 = ( BOUNDED_CURVE() B_SPLINE_CURVE(2,(#1326,#1327,#1328,#1329,
#1330,#1331,#1332),.UNSPECIFIED.,.T.,.F.) B_SPLINE_CURVE_WITH_KNOTS((1,2
    ,2,2,2,1),(-2.094395102393,0.,2.094395102393,4.188790204786,
6.28318530718,8.377580409573),.UNSPECIFIED.) CURVE() 
GEOMETRIC_REPRESENTATION_ITEM() RATIONAL_B_SPLINE_CURVE((1.,0.5,1.,0.5,
1.,0.5,1.)) REPRESENTATION_ITEM('') );
#1326 = CARTESIAN_POINT('',(44.863948344983,19.002));
#1327 = CARTESIAN_POINT('',(44.863948344983,-13.9069653438));
#1328 = CARTESIAN_POINT('',(4.558861817349,2.547517328096));
#1329 = CARTESIAN_POINT('',(-35.74622471028,19.002));
#1330 = CARTESIAN_POINT('',(4.558861817349,35.456482671904));
#1331 = CARTESIAN_POINT('',(44.863948344983,51.910965343809));
#1332 = CARTESIAN_POINT('',(44.863948344983,19.002));
#1333 = ( GEOMETRIC_REPRESENTATION_CONTEXT(2) 
PARAMETRIC_REPRESENTATION_CONTEXT() REPRESENTATION_CONTEXT('2D SPACE',''
  ) );
#1334 = ADVANCED_FACE('',(#1335),#1350,.F.);
#1335 = FACE_BOUND('',#1336,.F.);
#1336 = EDGE_LOOP('',(#1337,#1368,#1400,#1474,#1498,#1572));
#1337 = ORIENTED_EDGE('',*,*,#1338,.F.);
#1338 = EDGE_CURVE('',#1339,#1341,#1343,.T.);
#1339 = VERTEX_POINT('',#1340);
#1340 = CARTESIAN_POINT('',(-67.47997550344,18.843754449926,
    29.861998396949));
#1341 = VERTEX_POINT('',#1342);
#1342 = CARTESIAN_POINT('',(-67.56239731507,17.601586128129,
    25.140055970989));
#1343 = SURFACE_CURVE('',#1344,(#1349,#1361),.PCURVE_S1.);
#1344 = CIRCLE('',#1345,19.);
#1345 = AXIS2_PLACEMENT_3D('',#1346,#1347,#1348);
#1346 = CARTESIAN_POINT('',(-67.43753737186,-2.180049435445E-17,
    32.293277327039));
#1347 = DIRECTION('',(-0.999847695156,-1.068651684042E-18,
    1.745240643728E-02));
#1348 = DIRECTION('',(1.745240643728E-02,0.,0.999847695156));
#1349 = PCURVE('',#1350,#1355);
#1350 = CYLINDRICAL_SURFACE('',#1351,19.);
#1351 = AXIS2_PLACEMENT_3D('',#1352,#1353,#1354);
#1352 = CARTESIAN_POINT('',(-67.43753737186,-2.180049435445E-17,
    32.293277327039));
#1353 = DIRECTION('',(0.999847695156,1.068651684042E-18,
    -1.745240643728E-02));
#1354 = DIRECTION('',(-1.745240643728E-02,0.,-0.999847695156));
#1355 = DEFINITIONAL_REPRESENTATION('',(#1356),#1360);
#1356 = LINE('',#1357,#1358);
#1357 = CARTESIAN_POINT('',(3.14159265359,1.42108547152E-14));
#1358 = VECTOR('',#1359,1.);
#1359 = DIRECTION('',(-1.,0.));
#1360 = ( GEOMETRIC_REPRESENTATION_CONTEXT(2) 
PARAMETRIC_REPRESENTATION_CONTEXT() REPRESENTATION_CONTEXT('2D SPACE',''
  ) );
#1361 = PCURVE('',#126,#1362);
#1362 = DEFINITIONAL_REPRESENTATION('',(#1363),#1367);
#1363 = CIRCLE('',#1364,19.);
#1364 = AXIS2_PLACEMENT_2D('',#1365,#1366);
#1365 = CARTESIAN_POINT('',(-5.085805451074E-17,5.479290705941));
#1366 = DIRECTION('',(-7.824090399073E-35,1.));
#1367 = ( GEOMETRIC_REPRESENTATION_CONTEXT(2) 
PARAMETRIC_REPRESENTATION_CONTEXT() REPRESENTATION_CONTEXT('2D SPACE',''
  ) );
#1368 = ORIENTED_EDGE('',*,*,#1369,.T.);
#1369 = EDGE_CURVE('',#1339,#1370,#1372,.T.);
#1370 = VERTEX_POINT('',#1371);
#1371 = CARTESIAN_POINT('',(-66.15016266415,18.966697385539,
    31.146183728451));
#1372 = SURFACE_CURVE('',#1373,(#1378,#1384),.PCURVE_S1.);
#1373 = ELLIPSE('',#1374,26.870057685089,19.);
#1374 = AXIS2_PLACEMENT_3D('',#1375,#1376,#1377);
#1375 = CARTESIAN_POINT('',(-65.00625844177,1.920190825419E-17,
    32.250839195455));
#1376 = DIRECTION('',(0.694658370459,0.,-0.719339800339));
#1377 = DIRECTION('',(0.719339800339,-1.511301705025E-18,0.694658370459)
  );
#1378 = PCURVE('',#1350,#1379);
#1379 = DEFINITIONAL_REPRESENTATION('',(#1380),#1383);
#1380 = B_SPLINE_CURVE_WITH_KNOTS('',1,(#1381,#1382),.UNSPECIFIED.,.F.,
  .F.,(2,2),(4.584055464571,4.653172741819),.PIECEWISE_BEZIER_KNOTS.);
#1381 = CARTESIAN_POINT('',(1.442462810981,2.84217094304E-14));
#1382 = CARTESIAN_POINT('',(1.51158008823,1.307198178013));
#1383 = ( GEOMETRIC_REPRESENTATION_CONTEXT(2) 
PARAMETRIC_REPRESENTATION_CONTEXT() REPRESENTATION_CONTEXT('2D SPACE',''
  ) );
#1384 = PCURVE('',#1385,#1390);
#1385 = PLANE('',#1386);
#1386 = AXIS2_PLACEMENT_3D('',#1387,#1388,#1389);
#1387 = CARTESIAN_POINT('',(-66.81506908379,-19.002,30.5040910627));
#1388 = DIRECTION('',(-0.694658370459,0.,0.719339800339));
#1389 = DIRECTION('',(0.719339800339,0.,0.694658370459));
#1390 = DEFINITIONAL_REPRESENTATION('',(#1391),#1399);
#1391 = ( BOUNDED_CURVE() B_SPLINE_CURVE(2,(#1392,#1393,#1394,#1395,
#1396,#1397,#1398),.UNSPECIFIED.,.T.,.F.) B_SPLINE_CURVE_WITH_KNOTS((1,2
    ,2,2,2,1),(-2.094395102393,0.,2.094395102393,4.188790204786,
6.28318530718,8.377580409573),.UNSPECIFIED.) CURVE() 
GEOMETRIC_REPRESENTATION_ITEM() RATIONAL_B_SPLINE_CURVE((1.,0.5,1.,0.5,
1.,0.5,1.)) REPRESENTATION_ITEM('') );
#1392 = CARTESIAN_POINT('',(29.384600382675,19.002));
#1393 = CARTESIAN_POINT('',(29.384600382675,-13.9069653438));
#1394 = CARTESIAN_POINT('',(-10.92048614495,2.547517328096));
#1395 = CARTESIAN_POINT('',(-51.22557267259,19.002));
#1396 = CARTESIAN_POINT('',(-10.92048614495,35.456482671904));
#1397 = CARTESIAN_POINT('',(29.384600382675,51.910965343809));
#1398 = CARTESIAN_POINT('',(29.384600382675,19.002));
#1399 = ( GEOMETRIC_REPRESENTATION_CONTEXT(2) 
PARAMETRIC_REPRESENTATION_CONTEXT() REPRESENTATION_CONTEXT('2D SPACE',''
  ) );
#1400 = ORIENTED_EDGE('',*,*,#1401,.T.);
#1401 = EDGE_CURVE('',#1370,#1402,#1404,.T.);
#1402 = VERTEX_POINT('',#1403);
#1403 = CARTESIAN_POINT('',(-59.40999776703,18.928411479969,
    33.801205288798));
#1404 = SURFACE_CURVE('',#1405,(#1411,#1440),.PCURVE_S1.);
#1405 = B_SPLINE_CURVE_WITH_KNOTS('',3,(#1406,#1407,#1408,#1409,#1410),
  .UNSPECIFIED.,.F.,.F.,(4,1,4),(0.,3.694761586365E-03,7.38952317273E-03
    ),.UNSPECIFIED.);
#1406 = CARTESIAN_POINT('',(-66.15016266415,18.966697385539,
    31.146183728451));
#1407 = CARTESIAN_POINT('',(-65.25190410943,19.019045510956,
    32.013621931617));
#1408 = CARTESIAN_POINT('',(-63.13659634796,18.981063868119,
    33.368248750822));
#1409 = CARTESIAN_POINT('',(-60.65920439017,18.928411479969,
    33.823010271514));
#1410 = CARTESIAN_POINT('',(-59.40999776703,18.928411479969,
    33.801205288798));
#1411 = PCURVE('',#1350,#1412);
#1412 = DEFINITIONAL_REPRESENTATION('',(#1413),#1439);
#1413 = B_SPLINE_CURVE_WITH_KNOTS('',3,(#1414,#1415,#1416,#1417,#1418,
    #1419,#1420,#1421,#1422,#1423,#1424,#1425,#1426,#1427,#1428,#1429,
    #1430,#1431,#1432,#1433,#1434,#1435,#1436,#1437,#1438),
  .UNSPECIFIED.,.F.,.F.,(4,1,1,1,1,1,1,1,1,1,1,1,1,1,1,1,1,1,1,1,1,1,4),
  (0.,3.358874169423E-04,6.717748338845E-04,1.007662250827E-03,
    1.343549667769E-03,1.679437084711E-03,2.015324501654E-03,
    2.351211918596E-03,2.687099335538E-03,3.02298675248E-03,
    3.358874169423E-03,3.694761586365E-03,4.030649003307E-03,
    4.366536420249E-03,4.702423837192E-03,5.038311254134E-03,
    5.374198671076E-03,5.710086088018E-03,6.045973504961E-03,
    6.381860921903E-03,6.717748338845E-03,7.053635755787E-03,
    7.38952317273E-03),.QUASI_UNIFORM_KNOTS.);
#1414 = CARTESIAN_POINT('',(1.51158008823,1.307198178013));
#1415 = CARTESIAN_POINT('',(1.515812275963,1.387469347241));
#1416 = CARTESIAN_POINT('',(1.524110420745,1.550700763127));
#1417 = CARTESIAN_POINT('',(1.536052693371,1.803307430056));
#1418 = CARTESIAN_POINT('',(1.547483904141,2.063365950897));
#1419 = CARTESIAN_POINT('',(1.558397462616,2.330568636459));
#1420 = CARTESIAN_POINT('',(1.568786470885,2.604607797554));
#1421 = CARTESIAN_POINT('',(1.578643684184,2.885175744992));
#1422 = CARTESIAN_POINT('',(1.587961529025,3.171964789584));
#1423 = CARTESIAN_POINT('',(1.59673210861,3.464667242141));
#1424 = CARTESIAN_POINT('',(1.604947215195,3.762975413473));
#1425 = CARTESIAN_POINT('',(1.61259834246,4.06658161439));
#1426 = CARTESIAN_POINT('',(1.619676707873,4.375178155705));
#1427 = CARTESIAN_POINT('',(1.62617325413,4.688457348227));
#1428 = CARTESIAN_POINT('',(1.632081709595,5.006060474308));
#1429 = CARTESIAN_POINT('',(1.637395799797,5.327628816299));
#1430 = CARTESIAN_POINT('',(1.642109206379,5.652803656551));
#1431 = CARTESIAN_POINT('',(1.646215557752,5.981226277416));
#1432 = CARTESIAN_POINT('',(1.649708417551,6.312537961246));
#1433 = CARTESIAN_POINT('',(1.652581280534,6.646379990391));
#1434 = CARTESIAN_POINT('',(1.654827573927,6.982393647203));
#1435 = CARTESIAN_POINT('',(1.656440665423,7.320220214033));
#1436 = CARTESIAN_POINT('',(1.657413877894,7.659500973233));
#1437 = CARTESIAN_POINT('',(1.65763163431,7.886418462514));
#1438 = CARTESIAN_POINT('',(1.657631634106,8.));
#1439 = ( GEOMETRIC_REPRESENTATION_CONTEXT(2) 
PARAMETRIC_REPRESENTATION_CONTEXT() REPRESENTATION_CONTEXT('2D SPACE',''
  ) );
#1440 = PCURVE('',#1441,#1446);
#1441 = CYLINDRICAL_SURFACE('',#1442,9.46505110693);
#1442 = AXIS2_PLACEMENT_3D('',#1443,#1444,#1445);
#1443 = CARTESIAN_POINT('',(-59.5751856859,-19.002,24.337595754998));
#1444 = DIRECTION('',(0.,1.,0.));
#1445 = DIRECTION('',(0.,-0.,1.));
#1446 = DEFINITIONAL_REPRESENTATION('',(#1447),#1473);
#1447 = B_SPLINE_CURVE_WITH_KNOTS('',3,(#1448,#1449,#1450,#1451,#1452,
    #1453,#1454,#1455,#1456,#1457,#1458,#1459,#1460,#1461,#1462,#1463,
    #1464,#1465,#1466,#1467,#1468,#1469,#1470,#1471,#1472),
  .UNSPECIFIED.,.F.,.F.,(4,1,1,1,1,1,1,1,1,1,1,1,1,1,1,1,1,1,1,1,1,1,4),
  (0.,3.358874169423E-04,6.717748338845E-04,1.007662250827E-03,
    1.343549667769E-03,1.679437084711E-03,2.015324501654E-03,
    2.351211918596E-03,2.687099335538E-03,3.02298675248E-03,
    3.358874169423E-03,3.694761586365E-03,4.030649003307E-03,
    4.366536420249E-03,4.702423837192E-03,5.038311254134E-03,
    5.374198671076E-03,5.710086088018E-03,6.045973504961E-03,
    6.381860921903E-03,6.717748338845E-03,7.053635755787E-03,
    7.38952317273E-03),.QUASI_UNIFORM_KNOTS.);
#1448 = CARTESIAN_POINT('',(5.515240436302,37.968697385539));
#1449 = CARTESIAN_POINT('',(5.527234031903,37.973456306032));
#1450 = CARTESIAN_POINT('',(5.551191051398,37.98179499087));
#1451 = CARTESIAN_POINT('',(5.587046509352,37.991070604208));
#1452 = CARTESIAN_POINT('',(5.622832604996,37.997418858143));
#1453 = CARTESIAN_POINT('',(5.658559119279,38.001144807193));
#1454 = CARTESIAN_POINT('',(5.694235361314,38.002553505876));
#1455 = CARTESIAN_POINT('',(5.729870188749,38.001950008709));
#1456 = CARTESIAN_POINT('',(5.765472149729,37.99963937021));
#1457 = CARTESIAN_POINT('',(5.801049596531,37.995926644897));
#1458 = CARTESIAN_POINT('',(5.836610807634,37.991116887287));
#1459 = CARTESIAN_POINT('',(5.872164115804,37.985515151898));
#1460 = CARTESIAN_POINT('',(5.907718009888,37.979426493248));
#1461 = CARTESIAN_POINT('',(5.94328133675,37.973155965854));
#1462 = CARTESIAN_POINT('',(5.978859811195,37.966838778795));
#1463 = CARTESIAN_POINT('',(6.014458713076,37.960610141147));
#1464 = CARTESIAN_POINT('',(6.050083129282,37.954605261989));
#1465 = CARTESIAN_POINT('',(6.085738093948,37.948959350398));
#1466 = CARTESIAN_POINT('',(6.121428755266,37.943807615453));
#1467 = CARTESIAN_POINT('',(6.15716053683,37.939285266229));
#1468 = CARTESIAN_POINT('',(6.192939287318,37.935527511806));
#1469 = CARTESIAN_POINT('',(6.228771469148,37.932669561262));
#1470 = CARTESIAN_POINT('',(6.2646641836,37.930846623673));
#1471 = CARTESIAN_POINT('',(6.28863858496,37.930411479969));
#1472 = CARTESIAN_POINT('',(6.3006385997,37.930411479969));
#1473 = ( GEOMETRIC_REPRESENTATION_CONTEXT(2) 
PARAMETRIC_REPRESENTATION_CONTEXT() REPRESENTATION_CONTEXT('2D SPACE',''
  ) );
#1474 = ORIENTED_EDGE('',*,*,#1475,.T.);
#1475 = EDGE_CURVE('',#1402,#1476,#1478,.T.);
#1476 = VERTEX_POINT('',#1477);
#1477 = CARTESIAN_POINT('',(-59.49855454284,18.688495361964,
    28.727791000262));
#1478 = SURFACE_CURVE('',#1479,(#1484,#1491),.PCURVE_S1.);
#1479 = CIRCLE('',#1480,19.);
#1480 = AXIS2_PLACEMENT_3D('',#1481,#1482,#1483);
#1481 = CARTESIAN_POINT('',(-59.43875581061,-1.325128088212E-17,
    32.15365807554));
#1482 = DIRECTION('',(-0.999847695156,-1.068651684042E-18,
    1.745240643728E-02));
#1483 = DIRECTION('',(1.745240643728E-02,0.,0.999847695156));
#1484 = PCURVE('',#1350,#1485);
#1485 = DEFINITIONAL_REPRESENTATION('',(#1486),#1490);
#1486 = LINE('',#1487,#1488);
#1487 = CARTESIAN_POINT('',(3.14159265359,8.));
#1488 = VECTOR('',#1489,1.);
#1489 = DIRECTION('',(-1.,0.));
#1490 = ( GEOMETRIC_REPRESENTATION_CONTEXT(2) 
PARAMETRIC_REPRESENTATION_CONTEXT() REPRESENTATION_CONTEXT('2D SPACE',''
  ) );
#1491 = PCURVE('',#227,#1492);
#1492 = DEFINITIONAL_REPRESENTATION('',(#1493),#1497);
#1493 = CIRCLE('',#1494,19.);
#1494 = AXIS2_PLACEMENT_2D('',#1495,#1496);
#1495 = CARTESIAN_POINT('',(-5.085805451074E-17,5.479290705941));
#1496 = DIRECTION('',(-7.824090399073E-35,1.));
#1497 = ( GEOMETRIC_REPRESENTATION_CONTEXT(2) 
PARAMETRIC_REPRESENTATION_CONTEXT() REPRESENTATION_CONTEXT('2D SPACE',''
  ) );
#1498 = ORIENTED_EDGE('',*,*,#1499,.F.);
#1499 = EDGE_CURVE('',#1500,#1476,#1502,.T.);
#1500 = VERTEX_POINT('',#1501);
#1501 = CARTESIAN_POINT('',(-66.84305751474,17.872704268259,
    25.834714341448));
#1502 = SURFACE_CURVE('',#1503,(#1509,#1538),.PCURVE_S1.);
#1503 = B_SPLINE_CURVE_WITH_KNOTS('',3,(#1504,#1505,#1506,#1507,#1508),
  .UNSPECIFIED.,.F.,.F.,(4,1,4),(3.122502256758E-17,4.054894485163E-03,
    8.109788970326E-03),.UNSPECIFIED.);
#1504 = CARTESIAN_POINT('',(-66.84305751474,17.872704268259,
    25.834714341448));
#1505 = CARTESIAN_POINT('',(-65.88686331639,18.211765529774,
    26.758100345325));
#1506 = CARTESIAN_POINT('',(-63.59342231207,18.599490934084,
    28.246956086732));
#1507 = CARTESIAN_POINT('',(-60.86942410525,18.688495361964,
    28.751719617482));
#1508 = CARTESIAN_POINT('',(-59.49855454284,18.688495361964,
    28.727791000262));
#1509 = PCURVE('',#1350,#1510);
#1510 = DEFINITIONAL_REPRESENTATION('',(#1511),#1537);
#1511 = B_SPLINE_CURVE_WITH_KNOTS('',3,(#1512,#1513,#1514,#1515,#1516,
    #1517,#1518,#1519,#1520,#1521,#1522,#1523,#1524,#1525,#1526,#1527,
    #1528,#1529,#1530,#1531,#1532,#1533,#1534,#1535,#1536),
  .UNSPECIFIED.,.F.,.F.,(4,1,1,1,1,1,1,1,1,1,1,1,1,1,1,1,1,1,1,1,1,1,4),
  (3.122502256758E-17,3.686267713785E-04,7.37253542757E-04,
    1.105880314135E-03,1.474507085514E-03,1.843133856892E-03,
    2.211760628271E-03,2.580387399649E-03,2.949014171028E-03,
    3.317640942406E-03,3.686267713785E-03,4.054894485163E-03,
    4.423521256542E-03,4.79214802792E-03,5.160774799299E-03,
    5.529401570677E-03,5.898028342055E-03,6.266655113434E-03,
    6.635281884812E-03,7.003908656191E-03,7.372535427569E-03,
    7.741162198948E-03,8.109788970326E-03),.QUASI_UNIFORM_KNOTS.);
#1512 = CARTESIAN_POINT('',(1.224595462084,0.707106781187));
#1513 = CARTESIAN_POINT('',(1.229376368066,0.792555259141));
#1514 = CARTESIAN_POINT('',(1.238751776354,0.966652554485));
#1515 = CARTESIAN_POINT('',(1.252247996291,1.237031203552));
#1516 = CARTESIAN_POINT('',(1.26516984133,1.516274246418));
#1517 = CARTESIAN_POINT('',(1.277509132346,1.804013370828));
#1518 = CARTESIAN_POINT('',(1.289257240918,2.099880264529));
#1519 = CARTESIAN_POINT('',(1.300405033425,2.403506615269));
#1520 = CARTESIAN_POINT('',(1.310942899719,2.714524110793));
#1521 = CARTESIAN_POINT('',(1.320860762568,3.032564438848));
#1522 = CARTESIAN_POINT('',(1.330148096923,3.357259287182));
#1523 = CARTESIAN_POINT('',(1.338793948818,3.68824034354));
#1524 = CARTESIAN_POINT('',(1.346786968387,4.025139295669));
#1525 = CARTESIAN_POINT('',(1.354115412527,4.367587831316));
#1526 = CARTESIAN_POINT('',(1.360773681625,4.715143162148));
#1527 = CARTESIAN_POINT('',(1.366756173053,5.067362499832));
#1528 = CARTESIAN_POINT('',(1.37205722047,5.423803056035));
#1529 = CARTESIAN_POINT('',(1.37667107956,5.784022042424));
#1530 = CARTESIAN_POINT('',(1.380591911127,6.147576670666));
#1531 = CARTESIAN_POINT('',(1.383813775338,6.514024152429));
#1532 = CARTESIAN_POINT('',(1.386330634078,6.882921699379));
#1533 = CARTESIAN_POINT('',(1.388136363079,7.253826523183));
#1534 = CARTESIAN_POINT('',(1.389224773601,7.626295835509));
#1535 = CARTESIAN_POINT('',(1.389468022228,7.875356510519));
#1536 = CARTESIAN_POINT('',(1.389468021873,8.));
#1537 = ( GEOMETRIC_REPRESENTATION_CONTEXT(2) 
PARAMETRIC_REPRESENTATION_CONTEXT() REPRESENTATION_CONTEXT('2D SPACE',''
  ) );
#1538 = PCURVE('',#1539,#1544);
#1539 = CYLINDRICAL_SURFACE('',#1540,10.313708498985);
#1540 = AXIS2_PLACEMENT_3D('',#1541,#1542,#1543);
#1541 = CARTESIAN_POINT('',(-59.67855357544,-19.002,18.415653329037));
#1542 = DIRECTION('',(0.,1.,0.));
#1543 = DIRECTION('',(0.,-0.,1.));
#1544 = DEFINITIONAL_REPRESENTATION('',(#1545),#1571);
#1545 = B_SPLINE_CURVE_WITH_KNOTS('',3,(#1546,#1547,#1548,#1549,#1550,
    #1551,#1552,#1553,#1554,#1555,#1556,#1557,#1558,#1559,#1560,#1561,
    #1562,#1563,#1564,#1565,#1566,#1567,#1568,#1569,#1570),
  .UNSPECIFIED.,.F.,.F.,(4,1,1,1,1,1,1,1,1,1,1,1,1,1,1,1,1,1,1,1,1,1,4),
  (3.122502256758E-17,3.686267713785E-04,7.37253542757E-04,
    1.105880314135E-03,1.474507085514E-03,1.843133856892E-03,
    2.211760628271E-03,2.580387399649E-03,2.949014171028E-03,
    3.317640942406E-03,3.686267713785E-03,4.054894485163E-03,
    4.423521256542E-03,4.79214802792E-03,5.160774799299E-03,
    5.529401570677E-03,5.898028342055E-03,6.266655113434E-03,
    6.635281884812E-03,7.003908656191E-03,7.372535427569E-03,
    7.741162198948E-03,8.109788970326E-03),.QUASI_UNIFORM_KNOTS.);
#1546 = CARTESIAN_POINT('',(5.515240436302,36.874704268259));
#1547 = CARTESIAN_POINT('',(5.526957052826,36.905528019305));
#1548 = CARTESIAN_POINT('',(5.550410938727,36.964775545211));
#1549 = CARTESIAN_POINT('',(5.585651523569,37.046764794231));
#1550 = CARTESIAN_POINT('',(5.620949892452,37.122189892135));
#1551 = CARTESIAN_POINT('',(5.656303266245,37.191368727647));
#1552 = CARTESIAN_POINT('',(5.691708651156,37.254619189492));
#1553 = CARTESIAN_POINT('',(5.727162998003,37.312259166393));
#1554 = CARTESIAN_POINT('',(5.762663478596,37.364606547074));
#1555 = CARTESIAN_POINT('',(5.798207731129,37.411979220259));
#1556 = CARTESIAN_POINT('',(5.833794105928,37.454695074671));
#1557 = CARTESIAN_POINT('',(5.869421923674,37.493071999036));
#1558 = CARTESIAN_POINT('',(5.905091655933,37.527427882077));
#1559 = CARTESIAN_POINT('',(5.940805367102,37.558080612517));
#1560 = CARTESIAN_POINT('',(5.976565000959,37.585166229561));
#1561 = CARTESIAN_POINT('',(6.012371698815,37.608820772413));
#1562 = CARTESIAN_POINT('',(6.048226232641,37.629180280278));
#1563 = CARTESIAN_POINT('',(6.084129171827,37.64638079236));
#1564 = CARTESIAN_POINT('',(6.12008112212,37.660558347864));
#1565 = CARTESIAN_POINT('',(6.156082948855,37.671848985993));
#1566 = CARTESIAN_POINT('',(6.192135988802,37.680388745953));
#1567 = CARTESIAN_POINT('',(6.22824231233,37.686313666947));
#1568 = CARTESIAN_POINT('',(6.264404775795,37.68975978818));
#1569 = CARTESIAN_POINT('',(6.288553481382,37.690495361964));
#1570 = CARTESIAN_POINT('',(6.3006385997,37.690495361964));
#1571 = ( GEOMETRIC_REPRESENTATION_CONTEXT(2) 
PARAMETRIC_REPRESENTATION_CONTEXT() REPRESENTATION_CONTEXT('2D SPACE',''
  ) );
#1572 = ORIENTED_EDGE('',*,*,#1573,.F.);
#1573 = EDGE_CURVE('',#1341,#1500,#1574,.T.);
#1574 = SURFACE_CURVE('',#1575,(#1580,#1586),.PCURVE_S1.);
#1575 = ELLIPSE('',#1576,26.870057685089,19.);
#1576 = AXIS2_PLACEMENT_3D('',#1577,#1578,#1579);
#1577 = CARTESIAN_POINT('',(-60.28431601581,1.415502786441E-17,
    32.168417383823));
#1578 = DIRECTION('',(0.694658370459,0.,-0.719339800339));
#1579 = DIRECTION('',(0.719339800339,-1.511301705025E-18,0.694658370459)
  );
#1580 = PCURVE('',#1350,#1581);
#1581 = DEFINITIONAL_REPRESENTATION('',(#1582),#1585);
#1582 = B_SPLINE_CURVE_WITH_KNOTS('',1,(#1583,#1584),.UNSPECIFIED.,.F.,
  .F.,(2,2),(4.326327521089,4.366188115673),.PIECEWISE_BEZIER_KNOTS.);
#1583 = CARTESIAN_POINT('',(1.1847348675,7.105427357601E-14));
#1584 = CARTESIAN_POINT('',(1.224595462084,0.707106781187));
#1585 = ( GEOMETRIC_REPRESENTATION_CONTEXT(2) 
PARAMETRIC_REPRESENTATION_CONTEXT() REPRESENTATION_CONTEXT('2D SPACE',''
  ) );
#1586 = PCURVE('',#1587,#1592);
#1587 = PLANE('',#1588);
#1588 = AXIS2_PLACEMENT_3D('',#1589,#1590,#1591);
#1589 = CARTESIAN_POINT('',(-67.2027274149,-19.002,25.487385156218));
#1590 = DIRECTION('',(-0.694658370459,0.,0.719339800339));
#1591 = DIRECTION('',(0.719339800339,0.,0.694658370459));
#1592 = DEFINITIONAL_REPRESENTATION('',(#1593),#1601);
#1593 = ( BOUNDED_CURVE() B_SPLINE_CURVE(2,(#1594,#1595,#1596,#1597,
#1598,#1599,#1600),.UNSPECIFIED.,.T.,.F.) B_SPLINE_CURVE_WITH_KNOTS((1,2
    ,2,2,2,1),(-2.094395102393,0.,2.094395102393,4.188790204786,
6.28318530718,8.377580409573),.UNSPECIFIED.) CURVE() 
GEOMETRIC_REPRESENTATION_ITEM() RATIONAL_B_SPLINE_CURVE((1.,0.5,1.,0.5,
1.,0.5,1.)) REPRESENTATION_ITEM('') );
#1594 = CARTESIAN_POINT('',(36.487781319787,19.002));
#1595 = CARTESIAN_POINT('',(36.487781319787,-13.9069653438));
#1596 = CARTESIAN_POINT('',(-3.817305207846,2.547517328096));
#1597 = CARTESIAN_POINT('',(-44.12239173547,19.002));
#1598 = CARTESIAN_POINT('',(-3.817305207846,35.456482671904));
#1599 = CARTESIAN_POINT('',(36.487781319787,51.910965343809));
#1600 = CARTESIAN_POINT('',(36.487781319787,19.002));
#1601 = ( GEOMETRIC_REPRESENTATION_CONTEXT(2) 
PARAMETRIC_REPRESENTATION_CONTEXT() REPRESENTATION_CONTEXT('2D SPACE',''
  ) );
#1602 = ADVANCED_FACE('',(#1603),#1618,.F.);
#1603 = FACE_BOUND('',#1604,.F.);
#1604 = EDGE_LOOP('',(#1605,#1636,#1668,#1742,#1766,#1835));
#1605 = ORIENTED_EDGE('',*,*,#1606,.F.);
#1606 = EDGE_CURVE('',#1607,#1609,#1611,.T.);
#1607 = VERTEX_POINT('',#1608);
#1608 = CARTESIAN_POINT('',(-67.3766076139,18.676497421176,
    35.78394082291));
#1609 = VERTEX_POINT('',#1610);
#1610 = CARTESIAN_POINT('',(-67.45902942553,18.9600498493,
    31.061998396949));
#1611 = SURFACE_CURVE('',#1612,(#1617,#1629),.PCURVE_S1.);
#1612 = CIRCLE('',#1613,19.);
#1613 = AXIS2_PLACEMENT_3D('',#1614,#1615,#1616);
#1614 = CARTESIAN_POINT('',(-67.43753737186,-2.180049435445E-17,
    32.293277327039));
#1615 = DIRECTION('',(-0.999847695156,-1.068651684042E-18,
    1.745240643728E-02));
#1616 = DIRECTION('',(1.745240643728E-02,0.,0.999847695156));
#1617 = PCURVE('',#1618,#1623);
#1618 = CYLINDRICAL_SURFACE('',#1619,19.);
#1619 = AXIS2_PLACEMENT_3D('',#1620,#1621,#1622);
#1620 = CARTESIAN_POINT('',(-67.43753737186,-2.180049435445E-17,
    32.293277327039));
#1621 = DIRECTION('',(0.999847695156,1.068651684042E-18,
    -1.745240643728E-02));
#1622 = DIRECTION('',(-1.745240643728E-02,0.,-0.999847695156));
#1623 = DEFINITIONAL_REPRESENTATION('',(#1624),#1628);
#1624 = LINE('',#1625,#1626);
#1625 = CARTESIAN_POINT('',(3.14159265359,1.42108547152E-14));
#1626 = VECTOR('',#1627,1.);
#1627 = DIRECTION('',(-1.,0.));
#1628 = ( GEOMETRIC_REPRESENTATION_CONTEXT(2) 
PARAMETRIC_REPRESENTATION_CONTEXT() REPRESENTATION_CONTEXT('2D SPACE',''
  ) );
#1629 = PCURVE('',#126,#1630);
#1630 = DEFINITIONAL_REPRESENTATION('',(#1631),#1635);
#1631 = CIRCLE('',#1632,19.);
#1632 = AXIS2_PLACEMENT_2D('',#1633,#1634);
#1633 = CARTESIAN_POINT('',(-5.085805451074E-17,5.479290705941));
#1634 = DIRECTION('',(-7.824090399073E-35,1.));
#1635 = ( GEOMETRIC_REPRESENTATION_CONTEXT(2) 
PARAMETRIC_REPRESENTATION_CONTEXT() REPRESENTATION_CONTEXT('2D SPACE',''
  ) );
#1636 = ORIENTED_EDGE('',*,*,#1637,.T.);
#1637 = EDGE_CURVE('',#1607,#1638,#1640,.T.);
#1638 = VERTEX_POINT('',#1639);
#1639 = CARTESIAN_POINT('',(-66.0467947746,18.384107832052,
    37.068126154412));
#1640 = SURFACE_CURVE('',#1641,(#1646,#1652),.PCURVE_S1.);
#1641 = ELLIPSE('',#1642,26.870057685089,19.);
#1642 = AXIS2_PLACEMENT_3D('',#1643,#1644,#1645);
#1643 = CARTESIAN_POINT('',(-70.92820086773,2.553136600757E-17,
    32.354207085002));
#1644 = DIRECTION('',(0.694658370459,0.,-0.719339800339));
#1645 = DIRECTION('',(0.719339800339,-1.511301705025E-18,0.694658370459)
  );
#1646 = PCURVE('',#1618,#1647);
#1647 = DEFINITIONAL_REPRESENTATION('',(#1648),#1651);
#1648 = B_SPLINE_CURVE_WITH_KNOTS('',1,(#1649,#1650),.UNSPECIFIED.,.F.,
  .F.,(2,2),(4.897186105777,4.967700684538),.PIECEWISE_BEZIER_KNOTS.);
#1649 = CARTESIAN_POINT('',(1.755593452187,-4.263256414561E-14));
#1650 = CARTESIAN_POINT('',(1.826108030948,1.307198178013));
#1651 = ( GEOMETRIC_REPRESENTATION_CONTEXT(2) 
PARAMETRIC_REPRESENTATION_CONTEXT() REPRESENTATION_CONTEXT('2D SPACE',''
  ) );
#1652 = PCURVE('',#1653,#1658);
#1653 = PLANE('',#1654);
#1654 = AXIS2_PLACEMENT_3D('',#1655,#1656,#1657);
#1655 = CARTESIAN_POINT('',(-66.71170119425,-19.002,36.426033488661));
#1656 = DIRECTION('',(-0.694658370459,0.,0.719339800339));
#1657 = DIRECTION('',(0.719339800339,0.,0.694658370459));
#1658 = DEFINITIONAL_REPRESENTATION('',(#1659),#1667);
#1659 = ( BOUNDED_CURVE() B_SPLINE_CURVE(2,(#1660,#1661,#1662,#1663,
#1664,#1665,#1666),.UNSPECIFIED.,.T.,.F.) B_SPLINE_CURVE_WITH_KNOTS((1,2
    ,2,2,2,1),(-2.094395102393,0.,2.094395102393,4.188790204786,
6.28318530718,8.377580409573),.UNSPECIFIED.) CURVE() 
GEOMETRIC_REPRESENTATION_ITEM() RATIONAL_B_SPLINE_CURVE((1.,0.5,1.,0.5,
1.,0.5,1.)) REPRESENTATION_ITEM('') );
#1660 = CARTESIAN_POINT('',(21.00843335748,19.002));
#1661 = CARTESIAN_POINT('',(21.00843335748,-13.9069653438));
#1662 = CARTESIAN_POINT('',(-19.29665317015,2.547517328096));
#1663 = CARTESIAN_POINT('',(-59.60173969778,19.002));
#1664 = CARTESIAN_POINT('',(-19.29665317015,35.456482671904));
#1665 = CARTESIAN_POINT('',(21.00843335748,51.910965343809));
#1666 = CARTESIAN_POINT('',(21.00843335748,19.002));
#1667 = ( GEOMETRIC_REPRESENTATION_CONTEXT(2) 
PARAMETRIC_REPRESENTATION_CONTEXT() REPRESENTATION_CONTEXT('2D SPACE',''
  ) );
#1668 = ORIENTED_EDGE('',*,*,#1669,.T.);
#1669 = EDGE_CURVE('',#1638,#1670,#1672,.T.);
#1670 = VERTEX_POINT('',#1671);
#1671 = CARTESIAN_POINT('',(-59.30662987748,17.426570785429,
    39.723147714759));
#1672 = SURFACE_CURVE('',#1673,(#1679,#1708),.PCURVE_S1.);
#1673 = B_SPLINE_CURVE_WITH_KNOTS('',3,(#1674,#1675,#1676,#1677,#1678),
  .UNSPECIFIED.,.F.,.F.,(4,1,4),(0.,3.733341459997E-03,
    7.466682919995E-03),.UNSPECIFIED.);
#1674 = CARTESIAN_POINT('',(-66.0467947746,18.384107832052,
    37.068126154412));
#1675 = CARTESIAN_POINT('',(-65.15429643652,18.155120413835,
    37.930001781028));
#1676 = CARTESIAN_POINT('',(-63.06098200232,17.660094294439,
    39.278014197694));
#1677 = CARTESIAN_POINT('',(-60.56962270044,17.426570785429,
    39.745193336488));
#1678 = CARTESIAN_POINT('',(-59.30662987748,17.426570785429,
    39.723147714759));
#1679 = PCURVE('',#1618,#1680);
#1680 = DEFINITIONAL_REPRESENTATION('',(#1681),#1707);
#1681 = B_SPLINE_CURVE_WITH_KNOTS('',3,(#1682,#1683,#1684,#1685,#1686,
    #1687,#1688,#1689,#1690,#1691,#1692,#1693,#1694,#1695,#1696,#1697,
    #1698,#1699,#1700,#1701,#1702,#1703,#1704,#1705,#1706),
  .UNSPECIFIED.,.F.,.F.,(4,1,1,1,1,1,1,1,1,1,1,1,1,1,1,1,1,1,1,1,1,1,4),
  (0.,3.393946781816E-04,6.787893563632E-04,1.018184034545E-03,
    1.357578712726E-03,1.696973390908E-03,2.03636806909E-03,
    2.375762747271E-03,2.715157425453E-03,3.054552103634E-03,
    3.393946781816E-03,3.733341459997E-03,4.072736138179E-03,
    4.412130816361E-03,4.751525494542E-03,5.090920172724E-03,
    5.430314850905E-03,5.769709529087E-03,6.109104207269E-03,
    6.44849888545E-03,6.787893563632E-03,7.127288241813E-03,
    7.466682919995E-03),.QUASI_UNIFORM_KNOTS.);
#1682 = CARTESIAN_POINT('',(1.826108030948,1.307198178013));
#1683 = CARTESIAN_POINT('',(1.830446331389,1.386954596424));
#1684 = CARTESIAN_POINT('',(1.838971284865,1.549069320409));
#1685 = CARTESIAN_POINT('',(1.851292615227,1.799803304024));
#1686 = CARTESIAN_POINT('',(1.863136847059,2.057855421426));
#1687 = CARTESIAN_POINT('',(1.874492425334,2.322981908766));
#1688 = CARTESIAN_POINT('',(1.885347450309,2.594939002193));
#1689 = CARTESIAN_POINT('',(1.895689640381,2.873482937859));
#1690 = CARTESIAN_POINT('',(1.905506361495,3.158369951913));
#1691 = CARTESIAN_POINT('',(1.914784638833,3.449356280505));
#1692 = CARTESIAN_POINT('',(1.923511174275,3.746198159786));
#1693 = CARTESIAN_POINT('',(1.93167236198,4.048651825905));
#1694 = CARTESIAN_POINT('',(1.939254311793,4.356473515014));
#1695 = CARTESIAN_POINT('',(1.946242852232,4.669419463261));
#1696 = CARTESIAN_POINT('',(1.952625660204,4.987121974593));
#1697 = CARTESIAN_POINT('',(1.958390382879,5.309213352953));
#1698 = CARTESIAN_POINT('',(1.963524601295,5.635325902287));
#1699 = CARTESIAN_POINT('',(1.968015822164,5.965091926539));
#1700 = CARTESIAN_POINT('',(1.971851467423,6.298143729654));
#1701 = CARTESIAN_POINT('',(1.975018870869,6.634113615577));
#1702 = CARTESIAN_POINT('',(1.977505280608,6.972633888253));
#1703 = CARTESIAN_POINT('',(1.979297869046,7.313336851627));
#1704 = CARTESIAN_POINT('',(1.980383751149,7.655854809642));
#1705 = CARTESIAN_POINT('',(1.980627925879,7.885164980711));
#1706 = CARTESIAN_POINT('',(1.98062792566,8.));
#1707 = ( GEOMETRIC_REPRESENTATION_CONTEXT(2) 
PARAMETRIC_REPRESENTATION_CONTEXT() REPRESENTATION_CONTEXT('2D SPACE',''
  ) );
#1708 = PCURVE('',#1709,#1714);
#1709 = CYLINDRICAL_SURFACE('',#1710,9.46505110693);
#1710 = AXIS2_PLACEMENT_3D('',#1711,#1712,#1713);
#1711 = CARTESIAN_POINT('',(-59.47181779635,-19.002,30.259538180958));
#1712 = DIRECTION('',(0.,1.,0.));
#1713 = DIRECTION('',(0.,-0.,1.));
#1714 = DEFINITIONAL_REPRESENTATION('',(#1715),#1741);
#1715 = B_SPLINE_CURVE_WITH_KNOTS('',3,(#1716,#1717,#1718,#1719,#1720,
    #1721,#1722,#1723,#1724,#1725,#1726,#1727,#1728,#1729,#1730,#1731,
    #1732,#1733,#1734,#1735,#1736,#1737,#1738,#1739,#1740),
  .UNSPECIFIED.,.F.,.F.,(4,1,1,1,1,1,1,1,1,1,1,1,1,1,1,1,1,1,1,1,1,1,4),
  (0.,3.393946781816E-04,6.787893563632E-04,1.018184034545E-03,
    1.357578712726E-03,1.696973390908E-03,2.03636806909E-03,
    2.375762747271E-03,2.715157425453E-03,3.054552103634E-03,
    3.393946781816E-03,3.733341459997E-03,4.072736138179E-03,
    4.412130816361E-03,4.751525494542E-03,5.090920172724E-03,
    5.430314850905E-03,5.769709529087E-03,6.109104207269E-03,
    6.44849888545E-03,6.787893563632E-03,7.127288241813E-03,
    7.466682919995E-03),.QUASI_UNIFORM_KNOTS.);
#1716 = CARTESIAN_POINT('',(5.515240436302,37.386107832052));
#1717 = CARTESIAN_POINT('',(5.52715716768,37.365290794032));
#1718 = CARTESIAN_POINT('',(5.550956436785,37.323350509042));
#1719 = CARTESIAN_POINT('',(5.58656776682,37.259899672412));
#1720 = CARTESIAN_POINT('',(5.622106591361,37.19628664434));
#1721 = CARTESIAN_POINT('',(5.657587765729,37.132889642531));
#1722 = CARTESIAN_POINT('',(5.693026050764,37.070086884689));
#1723 = CARTESIAN_POINT('',(5.72843613044,37.008256588518));
#1724 = CARTESIAN_POINT('',(5.76383265954,36.947776971723));
#1725 = CARTESIAN_POINT('',(5.799230305555,36.889026252008));
#1726 = CARTESIAN_POINT('',(5.834643792184,36.832382647077));
#1727 = CARTESIAN_POINT('',(5.87008794557,36.778224374635));
#1728 = CARTESIAN_POINT('',(5.905577726328,36.726929652386));
#1729 = CARTESIAN_POINT('',(5.941128308847,36.678876698034));
#1730 = CARTESIAN_POINT('',(5.976742118889,36.634297154413));
#1731 = CARTESIAN_POINT('',(6.012421467472,36.593422664357));
#1732 = CARTESIAN_POINT('',(6.048168790298,36.556484870698));
#1733 = CARTESIAN_POINT('',(6.083986829114,36.523715416271));
#1734 = CARTESIAN_POINT('',(6.11987882466,36.49534594391));
#1735 = CARTESIAN_POINT('',(6.155848706297,36.471608096446));
#1736 = CARTESIAN_POINT('',(6.191901260498,36.452733516715));
#1737 = CARTESIAN_POINT('',(6.228042356677,36.43895384755));
#1738 = CARTESIAN_POINT('',(6.264278926681,36.430500731784));
#1739 = CARTESIAN_POINT('',(6.288506193499,36.428570785429));
#1740 = CARTESIAN_POINT('',(6.3006385997,36.428570785429));
#1741 = ( GEOMETRIC_REPRESENTATION_CONTEXT(2) 
PARAMETRIC_REPRESENTATION_CONTEXT() REPRESENTATION_CONTEXT('2D SPACE',''
  ) );
#1742 = ORIENTED_EDGE('',*,*,#1743,.T.);
#1743 = EDGE_CURVE('',#1670,#1744,#1746,.T.);
#1744 = VERTEX_POINT('',#1745);
#1745 = CARTESIAN_POINT('',(-59.3951866533,18.835278324789,
    34.649733426222));
#1746 = SURFACE_CURVE('',#1747,(#1752,#1759),.PCURVE_S1.);
#1747 = CIRCLE('',#1748,19.);
#1748 = AXIS2_PLACEMENT_3D('',#1749,#1750,#1751);
#1749 = CARTESIAN_POINT('',(-59.43875581061,-1.325128088212E-17,
    32.15365807554));
#1750 = DIRECTION('',(-0.999847695156,-1.068651684042E-18,
    1.745240643728E-02));
#1751 = DIRECTION('',(1.745240643728E-02,0.,0.999847695156));
#1752 = PCURVE('',#1618,#1753);
#1753 = DEFINITIONAL_REPRESENTATION('',(#1754),#1758);
#1754 = LINE('',#1755,#1756);
#1755 = CARTESIAN_POINT('',(3.14159265359,8.));
#1756 = VECTOR('',#1757,1.);
#1757 = DIRECTION('',(-1.,0.));
#1758 = ( GEOMETRIC_REPRESENTATION_CONTEXT(2) 
PARAMETRIC_REPRESENTATION_CONTEXT() REPRESENTATION_CONTEXT('2D SPACE',''
  ) );
#1759 = PCURVE('',#227,#1760);
#1760 = DEFINITIONAL_REPRESENTATION('',(#1761),#1765);
#1761 = CIRCLE('',#1762,19.);
#1762 = AXIS2_PLACEMENT_2D('',#1763,#1764);
#1763 = CARTESIAN_POINT('',(-5.085805451074E-17,5.479290705941));
#1764 = DIRECTION('',(-7.824090399073E-35,1.));
#1765 = ( GEOMETRIC_REPRESENTATION_CONTEXT(2) 
PARAMETRIC_REPRESENTATION_CONTEXT() REPRESENTATION_CONTEXT('2D SPACE',''
  ) );
#1766 = ORIENTED_EDGE('',*,*,#1767,.F.);
#1767 = EDGE_CURVE('',#1768,#1744,#1770,.T.);
#1768 = VERTEX_POINT('',#1769);
#1769 = CARTESIAN_POINT('',(-66.73968962519,18.992763013776,
    31.756656767408));
#1770 = SURFACE_CURVE('',#1771,(#1777,#1806),.PCURVE_S1.);
#1771 = B_SPLINE_CURVE_WITH_KNOTS('',3,(#1772,#1773,#1774,#1775,#1776),
  .UNSPECIFIED.,.F.,.F.,(4,1,4),(0.,4.026753002884E-03,
    8.053506005769E-03),.UNSPECIFIED.);
#1772 = CARTESIAN_POINT('',(-66.73968962519,18.992763013776,
    31.756656767408));
#1773 = CARTESIAN_POINT('',(-65.76003586936,19.019349728952,
    32.702697402611));
#1774 = CARTESIAN_POINT('',(-63.45581010397,18.918367723995,
    34.177694162555));
#1775 = CARTESIAN_POINT('',(-60.75670060287,18.835278324789,
    34.673498740613));
#1776 = CARTESIAN_POINT('',(-59.3951866533,18.835278324789,
    34.649733426222));
#1777 = PCURVE('',#1618,#1778);
#1778 = DEFINITIONAL_REPRESENTATION('',(#1779),#1805);
#1779 = B_SPLINE_CURVE_WITH_KNOTS('',3,(#1780,#1781,#1782,#1783,#1784,
    #1785,#1786,#1787,#1788,#1789,#1790,#1791,#1792,#1793,#1794,#1795,
    #1796,#1797,#1798,#1799,#1800,#1801,#1802,#1803,#1804),
  .UNSPECIFIED.,.F.,.F.,(4,1,1,1,1,1,1,1,1,1,1,1,1,1,1,1,1,1,1,1,1,1,4),
  (0.,3.660684548077E-04,7.321369096153E-04,1.098205364423E-03,
    1.464273819231E-03,1.830342274038E-03,2.196410728846E-03,
    2.562479183654E-03,2.928547638461E-03,3.294616093269E-03,
    3.660684548077E-03,4.026753002884E-03,4.392821457692E-03,
    4.7588899125E-03,5.124958367307E-03,5.491026822115E-03,
    5.857095276923E-03,6.22316373173E-03,6.589232186538E-03,
    6.955300641346E-03,7.321369096153E-03,7.687437550961E-03,
    8.053506005769E-03),.QUASI_UNIFORM_KNOTS.);
#1780 = CARTESIAN_POINT('',(1.543194942978,0.707106781187));
#1781 = CARTESIAN_POINT('',(1.547804287585,0.794651677927));
#1782 = CARTESIAN_POINT('',(1.556842561754,0.97265175942));
#1783 = CARTESIAN_POINT('',(1.569852085017,1.248053245116));
#1784 = CARTESIAN_POINT('',(1.582307252428,1.531526593692));
#1785 = CARTESIAN_POINT('',(1.594200983662,1.82274230457));
#1786 = CARTESIAN_POINT('',(1.605525800795,2.121370877173));
#1787 = CARTESIAN_POINT('',(1.616273777661,2.427082810922));
#1788 = CARTESIAN_POINT('',(1.626436563677,2.739548605241));
#1789 = CARTESIAN_POINT('',(1.636005391142,3.058438759551));
#1790 = CARTESIAN_POINT('',(1.64497109145,3.383423773274));
#1791 = CARTESIAN_POINT('',(1.653324111226,3.714174145835));
#1792 = CARTESIAN_POINT('',(1.661054541193,4.050360376654));
#1793 = CARTESIAN_POINT('',(1.668152118176,4.391652965154));
#1794 = CARTESIAN_POINT('',(1.674609535943,4.737662972572));
#1795 = CARTESIAN_POINT('',(1.680419482616,5.088001460146));
#1796 = CARTESIAN_POINT('',(1.685574588342,5.442279489112));
#1797 = CARTESIAN_POINT('',(1.690067413403,5.800108120708));
#1798 = CARTESIAN_POINT('',(1.693890433476,6.161098416171));
#1799 = CARTESIAN_POINT('',(1.697036034404,6.524861436737));
#1800 = CARTESIAN_POINT('',(1.699496513966,6.891008243645));
#1801 = CARTESIAN_POINT('',(1.701264092262,7.259149898131));
#1802 = CARTESIAN_POINT('',(1.702330930841,7.628897461432));
#1803 = CARTESIAN_POINT('',(1.702569752133,7.876207150334));
#1804 = CARTESIAN_POINT('',(1.702569751875,8.));
#1805 = ( GEOMETRIC_REPRESENTATION_CONTEXT(2) 
PARAMETRIC_REPRESENTATION_CONTEXT() REPRESENTATION_CONTEXT('2D SPACE',''
  ) );
#1806 = PCURVE('',#536,#1807);
#1807 = DEFINITIONAL_REPRESENTATION('',(#1808),#1834);
#1808 = B_SPLINE_CURVE_WITH_KNOTS('',3,(#1809,#1810,#1811,#1812,#1813,
    #1814,#1815,#1816,#1817,#1818,#1819,#1820,#1821,#1822,#1823,#1824,
    #1825,#1826,#1827,#1828,#1829,#1830,#1831,#1832,#1833),
  .UNSPECIFIED.,.F.,.F.,(4,1,1,1,1,1,1,1,1,1,1,1,1,1,1,1,1,1,1,1,1,1,4),
  (0.,3.660684548077E-04,7.321369096153E-04,1.098205364423E-03,
    1.464273819231E-03,1.830342274038E-03,2.196410728846E-03,
    2.562479183654E-03,2.928547638461E-03,3.294616093269E-03,
    3.660684548077E-03,4.026753002884E-03,4.392821457692E-03,
    4.7588899125E-03,5.124958367307E-03,5.491026822115E-03,
    5.857095276923E-03,6.22316373173E-03,6.589232186538E-03,
    6.955300641346E-03,7.321369096153E-03,7.687437550961E-03,
    8.053506005769E-03),.QUASI_UNIFORM_KNOTS.);
#1809 = CARTESIAN_POINT('',(5.515240436302,37.994763013776));
#1810 = CARTESIAN_POINT('',(5.527244515779,37.997179987883));
#1811 = CARTESIAN_POINT('',(5.551219550653,38.000739924235));
#1812 = CARTESIAN_POINT('',(5.5870941134,38.002625415426));
#1813 = CARTESIAN_POINT('',(5.622892323992,38.001424115531));
#1814 = CARTESIAN_POINT('',(5.658624928265,37.997503646799));
#1815 = CARTESIAN_POINT('',(5.694302208452,37.99123163148));
#1816 = CARTESIAN_POINT('',(5.729933995779,37.982975691825));
#1817 = CARTESIAN_POINT('',(5.765529799511,37.973103450083));
#1818 = CARTESIAN_POINT('',(5.801098909327,37.961982528503));
#1819 = CARTESIAN_POINT('',(5.836650506255,37.949980549336));
#1820 = CARTESIAN_POINT('',(5.872193779173,37.937465134831));
#1821 = CARTESIAN_POINT('',(5.907738018461,37.924803907239));
#1822 = CARTESIAN_POINT('',(5.943292798441,37.912364488809));
#1823 = CARTESIAN_POINT('',(5.978863826546,37.900313993958));
#1824 = CARTESIAN_POINT('',(6.014456411153,37.888819537103));
#1825 = CARTESIAN_POINT('',(6.050075693667,37.878048232662));
#1826 = CARTESIAN_POINT('',(6.085726789888,37.86816719505));
#1827 = CARTESIAN_POINT('',(6.12141495479,37.859343538686));
#1828 = CARTESIAN_POINT('',(6.157145742495,37.851744377985));
#1829 = CARTESIAN_POINT('',(6.192925154049,37.845536827366));
#1830 = CARTESIAN_POINT('',(6.228759824655,37.840888001245));
#1831 = CARTESIAN_POINT('',(6.264657044976,37.837965014038));
#1832 = CARTESIAN_POINT('',(6.288635935217,37.837278324789));
#1833 = CARTESIAN_POINT('',(6.3006385997,37.837278324789));
#1834 = ( GEOMETRIC_REPRESENTATION_CONTEXT(2) 
PARAMETRIC_REPRESENTATION_CONTEXT() REPRESENTATION_CONTEXT('2D SPACE',''
  ) );
#1835 = ORIENTED_EDGE('',*,*,#1836,.F.);
#1836 = EDGE_CURVE('',#1609,#1768,#1837,.T.);
#1837 = SURFACE_CURVE('',#1838,(#1843,#1849),.PCURVE_S1.);
#1838 = ELLIPSE('',#1839,26.870057685089,19.);
#1839 = AXIS2_PLACEMENT_3D('',#1840,#1841,#1842);
#1840 = CARTESIAN_POINT('',(-66.20625844177,2.048448561778E-17,
    32.271785273369));
#1841 = DIRECTION('',(0.694658370459,-9.629649721936E-35,-0.719339800339
    ));
#1842 = DIRECTION('',(0.719339800339,-1.511301705025E-18,0.694658370459)
  );
#1843 = PCURVE('',#1618,#1844);
#1844 = DEFINITIONAL_REPRESENTATION('',(#1845),#1848);
#1845 = B_SPLINE_CURVE_WITH_KNOTS('',1,(#1846,#1847),.UNSPECIFIED.,.F.,
  .F.,(2,2),(4.647529489595,4.684787596568),.PIECEWISE_BEZIER_KNOTS.);
#1846 = CARTESIAN_POINT('',(1.505936836005,4.263256414561E-14));
#1847 = CARTESIAN_POINT('',(1.543194942978,0.707106781187));
#1848 = ( GEOMETRIC_REPRESENTATION_CONTEXT(2) 
PARAMETRIC_REPRESENTATION_CONTEXT() REPRESENTATION_CONTEXT('2D SPACE',''
  ) );
#1849 = PCURVE('',#1850,#1855);
#1850 = PLANE('',#1851);
#1851 = AXIS2_PLACEMENT_3D('',#1852,#1853,#1854);
#1852 = CARTESIAN_POINT('',(-67.09935952536,-19.002,31.409327582179));
#1853 = DIRECTION('',(-0.694658370459,0.,0.719339800339));
#1854 = DIRECTION('',(0.719339800339,0.,0.694658370459));
#1855 = DEFINITIONAL_REPRESENTATION('',(#1856),#1864);
#1856 = ( BOUNDED_CURVE() B_SPLINE_CURVE(2,(#1857,#1858,#1859,#1860,
#1861,#1862,#1863),.UNSPECIFIED.,.T.,.F.) B_SPLINE_CURVE_WITH_KNOTS((1,2
    ,2,2,2,1),(-2.094395102393,0.,2.094395102393,4.188790204786,
6.28318530718,8.377580409573),.UNSPECIFIED.) CURVE() 
GEOMETRIC_REPRESENTATION_ITEM() RATIONAL_B_SPLINE_CURVE((1.,0.5,1.,0.5,
1.,0.5,1.)) REPRESENTATION_ITEM('') );
#1857 = CARTESIAN_POINT('',(28.111614294592,19.002));
#1858 = CARTESIAN_POINT('',(28.111614294592,-13.9069653438));
#1859 = CARTESIAN_POINT('',(-12.19347223304,2.547517328096));
#1860 = CARTESIAN_POINT('',(-52.49855876067,19.002));
#1861 = CARTESIAN_POINT('',(-12.19347223304,35.456482671904));
#1862 = CARTESIAN_POINT('',(28.111614294592,51.910965343809));
#1863 = CARTESIAN_POINT('',(28.111614294592,19.002));
#1864 = ( GEOMETRIC_REPRESENTATION_CONTEXT(2) 
PARAMETRIC_REPRESENTATION_CONTEXT() REPRESENTATION_CONTEXT('2D SPACE',''
  ) );
#1865 = ADVANCED_FACE('',(#1866),#1881,.F.);
#1866 = FACE_BOUND('',#1867,.F.);
#1867 = EDGE_LOOP('',(#1868,#1899,#1931,#2005,#2029,#2104));
#1868 = ORIENTED_EDGE('',*,*,#1869,.F.);
#1869 = EDGE_CURVE('',#1870,#1872,#1874,.T.);
#1870 = VERTEX_POINT('',#1871);
#1871 = CARTESIAN_POINT('',(-67.27323972435,16.503813378832,
    41.705883248871));
#1872 = VERTEX_POINT('',#1873);
#1873 = CARTESIAN_POINT('',(-67.35566153598,18.411707479645,
    36.98394082291));
#1874 = SURFACE_CURVE('',#1875,(#1880,#1892),.PCURVE_S1.);
#1875 = CIRCLE('',#1876,19.);
#1876 = AXIS2_PLACEMENT_3D('',#1877,#1878,#1879);
#1877 = CARTESIAN_POINT('',(-67.43753737186,-2.180049435445E-17,
    32.293277327039));
#1878 = DIRECTION('',(-0.999847695156,-1.068651684042E-18,
    1.745240643728E-02));
#1879 = DIRECTION('',(1.745240643728E-02,0.,0.999847695156));
#1880 = PCURVE('',#1881,#1886);
#1881 = CYLINDRICAL_SURFACE('',#1882,19.);
#1882 = AXIS2_PLACEMENT_3D('',#1883,#1884,#1885);
#1883 = CARTESIAN_POINT('',(-67.43753737186,-2.180049435445E-17,
    32.293277327039));
#1884 = DIRECTION('',(0.999847695156,1.068651684042E-18,
    -1.745240643728E-02));
#1885 = DIRECTION('',(-1.745240643728E-02,0.,-0.999847695156));
#1886 = DEFINITIONAL_REPRESENTATION('',(#1887),#1891);
#1887 = LINE('',#1888,#1889);
#1888 = CARTESIAN_POINT('',(3.14159265359,-5.562066508618E-14));
#1889 = VECTOR('',#1890,1.);
#1890 = DIRECTION('',(-1.,5.285056382055E-14));
#1891 = ( GEOMETRIC_REPRESENTATION_CONTEXT(2) 
PARAMETRIC_REPRESENTATION_CONTEXT() REPRESENTATION_CONTEXT('2D SPACE',''
  ) );
#1892 = PCURVE('',#126,#1893);
#1893 = DEFINITIONAL_REPRESENTATION('',(#1894),#1898);
#1894 = CIRCLE('',#1895,19.);
#1895 = AXIS2_PLACEMENT_2D('',#1896,#1897);
#1896 = CARTESIAN_POINT('',(-5.085805451074E-17,5.479290705941));
#1897 = DIRECTION('',(-7.824090399073E-35,1.));
#1898 = ( GEOMETRIC_REPRESENTATION_CONTEXT(2) 
PARAMETRIC_REPRESENTATION_CONTEXT() REPRESENTATION_CONTEXT('2D SPACE',''
  ) );
#1899 = ORIENTED_EDGE('',*,*,#1900,.T.);
#1900 = EDGE_CURVE('',#1870,#1901,#1903,.T.);
#1901 = VERTEX_POINT('',#1902);
#1902 = CARTESIAN_POINT('',(-65.94342688505,15.686142222115,
    42.990068580373));
#1903 = SURFACE_CURVE('',#1904,(#1909,#1915),.PCURVE_S1.);
#1904 = ELLIPSE('',#1905,26.870057685089,19.);
#1905 = AXIS2_PLACEMENT_3D('',#1906,#1907,#1908);
#1906 = CARTESIAN_POINT('',(-76.85014329369,3.186082376094E-17,
    32.457574974548));
#1907 = DIRECTION('',(0.694658370459,0.,-0.719339800339));
#1908 = DIRECTION('',(0.719339800339,-1.511301705025E-18,0.694658370459)
  );
#1909 = PCURVE('',#1881,#1910);
#1910 = DEFINITIONAL_REPRESENTATION('',(#1911),#1914);
#1911 = B_SPLINE_CURVE_WITH_KNOTS('',1,(#1912,#1913),.UNSPECIFIED.,.F.,
  .F.,(2,2),(5.230771462078,5.311944629608),.PIECEWISE_BEZIER_KNOTS.);
#1912 = CARTESIAN_POINT('',(2.089178808488,-1.42108547152E-14));
#1913 = CARTESIAN_POINT('',(2.170351976018,1.307198178013));
#1914 = ( GEOMETRIC_REPRESENTATION_CONTEXT(2) 
PARAMETRIC_REPRESENTATION_CONTEXT() REPRESENTATION_CONTEXT('2D SPACE',''
  ) );
#1915 = PCURVE('',#1916,#1921);
#1916 = PLANE('',#1917);
#1917 = AXIS2_PLACEMENT_3D('',#1918,#1919,#1920);
#1918 = CARTESIAN_POINT('',(-66.6083333047,-19.002,42.347975914622));
#1919 = DIRECTION('',(-0.694658370459,0.,0.719339800339));
#1920 = DIRECTION('',(0.719339800339,0.,0.694658370459));
#1921 = DEFINITIONAL_REPRESENTATION('',(#1922),#1930);
#1922 = ( BOUNDED_CURVE() B_SPLINE_CURVE(2,(#1923,#1924,#1925,#1926,
#1927,#1928,#1929),.UNSPECIFIED.,.T.,.F.) B_SPLINE_CURVE_WITH_KNOTS((1,2
    ,2,2,2,1),(-2.094395102393,0.,2.094395102393,4.188790204786,
6.28318530718,8.377580409573),.UNSPECIFIED.) CURVE() 
GEOMETRIC_REPRESENTATION_ITEM() RATIONAL_B_SPLINE_CURVE((1.,0.5,1.,0.5,
1.,0.5,1.)) REPRESENTATION_ITEM('') );
#1923 = CARTESIAN_POINT('',(12.632266332285,19.002));
#1924 = CARTESIAN_POINT('',(12.632266332285,-13.9069653438));
#1925 = CARTESIAN_POINT('',(-27.67282019534,2.547517328096));
#1926 = CARTESIAN_POINT('',(-67.97790672298,19.002));
#1927 = CARTESIAN_POINT('',(-27.67282019534,35.456482671904));
#1928 = CARTESIAN_POINT('',(12.632266332285,51.910965343809));
#1929 = CARTESIAN_POINT('',(12.632266332285,19.002));
#1930 = ( GEOMETRIC_REPRESENTATION_CONTEXT(2) 
PARAMETRIC_REPRESENTATION_CONTEXT() REPRESENTATION_CONTEXT('2D SPACE',''
  ) );
#1931 = ORIENTED_EDGE('',*,*,#1932,.T.);
#1932 = EDGE_CURVE('',#1901,#1933,#1935,.T.);
#1933 = VERTEX_POINT('',#1934);
#1934 = CARTESIAN_POINT('',(-59.20326198793,13.376315019097,
    45.64509014072));
#1935 = SURFACE_CURVE('',#1936,(#1942,#1971),.PCURVE_S1.);
#1936 = B_SPLINE_CURVE_WITH_KNOTS('',3,(#1937,#1938,#1939,#1940,#1941),
  .UNSPECIFIED.,.F.,.F.,(4,1,4),(0.,3.903202975812E-03,
    7.806405951623E-03),.QUASI_UNIFORM_KNOTS.);
#1937 = CARTESIAN_POINT('',(-65.94342688505,15.686142222115,
    42.990068580373));
#1938 = CARTESIAN_POINT('',(-65.09075060637,15.11326193544,
    43.813488491239));
#1939 = CARTESIAN_POINT('',(-63.1025365948,13.976566527843,
    45.140231749146));
#1940 = CARTESIAN_POINT('',(-60.52577934038,13.376315019097,
    45.668174766976));
#1941 = CARTESIAN_POINT('',(-59.20326198793,13.376315019097,
    45.64509014072));
#1942 = PCURVE('',#1881,#1943);
#1943 = DEFINITIONAL_REPRESENTATION('',(#1944),#1970);
#1944 = B_SPLINE_CURVE_WITH_KNOTS('',3,(#1945,#1946,#1947,#1948,#1949,
    #1950,#1951,#1952,#1953,#1954,#1955,#1956,#1957,#1958,#1959,#1960,
    #1961,#1962,#1963,#1964,#1965,#1966,#1967,#1968,#1969),
  .UNSPECIFIED.,.F.,.F.,(4,1,1,1,1,1,1,1,1,1,1,1,1,1,1,1,1,1,1,1,1,1,4),
  (0.,3.548366341647E-04,7.096732683294E-04,1.064509902494E-03,
    1.419346536659E-03,1.774183170824E-03,2.129019804988E-03,
    2.483856439153E-03,2.838693073318E-03,3.193529707482E-03,
    3.548366341647E-03,3.903202975812E-03,4.258039609976E-03,
    4.612876244141E-03,4.967712878306E-03,5.322549512471E-03,
    5.677386146635E-03,6.0322227808E-03,6.387059414965E-03,
    6.741896049129E-03,7.096732683294E-03,7.451569317459E-03,
    7.806405951623E-03),.QUASI_UNIFORM_KNOTS.);
#1945 = CARTESIAN_POINT('',(2.170351976018,1.307198178013));
#1946 = CARTESIAN_POINT('',(2.175209570139,1.38339597374));
#1947 = CARTESIAN_POINT('',(2.184809590368,1.538175076173));
#1948 = CARTESIAN_POINT('',(2.198841439531,1.777523096267));
#1949 = CARTESIAN_POINT('',(2.212482681724,2.024079316316));
#1950 = CARTESIAN_POINT('',(2.22571001144,2.27787256983));
#1951 = CARTESIAN_POINT('',(2.238499618433,2.538931690319));
#1952 = CARTESIAN_POINT('',(2.250827154096,2.807285511293));
#1953 = CARTESIAN_POINT('',(2.262667801786,3.082962866262));
#1954 = CARTESIAN_POINT('',(2.273996313381,3.365992588736));
#1955 = CARTESIAN_POINT('',(2.284787048945,3.656403512225));
#1956 = CARTESIAN_POINT('',(2.295014009114,3.95422447024));
#1957 = CARTESIAN_POINT('',(2.304650865225,4.25948429629));
#1958 = CARTESIAN_POINT('',(2.313670979034,4.572211823884));
#1959 = CARTESIAN_POINT('',(2.322032898112,4.891904624917));
#1960 = CARTESIAN_POINT('',(2.329694965418,5.218060271282));
#1961 = CARTESIAN_POINT('',(2.336615326379,5.55017633487));
#1962 = CARTESIAN_POINT('',(2.342751936235,5.887750387575));
#1963 = CARTESIAN_POINT('',(2.348062562611,6.230280001291));
#1964 = CARTESIAN_POINT('',(2.352504788673,6.577262747909));
#1965 = CARTESIAN_POINT('',(2.356036020602,6.928196199324));
#1966 = CARTESIAN_POINT('',(2.358613504072,7.282577927427));
#1967 = CARTESIAN_POINT('',(2.360194357364,7.639905504112));
#1968 = CARTESIAN_POINT('',(2.360555200192,7.879752835552));
#1969 = CARTESIAN_POINT('',(2.360555200626,8.));
#1970 = ( GEOMETRIC_REPRESENTATION_CONTEXT(2) 
PARAMETRIC_REPRESENTATION_CONTEXT() REPRESENTATION_CONTEXT('2D SPACE',''
  ) );
#1971 = PCURVE('',#1972,#1977);
#1972 = CYLINDRICAL_SURFACE('',#1973,9.46505110693);
#1973 = AXIS2_PLACEMENT_3D('',#1974,#1975,#1976);
#1974 = CARTESIAN_POINT('',(-59.3684499068,-19.002,36.181480606919));
#1975 = DIRECTION('',(0.,1.,0.));
#1976 = DIRECTION('',(0.,-0.,1.));
#1977 = DEFINITIONAL_REPRESENTATION('',(#1978),#2004);
#1978 = B_SPLINE_CURVE_WITH_KNOTS('',3,(#1979,#1980,#1981,#1982,#1983,
    #1984,#1985,#1986,#1987,#1988,#1989,#1990,#1991,#1992,#1993,#1994,
    #1995,#1996,#1997,#1998,#1999,#2000,#2001,#2002,#2003),
  .UNSPECIFIED.,.F.,.F.,(4,1,1,1,1,1,1,1,1,1,1,1,1,1,1,1,1,1,1,1,1,1,4),
  (0.,3.548366341647E-04,7.096732683294E-04,1.064509902494E-03,
    1.419346536659E-03,1.774183170824E-03,2.129019804988E-03,
    2.483856439153E-03,2.838693073318E-03,3.193529707482E-03,
    3.548366341647E-03,3.903202975812E-03,4.258039609976E-03,
    4.612876244141E-03,4.967712878306E-03,5.322549512471E-03,
    5.677386146635E-03,6.0322227808E-03,6.387059414965E-03,
    6.741896049129E-03,7.096732683294E-03,7.451569317459E-03,
    7.806405951623E-03),.QUASI_UNIFORM_KNOTS.);
#1979 = CARTESIAN_POINT('',(5.515240436302,34.688142222115));
#1980 = CARTESIAN_POINT('',(5.526625664065,34.636062196053));
#1981 = CARTESIAN_POINT('',(5.549378901767,34.531977062656));
#1982 = CARTESIAN_POINT('',(5.583484529781,34.376658243718));
#1983 = CARTESIAN_POINT('',(5.617592491767,34.222732430919));
#1984 = CARTESIAN_POINT('',(5.651732368687,34.070783749241));
#1985 = CARTESIAN_POINT('',(5.685935517353,33.921396323668));
#1986 = CARTESIAN_POINT('',(5.720235193709,33.77515427918));
#1987 = CARTESIAN_POINT('',(5.754666300629,33.632641740759));
#1988 = CARTESIAN_POINT('',(5.789265223171,33.494442833388));
#1989 = CARTESIAN_POINT('',(5.82406962296,33.361141682049));
#1990 = CARTESIAN_POINT('',(5.859118219778,33.233322411723));
#1991 = CARTESIAN_POINT('',(5.894450549711,33.111569147393));
#1992 = CARTESIAN_POINT('',(5.930106683703,32.99646601404));
#1993 = CARTESIAN_POINT('',(5.966066039145,32.888761387831));
#1994 = CARTESIAN_POINT('',(6.002308611501,32.789203644934));
#1995 = CARTESIAN_POINT('',(6.038815453736,32.698541161514));
#1996 = CARTESIAN_POINT('',(6.075569135046,32.617522313739));
#1997 = CARTESIAN_POINT('',(6.112554203041,32.546895477775));
#1998 = CARTESIAN_POINT('',(6.149757650514,32.487409029789));
#1999 = CARTESIAN_POINT('',(6.187169319604,32.439811345948));
#2000 = CARTESIAN_POINT('',(6.224782475464,32.404850802419));
#2001 = CARTESIAN_POINT('',(6.262593657068,32.383275775368));
#2002 = CARTESIAN_POINT('',(6.287934630161,32.378315019097));
#2003 = CARTESIAN_POINT('',(6.3006385997,32.378315019097));
#2004 = ( GEOMETRIC_REPRESENTATION_CONTEXT(2) 
PARAMETRIC_REPRESENTATION_CONTEXT() REPRESENTATION_CONTEXT('2D SPACE',''
  ) );
#2005 = ORIENTED_EDGE('',*,*,#2006,.T.);
#2006 = EDGE_CURVE('',#1933,#2007,#2009,.T.);
#2007 = VERTEX_POINT('',#2008);
#2008 = CARTESIAN_POINT('',(-59.29181876375,17.032773884966,
    40.571675852183));
#2009 = SURFACE_CURVE('',#2010,(#2015,#2022),.PCURVE_S1.);
#2010 = CIRCLE('',#2011,19.);
#2011 = AXIS2_PLACEMENT_3D('',#2012,#2013,#2014);
#2012 = CARTESIAN_POINT('',(-59.43875581061,-1.325128088212E-17,
    32.15365807554));
#2013 = DIRECTION('',(-0.999847695156,-1.068651684042E-18,
    1.745240643728E-02));
#2014 = DIRECTION('',(1.745240643728E-02,0.,0.999847695156));
#2015 = PCURVE('',#1881,#2016);
#2016 = DEFINITIONAL_REPRESENTATION('',(#2017),#2021);
#2017 = LINE('',#2018,#2019);
#2018 = CARTESIAN_POINT('',(3.14159265359,8.));
#2019 = VECTOR('',#2020,1.);
#2020 = DIRECTION('',(-1.,0.));
#2021 = ( GEOMETRIC_REPRESENTATION_CONTEXT(2) 
PARAMETRIC_REPRESENTATION_CONTEXT() REPRESENTATION_CONTEXT('2D SPACE',''
  ) );
#2022 = PCURVE('',#227,#2023);
#2023 = DEFINITIONAL_REPRESENTATION('',(#2024),#2028);
#2024 = CIRCLE('',#2025,19.);
#2025 = AXIS2_PLACEMENT_2D('',#2026,#2027);
#2026 = CARTESIAN_POINT('',(-5.085805451074E-17,5.479290705941));
#2027 = DIRECTION('',(-7.824090399073E-35,1.));
#2028 = ( GEOMETRIC_REPRESENTATION_CONTEXT(2) 
PARAMETRIC_REPRESENTATION_CONTEXT() REPRESENTATION_CONTEXT('2D SPACE',''
  ) );
#2029 = ORIENTED_EDGE('',*,*,#2030,.F.);
#2030 = EDGE_CURVE('',#2031,#2007,#2033,.T.);
#2031 = VERTEX_POINT('',#2032);
#2032 = CARTESIAN_POINT('',(-66.63632173564,18.21692514944,
    37.678599193369));
#2033 = SURFACE_CURVE('',#2034,(#2041,#2070),.PCURVE_S1.);
#2034 = B_SPLINE_CURVE_WITH_KNOTS('',3,(#2035,#2036,#2037,#2038,#2039,
    #2040),.UNSPECIFIED.,.F.,.F.,(4,1,1,4),(0.,2.039990874016E-03,
    4.079981748032E-03,8.159963496065E-03),.UNSPECIFIED.);
#2035 = CARTESIAN_POINT('',(-66.63632173564,18.21692514944,
    37.678599193369));
#2036 = CARTESIAN_POINT('',(-66.15101031128,18.075551575962,
    38.147258988161));
#2037 = CARTESIAN_POINT('',(-65.11021763657,17.785780863746,
    38.972815583904));
#2038 = CARTESIAN_POINT('',(-62.70366899819,17.249082118616,
    40.217036401156));
#2039 = CARTESIAN_POINT('',(-60.67239133812,17.032773884966,
    40.595773836107));
#2040 = CARTESIAN_POINT('',(-59.29181876375,17.032773884966,
    40.571675852183));
#2041 = PCURVE('',#1881,#2042);
#2042 = DEFINITIONAL_REPRESENTATION('',(#2043),#2069);
#2043 = B_SPLINE_CURVE_WITH_KNOTS('',3,(#2044,#2045,#2046,#2047,#2048,
    #2049,#2050,#2051,#2052,#2053,#2054,#2055,#2056,#2057,#2058,#2059,
    #2060,#2061,#2062,#2063,#2064,#2065,#2066,#2067,#2068),
  .UNSPECIFIED.,.F.,.F.,(4,1,1,1,1,1,1,1,1,1,1,1,1,1,1,1,1,1,1,1,1,1,4),
  (0.,3.709074316393E-04,7.418148632786E-04,1.112722294918E-03,
    1.483629726557E-03,1.854537158196E-03,2.225444589836E-03,
    2.596352021475E-03,2.967259453114E-03,3.338166884754E-03,
    3.709074316393E-03,4.079981748032E-03,4.450889179672E-03,
    4.821796611311E-03,5.19270404295E-03,5.563611474589E-03,
    5.934518906229E-03,6.305426337868E-03,6.676333769507E-03,
    7.047241201147E-03,7.418148632786E-03,7.789056064425E-03,
    8.159963496065E-03),.QUASI_UNIFORM_KNOTS.);
#2044 = CARTESIAN_POINT('',(1.858896047356,0.707106781187));
#2045 = CARTESIAN_POINT('',(1.863657400042,0.79384464807));
#2046 = CARTESIAN_POINT('',(1.872999342932,0.969704118106));
#2047 = CARTESIAN_POINT('',(1.886476538684,1.240841460215));
#2048 = CARTESIAN_POINT('',(1.899424674595,1.519521904137));
#2049 = CARTESIAN_POINT('',(1.911850094842,1.805947286871));
#2050 = CARTESIAN_POINT('',(1.923757590211,2.100293919936));
#2051 = CARTESIAN_POINT('',(1.935155661471,2.402833344535));
#2052 = CARTESIAN_POINT('',(1.946032529228,2.713388278854));
#2053 = CARTESIAN_POINT('',(1.95635612514,3.031332618924));
#2054 = CARTESIAN_POINT('',(1.966098135654,3.356135487883));
#2055 = CARTESIAN_POINT('',(1.975228716448,3.687240492841));
#2056 = CARTESIAN_POINT('',(1.983717963824,4.024098077907));
#2057 = CARTESIAN_POINT('',(1.991535548267,4.366156855221));
#2058 = CARTESIAN_POINT('',(1.998669122144,4.713084779349));
#2059 = CARTESIAN_POINT('',(2.005106284578,5.064549673327));
#2060 = CARTESIAN_POINT('',(2.010834540704,5.420219395433));
#2061 = CARTESIAN_POINT('',(2.015841286579,5.779761794504));
#2062 = CARTESIAN_POINT('',(2.020113795431,6.142844721905));
#2063 = CARTESIAN_POINT('',(2.023639213268,6.509136028323));
#2064 = CARTESIAN_POINT('',(2.026404563247,6.87830356463));
#2065 = CARTESIAN_POINT('',(2.028396760818,7.250015181645));
#2066 = CARTESIAN_POINT('',(2.029602640344,7.623938730202));
#2067 = CARTESIAN_POINT('',(2.029873544904,7.874474284156));
#2068 = CARTESIAN_POINT('',(2.029873544488,8.));
#2069 = ( GEOMETRIC_REPRESENTATION_CONTEXT(2) 
PARAMETRIC_REPRESENTATION_CONTEXT() REPRESENTATION_CONTEXT('2D SPACE',''
  ) );
#2070 = PCURVE('',#2071,#2076);
#2071 = CYLINDRICAL_SURFACE('',#2072,10.313708498985);
#2072 = AXIS2_PLACEMENT_3D('',#2073,#2074,#2075);
#2073 = CARTESIAN_POINT('',(-59.47181779635,-19.002,30.259538180958));
#2074 = DIRECTION('',(0.,1.,0.));
#2075 = DIRECTION('',(0.,-0.,1.));
#2076 = DEFINITIONAL_REPRESENTATION('',(#2077),#2103);
#2077 = B_SPLINE_CURVE_WITH_KNOTS('',3,(#2078,#2079,#2080,#2081,#2082,
    #2083,#2084,#2085,#2086,#2087,#2088,#2089,#2090,#2091,#2092,#2093,
    #2094,#2095,#2096,#2097,#2098,#2099,#2100,#2101,#2102),
  .UNSPECIFIED.,.F.,.F.,(4,1,1,1,1,1,1,1,1,1,1,1,1,1,1,1,1,1,1,1,1,1,4),
  (0.,3.709074316393E-04,7.418148632786E-04,1.112722294918E-03,
    1.483629726557E-03,1.854537158196E-03,2.225444589836E-03,
    2.596352021475E-03,2.967259453114E-03,3.338166884754E-03,
    3.709074316393E-03,4.079981748032E-03,4.450889179672E-03,
    4.821796611311E-03,5.19270404295E-03,5.563611474589E-03,
    5.934518906229E-03,6.305426337868E-03,6.676333769507E-03,
    7.047241201147E-03,7.418148632786E-03,7.789056064425E-03,
    8.159963496065E-03),.QUASI_UNIFORM_KNOTS.);
#2078 = CARTESIAN_POINT('',(5.515240436302,37.21892514944));
#2079 = CARTESIAN_POINT('',(5.52713402236,37.193220863353));
#2080 = CARTESIAN_POINT('',(5.550833701399,37.141580124225));
#2081 = CARTESIAN_POINT('',(5.586191407804,37.063742137317));
#2082 = CARTESIAN_POINT('',(5.621427379733,36.985847507613));
#2083 = CARTESIAN_POINT('',(5.656613757767,36.908214325819));
#2084 = CARTESIAN_POINT('',(5.691819519022,36.831168648727));
#2085 = CARTESIAN_POINT('',(5.727124789058,36.7550068135));
#2086 = CARTESIAN_POINT('',(5.7625535155,36.680165227633));
#2087 = CARTESIAN_POINT('',(5.798074156326,36.607220368687));
#2088 = CARTESIAN_POINT('',(5.833666952434,36.536718995396));
#2089 = CARTESIAN_POINT('',(5.869309611441,36.469215829631));
#2090 = CARTESIAN_POINT('',(5.904981724244,36.405263459549));
#2091 = CARTESIAN_POINT('',(5.940664372851,36.34541504503));
#2092 = CARTESIAN_POINT('',(5.976368774004,36.289947531464));
#2093 = CARTESIAN_POINT('',(6.012106040922,36.239137905286));
#2094 = CARTESIAN_POINT('',(6.047887469615,36.193263141934));
#2095 = CARTESIAN_POINT('',(6.083724581216,36.152600219792));
#2096 = CARTESIAN_POINT('',(6.119629225901,36.117426116454));
#2097 = CARTESIAN_POINT('',(6.155613668096,36.088017809728));
#2098 = CARTESIAN_POINT('',(6.191690663166,36.064652277362));
#2099 = CARTESIAN_POINT('',(6.227873559511,36.047606497123));
#2100 = CARTESIAN_POINT('',(6.264176274221,36.037157446769));
#2101 = CARTESIAN_POINT('',(6.288467897731,36.034773884966));
#2102 = CARTESIAN_POINT('',(6.3006385997,36.034773884966));
#2103 = ( GEOMETRIC_REPRESENTATION_CONTEXT(2) 
PARAMETRIC_REPRESENTATION_CONTEXT() REPRESENTATION_CONTEXT('2D SPACE',''
  ) );
#2104 = ORIENTED_EDGE('',*,*,#2105,.F.);
#2105 = EDGE_CURVE('',#1872,#2031,#2106,.T.);
#2106 = SURFACE_CURVE('',#2107,(#2112,#2118),.PCURVE_S1.);
#2107 = ELLIPSE('',#2108,26.870057685089,19.);
#2108 = AXIS2_PLACEMENT_3D('',#2109,#2110,#2111);
#2109 = CARTESIAN_POINT('',(-72.12820086773,2.681394337116E-17,
    32.375153162915));
#2110 = DIRECTION('',(0.694658370459,0.,-0.719339800339));
#2111 = DIRECTION('',(0.719339800339,-1.511301705025E-18,0.694658370459)
  );
#2112 = PCURVE('',#1881,#2113);
#2113 = DEFINITIONAL_REPRESENTATION('',(#2114),#2117);
#2114 = B_SPLINE_CURVE_WITH_KNOTS('',1,(#2115,#2116),.UNSPECIFIED.,.F.,
  .F.,(2,2),(4.961883985996,5.000488700946),.PIECEWISE_BEZIER_KNOTS.);
#2115 = CARTESIAN_POINT('',(1.820291332406,2.84217094304E-14));
#2116 = CARTESIAN_POINT('',(1.858896047356,0.707106781187));
#2117 = ( GEOMETRIC_REPRESENTATION_CONTEXT(2) 
PARAMETRIC_REPRESENTATION_CONTEXT() REPRESENTATION_CONTEXT('2D SPACE',''
  ) );
#2118 = PCURVE('',#2119,#2124);
#2119 = PLANE('',#2120);
#2120 = AXIS2_PLACEMENT_3D('',#2121,#2122,#2123);
#2121 = CARTESIAN_POINT('',(-66.99599163581,-19.002,37.33127000814));
#2122 = DIRECTION('',(-0.694658370459,0.,0.719339800339));
#2123 = DIRECTION('',(0.719339800339,0.,0.694658370459));
#2124 = DEFINITIONAL_REPRESENTATION('',(#2125),#2133);
#2125 = ( BOUNDED_CURVE() B_SPLINE_CURVE(2,(#2126,#2127,#2128,#2129,
#2130,#2131,#2132),.UNSPECIFIED.,.T.,.F.) B_SPLINE_CURVE_WITH_KNOTS((1,2
    ,2,2,2,1),(-2.094395102393,0.,2.094395102393,4.188790204786,
6.28318530718,8.377580409573),.UNSPECIFIED.) CURVE() 
GEOMETRIC_REPRESENTATION_ITEM() RATIONAL_B_SPLINE_CURVE((1.,0.5,1.,0.5,
1.,0.5,1.)) REPRESENTATION_ITEM('') );
#2126 = CARTESIAN_POINT('',(19.735447269397,19.002));
#2127 = CARTESIAN_POINT('',(19.735447269397,-13.9069653438));
#2128 = CARTESIAN_POINT('',(-20.56963925823,2.547517328096));
#2129 = CARTESIAN_POINT('',(-60.87472578586,19.002));
#2130 = CARTESIAN_POINT('',(-20.56963925823,35.456482671904));
#2131 = CARTESIAN_POINT('',(19.735447269397,51.910965343809));
#2132 = CARTESIAN_POINT('',(19.735447269397,19.002));
#2133 = ( GEOMETRIC_REPRESENTATION_CONTEXT(2) 
PARAMETRIC_REPRESENTATION_CONTEXT() REPRESENTATION_CONTEXT('2D SPACE',''
  ) );
#2134 = ADVANCED_FACE('',(#2135),#2150,.F.);
#2135 = FACE_BOUND('',#2136,.F.);
#2136 = EDGE_LOOP('',(#2137,#2168,#2200,#2372,#2395,#2419,#2447,#2522,
    #2546,#2616));
#2137 = ORIENTED_EDGE('',*,*,#2138,.F.);
#2138 = EDGE_CURVE('',#2139,#2141,#2143,.T.);
#2139 = VERTEX_POINT('',#2140);
#2140 = CARTESIAN_POINT('',(-67.1698718348,11.215167503407,
    47.627825674832));
#2141 = VERTEX_POINT('',#2142);
#2142 = CARTESIAN_POINT('',(-67.25229364644,15.758752498535,
    42.905883248871));
#2143 = SURFACE_CURVE('',#2144,(#2149,#2161),.PCURVE_S1.);
#2144 = CIRCLE('',#2145,19.);
#2145 = AXIS2_PLACEMENT_3D('',#2146,#2147,#2148);
#2146 = CARTESIAN_POINT('',(-67.43753737186,-2.180049435445E-17,
    32.293277327039));
#2147 = DIRECTION('',(-0.999847695156,-1.068651684042E-18,
    1.745240643728E-02));
#2148 = DIRECTION('',(1.745240643728E-02,0.,0.999847695156));
#2149 = PCURVE('',#2150,#2155);
#2150 = CYLINDRICAL_SURFACE('',#2151,19.);
#2151 = AXIS2_PLACEMENT_3D('',#2152,#2153,#2154);
#2152 = CARTESIAN_POINT('',(-67.43753737186,-2.180049435445E-17,
    32.293277327039));
#2153 = DIRECTION('',(0.999847695156,1.068651684042E-18,
    -1.745240643728E-02));
#2154 = DIRECTION('',(-1.745240643728E-02,0.,-0.999847695156));
#2155 = DEFINITIONAL_REPRESENTATION('',(#2156),#2160);
#2156 = LINE('',#2157,#2158);
#2157 = CARTESIAN_POINT('',(3.14159265359,0.));
#2158 = VECTOR('',#2159,1.);
#2159 = DIRECTION('',(-1.,0.));
#2160 = ( GEOMETRIC_REPRESENTATION_CONTEXT(2) 
PARAMETRIC_REPRESENTATION_CONTEXT() REPRESENTATION_CONTEXT('2D SPACE',''
  ) );
#2161 = PCURVE('',#126,#2162);
#2162 = DEFINITIONAL_REPRESENTATION('',(#2163),#2167);
#2163 = CIRCLE('',#2164,19.);
#2164 = AXIS2_PLACEMENT_2D('',#2165,#2166);
#2165 = CARTESIAN_POINT('',(-5.085805451074E-17,5.479290705941));
#2166 = DIRECTION('',(-7.824090399073E-35,1.));
#2167 = ( GEOMETRIC_REPRESENTATION_CONTEXT(2) 
PARAMETRIC_REPRESENTATION_CONTEXT() REPRESENTATION_CONTEXT('2D SPACE',''
  ) );
#2168 = ORIENTED_EDGE('',*,*,#2169,.T.);
#2169 = EDGE_CURVE('',#2139,#2170,#2172,.T.);
#2170 = VERTEX_POINT('',#2171);
#2171 = CARTESIAN_POINT('',(-66.45053203446,10.177934586521,
    48.322484045291));
#2172 = SURFACE_CURVE('',#2173,(#2178,#2184),.PCURVE_S1.);
#2173 = ELLIPSE('',#2174,26.870057685089,19.);
#2174 = AXIS2_PLACEMENT_3D('',#2175,#2176,#2177);
#2175 = CARTESIAN_POINT('',(-82.77208571965,3.819028151432E-17,
    32.560942864094));
#2176 = DIRECTION('',(0.694658370459,0.,-0.719339800339));
#2177 = DIRECTION('',(0.719339800339,-1.511301705025E-18,0.694658370459)
  );
#2178 = PCURVE('',#2150,#2179);
#2179 = DEFINITIONAL_REPRESENTATION('',(#2180),#2183);
#2180 = B_SPLINE_CURVE_WITH_KNOTS('',1,(#2181,#2182),.UNSPECIFIED.,.F.,
  .F.,(2,2),(5.651789574828,5.717871570935),.PIECEWISE_BEZIER_KNOTS.);
#2181 = CARTESIAN_POINT('',(2.510196921238,-2.84217094304E-14));
#2182 = CARTESIAN_POINT('',(2.576278917346,0.707106781187));
#2183 = ( GEOMETRIC_REPRESENTATION_CONTEXT(2) 
PARAMETRIC_REPRESENTATION_CONTEXT() REPRESENTATION_CONTEXT('2D SPACE',''
  ) );
#2184 = PCURVE('',#2185,#2190);
#2185 = PLANE('',#2186);
#2186 = AXIS2_PLACEMENT_3D('',#2187,#2188,#2189);
#2187 = CARTESIAN_POINT('',(-66.81020193463,-19.002,47.975154860061));
#2188 = DIRECTION('',(-0.694658370459,0.,0.719339800339));
#2189 = DIRECTION('',(0.719339800339,0.,0.694658370459));
#2190 = DEFINITIONAL_REPRESENTATION('',(#2191),#2199);
#2191 = ( BOUNDED_CURVE() B_SPLINE_CURVE(2,(#2192,#2193,#2194,#2195,
#2196,#2197,#2198),.UNSPECIFIED.,.T.,.F.) B_SPLINE_CURVE_WITH_KNOTS((1,2
    ,2,2,2,1),(-2.094395102393,0.,2.094395102393,4.188790204786,
6.28318530718,8.377580409573),.UNSPECIFIED.) CURVE() 
GEOMETRIC_REPRESENTATION_ITEM() RATIONAL_B_SPLINE_CURVE((1.,0.5,1.,0.5,
1.,0.5,1.)) REPRESENTATION_ITEM('') );
#2192 = CARTESIAN_POINT('',(4.680428003117,19.002));
#2193 = CARTESIAN_POINT('',(4.680428003117,-13.9069653438));
#2194 = CARTESIAN_POINT('',(-35.62465852451,2.547517328096));
#2195 = CARTESIAN_POINT('',(-75.92974505214,19.002));
#2196 = CARTESIAN_POINT('',(-35.62465852451,35.456482671904));
#2197 = CARTESIAN_POINT('',(4.680428003117,51.910965343809));
#2198 = CARTESIAN_POINT('',(4.680428003117,19.002));
#2199 = ( GEOMETRIC_REPRESENTATION_CONTEXT(2) 
PARAMETRIC_REPRESENTATION_CONTEXT() REPRESENTATION_CONTEXT('2D SPACE',''
  ) );
#2200 = ORIENTED_EDGE('',*,*,#2201,.F.);
#2201 = EDGE_CURVE('',#2202,#2170,#2204,.T.);
#2202 = VERTEX_POINT('',#2203);
#2203 = CARTESIAN_POINT('',(-66.45053203446,-10.17793458652,
    48.322484045291));
#2204 = SURFACE_CURVE('',#2205,(#2221,#2294),.PCURVE_S1.);
#2205 = B_SPLINE_CURVE_WITH_KNOTS('',3,(#2206,#2207,#2208,#2209,#2210,
    #2211,#2212,#2213,#2214,#2215,#2216,#2217,#2218,#2219,#2220),
  .UNSPECIFIED.,.F.,.F.,(4,1,1,1,1,1,1,1,1,1,1,1,4),(0.,
    3.056206851032E-03,6.112413702063E-03,7.640517127579E-03,
    9.168620553095E-03,1.069672397861E-02,1.222482740413E-02,
    1.375293082964E-02,1.528103425516E-02,1.680913768067E-02,
    1.833724110619E-02,2.139344795722E-02,2.444965480825E-02),
  .UNSPECIFIED.);
#2206 = CARTESIAN_POINT('',(-66.45053203446,-10.17793458652,
    48.322484045291));
#2207 = CARTESIAN_POINT('',(-65.95414074927,-9.408754884524,
    48.801843537318));
#2208 = CARTESIAN_POINT('',(-64.9138665686,-7.847285059158,
    49.620788982637));
#2209 = CARTESIAN_POINT('',(-63.5405842005,-5.82842763485,50.34773250619
    ));
#2210 = CARTESIAN_POINT('',(-62.43457492805,-4.153290991498,
    50.764804198207));
#2211 = CARTESIAN_POINT('',(-61.62965149535,-2.850630320086,
    50.995229560265));
#2212 = CARTESIAN_POINT('',(-60.90423283533,-1.495612725746,
    51.141799721959));
#2213 = CARTESIAN_POINT('',(-60.5081542463,4.311715706123E-02,
    51.196682305992));
#2214 = CARTESIAN_POINT('',(-60.93454216648,1.554863702205,
    51.136904089406));
#2215 = CARTESIAN_POINT('',(-61.65715764866,2.89800168484,
    50.988134815446));
#2216 = CARTESIAN_POINT('',(-62.45173278817,4.179245318295,
    50.758924933399));
#2217 = CARTESIAN_POINT('',(-63.55513311751,5.850166253199,
    50.341037056416));
#2218 = CARTESIAN_POINT('',(-64.9264581606,7.86581767525,49.612141309131
    ));
#2219 = CARTESIAN_POINT('',(-65.95873948152,9.415880818457,
    48.797402593204));
#2220 = CARTESIAN_POINT('',(-66.45053203446,10.177934586521,
    48.322484045291));
#2221 = PCURVE('',#2150,#2222);
#2222 = DEFINITIONAL_REPRESENTATION('',(#2223),#2293);
#2223 = B_SPLINE_CURVE_WITH_KNOTS('',3,(#2224,#2225,#2226,#2227,#2228,
    #2229,#2230,#2231,#2232,#2233,#2234,#2235,#2236,#2237,#2238,#2239,
    #2240,#2241,#2242,#2243,#2244,#2245,#2246,#2247,#2248,#2249,#2250,
    #2251,#2252,#2253,#2254,#2255,#2256,#2257,#2258,#2259,#2260,#2261,
    #2262,#2263,#2264,#2265,#2266,#2267,#2268,#2269,#2270,#2271,#2272,
    #2273,#2274,#2275,#2276,#2277,#2278,#2279,#2280,#2281,#2282,#2283,
    #2284,#2285,#2286,#2287,#2288,#2289,#2290,#2291,#2292),
  .UNSPECIFIED.,.F.,.F.,(4,1,1,1,1,1,1,1,1,1,1,1,1,1,1,1,1,1,1,1,1,1,1,1
    ,1,1,1,1,1,1,1,1,1,1,1,1,1,1,1,1,1,1,1,1,1,1,1,1,1,1,1,1,1,1,1,1,1,1
    ,1,1,1,1,1,1,1,1,4),(0.,3.704493152766E-04,7.408986305531E-04,
    1.11134794583E-03,1.481797261106E-03,1.852246576383E-03,
    2.222695891659E-03,2.593145206936E-03,2.963594522212E-03,
    3.334043837489E-03,3.704493152766E-03,4.074942468042E-03,
    4.445391783319E-03,4.815841098595E-03,5.186290413872E-03,
    5.556739729148E-03,5.927189044425E-03,6.297638359702E-03,
    6.668087674978E-03,7.038536990255E-03,7.408986305531E-03,
    7.779435620808E-03,8.149884936084E-03,8.520334251361E-03,
    8.890783566637E-03,9.261232881914E-03,9.631682197191E-03,
    1.000213151247E-02,1.037258082774E-02,1.074303014302E-02,
    1.11134794583E-02,1.148392877357E-02,1.185437808885E-02,
    1.222482740413E-02,1.25952767194E-02,1.296572603468E-02,
    1.333617534996E-02,1.370662466523E-02,1.407707398051E-02,
    1.444752329579E-02,1.481797261106E-02,1.518842192634E-02,
    1.555887124162E-02,1.592932055689E-02,1.629976987217E-02,
    1.667021918745E-02,1.704066850272E-02,1.7411117818E-02,
    1.778156713327E-02,1.815201644855E-02,1.852246576383E-02,
    1.88929150791E-02,1.926336439438E-02,1.963381370966E-02,
    2.000426302493E-02,2.037471234021E-02,2.074516165549E-02,
    2.111561097076E-02,2.148606028604E-02,2.185650960132E-02,
    2.222695891659E-02,2.259740823187E-02,2.296785754715E-02,
    2.333830686242E-02,2.37087561777E-02,2.407920549298E-02,
    2.444965480825E-02),.QUASI_UNIFORM_KNOTS.);
#2224 = CARTESIAN_POINT('',(3.706906389834,0.707106781187));
#2225 = CARTESIAN_POINT('',(3.701095256473,0.766252200061));
#2226 = CARTESIAN_POINT('',(3.689515415257,0.885276536646));
#2227 = CARTESIAN_POINT('',(3.672263933465,1.065913731907));
#2228 = CARTESIAN_POINT('',(3.655121691396,1.248551812919));
#2229 = CARTESIAN_POINT('',(3.638079802134,1.433090969822));
#2230 = CARTESIAN_POINT('',(3.621129507107,1.619431412188));
#2231 = CARTESIAN_POINT('',(3.604262204939,1.807473277086));
#2232 = CARTESIAN_POINT('',(3.587469479562,1.997116972156));
#2233 = CARTESIAN_POINT('',(3.570743071001,2.188261895263));
#2234 = CARTESIAN_POINT('',(3.554075070824,2.380811212804));
#2235 = CARTESIAN_POINT('',(3.537456813597,2.57464111882));
#2236 = CARTESIAN_POINT('',(3.520879311306,2.769619580838));
#2237 = CARTESIAN_POINT('',(3.504333633679,2.965616597828));
#2238 = CARTESIAN_POINT('',(3.487810841485,3.162501791433));
#2239 = CARTESIAN_POINT('',(3.471302007991,3.360144261157));
#2240 = CARTESIAN_POINT('',(3.454798316442,3.558415572394));
#2241 = CARTESIAN_POINT('',(3.438290763665,3.757177949115));
#2242 = CARTESIAN_POINT('',(3.421771362392,3.956328515084));
#2243 = CARTESIAN_POINT('',(3.40522782282,4.155600093394));
#2244 = CARTESIAN_POINT('',(3.38864321899,4.354564822676));
#2245 = CARTESIAN_POINT('',(3.372001582913,4.552818892718));
#2246 = CARTESIAN_POINT('',(3.355285799585,4.749988930208));
#2247 = CARTESIAN_POINT('',(3.33848198734,4.945535764137));
#2248 = CARTESIAN_POINT('',(3.321582521072,5.138647099211));
#2249 = CARTESIAN_POINT('',(3.304577043242,5.328511964201));
#2250 = CARTESIAN_POINT('',(3.287461672292,5.514494628198));
#2251 = CARTESIAN_POINT('',(3.270207958221,5.69521371607));
#2252 = CARTESIAN_POINT('',(3.252705008726,5.866848766625));
#2253 = CARTESIAN_POINT('',(3.234854268567,6.02589197389));
#2254 = CARTESIAN_POINT('',(3.216545273029,6.168853307726));
#2255 = CARTESIAN_POINT('',(3.197698688174,6.291852217889));
#2256 = CARTESIAN_POINT('',(3.17848361992,6.387650334589));
#2257 = CARTESIAN_POINT('',(3.159048451905,6.449287700624));
#2258 = CARTESIAN_POINT('',(3.139546218339,6.469729316152));
#2259 = CARTESIAN_POINT('',(3.120126819212,6.441961939298));
#2260 = CARTESIAN_POINT('',(3.100888479734,6.373469088485));
#2261 = CARTESIAN_POINT('',(3.081932091243,6.271760481055));
#2262 = CARTESIAN_POINT('',(3.063355550811,6.1442530279));
#2263 = CARTESIAN_POINT('',(3.045272325067,5.998708666788));
#2264 = CARTESIAN_POINT('',(3.027615319171,5.838723168266));
#2265 = CARTESIAN_POINT('',(3.010294964237,5.667400373674));
#2266 = CARTESIAN_POINT('',(2.993229999473,5.487892941432));
#2267 = CARTESIAN_POINT('',(2.976332104707,5.303641797658));
#2268 = CARTESIAN_POINT('',(2.959560273664,5.115773793099));
#2269 = CARTESIAN_POINT('',(2.942887055641,4.924703661912));
#2270 = CARTESIAN_POINT('',(2.926282450146,4.731024432338));
#2271 = CARTESIAN_POINT('',(2.909713854698,4.535286880747));
#2272 = CARTESIAN_POINT('',(2.893168497996,4.338022297266));
#2273 = CARTESIAN_POINT('',(2.876645259452,4.139743698508));
#2274 = CARTESIAN_POINT('',(2.860140221726,3.940956888094));
#2275 = CARTESIAN_POINT('',(2.843650743807,3.742212591999));
#2276 = CARTESIAN_POINT('',(2.827171766942,3.543843619159));
#2277 = CARTESIAN_POINT('',(2.810695951917,3.345964390335));
#2278 = CARTESIAN_POINT('',(2.794216374333,3.148735662042));
#2279 = CARTESIAN_POINT('',(2.77772594709,2.952305795347));
#2280 = CARTESIAN_POINT('',(2.761217591559,2.756826397348));
#2281 = CARTESIAN_POINT('',(2.744684215146,2.562448486479));
#2282 = CARTESIAN_POINT('',(2.72811871517,2.369322189786));
#2283 = CARTESIAN_POINT('',(2.711514072168,2.177601788536));
#2284 = CARTESIAN_POINT('',(2.694863045171,1.987424868812));
#2285 = CARTESIAN_POINT('',(2.678157387276,1.798874310119));
#2286 = CARTESIAN_POINT('',(2.661388773366,1.612040635161));
#2287 = CARTESIAN_POINT('',(2.64454867919,1.427012318655));
#2288 = CARTESIAN_POINT('',(2.627628437056,1.243878384074));
#2289 = CARTESIAN_POINT('',(2.610619242108,1.06272770785));
#2290 = CARTESIAN_POINT('',(2.593512184233,0.883649205826));
#2291 = CARTESIAN_POINT('',(2.582036216354,0.765704257433));
#2292 = CARTESIAN_POINT('',(2.576278917346,0.707106781186));
#2293 = ( GEOMETRIC_REPRESENTATION_CONTEXT(2) 
PARAMETRIC_REPRESENTATION_CONTEXT() REPRESENTATION_CONTEXT('2D SPACE',''
  ) );
#2294 = PCURVE('',#2295,#2300);
#2295 = CYLINDRICAL_SURFACE('',#2296,10.57470739813);
#2296 = AXIS2_PLACEMENT_3D('',#2297,#2298,#2299);
#2297 = CARTESIAN_POINT('',(-59.1047230252,-19.002,40.71567613688));
#2298 = DIRECTION('',(0.,1.,0.));
#2299 = DIRECTION('',(0.,-0.,1.));
#2300 = DEFINITIONAL_REPRESENTATION('',(#2301),#2371);
#2301 = B_SPLINE_CURVE_WITH_KNOTS('',3,(#2302,#2303,#2304,#2305,#2306,
    #2307,#2308,#2309,#2310,#2311,#2312,#2313,#2314,#2315,#2316,#2317,
    #2318,#2319,#2320,#2321,#2322,#2323,#2324,#2325,#2326,#2327,#2328,
    #2329,#2330,#2331,#2332,#2333,#2334,#2335,#2336,#2337,#2338,#2339,
    #2340,#2341,#2342,#2343,#2344,#2345,#2346,#2347,#2348,#2349,#2350,
    #2351,#2352,#2353,#2354,#2355,#2356,#2357,#2358,#2359,#2360,#2361,
    #2362,#2363,#2364,#2365,#2366,#2367,#2368,#2369,#2370),
  .UNSPECIFIED.,.F.,.F.,(4,1,1,1,1,1,1,1,1,1,1,1,1,1,1,1,1,1,1,1,1,1,1,1
    ,1,1,1,1,1,1,1,1,1,1,1,1,1,1,1,1,1,1,1,1,1,1,1,1,1,1,1,1,1,1,1,1,1,1
    ,1,1,1,1,1,1,1,1,4),(0.,3.704493152766E-04,7.408986305531E-04,
    1.11134794583E-03,1.481797261106E-03,1.852246576383E-03,
    2.222695891659E-03,2.593145206936E-03,2.963594522212E-03,
    3.334043837489E-03,3.704493152766E-03,4.074942468042E-03,
    4.445391783319E-03,4.815841098595E-03,5.186290413872E-03,
    5.556739729148E-03,5.927189044425E-03,6.297638359702E-03,
    6.668087674978E-03,7.038536990255E-03,7.408986305531E-03,
    7.779435620808E-03,8.149884936084E-03,8.520334251361E-03,
    8.890783566637E-03,9.261232881914E-03,9.631682197191E-03,
    1.000213151247E-02,1.037258082774E-02,1.074303014302E-02,
    1.11134794583E-02,1.148392877357E-02,1.185437808885E-02,
    1.222482740413E-02,1.25952767194E-02,1.296572603468E-02,
    1.333617534996E-02,1.370662466523E-02,1.407707398051E-02,
    1.444752329579E-02,1.481797261106E-02,1.518842192634E-02,
    1.555887124162E-02,1.592932055689E-02,1.629976987217E-02,
    1.667021918745E-02,1.704066850272E-02,1.7411117818E-02,
    1.778156713327E-02,1.815201644855E-02,1.852246576383E-02,
    1.88929150791E-02,1.926336439438E-02,1.963381370966E-02,
    2.000426302493E-02,2.037471234021E-02,2.074516165549E-02,
    2.111561097076E-02,2.148606028604E-02,2.185650960132E-02,
    2.222695891659E-02,2.259740823187E-02,2.296785754715E-02,
    2.333830686242E-02,2.37087561777E-02,2.407920549298E-02,
    2.444965480825E-02),.QUASI_UNIFORM_KNOTS.);
#2302 = CARTESIAN_POINT('',(5.515240436302,8.824065413479));
#2303 = CARTESIAN_POINT('',(5.523150234917,8.917299316751));
#2304 = CARTESIAN_POINT('',(5.538882554067,9.104106670281));
#2305 = CARTESIAN_POINT('',(5.562232054446,9.385356097448));
#2306 = CARTESIAN_POINT('',(5.58534564354,9.667663674917));
#2307 = CARTESIAN_POINT('',(5.608235649299,9.951049164823));
#2308 = CARTESIAN_POINT('',(5.63091386275,10.235532296972));
#2309 = CARTESIAN_POINT('',(5.653391418823,10.521132921774));
#2310 = CARTESIAN_POINT('',(5.675678845647,10.807870439552));
#2311 = CARTESIAN_POINT('',(5.697785793003,11.095765930382));
#2312 = CARTESIAN_POINT('',(5.719721903969,11.384834205404));
#2313 = CARTESIAN_POINT('',(5.741491019571,11.675134947589));
#2314 = CARTESIAN_POINT('',(5.763094991001,11.966741540772));
#2315 = CARTESIAN_POINT('',(5.784535639233,12.259723937038));
#2316 = CARTESIAN_POINT('',(5.805814286175,12.554152910015));
#2317 = CARTESIAN_POINT('',(5.826931819341,12.8500993789));
#2318 = CARTESIAN_POINT('',(5.84788896795,13.147632859076));
#2319 = CARTESIAN_POINT('',(5.868685207554,13.446828335614));
#2320 = CARTESIAN_POINT('',(5.889322946062,13.747740318645));
#2321 = CARTESIAN_POINT('',(5.90978875106,14.050519913763));
#2322 = CARTESIAN_POINT('',(5.930053346276,14.355416123653));
#2323 = CARTESIAN_POINT('',(5.950089125268,14.662653571173));
#2324 = CARTESIAN_POINT('',(5.969870752667,14.972476666794));
#2325 = CARTESIAN_POINT('',(5.989357373743,15.285067361325));
#2326 = CARTESIAN_POINT('',(6.008482365207,15.600489371896));
#2327 = CARTESIAN_POINT('',(6.027178448345,15.918858540051));
#2328 = CARTESIAN_POINT('',(6.045394101723,16.240164845986));
#2329 = CARTESIAN_POINT('',(6.06300858007,16.564877485598));
#2330 = CARTESIAN_POINT('',(6.079672506306,16.895049916142));
#2331 = CARTESIAN_POINT('',(6.095062614493,17.232474596201));
#2332 = CARTESIAN_POINT('',(6.108855908912,17.5791568755));
#2333 = CARTESIAN_POINT('',(6.120691704496,17.936502019799));
#2334 = CARTESIAN_POINT('',(6.129891181535,18.301202136607));
#2335 = CARTESIAN_POINT('',(6.135800027583,18.67033735005));
#2336 = CARTESIAN_POINT('',(6.137755546787,19.040884176984));
#2337 = CARTESIAN_POINT('',(6.135096265093,19.409845546717));
#2338 = CARTESIAN_POINT('',(6.128528152582,19.775206402728));
#2339 = CARTESIAN_POINT('',(6.118758825986,20.134933446133));
#2340 = CARTESIAN_POINT('',(6.106485867791,20.487068390022));
#2341 = CARTESIAN_POINT('',(6.092437313702,20.82937114196));
#2342 = CARTESIAN_POINT('',(6.076947141071,21.163024090587));
#2343 = CARTESIAN_POINT('',(6.060302355671,21.489643058896));
#2344 = CARTESIAN_POINT('',(6.042793282426,21.810697699326));
#2345 = CARTESIAN_POINT('',(6.024734754451,22.127815822589));
#2346 = CARTESIAN_POINT('',(6.006223064977,22.441700773577));
#2347 = CARTESIAN_POINT('',(5.987287622393,22.752783351386));
#2348 = CARTESIAN_POINT('',(5.967973996992,23.061546100503));
#2349 = CARTESIAN_POINT('',(5.94832273623,23.368520907301));
#2350 = CARTESIAN_POINT('',(5.928373721638,23.673868844805));
#2351 = CARTESIAN_POINT('',(5.908165827732,23.977532692673));
#2352 = CARTESIAN_POINT('',(5.887736442596,24.279508500499));
#2353 = CARTESIAN_POINT('',(5.867126433676,24.579771244206));
#2354 = CARTESIAN_POINT('',(5.846355615269,24.878334112226));
#2355 = CARTESIAN_POINT('',(5.825423260322,25.175243835201));
#2356 = CARTESIAN_POINT('',(5.804332641067,25.470540080989));
#2357 = CARTESIAN_POINT('',(5.783085555816,25.764264414138));
#2358 = CARTESIAN_POINT('',(5.761683751275,26.056457875217));
#2359 = CARTESIAN_POINT('',(5.740128561594,26.347161704024));
#2360 = CARTESIAN_POINT('',(5.718420787969,26.636416867427));
#2361 = CARTESIAN_POINT('',(5.696561403284,26.924265224774));
#2362 = CARTESIAN_POINT('',(5.674548583426,27.210745135503));
#2363 = CARTESIAN_POINT('',(5.652372150389,27.495883512571));
#2364 = CARTESIAN_POINT('',(5.63002235384,27.779708867938));
#2365 = CARTESIAN_POINT('',(5.60748853589,28.062249285115));
#2366 = CARTESIAN_POINT('',(5.584759527525,28.343532962413));
#2367 = CARTESIAN_POINT('',(5.561823568686,28.623588067385));
#2368 = CARTESIAN_POINT('',(5.538668427622,28.902442775826));
#2369 = CARTESIAN_POINT('',(5.523076961254,29.087564432816));
#2370 = CARTESIAN_POINT('',(5.515240436302,29.179934586521));
#2371 = ( GEOMETRIC_REPRESENTATION_CONTEXT(2) 
PARAMETRIC_REPRESENTATION_CONTEXT() REPRESENTATION_CONTEXT('2D SPACE',''
  ) );
#2372 = ORIENTED_EDGE('',*,*,#2373,.F.);
#2373 = EDGE_CURVE('',#2374,#2202,#2376,.T.);
#2374 = VERTEX_POINT('',#2375);
#2375 = CARTESIAN_POINT('',(-67.1698718348,-11.2151675034,
    47.627825674832));
#2376 = SURFACE_CURVE('',#2377,(#2382,#2388),.PCURVE_S1.);
#2377 = ELLIPSE('',#2378,26.870057685089,19.);
#2378 = AXIS2_PLACEMENT_3D('',#2379,#2380,#2381);
#2379 = CARTESIAN_POINT('',(-82.77208571965,-3.819028151432E-17,
    32.560942864094));
#2380 = DIRECTION('',(-0.694658370459,0.,0.719339800339));
#2381 = DIRECTION('',(0.719339800339,1.511301705025E-18,0.694658370459)
  );
#2382 = PCURVE('',#2150,#2383);
#2383 = DEFINITIONAL_REPRESENTATION('',(#2384),#2387);
#2384 = B_SPLINE_CURVE_WITH_KNOTS('',1,(#2385,#2386),.UNSPECIFIED.,.F.,
  .F.,(2,2),(5.651789574828,5.717871570935),.PIECEWISE_BEZIER_KNOTS.);
#2385 = CARTESIAN_POINT('',(3.772988385942,-2.84217094304E-14));
#2386 = CARTESIAN_POINT('',(3.706906389834,0.707106781187));
#2387 = ( GEOMETRIC_REPRESENTATION_CONTEXT(2) 
PARAMETRIC_REPRESENTATION_CONTEXT() REPRESENTATION_CONTEXT('2D SPACE',''
  ) );
#2388 = PCURVE('',#2185,#2389);
#2389 = DEFINITIONAL_REPRESENTATION('',(#2390),#2394);
#2390 = ELLIPSE('',#2391,26.870057685089,19.);
#2391 = AXIS2_PLACEMENT_2D('',#2392,#2393);
#2392 = CARTESIAN_POINT('',(-22.18962968197,19.002));
#2393 = DIRECTION('',(1.,1.511301705025E-18));
#2394 = ( GEOMETRIC_REPRESENTATION_CONTEXT(2) 
PARAMETRIC_REPRESENTATION_CONTEXT() REPRESENTATION_CONTEXT('2D SPACE',''
  ) );
#2395 = ORIENTED_EDGE('',*,*,#2396,.F.);
#2396 = EDGE_CURVE('',#2397,#2374,#2399,.T.);
#2397 = VERTEX_POINT('',#2398);
#2398 = CARTESIAN_POINT('',(-67.25229364644,-15.75875249853,
    42.905883248871));
#2399 = SURFACE_CURVE('',#2400,(#2405,#2412),.PCURVE_S1.);
#2400 = CIRCLE('',#2401,19.);
#2401 = AXIS2_PLACEMENT_3D('',#2402,#2403,#2404);
#2402 = CARTESIAN_POINT('',(-67.43753737186,-2.180049435445E-17,
    32.293277327039));
#2403 = DIRECTION('',(-0.999847695156,-1.068651684042E-18,
    1.745240643728E-02));
#2404 = DIRECTION('',(1.745240643728E-02,0.,0.999847695156));
#2405 = PCURVE('',#2150,#2406);
#2406 = DEFINITIONAL_REPRESENTATION('',(#2407),#2411);
#2407 = LINE('',#2408,#2409);
#2408 = CARTESIAN_POINT('',(9.424777960769,0.));
#2409 = VECTOR('',#2410,1.);
#2410 = DIRECTION('',(-1.,0.));
#2411 = ( GEOMETRIC_REPRESENTATION_CONTEXT(2) 
PARAMETRIC_REPRESENTATION_CONTEXT() REPRESENTATION_CONTEXT('2D SPACE',''
  ) );
#2412 = PCURVE('',#126,#2413);
#2413 = DEFINITIONAL_REPRESENTATION('',(#2414),#2418);
#2414 = CIRCLE('',#2415,19.);
#2415 = AXIS2_PLACEMENT_2D('',#2416,#2417);
#2416 = CARTESIAN_POINT('',(-5.085805451074E-17,5.479290705941));
#2417 = DIRECTION('',(-7.824090399073E-35,1.));
#2418 = ( GEOMETRIC_REPRESENTATION_CONTEXT(2) 
PARAMETRIC_REPRESENTATION_CONTEXT() REPRESENTATION_CONTEXT('2D SPACE',''
  ) );
#2419 = ORIENTED_EDGE('',*,*,#2420,.T.);
#2420 = EDGE_CURVE('',#2397,#2421,#2423,.T.);
#2421 = VERTEX_POINT('',#2422);
#2422 = CARTESIAN_POINT('',(-66.5329538461,-15.25868614492,
    43.60054161933));
#2423 = SURFACE_CURVE('',#2424,(#2429,#2435),.PCURVE_S1.);
#2424 = ELLIPSE('',#2425,26.870057685089,19.);
#2425 = AXIS2_PLACEMENT_3D('',#2426,#2427,#2428);
#2426 = CARTESIAN_POINT('',(-78.05014329369,-3.314340112454E-17,
    32.478521052462));
#2427 = DIRECTION('',(-0.694658370459,0.,0.719339800339));
#2428 = DIRECTION('',(0.719339800339,1.511301705025E-18,0.694658370459)
  );
#2429 = PCURVE('',#2150,#2430);
#2430 = DEFINITIONAL_REPRESENTATION('',(#2431),#2434);
#2431 = B_SPLINE_CURVE_WITH_KNOTS('',1,(#2432,#2433),.UNSPECIFIED.,.F.,
  .F.,(2,2),(5.305138121133,5.350724369018),.PIECEWISE_BEZIER_KNOTS.);
#2432 = CARTESIAN_POINT('',(4.119639839637,2.84217094304E-14));
#2433 = CARTESIAN_POINT('',(4.074053591752,0.707106781187));
#2434 = ( GEOMETRIC_REPRESENTATION_CONTEXT(2) 
PARAMETRIC_REPRESENTATION_CONTEXT() REPRESENTATION_CONTEXT('2D SPACE',''
  ) );
#2435 = PCURVE('',#2436,#2441);
#2436 = PLANE('',#2437);
#2437 = AXIS2_PLACEMENT_3D('',#2438,#2439,#2440);
#2438 = CARTESIAN_POINT('',(-66.89262374627,-19.002,43.2532124341));
#2439 = DIRECTION('',(-0.694658370459,0.,0.719339800339));
#2440 = DIRECTION('',(0.719339800339,0.,0.694658370459));
#2441 = DEFINITIONAL_REPRESENTATION('',(#2442),#2446);
#2442 = ELLIPSE('',#2443,26.870057685089,19.);
#2443 = AXIS2_PLACEMENT_2D('',#2444,#2445);
#2444 = CARTESIAN_POINT('',(-15.51077744088,19.002));
#2445 = DIRECTION('',(1.,1.511301705025E-18));
#2446 = ( GEOMETRIC_REPRESENTATION_CONTEXT(2) 
PARAMETRIC_REPRESENTATION_CONTEXT() REPRESENTATION_CONTEXT('2D SPACE',''
  ) );
#2447 = ORIENTED_EDGE('',*,*,#2448,.T.);
#2448 = EDGE_CURVE('',#2421,#2449,#2451,.T.);
#2449 = VERTEX_POINT('',#2450);
#2450 = CARTESIAN_POINT('',(-59.1884508742,-12.46205796915,
    46.493618278144));
#2451 = SURFACE_CURVE('',#2452,(#2459,#2488),.PCURVE_S1.);
#2452 = B_SPLINE_CURVE_WITH_KNOTS('',3,(#2453,#2454,#2455,#2456,#2457,
    #2458),.UNSPECIFIED.,.F.,.F.,(4,1,1,4),(2.221529986854E-17,
    2.151136870047E-03,4.302273740094E-03,8.604547480188E-03),
  .UNSPECIFIED.);
#2453 = CARTESIAN_POINT('',(-66.5329538461,-15.25868614492,
    43.60054161933));
#2454 = CARTESIAN_POINT('',(-66.07081949986,-14.92163217895,
    44.046819569944));
#2455 = CARTESIAN_POINT('',(-65.07841611868,-14.2574104271,
    44.841524528826));
#2456 = CARTESIAN_POINT('',(-62.75973527275,-13.0291549394,
    46.082423979551));
#2457 = CARTESIAN_POINT('',(-60.64717186122,-12.46205796915,
    46.519080347684));
#2458 = CARTESIAN_POINT('',(-59.1884508742,-12.46205796915,
    46.493618278144));
#2459 = PCURVE('',#2150,#2460);
#2460 = DEFINITIONAL_REPRESENTATION('',(#2461),#2487);
#2461 = B_SPLINE_CURVE_WITH_KNOTS('',3,(#2462,#2463,#2464,#2465,#2466,
    #2467,#2468,#2469,#2470,#2471,#2472,#2473,#2474,#2475,#2476,#2477,
    #2478,#2479,#2480,#2481,#2482,#2483,#2484,#2485,#2486),
  .UNSPECIFIED.,.F.,.F.,(4,1,1,1,1,1,1,1,1,1,1,1,1,1,1,1,1,1,1,1,1,1,4),
  (2.221529986854E-17,3.91115794554E-04,7.822315891081E-04,
    1.173347383662E-03,1.564463178216E-03,1.95557897277E-03,
    2.346694767324E-03,2.737810561878E-03,3.128926356432E-03,
    3.520042150986E-03,3.91115794554E-03,4.302273740094E-03,
    4.693389534648E-03,5.084505329202E-03,5.475621123756E-03,
    5.86673691831E-03,6.257852712864E-03,6.648968507418E-03,
    7.040084301972E-03,7.431200096526E-03,7.82231589108E-03,
    8.213431685634E-03,8.604547480188E-03),.QUASI_UNIFORM_KNOTS.);
#2462 = CARTESIAN_POINT('',(4.074053591752,0.707106781187));
#2463 = CARTESIAN_POINT('',(4.068640615038,0.789702296961));
#2464 = CARTESIAN_POINT('',(4.057959807958,0.957201805887));
#2465 = CARTESIAN_POINT('',(4.042370891538,1.215649757638));
#2466 = CARTESIAN_POINT('',(4.027211061554,1.481568933713));
#2467 = CARTESIAN_POINT('',(4.012477330451,1.755234391018));
#2468 = CARTESIAN_POINT('',(3.998168803183,2.036911822954));
#2469 = CARTESIAN_POINT('',(3.984278965556,2.326901855993));
#2470 = CARTESIAN_POINT('',(3.970830713379,2.625340475024));
#2471 = CARTESIAN_POINT('',(3.957876601459,2.932199023666));
#2472 = CARTESIAN_POINT('',(3.945463753031,3.247483777662));
#2473 = CARTESIAN_POINT('',(3.93364152575,3.571191652721));
#2474 = CARTESIAN_POINT('',(3.922459345902,3.903322072567));
#2475 = CARTESIAN_POINT('',(3.911967196366,4.243873788902));
#2476 = CARTESIAN_POINT('',(3.902217831909,4.592333086831));
#2477 = CARTESIAN_POINT('',(3.89326433734,4.948186203209));
#2478 = CARTESIAN_POINT('',(3.885160090965,5.310919387822));
#2479 = CARTESIAN_POINT('',(3.877958751723,5.680018886988));
#2480 = CARTESIAN_POINT('',(3.871714251204,6.054970947956));
#2481 = CARTESIAN_POINT('',(3.86648078946,6.435261817726));
#2482 = CARTESIAN_POINT('',(3.862312826453,6.820377743364));
#2483 = CARTESIAN_POINT('',(3.859265062289,7.209804971919));
#2484 = CARTESIAN_POINT('',(3.857392391556,7.603029750443));
#2485 = CARTESIAN_POINT('',(3.85696402155,7.867368800806));
#2486 = CARTESIAN_POINT('',(3.856964020135,8.));
#2487 = ( GEOMETRIC_REPRESENTATION_CONTEXT(2) 
PARAMETRIC_REPRESENTATION_CONTEXT() REPRESENTATION_CONTEXT('2D SPACE',''
  ) );
#2488 = PCURVE('',#2489,#2494);
#2489 = CYLINDRICAL_SURFACE('',#2490,10.313708498985);
#2490 = AXIS2_PLACEMENT_3D('',#2491,#2492,#2493);
#2491 = CARTESIAN_POINT('',(-59.3684499068,-19.002,36.181480606919));
#2492 = DIRECTION('',(0.,1.,0.));
#2493 = DIRECTION('',(0.,-0.,1.));
#2494 = DEFINITIONAL_REPRESENTATION('',(#2495),#2521);
#2495 = B_SPLINE_CURVE_WITH_KNOTS('',3,(#2496,#2497,#2498,#2499,#2500,
    #2501,#2502,#2503,#2504,#2505,#2506,#2507,#2508,#2509,#2510,#2511,
    #2512,#2513,#2514,#2515,#2516,#2517,#2518,#2519,#2520),
  .UNSPECIFIED.,.F.,.F.,(4,1,1,1,1,1,1,1,1,1,1,1,1,1,1,1,1,1,1,1,1,1,4),
  (2.221529986854E-17,3.91115794554E-04,7.822315891081E-04,
    1.173347383662E-03,1.564463178216E-03,1.95557897277E-03,
    2.346694767324E-03,2.737810561878E-03,3.128926356432E-03,
    3.520042150986E-03,3.91115794554E-03,4.302273740094E-03,
    4.693389534648E-03,5.084505329202E-03,5.475621123756E-03,
    5.86673691831E-03,6.257852712864E-03,6.648968507418E-03,
    7.040084301972E-03,7.431200096526E-03,7.82231589108E-03,
    8.213431685634E-03,8.604547480188E-03),.QUASI_UNIFORM_KNOTS.);
#2496 = CARTESIAN_POINT('',(5.515240436302,3.743313855079));
#2497 = CARTESIAN_POINT('',(5.526566014916,3.804596394346));
#2498 = CARTESIAN_POINT('',(5.549156001247,3.926834606377));
#2499 = CARTESIAN_POINT('',(5.582928963515,4.108938407367));
#2500 = CARTESIAN_POINT('',(5.616660944935,4.289513951019));
#2501 = CARTESIAN_POINT('',(5.650424588657,4.468292876606));
#2502 = CARTESIAN_POINT('',(5.684290592725,4.644983127919));
#2503 = CARTESIAN_POINT('',(5.71833604616,4.819381051117));
#2504 = CARTESIAN_POINT('',(5.752603971642,4.990866346876));
#2505 = CARTESIAN_POINT('',(5.787106901608,5.158402071177));
#2506 = CARTESIAN_POINT('',(5.821867421618,5.32103967998));
#2507 = CARTESIAN_POINT('',(5.856909149214,5.477806942541));
#2508 = CARTESIAN_POINT('',(5.892259036051,5.62773797495));
#2509 = CARTESIAN_POINT('',(5.927946820766,5.769865192668));
#2510 = CARTESIAN_POINT('',(5.963956750623,5.903193849397));
#2511 = CARTESIAN_POINT('',(6.000273614704,6.02672907674));
#2512 = CARTESIAN_POINT('',(6.036883369863,6.139476039018));
#2513 = CARTESIAN_POINT('',(6.073773491089,6.240439891782));
#2514 = CARTESIAN_POINT('',(6.110933391919,6.328625792936));
#2515 = CARTESIAN_POINT('',(6.148354829806,6.403038899753));
#2516 = CARTESIAN_POINT('',(6.186032258298,6.462684369672));
#2517 = CARTESIAN_POINT('',(6.223963332642,6.506567360092));
#2518 = CARTESIAN_POINT('',(6.262148751999,6.533693028419));
#2519 = CARTESIAN_POINT('',(6.287779233017,6.539942030846));
#2520 = CARTESIAN_POINT('',(6.3006385997,6.539942030846));
#2521 = ( GEOMETRIC_REPRESENTATION_CONTEXT(2) 
PARAMETRIC_REPRESENTATION_CONTEXT() REPRESENTATION_CONTEXT('2D SPACE',''
  ) );
#2522 = ORIENTED_EDGE('',*,*,#2523,.T.);
#2523 = EDGE_CURVE('',#2449,#2524,#2526,.T.);
#2524 = VERTEX_POINT('',#2525);
#2525 = CARTESIAN_POINT('',(-59.1884508742,12.462057969154,
    46.493618278144));
#2526 = SURFACE_CURVE('',#2527,(#2532,#2539),.PCURVE_S1.);
#2527 = CIRCLE('',#2528,19.);
#2528 = AXIS2_PLACEMENT_3D('',#2529,#2530,#2531);
#2529 = CARTESIAN_POINT('',(-59.43875581061,-1.325128088212E-17,
    32.15365807554));
#2530 = DIRECTION('',(-0.999847695156,-1.068651684042E-18,
    1.745240643728E-02));
#2531 = DIRECTION('',(1.745240643728E-02,0.,0.999847695156));
#2532 = PCURVE('',#2150,#2533);
#2533 = DEFINITIONAL_REPRESENTATION('',(#2534),#2538);
#2534 = LINE('',#2535,#2536);
#2535 = CARTESIAN_POINT('',(9.424777960769,8.));
#2536 = VECTOR('',#2537,1.);
#2537 = DIRECTION('',(-1.,0.));
#2538 = ( GEOMETRIC_REPRESENTATION_CONTEXT(2) 
PARAMETRIC_REPRESENTATION_CONTEXT() REPRESENTATION_CONTEXT('2D SPACE',''
  ) );
#2539 = PCURVE('',#227,#2540);
#2540 = DEFINITIONAL_REPRESENTATION('',(#2541),#2545);
#2541 = CIRCLE('',#2542,19.);
#2542 = AXIS2_PLACEMENT_2D('',#2543,#2544);
#2543 = CARTESIAN_POINT('',(-5.085805451074E-17,5.479290705941));
#2544 = DIRECTION('',(-7.824090399073E-35,1.));
#2545 = ( GEOMETRIC_REPRESENTATION_CONTEXT(2) 
PARAMETRIC_REPRESENTATION_CONTEXT() REPRESENTATION_CONTEXT('2D SPACE',''
  ) );
#2546 = ORIENTED_EDGE('',*,*,#2547,.F.);
#2547 = EDGE_CURVE('',#2548,#2524,#2550,.T.);
#2548 = VERTEX_POINT('',#2549);
#2549 = CARTESIAN_POINT('',(-66.5329538461,15.258686144921,
    43.60054161933));
#2550 = SURFACE_CURVE('',#2551,(#2558,#2587),.PCURVE_S1.);
#2551 = B_SPLINE_CURVE_WITH_KNOTS('',3,(#2552,#2553,#2554,#2555,#2556,
    #2557),.UNSPECIFIED.,.F.,.F.,(4,1,1,4),(2.221529986854E-17,
    2.151136870047E-03,4.302273740094E-03,8.604547480188E-03),
  .UNSPECIFIED.);
#2552 = CARTESIAN_POINT('',(-66.5329538461,15.258686144921,
    43.60054161933));
#2553 = CARTESIAN_POINT('',(-66.07081949986,14.921632178955,
    44.046819569944));
#2554 = CARTESIAN_POINT('',(-65.07841611868,14.257410427104,
    44.841524528826));
#2555 = CARTESIAN_POINT('',(-62.75973527275,13.029154939404,
    46.082423979551));
#2556 = CARTESIAN_POINT('',(-60.64717186122,12.462057969154,
    46.519080347684));
#2557 = CARTESIAN_POINT('',(-59.1884508742,12.462057969154,
    46.493618278144));
#2558 = PCURVE('',#2150,#2559);
#2559 = DEFINITIONAL_REPRESENTATION('',(#2560),#2586);
#2560 = B_SPLINE_CURVE_WITH_KNOTS('',3,(#2561,#2562,#2563,#2564,#2565,
    #2566,#2567,#2568,#2569,#2570,#2571,#2572,#2573,#2574,#2575,#2576,
    #2577,#2578,#2579,#2580,#2581,#2582,#2583,#2584,#2585),
  .UNSPECIFIED.,.F.,.F.,(4,1,1,1,1,1,1,1,1,1,1,1,1,1,1,1,1,1,1,1,1,1,4),
  (2.221529986854E-17,3.91115794554E-04,7.822315891081E-04,
    1.173347383662E-03,1.564463178216E-03,1.95557897277E-03,
    2.346694767324E-03,2.737810561878E-03,3.128926356432E-03,
    3.520042150986E-03,3.91115794554E-03,4.302273740094E-03,
    4.693389534648E-03,5.084505329202E-03,5.475621123756E-03,
    5.86673691831E-03,6.257852712864E-03,6.648968507418E-03,
    7.040084301972E-03,7.431200096526E-03,7.82231589108E-03,
    8.213431685634E-03,8.604547480188E-03),.QUASI_UNIFORM_KNOTS.);
#2561 = CARTESIAN_POINT('',(2.209131715428,0.707106781187));
#2562 = CARTESIAN_POINT('',(2.214544692142,0.789702296961));
#2563 = CARTESIAN_POINT('',(2.225225499222,0.957201805887));
#2564 = CARTESIAN_POINT('',(2.240814415642,1.215649757638));
#2565 = CARTESIAN_POINT('',(2.255974245625,1.481568933713));
#2566 = CARTESIAN_POINT('',(2.270707976728,1.755234391018));
#2567 = CARTESIAN_POINT('',(2.285016503996,2.036911822954));
#2568 = CARTESIAN_POINT('',(2.298906341624,2.326901855993));
#2569 = CARTESIAN_POINT('',(2.312354593801,2.625340475024));
#2570 = CARTESIAN_POINT('',(2.32530870572,2.932199023666));
#2571 = CARTESIAN_POINT('',(2.337721554149,3.247483777662));
#2572 = CARTESIAN_POINT('',(2.34954378143,3.571191652721));
#2573 = CARTESIAN_POINT('',(2.360725961278,3.903322072567));
#2574 = CARTESIAN_POINT('',(2.371218110814,4.243873788902));
#2575 = CARTESIAN_POINT('',(2.38096747527,4.592333086831));
#2576 = CARTESIAN_POINT('',(2.38992096984,4.948186203209));
#2577 = CARTESIAN_POINT('',(2.398025216214,5.310919387821));
#2578 = CARTESIAN_POINT('',(2.405226555457,5.680018886988));
#2579 = CARTESIAN_POINT('',(2.411471055976,6.054970947956));
#2580 = CARTESIAN_POINT('',(2.41670451772,6.435261817726));
#2581 = CARTESIAN_POINT('',(2.420872480726,6.820377743364));
#2582 = CARTESIAN_POINT('',(2.42392024489,7.209804971919));
#2583 = CARTESIAN_POINT('',(2.425792915624,7.603029750443));
#2584 = CARTESIAN_POINT('',(2.42622128563,7.867368800806));
#2585 = CARTESIAN_POINT('',(2.426221287044,8.));
#2586 = ( GEOMETRIC_REPRESENTATION_CONTEXT(2) 
PARAMETRIC_REPRESENTATION_CONTEXT() REPRESENTATION_CONTEXT('2D SPACE',''
  ) );
#2587 = PCURVE('',#2489,#2588);
#2588 = DEFINITIONAL_REPRESENTATION('',(#2589),#2615);
#2589 = B_SPLINE_CURVE_WITH_KNOTS('',3,(#2590,#2591,#2592,#2593,#2594,
    #2595,#2596,#2597,#2598,#2599,#2600,#2601,#2602,#2603,#2604,#2605,
    #2606,#2607,#2608,#2609,#2610,#2611,#2612,#2613,#2614),
  .UNSPECIFIED.,.F.,.F.,(4,1,1,1,1,1,1,1,1,1,1,1,1,1,1,1,1,1,1,1,1,1,4),
  (2.221529986854E-17,3.91115794554E-04,7.822315891081E-04,
    1.173347383662E-03,1.564463178216E-03,1.95557897277E-03,
    2.346694767324E-03,2.737810561878E-03,3.128926356432E-03,
    3.520042150986E-03,3.91115794554E-03,4.302273740094E-03,
    4.693389534648E-03,5.084505329202E-03,5.475621123756E-03,
    5.86673691831E-03,6.257852712864E-03,6.648968507418E-03,
    7.040084301972E-03,7.431200096526E-03,7.82231589108E-03,
    8.213431685634E-03,8.604547480188E-03),.QUASI_UNIFORM_KNOTS.);
#2590 = CARTESIAN_POINT('',(5.515240436302,34.260686144921));
#2591 = CARTESIAN_POINT('',(5.526566014916,34.199403605654));
#2592 = CARTESIAN_POINT('',(5.549156001247,34.077165393623));
#2593 = CARTESIAN_POINT('',(5.582928963515,33.895061592633));
#2594 = CARTESIAN_POINT('',(5.616660944935,33.714486048981));
#2595 = CARTESIAN_POINT('',(5.650424588657,33.535707123394));
#2596 = CARTESIAN_POINT('',(5.684290592725,33.359016872081));
#2597 = CARTESIAN_POINT('',(5.71833604616,33.184618948883));
#2598 = CARTESIAN_POINT('',(5.752603971642,33.013133653124));
#2599 = CARTESIAN_POINT('',(5.787106901608,32.845597928823));
#2600 = CARTESIAN_POINT('',(5.821867421618,32.68296032002));
#2601 = CARTESIAN_POINT('',(5.856909149214,32.526193057459));
#2602 = CARTESIAN_POINT('',(5.892259036051,32.37626202505));
#2603 = CARTESIAN_POINT('',(5.927946820766,32.234134807332));
#2604 = CARTESIAN_POINT('',(5.963956750623,32.100806150603));
#2605 = CARTESIAN_POINT('',(6.000273614704,31.97727092326));
#2606 = CARTESIAN_POINT('',(6.036883369863,31.864523960982));
#2607 = CARTESIAN_POINT('',(6.073773491089,31.763560108218));
#2608 = CARTESIAN_POINT('',(6.110933391919,31.675374207064));
#2609 = CARTESIAN_POINT('',(6.148354829806,31.600961100247));
#2610 = CARTESIAN_POINT('',(6.186032258298,31.541315630328));
#2611 = CARTESIAN_POINT('',(6.223963332642,31.497432639908));
#2612 = CARTESIAN_POINT('',(6.262148751999,31.470306971581));
#2613 = CARTESIAN_POINT('',(6.287779233017,31.464057969154));
#2614 = CARTESIAN_POINT('',(6.3006385997,31.464057969154));
#2615 = ( GEOMETRIC_REPRESENTATION_CONTEXT(2) 
PARAMETRIC_REPRESENTATION_CONTEXT() REPRESENTATION_CONTEXT('2D SPACE',''
  ) );
#2616 = ORIENTED_EDGE('',*,*,#2617,.F.);
#2617 = EDGE_CURVE('',#2141,#2548,#2618,.T.);
#2618 = SURFACE_CURVE('',#2619,(#2624,#2630),.PCURVE_S1.);
#2619 = ELLIPSE('',#2620,26.870057685089,19.);
#2620 = AXIS2_PLACEMENT_3D('',#2621,#2622,#2623);
#2621 = CARTESIAN_POINT('',(-78.05014329369,3.314340112454E-17,
    32.478521052462));
#2622 = DIRECTION('',(0.694658370459,0.,-0.719339800339));
#2623 = DIRECTION('',(0.719339800339,-1.511301705025E-18,0.694658370459)
  );
#2624 = PCURVE('',#2150,#2625);
#2625 = DEFINITIONAL_REPRESENTATION('',(#2626),#2629);
#2626 = B_SPLINE_CURVE_WITH_KNOTS('',1,(#2627,#2628),.UNSPECIFIED.,.F.,
  .F.,(2,2),(5.305138121133,5.350724369018),.PIECEWISE_BEZIER_KNOTS.);
#2627 = CARTESIAN_POINT('',(2.163545467543,2.84217094304E-14));
#2628 = CARTESIAN_POINT('',(2.209131715428,0.707106781187));
#2629 = ( GEOMETRIC_REPRESENTATION_CONTEXT(2) 
PARAMETRIC_REPRESENTATION_CONTEXT() REPRESENTATION_CONTEXT('2D SPACE',''
  ) );
#2630 = PCURVE('',#2436,#2631);
#2631 = DEFINITIONAL_REPRESENTATION('',(#2632),#2640);
#2632 = ( BOUNDED_CURVE() B_SPLINE_CURVE(2,(#2633,#2634,#2635,#2636,
#2637,#2638,#2639),.UNSPECIFIED.,.T.,.F.) B_SPLINE_CURVE_WITH_KNOTS((1,2
    ,2,2,2,1),(-2.094395102393,0.,2.094395102393,4.188790204786,
6.28318530718,8.377580409573),.UNSPECIFIED.) CURVE() 
GEOMETRIC_REPRESENTATION_ITEM() RATIONAL_B_SPLINE_CURVE((1.,0.5,1.,0.5,
1.,0.5,1.)) REPRESENTATION_ITEM('') );
#2633 = CARTESIAN_POINT('',(11.359280244202,19.002));
#2634 = CARTESIAN_POINT('',(11.359280244202,-13.9069653438));
#2635 = CARTESIAN_POINT('',(-28.94580628343,2.547517328096));
#2636 = CARTESIAN_POINT('',(-69.25089281106,19.002));
#2637 = CARTESIAN_POINT('',(-28.94580628343,35.456482671904));
#2638 = CARTESIAN_POINT('',(11.359280244202,51.910965343809));
#2639 = CARTESIAN_POINT('',(11.359280244202,19.002));
#2640 = ( GEOMETRIC_REPRESENTATION_CONTEXT(2) 
PARAMETRIC_REPRESENTATION_CONTEXT() REPRESENTATION_CONTEXT('2D SPACE',''
  ) );
#2641 = ADVANCED_FACE('',(#2642),#2657,.F.);
#2642 = FACE_BOUND('',#2643,.F.);
#2643 = EDGE_LOOP('',(#2644,#2675,#2698,#2768,#2792,#2861));
#2644 = ORIENTED_EDGE('',*,*,#2645,.F.);
#2645 = EDGE_CURVE('',#2646,#2648,#2650,.T.);
#2646 = VERTEX_POINT('',#2647);
#2647 = CARTESIAN_POINT('',(-67.35566153598,-18.41170747964,
    36.98394082291));
#2648 = VERTEX_POINT('',#2649);
#2649 = CARTESIAN_POINT('',(-67.27323972435,-16.50381337883,
    41.705883248871));
#2650 = SURFACE_CURVE('',#2651,(#2656,#2668),.PCURVE_S1.);
#2651 = CIRCLE('',#2652,19.);
#2652 = AXIS2_PLACEMENT_3D('',#2653,#2654,#2655);
#2653 = CARTESIAN_POINT('',(-67.43753737186,-2.180049435445E-17,
    32.293277327039));
#2654 = DIRECTION('',(-0.999847695156,-1.068651684042E-18,
    1.745240643728E-02));
#2655 = DIRECTION('',(1.745240643728E-02,0.,0.999847695156));
#2656 = PCURVE('',#2657,#2662);
#2657 = CYLINDRICAL_SURFACE('',#2658,19.);
#2658 = AXIS2_PLACEMENT_3D('',#2659,#2660,#2661);
#2659 = CARTESIAN_POINT('',(-67.43753737186,-2.180049435445E-17,
    32.293277327039));
#2660 = DIRECTION('',(0.999847695156,1.068651684042E-18,
    -1.745240643728E-02));
#2661 = DIRECTION('',(-1.745240643728E-02,0.,-0.999847695156));
#2662 = DEFINITIONAL_REPRESENTATION('',(#2663),#2667);
#2663 = LINE('',#2664,#2665);
#2664 = CARTESIAN_POINT('',(9.424777960769,2.764492209872E-13));
#2665 = VECTOR('',#2666,1.);
#2666 = DIRECTION('',(-1.,-5.285056382055E-14));
#2667 = ( GEOMETRIC_REPRESENTATION_CONTEXT(2) 
PARAMETRIC_REPRESENTATION_CONTEXT() REPRESENTATION_CONTEXT('2D SPACE',''
  ) );
#2668 = PCURVE('',#126,#2669);
#2669 = DEFINITIONAL_REPRESENTATION('',(#2670),#2674);
#2670 = CIRCLE('',#2671,19.);
#2671 = AXIS2_PLACEMENT_2D('',#2672,#2673);
#2672 = CARTESIAN_POINT('',(-5.085805451074E-17,5.479290705941));
#2673 = DIRECTION('',(-7.824090399073E-35,1.));
#2674 = ( GEOMETRIC_REPRESENTATION_CONTEXT(2) 
PARAMETRIC_REPRESENTATION_CONTEXT() REPRESENTATION_CONTEXT('2D SPACE',''
  ) );
#2675 = ORIENTED_EDGE('',*,*,#2676,.T.);
#2676 = EDGE_CURVE('',#2646,#2677,#2679,.T.);
#2677 = VERTEX_POINT('',#2678);
#2678 = CARTESIAN_POINT('',(-66.63632173564,-18.21692514944,
    37.678599193369));
#2679 = SURFACE_CURVE('',#2680,(#2685,#2691),.PCURVE_S1.);
#2680 = ELLIPSE('',#2681,26.870057685089,19.);
#2681 = AXIS2_PLACEMENT_3D('',#2682,#2683,#2684);
#2682 = CARTESIAN_POINT('',(-72.12820086773,-2.681394337116E-17,
    32.375153162915));
#2683 = DIRECTION('',(-0.694658370459,0.,0.719339800339));
#2684 = DIRECTION('',(0.719339800339,1.511301705025E-18,0.694658370459)
  );
#2685 = PCURVE('',#2657,#2686);
#2686 = DEFINITIONAL_REPRESENTATION('',(#2687),#2690);
#2687 = B_SPLINE_CURVE_WITH_KNOTS('',1,(#2688,#2689),.UNSPECIFIED.,.F.,
  .F.,(2,2),(4.961883985996,5.000488700946),.PIECEWISE_BEZIER_KNOTS.);
#2688 = CARTESIAN_POINT('',(4.462893974773,2.84217094304E-14));
#2689 = CARTESIAN_POINT('',(4.424289259824,0.707106781187));
#2690 = ( GEOMETRIC_REPRESENTATION_CONTEXT(2) 
PARAMETRIC_REPRESENTATION_CONTEXT() REPRESENTATION_CONTEXT('2D SPACE',''
  ) );
#2691 = PCURVE('',#2119,#2692);
#2692 = DEFINITIONAL_REPRESENTATION('',(#2693),#2697);
#2693 = ELLIPSE('',#2694,26.870057685089,19.);
#2694 = AXIS2_PLACEMENT_2D('',#2695,#2696);
#2695 = CARTESIAN_POINT('',(-7.134610415692,19.002));
#2696 = DIRECTION('',(1.,1.511301705025E-18));
#2697 = ( GEOMETRIC_REPRESENTATION_CONTEXT(2) 
PARAMETRIC_REPRESENTATION_CONTEXT() REPRESENTATION_CONTEXT('2D SPACE',''
  ) );
#2698 = ORIENTED_EDGE('',*,*,#2699,.T.);
#2699 = EDGE_CURVE('',#2677,#2700,#2702,.T.);
#2700 = VERTEX_POINT('',#2701);
#2701 = CARTESIAN_POINT('',(-59.29181876375,-17.03277388496,
    40.571675852183));
#2702 = SURFACE_CURVE('',#2703,(#2710,#2739),.PCURVE_S1.);
#2703 = B_SPLINE_CURVE_WITH_KNOTS('',3,(#2704,#2705,#2706,#2707,#2708,
    #2709),.UNSPECIFIED.,.F.,.F.,(4,1,1,4),(0.,2.039990874016E-03,
    4.079981748032E-03,8.159963496065E-03),.UNSPECIFIED.);
#2704 = CARTESIAN_POINT('',(-66.63632173564,-18.21692514944,
    37.678599193369));
#2705 = CARTESIAN_POINT('',(-66.15101031128,-18.07555157596,
    38.147258988161));
#2706 = CARTESIAN_POINT('',(-65.11021763657,-17.78578086374,
    38.972815583904));
#2707 = CARTESIAN_POINT('',(-62.70366899819,-17.24908211861,
    40.217036401156));
#2708 = CARTESIAN_POINT('',(-60.67239133812,-17.03277388496,
    40.595773836107));
#2709 = CARTESIAN_POINT('',(-59.29181876375,-17.03277388496,
    40.571675852183));
#2710 = PCURVE('',#2657,#2711);
#2711 = DEFINITIONAL_REPRESENTATION('',(#2712),#2738);
#2712 = B_SPLINE_CURVE_WITH_KNOTS('',3,(#2713,#2714,#2715,#2716,#2717,
    #2718,#2719,#2720,#2721,#2722,#2723,#2724,#2725,#2726,#2727,#2728,
    #2729,#2730,#2731,#2732,#2733,#2734,#2735,#2736,#2737),
  .UNSPECIFIED.,.F.,.F.,(4,1,1,1,1,1,1,1,1,1,1,1,1,1,1,1,1,1,1,1,1,1,4),
  (0.,3.709074316393E-04,7.418148632786E-04,1.112722294918E-03,
    1.483629726557E-03,1.854537158197E-03,2.225444589836E-03,
    2.596352021475E-03,2.967259453114E-03,3.338166884754E-03,
    3.709074316393E-03,4.079981748032E-03,4.450889179672E-03,
    4.821796611311E-03,5.19270404295E-03,5.56361147459E-03,
    5.934518906229E-03,6.305426337868E-03,6.676333769507E-03,
    7.047241201147E-03,7.418148632786E-03,7.789056064425E-03,
    8.159963496065E-03),.QUASI_UNIFORM_KNOTS.);
#2713 = CARTESIAN_POINT('',(4.424289259824,0.707106781187));
#2714 = CARTESIAN_POINT('',(4.419527907138,0.79384464807));
#2715 = CARTESIAN_POINT('',(4.410185964248,0.969704118106));
#2716 = CARTESIAN_POINT('',(4.396708768496,1.240841460215));
#2717 = CARTESIAN_POINT('',(4.383760632585,1.519521904137));
#2718 = CARTESIAN_POINT('',(4.371335212338,1.805947286871));
#2719 = CARTESIAN_POINT('',(4.359427716968,2.100293919936));
#2720 = CARTESIAN_POINT('',(4.348029645708,2.402833344535));
#2721 = CARTESIAN_POINT('',(4.337152777952,2.713388278854));
#2722 = CARTESIAN_POINT('',(4.32682918204,3.031332618924));
#2723 = CARTESIAN_POINT('',(4.317087171525,3.356135487883));
#2724 = CARTESIAN_POINT('',(4.307956590732,3.687240492841));
#2725 = CARTESIAN_POINT('',(4.299467343356,4.024098077907));
#2726 = CARTESIAN_POINT('',(4.291649758913,4.366156855221));
#2727 = CARTESIAN_POINT('',(4.284516185035,4.713084779349));
#2728 = CARTESIAN_POINT('',(4.278079022602,5.064549673327));
#2729 = CARTESIAN_POINT('',(4.272350766475,5.420219395433));
#2730 = CARTESIAN_POINT('',(4.2673440206,5.779761794504));
#2731 = CARTESIAN_POINT('',(4.263071511749,6.142844721905));
#2732 = CARTESIAN_POINT('',(4.259546093911,6.509136028323));
#2733 = CARTESIAN_POINT('',(4.256780743933,6.87830356463));
#2734 = CARTESIAN_POINT('',(4.254788546362,7.250015181645));
#2735 = CARTESIAN_POINT('',(4.253582666836,7.623938730202));
#2736 = CARTESIAN_POINT('',(4.253311762275,7.874474284156));
#2737 = CARTESIAN_POINT('',(4.253311762692,8.));
#2738 = ( GEOMETRIC_REPRESENTATION_CONTEXT(2) 
PARAMETRIC_REPRESENTATION_CONTEXT() REPRESENTATION_CONTEXT('2D SPACE',''
  ) );
#2739 = PCURVE('',#2071,#2740);
#2740 = DEFINITIONAL_REPRESENTATION('',(#2741),#2767);
#2741 = B_SPLINE_CURVE_WITH_KNOTS('',3,(#2742,#2743,#2744,#2745,#2746,
    #2747,#2748,#2749,#2750,#2751,#2752,#2753,#2754,#2755,#2756,#2757,
    #2758,#2759,#2760,#2761,#2762,#2763,#2764,#2765,#2766),
  .UNSPECIFIED.,.F.,.F.,(4,1,1,1,1,1,1,1,1,1,1,1,1,1,1,1,1,1,1,1,1,1,4),
  (0.,3.709074316393E-04,7.418148632786E-04,1.112722294918E-03,
    1.483629726557E-03,1.854537158197E-03,2.225444589836E-03,
    2.596352021475E-03,2.967259453114E-03,3.338166884754E-03,
    3.709074316393E-03,4.079981748032E-03,4.450889179672E-03,
    4.821796611311E-03,5.19270404295E-03,5.56361147459E-03,
    5.934518906229E-03,6.305426337868E-03,6.676333769507E-03,
    7.047241201147E-03,7.418148632786E-03,7.789056064425E-03,
    8.159963496065E-03),.QUASI_UNIFORM_KNOTS.);
#2742 = CARTESIAN_POINT('',(5.515240436302,0.78507485056));
#2743 = CARTESIAN_POINT('',(5.52713402236,0.810779136647));
#2744 = CARTESIAN_POINT('',(5.550833701399,0.862419875775));
#2745 = CARTESIAN_POINT('',(5.586191407804,0.940257862683));
#2746 = CARTESIAN_POINT('',(5.621427379733,1.018152492387));
#2747 = CARTESIAN_POINT('',(5.656613757767,1.095785674181));
#2748 = CARTESIAN_POINT('',(5.691819519022,1.172831351273));
#2749 = CARTESIAN_POINT('',(5.727124789058,1.2489931865));
#2750 = CARTESIAN_POINT('',(5.7625535155,1.323834772367));
#2751 = CARTESIAN_POINT('',(5.798074156326,1.396779631313));
#2752 = CARTESIAN_POINT('',(5.833666952434,1.467281004604));
#2753 = CARTESIAN_POINT('',(5.869309611441,1.534784170369));
#2754 = CARTESIAN_POINT('',(5.904981724244,1.598736540451));
#2755 = CARTESIAN_POINT('',(5.940664372851,1.65858495497));
#2756 = CARTESIAN_POINT('',(5.976368774004,1.714052468536));
#2757 = CARTESIAN_POINT('',(6.012106040922,1.764862094714));
#2758 = CARTESIAN_POINT('',(6.047887469615,1.810736858066));
#2759 = CARTESIAN_POINT('',(6.083724581216,1.851399780208));
#2760 = CARTESIAN_POINT('',(6.119629225901,1.886573883546));
#2761 = CARTESIAN_POINT('',(6.155613668096,1.915982190272));
#2762 = CARTESIAN_POINT('',(6.191690663166,1.939347722638));
#2763 = CARTESIAN_POINT('',(6.227873559511,1.956393502877));
#2764 = CARTESIAN_POINT('',(6.264176274221,1.966842553231));
#2765 = CARTESIAN_POINT('',(6.288467897731,1.969226115034));
#2766 = CARTESIAN_POINT('',(6.3006385997,1.969226115034));
#2767 = ( GEOMETRIC_REPRESENTATION_CONTEXT(2) 
PARAMETRIC_REPRESENTATION_CONTEXT() REPRESENTATION_CONTEXT('2D SPACE',''
  ) );
#2768 = ORIENTED_EDGE('',*,*,#2769,.T.);
#2769 = EDGE_CURVE('',#2700,#2770,#2772,.T.);
#2770 = VERTEX_POINT('',#2771);
#2771 = CARTESIAN_POINT('',(-59.20326198793,-13.37631501909,
    45.64509014072));
#2772 = SURFACE_CURVE('',#2773,(#2778,#2785),.PCURVE_S1.);
#2773 = CIRCLE('',#2774,19.);
#2774 = AXIS2_PLACEMENT_3D('',#2775,#2776,#2777);
#2775 = CARTESIAN_POINT('',(-59.43875581061,-1.325128088212E-17,
    32.15365807554));
#2776 = DIRECTION('',(-0.999847695156,-1.068651684042E-18,
    1.745240643728E-02));
#2777 = DIRECTION('',(1.745240643728E-02,0.,0.999847695156));
#2778 = PCURVE('',#2657,#2779);
#2779 = DEFINITIONAL_REPRESENTATION('',(#2780),#2784);
#2780 = LINE('',#2781,#2782);
#2781 = CARTESIAN_POINT('',(9.424777960769,8.));
#2782 = VECTOR('',#2783,1.);
#2783 = DIRECTION('',(-1.,0.));
#2784 = ( GEOMETRIC_REPRESENTATION_CONTEXT(2) 
PARAMETRIC_REPRESENTATION_CONTEXT() REPRESENTATION_CONTEXT('2D SPACE',''
  ) );
#2785 = PCURVE('',#227,#2786);
#2786 = DEFINITIONAL_REPRESENTATION('',(#2787),#2791);
#2787 = CIRCLE('',#2788,19.);
#2788 = AXIS2_PLACEMENT_2D('',#2789,#2790);
#2789 = CARTESIAN_POINT('',(-5.085805451074E-17,5.479290705941));
#2790 = DIRECTION('',(-7.824090399073E-35,1.));
#2791 = ( GEOMETRIC_REPRESENTATION_CONTEXT(2) 
PARAMETRIC_REPRESENTATION_CONTEXT() REPRESENTATION_CONTEXT('2D SPACE',''
  ) );
#2792 = ORIENTED_EDGE('',*,*,#2793,.F.);
#2793 = EDGE_CURVE('',#2794,#2770,#2796,.T.);
#2794 = VERTEX_POINT('',#2795);
#2795 = CARTESIAN_POINT('',(-65.94342688505,-15.68614222211,
    42.990068580373));
#2796 = SURFACE_CURVE('',#2797,(#2803,#2832),.PCURVE_S1.);
#2797 = B_SPLINE_CURVE_WITH_KNOTS('',3,(#2798,#2799,#2800,#2801,#2802),
  .UNSPECIFIED.,.F.,.F.,(4,1,4),(0.,3.903202975812E-03,
    7.806405951623E-03),.QUASI_UNIFORM_KNOTS.);
#2798 = CARTESIAN_POINT('',(-65.94342688505,-15.68614222211,
    42.990068580373));
#2799 = CARTESIAN_POINT('',(-65.09075060637,-15.11326193544,
    43.813488491239));
#2800 = CARTESIAN_POINT('',(-63.1025365948,-13.97656652784,
    45.140231749146));
#2801 = CARTESIAN_POINT('',(-60.52577934038,-13.37631501909,
    45.668174766976));
#2802 = CARTESIAN_POINT('',(-59.20326198793,-13.37631501909,
    45.64509014072));
#2803 = PCURVE('',#2657,#2804);
#2804 = DEFINITIONAL_REPRESENTATION('',(#2805),#2831);
#2805 = B_SPLINE_CURVE_WITH_KNOTS('',3,(#2806,#2807,#2808,#2809,#2810,
    #2811,#2812,#2813,#2814,#2815,#2816,#2817,#2818,#2819,#2820,#2821,
    #2822,#2823,#2824,#2825,#2826,#2827,#2828,#2829,#2830),
  .UNSPECIFIED.,.F.,.F.,(4,1,1,1,1,1,1,1,1,1,1,1,1,1,1,1,1,1,1,1,1,1,4),
  (0.,3.548366341647E-04,7.096732683294E-04,1.064509902494E-03,
    1.419346536659E-03,1.774183170824E-03,2.129019804988E-03,
    2.483856439153E-03,2.838693073318E-03,3.193529707482E-03,
    3.548366341647E-03,3.903202975812E-03,4.258039609976E-03,
    4.612876244141E-03,4.967712878306E-03,5.322549512471E-03,
    5.677386146635E-03,6.0322227808E-03,6.387059414965E-03,
    6.741896049129E-03,7.096732683294E-03,7.451569317459E-03,
    7.806405951623E-03),.QUASI_UNIFORM_KNOTS.);
#2806 = CARTESIAN_POINT('',(4.112833331162,1.307198178013));
#2807 = CARTESIAN_POINT('',(4.10797573704,1.38339597374));
#2808 = CARTESIAN_POINT('',(4.098375716811,1.538175076173));
#2809 = CARTESIAN_POINT('',(4.084343867648,1.777523096267));
#2810 = CARTESIAN_POINT('',(4.070702625455,2.024079316316));
#2811 = CARTESIAN_POINT('',(4.057475295739,2.27787256983));
#2812 = CARTESIAN_POINT('',(4.044685688746,2.538931690319));
#2813 = CARTESIAN_POINT('',(4.032358153083,2.807285511293));
#2814 = CARTESIAN_POINT('',(4.020517505394,3.082962866262));
#2815 = CARTESIAN_POINT('',(4.009188993799,3.365992588736));
#2816 = CARTESIAN_POINT('',(3.998398258235,3.656403512225));
#2817 = CARTESIAN_POINT('',(3.988171298065,3.95422447024));
#2818 = CARTESIAN_POINT('',(3.978534441955,4.25948429629));
#2819 = CARTESIAN_POINT('',(3.969514328146,4.572211823884));
#2820 = CARTESIAN_POINT('',(3.961152409067,4.891904624917));
#2821 = CARTESIAN_POINT('',(3.953490341761,5.218060271282));
#2822 = CARTESIAN_POINT('',(3.9465699808,5.55017633487));
#2823 = CARTESIAN_POINT('',(3.940433370944,5.887750387575));
#2824 = CARTESIAN_POINT('',(3.935122744569,6.230280001291));
#2825 = CARTESIAN_POINT('',(3.930680518506,6.577262747909));
#2826 = CARTESIAN_POINT('',(3.927149286578,6.928196199324));
#2827 = CARTESIAN_POINT('',(3.924571803108,7.282577927427));
#2828 = CARTESIAN_POINT('',(3.922990949816,7.639905504112));
#2829 = CARTESIAN_POINT('',(3.922630106988,7.879752835552));
#2830 = CARTESIAN_POINT('',(3.922630106554,8.));
#2831 = ( GEOMETRIC_REPRESENTATION_CONTEXT(2) 
PARAMETRIC_REPRESENTATION_CONTEXT() REPRESENTATION_CONTEXT('2D SPACE',''
  ) );
#2832 = PCURVE('',#1972,#2833);
#2833 = DEFINITIONAL_REPRESENTATION('',(#2834),#2860);
#2834 = B_SPLINE_CURVE_WITH_KNOTS('',3,(#2835,#2836,#2837,#2838,#2839,
    #2840,#2841,#2842,#2843,#2844,#2845,#2846,#2847,#2848,#2849,#2850,
    #2851,#2852,#2853,#2854,#2855,#2856,#2857,#2858,#2859),
  .UNSPECIFIED.,.F.,.F.,(4,1,1,1,1,1,1,1,1,1,1,1,1,1,1,1,1,1,1,1,1,1,4),
  (0.,3.548366341647E-04,7.096732683294E-04,1.064509902494E-03,
    1.419346536659E-03,1.774183170824E-03,2.129019804988E-03,
    2.483856439153E-03,2.838693073318E-03,3.193529707482E-03,
    3.548366341647E-03,3.903202975812E-03,4.258039609976E-03,
    4.612876244141E-03,4.967712878306E-03,5.322549512471E-03,
    5.677386146635E-03,6.0322227808E-03,6.387059414965E-03,
    6.741896049129E-03,7.096732683294E-03,7.451569317459E-03,
    7.806405951623E-03),.QUASI_UNIFORM_KNOTS.);
#2835 = CARTESIAN_POINT('',(5.515240436302,3.315857777885));
#2836 = CARTESIAN_POINT('',(5.526625664065,3.367937803947));
#2837 = CARTESIAN_POINT('',(5.549378901767,3.472022937344));
#2838 = CARTESIAN_POINT('',(5.583484529781,3.627341756282));
#2839 = CARTESIAN_POINT('',(5.617592491767,3.781267569081));
#2840 = CARTESIAN_POINT('',(5.651732368687,3.933216250759));
#2841 = CARTESIAN_POINT('',(5.685935517353,4.082603676332));
#2842 = CARTESIAN_POINT('',(5.720235193709,4.22884572082));
#2843 = CARTESIAN_POINT('',(5.754666300629,4.371358259241));
#2844 = CARTESIAN_POINT('',(5.789265223171,4.509557166612));
#2845 = CARTESIAN_POINT('',(5.82406962296,4.642858317951));
#2846 = CARTESIAN_POINT('',(5.859118219778,4.770677588277));
#2847 = CARTESIAN_POINT('',(5.894450549711,4.892430852607));
#2848 = CARTESIAN_POINT('',(5.930106683703,5.00753398596));
#2849 = CARTESIAN_POINT('',(5.966066039145,5.115238612169));
#2850 = CARTESIAN_POINT('',(6.002308611501,5.214796355066));
#2851 = CARTESIAN_POINT('',(6.038815453736,5.305458838486));
#2852 = CARTESIAN_POINT('',(6.075569135046,5.386477686261));
#2853 = CARTESIAN_POINT('',(6.112554203041,5.457104522225));
#2854 = CARTESIAN_POINT('',(6.149757650514,5.516590970211));
#2855 = CARTESIAN_POINT('',(6.187169319604,5.564188654052));
#2856 = CARTESIAN_POINT('',(6.224782475464,5.599149197581));
#2857 = CARTESIAN_POINT('',(6.262593657068,5.620724224632));
#2858 = CARTESIAN_POINT('',(6.287934630161,5.625684980903));
#2859 = CARTESIAN_POINT('',(6.3006385997,5.625684980903));
#2860 = ( GEOMETRIC_REPRESENTATION_CONTEXT(2) 
PARAMETRIC_REPRESENTATION_CONTEXT() REPRESENTATION_CONTEXT('2D SPACE',''
  ) );
#2861 = ORIENTED_EDGE('',*,*,#2862,.F.);
#2862 = EDGE_CURVE('',#2648,#2794,#2863,.T.);
#2863 = SURFACE_CURVE('',#2864,(#2869,#2875),.PCURVE_S1.);
#2864 = ELLIPSE('',#2865,26.870057685089,19.);
#2865 = AXIS2_PLACEMENT_3D('',#2866,#2867,#2868);
#2866 = CARTESIAN_POINT('',(-76.85014329369,-3.186082376094E-17,
    32.457574974548));
#2867 = DIRECTION('',(-0.694658370459,0.,0.719339800339));
#2868 = DIRECTION('',(0.719339800339,1.511301705025E-18,0.694658370459)
  );
#2869 = PCURVE('',#2657,#2870);
#2870 = DEFINITIONAL_REPRESENTATION('',(#2871),#2874);
#2871 = B_SPLINE_CURVE_WITH_KNOTS('',1,(#2872,#2873),.UNSPECIFIED.,.F.,
  .F.,(2,2),(5.230771462078,5.311944629608),.PIECEWISE_BEZIER_KNOTS.);
#2872 = CARTESIAN_POINT('',(4.194006498692,-1.42108547152E-14));
#2873 = CARTESIAN_POINT('',(4.112833331162,1.307198178013));
#2874 = ( GEOMETRIC_REPRESENTATION_CONTEXT(2) 
PARAMETRIC_REPRESENTATION_CONTEXT() REPRESENTATION_CONTEXT('2D SPACE',''
  ) );
#2875 = PCURVE('',#1916,#2876);
#2876 = DEFINITIONAL_REPRESENTATION('',(#2877),#2881);
#2877 = ELLIPSE('',#2878,26.870057685089,19.);
#2878 = AXIS2_PLACEMENT_2D('',#2879,#2880);
#2879 = CARTESIAN_POINT('',(-14.2377913528,19.002));
#2880 = DIRECTION('',(1.,1.511301705025E-18));
#2881 = ( GEOMETRIC_REPRESENTATION_CONTEXT(2) 
PARAMETRIC_REPRESENTATION_CONTEXT() REPRESENTATION_CONTEXT('2D SPACE',''
  ) );
#2882 = ADVANCED_FACE('',(#2883),#101,.F.);
#2883 = FACE_BOUND('',#2884,.F.);
#2884 = EDGE_LOOP('',(#2885,#2909,#2932,#3001,#3023,#3024));
#2885 = ORIENTED_EDGE('',*,*,#2886,.F.);
#2886 = EDGE_CURVE('',#2887,#85,#2889,.T.);
#2887 = VERTEX_POINT('',#2888);
#2888 = CARTESIAN_POINT('',(-67.45902942553,-18.9600498493,
    31.061998396949));
#2889 = SURFACE_CURVE('',#2890,(#2895,#2902),.PCURVE_S1.);
#2890 = CIRCLE('',#2891,19.);
#2891 = AXIS2_PLACEMENT_3D('',#2892,#2893,#2894);
#2892 = CARTESIAN_POINT('',(-67.43753737186,-2.180049435445E-17,
    32.293277327039));
#2893 = DIRECTION('',(-0.999847695156,-1.068651684042E-18,
    1.745240643728E-02));
#2894 = DIRECTION('',(1.745240643728E-02,0.,0.999847695156));
#2895 = PCURVE('',#101,#2896);
#2896 = DEFINITIONAL_REPRESENTATION('',(#2897),#2901);
#2897 = LINE('',#2898,#2899);
#2898 = CARTESIAN_POINT('',(9.424777960769,1.42108547152E-14));
#2899 = VECTOR('',#2900,1.);
#2900 = DIRECTION('',(-1.,0.));
#2901 = ( GEOMETRIC_REPRESENTATION_CONTEXT(2) 
PARAMETRIC_REPRESENTATION_CONTEXT() REPRESENTATION_CONTEXT('2D SPACE',''
  ) );
#2902 = PCURVE('',#126,#2903);
#2903 = DEFINITIONAL_REPRESENTATION('',(#2904),#2908);
#2904 = CIRCLE('',#2905,19.);
#2905 = AXIS2_PLACEMENT_2D('',#2906,#2907);
#2906 = CARTESIAN_POINT('',(-5.085805451074E-17,5.479290705941));
#2907 = DIRECTION('',(-7.824090399073E-35,1.));
#2908 = ( GEOMETRIC_REPRESENTATION_CONTEXT(2) 
PARAMETRIC_REPRESENTATION_CONTEXT() REPRESENTATION_CONTEXT('2D SPACE',''
  ) );
#2909 = ORIENTED_EDGE('',*,*,#2910,.T.);
#2910 = EDGE_CURVE('',#2887,#2911,#2913,.T.);
#2911 = VERTEX_POINT('',#2912);
#2912 = CARTESIAN_POINT('',(-66.73968962519,-18.99276301377,
    31.756656767408));
#2913 = SURFACE_CURVE('',#2914,(#2919,#2925),.PCURVE_S1.);
#2914 = ELLIPSE('',#2915,26.870057685089,19.);
#2915 = AXIS2_PLACEMENT_3D('',#2916,#2917,#2918);
#2916 = CARTESIAN_POINT('',(-66.20625844177,-2.048448561778E-17,
    32.271785273369));
#2917 = DIRECTION('',(-0.694658370459,-9.629649721936E-35,0.719339800339
    ));
#2918 = DIRECTION('',(0.719339800339,1.511301705025E-18,0.694658370459)
  );
#2919 = PCURVE('',#101,#2920);
#2920 = DEFINITIONAL_REPRESENTATION('',(#2921),#2924);
#2921 = B_SPLINE_CURVE_WITH_KNOTS('',1,(#2922,#2923),.UNSPECIFIED.,.F.,
  .F.,(2,2),(4.647529489595,4.684787596568),.PIECEWISE_BEZIER_KNOTS.);
#2922 = CARTESIAN_POINT('',(4.777248471175,4.263256414561E-14));
#2923 = CARTESIAN_POINT('',(4.739990364201,0.707106781187));
#2924 = ( GEOMETRIC_REPRESENTATION_CONTEXT(2) 
PARAMETRIC_REPRESENTATION_CONTEXT() REPRESENTATION_CONTEXT('2D SPACE',''
  ) );
#2925 = PCURVE('',#1850,#2926);
#2926 = DEFINITIONAL_REPRESENTATION('',(#2927),#2931);
#2927 = ELLIPSE('',#2928,26.870057685089,19.);
#2928 = AXIS2_PLACEMENT_2D('',#2929,#2930);
#2929 = CARTESIAN_POINT('',(1.241556609503,19.002));
#2930 = DIRECTION('',(1.,1.511301705025E-18));
#2931 = ( GEOMETRIC_REPRESENTATION_CONTEXT(2) 
PARAMETRIC_REPRESENTATION_CONTEXT() REPRESENTATION_CONTEXT('2D SPACE',''
  ) );
#2932 = ORIENTED_EDGE('',*,*,#2933,.T.);
#2933 = EDGE_CURVE('',#2911,#2934,#2936,.T.);
#2934 = VERTEX_POINT('',#2935);
#2935 = CARTESIAN_POINT('',(-59.3951866533,-18.83527832478,
    34.649733426222));
#2936 = SURFACE_CURVE('',#2937,(#2943,#2972),.PCURVE_S1.);
#2937 = B_SPLINE_CURVE_WITH_KNOTS('',3,(#2938,#2939,#2940,#2941,#2942),
  .UNSPECIFIED.,.F.,.F.,(4,1,4),(0.,4.026753002884E-03,
    8.053506005769E-03),.UNSPECIFIED.);
#2938 = CARTESIAN_POINT('',(-66.73968962519,-18.99276301377,
    31.756656767408));
#2939 = CARTESIAN_POINT('',(-65.76003586936,-19.01934972895,
    32.702697402611));
#2940 = CARTESIAN_POINT('',(-63.45581010397,-18.91836772399,
    34.177694162555));
#2941 = CARTESIAN_POINT('',(-60.75670060287,-18.83527832478,
    34.673498740613));
#2942 = CARTESIAN_POINT('',(-59.3951866533,-18.83527832478,
    34.649733426222));
#2943 = PCURVE('',#101,#2944);
#2944 = DEFINITIONAL_REPRESENTATION('',(#2945),#2971);
#2945 = B_SPLINE_CURVE_WITH_KNOTS('',3,(#2946,#2947,#2948,#2949,#2950,
    #2951,#2952,#2953,#2954,#2955,#2956,#2957,#2958,#2959,#2960,#2961,
    #2962,#2963,#2964,#2965,#2966,#2967,#2968,#2969,#2970),
  .UNSPECIFIED.,.F.,.F.,(4,1,1,1,1,1,1,1,1,1,1,1,1,1,1,1,1,1,1,1,1,1,4),
  (0.,3.660684548077E-04,7.321369096153E-04,1.098205364423E-03,
    1.464273819231E-03,1.830342274038E-03,2.196410728846E-03,
    2.562479183654E-03,2.928547638461E-03,3.294616093269E-03,
    3.660684548077E-03,4.026753002884E-03,4.392821457692E-03,
    4.7588899125E-03,5.124958367307E-03,5.491026822115E-03,
    5.857095276923E-03,6.22316373173E-03,6.589232186538E-03,
    6.955300641346E-03,7.321369096153E-03,7.687437550961E-03,
    8.053506005769E-03),.QUASI_UNIFORM_KNOTS.);
#2946 = CARTESIAN_POINT('',(4.739990364201,0.707106781187));
#2947 = CARTESIAN_POINT('',(4.735381019594,0.794651677927));
#2948 = CARTESIAN_POINT('',(4.726342745426,0.97265175942));
#2949 = CARTESIAN_POINT('',(4.713333222162,1.248053245116));
#2950 = CARTESIAN_POINT('',(4.700878054752,1.531526593692));
#2951 = CARTESIAN_POINT('',(4.688984323518,1.82274230457));
#2952 = CARTESIAN_POINT('',(4.677659506384,2.121370877173));
#2953 = CARTESIAN_POINT('',(4.666911529519,2.427082810922));
#2954 = CARTESIAN_POINT('',(4.656748743502,2.739548605241));
#2955 = CARTESIAN_POINT('',(4.647179916037,3.058438759551));
#2956 = CARTESIAN_POINT('',(4.638214215729,3.383423773274));
#2957 = CARTESIAN_POINT('',(4.629861195953,3.714174145835));
#2958 = CARTESIAN_POINT('',(4.622130765986,4.050360376654));
#2959 = CARTESIAN_POINT('',(4.615033189003,4.391652965154));
#2960 = CARTESIAN_POINT('',(4.608575771236,4.737662972572));
#2961 = CARTESIAN_POINT('',(4.602765824563,5.088001460146));
#2962 = CARTESIAN_POINT('',(4.597610718838,5.442279489112));
#2963 = CARTESIAN_POINT('',(4.593117893777,5.800108120708));
#2964 = CARTESIAN_POINT('',(4.589294873704,6.161098416171));
#2965 = CARTESIAN_POINT('',(4.586149272776,6.524861436737));
#2966 = CARTESIAN_POINT('',(4.583688793213,6.891008243645));
#2967 = CARTESIAN_POINT('',(4.581921214917,7.259149898131));
#2968 = CARTESIAN_POINT('',(4.580854376339,7.628897461432));
#2969 = CARTESIAN_POINT('',(4.580615555046,7.876207150334));
#2970 = CARTESIAN_POINT('',(4.580615555305,8.));
#2971 = ( GEOMETRIC_REPRESENTATION_CONTEXT(2) 
PARAMETRIC_REPRESENTATION_CONTEXT() REPRESENTATION_CONTEXT('2D SPACE',''
  ) );
#2972 = PCURVE('',#536,#2973);
#2973 = DEFINITIONAL_REPRESENTATION('',(#2974),#3000);
#2974 = B_SPLINE_CURVE_WITH_KNOTS('',3,(#2975,#2976,#2977,#2978,#2979,
    #2980,#2981,#2982,#2983,#2984,#2985,#2986,#2987,#2988,#2989,#2990,
    #2991,#2992,#2993,#2994,#2995,#2996,#2997,#2998,#2999),
  .UNSPECIFIED.,.F.,.F.,(4,1,1,1,1,1,1,1,1,1,1,1,1,1,1,1,1,1,1,1,1,1,4),
  (0.,3.660684548077E-04,7.321369096153E-04,1.098205364423E-03,
    1.464273819231E-03,1.830342274038E-03,2.196410728846E-03,
    2.562479183654E-03,2.928547638461E-03,3.294616093269E-03,
    3.660684548077E-03,4.026753002884E-03,4.392821457692E-03,
    4.7588899125E-03,5.124958367307E-03,5.491026822115E-03,
    5.857095276923E-03,6.22316373173E-03,6.589232186538E-03,
    6.955300641346E-03,7.321369096153E-03,7.687437550961E-03,
    8.053506005769E-03),.QUASI_UNIFORM_KNOTS.);
#2975 = CARTESIAN_POINT('',(5.515240436302,9.236986224103E-03));
#2976 = CARTESIAN_POINT('',(5.527244515779,6.820012117202E-03));
#2977 = CARTESIAN_POINT('',(5.551219550653,3.260075765453E-03));
#2978 = CARTESIAN_POINT('',(5.5870941134,1.374584574138E-03));
#2979 = CARTESIAN_POINT('',(5.622892323992,2.575884469274E-03));
#2980 = CARTESIAN_POINT('',(5.658624928265,6.496353201018E-03));
#2981 = CARTESIAN_POINT('',(5.694302208452,1.276836851951E-02));
#2982 = CARTESIAN_POINT('',(5.729933995779,2.102430817493E-02));
#2983 = CARTESIAN_POINT('',(5.765529799511,3.08965499174E-02));
#2984 = CARTESIAN_POINT('',(5.801098909327,4.201747149708E-02));
#2985 = CARTESIAN_POINT('',(5.836650506255,5.401945066412E-02));
#2986 = CARTESIAN_POINT('',(5.872193779173,6.653486516868E-02));
#2987 = CARTESIAN_POINT('',(5.907738018461,7.91960927609E-02));
#2988 = CARTESIAN_POINT('',(5.943292798441,9.163551119093E-02));
#2989 = CARTESIAN_POINT('',(5.978863826546,0.103686006042));
#2990 = CARTESIAN_POINT('',(6.014456411153,0.115180462897));
#2991 = CARTESIAN_POINT('',(6.050075693667,0.125951767338));
#2992 = CARTESIAN_POINT('',(6.085726789888,0.13583280495));
#2993 = CARTESIAN_POINT('',(6.12141495479,0.144656461314));
#2994 = CARTESIAN_POINT('',(6.157145742495,0.152255622015));
#2995 = CARTESIAN_POINT('',(6.192925154049,0.158463172634));
#2996 = CARTESIAN_POINT('',(6.228759824655,0.163111998755));
#2997 = CARTESIAN_POINT('',(6.264657044976,0.166034985962));
#2998 = CARTESIAN_POINT('',(6.288635935217,0.166721675211));
#2999 = CARTESIAN_POINT('',(6.3006385997,0.166721675211));
#3000 = ( GEOMETRIC_REPRESENTATION_CONTEXT(2) 
PARAMETRIC_REPRESENTATION_CONTEXT() REPRESENTATION_CONTEXT('2D SPACE',''
  ) );
#3001 = ORIENTED_EDGE('',*,*,#3002,.T.);
#3002 = EDGE_CURVE('',#2934,#143,#3003,.T.);
#3003 = SURFACE_CURVE('',#3004,(#3009,#3016),.PCURVE_S1.);
#3004 = CIRCLE('',#3005,19.);
#3005 = AXIS2_PLACEMENT_3D('',#3006,#3007,#3008);
#3006 = CARTESIAN_POINT('',(-59.43875581061,-1.325128088212E-17,
    32.15365807554));
#3007 = DIRECTION('',(-0.999847695156,-1.068651684042E-18,
    1.745240643728E-02));
#3008 = DIRECTION('',(1.745240643728E-02,0.,0.999847695156));
#3009 = PCURVE('',#101,#3010);
#3010 = DEFINITIONAL_REPRESENTATION('',(#3011),#3015);
#3011 = LINE('',#3012,#3013);
#3012 = CARTESIAN_POINT('',(9.424777960769,8.));
#3013 = VECTOR('',#3014,1.);
#3014 = DIRECTION('',(-1.,0.));
#3015 = ( GEOMETRIC_REPRESENTATION_CONTEXT(2) 
PARAMETRIC_REPRESENTATION_CONTEXT() REPRESENTATION_CONTEXT('2D SPACE',''
  ) );
#3016 = PCURVE('',#227,#3017);
#3017 = DEFINITIONAL_REPRESENTATION('',(#3018),#3022);
#3018 = CIRCLE('',#3019,19.);
#3019 = AXIS2_PLACEMENT_2D('',#3020,#3021);
#3020 = CARTESIAN_POINT('',(-5.085805451074E-17,5.479290705941));
#3021 = DIRECTION('',(-7.824090399073E-35,1.));
#3022 = ( GEOMETRIC_REPRESENTATION_CONTEXT(2) 
PARAMETRIC_REPRESENTATION_CONTEXT() REPRESENTATION_CONTEXT('2D SPACE',''
  ) );
#3023 = ORIENTED_EDGE('',*,*,#142,.F.);
#3024 = ORIENTED_EDGE('',*,*,#84,.F.);
#3025 = ADVANCED_FACE('',(#3026),#3041,.F.);
#3026 = FACE_BOUND('',#3027,.F.);
#3027 = EDGE_LOOP('',(#3028,#3059,#3082,#3151,#3175,#3244));
#3028 = ORIENTED_EDGE('',*,*,#3029,.F.);
#3029 = EDGE_CURVE('',#3030,#3032,#3034,.T.);
#3030 = VERTEX_POINT('',#3031);
#3031 = CARTESIAN_POINT('',(-67.56239731507,-17.60158612812,
    25.140055970989));
#3032 = VERTEX_POINT('',#3033);
#3033 = CARTESIAN_POINT('',(-67.47997550344,-18.84375444992,
    29.861998396949));
#3034 = SURFACE_CURVE('',#3035,(#3040,#3052),.PCURVE_S1.);
#3035 = CIRCLE('',#3036,19.);
#3036 = AXIS2_PLACEMENT_3D('',#3037,#3038,#3039);
#3037 = CARTESIAN_POINT('',(-67.43753737186,-2.180049435445E-17,
    32.293277327039));
#3038 = DIRECTION('',(-0.999847695156,-1.068651684042E-18,
    1.745240643728E-02));
#3039 = DIRECTION('',(1.745240643728E-02,0.,0.999847695156));
#3040 = PCURVE('',#3041,#3046);
#3041 = CYLINDRICAL_SURFACE('',#3042,19.);
#3042 = AXIS2_PLACEMENT_3D('',#3043,#3044,#3045);
#3043 = CARTESIAN_POINT('',(-67.43753737186,-2.180049435445E-17,
    32.293277327039));
#3044 = DIRECTION('',(0.999847695156,1.068651684042E-18,
    -1.745240643728E-02));
#3045 = DIRECTION('',(-1.745240643728E-02,0.,-0.999847695156));
#3046 = DEFINITIONAL_REPRESENTATION('',(#3047),#3051);
#3047 = LINE('',#3048,#3049);
#3048 = CARTESIAN_POINT('',(9.424777960769,1.42108547152E-14));
#3049 = VECTOR('',#3050,1.);
#3050 = DIRECTION('',(-1.,0.));
#3051 = ( GEOMETRIC_REPRESENTATION_CONTEXT(2) 
PARAMETRIC_REPRESENTATION_CONTEXT() REPRESENTATION_CONTEXT('2D SPACE',''
  ) );
#3052 = PCURVE('',#126,#3053);
#3053 = DEFINITIONAL_REPRESENTATION('',(#3054),#3058);
#3054 = CIRCLE('',#3055,19.);
#3055 = AXIS2_PLACEMENT_2D('',#3056,#3057);
#3056 = CARTESIAN_POINT('',(-5.085805451074E-17,5.479290705941));
#3057 = DIRECTION('',(-7.824090399073E-35,1.));
#3058 = ( GEOMETRIC_REPRESENTATION_CONTEXT(2) 
PARAMETRIC_REPRESENTATION_CONTEXT() REPRESENTATION_CONTEXT('2D SPACE',''
  ) );
#3059 = ORIENTED_EDGE('',*,*,#3060,.T.);
#3060 = EDGE_CURVE('',#3030,#3061,#3063,.T.);
#3061 = VERTEX_POINT('',#3062);
#3062 = CARTESIAN_POINT('',(-66.84305751474,-17.87270426825,
    25.834714341448));
#3063 = SURFACE_CURVE('',#3064,(#3069,#3075),.PCURVE_S1.);
#3064 = ELLIPSE('',#3065,26.870057685089,19.);
#3065 = AXIS2_PLACEMENT_3D('',#3066,#3067,#3068);
#3066 = CARTESIAN_POINT('',(-60.28431601581,-1.415502786441E-17,
    32.168417383823));
#3067 = DIRECTION('',(-0.694658370459,0.,0.719339800339));
#3068 = DIRECTION('',(0.719339800339,1.511301705025E-18,0.694658370459)
  );
#3069 = PCURVE('',#3041,#3070);
#3070 = DEFINITIONAL_REPRESENTATION('',(#3071),#3074);
#3071 = B_SPLINE_CURVE_WITH_KNOTS('',1,(#3072,#3073),.UNSPECIFIED.,.F.,
  .F.,(2,2),(4.326327521089,4.366188115673),.PIECEWISE_BEZIER_KNOTS.);
#3072 = CARTESIAN_POINT('',(5.09845043968,7.105427357601E-14));
#3073 = CARTESIAN_POINT('',(5.058589845096,0.707106781187));
#3074 = ( GEOMETRIC_REPRESENTATION_CONTEXT(2) 
PARAMETRIC_REPRESENTATION_CONTEXT() REPRESENTATION_CONTEXT('2D SPACE',''
  ) );
#3075 = PCURVE('',#1587,#3076);
#3076 = DEFINITIONAL_REPRESENTATION('',(#3077),#3081);
#3077 = ELLIPSE('',#3078,26.870057685089,19.);
#3078 = AXIS2_PLACEMENT_2D('',#3079,#3080);
#3079 = CARTESIAN_POINT('',(9.617723634699,19.002));
#3080 = DIRECTION('',(1.,1.511301705025E-18));
#3081 = ( GEOMETRIC_REPRESENTATION_CONTEXT(2) 
PARAMETRIC_REPRESENTATION_CONTEXT() REPRESENTATION_CONTEXT('2D SPACE',''
  ) );
#3082 = ORIENTED_EDGE('',*,*,#3083,.T.);
#3083 = EDGE_CURVE('',#3061,#3084,#3086,.T.);
#3084 = VERTEX_POINT('',#3085);
#3085 = CARTESIAN_POINT('',(-59.49855454284,-18.68849536196,
    28.727791000262));
#3086 = SURFACE_CURVE('',#3087,(#3093,#3122),.PCURVE_S1.);
#3087 = B_SPLINE_CURVE_WITH_KNOTS('',3,(#3088,#3089,#3090,#3091,#3092),
  .UNSPECIFIED.,.F.,.F.,(4,1,4),(3.122502256758E-17,4.054894485163E-03,
    8.109788970326E-03),.UNSPECIFIED.);
#3088 = CARTESIAN_POINT('',(-66.84305751474,-17.87270426825,
    25.834714341448));
#3089 = CARTESIAN_POINT('',(-65.88686331639,-18.21176552977,
    26.758100345325));
#3090 = CARTESIAN_POINT('',(-63.59342231207,-18.59949093408,
    28.246956086732));
#3091 = CARTESIAN_POINT('',(-60.86942410525,-18.68849536196,
    28.751719617482));
#3092 = CARTESIAN_POINT('',(-59.49855454284,-18.68849536196,
    28.727791000262));
#3093 = PCURVE('',#3041,#3094);
#3094 = DEFINITIONAL_REPRESENTATION('',(#3095),#3121);
#3095 = B_SPLINE_CURVE_WITH_KNOTS('',3,(#3096,#3097,#3098,#3099,#3100,
    #3101,#3102,#3103,#3104,#3105,#3106,#3107,#3108,#3109,#3110,#3111,
    #3112,#3113,#3114,#3115,#3116,#3117,#3118,#3119,#3120),
  .UNSPECIFIED.,.F.,.F.,(4,1,1,1,1,1,1,1,1,1,1,1,1,1,1,1,1,1,1,1,1,1,4),
  (3.122502256758E-17,3.686267713785E-04,7.37253542757E-04,
    1.105880314135E-03,1.474507085514E-03,1.843133856892E-03,
    2.211760628271E-03,2.580387399649E-03,2.949014171028E-03,
    3.317640942406E-03,3.686267713785E-03,4.054894485163E-03,
    4.423521256542E-03,4.79214802792E-03,5.160774799299E-03,
    5.529401570677E-03,5.898028342055E-03,6.266655113434E-03,
    6.635281884812E-03,7.003908656191E-03,7.372535427569E-03,
    7.741162198948E-03,8.109788970326E-03),.QUASI_UNIFORM_KNOTS.);
#3096 = CARTESIAN_POINT('',(5.058589845096,0.707106781187));
#3097 = CARTESIAN_POINT('',(5.053808939113,0.792555259141));
#3098 = CARTESIAN_POINT('',(5.044433530825,0.966652554485));
#3099 = CARTESIAN_POINT('',(5.030937310889,1.237031203552));
#3100 = CARTESIAN_POINT('',(5.01801546585,1.516274246418));
#3101 = CARTESIAN_POINT('',(5.005676174833,1.804013370828));
#3102 = CARTESIAN_POINT('',(4.993928066261,2.099880264529));
#3103 = CARTESIAN_POINT('',(4.982780273755,2.403506615269));
#3104 = CARTESIAN_POINT('',(4.972242407461,2.714524110793));
#3105 = CARTESIAN_POINT('',(4.962324544612,3.032564438848));
#3106 = CARTESIAN_POINT('',(4.953037210256,3.357259287182));
#3107 = CARTESIAN_POINT('',(4.944391358361,3.68824034354));
#3108 = CARTESIAN_POINT('',(4.936398338793,4.025139295669));
#3109 = CARTESIAN_POINT('',(4.929069894652,4.367587831316));
#3110 = CARTESIAN_POINT('',(4.922411625554,4.715143162148));
#3111 = CARTESIAN_POINT('',(4.916429134127,5.067362499832));
#3112 = CARTESIAN_POINT('',(4.91112808671,5.423803056035));
#3113 = CARTESIAN_POINT('',(4.906514227619,5.784022042424));
#3114 = CARTESIAN_POINT('',(4.902593396053,6.147576670666));
#3115 = CARTESIAN_POINT('',(4.899371531842,6.514024152429));
#3116 = CARTESIAN_POINT('',(4.896854673102,6.882921699379));
#3117 = CARTESIAN_POINT('',(4.8950489441,7.253826523183));
#3118 = CARTESIAN_POINT('',(4.893960533579,7.626295835509));
#3119 = CARTESIAN_POINT('',(4.893717284952,7.875356510519));
#3120 = CARTESIAN_POINT('',(4.893717285306,8.));
#3121 = ( GEOMETRIC_REPRESENTATION_CONTEXT(2) 
PARAMETRIC_REPRESENTATION_CONTEXT() REPRESENTATION_CONTEXT('2D SPACE',''
  ) );
#3122 = PCURVE('',#1539,#3123);
#3123 = DEFINITIONAL_REPRESENTATION('',(#3124),#3150);
#3124 = B_SPLINE_CURVE_WITH_KNOTS('',3,(#3125,#3126,#3127,#3128,#3129,
    #3130,#3131,#3132,#3133,#3134,#3135,#3136,#3137,#3138,#3139,#3140,
    #3141,#3142,#3143,#3144,#3145,#3146,#3147,#3148,#3149),
  .UNSPECIFIED.,.F.,.F.,(4,1,1,1,1,1,1,1,1,1,1,1,1,1,1,1,1,1,1,1,1,1,4),
  (3.122502256758E-17,3.686267713785E-04,7.37253542757E-04,
    1.105880314135E-03,1.474507085514E-03,1.843133856892E-03,
    2.211760628271E-03,2.580387399649E-03,2.949014171028E-03,
    3.317640942406E-03,3.686267713785E-03,4.054894485163E-03,
    4.423521256542E-03,4.79214802792E-03,5.160774799299E-03,
    5.529401570677E-03,5.898028342055E-03,6.266655113434E-03,
    6.635281884812E-03,7.003908656191E-03,7.372535427569E-03,
    7.741162198948E-03,8.109788970326E-03),.QUASI_UNIFORM_KNOTS.);
#3125 = CARTESIAN_POINT('',(5.515240436302,1.129295731741));
#3126 = CARTESIAN_POINT('',(5.526957052826,1.098471980695));
#3127 = CARTESIAN_POINT('',(5.550410938727,1.039224454789));
#3128 = CARTESIAN_POINT('',(5.585651523569,0.957235205769));
#3129 = CARTESIAN_POINT('',(5.620949892452,0.881810107865));
#3130 = CARTESIAN_POINT('',(5.656303266245,0.812631272353));
#3131 = CARTESIAN_POINT('',(5.691708651156,0.749380810508));
#3132 = CARTESIAN_POINT('',(5.727162998003,0.691740833607));
#3133 = CARTESIAN_POINT('',(5.762663478596,0.639393452926));
#3134 = CARTESIAN_POINT('',(5.798207731129,0.592020779741));
#3135 = CARTESIAN_POINT('',(5.833794105928,0.549304925329));
#3136 = CARTESIAN_POINT('',(5.869421923674,0.510928000964));
#3137 = CARTESIAN_POINT('',(5.905091655933,0.476572117923));
#3138 = CARTESIAN_POINT('',(5.940805367102,0.445919387483));
#3139 = CARTESIAN_POINT('',(5.976565000959,0.418833770439));
#3140 = CARTESIAN_POINT('',(6.012371698815,0.395179227587));
#3141 = CARTESIAN_POINT('',(6.048226232641,0.374819719722));
#3142 = CARTESIAN_POINT('',(6.084129171827,0.35761920764));
#3143 = CARTESIAN_POINT('',(6.12008112212,0.343441652136));
#3144 = CARTESIAN_POINT('',(6.156082948855,0.332151014007));
#3145 = CARTESIAN_POINT('',(6.192135988802,0.323611254047));
#3146 = CARTESIAN_POINT('',(6.22824231233,0.317686333053));
#3147 = CARTESIAN_POINT('',(6.264404775795,0.31424021182));
#3148 = CARTESIAN_POINT('',(6.288553481382,0.313504638036));
#3149 = CARTESIAN_POINT('',(6.3006385997,0.313504638036));
#3150 = ( GEOMETRIC_REPRESENTATION_CONTEXT(2) 
PARAMETRIC_REPRESENTATION_CONTEXT() REPRESENTATION_CONTEXT('2D SPACE',''
  ) );
#3151 = ORIENTED_EDGE('',*,*,#3152,.T.);
#3152 = EDGE_CURVE('',#3084,#3153,#3155,.T.);
#3153 = VERTEX_POINT('',#3154);
#3154 = CARTESIAN_POINT('',(-59.40999776703,-18.92841147996,
    33.801205288798));
#3155 = SURFACE_CURVE('',#3156,(#3161,#3168),.PCURVE_S1.);
#3156 = CIRCLE('',#3157,19.);
#3157 = AXIS2_PLACEMENT_3D('',#3158,#3159,#3160);
#3158 = CARTESIAN_POINT('',(-59.43875581061,-1.325128088212E-17,
    32.15365807554));
#3159 = DIRECTION('',(-0.999847695156,-1.068651684042E-18,
    1.745240643728E-02));
#3160 = DIRECTION('',(1.745240643728E-02,0.,0.999847695156));
#3161 = PCURVE('',#3041,#3162);
#3162 = DEFINITIONAL_REPRESENTATION('',(#3163),#3167);
#3163 = LINE('',#3164,#3165);
#3164 = CARTESIAN_POINT('',(9.424777960769,8.));
#3165 = VECTOR('',#3166,1.);
#3166 = DIRECTION('',(-1.,0.));
#3167 = ( GEOMETRIC_REPRESENTATION_CONTEXT(2) 
PARAMETRIC_REPRESENTATION_CONTEXT() REPRESENTATION_CONTEXT('2D SPACE',''
  ) );
#3168 = PCURVE('',#227,#3169);
#3169 = DEFINITIONAL_REPRESENTATION('',(#3170),#3174);
#3170 = CIRCLE('',#3171,19.);
#3171 = AXIS2_PLACEMENT_2D('',#3172,#3173);
#3172 = CARTESIAN_POINT('',(-5.085805451074E-17,5.479290705941));
#3173 = DIRECTION('',(-7.824090399073E-35,1.));
#3174 = ( GEOMETRIC_REPRESENTATION_CONTEXT(2) 
PARAMETRIC_REPRESENTATION_CONTEXT() REPRESENTATION_CONTEXT('2D SPACE',''
  ) );
#3175 = ORIENTED_EDGE('',*,*,#3176,.F.);
#3176 = EDGE_CURVE('',#3177,#3153,#3179,.T.);
#3177 = VERTEX_POINT('',#3178);
#3178 = CARTESIAN_POINT('',(-66.15016266415,-18.96669738553,
    31.146183728451));
#3179 = SURFACE_CURVE('',#3180,(#3186,#3215),.PCURVE_S1.);
#3180 = B_SPLINE_CURVE_WITH_KNOTS('',3,(#3181,#3182,#3183,#3184,#3185),
  .UNSPECIFIED.,.F.,.F.,(4,1,4),(0.,3.694761586365E-03,7.38952317273E-03
    ),.UNSPECIFIED.);
#3181 = CARTESIAN_POINT('',(-66.15016266415,-18.96669738553,
    31.146183728451));
#3182 = CARTESIAN_POINT('',(-65.25190410943,-19.01904551095,
    32.013621931617));
#3183 = CARTESIAN_POINT('',(-63.13659634796,-18.98106386811,
    33.368248750822));
#3184 = CARTESIAN_POINT('',(-60.65920439017,-18.92841147996,
    33.823010271514));
#3185 = CARTESIAN_POINT('',(-59.40999776703,-18.92841147996,
    33.801205288798));
#3186 = PCURVE('',#3041,#3187);
#3187 = DEFINITIONAL_REPRESENTATION('',(#3188),#3214);
#3188 = B_SPLINE_CURVE_WITH_KNOTS('',3,(#3189,#3190,#3191,#3192,#3193,
    #3194,#3195,#3196,#3197,#3198,#3199,#3200,#3201,#3202,#3203,#3204,
    #3205,#3206,#3207,#3208,#3209,#3210,#3211,#3212,#3213),
  .UNSPECIFIED.,.F.,.F.,(4,1,1,1,1,1,1,1,1,1,1,1,1,1,1,1,1,1,1,1,1,1,4),
  (0.,3.358874169423E-04,6.717748338845E-04,1.007662250827E-03,
    1.343549667769E-03,1.679437084711E-03,2.015324501654E-03,
    2.351211918596E-03,2.687099335538E-03,3.02298675248E-03,
    3.358874169423E-03,3.694761586365E-03,4.030649003307E-03,
    4.366536420249E-03,4.702423837192E-03,5.038311254134E-03,
    5.374198671076E-03,5.710086088018E-03,6.045973504961E-03,
    6.381860921903E-03,6.717748338845E-03,7.053635755787E-03,
    7.38952317273E-03),.QUASI_UNIFORM_KNOTS.);
#3189 = CARTESIAN_POINT('',(4.77160521895,1.307198178013));
#3190 = CARTESIAN_POINT('',(4.767373031216,1.387469347241));
#3191 = CARTESIAN_POINT('',(4.759074886435,1.550700763127));
#3192 = CARTESIAN_POINT('',(4.747132613808,1.803307430056));
#3193 = CARTESIAN_POINT('',(4.735701403038,2.063365950897));
#3194 = CARTESIAN_POINT('',(4.724787844564,2.330568636459));
#3195 = CARTESIAN_POINT('',(4.714398836294,2.604607797554));
#3196 = CARTESIAN_POINT('',(4.704541622996,2.885175744992));
#3197 = CARTESIAN_POINT('',(4.695223778155,3.171964789584));
#3198 = CARTESIAN_POINT('',(4.68645319857,3.464667242141));
#3199 = CARTESIAN_POINT('',(4.678238091984,3.762975413473));
#3200 = CARTESIAN_POINT('',(4.67058696472,4.06658161439));
#3201 = CARTESIAN_POINT('',(4.663508599306,4.375178155705));
#3202 = CARTESIAN_POINT('',(4.65701205305,4.688457348227));
#3203 = CARTESIAN_POINT('',(4.651103597584,5.006060474308));
#3204 = CARTESIAN_POINT('',(4.645789507383,5.327628816299));
#3205 = CARTESIAN_POINT('',(4.641076100801,5.652803656551));
#3206 = CARTESIAN_POINT('',(4.636969749427,5.981226277416));
#3207 = CARTESIAN_POINT('',(4.633476889629,6.312537961246));
#3208 = CARTESIAN_POINT('',(4.630604026646,6.646379990391));
#3209 = CARTESIAN_POINT('',(4.628357733253,6.982393647203));
#3210 = CARTESIAN_POINT('',(4.626744641757,7.320220214033));
#3211 = CARTESIAN_POINT('',(4.625771429285,7.659500973233));
#3212 = CARTESIAN_POINT('',(4.62555367287,7.886418462514));
#3213 = CARTESIAN_POINT('',(4.625553673074,8.));
#3214 = ( GEOMETRIC_REPRESENTATION_CONTEXT(2) 
PARAMETRIC_REPRESENTATION_CONTEXT() REPRESENTATION_CONTEXT('2D SPACE',''
  ) );
#3215 = PCURVE('',#1441,#3216);
#3216 = DEFINITIONAL_REPRESENTATION('',(#3217),#3243);
#3217 = B_SPLINE_CURVE_WITH_KNOTS('',3,(#3218,#3219,#3220,#3221,#3222,
    #3223,#3224,#3225,#3226,#3227,#3228,#3229,#3230,#3231,#3232,#3233,
    #3234,#3235,#3236,#3237,#3238,#3239,#3240,#3241,#3242),
  .UNSPECIFIED.,.F.,.F.,(4,1,1,1,1,1,1,1,1,1,1,1,1,1,1,1,1,1,1,1,1,1,4),
  (0.,3.358874169423E-04,6.717748338845E-04,1.007662250827E-03,
    1.343549667769E-03,1.679437084711E-03,2.015324501654E-03,
    2.351211918596E-03,2.687099335538E-03,3.02298675248E-03,
    3.358874169423E-03,3.694761586365E-03,4.030649003307E-03,
    4.366536420249E-03,4.702423837192E-03,5.038311254134E-03,
    5.374198671076E-03,5.710086088018E-03,6.045973504961E-03,
    6.381860921903E-03,6.717748338845E-03,7.053635755787E-03,
    7.38952317273E-03),.QUASI_UNIFORM_KNOTS.);
#3218 = CARTESIAN_POINT('',(5.515240436302,3.53026144607E-02));
#3219 = CARTESIAN_POINT('',(5.527234031903,3.054369396831E-02));
#3220 = CARTESIAN_POINT('',(5.551191051398,2.220500912955E-02));
#3221 = CARTESIAN_POINT('',(5.587046509352,1.292939579181E-02));
#3222 = CARTESIAN_POINT('',(5.622832604996,6.581141856754E-03));
#3223 = CARTESIAN_POINT('',(5.658559119279,2.855192806737E-03));
#3224 = CARTESIAN_POINT('',(5.694235361314,1.44649412406E-03));
#3225 = CARTESIAN_POINT('',(5.729870188749,2.049991291029E-03));
#3226 = CARTESIAN_POINT('',(5.765472149729,4.360629789988E-03));
#3227 = CARTESIAN_POINT('',(5.801049596531,8.073355103242E-03));
#3228 = CARTESIAN_POINT('',(5.836610807634,1.28831127131E-02));
#3229 = CARTESIAN_POINT('',(5.872164115804,1.848484810191E-02));
#3230 = CARTESIAN_POINT('',(5.907718009888,2.457350675194E-02));
#3231 = CARTESIAN_POINT('',(5.94328133675,3.084403414555E-02));
#3232 = CARTESIAN_POINT('',(5.978859811195,3.716122120503E-02));
#3233 = CARTESIAN_POINT('',(6.014458713076,4.338985885266E-02));
#3234 = CARTESIAN_POINT('',(6.050083129282,4.939473801075E-02));
#3235 = CARTESIAN_POINT('',(6.085738093948,5.504064960159E-02));
#3236 = CARTESIAN_POINT('',(6.121428755266,6.019238454748E-02));
#3237 = CARTESIAN_POINT('',(6.15716053683,6.471473377072E-02));
#3238 = CARTESIAN_POINT('',(6.192939287318,6.84724881936E-02));
#3239 = CARTESIAN_POINT('',(6.228771469148,7.133043873842E-02));
#3240 = CARTESIAN_POINT('',(6.2646641836,7.315337632748E-02));
#3241 = CARTESIAN_POINT('',(6.28863858496,7.358852003121E-02));
#3242 = CARTESIAN_POINT('',(6.3006385997,7.35885200312E-02));
#3243 = ( GEOMETRIC_REPRESENTATION_CONTEXT(2) 
PARAMETRIC_REPRESENTATION_CONTEXT() REPRESENTATION_CONTEXT('2D SPACE',''
  ) );
#3244 = ORIENTED_EDGE('',*,*,#3245,.F.);
#3245 = EDGE_CURVE('',#3032,#3177,#3246,.T.);
#3246 = SURFACE_CURVE('',#3247,(#3252,#3258),.PCURVE_S1.);
#3247 = ELLIPSE('',#3248,26.870057685089,19.);
#3248 = AXIS2_PLACEMENT_3D('',#3249,#3250,#3251);
#3249 = CARTESIAN_POINT('',(-65.00625844177,-1.920190825419E-17,
    32.250839195455));
#3250 = DIRECTION('',(-0.694658370459,0.,0.719339800339));
#3251 = DIRECTION('',(0.719339800339,1.511301705025E-18,0.694658370459)
  );
#3252 = PCURVE('',#3041,#3253);
#3253 = DEFINITIONAL_REPRESENTATION('',(#3254),#3257);
#3254 = B_SPLINE_CURVE_WITH_KNOTS('',1,(#3255,#3256),.UNSPECIFIED.,.F.,
  .F.,(2,2),(4.584055464571,4.653172741819),.PIECEWISE_BEZIER_KNOTS.);
#3255 = CARTESIAN_POINT('',(4.840722496198,2.84217094304E-14));
#3256 = CARTESIAN_POINT('',(4.77160521895,1.307198178013));
#3257 = ( GEOMETRIC_REPRESENTATION_CONTEXT(2) 
PARAMETRIC_REPRESENTATION_CONTEXT() REPRESENTATION_CONTEXT('2D SPACE',''
  ) );
#3258 = PCURVE('',#1385,#3259);
#3259 = DEFINITIONAL_REPRESENTATION('',(#3260),#3264);
#3260 = ELLIPSE('',#3261,26.870057685089,19.);
#3261 = AXIS2_PLACEMENT_2D('',#3262,#3263);
#3262 = CARTESIAN_POINT('',(2.514542697586,19.002));
#3263 = DIRECTION('',(1.,1.511301705025E-18));
#3264 = ( GEOMETRIC_REPRESENTATION_CONTEXT(2) 
PARAMETRIC_REPRESENTATION_CONTEXT() REPRESENTATION_CONTEXT('2D SPACE',''
  ) );
#3265 = ADVANCED_FACE('',(#3266),#3280,.T.);
#3266 = FACE_BOUND('',#3267,.T.);
#3267 = EDGE_LOOP('',(#3268,#3303,#3331,#3359));
#3268 = ORIENTED_EDGE('',*,*,#3269,.F.);
#3269 = EDGE_CURVE('',#3270,#3272,#3274,.T.);
#3270 = VERTEX_POINT('',#3271);
#3271 = CARTESIAN_POINT('',(-65.8677291212,18.2,53.469105576629));
#3272 = VERTEX_POINT('',#3273);
#3273 = CARTESIAN_POINT('',(-59.06876479414,18.2,53.350429212856));
#3274 = SURFACE_CURVE('',#3275,(#3279,#3291),.PCURVE_S1.);
#3275 = LINE('',#3276,#3277);
#3276 = CARTESIAN_POINT('',(-67.06754635539,18.2,53.490048464354));
#3277 = VECTOR('',#3278,1.);
#3278 = DIRECTION('',(0.999847695156,1.068651684042E-18,
    -1.745240643728E-02));
#3279 = PCURVE('',#3280,#3285);
#3280 = PLANE('',#3281);
#3281 = AXIS2_PLACEMENT_3D('',#3282,#3283,#3284);
#3282 = CARTESIAN_POINT('',(-67.06754635539,-8.549213472335E-18,
    53.490048464354));
#3283 = DIRECTION('',(1.745240643728E-02,3.272564658847E-16,
    0.999847695156));
#3284 = DIRECTION('',(0.999847695156,-1.54074395551E-33,
    -1.745240643728E-02));
#3285 = DEFINITIONAL_REPRESENTATION('',(#3286),#3290);
#3286 = LINE('',#3287,#3288);
#3287 = CARTESIAN_POINT('',(1.240068061554E-16,18.2));
#3288 = VECTOR('',#3289,1.);
#3289 = DIRECTION('',(1.,1.068651684042E-18));
#3290 = ( GEOMETRIC_REPRESENTATION_CONTEXT(2) 
PARAMETRIC_REPRESENTATION_CONTEXT() REPRESENTATION_CONTEXT('2D SPACE',''
  ) );
#3291 = PCURVE('',#3292,#3297);
#3292 = CYLINDRICAL_SURFACE('',#3293,3.);
#3293 = AXIS2_PLACEMENT_3D('',#3294,#3295,#3296);
#3294 = CARTESIAN_POINT('',(-67.1199035747,18.2,50.490505378885));
#3295 = DIRECTION('',(-0.999847695156,-1.068651684042E-18,
    1.745240643728E-02));
#3296 = DIRECTION('',(1.745240643728E-02,0.,0.999847695156));
#3297 = DEFINITIONAL_REPRESENTATION('',(#3298),#3302);
#3298 = LINE('',#3299,#3300);
#3299 = CARTESIAN_POINT('',(0.,3.19744231092E-14));
#3300 = VECTOR('',#3301,1.);
#3301 = DIRECTION('',(0.,-1.));
#3302 = ( GEOMETRIC_REPRESENTATION_CONTEXT(2) 
PARAMETRIC_REPRESENTATION_CONTEXT() REPRESENTATION_CONTEXT('2D SPACE',''
  ) );
#3303 = ORIENTED_EDGE('',*,*,#3304,.T.);
#3304 = EDGE_CURVE('',#3270,#3305,#3307,.T.);
#3305 = VERTEX_POINT('',#3306);
#3306 = CARTESIAN_POINT('',(-65.8677291212,-18.2,53.469105576629));
#3307 = SURFACE_CURVE('',#3308,(#3312,#3319),.PCURVE_S1.);
#3308 = LINE('',#3309,#3310);
#3309 = CARTESIAN_POINT('',(-65.8677291212,-7.266831451485E-18,
    53.469105576629));
#3310 = VECTOR('',#3311,1.);
#3311 = DIRECTION('',(6.779901775064E-18,-1.,3.271879725963E-16));
#3312 = PCURVE('',#3280,#3313);
#3313 = DEFINITIONAL_REPRESENTATION('',(#3314),#3318);
#3314 = LINE('',#3315,#3316);
#3315 = CARTESIAN_POINT('',(1.2,1.282382020836E-18));
#3316 = VECTOR('',#3317,1.);
#3317 = DIRECTION('',(1.068651684042E-18,-1.));
#3318 = ( GEOMETRIC_REPRESENTATION_CONTEXT(2) 
PARAMETRIC_REPRESENTATION_CONTEXT() REPRESENTATION_CONTEXT('2D SPACE',''
  ) );
#3319 = PCURVE('',#3320,#3325);
#3320 = PLANE('',#3321);
#3321 = AXIS2_PLACEMENT_3D('',#3322,#3323,#3324);
#3322 = CARTESIAN_POINT('',(-65.8677291212,-7.266831451485E-18,
    53.469105576629));
#3323 = DIRECTION('',(0.694658370459,-2.306496153617E-16,-0.719339800339
    ));
#3324 = DIRECTION('',(6.779901775064E-18,-1.,3.271879725963E-16));
#3325 = DEFINITIONAL_REPRESENTATION('',(#3326),#3330);
#3326 = LINE('',#3327,#3328);
#3327 = CARTESIAN_POINT('',(-9.244463733059E-33,-2.146203178057E-48));
#3328 = VECTOR('',#3329,1.);
#3329 = DIRECTION('',(1.,0.));
#3330 = ( GEOMETRIC_REPRESENTATION_CONTEXT(2) 
PARAMETRIC_REPRESENTATION_CONTEXT() REPRESENTATION_CONTEXT('2D SPACE',''
  ) );
#3331 = ORIENTED_EDGE('',*,*,#3332,.T.);
#3332 = EDGE_CURVE('',#3305,#3333,#3335,.T.);
#3333 = VERTEX_POINT('',#3334);
#3334 = CARTESIAN_POINT('',(-59.06876479414,-18.2,53.350429212856));
#3335 = SURFACE_CURVE('',#3336,(#3340,#3347),.PCURVE_S1.);
#3336 = LINE('',#3337,#3338);
#3337 = CARTESIAN_POINT('',(-67.06754635539,-18.2,53.490048464354));
#3338 = VECTOR('',#3339,1.);
#3339 = DIRECTION('',(0.999847695156,1.068651684042E-18,
    -1.745240643728E-02));
#3340 = PCURVE('',#3280,#3341);
#3341 = DEFINITIONAL_REPRESENTATION('',(#3342),#3346);
#3342 = LINE('',#3343,#3344);
#3343 = CARTESIAN_POINT('',(-1.240068061554E-16,-18.2));
#3344 = VECTOR('',#3345,1.);
#3345 = DIRECTION('',(1.,1.068651684042E-18));
#3346 = ( GEOMETRIC_REPRESENTATION_CONTEXT(2) 
PARAMETRIC_REPRESENTATION_CONTEXT() REPRESENTATION_CONTEXT('2D SPACE',''
  ) );
#3347 = PCURVE('',#3348,#3353);
#3348 = CYLINDRICAL_SURFACE('',#3349,3.);
#3349 = AXIS2_PLACEMENT_3D('',#3350,#3351,#3352);
#3350 = CARTESIAN_POINT('',(-67.1199035747,-18.2,50.490505378885));
#3351 = DIRECTION('',(0.999847695156,1.068651684042E-18,
    -1.745240643728E-02));
#3352 = DIRECTION('',(-1.745240643728E-02,0.,-0.999847695156));
#3353 = DEFINITIONAL_REPRESENTATION('',(#3354),#3358);
#3354 = LINE('',#3355,#3356);
#3355 = CARTESIAN_POINT('',(3.14159265359,-3.19744231092E-14));
#3356 = VECTOR('',#3357,1.);
#3357 = DIRECTION('',(0.,1.));
#3358 = ( GEOMETRIC_REPRESENTATION_CONTEXT(2) 
PARAMETRIC_REPRESENTATION_CONTEXT() REPRESENTATION_CONTEXT('2D SPACE',''
  ) );
#3359 = ORIENTED_EDGE('',*,*,#3360,.F.);
#3360 = EDGE_CURVE('',#3272,#3333,#3361,.T.);
#3361 = SURFACE_CURVE('',#3362,(#3366,#3373),.PCURVE_S1.);
#3362 = LINE('',#3363,#3364);
#3363 = CARTESIAN_POINT('',(-59.06876479414,1.332429649089E-33,
    53.350429212856));
#3364 = VECTOR('',#3365,1.);
#3365 = DIRECTION('',(6.779901775064E-18,-1.,3.271879725963E-16));
#3366 = PCURVE('',#3280,#3367);
#3367 = DEFINITIONAL_REPRESENTATION('',(#3368),#3372);
#3368 = LINE('',#3369,#3370);
#3369 = CARTESIAN_POINT('',(8.,8.54921347231E-18));
#3370 = VECTOR('',#3371,1.);
#3371 = DIRECTION('',(1.068651684042E-18,-1.));
#3372 = ( GEOMETRIC_REPRESENTATION_CONTEXT(2) 
PARAMETRIC_REPRESENTATION_CONTEXT() REPRESENTATION_CONTEXT('2D SPACE',''
  ) );
#3373 = PCURVE('',#227,#3374);
#3374 = DEFINITIONAL_REPRESENTATION('',(#3375),#3379);
#3375 = LINE('',#3376,#3377);
#3376 = CARTESIAN_POINT('',(-6.410933539286E-17,26.679290705941));
#3377 = VECTOR('',#3378,1.);
#3378 = DIRECTION('',(1.,3.272564658847E-16));
#3379 = ( GEOMETRIC_REPRESENTATION_CONTEXT(2) 
PARAMETRIC_REPRESENTATION_CONTEXT() REPRESENTATION_CONTEXT('2D SPACE',''
  ) );
#3380 = ADVANCED_FACE('',(#3381),#3395,.F.);
#3381 = FACE_BOUND('',#3382,.T.);
#3382 = EDGE_LOOP('',(#3383,#3418,#3446,#3469));
#3383 = ORIENTED_EDGE('',*,*,#3384,.F.);
#3384 = EDGE_CURVE('',#3385,#3387,#3389,.T.);
#3385 = VERTEX_POINT('',#3386);
#3386 = CARTESIAN_POINT('',(-66.55535393483,21.2,14.075106387467));
#3387 = VERTEX_POINT('',#3388);
#3388 = CARTESIAN_POINT('',(-59.75638960777,21.2,13.956430023694));
#3389 = SURFACE_CURVE('',#3390,(#3394,#3406),.PCURVE_S1.);
#3390 = LINE('',#3391,#3392);
#3391 = CARTESIAN_POINT('',(-67.75517116902,21.2,14.096049275192));
#3392 = VECTOR('',#3393,1.);
#3393 = DIRECTION('',(0.999847695156,1.068651684042E-18,
    -1.745240643728E-02));
#3394 = PCURVE('',#3395,#3400);
#3395 = PLANE('',#3396);
#3396 = AXIS2_PLACEMENT_3D('',#3397,#3398,#3399);
#3397 = CARTESIAN_POINT('',(-67.43753737186,21.2,32.293277327039));
#3398 = DIRECTION('',(6.780771783411E-18,-1.,3.272378153412E-16));
#3399 = DIRECTION('',(0.,-3.272378153412E-16,-1.));
#3400 = DEFINITIONAL_REPRESENTATION('',(#3401),#3405);
#3401 = LINE('',#3402,#3403);
#3402 = CARTESIAN_POINT('',(18.197228051846,-0.317633797159));
#3403 = VECTOR('',#3404,1.);
#3404 = DIRECTION('',(1.745240643728E-02,0.999847695156));
#3405 = ( GEOMETRIC_REPRESENTATION_CONTEXT(2) 
PARAMETRIC_REPRESENTATION_CONTEXT() REPRESENTATION_CONTEXT('2D SPACE',''
  ) );
#3406 = PCURVE('',#3407,#3412);
#3407 = CYLINDRICAL_SURFACE('',#3408,3.);
#3408 = AXIS2_PLACEMENT_3D('',#3409,#3410,#3411);
#3409 = CARTESIAN_POINT('',(-67.75517116902,18.2,14.096049275192));
#3410 = DIRECTION('',(0.999847695156,1.068651684042E-18,
    -1.745240643728E-02));
#3411 = DIRECTION('',(-1.745240643728E-02,0.,-0.999847695156));
#3412 = DEFINITIONAL_REPRESENTATION('',(#3413),#3417);
#3413 = LINE('',#3414,#3415);
#3414 = CARTESIAN_POINT('',(1.570796326795,1.043609643148E-14));
#3415 = VECTOR('',#3416,1.);
#3416 = DIRECTION('',(-6.530723674266E-17,1.));
#3417 = ( GEOMETRIC_REPRESENTATION_CONTEXT(2) 
PARAMETRIC_REPRESENTATION_CONTEXT() REPRESENTATION_CONTEXT('2D SPACE',''
  ) );
#3418 = ORIENTED_EDGE('',*,*,#3419,.T.);
#3419 = EDGE_CURVE('',#3385,#3420,#3422,.T.);
#3420 = VERTEX_POINT('',#3421);
#3421 = CARTESIAN_POINT('',(-65.92008634051,21.2,50.46956249116));
#3422 = SURFACE_CURVE('',#3423,(#3427,#3434),.PCURVE_S1.);
#3423 = LINE('',#3424,#3425);
#3424 = CARTESIAN_POINT('',(-65.92008634051,21.2,50.46956249116));
#3425 = VECTOR('',#3426,1.);
#3426 = DIRECTION('',(1.745240643728E-02,3.27306316222E-16,
    0.999847695156));
#3427 = PCURVE('',#3395,#3428);
#3428 = DEFINITIONAL_REPRESENTATION('',(#3429),#3433);
#3429 = LINE('',#3430,#3431);
#3430 = CARTESIAN_POINT('',(-18.17628516412,1.517451031346));
#3431 = VECTOR('',#3432,1.);
#3432 = DIRECTION('',(-0.999847695156,1.745240643728E-02));
#3433 = ( GEOMETRIC_REPRESENTATION_CONTEXT(2) 
PARAMETRIC_REPRESENTATION_CONTEXT() REPRESENTATION_CONTEXT('2D SPACE',''
  ) );
#3434 = PCURVE('',#3435,#3440);
#3435 = PLANE('',#3436);
#3436 = AXIS2_PLACEMENT_3D('',#3437,#3438,#3439);
#3437 = CARTESIAN_POINT('',(-67.53316418025,20.,26.814821143612));
#3438 = DIRECTION('',(-0.706999085399,0.707106781187,1.234071493983E-02)
  );
#3439 = DIRECTION('',(1.745240643728E-02,3.278627369596E-16,
    0.999847695156));
#3440 = DEFINITIONAL_REPRESENTATION('',(#3441),#3445);
#3441 = LINE('',#3442,#3443);
#3442 = CARTESIAN_POINT('',(23.679290705941,1.697056274848));
#3443 = VECTOR('',#3444,1.);
#3444 = DIRECTION('',(1.,1.734723475977E-18));
#3445 = ( GEOMETRIC_REPRESENTATION_CONTEXT(2) 
PARAMETRIC_REPRESENTATION_CONTEXT() REPRESENTATION_CONTEXT('2D SPACE',''
  ) );
#3446 = ORIENTED_EDGE('',*,*,#3447,.T.);
#3447 = EDGE_CURVE('',#3420,#3448,#3450,.T.);
#3448 = VERTEX_POINT('',#3449);
#3449 = CARTESIAN_POINT('',(-59.12112201345,21.2,50.350886127387));
#3450 = SURFACE_CURVE('',#3451,(#3455,#3462),.PCURVE_S1.);
#3451 = LINE('',#3452,#3453);
#3452 = CARTESIAN_POINT('',(-59.12112201345,21.2,50.350886127387));
#3453 = VECTOR('',#3454,1.);
#3454 = DIRECTION('',(0.999847695156,1.068651684042E-18,
    -1.745240643728E-02));
#3455 = PCURVE('',#3395,#3456);
#3456 = DEFINITIONAL_REPRESENTATION('',(#3457),#3461);
#3457 = LINE('',#3458,#3459);
#3458 = CARTESIAN_POINT('',(-18.05760880034,8.31641535841));
#3459 = VECTOR('',#3460,1.);
#3460 = DIRECTION('',(1.745240643728E-02,0.999847695156));
#3461 = ( GEOMETRIC_REPRESENTATION_CONTEXT(2) 
PARAMETRIC_REPRESENTATION_CONTEXT() REPRESENTATION_CONTEXT('2D SPACE',''
  ) );
#3462 = PCURVE('',#3292,#3463);
#3463 = DEFINITIONAL_REPRESENTATION('',(#3464),#3468);
#3464 = LINE('',#3465,#3466);
#3465 = CARTESIAN_POINT('',(1.570796326795,-8.));
#3466 = VECTOR('',#3467,1.);
#3467 = DIRECTION('',(0.,-1.));
#3468 = ( GEOMETRIC_REPRESENTATION_CONTEXT(2) 
PARAMETRIC_REPRESENTATION_CONTEXT() REPRESENTATION_CONTEXT('2D SPACE',''
  ) );
#3469 = ORIENTED_EDGE('',*,*,#3470,.T.);
#3470 = EDGE_CURVE('',#3448,#3387,#3471,.T.);
#3471 = SURFACE_CURVE('',#3472,(#3476,#3483),.PCURVE_S1.);
#3472 = LINE('',#3473,#3474);
#3473 = CARTESIAN_POINT('',(-59.43875581061,21.2,32.15365807554));
#3474 = VECTOR('',#3475,1.);
#3475 = DIRECTION('',(-1.745240643728E-02,-3.27306316222E-16,
    -0.999847695156));
#3476 = PCURVE('',#3395,#3477);
#3477 = DEFINITIONAL_REPRESENTATION('',(#3478),#3482);
#3478 = LINE('',#3479,#3480);
#3479 = CARTESIAN_POINT('',(0.139619251498,7.998781561251));
#3480 = VECTOR('',#3481,1.);
#3481 = DIRECTION('',(0.999847695156,-1.745240643728E-02));
#3482 = ( GEOMETRIC_REPRESENTATION_CONTEXT(2) 
PARAMETRIC_REPRESENTATION_CONTEXT() REPRESENTATION_CONTEXT('2D SPACE',''
  ) );
#3483 = PCURVE('',#227,#3484);
#3484 = DEFINITIONAL_REPRESENTATION('',(#3485),#3489);
#3485 = LINE('',#3486,#3487);
#3486 = CARTESIAN_POINT('',(-21.2,5.479290705941));
#3487 = VECTOR('',#3488,1.);
#3488 = DIRECTION('',(3.27306316222E-16,-1.));
#3489 = ( GEOMETRIC_REPRESENTATION_CONTEXT(2) 
PARAMETRIC_REPRESENTATION_CONTEXT() REPRESENTATION_CONTEXT('2D SPACE',''
  ) );
#3490 = ADVANCED_FACE('',(#3491),#3505,.F.);
#3491 = FACE_BOUND('',#3492,.T.);
#3492 = EDGE_LOOP('',(#3493,#3528,#3556,#3579));
#3493 = ORIENTED_EDGE('',*,*,#3494,.F.);
#3494 = EDGE_CURVE('',#3495,#3497,#3499,.T.);
#3495 = VERTEX_POINT('',#3496);
#3496 = CARTESIAN_POINT('',(-66.60771115414,-18.2,11.075563301998));
#3497 = VERTEX_POINT('',#3498);
#3498 = CARTESIAN_POINT('',(-59.80874682708,-18.2,10.956886938225));
#3499 = SURFACE_CURVE('',#3500,(#3504,#3516),.PCURVE_S1.);
#3500 = LINE('',#3501,#3502);
#3501 = CARTESIAN_POINT('',(-67.80752838833,-18.2,11.096506189723));
#3502 = VECTOR('',#3503,1.);
#3503 = DIRECTION('',(0.999847695156,1.068651684042E-18,
    -1.745240643728E-02));
#3504 = PCURVE('',#3505,#3510);
#3505 = PLANE('',#3506);
#3506 = AXIS2_PLACEMENT_3D('',#3507,#3508,#3509);
#3507 = CARTESIAN_POINT('',(-67.80752838833,-3.477996165426E-15,
    11.096506189723));
#3508 = DIRECTION('',(1.745240643728E-02,3.272564658847E-16,
    0.999847695156));
#3509 = DIRECTION('',(0.999847695156,-1.54074395551E-33,
    -1.745240643728E-02));
#3510 = DEFINITIONAL_REPRESENTATION('',(#3511),#3515);
#3511 = LINE('',#3512,#3513);
#3512 = CARTESIAN_POINT('',(-9.300510461659E-17,-18.2));
#3513 = VECTOR('',#3514,1.);
#3514 = DIRECTION('',(1.,1.068651684042E-18));
#3515 = ( GEOMETRIC_REPRESENTATION_CONTEXT(2) 
PARAMETRIC_REPRESENTATION_CONTEXT() REPRESENTATION_CONTEXT('2D SPACE',''
  ) );
#3516 = PCURVE('',#3517,#3522);
#3517 = CYLINDRICAL_SURFACE('',#3518,3.);
#3518 = AXIS2_PLACEMENT_3D('',#3519,#3520,#3521);
#3519 = CARTESIAN_POINT('',(-67.75517116902,-18.2,14.096049275192));
#3520 = DIRECTION('',(-0.999847695156,-1.068651684042E-18,
    1.745240643728E-02));
#3521 = DIRECTION('',(1.745240643728E-02,0.,0.999847695156));
#3522 = DEFINITIONAL_REPRESENTATION('',(#3523),#3527);
#3523 = LINE('',#3524,#3525);
#3524 = CARTESIAN_POINT('',(3.14159265359,4.640732242933E-14));
#3525 = VECTOR('',#3526,1.);
#3526 = DIRECTION('',(0.,-1.));
#3527 = ( GEOMETRIC_REPRESENTATION_CONTEXT(2) 
PARAMETRIC_REPRESENTATION_CONTEXT() REPRESENTATION_CONTEXT('2D SPACE',''
  ) );
#3528 = ORIENTED_EDGE('',*,*,#3529,.T.);
#3529 = EDGE_CURVE('',#3495,#3530,#3532,.T.);
#3530 = VERTEX_POINT('',#3531);
#3531 = CARTESIAN_POINT('',(-66.60771115414,18.2,11.075563301998));
#3532 = SURFACE_CURVE('',#3533,(#3537,#3544),.PCURVE_S1.);
#3533 = LINE('',#3534,#3535);
#3534 = CARTESIAN_POINT('',(-66.60771115414,18.2,11.075563301998));
#3535 = VECTOR('',#3536,1.);
#3536 = DIRECTION('',(-6.779901775064E-18,1.,-3.271879725963E-16));
#3537 = PCURVE('',#3505,#3538);
#3538 = DEFINITIONAL_REPRESENTATION('',(#3539),#3543);
#3539 = LINE('',#3540,#3541);
#3540 = CARTESIAN_POINT('',(1.2,18.2));
#3541 = VECTOR('',#3542,1.);
#3542 = DIRECTION('',(-1.068651684042E-18,1.));
#3543 = ( GEOMETRIC_REPRESENTATION_CONTEXT(2) 
PARAMETRIC_REPRESENTATION_CONTEXT() REPRESENTATION_CONTEXT('2D SPACE',''
  ) );
#3544 = PCURVE('',#3545,#3550);
#3545 = PLANE('',#3546);
#3546 = AXIS2_PLACEMENT_3D('',#3547,#3548,#3549);
#3547 = CARTESIAN_POINT('',(-67.7865855006,-4.824654554579E-15,
    12.296323423911));
#3548 = DIRECTION('',(-0.719339800339,-2.321609170667E-16,
    -0.694658370459));
#3549 = DIRECTION('',(-6.779901775063E-18,1.,-3.271879725963E-16));
#3550 = DEFINITIONAL_REPRESENTATION('',(#3551),#3555);
#3551 = LINE('',#3552,#3553);
#3552 = CARTESIAN_POINT('',(18.2,1.697056274848));
#3553 = VECTOR('',#3554,1.);
#3554 = DIRECTION('',(1.,-9.860761315263E-32));
#3555 = ( GEOMETRIC_REPRESENTATION_CONTEXT(2) 
PARAMETRIC_REPRESENTATION_CONTEXT() REPRESENTATION_CONTEXT('2D SPACE',''
  ) );
#3556 = ORIENTED_EDGE('',*,*,#3557,.T.);
#3557 = EDGE_CURVE('',#3530,#3558,#3560,.T.);
#3558 = VERTEX_POINT('',#3559);
#3559 = CARTESIAN_POINT('',(-59.80874682708,18.2,10.956886938225));
#3560 = SURFACE_CURVE('',#3561,(#3565,#3572),.PCURVE_S1.);
#3561 = LINE('',#3562,#3563);
#3562 = CARTESIAN_POINT('',(-67.80752838833,18.2,11.096506189723));
#3563 = VECTOR('',#3564,1.);
#3564 = DIRECTION('',(0.999847695156,1.068651684042E-18,
    -1.745240643728E-02));
#3565 = PCURVE('',#3505,#3566);
#3566 = DEFINITIONAL_REPRESENTATION('',(#3567),#3571);
#3567 = LINE('',#3568,#3569);
#3568 = CARTESIAN_POINT('',(9.300510461659E-17,18.2));
#3569 = VECTOR('',#3570,1.);
#3570 = DIRECTION('',(1.,1.068651684042E-18));
#3571 = ( GEOMETRIC_REPRESENTATION_CONTEXT(2) 
PARAMETRIC_REPRESENTATION_CONTEXT() REPRESENTATION_CONTEXT('2D SPACE',''
  ) );
#3572 = PCURVE('',#3407,#3573);
#3573 = DEFINITIONAL_REPRESENTATION('',(#3574),#3578);
#3574 = LINE('',#3575,#3576);
#3575 = CARTESIAN_POINT('',(0.,-4.640732242933E-14));
#3576 = VECTOR('',#3577,1.);
#3577 = DIRECTION('',(0.,1.));
#3578 = ( GEOMETRIC_REPRESENTATION_CONTEXT(2) 
PARAMETRIC_REPRESENTATION_CONTEXT() REPRESENTATION_CONTEXT('2D SPACE',''
  ) );
#3579 = ORIENTED_EDGE('',*,*,#3580,.T.);
#3580 = EDGE_CURVE('',#3558,#3497,#3581,.T.);
#3581 = SURFACE_CURVE('',#3582,(#3586,#3593),.PCURVE_S1.);
#3582 = LINE('',#3583,#3584);
#3583 = CARTESIAN_POINT('',(-59.80874682708,-3.469446951954E-15,
    10.956886938225));
#3584 = VECTOR('',#3585,1.);
#3585 = DIRECTION('',(6.779901775064E-18,-1.,3.271879725963E-16));
#3586 = PCURVE('',#3505,#3587);
#3587 = DEFINITIONAL_REPRESENTATION('',(#3588),#3592);
#3588 = LINE('',#3589,#3590);
#3589 = CARTESIAN_POINT('',(8.,8.549213472318E-18));
#3590 = VECTOR('',#3591,1.);
#3591 = DIRECTION('',(1.068651684042E-18,-1.));
#3592 = ( GEOMETRIC_REPRESENTATION_CONTEXT(2) 
PARAMETRIC_REPRESENTATION_CONTEXT() REPRESENTATION_CONTEXT('2D SPACE',''
  ) );
#3593 = PCURVE('',#227,#3594);
#3594 = DEFINITIONAL_REPRESENTATION('',(#3595),#3599);
#3595 = LINE('',#3596,#3597);
#3596 = CARTESIAN_POINT('',(3.405337616561E-15,-15.72070929405));
#3597 = VECTOR('',#3598,1.);
#3598 = DIRECTION('',(1.,3.272564658847E-16));
#3599 = ( GEOMETRIC_REPRESENTATION_CONTEXT(2) 
PARAMETRIC_REPRESENTATION_CONTEXT() REPRESENTATION_CONTEXT('2D SPACE',''
  ) );
#3600 = ADVANCED_FACE('',(#3601),#3614,.F.);
#3601 = FACE_BOUND('',#3602,.F.);
#3602 = EDGE_LOOP('',(#3603,#3637,#3659,#3683,#3705));
#3603 = ORIENTED_EDGE('',*,*,#3604,.T.);
#3604 = EDGE_CURVE('',#3605,#3605,#3607,.T.);
#3605 = VERTEX_POINT('',#3606);
#3606 = CARTESIAN_POINT('',(-61.73950521196,16.,14.941190146967));
#3607 = SURFACE_CURVE('',#3608,(#3613,#3625),.PCURVE_S1.);
#3608 = CIRCLE('',#3609,1.25);
#3609 = AXIS2_PLACEMENT_3D('',#3610,#3611,#3612);
#3610 = CARTESIAN_POINT('',(-61.71768970392,16.,16.190999765913));
#3611 = DIRECTION('',(0.999847695156,1.068651684042E-18,
    -1.745240643728E-02));
#3612 = DIRECTION('',(-1.745240643728E-02,0.,-0.999847695156));
#3613 = PCURVE('',#3614,#3619);
#3614 = CYLINDRICAL_SURFACE('',#3615,1.25);
#3615 = AXIS2_PLACEMENT_3D('',#3616,#3617,#3618);
#3616 = CARTESIAN_POINT('',(-67.71677587485,16.,16.295714204536));
#3617 = DIRECTION('',(0.999847695156,1.068651684042E-18,
    -1.745240643728E-02));
#3618 = DIRECTION('',(-1.745240643728E-02,0.,-0.999847695156));
#3619 = DEFINITIONAL_REPRESENTATION('',(#3620),#3624);
#3620 = LINE('',#3621,#3622);
#3621 = CARTESIAN_POINT('',(0.,6.));
#3622 = VECTOR('',#3623,1.);
#3623 = DIRECTION('',(1.,0.));
#3624 = ( GEOMETRIC_REPRESENTATION_CONTEXT(2) 
PARAMETRIC_REPRESENTATION_CONTEXT() REPRESENTATION_CONTEXT('2D SPACE',''
  ) );
#3625 = PCURVE('',#3626,#3631);
#3626 = PLANE('',#3627);
#3627 = AXIS2_PLACEMENT_3D('',#3628,#3629,#3630);
#3628 = CARTESIAN_POINT('',(-61.15921269792,-16.,48.186126010917));
#3629 = DIRECTION('',(0.999847695156,1.068651684042E-18,
    -1.745240643728E-02));
#3630 = DIRECTION('',(-1.068488923214E-18,1.,1.865054352979E-20));
#3631 = DEFINITIONAL_REPRESENTATION('',(#3632),#3636);
#3632 = CIRCLE('',#3633,1.25);
#3633 = AXIS2_PLACEMENT_2D('',#3634,#3635);
#3634 = CARTESIAN_POINT('',(32.,-32.));
#3635 = DIRECTION('',(-7.824090399073E-35,-1.));
#3636 = ( GEOMETRIC_REPRESENTATION_CONTEXT(2) 
PARAMETRIC_REPRESENTATION_CONTEXT() REPRESENTATION_CONTEXT('2D SPACE',''
  ) );
#3637 = ORIENTED_EDGE('',*,*,#3638,.T.);
#3638 = EDGE_CURVE('',#3605,#3639,#3641,.T.);
#3639 = VERTEX_POINT('',#3640);
#3640 = CARTESIAN_POINT('',(-59.73980982165,16.,14.906285334092));
#3641 = SEAM_CURVE('',#3642,(#3645,#3652),.PCURVE_S1.);
#3642 = B_SPLINE_CURVE_WITH_KNOTS('',1,(#3643,#3644),.UNSPECIFIED.,.F.,
  .F.,(2,2),(6.,8.),.PIECEWISE_BEZIER_KNOTS.);
#3643 = CARTESIAN_POINT('',(-61.73950521196,16.,14.941190146967));
#3644 = CARTESIAN_POINT('',(-59.73980982165,16.,14.906285334092));
#3645 = PCURVE('',#3614,#3646);
#3646 = DEFINITIONAL_REPRESENTATION('',(#3647),#3651);
#3647 = LINE('',#3648,#3649);
#3648 = CARTESIAN_POINT('',(6.28318530718,0.));
#3649 = VECTOR('',#3650,1.);
#3650 = DIRECTION('',(0.,1.));
#3651 = ( GEOMETRIC_REPRESENTATION_CONTEXT(2) 
PARAMETRIC_REPRESENTATION_CONTEXT() REPRESENTATION_CONTEXT('2D SPACE',''
  ) );
#3652 = PCURVE('',#3614,#3653);
#3653 = DEFINITIONAL_REPRESENTATION('',(#3654),#3658);
#3654 = LINE('',#3655,#3656);
#3655 = CARTESIAN_POINT('',(0.,0.));
#3656 = VECTOR('',#3657,1.);
#3657 = DIRECTION('',(0.,1.));
#3658 = ( GEOMETRIC_REPRESENTATION_CONTEXT(2) 
PARAMETRIC_REPRESENTATION_CONTEXT() REPRESENTATION_CONTEXT('2D SPACE',''
  ) );
#3659 = ORIENTED_EDGE('',*,*,#3660,.T.);
#3660 = EDGE_CURVE('',#3639,#3661,#3663,.T.);
#3661 = VERTEX_POINT('',#3662);
#3662 = CARTESIAN_POINT('',(-59.69617880556,16.,17.405904571983));
#3663 = SURFACE_CURVE('',#3664,(#3669,#3676),.PCURVE_S1.);
#3664 = CIRCLE('',#3665,1.25);
#3665 = AXIS2_PLACEMENT_3D('',#3666,#3667,#3668);
#3666 = CARTESIAN_POINT('',(-59.7179943136,16.,16.156094953038));
#3667 = DIRECTION('',(-0.999847695156,-1.068651684042E-18,
    1.745240643728E-02));
#3668 = DIRECTION('',(1.745240643728E-02,0.,0.999847695156));
#3669 = PCURVE('',#3614,#3670);
#3670 = DEFINITIONAL_REPRESENTATION('',(#3671),#3675);
#3671 = LINE('',#3672,#3673);
#3672 = CARTESIAN_POINT('',(9.424777960769,8.));
#3673 = VECTOR('',#3674,1.);
#3674 = DIRECTION('',(-1.,0.));
#3675 = ( GEOMETRIC_REPRESENTATION_CONTEXT(2) 
PARAMETRIC_REPRESENTATION_CONTEXT() REPRESENTATION_CONTEXT('2D SPACE',''
  ) );
#3676 = PCURVE('',#227,#3677);
#3677 = DEFINITIONAL_REPRESENTATION('',(#3678),#3682);
#3678 = CIRCLE('',#3679,1.25);
#3679 = AXIS2_PLACEMENT_2D('',#3680,#3681);
#3680 = CARTESIAN_POINT('',(-16.,-10.52070929405));
#3681 = DIRECTION('',(-7.824090399073E-35,1.));
#3682 = ( GEOMETRIC_REPRESENTATION_CONTEXT(2) 
PARAMETRIC_REPRESENTATION_CONTEXT() REPRESENTATION_CONTEXT('2D SPACE',''
  ) );
#3683 = ORIENTED_EDGE('',*,*,#3684,.T.);
#3684 = EDGE_CURVE('',#3661,#3639,#3685,.T.);
#3685 = SURFACE_CURVE('',#3686,(#3691,#3698),.PCURVE_S1.);
#3686 = CIRCLE('',#3687,1.25);
#3687 = AXIS2_PLACEMENT_3D('',#3688,#3689,#3690);
#3688 = CARTESIAN_POINT('',(-59.7179943136,16.,16.156094953038));
#3689 = DIRECTION('',(-0.999847695156,-1.068651684042E-18,
    1.745240643728E-02));
#3690 = DIRECTION('',(1.745240643728E-02,0.,0.999847695156));
#3691 = PCURVE('',#3614,#3692);
#3692 = DEFINITIONAL_REPRESENTATION('',(#3693),#3697);
#3693 = LINE('',#3694,#3695);
#3694 = CARTESIAN_POINT('',(3.14159265359,8.));
#3695 = VECTOR('',#3696,1.);
#3696 = DIRECTION('',(-1.,0.));
#3697 = ( GEOMETRIC_REPRESENTATION_CONTEXT(2) 
PARAMETRIC_REPRESENTATION_CONTEXT() REPRESENTATION_CONTEXT('2D SPACE',''
  ) );
#3698 = PCURVE('',#227,#3699);
#3699 = DEFINITIONAL_REPRESENTATION('',(#3700),#3704);
#3700 = CIRCLE('',#3701,1.25);
#3701 = AXIS2_PLACEMENT_2D('',#3702,#3703);
#3702 = CARTESIAN_POINT('',(-16.,-10.52070929405));
#3703 = DIRECTION('',(-7.824090399073E-35,1.));
#3704 = ( GEOMETRIC_REPRESENTATION_CONTEXT(2) 
PARAMETRIC_REPRESENTATION_CONTEXT() REPRESENTATION_CONTEXT('2D SPACE',''
  ) );
#3705 = ORIENTED_EDGE('',*,*,#3638,.F.);
#3706 = ADVANCED_FACE('',(#3707),#3720,.F.);
#3707 = FACE_BOUND('',#3708,.F.);
#3708 = EDGE_LOOP('',(#3709,#3743,#3765,#3789,#3811));
#3709 = ORIENTED_EDGE('',*,*,#3710,.T.);
#3710 = EDGE_CURVE('',#3711,#3711,#3713,.T.);
#3711 = VERTEX_POINT('',#3712);
#3712 = CARTESIAN_POINT('',(-61.73950521196,-16.,14.941190146967));
#3713 = SURFACE_CURVE('',#3714,(#3719,#3731),.PCURVE_S1.);
#3714 = CIRCLE('',#3715,1.25);
#3715 = AXIS2_PLACEMENT_3D('',#3716,#3717,#3718);
#3716 = CARTESIAN_POINT('',(-61.71768970392,-16.,16.190999765913));
#3717 = DIRECTION('',(0.999847695156,1.068651684042E-18,
    -1.745240643728E-02));
#3718 = DIRECTION('',(-1.745240643728E-02,0.,-0.999847695156));
#3719 = PCURVE('',#3720,#3725);
#3720 = CYLINDRICAL_SURFACE('',#3721,1.25);
#3721 = AXIS2_PLACEMENT_3D('',#3722,#3723,#3724);
#3722 = CARTESIAN_POINT('',(-67.71677587485,-16.,16.295714204536));
#3723 = DIRECTION('',(0.999847695156,1.068651684042E-18,
    -1.745240643728E-02));
#3724 = DIRECTION('',(-1.745240643728E-02,0.,-0.999847695156));
#3725 = DEFINITIONAL_REPRESENTATION('',(#3726),#3730);
#3726 = LINE('',#3727,#3728);
#3727 = CARTESIAN_POINT('',(0.,6.));
#3728 = VECTOR('',#3729,1.);
#3729 = DIRECTION('',(1.,0.));
#3730 = ( GEOMETRIC_REPRESENTATION_CONTEXT(2) 
PARAMETRIC_REPRESENTATION_CONTEXT() REPRESENTATION_CONTEXT('2D SPACE',''
  ) );
#3731 = PCURVE('',#3732,#3737);
#3732 = PLANE('',#3733);
#3733 = AXIS2_PLACEMENT_3D('',#3734,#3735,#3736);
#3734 = CARTESIAN_POINT('',(-61.15921269792,-16.,48.186126010917));
#3735 = DIRECTION('',(0.999847695156,1.068651684042E-18,
    -1.745240643728E-02));
#3736 = DIRECTION('',(-1.068488923214E-18,1.,1.865054352979E-20));
#3737 = DEFINITIONAL_REPRESENTATION('',(#3738),#3742);
#3738 = CIRCLE('',#3739,1.25);
#3739 = AXIS2_PLACEMENT_2D('',#3740,#3741);
#3740 = CARTESIAN_POINT('',(-1.251854463852E-33,-32.));
#3741 = DIRECTION('',(-7.824090399073E-35,-1.));
#3742 = ( GEOMETRIC_REPRESENTATION_CONTEXT(2) 
PARAMETRIC_REPRESENTATION_CONTEXT() REPRESENTATION_CONTEXT('2D SPACE',''
  ) );
#3743 = ORIENTED_EDGE('',*,*,#3744,.T.);
#3744 = EDGE_CURVE('',#3711,#3745,#3747,.T.);
#3745 = VERTEX_POINT('',#3746);
#3746 = CARTESIAN_POINT('',(-59.73980982165,-16.,14.906285334092));
#3747 = SEAM_CURVE('',#3748,(#3751,#3758),.PCURVE_S1.);
#3748 = B_SPLINE_CURVE_WITH_KNOTS('',1,(#3749,#3750),.UNSPECIFIED.,.F.,
  .F.,(2,2),(6.,8.),.PIECEWISE_BEZIER_KNOTS.);
#3749 = CARTESIAN_POINT('',(-61.73950521196,-16.,14.941190146967));
#3750 = CARTESIAN_POINT('',(-59.73980982165,-16.,14.906285334092));
#3751 = PCURVE('',#3720,#3752);
#3752 = DEFINITIONAL_REPRESENTATION('',(#3753),#3757);
#3753 = LINE('',#3754,#3755);
#3754 = CARTESIAN_POINT('',(6.28318530718,0.));
#3755 = VECTOR('',#3756,1.);
#3756 = DIRECTION('',(0.,1.));
#3757 = ( GEOMETRIC_REPRESENTATION_CONTEXT(2) 
PARAMETRIC_REPRESENTATION_CONTEXT() REPRESENTATION_CONTEXT('2D SPACE',''
  ) );
#3758 = PCURVE('',#3720,#3759);
#3759 = DEFINITIONAL_REPRESENTATION('',(#3760),#3764);
#3760 = LINE('',#3761,#3762);
#3761 = CARTESIAN_POINT('',(0.,0.));
#3762 = VECTOR('',#3763,1.);
#3763 = DIRECTION('',(0.,1.));
#3764 = ( GEOMETRIC_REPRESENTATION_CONTEXT(2) 
PARAMETRIC_REPRESENTATION_CONTEXT() REPRESENTATION_CONTEXT('2D SPACE',''
  ) );
#3765 = ORIENTED_EDGE('',*,*,#3766,.T.);
#3766 = EDGE_CURVE('',#3745,#3767,#3769,.T.);
#3767 = VERTEX_POINT('',#3768);
#3768 = CARTESIAN_POINT('',(-59.69617880556,-16.,17.405904571983));
#3769 = SURFACE_CURVE('',#3770,(#3775,#3782),.PCURVE_S1.);
#3770 = CIRCLE('',#3771,1.25);
#3771 = AXIS2_PLACEMENT_3D('',#3772,#3773,#3774);
#3772 = CARTESIAN_POINT('',(-59.7179943136,-16.,16.156094953038));
#3773 = DIRECTION('',(-0.999847695156,-1.068651684042E-18,
    1.745240643728E-02));
#3774 = DIRECTION('',(1.745240643728E-02,0.,0.999847695156));
#3775 = PCURVE('',#3720,#3776);
#3776 = DEFINITIONAL_REPRESENTATION('',(#3777),#3781);
#3777 = LINE('',#3778,#3779);
#3778 = CARTESIAN_POINT('',(9.424777960769,8.));
#3779 = VECTOR('',#3780,1.);
#3780 = DIRECTION('',(-1.,0.));
#3781 = ( GEOMETRIC_REPRESENTATION_CONTEXT(2) 
PARAMETRIC_REPRESENTATION_CONTEXT() REPRESENTATION_CONTEXT('2D SPACE',''
  ) );
#3782 = PCURVE('',#227,#3783);
#3783 = DEFINITIONAL_REPRESENTATION('',(#3784),#3788);
#3784 = CIRCLE('',#3785,1.25);
#3785 = AXIS2_PLACEMENT_2D('',#3786,#3787);
#3786 = CARTESIAN_POINT('',(16.,-10.52070929405));
#3787 = DIRECTION('',(-7.824090399073E-35,1.));
#3788 = ( GEOMETRIC_REPRESENTATION_CONTEXT(2) 
PARAMETRIC_REPRESENTATION_CONTEXT() REPRESENTATION_CONTEXT('2D SPACE',''
  ) );
#3789 = ORIENTED_EDGE('',*,*,#3790,.T.);
#3790 = EDGE_CURVE('',#3767,#3745,#3791,.T.);
#3791 = SURFACE_CURVE('',#3792,(#3797,#3804),.PCURVE_S1.);
#3792 = CIRCLE('',#3793,1.25);
#3793 = AXIS2_PLACEMENT_3D('',#3794,#3795,#3796);
#3794 = CARTESIAN_POINT('',(-59.7179943136,-16.,16.156094953038));
#3795 = DIRECTION('',(-0.999847695156,-1.068651684042E-18,
    1.745240643728E-02));
#3796 = DIRECTION('',(1.745240643728E-02,0.,0.999847695156));
#3797 = PCURVE('',#3720,#3798);
#3798 = DEFINITIONAL_REPRESENTATION('',(#3799),#3803);
#3799 = LINE('',#3800,#3801);
#3800 = CARTESIAN_POINT('',(3.14159265359,8.));
#3801 = VECTOR('',#3802,1.);
#3802 = DIRECTION('',(-1.,0.));
#3803 = ( GEOMETRIC_REPRESENTATION_CONTEXT(2) 
PARAMETRIC_REPRESENTATION_CONTEXT() REPRESENTATION_CONTEXT('2D SPACE',''
  ) );
#3804 = PCURVE('',#227,#3805);
#3805 = DEFINITIONAL_REPRESENTATION('',(#3806),#3810);
#3806 = CIRCLE('',#3807,1.25);
#3807 = AXIS2_PLACEMENT_2D('',#3808,#3809);
#3808 = CARTESIAN_POINT('',(16.,-10.52070929405));
#3809 = DIRECTION('',(-7.824090399073E-35,1.));
#3810 = ( GEOMETRIC_REPRESENTATION_CONTEXT(2) 
PARAMETRIC_REPRESENTATION_CONTEXT() REPRESENTATION_CONTEXT('2D SPACE',''
  ) );
#3811 = ORIENTED_EDGE('',*,*,#3744,.F.);
#3812 = ADVANCED_FACE('',(#3813),#3826,.F.);
#3813 = FACE_BOUND('',#3814,.F.);
#3814 = EDGE_LOOP('',(#3815,#3849,#3871,#3895,#3917));
#3815 = ORIENTED_EDGE('',*,*,#3816,.T.);
#3816 = EDGE_CURVE('',#3817,#3817,#3819,.T.);
#3817 = VERTEX_POINT('',#3818);
#3818 = CARTESIAN_POINT('',(-61.18102820597,16.,46.936316391972));
#3819 = SURFACE_CURVE('',#3820,(#3825,#3837),.PCURVE_S1.);
#3820 = CIRCLE('',#3821,1.25);
#3821 = AXIS2_PLACEMENT_3D('',#3822,#3823,#3824);
#3822 = CARTESIAN_POINT('',(-61.15921269792,16.,48.186126010917));
#3823 = DIRECTION('',(0.999847695156,1.068651684042E-18,
    -1.745240643728E-02));
#3824 = DIRECTION('',(-1.745240643728E-02,0.,-0.999847695156));
#3825 = PCURVE('',#3826,#3831);
#3826 = CYLINDRICAL_SURFACE('',#3827,1.25);
#3827 = AXIS2_PLACEMENT_3D('',#3828,#3829,#3830);
#3828 = CARTESIAN_POINT('',(-67.15829886886,16.,48.290840449541));
#3829 = DIRECTION('',(0.999847695156,1.068651684042E-18,
    -1.745240643728E-02));
#3830 = DIRECTION('',(-1.745240643728E-02,0.,-0.999847695156));
#3831 = DEFINITIONAL_REPRESENTATION('',(#3832),#3836);
#3832 = LINE('',#3833,#3834);
#3833 = CARTESIAN_POINT('',(0.,6.));
#3834 = VECTOR('',#3835,1.);
#3835 = DIRECTION('',(1.,0.));
#3836 = ( GEOMETRIC_REPRESENTATION_CONTEXT(2) 
PARAMETRIC_REPRESENTATION_CONTEXT() REPRESENTATION_CONTEXT('2D SPACE',''
  ) );
#3837 = PCURVE('',#3838,#3843);
#3838 = PLANE('',#3839);
#3839 = AXIS2_PLACEMENT_3D('',#3840,#3841,#3842);
#3840 = CARTESIAN_POINT('',(-61.15921269792,-16.,48.186126010917));
#3841 = DIRECTION('',(0.999847695156,1.068651684042E-18,
    -1.745240643728E-02));
#3842 = DIRECTION('',(-1.068488923214E-18,1.,1.865054352979E-20));
#3843 = DEFINITIONAL_REPRESENTATION('',(#3844),#3848);
#3844 = CIRCLE('',#3845,1.25);
#3845 = AXIS2_PLACEMENT_2D('',#3846,#3847);
#3846 = CARTESIAN_POINT('',(32.,-2.503708927703E-33));
#3847 = DIRECTION('',(-7.824090399073E-35,-1.));
#3848 = ( GEOMETRIC_REPRESENTATION_CONTEXT(2) 
PARAMETRIC_REPRESENTATION_CONTEXT() REPRESENTATION_CONTEXT('2D SPACE',''
  ) );
#3849 = ORIENTED_EDGE('',*,*,#3850,.T.);
#3850 = EDGE_CURVE('',#3817,#3851,#3853,.T.);
#3851 = VERTEX_POINT('',#3852);
#3852 = CARTESIAN_POINT('',(-59.18133281566,16.,46.901411579097));
#3853 = SEAM_CURVE('',#3854,(#3857,#3864),.PCURVE_S1.);
#3854 = B_SPLINE_CURVE_WITH_KNOTS('',1,(#3855,#3856),.UNSPECIFIED.,.F.,
  .F.,(2,2),(6.,8.),.PIECEWISE_BEZIER_KNOTS.);
#3855 = CARTESIAN_POINT('',(-61.18102820597,16.,46.936316391972));
#3856 = CARTESIAN_POINT('',(-59.18133281566,16.,46.901411579097));
#3857 = PCURVE('',#3826,#3858);
#3858 = DEFINITIONAL_REPRESENTATION('',(#3859),#3863);
#3859 = LINE('',#3860,#3861);
#3860 = CARTESIAN_POINT('',(6.28318530718,0.));
#3861 = VECTOR('',#3862,1.);
#3862 = DIRECTION('',(0.,1.));
#3863 = ( GEOMETRIC_REPRESENTATION_CONTEXT(2) 
PARAMETRIC_REPRESENTATION_CONTEXT() REPRESENTATION_CONTEXT('2D SPACE',''
  ) );
#3864 = PCURVE('',#3826,#3865);
#3865 = DEFINITIONAL_REPRESENTATION('',(#3866),#3870);
#3866 = LINE('',#3867,#3868);
#3867 = CARTESIAN_POINT('',(0.,0.));
#3868 = VECTOR('',#3869,1.);
#3869 = DIRECTION('',(0.,1.));
#3870 = ( GEOMETRIC_REPRESENTATION_CONTEXT(2) 
PARAMETRIC_REPRESENTATION_CONTEXT() REPRESENTATION_CONTEXT('2D SPACE',''
  ) );
#3871 = ORIENTED_EDGE('',*,*,#3872,.T.);
#3872 = EDGE_CURVE('',#3851,#3873,#3875,.T.);
#3873 = VERTEX_POINT('',#3874);
#3874 = CARTESIAN_POINT('',(-59.13770179956,16.,49.401030816988));
#3875 = SURFACE_CURVE('',#3876,(#3881,#3888),.PCURVE_S1.);
#3876 = CIRCLE('',#3877,1.25);
#3877 = AXIS2_PLACEMENT_3D('',#3878,#3879,#3880);
#3878 = CARTESIAN_POINT('',(-59.15951730761,16.,48.151221198042));
#3879 = DIRECTION('',(-0.999847695156,-1.068651684042E-18,
    1.745240643728E-02));
#3880 = DIRECTION('',(1.745240643728E-02,0.,0.999847695156));
#3881 = PCURVE('',#3826,#3882);
#3882 = DEFINITIONAL_REPRESENTATION('',(#3883),#3887);
#3883 = LINE('',#3884,#3885);
#3884 = CARTESIAN_POINT('',(9.424777960769,8.));
#3885 = VECTOR('',#3886,1.);
#3886 = DIRECTION('',(-1.,0.));
#3887 = ( GEOMETRIC_REPRESENTATION_CONTEXT(2) 
PARAMETRIC_REPRESENTATION_CONTEXT() REPRESENTATION_CONTEXT('2D SPACE',''
  ) );
#3888 = PCURVE('',#227,#3889);
#3889 = DEFINITIONAL_REPRESENTATION('',(#3890),#3894);
#3890 = CIRCLE('',#3891,1.25);
#3891 = AXIS2_PLACEMENT_2D('',#3892,#3893);
#3892 = CARTESIAN_POINT('',(-16.,21.479290705941));
#3893 = DIRECTION('',(-7.824090399073E-35,1.));
#3894 = ( GEOMETRIC_REPRESENTATION_CONTEXT(2) 
PARAMETRIC_REPRESENTATION_CONTEXT() REPRESENTATION_CONTEXT('2D SPACE',''
  ) );
#3895 = ORIENTED_EDGE('',*,*,#3896,.T.);
#3896 = EDGE_CURVE('',#3873,#3851,#3897,.T.);
#3897 = SURFACE_CURVE('',#3898,(#3903,#3910),.PCURVE_S1.);
#3898 = CIRCLE('',#3899,1.25);
#3899 = AXIS2_PLACEMENT_3D('',#3900,#3901,#3902);
#3900 = CARTESIAN_POINT('',(-59.15951730761,16.,48.151221198042));
#3901 = DIRECTION('',(-0.999847695156,-1.068651684042E-18,
    1.745240643728E-02));
#3902 = DIRECTION('',(1.745240643728E-02,0.,0.999847695156));
#3903 = PCURVE('',#3826,#3904);
#3904 = DEFINITIONAL_REPRESENTATION('',(#3905),#3909);
#3905 = LINE('',#3906,#3907);
#3906 = CARTESIAN_POINT('',(3.14159265359,8.));
#3907 = VECTOR('',#3908,1.);
#3908 = DIRECTION('',(-1.,0.));
#3909 = ( GEOMETRIC_REPRESENTATION_CONTEXT(2) 
PARAMETRIC_REPRESENTATION_CONTEXT() REPRESENTATION_CONTEXT('2D SPACE',''
  ) );
#3910 = PCURVE('',#227,#3911);
#3911 = DEFINITIONAL_REPRESENTATION('',(#3912),#3916);
#3912 = CIRCLE('',#3913,1.25);
#3913 = AXIS2_PLACEMENT_2D('',#3914,#3915);
#3914 = CARTESIAN_POINT('',(-16.,21.479290705941));
#3915 = DIRECTION('',(-7.824090399073E-35,1.));
#3916 = ( GEOMETRIC_REPRESENTATION_CONTEXT(2) 
PARAMETRIC_REPRESENTATION_CONTEXT() REPRESENTATION_CONTEXT('2D SPACE',''
  ) );
#3917 = ORIENTED_EDGE('',*,*,#3850,.F.);
#3918 = ADVANCED_FACE('',(#3919),#3934,.F.);
#3919 = FACE_BOUND('',#3920,.F.);
#3920 = EDGE_LOOP('',(#3921,#3952,#3975,#4045,#4069,#4138));
#3921 = ORIENTED_EDGE('',*,*,#3922,.F.);
#3922 = EDGE_CURVE('',#3923,#3925,#3927,.T.);
#3923 = VERTEX_POINT('',#3924);
#3924 = CARTESIAN_POINT('',(-67.66576520462,-13.78361360928,
    19.218113545028));
#3925 = VERTEX_POINT('',#3926);
#3926 = CARTESIAN_POINT('',(-67.58334339299,-17.06465451103,
    23.940055970989));
#3927 = SURFACE_CURVE('',#3928,(#3933,#3945),.PCURVE_S1.);
#3928 = CIRCLE('',#3929,19.);
#3929 = AXIS2_PLACEMENT_3D('',#3930,#3931,#3932);
#3930 = CARTESIAN_POINT('',(-67.43753737186,-2.180049435445E-17,
    32.293277327039));
#3931 = DIRECTION('',(-0.999847695156,-1.068651684042E-18,
    1.745240643728E-02));
#3932 = DIRECTION('',(1.745240643728E-02,0.,0.999847695156));
#3933 = PCURVE('',#3934,#3939);
#3934 = CYLINDRICAL_SURFACE('',#3935,19.);
#3935 = AXIS2_PLACEMENT_3D('',#3936,#3937,#3938);
#3936 = CARTESIAN_POINT('',(-67.43753737186,-2.180049435445E-17,
    32.293277327039));
#3937 = DIRECTION('',(0.999847695156,1.068651684042E-18,
    -1.745240643728E-02));
#3938 = DIRECTION('',(-1.745240643728E-02,0.,-0.999847695156));
#3939 = DEFINITIONAL_REPRESENTATION('',(#3940),#3944);
#3940 = LINE('',#3941,#3942);
#3941 = CARTESIAN_POINT('',(9.424777960769,-1.849061225342E-13));
#3942 = VECTOR('',#3943,1.);
#3943 = DIRECTION('',(-1.,4.677277235473E-14));
#3944 = ( GEOMETRIC_REPRESENTATION_CONTEXT(2) 
PARAMETRIC_REPRESENTATION_CONTEXT() REPRESENTATION_CONTEXT('2D SPACE',''
  ) );
#3945 = PCURVE('',#126,#3946);
#3946 = DEFINITIONAL_REPRESENTATION('',(#3947),#3951);
#3947 = CIRCLE('',#3948,19.);
#3948 = AXIS2_PLACEMENT_2D('',#3949,#3950);
#3949 = CARTESIAN_POINT('',(-5.085805451074E-17,5.479290705941));
#3950 = DIRECTION('',(-7.824090399073E-35,1.));
#3951 = ( GEOMETRIC_REPRESENTATION_CONTEXT(2) 
PARAMETRIC_REPRESENTATION_CONTEXT() REPRESENTATION_CONTEXT('2D SPACE',''
  ) );
#3952 = ORIENTED_EDGE('',*,*,#3953,.T.);
#3953 = EDGE_CURVE('',#3923,#3954,#3956,.T.);
#3954 = VERTEX_POINT('',#3955);
#3955 = CARTESIAN_POINT('',(-66.94642540428,-14.42157740297,
    19.912771915487));
#3956 = SURFACE_CURVE('',#3957,(#3962,#3968),.PCURVE_S1.);
#3957 = ELLIPSE('',#3958,26.870057685089,19.);
#3958 = AXIS2_PLACEMENT_3D('',#3959,#3960,#3961);
#3959 = CARTESIAN_POINT('',(-54.36237358985,-7.825570111034E-18,
    32.065049494276));
#3960 = DIRECTION('',(-0.694658370459,0.,0.719339800339));
#3961 = DIRECTION('',(0.719339800339,1.511301705025E-18,0.694658370459)
  );
#3962 = PCURVE('',#3934,#3963);
#3963 = DEFINITIONAL_REPRESENTATION('',(#3964),#3967);
#3964 = B_SPLINE_CURVE_WITH_KNOTS('',1,(#3965,#3966),.UNSPECIFIED.,.F.,
  .F.,(2,2),(3.953285495499,4.003415182307),.PIECEWISE_BEZIER_KNOTS.);
#3965 = CARTESIAN_POINT('',(5.47149246527,5.684341886081E-14));
#3966 = CARTESIAN_POINT('',(5.421362778463,0.707106781187));
#3967 = ( GEOMETRIC_REPRESENTATION_CONTEXT(2) 
PARAMETRIC_REPRESENTATION_CONTEXT() REPRESENTATION_CONTEXT('2D SPACE',''
  ) );
#3968 = PCURVE('',#1319,#3969);
#3969 = DEFINITIONAL_REPRESENTATION('',(#3970),#3974);
#3970 = ELLIPSE('',#3971,26.870057685089,19.);
#3971 = AXIS2_PLACEMENT_2D('',#3972,#3973);
#3972 = CARTESIAN_POINT('',(17.993890659894,19.002));
#3973 = DIRECTION('',(1.,1.511301705025E-18));
#3974 = ( GEOMETRIC_REPRESENTATION_CONTEXT(2) 
PARAMETRIC_REPRESENTATION_CONTEXT() REPRESENTATION_CONTEXT('2D SPACE',''
  ) );
#3975 = ORIENTED_EDGE('',*,*,#3976,.T.);
#3976 = EDGE_CURVE('',#3954,#3977,#3979,.T.);
#3977 = VERTEX_POINT('',#3978);
#3978 = CARTESIAN_POINT('',(-59.60192243239,-16.54061166287,
    22.805848574301));
#3979 = SURFACE_CURVE('',#3980,(#3987,#4016),.PCURVE_S1.);
#3980 = B_SPLINE_CURVE_WITH_KNOTS('',3,(#3981,#3982,#3983,#3984,#3985,
    #3986),.UNSPECIFIED.,.F.,.F.,(4,1,1,4),(0.,2.107374211557E-03,
    4.214748423113E-03,8.429496846226E-03),.UNSPECIFIED.);
#3981 = CARTESIAN_POINT('',(-66.94642540428,-14.42157740297,
    19.912771915487));
#3982 = CARTESIAN_POINT('',(-66.50845662018,-14.79085479026,
    20.335713454014));
#3983 = CARTESIAN_POINT('',(-65.53335399997,-15.42048224951,
    21.1297081287));
#3984 = CARTESIAN_POINT('',(-63.13723901465,-16.30166816207,
    22.416534663884));
#3985 = CARTESIAN_POINT('',(-61.02695373335,-16.54061166287,
    22.830722588184));
#3986 = CARTESIAN_POINT('',(-59.60192243239,-16.54061166287,
    22.805848574301));
#3987 = PCURVE('',#3934,#3988);
#3988 = DEFINITIONAL_REPRESENTATION('',(#3989),#4015);
#3989 = B_SPLINE_CURVE_WITH_KNOTS('',3,(#3990,#3991,#3992,#3993,#3994,
    #3995,#3996,#3997,#3998,#3999,#4000,#4001,#4002,#4003,#4004,#4005,
    #4006,#4007,#4008,#4009,#4010,#4011,#4012,#4013,#4014),
  .UNSPECIFIED.,.F.,.F.,(4,1,1,1,1,1,1,1,1,1,1,1,1,1,1,1,1,1,1,1,1,1,4),
  (0.,3.831589475557E-04,7.663178951115E-04,1.149476842667E-03,
    1.532635790223E-03,1.915794737779E-03,2.298953685334E-03,
    2.68211263289E-03,3.065271580446E-03,3.448430528002E-03,
    3.831589475557E-03,4.214748423113E-03,4.597907370669E-03,
    4.981066318225E-03,5.36422526578E-03,5.747384213336E-03,
    6.130543160892E-03,6.513702108448E-03,6.896861056003E-03,
    7.280020003559E-03,7.663178951115E-03,8.046337898671E-03,
    8.429496846226E-03),.QUASI_UNIFORM_KNOTS.);
#3990 = CARTESIAN_POINT('',(5.421362778463,0.707106781187));
#3991 = CARTESIAN_POINT('',(5.415935101316,0.785383277861));
#3992 = CARTESIAN_POINT('',(5.40526914824,0.945243821163));
#3993 = CARTESIAN_POINT('',(5.389843184533,1.195187264882));
#3994 = CARTESIAN_POINT('',(5.374994748265,1.455510769395));
#3995 = CARTESIAN_POINT('',(5.360729103483,1.726450680809));
#3996 = CARTESIAN_POINT('',(5.347053036054,2.008210235787));
#3997 = CARTESIAN_POINT('',(5.33397063527,2.301116194699));
#3998 = CARTESIAN_POINT('',(5.321502612233,2.60491314351));
#3999 = CARTESIAN_POINT('',(5.309686405723,2.918763494888));
#4000 = CARTESIAN_POINT('',(5.298556779792,3.241953181868));
#4001 = CARTESIAN_POINT('',(5.288150046651,3.573735040304));
#4002 = CARTESIAN_POINT('',(5.278502843703,3.913370774413));
#4003 = CARTESIAN_POINT('',(5.269652415437,4.26011971214));
#4004 = CARTESIAN_POINT('',(5.261606356034,4.613440920095));
#4005 = CARTESIAN_POINT('',(5.254372309419,4.972793294281));
#4006 = CARTESIAN_POINT('',(5.247958050601,5.337635776413));
#4007 = CARTESIAN_POINT('',(5.242371511982,5.70742729596));
#4008 = CARTESIAN_POINT('',(5.237620807864,6.081626785671));
#4009 = CARTESIAN_POINT('',(5.23371424162,6.459693177415));
#4010 = CARTESIAN_POINT('',(5.230660298442,6.841085403299));
#4011 = CARTESIAN_POINT('',(5.228467621057,7.225262395365));
#4012 = CARTESIAN_POINT('',(5.227144969034,7.611683085672));
#4013 = CARTESIAN_POINT('',(5.226849092608,7.870431966074));
#4014 = CARTESIAN_POINT('',(5.226849093464,8.));
#4015 = ( GEOMETRIC_REPRESENTATION_CONTEXT(2) 
PARAMETRIC_REPRESENTATION_CONTEXT() REPRESENTATION_CONTEXT('2D SPACE',''
  ) );
#4016 = PCURVE('',#1271,#4017);
#4017 = DEFINITIONAL_REPRESENTATION('',(#4018),#4044);
#4018 = B_SPLINE_CURVE_WITH_KNOTS('',3,(#4019,#4020,#4021,#4022,#4023,
    #4024,#4025,#4026,#4027,#4028,#4029,#4030,#4031,#4032,#4033,#4034,
    #4035,#4036,#4037,#4038,#4039,#4040,#4041,#4042,#4043),
  .UNSPECIFIED.,.F.,.F.,(4,1,1,1,1,1,1,1,1,1,1,1,1,1,1,1,1,1,1,1,1,1,4),
  (0.,3.831589475557E-04,7.663178951115E-04,1.149476842667E-03,
    1.532635790223E-03,1.915794737779E-03,2.298953685334E-03,
    2.68211263289E-03,3.065271580446E-03,3.448430528002E-03,
    3.831589475557E-03,4.214748423113E-03,4.597907370669E-03,
    4.981066318225E-03,5.36422526578E-03,5.747384213336E-03,
    6.130543160892E-03,6.513702108448E-03,6.896861056003E-03,
    7.280020003559E-03,7.663178951115E-03,8.046337898671E-03,
    8.429496846226E-03),.QUASI_UNIFORM_KNOTS.);
#4019 = CARTESIAN_POINT('',(5.515240436302,4.58042259703));
#4020 = CARTESIAN_POINT('',(5.525973985755,4.513281253886));
#4021 = CARTESIAN_POINT('',(5.547553073167,4.382599488555));
#4022 = CARTESIAN_POINT('',(5.58028232338,4.197119605825));
#4023 = CARTESIAN_POINT('',(5.613395218376,4.021923137739));
#4024 = CARTESIAN_POINT('',(5.646920481452,3.856748469225));
#4025 = CARTESIAN_POINT('',(5.680886325269,3.701342396014));
#4026 = CARTESIAN_POINT('',(5.715337262073,3.555420335082));
#4027 = CARTESIAN_POINT('',(5.750259349278,3.418845593292));
#4028 = CARTESIAN_POINT('',(5.78557844619,3.291629367113));
#4029 = CARTESIAN_POINT('',(5.821235113791,3.173751475106));
#4030 = CARTESIAN_POINT('',(5.857169211149,3.065200143518));
#4031 = CARTESIAN_POINT('',(5.893325139752,2.965961345766));
#4032 = CARTESIAN_POINT('',(5.92965223509,2.876021658907));
#4033 = CARTESIAN_POINT('',(5.966142997998,2.795253764649));
#4034 = CARTESIAN_POINT('',(6.002788882126,2.72353038804));
#4035 = CARTESIAN_POINT('',(6.039581229615,2.660724242511));
#4036 = CARTESIAN_POINT('',(6.076511484327,2.606708044611));
#4037 = CARTESIAN_POINT('',(6.11357160136,2.561354510049));
#4038 = CARTESIAN_POINT('',(6.150754411458,2.524536354762));
#4039 = CARTESIAN_POINT('',(6.18805396627,2.496126294624));
#4040 = CARTESIAN_POINT('',(6.22546598103,2.475997045527));
#4041 = CARTESIAN_POINT('',(6.262987861944,2.464021323359));
#4042 = CARTESIAN_POINT('',(6.288076109784,2.461388337124));
#4043 = CARTESIAN_POINT('',(6.3006385997,2.461388337124));
#4044 = ( GEOMETRIC_REPRESENTATION_CONTEXT(2) 
PARAMETRIC_REPRESENTATION_CONTEXT() REPRESENTATION_CONTEXT('2D SPACE',''
  ) );
#4045 = ORIENTED_EDGE('',*,*,#4046,.T.);
#4046 = EDGE_CURVE('',#3977,#4047,#4049,.T.);
#4047 = VERTEX_POINT('',#4048);
#4048 = CARTESIAN_POINT('',(-59.51336565657,-18.51280580939,
    27.879262862838));
#4049 = SURFACE_CURVE('',#4050,(#4055,#4062),.PCURVE_S1.);
#4050 = CIRCLE('',#4051,19.);
#4051 = AXIS2_PLACEMENT_3D('',#4052,#4053,#4054);
#4052 = CARTESIAN_POINT('',(-59.43875581061,-1.325128088212E-17,
    32.15365807554));
#4053 = DIRECTION('',(-0.999847695156,-1.068651684042E-18,
    1.745240643728E-02));
#4054 = DIRECTION('',(1.745240643728E-02,0.,0.999847695156));
#4055 = PCURVE('',#3934,#4056);
#4056 = DEFINITIONAL_REPRESENTATION('',(#4057),#4061);
#4057 = LINE('',#4058,#4059);
#4058 = CARTESIAN_POINT('',(9.424777960769,8.));
#4059 = VECTOR('',#4060,1.);
#4060 = DIRECTION('',(-1.,-2.471327711044E-14));
#4061 = ( GEOMETRIC_REPRESENTATION_CONTEXT(2) 
PARAMETRIC_REPRESENTATION_CONTEXT() REPRESENTATION_CONTEXT('2D SPACE',''
  ) );
#4062 = PCURVE('',#227,#4063);
#4063 = DEFINITIONAL_REPRESENTATION('',(#4064),#4068);
#4064 = CIRCLE('',#4065,19.);
#4065 = AXIS2_PLACEMENT_2D('',#4066,#4067);
#4066 = CARTESIAN_POINT('',(-5.085805451074E-17,5.479290705941));
#4067 = DIRECTION('',(-7.824090399073E-35,1.));
#4068 = ( GEOMETRIC_REPRESENTATION_CONTEXT(2) 
PARAMETRIC_REPRESENTATION_CONTEXT() REPRESENTATION_CONTEXT('2D SPACE',''
  ) );
#4069 = ORIENTED_EDGE('',*,*,#4070,.F.);
#4070 = EDGE_CURVE('',#4071,#4047,#4073,.T.);
#4071 = VERTEX_POINT('',#4072);
#4072 = CARTESIAN_POINT('',(-66.25353055369,-17.64470528557,
    25.224241302491));
#4073 = SURFACE_CURVE('',#4074,(#4080,#4109),.PCURVE_S1.);
#4074 = B_SPLINE_CURVE_WITH_KNOTS('',3,(#4075,#4076,#4077,#4078,#4079),
  .UNSPECIFIED.,.F.,.F.,(4,1,4),(0.,3.729970799764E-03,
    7.459941599528E-03),.UNSPECIFIED.);
#4075 = CARTESIAN_POINT('',(-66.25353055369,-17.64470528557,
    25.224241302491));
#4076 = CARTESIAN_POINT('',(-65.38012704274,-17.98761037072,
    26.067677268896));
#4077 = CARTESIAN_POINT('',(-63.27975690573,-18.4058411561,
    27.435181098869));
#4078 = CARTESIAN_POINT('',(-60.77438909543,-18.51280580939,
    27.901274108839));
#4079 = CARTESIAN_POINT('',(-59.51336565657,-18.51280580939,
    27.879262862838));
#4080 = PCURVE('',#3934,#4081);
#4081 = DEFINITIONAL_REPRESENTATION('',(#4082),#4108);
#4082 = B_SPLINE_CURVE_WITH_KNOTS('',3,(#4083,#4084,#4085,#4086,#4087,
    #4088,#4089,#4090,#4091,#4092,#4093,#4094,#4095,#4096,#4097,#4098,
    #4099,#4100,#4101,#4102,#4103,#4104,#4105,#4106,#4107),
  .UNSPECIFIED.,.F.,.F.,(4,1,1,1,1,1,1,1,1,1,1,1,1,1,1,1,1,1,1,1,1,1,4),
  (0.,3.39088254524E-04,6.78176509048E-04,1.017264763572E-03,
    1.356353018096E-03,1.69544127262E-03,2.034529527144E-03,
    2.373617781668E-03,2.712706036192E-03,3.051794290716E-03,
    3.39088254524E-03,3.729970799764E-03,4.069059054288E-03,
    4.408147308812E-03,4.747235563336E-03,5.08632381786E-03,
    5.425412072384E-03,5.764500326908E-03,6.103588581432E-03,
    6.442676835956E-03,6.78176509048E-03,7.120853345004E-03,
    7.459941599528E-03),.QUASI_UNIFORM_KNOTS.);
#4083 = CARTESIAN_POINT('',(5.092378024613,1.307198178013));
#4084 = CARTESIAN_POINT('',(5.087954633153,1.385248223475));
#4085 = CARTESIAN_POINT('',(5.079277384369,1.544315942561));
#4086 = CARTESIAN_POINT('',(5.066778406058,1.791485133434));
#4087 = CARTESIAN_POINT('',(5.054804454629,2.046886664308));
#4088 = CARTESIAN_POINT('',(5.043364223632,2.31018526294));
#4089 = CARTESIAN_POINT('',(5.032466765442,2.581045657087));
#4090 = CARTESIAN_POINT('',(5.022121534687,2.859132574505));
#4091 = CARTESIAN_POINT('',(5.012338363754,3.144110742951));
#4092 = CARTESIAN_POINT('',(5.00312745435,3.435644890183));
#4093 = CARTESIAN_POINT('',(4.994499361575,3.733399743956));
#4094 = CARTESIAN_POINT('',(4.986464978617,4.037040032027));
#4095 = CARTESIAN_POINT('',(4.979035510641,4.346230482154));
#4096 = CARTESIAN_POINT('',(4.972222472603,4.660635822093));
#4097 = CARTESIAN_POINT('',(4.966031334383,4.979839625205));
#4098 = CARTESIAN_POINT('',(4.960467570714,5.30342546485));
#4099 = CARTESIAN_POINT('',(4.955536708853,5.63097691439));
#4100 = CARTESIAN_POINT('',(4.951244339866,5.962077547186));
#4101 = CARTESIAN_POINT('',(4.94759613191,6.296310936599));
#4102 = CARTESIAN_POINT('',(4.944597834655,6.633260655988));
#4103 = CARTESIAN_POINT('',(4.942255277236,6.972510278716));
#4104 = CARTESIAN_POINT('',(4.940574358348,7.313643378142));
#4105 = CARTESIAN_POINT('',(4.939561028698,7.656243527629));
#4106 = CARTESIAN_POINT('',(4.939334518478,7.885344042901));
#4107 = CARTESIAN_POINT('',(4.939334518774,8.));
#4108 = ( GEOMETRIC_REPRESENTATION_CONTEXT(2) 
PARAMETRIC_REPRESENTATION_CONTEXT() REPRESENTATION_CONTEXT('2D SPACE',''
  ) );
#4109 = PCURVE('',#1172,#4110);
#4110 = DEFINITIONAL_REPRESENTATION('',(#4111),#4137);
#4111 = B_SPLINE_CURVE_WITH_KNOTS('',3,(#4112,#4113,#4114,#4115,#4116,
    #4117,#4118,#4119,#4120,#4121,#4122,#4123,#4124,#4125,#4126,#4127,
    #4128,#4129,#4130,#4131,#4132,#4133,#4134,#4135,#4136),
  .UNSPECIFIED.,.F.,.F.,(4,1,1,1,1,1,1,1,1,1,1,1,1,1,1,1,1,1,1,1,1,1,4),
  (0.,3.39088254524E-04,6.78176509048E-04,1.017264763572E-03,
    1.356353018096E-03,1.69544127262E-03,2.034529527144E-03,
    2.373617781668E-03,2.712706036192E-03,3.051794290716E-03,
    3.39088254524E-03,3.729970799764E-03,4.069059054288E-03,
    4.408147308812E-03,4.747235563336E-03,5.08632381786E-03,
    5.425412072384E-03,5.764500326908E-03,6.103588581432E-03,
    6.442676835956E-03,6.78176509048E-03,7.120853345004E-03,
    7.459941599528E-03),.QUASI_UNIFORM_KNOTS.);
#4112 = CARTESIAN_POINT('',(5.515240436302,1.357294714425));
#4113 = CARTESIAN_POINT('',(5.526902170818,1.326121524867));
#4114 = CARTESIAN_POINT('',(5.550254215537,1.265986545624));
#4115 = CARTESIAN_POINT('',(5.585364270815,1.182165955607));
#4116 = CARTESIAN_POINT('',(5.620552774441,1.104474923659));
#4117 = CARTESIAN_POINT('',(5.655815489999,1.032661129));
#4118 = CARTESIAN_POINT('',(5.69114805528,0.966472250852));
#4119 = CARTESIAN_POINT('',(5.726546163651,0.905655968436));
#4120 = CARTESIAN_POINT('',(5.762005850389,0.849959960973));
#4121 = CARTESIAN_POINT('',(5.79752375081,0.799131907684));
#4122 = CARTESIAN_POINT('',(5.83309735676,0.752919487791));
#4123 = CARTESIAN_POINT('',(5.868725286609,0.711070380514));
#4124 = CARTESIAN_POINT('',(5.904407470474,0.673332265075));
#4125 = CARTESIAN_POINT('',(5.940145618449,0.639452820694));
#4126 = CARTESIAN_POINT('',(5.975940556745,0.609322351476));
#4127 = CARTESIAN_POINT('',(6.011792278235,0.582831161524));
#4128 = CARTESIAN_POINT('',(6.047700408744,0.559869554942));
#4129 = CARTESIAN_POINT('',(6.083664384275,0.540327835832));
#4130 = CARTESIAN_POINT('',(6.119683706596,0.524096308299));
#4131 = CARTESIAN_POINT('',(6.155758181814,0.511065276446));
#4132 = CARTESIAN_POINT('',(6.191888146506,0.501125044376));
#4133 = CARTESIAN_POINT('',(6.228074748611,0.494165916193));
#4134 = CARTESIAN_POINT('',(6.264319999891,0.490078196));
#4135 = CARTESIAN_POINT('',(6.288525103961,0.489194190601));
#4136 = CARTESIAN_POINT('',(6.3006385997,0.489194190601));
#4137 = ( GEOMETRIC_REPRESENTATION_CONTEXT(2) 
PARAMETRIC_REPRESENTATION_CONTEXT() REPRESENTATION_CONTEXT('2D SPACE',''
  ) );
#4138 = ORIENTED_EDGE('',*,*,#4139,.F.);
#4139 = EDGE_CURVE('',#3925,#4071,#4140,.T.);
#4140 = SURFACE_CURVE('',#4141,(#4146,#4152),.PCURVE_S1.);
#4141 = ELLIPSE('',#4142,26.870057685089,19.);
#4142 = AXIS2_PLACEMENT_3D('',#4143,#4144,#4145);
#4143 = CARTESIAN_POINT('',(-59.08431601581,-1.287245050081E-17,
    32.147471305909));
#4144 = DIRECTION('',(-0.694658370459,0.,0.719339800339));
#4145 = DIRECTION('',(0.719339800339,1.511301705025E-18,0.694658370459)
  );
#4146 = PCURVE('',#3934,#4147);
#4147 = DEFINITIONAL_REPRESENTATION('',(#4148),#4151);
#4148 = B_SPLINE_CURVE_WITH_KNOTS('',1,(#4149,#4150),.UNSPECIFIED.,.F.,
  .F.,(2,2),(4.257113000258,4.332399936156),.PIECEWISE_BEZIER_KNOTS.);
#4149 = CARTESIAN_POINT('',(5.167664960511,5.684341886081E-14));
#4150 = CARTESIAN_POINT('',(5.092378024613,1.307198178013));
#4151 = ( GEOMETRIC_REPRESENTATION_CONTEXT(2) 
PARAMETRIC_REPRESENTATION_CONTEXT() REPRESENTATION_CONTEXT('2D SPACE',''
  ) );
#4152 = PCURVE('',#1116,#4153);
#4153 = DEFINITIONAL_REPRESENTATION('',(#4154),#4158);
#4154 = ELLIPSE('',#4155,26.870057685089,19.);
#4155 = AXIS2_PLACEMENT_2D('',#4156,#4157);
#4156 = CARTESIAN_POINT('',(10.890709722781,19.002));
#4157 = DIRECTION('',(1.,1.511301705025E-18));
#4158 = ( GEOMETRIC_REPRESENTATION_CONTEXT(2) 
PARAMETRIC_REPRESENTATION_CONTEXT() REPRESENTATION_CONTEXT('2D SPACE',''
  ) );
#4159 = ADVANCED_FACE('',(#4160),#4174,.T.);
#4160 = FACE_BOUND('',#4161,.T.);
#4161 = EDGE_LOOP('',(#4162,#4192,#4220,#4243));
#4162 = ORIENTED_EDGE('',*,*,#4163,.F.);
#4163 = EDGE_CURVE('',#4164,#4166,#4168,.T.);
#4164 = VERTEX_POINT('',#4165);
#4165 = CARTESIAN_POINT('',(-65.92008634051,-21.2,50.46956249116));
#4166 = VERTEX_POINT('',#4167);
#4167 = CARTESIAN_POINT('',(-59.12112201345,-21.2,50.350886127387));
#4168 = SURFACE_CURVE('',#4169,(#4173,#4185),.PCURVE_S1.);
#4169 = LINE('',#4170,#4171);
#4170 = CARTESIAN_POINT('',(-67.1199035747,-21.2,50.490505378885));
#4171 = VECTOR('',#4172,1.);
#4172 = DIRECTION('',(0.999847695156,1.068651684042E-18,
    -1.745240643728E-02));
#4173 = PCURVE('',#4174,#4179);
#4174 = PLANE('',#4175);
#4175 = AXIS2_PLACEMENT_3D('',#4176,#4177,#4178);
#4176 = CARTESIAN_POINT('',(-67.43753737186,-21.2,32.293277327039));
#4177 = DIRECTION('',(6.780771783411E-18,-1.,3.272378153412E-16));
#4178 = DIRECTION('',(0.,-3.272378153412E-16,-1.));
#4179 = DEFINITIONAL_REPRESENTATION('',(#4180),#4184);
#4180 = LINE('',#4181,#4182);
#4181 = CARTESIAN_POINT('',(-18.19722805184,0.317633797159));
#4182 = VECTOR('',#4183,1.);
#4183 = DIRECTION('',(1.745240643728E-02,0.999847695156));
#4184 = ( GEOMETRIC_REPRESENTATION_CONTEXT(2) 
PARAMETRIC_REPRESENTATION_CONTEXT() REPRESENTATION_CONTEXT('2D SPACE',''
  ) );
#4185 = PCURVE('',#3348,#4186);
#4186 = DEFINITIONAL_REPRESENTATION('',(#4187),#4191);
#4187 = LINE('',#4188,#4189);
#4188 = CARTESIAN_POINT('',(4.712388980385,-5.329070518201E-15));
#4189 = VECTOR('',#4190,1.);
#4190 = DIRECTION('',(0.,1.));
#4191 = ( GEOMETRIC_REPRESENTATION_CONTEXT(2) 
PARAMETRIC_REPRESENTATION_CONTEXT() REPRESENTATION_CONTEXT('2D SPACE',''
  ) );
#4192 = ORIENTED_EDGE('',*,*,#4193,.T.);
#4193 = EDGE_CURVE('',#4164,#4194,#4196,.T.);
#4194 = VERTEX_POINT('',#4195);
#4195 = CARTESIAN_POINT('',(-66.55535393483,-21.2,14.075106387467));
#4196 = SURFACE_CURVE('',#4197,(#4201,#4208),.PCURVE_S1.);
#4197 = LINE('',#4198,#4199);
#4198 = CARTESIAN_POINT('',(-66.23772013767,-21.2,32.272334439314));
#4199 = VECTOR('',#4200,1.);
#4200 = DIRECTION('',(-1.745240643728E-02,-3.27306316222E-16,
    -0.999847695156));
#4201 = PCURVE('',#4174,#4202);
#4202 = DEFINITIONAL_REPRESENTATION('',(#4203),#4207);
#4203 = LINE('',#4204,#4205);
#4204 = CARTESIAN_POINT('',(2.09428877247E-02,1.199817234188));
#4205 = VECTOR('',#4206,1.);
#4206 = DIRECTION('',(0.999847695156,-1.745240643728E-02));
#4207 = ( GEOMETRIC_REPRESENTATION_CONTEXT(2) 
PARAMETRIC_REPRESENTATION_CONTEXT() REPRESENTATION_CONTEXT('2D SPACE',''
  ) );
#4208 = PCURVE('',#4209,#4214);
#4209 = PLANE('',#4210);
#4210 = AXIS2_PLACEMENT_3D('',#4211,#4212,#4213);
#4211 = CARTESIAN_POINT('',(-66.23772013767,-21.2,32.272334439314));
#4212 = DIRECTION('',(0.706999085399,0.707106781187,-1.234071493983E-02)
  );
#4213 = DIRECTION('',(-1.745240643728E-02,-2.98372437868E-16,
    -0.999847695156));
#4214 = DEFINITIONAL_REPRESENTATION('',(#4215),#4219);
#4215 = LINE('',#4216,#4217);
#4216 = CARTESIAN_POINT('',(-0.,0.));
#4217 = VECTOR('',#4218,1.);
#4218 = DIRECTION('',(1.,3.469446951954E-18));
#4219 = ( GEOMETRIC_REPRESENTATION_CONTEXT(2) 
PARAMETRIC_REPRESENTATION_CONTEXT() REPRESENTATION_CONTEXT('2D SPACE',''
  ) );
#4220 = ORIENTED_EDGE('',*,*,#4221,.T.);
#4221 = EDGE_CURVE('',#4194,#4222,#4224,.T.);
#4222 = VERTEX_POINT('',#4223);
#4223 = CARTESIAN_POINT('',(-59.75638960777,-21.2,13.956430023694));
#4224 = SURFACE_CURVE('',#4225,(#4229,#4236),.PCURVE_S1.);
#4225 = LINE('',#4226,#4227);
#4226 = CARTESIAN_POINT('',(-59.75638960777,-21.2,13.956430023694));
#4227 = VECTOR('',#4228,1.);
#4228 = DIRECTION('',(0.999847695156,1.068651684042E-18,
    -1.745240643728E-02));
#4229 = PCURVE('',#4174,#4230);
#4230 = DEFINITIONAL_REPRESENTATION('',(#4231),#4235);
#4231 = LINE('',#4232,#4233);
#4232 = CARTESIAN_POINT('',(18.336847303345,7.681147764093));
#4233 = VECTOR('',#4234,1.);
#4234 = DIRECTION('',(1.745240643728E-02,0.999847695156));
#4235 = ( GEOMETRIC_REPRESENTATION_CONTEXT(2) 
PARAMETRIC_REPRESENTATION_CONTEXT() REPRESENTATION_CONTEXT('2D SPACE',''
  ) );
#4236 = PCURVE('',#3517,#4237);
#4237 = DEFINITIONAL_REPRESENTATION('',(#4238),#4242);
#4238 = LINE('',#4239,#4240);
#4239 = CARTESIAN_POINT('',(4.712388980385,-8.));
#4240 = VECTOR('',#4241,1.);
#4241 = DIRECTION('',(-1.306144734853E-16,-1.));
#4242 = ( GEOMETRIC_REPRESENTATION_CONTEXT(2) 
PARAMETRIC_REPRESENTATION_CONTEXT() REPRESENTATION_CONTEXT('2D SPACE',''
  ) );
#4243 = ORIENTED_EDGE('',*,*,#4244,.F.);
#4244 = EDGE_CURVE('',#4166,#4222,#4245,.T.);
#4245 = SURFACE_CURVE('',#4246,(#4250,#4257),.PCURVE_S1.);
#4246 = LINE('',#4247,#4248);
#4247 = CARTESIAN_POINT('',(-59.43875581061,-21.2,32.15365807554));
#4248 = VECTOR('',#4249,1.);
#4249 = DIRECTION('',(-1.745240643728E-02,-3.27306316222E-16,
    -0.999847695156));
#4250 = PCURVE('',#4174,#4251);
#4251 = DEFINITIONAL_REPRESENTATION('',(#4252),#4256);
#4252 = LINE('',#4253,#4254);
#4253 = CARTESIAN_POINT('',(0.139619251498,7.998781561251));
#4254 = VECTOR('',#4255,1.);
#4255 = DIRECTION('',(0.999847695156,-1.745240643728E-02));
#4256 = ( GEOMETRIC_REPRESENTATION_CONTEXT(2) 
PARAMETRIC_REPRESENTATION_CONTEXT() REPRESENTATION_CONTEXT('2D SPACE',''
  ) );
#4257 = PCURVE('',#227,#4258);
#4258 = DEFINITIONAL_REPRESENTATION('',(#4259),#4263);
#4259 = LINE('',#4260,#4261);
#4260 = CARTESIAN_POINT('',(21.2,5.479290705941));
#4261 = VECTOR('',#4262,1.);
#4262 = DIRECTION('',(3.27306316222E-16,-1.));
#4263 = ( GEOMETRIC_REPRESENTATION_CONTEXT(2) 
PARAMETRIC_REPRESENTATION_CONTEXT() REPRESENTATION_CONTEXT('2D SPACE',''
  ) );
#4264 = ADVANCED_FACE('',(#4265),#4278,.F.);
#4265 = FACE_BOUND('',#4266,.F.);
#4266 = EDGE_LOOP('',(#4267,#4301,#4323,#4347,#4369));
#4267 = ORIENTED_EDGE('',*,*,#4268,.T.);
#4268 = EDGE_CURVE('',#4269,#4269,#4271,.T.);
#4269 = VERTEX_POINT('',#4270);
#4270 = CARTESIAN_POINT('',(-61.18102820597,-16.,46.936316391972));
#4271 = SURFACE_CURVE('',#4272,(#4277,#4289),.PCURVE_S1.);
#4272 = CIRCLE('',#4273,1.25);
#4273 = AXIS2_PLACEMENT_3D('',#4274,#4275,#4276);
#4274 = CARTESIAN_POINT('',(-61.15921269792,-16.,48.186126010917));
#4275 = DIRECTION('',(0.999847695156,1.068651684042E-18,
    -1.745240643728E-02));
#4276 = DIRECTION('',(-1.745240643728E-02,0.,-0.999847695156));
#4277 = PCURVE('',#4278,#4283);
#4278 = CYLINDRICAL_SURFACE('',#4279,1.25);
#4279 = AXIS2_PLACEMENT_3D('',#4280,#4281,#4282);
#4280 = CARTESIAN_POINT('',(-67.15829886886,-16.,48.290840449541));
#4281 = DIRECTION('',(0.999847695156,1.068651684042E-18,
    -1.745240643728E-02));
#4282 = DIRECTION('',(-1.745240643728E-02,0.,-0.999847695156));
#4283 = DEFINITIONAL_REPRESENTATION('',(#4284),#4288);
#4284 = LINE('',#4285,#4286);
#4285 = CARTESIAN_POINT('',(0.,6.));
#4286 = VECTOR('',#4287,1.);
#4287 = DIRECTION('',(1.,0.));
#4288 = ( GEOMETRIC_REPRESENTATION_CONTEXT(2) 
PARAMETRIC_REPRESENTATION_CONTEXT() REPRESENTATION_CONTEXT('2D SPACE',''
  ) );
#4289 = PCURVE('',#4290,#4295);
#4290 = PLANE('',#4291);
#4291 = AXIS2_PLACEMENT_3D('',#4292,#4293,#4294);
#4292 = CARTESIAN_POINT('',(-61.15921269792,-16.,48.186126010917));
#4293 = DIRECTION('',(0.999847695156,1.068651684042E-18,
    -1.745240643728E-02));
#4294 = DIRECTION('',(-1.068488923214E-18,1.,1.865054352979E-20));
#4295 = DEFINITIONAL_REPRESENTATION('',(#4296),#4300);
#4296 = CIRCLE('',#4297,1.25);
#4297 = AXIS2_PLACEMENT_2D('',#4298,#4299);
#4298 = CARTESIAN_POINT('',(0.,0.));
#4299 = DIRECTION('',(-7.824090399073E-35,-1.));
#4300 = ( GEOMETRIC_REPRESENTATION_CONTEXT(2) 
PARAMETRIC_REPRESENTATION_CONTEXT() REPRESENTATION_CONTEXT('2D SPACE',''
  ) );
#4301 = ORIENTED_EDGE('',*,*,#4302,.T.);
#4302 = EDGE_CURVE('',#4269,#4303,#4305,.T.);
#4303 = VERTEX_POINT('',#4304);
#4304 = CARTESIAN_POINT('',(-59.18133281566,-16.,46.901411579097));
#4305 = SEAM_CURVE('',#4306,(#4309,#4316),.PCURVE_S1.);
#4306 = B_SPLINE_CURVE_WITH_KNOTS('',1,(#4307,#4308),.UNSPECIFIED.,.F.,
  .F.,(2,2),(6.,8.),.PIECEWISE_BEZIER_KNOTS.);
#4307 = CARTESIAN_POINT('',(-61.18102820597,-16.,46.936316391972));
#4308 = CARTESIAN_POINT('',(-59.18133281566,-16.,46.901411579097));
#4309 = PCURVE('',#4278,#4310);
#4310 = DEFINITIONAL_REPRESENTATION('',(#4311),#4315);
#4311 = LINE('',#4312,#4313);
#4312 = CARTESIAN_POINT('',(6.28318530718,0.));
#4313 = VECTOR('',#4314,1.);
#4314 = DIRECTION('',(0.,1.));
#4315 = ( GEOMETRIC_REPRESENTATION_CONTEXT(2) 
PARAMETRIC_REPRESENTATION_CONTEXT() REPRESENTATION_CONTEXT('2D SPACE',''
  ) );
#4316 = PCURVE('',#4278,#4317);
#4317 = DEFINITIONAL_REPRESENTATION('',(#4318),#4322);
#4318 = LINE('',#4319,#4320);
#4319 = CARTESIAN_POINT('',(0.,0.));
#4320 = VECTOR('',#4321,1.);
#4321 = DIRECTION('',(0.,1.));
#4322 = ( GEOMETRIC_REPRESENTATION_CONTEXT(2) 
PARAMETRIC_REPRESENTATION_CONTEXT() REPRESENTATION_CONTEXT('2D SPACE',''
  ) );
#4323 = ORIENTED_EDGE('',*,*,#4324,.T.);
#4324 = EDGE_CURVE('',#4303,#4325,#4327,.T.);
#4325 = VERTEX_POINT('',#4326);
#4326 = CARTESIAN_POINT('',(-59.13770179956,-16.,49.401030816988));
#4327 = SURFACE_CURVE('',#4328,(#4333,#4340),.PCURVE_S1.);
#4328 = CIRCLE('',#4329,1.25);
#4329 = AXIS2_PLACEMENT_3D('',#4330,#4331,#4332);
#4330 = CARTESIAN_POINT('',(-59.15951730761,-16.,48.151221198042));
#4331 = DIRECTION('',(-0.999847695156,-1.068651684042E-18,
    1.745240643728E-02));
#4332 = DIRECTION('',(1.745240643728E-02,0.,0.999847695156));
#4333 = PCURVE('',#4278,#4334);
#4334 = DEFINITIONAL_REPRESENTATION('',(#4335),#4339);
#4335 = LINE('',#4336,#4337);
#4336 = CARTESIAN_POINT('',(9.424777960769,8.));
#4337 = VECTOR('',#4338,1.);
#4338 = DIRECTION('',(-1.,0.));
#4339 = ( GEOMETRIC_REPRESENTATION_CONTEXT(2) 
PARAMETRIC_REPRESENTATION_CONTEXT() REPRESENTATION_CONTEXT('2D SPACE',''
  ) );
#4340 = PCURVE('',#227,#4341);
#4341 = DEFINITIONAL_REPRESENTATION('',(#4342),#4346);
#4342 = CIRCLE('',#4343,1.25);
#4343 = AXIS2_PLACEMENT_2D('',#4344,#4345);
#4344 = CARTESIAN_POINT('',(16.,21.479290705941));
#4345 = DIRECTION('',(-7.824090399073E-35,1.));
#4346 = ( GEOMETRIC_REPRESENTATION_CONTEXT(2) 
PARAMETRIC_REPRESENTATION_CONTEXT() REPRESENTATION_CONTEXT('2D SPACE',''
  ) );
#4347 = ORIENTED_EDGE('',*,*,#4348,.T.);
#4348 = EDGE_CURVE('',#4325,#4303,#4349,.T.);
#4349 = SURFACE_CURVE('',#4350,(#4355,#4362),.PCURVE_S1.);
#4350 = CIRCLE('',#4351,1.25);
#4351 = AXIS2_PLACEMENT_3D('',#4352,#4353,#4354);
#4352 = CARTESIAN_POINT('',(-59.15951730761,-16.,48.151221198042));
#4353 = DIRECTION('',(-0.999847695156,-1.068651684042E-18,
    1.745240643728E-02));
#4354 = DIRECTION('',(1.745240643728E-02,0.,0.999847695156));
#4355 = PCURVE('',#4278,#4356);
#4356 = DEFINITIONAL_REPRESENTATION('',(#4357),#4361);
#4357 = LINE('',#4358,#4359);
#4358 = CARTESIAN_POINT('',(3.14159265359,8.));
#4359 = VECTOR('',#4360,1.);
#4360 = DIRECTION('',(-1.,0.));
#4361 = ( GEOMETRIC_REPRESENTATION_CONTEXT(2) 
PARAMETRIC_REPRESENTATION_CONTEXT() REPRESENTATION_CONTEXT('2D SPACE',''
  ) );
#4362 = PCURVE('',#227,#4363);
#4363 = DEFINITIONAL_REPRESENTATION('',(#4364),#4368);
#4364 = CIRCLE('',#4365,1.25);
#4365 = AXIS2_PLACEMENT_2D('',#4366,#4367);
#4366 = CARTESIAN_POINT('',(16.,21.479290705941));
#4367 = DIRECTION('',(-7.824090399073E-35,1.));
#4368 = ( GEOMETRIC_REPRESENTATION_CONTEXT(2) 
PARAMETRIC_REPRESENTATION_CONTEXT() REPRESENTATION_CONTEXT('2D SPACE',''
  ) );
#4369 = ORIENTED_EDGE('',*,*,#4302,.F.);
#4370 = ADVANCED_FACE('',(#4371,#4581,#4612,#4643,#4674,#4705,#4751,
    #4797,#4844,#4890,#4936),#126,.T.);
#4371 = FACE_BOUND('',#4372,.T.);
#4372 = EDGE_LOOP('',(#4373,#4404,#4427,#4456,#4479,#4508,#4531,#4560));
#4373 = ORIENTED_EDGE('',*,*,#4374,.T.);
#4374 = EDGE_CURVE('',#4375,#4377,#4379,.T.);
#4375 = VERTEX_POINT('',#4376);
#4376 = CARTESIAN_POINT('',(-67.7865855006,-18.2,12.296323423911));
#4377 = VERTEX_POINT('',#4378);
#4378 = CARTESIAN_POINT('',(-67.75517116902,-20.,14.096049275192));
#4379 = SURFACE_CURVE('',#4380,(#4385,#4392),.PCURVE_S1.);
#4380 = CIRCLE('',#4381,1.8);
#4381 = AXIS2_PLACEMENT_3D('',#4382,#4383,#4384);
#4382 = CARTESIAN_POINT('',(-67.75517116902,-18.2,14.096049275192));
#4383 = DIRECTION('',(-0.999847695156,-1.068651684042E-18,
    1.745240643728E-02));
#4384 = DIRECTION('',(1.745240643728E-02,0.,0.999847695156));
#4385 = PCURVE('',#126,#4386);
#4386 = DEFINITIONAL_REPRESENTATION('',(#4387),#4391);
#4387 = CIRCLE('',#4388,1.8);
#4388 = AXIS2_PLACEMENT_2D('',#4389,#4390);
#4389 = CARTESIAN_POINT('',(18.2,-12.72070929405));
#4390 = DIRECTION('',(-7.824090399073E-35,1.));
#4391 = ( GEOMETRIC_REPRESENTATION_CONTEXT(2) 
PARAMETRIC_REPRESENTATION_CONTEXT() REPRESENTATION_CONTEXT('2D SPACE',''
  ) );
#4392 = PCURVE('',#4393,#4398);
#4393 = CONICAL_SURFACE('',#4394,1.8,0.785398163397);
#4394 = AXIS2_PLACEMENT_3D('',#4395,#4396,#4397);
#4395 = CARTESIAN_POINT('',(-67.75517116902,-18.2,14.096049275192));
#4396 = DIRECTION('',(0.999847695156,0.,-1.745240643728E-02));
#4397 = DIRECTION('',(-1.745240643728E-02,0.,-0.999847695156));
#4398 = DEFINITIONAL_REPRESENTATION('',(#4399),#4403);
#4399 = LINE('',#4400,#4401);
#4400 = CARTESIAN_POINT('',(9.424777960769,-2.331468351713E-15));
#4401 = VECTOR('',#4402,1.);
#4402 = DIRECTION('',(-1.,5.654319433713E-16));
#4403 = ( GEOMETRIC_REPRESENTATION_CONTEXT(2) 
PARAMETRIC_REPRESENTATION_CONTEXT() REPRESENTATION_CONTEXT('2D SPACE',''
  ) );
#4404 = ORIENTED_EDGE('',*,*,#4405,.T.);
#4405 = EDGE_CURVE('',#4377,#4406,#4408,.T.);
#4406 = VERTEX_POINT('',#4407);
#4407 = CARTESIAN_POINT('',(-67.1199035747,-20.,50.490505378885));
#4408 = SURFACE_CURVE('',#4409,(#4413,#4420),.PCURVE_S1.);
#4409 = LINE('',#4410,#4411);
#4410 = CARTESIAN_POINT('',(-67.53316418025,-20.,26.814821143612));
#4411 = VECTOR('',#4412,1.);
#4412 = DIRECTION('',(1.745240643728E-02,3.27306316222E-16,
    0.999847695156));
#4413 = PCURVE('',#126,#4414);
#4414 = DEFINITIONAL_REPRESENTATION('',(#4415),#4419);
#4415 = LINE('',#4416,#4417);
#4416 = CARTESIAN_POINT('',(20.,1.564818079815E-33));
#4417 = VECTOR('',#4418,1.);
#4418 = DIRECTION('',(-3.27306316222E-16,1.));
#4419 = ( GEOMETRIC_REPRESENTATION_CONTEXT(2) 
PARAMETRIC_REPRESENTATION_CONTEXT() REPRESENTATION_CONTEXT('2D SPACE',''
  ) );
#4420 = PCURVE('',#4209,#4421);
#4421 = DEFINITIONAL_REPRESENTATION('',(#4422),#4426);
#4422 = LINE('',#4423,#4424);
#4423 = CARTESIAN_POINT('',(5.479290705941,1.697056274848));
#4424 = VECTOR('',#4425,1.);
#4425 = DIRECTION('',(-1.,-3.469446951954E-18));
#4426 = ( GEOMETRIC_REPRESENTATION_CONTEXT(2) 
PARAMETRIC_REPRESENTATION_CONTEXT() REPRESENTATION_CONTEXT('2D SPACE',''
  ) );
#4427 = ORIENTED_EDGE('',*,*,#4428,.T.);
#4428 = EDGE_CURVE('',#4406,#4429,#4431,.T.);
#4429 = VERTEX_POINT('',#4430);
#4430 = CARTESIAN_POINT('',(-67.08848924311,-18.2,52.290231230166));
#4431 = SURFACE_CURVE('',#4432,(#4437,#4444),.PCURVE_S1.);
#4432 = CIRCLE('',#4433,1.8);
#4433 = AXIS2_PLACEMENT_3D('',#4434,#4435,#4436);
#4434 = CARTESIAN_POINT('',(-67.1199035747,-18.2,50.490505378885));
#4435 = DIRECTION('',(-0.999847695156,-1.068651684042E-18,
    1.745240643728E-02));
#4436 = DIRECTION('',(1.745240643728E-02,0.,0.999847695156));
#4437 = PCURVE('',#126,#4438);
#4438 = DEFINITIONAL_REPRESENTATION('',(#4439),#4443);
#4439 = CIRCLE('',#4440,1.8);
#4440 = AXIS2_PLACEMENT_2D('',#4441,#4442);
#4441 = CARTESIAN_POINT('',(18.2,23.679290705941));
#4442 = DIRECTION('',(-7.824090399073E-35,1.));
#4443 = ( GEOMETRIC_REPRESENTATION_CONTEXT(2) 
PARAMETRIC_REPRESENTATION_CONTEXT() REPRESENTATION_CONTEXT('2D SPACE',''
  ) );
#4444 = PCURVE('',#4445,#4450);
#4445 = CONICAL_SURFACE('',#4446,1.8,0.785398163397);
#4446 = AXIS2_PLACEMENT_3D('',#4447,#4448,#4449);
#4447 = CARTESIAN_POINT('',(-67.1199035747,-18.2,50.490505378885));
#4448 = DIRECTION('',(0.999847695156,0.,-1.745240643728E-02));
#4449 = DIRECTION('',(-1.745240643728E-02,0.,-0.999847695156));
#4450 = DEFINITIONAL_REPRESENTATION('',(#4451),#4455);
#4451 = LINE('',#4452,#4453);
#4452 = CARTESIAN_POINT('',(9.424777960769,-4.996003610813E-15));
#4453 = VECTOR('',#4454,1.);
#4454 = DIRECTION('',(-1.,1.130863886743E-15));
#4455 = ( GEOMETRIC_REPRESENTATION_CONTEXT(2) 
PARAMETRIC_REPRESENTATION_CONTEXT() REPRESENTATION_CONTEXT('2D SPACE',''
  ) );
#4456 = ORIENTED_EDGE('',*,*,#4457,.T.);
#4457 = EDGE_CURVE('',#4429,#4458,#4460,.T.);
#4458 = VERTEX_POINT('',#4459);
#4459 = CARTESIAN_POINT('',(-67.08848924311,18.2,52.290231230166));
#4460 = SURFACE_CURVE('',#4461,(#4465,#4472),.PCURVE_S1.);
#4461 = LINE('',#4462,#4463);
#4462 = CARTESIAN_POINT('',(-67.08848924311,8.265604080811E-15,
    52.290231230166));
#4463 = VECTOR('',#4464,1.);
#4464 = DIRECTION('',(-6.779901775064E-18,1.,-3.271879725963E-16));
#4465 = PCURVE('',#126,#4466);
#4466 = DEFINITIONAL_REPRESENTATION('',(#4467),#4471);
#4467 = LINE('',#4468,#4469);
#4468 = CARTESIAN_POINT('',(-8.338262629676E-15,25.479290705941));
#4469 = VECTOR('',#4470,1.);
#4470 = DIRECTION('',(-1.,-3.272564658847E-16));
#4471 = ( GEOMETRIC_REPRESENTATION_CONTEXT(2) 
PARAMETRIC_REPRESENTATION_CONTEXT() REPRESENTATION_CONTEXT('2D SPACE',''
  ) );
#4472 = PCURVE('',#3320,#4473);
#4473 = DEFINITIONAL_REPRESENTATION('',(#4474),#4478);
#4474 = LINE('',#4475,#4476);
#4475 = CARTESIAN_POINT('',(-8.666861053345E-15,1.697056274848));
#4476 = VECTOR('',#4477,1.);
#4477 = DIRECTION('',(-1.,0.));
#4478 = ( GEOMETRIC_REPRESENTATION_CONTEXT(2) 
PARAMETRIC_REPRESENTATION_CONTEXT() REPRESENTATION_CONTEXT('2D SPACE',''
  ) );
#4479 = ORIENTED_EDGE('',*,*,#4480,.T.);
#4480 = EDGE_CURVE('',#4458,#4481,#4483,.T.);
#4481 = VERTEX_POINT('',#4482);
#4482 = CARTESIAN_POINT('',(-67.1199035747,20.,50.490505378885));
#4483 = SURFACE_CURVE('',#4484,(#4489,#4496),.PCURVE_S1.);
#4484 = CIRCLE('',#4485,1.8);
#4485 = AXIS2_PLACEMENT_3D('',#4486,#4487,#4488);
#4486 = CARTESIAN_POINT('',(-67.1199035747,18.2,50.490505378885));
#4487 = DIRECTION('',(-0.999847695156,-1.068651684042E-18,
    1.745240643728E-02));
#4488 = DIRECTION('',(1.745240643728E-02,0.,0.999847695156));
#4489 = PCURVE('',#126,#4490);
#4490 = DEFINITIONAL_REPRESENTATION('',(#4491),#4495);
#4491 = CIRCLE('',#4492,1.8);
#4492 = AXIS2_PLACEMENT_2D('',#4493,#4494);
#4493 = CARTESIAN_POINT('',(-18.2,23.679290705941));
#4494 = DIRECTION('',(-7.824090399073E-35,1.));
#4495 = ( GEOMETRIC_REPRESENTATION_CONTEXT(2) 
PARAMETRIC_REPRESENTATION_CONTEXT() REPRESENTATION_CONTEXT('2D SPACE',''
  ) );
#4496 = PCURVE('',#4497,#4502);
#4497 = CONICAL_SURFACE('',#4498,1.8,0.785398163397);
#4498 = AXIS2_PLACEMENT_3D('',#4499,#4500,#4501);
#4499 = CARTESIAN_POINT('',(-67.1199035747,18.2,50.490505378885));
#4500 = DIRECTION('',(0.999847695156,0.,-1.745240643728E-02));
#4501 = DIRECTION('',(-1.745240643728E-02,0.,-0.999847695156));
#4502 = DEFINITIONAL_REPRESENTATION('',(#4503),#4507);
#4503 = LINE('',#4504,#4505);
#4504 = CARTESIAN_POINT('',(3.14159265359,2.109423746788E-15));
#4505 = VECTOR('',#4506,1.);
#4506 = DIRECTION('',(-1.,-1.130863886743E-15));
#4507 = ( GEOMETRIC_REPRESENTATION_CONTEXT(2) 
PARAMETRIC_REPRESENTATION_CONTEXT() REPRESENTATION_CONTEXT('2D SPACE',''
  ) );
#4508 = ORIENTED_EDGE('',*,*,#4509,.T.);
#4509 = EDGE_CURVE('',#4481,#4510,#4512,.T.);
#4510 = VERTEX_POINT('',#4511);
#4511 = CARTESIAN_POINT('',(-67.75517116902,20.,14.096049275192));
#4512 = SURFACE_CURVE('',#4513,(#4517,#4524),.PCURVE_S1.);
#4513 = LINE('',#4514,#4515);
#4514 = CARTESIAN_POINT('',(-67.75517116902,20.,14.096049275192));
#4515 = VECTOR('',#4516,1.);
#4516 = DIRECTION('',(-1.745240643728E-02,-3.27306316222E-16,
    -0.999847695156));
#4517 = PCURVE('',#126,#4518);
#4518 = DEFINITIONAL_REPRESENTATION('',(#4519),#4523);
#4519 = LINE('',#4520,#4521);
#4520 = CARTESIAN_POINT('',(-20.,-12.72070929405));
#4521 = VECTOR('',#4522,1.);
#4522 = DIRECTION('',(3.27306316222E-16,-1.));
#4523 = ( GEOMETRIC_REPRESENTATION_CONTEXT(2) 
PARAMETRIC_REPRESENTATION_CONTEXT() REPRESENTATION_CONTEXT('2D SPACE',''
  ) );
#4524 = PCURVE('',#3435,#4525);
#4525 = DEFINITIONAL_REPRESENTATION('',(#4526),#4530);
#4526 = LINE('',#4527,#4528);
#4527 = CARTESIAN_POINT('',(-12.72070929405,4.568567746333E-14));
#4528 = VECTOR('',#4529,1.);
#4529 = DIRECTION('',(-1.,-1.734723475977E-18));
#4530 = ( GEOMETRIC_REPRESENTATION_CONTEXT(2) 
PARAMETRIC_REPRESENTATION_CONTEXT() REPRESENTATION_CONTEXT('2D SPACE',''
  ) );
#4531 = ORIENTED_EDGE('',*,*,#4532,.T.);
#4532 = EDGE_CURVE('',#4510,#4533,#4535,.T.);
#4533 = VERTEX_POINT('',#4534);
#4534 = CARTESIAN_POINT('',(-67.7865855006,18.2,12.296323423911));
#4535 = SURFACE_CURVE('',#4536,(#4541,#4548),.PCURVE_S1.);
#4536 = CIRCLE('',#4537,1.8);
#4537 = AXIS2_PLACEMENT_3D('',#4538,#4539,#4540);
#4538 = CARTESIAN_POINT('',(-67.75517116902,18.2,14.096049275192));
#4539 = DIRECTION('',(-0.999847695156,-1.068651684042E-18,
    1.745240643728E-02));
#4540 = DIRECTION('',(1.745240643728E-02,0.,0.999847695156));
#4541 = PCURVE('',#126,#4542);
#4542 = DEFINITIONAL_REPRESENTATION('',(#4543),#4547);
#4543 = CIRCLE('',#4544,1.8);
#4544 = AXIS2_PLACEMENT_2D('',#4545,#4546);
#4545 = CARTESIAN_POINT('',(-18.2,-12.72070929405));
#4546 = DIRECTION('',(-7.824090399073E-35,1.));
#4547 = ( GEOMETRIC_REPRESENTATION_CONTEXT(2) 
PARAMETRIC_REPRESENTATION_CONTEXT() REPRESENTATION_CONTEXT('2D SPACE',''
  ) );
#4548 = PCURVE('',#4549,#4554);
#4549 = CONICAL_SURFACE('',#4550,1.8,0.785398163397);
#4550 = AXIS2_PLACEMENT_3D('',#4551,#4552,#4553);
#4551 = CARTESIAN_POINT('',(-67.75517116902,18.2,14.096049275192));
#4552 = DIRECTION('',(0.999847695156,0.,-1.745240643728E-02));
#4553 = DIRECTION('',(-1.745240643728E-02,0.,-0.999847695156));
#4554 = DEFINITIONAL_REPRESENTATION('',(#4555),#4559);
#4555 = LINE('',#4556,#4557);
#4556 = CARTESIAN_POINT('',(3.14159265359,1.221245327088E-15));
#4557 = VECTOR('',#4558,1.);
#4558 = DIRECTION('',(-1.,-5.654319433713E-16));
#4559 = ( GEOMETRIC_REPRESENTATION_CONTEXT(2) 
PARAMETRIC_REPRESENTATION_CONTEXT() REPRESENTATION_CONTEXT('2D SPACE',''
  ) );
#4560 = ORIENTED_EDGE('',*,*,#4561,.T.);
#4561 = EDGE_CURVE('',#4533,#4375,#4562,.T.);
#4562 = SURFACE_CURVE('',#4563,(#4567,#4574),.PCURVE_S1.);
#4563 = LINE('',#4564,#4565);
#4564 = CARTESIAN_POINT('',(-67.7865855006,-18.2,12.296323423911));
#4565 = VECTOR('',#4566,1.);
#4566 = DIRECTION('',(6.779901775064E-18,-1.,3.271879725963E-16));
#4567 = PCURVE('',#126,#4568);
#4568 = DEFINITIONAL_REPRESENTATION('',(#4569),#4573);
#4569 = LINE('',#4570,#4571);
#4570 = CARTESIAN_POINT('',(18.2,-14.52070929405));
#4571 = VECTOR('',#4572,1.);
#4572 = DIRECTION('',(1.,3.272564658847E-16));
#4573 = ( GEOMETRIC_REPRESENTATION_CONTEXT(2) 
PARAMETRIC_REPRESENTATION_CONTEXT() REPRESENTATION_CONTEXT('2D SPACE',''
  ) );
#4574 = PCURVE('',#3545,#4575);
#4575 = DEFINITIONAL_REPRESENTATION('',(#4576),#4580);
#4576 = LINE('',#4577,#4578);
#4577 = CARTESIAN_POINT('',(-18.2,1.642214651215E-15));
#4578 = VECTOR('',#4579,1.);
#4579 = DIRECTION('',(-1.,9.860761315263E-32));
#4580 = ( GEOMETRIC_REPRESENTATION_CONTEXT(2) 
PARAMETRIC_REPRESENTATION_CONTEXT() REPRESENTATION_CONTEXT('2D SPACE',''
  ) );
#4581 = FACE_BOUND('',#4582,.T.);
#4582 = EDGE_LOOP('',(#4583));
#4583 = ORIENTED_EDGE('',*,*,#4584,.F.);
#4584 = EDGE_CURVE('',#4585,#4585,#4587,.T.);
#4585 = VERTEX_POINT('',#4586);
#4586 = CARTESIAN_POINT('',(-67.09721544633,-16.,51.790307382588));
#4587 = SURFACE_CURVE('',#4588,(#4593,#4600),.PCURVE_S1.);
#4588 = CIRCLE('',#4589,3.5);
#4589 = AXIS2_PLACEMENT_3D('',#4590,#4591,#4592);
#4590 = CARTESIAN_POINT('',(-67.15829886886,-16.,48.290840449541));
#4591 = DIRECTION('',(-0.999847695156,-1.068651684042E-18,
    1.745240643728E-02));
#4592 = DIRECTION('',(1.745240643728E-02,0.,0.999847695156));
#4593 = PCURVE('',#126,#4594);
#4594 = DEFINITIONAL_REPRESENTATION('',(#4595),#4599);
#4595 = CIRCLE('',#4596,3.5);
#4596 = AXIS2_PLACEMENT_2D('',#4597,#4598);
#4597 = CARTESIAN_POINT('',(16.,21.479290705941));
#4598 = DIRECTION('',(-7.824090399073E-35,1.));
#4599 = ( GEOMETRIC_REPRESENTATION_CONTEXT(2) 
PARAMETRIC_REPRESENTATION_CONTEXT() REPRESENTATION_CONTEXT('2D SPACE',''
  ) );
#4600 = PCURVE('',#4601,#4606);
#4601 = CYLINDRICAL_SURFACE('',#4602,3.5);
#4602 = AXIS2_PLACEMENT_3D('',#4603,#4604,#4605);
#4603 = CARTESIAN_POINT('',(307.17900290654,-16.,41.756758541997));
#4604 = DIRECTION('',(-0.999847695156,-1.068651684042E-18,
    1.745240643728E-02));
#4605 = DIRECTION('',(1.745240643728E-02,0.,0.999847695156));
#4606 = DEFINITIONAL_REPRESENTATION('',(#4607),#4611);
#4607 = LINE('',#4608,#4609);
#4608 = CARTESIAN_POINT('',(0.,374.39432384435));
#4609 = VECTOR('',#4610,1.);
#4610 = DIRECTION('',(1.,0.));
#4611 = ( GEOMETRIC_REPRESENTATION_CONTEXT(2) 
PARAMETRIC_REPRESENTATION_CONTEXT() REPRESENTATION_CONTEXT('2D SPACE',''
  ) );
#4612 = FACE_BOUND('',#4613,.T.);
#4613 = EDGE_LOOP('',(#4614));
#4614 = ORIENTED_EDGE('',*,*,#4615,.F.);
#4615 = EDGE_CURVE('',#4616,#4616,#4618,.T.);
#4616 = VERTEX_POINT('',#4617);
#4617 = CARTESIAN_POINT('',(-67.65569245232,-16.,19.795181137584));
#4618 = SURFACE_CURVE('',#4619,(#4624,#4631),.PCURVE_S1.);
#4619 = CIRCLE('',#4620,3.5);
#4620 = AXIS2_PLACEMENT_3D('',#4621,#4622,#4623);
#4621 = CARTESIAN_POINT('',(-67.71677587485,-16.,16.295714204536));
#4622 = DIRECTION('',(-0.999847695156,-1.068651684042E-18,
    1.745240643728E-02));
#4623 = DIRECTION('',(1.745240643728E-02,0.,0.999847695156));
#4624 = PCURVE('',#126,#4625);
#4625 = DEFINITIONAL_REPRESENTATION('',(#4626),#4630);
#4626 = CIRCLE('',#4627,3.5);
#4627 = AXIS2_PLACEMENT_2D('',#4628,#4629);
#4628 = CARTESIAN_POINT('',(16.,-10.52070929405));
#4629 = DIRECTION('',(-7.824090399073E-35,1.));
#4630 = ( GEOMETRIC_REPRESENTATION_CONTEXT(2) 
PARAMETRIC_REPRESENTATION_CONTEXT() REPRESENTATION_CONTEXT('2D SPACE',''
  ) );
#4631 = PCURVE('',#4632,#4637);
#4632 = CYLINDRICAL_SURFACE('',#4633,3.5);
#4633 = AXIS2_PLACEMENT_3D('',#4634,#4635,#4636);
#4634 = CARTESIAN_POINT('',(306.62052590055,-16.,9.761632296993));
#4635 = DIRECTION('',(-0.999847695156,-1.068651684042E-18,
    1.745240643728E-02));
#4636 = DIRECTION('',(1.745240643728E-02,0.,0.999847695156));
#4637 = DEFINITIONAL_REPRESENTATION('',(#4638),#4642);
#4638 = LINE('',#4639,#4640);
#4639 = CARTESIAN_POINT('',(0.,374.39432384435));
#4640 = VECTOR('',#4641,1.);
#4641 = DIRECTION('',(1.,0.));
#4642 = ( GEOMETRIC_REPRESENTATION_CONTEXT(2) 
PARAMETRIC_REPRESENTATION_CONTEXT() REPRESENTATION_CONTEXT('2D SPACE',''
  ) );
#4643 = FACE_BOUND('',#4644,.T.);
#4644 = EDGE_LOOP('',(#4645));
#4645 = ORIENTED_EDGE('',*,*,#4646,.F.);
#4646 = EDGE_CURVE('',#4647,#4647,#4649,.T.);
#4647 = VERTEX_POINT('',#4648);
#4648 = CARTESIAN_POINT('',(-67.65569245232,16.,19.795181137584));
#4649 = SURFACE_CURVE('',#4650,(#4655,#4662),.PCURVE_S1.);
#4650 = CIRCLE('',#4651,3.5);
#4651 = AXIS2_PLACEMENT_3D('',#4652,#4653,#4654);
#4652 = CARTESIAN_POINT('',(-67.71677587485,16.,16.295714204536));
#4653 = DIRECTION('',(-0.999847695156,-1.068651684042E-18,
    1.745240643728E-02));
#4654 = DIRECTION('',(1.745240643728E-02,0.,0.999847695156));
#4655 = PCURVE('',#126,#4656);
#4656 = DEFINITIONAL_REPRESENTATION('',(#4657),#4661);
#4657 = CIRCLE('',#4658,3.5);
#4658 = AXIS2_PLACEMENT_2D('',#4659,#4660);
#4659 = CARTESIAN_POINT('',(-16.,-10.52070929405));
#4660 = DIRECTION('',(-7.824090399073E-35,1.));
#4661 = ( GEOMETRIC_REPRESENTATION_CONTEXT(2) 
PARAMETRIC_REPRESENTATION_CONTEXT() REPRESENTATION_CONTEXT('2D SPACE',''
  ) );
#4662 = PCURVE('',#4663,#4668);
#4663 = CYLINDRICAL_SURFACE('',#4664,3.5);
#4664 = AXIS2_PLACEMENT_3D('',#4665,#4666,#4667);
#4665 = CARTESIAN_POINT('',(306.62052590055,16.,9.761632296993));
#4666 = DIRECTION('',(-0.999847695156,-1.068651684042E-18,
    1.745240643728E-02));
#4667 = DIRECTION('',(1.745240643728E-02,0.,0.999847695156));
#4668 = DEFINITIONAL_REPRESENTATION('',(#4669),#4673);
#4669 = LINE('',#4670,#4671);
#4670 = CARTESIAN_POINT('',(0.,374.39432384435));
#4671 = VECTOR('',#4672,1.);
#4672 = DIRECTION('',(1.,0.));
#4673 = ( GEOMETRIC_REPRESENTATION_CONTEXT(2) 
PARAMETRIC_REPRESENTATION_CONTEXT() REPRESENTATION_CONTEXT('2D SPACE',''
  ) );
#4674 = FACE_BOUND('',#4675,.T.);
#4675 = EDGE_LOOP('',(#4676));
#4676 = ORIENTED_EDGE('',*,*,#4677,.F.);
#4677 = EDGE_CURVE('',#4678,#4678,#4680,.T.);
#4678 = VERTEX_POINT('',#4679);
#4679 = CARTESIAN_POINT('',(-67.09721544633,16.,51.790307382588));
#4680 = SURFACE_CURVE('',#4681,(#4686,#4693),.PCURVE_S1.);
#4681 = CIRCLE('',#4682,3.5);
#4682 = AXIS2_PLACEMENT_3D('',#4683,#4684,#4685);
#4683 = CARTESIAN_POINT('',(-67.15829886886,16.,48.290840449541));
#4684 = DIRECTION('',(-0.999847695156,-1.068651684042E-18,
    1.745240643728E-02));
#4685 = DIRECTION('',(1.745240643728E-02,0.,0.999847695156));
#4686 = PCURVE('',#126,#4687);
#4687 = DEFINITIONAL_REPRESENTATION('',(#4688),#4692);
#4688 = CIRCLE('',#4689,3.5);
#4689 = AXIS2_PLACEMENT_2D('',#4690,#4691);
#4690 = CARTESIAN_POINT('',(-16.,21.479290705941));
#4691 = DIRECTION('',(-7.824090399073E-35,1.));
#4692 = ( GEOMETRIC_REPRESENTATION_CONTEXT(2) 
PARAMETRIC_REPRESENTATION_CONTEXT() REPRESENTATION_CONTEXT('2D SPACE',''
  ) );
#4693 = PCURVE('',#4694,#4699);
#4694 = CYLINDRICAL_SURFACE('',#4695,3.5);
#4695 = AXIS2_PLACEMENT_3D('',#4696,#4697,#4698);
#4696 = CARTESIAN_POINT('',(307.17900290654,16.,41.756758541997));
#4697 = DIRECTION('',(-0.999847695156,-1.068651684042E-18,
    1.745240643728E-02));
#4698 = DIRECTION('',(1.745240643728E-02,0.,0.999847695156));
#4699 = DEFINITIONAL_REPRESENTATION('',(#4700),#4704);
#4700 = LINE('',#4701,#4702);
#4701 = CARTESIAN_POINT('',(0.,374.39432384435));
#4702 = VECTOR('',#4703,1.);
#4703 = DIRECTION('',(1.,0.));
#4704 = ( GEOMETRIC_REPRESENTATION_CONTEXT(2) 
PARAMETRIC_REPRESENTATION_CONTEXT() REPRESENTATION_CONTEXT('2D SPACE',''
  ) );
#4705 = FACE_BOUND('',#4706,.T.);
#4706 = EDGE_LOOP('',(#4707,#4728,#4729,#4750));
#4707 = ORIENTED_EDGE('',*,*,#4708,.T.);
#4708 = EDGE_CURVE('',#2397,#2141,#4709,.T.);
#4709 = SURFACE_CURVE('',#4710,(#4714,#4721),.PCURVE_S1.);
#4710 = LINE('',#4711,#4712);
#4711 = CARTESIAN_POINT('',(-67.25229364644,-19.002,42.905883248871));
#4712 = VECTOR('',#4713,1.);
#4713 = DIRECTION('',(0.,1.,0.));
#4714 = PCURVE('',#126,#4715);
#4715 = DEFINITIONAL_REPRESENTATION('',(#4716),#4720);
#4716 = LINE('',#4717,#4718);
#4717 = CARTESIAN_POINT('',(19.002,16.093513225274));
#4718 = VECTOR('',#4719,1.);
#4719 = DIRECTION('',(-1.,-7.824090399073E-35));
#4720 = ( GEOMETRIC_REPRESENTATION_CONTEXT(2) 
PARAMETRIC_REPRESENTATION_CONTEXT() REPRESENTATION_CONTEXT('2D SPACE',''
  ) );
#4721 = PCURVE('',#2436,#4722);
#4722 = DEFINITIONAL_REPRESENTATION('',(#4723),#4727);
#4723 = LINE('',#4724,#4725);
#4724 = CARTESIAN_POINT('',(-0.5,0.));
#4725 = VECTOR('',#4726,1.);
#4726 = DIRECTION('',(0.,1.));
#4727 = ( GEOMETRIC_REPRESENTATION_CONTEXT(2) 
PARAMETRIC_REPRESENTATION_CONTEXT() REPRESENTATION_CONTEXT('2D SPACE',''
  ) );
#4728 = ORIENTED_EDGE('',*,*,#2138,.F.);
#4729 = ORIENTED_EDGE('',*,*,#4730,.F.);
#4730 = EDGE_CURVE('',#2374,#2139,#4731,.T.);
#4731 = SURFACE_CURVE('',#4732,(#4736,#4743),.PCURVE_S1.);
#4732 = LINE('',#4733,#4734);
#4733 = CARTESIAN_POINT('',(-67.1698718348,-19.002,47.627825674832));
#4734 = VECTOR('',#4735,1.);
#4735 = DIRECTION('',(0.,1.,0.));
#4736 = PCURVE('',#126,#4737);
#4737 = DEFINITIONAL_REPRESENTATION('',(#4738),#4742);
#4738 = LINE('',#4739,#4740);
#4739 = CARTESIAN_POINT('',(19.002,20.816174935488));
#4740 = VECTOR('',#4741,1.);
#4741 = DIRECTION('',(-1.,-7.824090399073E-35));
#4742 = ( GEOMETRIC_REPRESENTATION_CONTEXT(2) 
PARAMETRIC_REPRESENTATION_CONTEXT() REPRESENTATION_CONTEXT('2D SPACE',''
  ) );
#4743 = PCURVE('',#2185,#4744);
#4744 = DEFINITIONAL_REPRESENTATION('',(#4745),#4749);
#4745 = LINE('',#4746,#4747);
#4746 = CARTESIAN_POINT('',(-0.5,0.));
#4747 = VECTOR('',#4748,1.);
#4748 = DIRECTION('',(0.,1.));
#4749 = ( GEOMETRIC_REPRESENTATION_CONTEXT(2) 
PARAMETRIC_REPRESENTATION_CONTEXT() REPRESENTATION_CONTEXT('2D SPACE',''
  ) );
#4750 = ORIENTED_EDGE('',*,*,#2396,.F.);
#4751 = FACE_BOUND('',#4752,.T.);
#4752 = EDGE_LOOP('',(#4753,#4774,#4775,#4796));
#4753 = ORIENTED_EDGE('',*,*,#4754,.T.);
#4754 = EDGE_CURVE('',#2646,#1872,#4755,.T.);
#4755 = SURFACE_CURVE('',#4756,(#4760,#4767),.PCURVE_S1.);
#4756 = LINE('',#4757,#4758);
#4757 = CARTESIAN_POINT('',(-67.35566153598,-19.002,36.98394082291));
#4758 = VECTOR('',#4759,1.);
#4759 = DIRECTION('',(0.,1.,0.));
#4760 = PCURVE('',#126,#4761);
#4761 = DEFINITIONAL_REPRESENTATION('',(#4762),#4766);
#4762 = LINE('',#4763,#4764);
#4763 = CARTESIAN_POINT('',(19.002,10.170668721408));
#4764 = VECTOR('',#4765,1.);
#4765 = DIRECTION('',(-1.,-7.824090399073E-35));
#4766 = ( GEOMETRIC_REPRESENTATION_CONTEXT(2) 
PARAMETRIC_REPRESENTATION_CONTEXT() REPRESENTATION_CONTEXT('2D SPACE',''
  ) );
#4767 = PCURVE('',#2119,#4768);
#4768 = DEFINITIONAL_REPRESENTATION('',(#4769),#4773);
#4769 = LINE('',#4770,#4771);
#4770 = CARTESIAN_POINT('',(-0.5,0.));
#4771 = VECTOR('',#4772,1.);
#4772 = DIRECTION('',(0.,1.));
#4773 = ( GEOMETRIC_REPRESENTATION_CONTEXT(2) 
PARAMETRIC_REPRESENTATION_CONTEXT() REPRESENTATION_CONTEXT('2D SPACE',''
  ) );
#4774 = ORIENTED_EDGE('',*,*,#1869,.F.);
#4775 = ORIENTED_EDGE('',*,*,#4776,.F.);
#4776 = EDGE_CURVE('',#2648,#1870,#4777,.T.);
#4777 = SURFACE_CURVE('',#4778,(#4782,#4789),.PCURVE_S1.);
#4778 = LINE('',#4779,#4780);
#4779 = CARTESIAN_POINT('',(-67.27323972435,-19.002,41.705883248871));
#4780 = VECTOR('',#4781,1.);
#4781 = DIRECTION('',(0.,1.,0.));
#4782 = PCURVE('',#126,#4783);
#4783 = DEFINITIONAL_REPRESENTATION('',(#4784),#4788);
#4784 = LINE('',#4785,#4786);
#4785 = CARTESIAN_POINT('',(19.002,14.893330431621));
#4786 = VECTOR('',#4787,1.);
#4787 = DIRECTION('',(-1.,-7.824090399073E-35));
#4788 = ( GEOMETRIC_REPRESENTATION_CONTEXT(2) 
PARAMETRIC_REPRESENTATION_CONTEXT() REPRESENTATION_CONTEXT('2D SPACE',''
  ) );
#4789 = PCURVE('',#1916,#4790);
#4790 = DEFINITIONAL_REPRESENTATION('',(#4791),#4795);
#4791 = LINE('',#4792,#4793);
#4792 = CARTESIAN_POINT('',(-0.924328696028,0.));
#4793 = VECTOR('',#4794,1.);
#4794 = DIRECTION('',(0.,1.));
#4795 = ( GEOMETRIC_REPRESENTATION_CONTEXT(2) 
PARAMETRIC_REPRESENTATION_CONTEXT() REPRESENTATION_CONTEXT('2D SPACE',''
  ) );
#4796 = ORIENTED_EDGE('',*,*,#2645,.F.);
#4797 = FACE_BOUND('',#4798,.T.);
#4798 = EDGE_LOOP('',(#4799,#4820,#4821,#4842,#4843));
#4799 = ORIENTED_EDGE('',*,*,#4800,.T.);
#4800 = EDGE_CURVE('',#2887,#1609,#4801,.T.);
#4801 = SURFACE_CURVE('',#4802,(#4806,#4813),.PCURVE_S1.);
#4802 = LINE('',#4803,#4804);
#4803 = CARTESIAN_POINT('',(-67.45902942553,-19.002,31.061998396949));
#4804 = VECTOR('',#4805,1.);
#4805 = DIRECTION('',(0.,1.,0.));
#4806 = PCURVE('',#126,#4807);
#4807 = DEFINITIONAL_REPRESENTATION('',(#4808),#4812);
#4808 = LINE('',#4809,#4810);
#4809 = CARTESIAN_POINT('',(19.002,4.247824217541));
#4810 = VECTOR('',#4811,1.);
#4811 = DIRECTION('',(-1.,-7.824090399073E-35));
#4812 = ( GEOMETRIC_REPRESENTATION_CONTEXT(2) 
PARAMETRIC_REPRESENTATION_CONTEXT() REPRESENTATION_CONTEXT('2D SPACE',''
  ) );
#4813 = PCURVE('',#1850,#4814);
#4814 = DEFINITIONAL_REPRESENTATION('',(#4815),#4819);
#4815 = LINE('',#4816,#4817);
#4816 = CARTESIAN_POINT('',(-0.5,0.));
#4817 = VECTOR('',#4818,1.);
#4818 = DIRECTION('',(0.,1.));
#4819 = ( GEOMETRIC_REPRESENTATION_CONTEXT(2) 
PARAMETRIC_REPRESENTATION_CONTEXT() REPRESENTATION_CONTEXT('2D SPACE',''
  ) );
#4820 = ORIENTED_EDGE('',*,*,#1606,.F.);
#4821 = ORIENTED_EDGE('',*,*,#4822,.F.);
#4822 = EDGE_CURVE('',#24,#1607,#4823,.T.);
#4823 = SURFACE_CURVE('',#4824,(#4828,#4835),.PCURVE_S1.);
#4824 = LINE('',#4825,#4826);
#4825 = CARTESIAN_POINT('',(-67.3766076139,-19.002,35.78394082291));
#4826 = VECTOR('',#4827,1.);
#4827 = DIRECTION('',(0.,1.,0.));
#4828 = PCURVE('',#126,#4829);
#4829 = DEFINITIONAL_REPRESENTATION('',(#4830),#4834);
#4830 = LINE('',#4831,#4832);
#4831 = CARTESIAN_POINT('',(19.002,8.970485927755));
#4832 = VECTOR('',#4833,1.);
#4833 = DIRECTION('',(-1.,-7.824090399073E-35));
#4834 = ( GEOMETRIC_REPRESENTATION_CONTEXT(2) 
PARAMETRIC_REPRESENTATION_CONTEXT() REPRESENTATION_CONTEXT('2D SPACE',''
  ) );
#4835 = PCURVE('',#1653,#4836);
#4836 = DEFINITIONAL_REPRESENTATION('',(#4837),#4841);
#4837 = LINE('',#4838,#4839);
#4838 = CARTESIAN_POINT('',(-0.924328696028,0.));
#4839 = VECTOR('',#4840,1.);
#4840 = DIRECTION('',(0.,1.));
#4841 = ( GEOMETRIC_REPRESENTATION_CONTEXT(2) 
PARAMETRIC_REPRESENTATION_CONTEXT() REPRESENTATION_CONTEXT('2D SPACE',''
  ) );
#4842 = ORIENTED_EDGE('',*,*,#112,.F.);
#4843 = ORIENTED_EDGE('',*,*,#2886,.F.);
#4844 = FACE_BOUND('',#4845,.T.);
#4845 = EDGE_LOOP('',(#4846,#4867,#4868,#4889));
#4846 = ORIENTED_EDGE('',*,*,#4847,.T.);
#4847 = EDGE_CURVE('',#3030,#1341,#4848,.T.);
#4848 = SURFACE_CURVE('',#4849,(#4853,#4860),.PCURVE_S1.);
#4849 = LINE('',#4850,#4851);
#4850 = CARTESIAN_POINT('',(-67.56239731507,-19.002,25.140055970989));
#4851 = VECTOR('',#4852,1.);
#4852 = DIRECTION('',(0.,1.,0.));
#4853 = PCURVE('',#126,#4854);
#4854 = DEFINITIONAL_REPRESENTATION('',(#4855),#4859);
#4855 = LINE('',#4856,#4857);
#4856 = CARTESIAN_POINT('',(19.002,-1.675020286326));
#4857 = VECTOR('',#4858,1.);
#4858 = DIRECTION('',(-1.,-7.824090399073E-35));
#4859 = ( GEOMETRIC_REPRESENTATION_CONTEXT(2) 
PARAMETRIC_REPRESENTATION_CONTEXT() REPRESENTATION_CONTEXT('2D SPACE',''
  ) );
#4860 = PCURVE('',#1587,#4861);
#4861 = DEFINITIONAL_REPRESENTATION('',(#4862),#4866);
#4862 = LINE('',#4863,#4864);
#4863 = CARTESIAN_POINT('',(-0.5,0.));
#4864 = VECTOR('',#4865,1.);
#4865 = DIRECTION('',(0.,1.));
#4866 = ( GEOMETRIC_REPRESENTATION_CONTEXT(2) 
PARAMETRIC_REPRESENTATION_CONTEXT() REPRESENTATION_CONTEXT('2D SPACE',''
  ) );
#4867 = ORIENTED_EDGE('',*,*,#1338,.F.);
#4868 = ORIENTED_EDGE('',*,*,#4869,.F.);
#4869 = EDGE_CURVE('',#3032,#1339,#4870,.T.);
#4870 = SURFACE_CURVE('',#4871,(#4875,#4882),.PCURVE_S1.);
#4871 = LINE('',#4872,#4873);
#4872 = CARTESIAN_POINT('',(-67.47997550344,-19.002,29.861998396949));
#4873 = VECTOR('',#4874,1.);
#4874 = DIRECTION('',(0.,1.,0.));
#4875 = PCURVE('',#126,#4876);
#4876 = DEFINITIONAL_REPRESENTATION('',(#4877),#4881);
#4877 = LINE('',#4878,#4879);
#4878 = CARTESIAN_POINT('',(19.002,3.047641423888));
#4879 = VECTOR('',#4880,1.);
#4880 = DIRECTION('',(-1.,-7.824090399073E-35));
#4881 = ( GEOMETRIC_REPRESENTATION_CONTEXT(2) 
PARAMETRIC_REPRESENTATION_CONTEXT() REPRESENTATION_CONTEXT('2D SPACE',''
  ) );
#4882 = PCURVE('',#1385,#4883);
#4883 = DEFINITIONAL_REPRESENTATION('',(#4884),#4888);
#4884 = LINE('',#4885,#4886);
#4885 = CARTESIAN_POINT('',(-0.924328696028,0.));
#4886 = VECTOR('',#4887,1.);
#4887 = DIRECTION('',(0.,1.));
#4888 = ( GEOMETRIC_REPRESENTATION_CONTEXT(2) 
PARAMETRIC_REPRESENTATION_CONTEXT() REPRESENTATION_CONTEXT('2D SPACE',''
  ) );
#4889 = ORIENTED_EDGE('',*,*,#3029,.F.);
#4890 = FACE_BOUND('',#4891,.T.);
#4891 = EDGE_LOOP('',(#4892,#4913,#4914,#4935));
#4892 = ORIENTED_EDGE('',*,*,#4893,.T.);
#4893 = EDGE_CURVE('',#3923,#1072,#4894,.T.);
#4894 = SURFACE_CURVE('',#4895,(#4899,#4906),.PCURVE_S1.);
#4895 = LINE('',#4896,#4897);
#4896 = CARTESIAN_POINT('',(-67.66576520462,-19.002,19.218113545028));
#4897 = VECTOR('',#4898,1.);
#4898 = DIRECTION('',(0.,1.,0.));
#4899 = PCURVE('',#126,#4900);
#4900 = DEFINITIONAL_REPRESENTATION('',(#4901),#4905);
#4901 = LINE('',#4902,#4903);
#4902 = CARTESIAN_POINT('',(19.002,-7.597864790192));
#4903 = VECTOR('',#4904,1.);
#4904 = DIRECTION('',(-1.,-7.824090399073E-35));
#4905 = ( GEOMETRIC_REPRESENTATION_CONTEXT(2) 
PARAMETRIC_REPRESENTATION_CONTEXT() REPRESENTATION_CONTEXT('2D SPACE',''
  ) );
#4906 = PCURVE('',#1319,#4907);
#4907 = DEFINITIONAL_REPRESENTATION('',(#4908),#4912);
#4908 = LINE('',#4909,#4910);
#4909 = CARTESIAN_POINT('',(-0.5,0.));
#4910 = VECTOR('',#4911,1.);
#4911 = DIRECTION('',(0.,1.));
#4912 = ( GEOMETRIC_REPRESENTATION_CONTEXT(2) 
PARAMETRIC_REPRESENTATION_CONTEXT() REPRESENTATION_CONTEXT('2D SPACE',''
  ) );
#4913 = ORIENTED_EDGE('',*,*,#1069,.F.);
#4914 = ORIENTED_EDGE('',*,*,#4915,.F.);
#4915 = EDGE_CURVE('',#3925,#1070,#4916,.T.);
#4916 = SURFACE_CURVE('',#4917,(#4921,#4928),.PCURVE_S1.);
#4917 = LINE('',#4918,#4919);
#4918 = CARTESIAN_POINT('',(-67.58334339299,-19.002,23.940055970989));
#4919 = VECTOR('',#4920,1.);
#4920 = DIRECTION('',(0.,1.,0.));
#4921 = PCURVE('',#126,#4922);
#4922 = DEFINITIONAL_REPRESENTATION('',(#4923),#4927);
#4923 = LINE('',#4924,#4925);
#4924 = CARTESIAN_POINT('',(19.002,-2.875203079978));
#4925 = VECTOR('',#4926,1.);
#4926 = DIRECTION('',(-1.,-7.824090399073E-35));
#4927 = ( GEOMETRIC_REPRESENTATION_CONTEXT(2) 
PARAMETRIC_REPRESENTATION_CONTEXT() REPRESENTATION_CONTEXT('2D SPACE',''
  ) );
#4928 = PCURVE('',#1116,#4929);
#4929 = DEFINITIONAL_REPRESENTATION('',(#4930),#4934);
#4930 = LINE('',#4931,#4932);
#4931 = CARTESIAN_POINT('',(-0.924328696028,0.));
#4932 = VECTOR('',#4933,1.);
#4933 = DIRECTION('',(0.,1.));
#4934 = ( GEOMETRIC_REPRESENTATION_CONTEXT(2) 
PARAMETRIC_REPRESENTATION_CONTEXT() REPRESENTATION_CONTEXT('2D SPACE',''
  ) );
#4935 = ORIENTED_EDGE('',*,*,#3922,.F.);
#4936 = FACE_BOUND('',#4937,.T.);
#4937 = EDGE_LOOP('',(#4938,#4939));
#4938 = ORIENTED_EDGE('',*,*,#948,.F.);
#4939 = ORIENTED_EDGE('',*,*,#4940,.F.);
#4940 = EDGE_CURVE('',#921,#949,#4941,.T.);
#4941 = SURFACE_CURVE('',#4942,(#4946,#4953),.PCURVE_S1.);
#4942 = LINE('',#4943,#4944);
#4943 = CARTESIAN_POINT('',(-67.68671128253,-19.002,18.018113545028));
#4944 = VECTOR('',#4945,1.);
#4945 = DIRECTION('',(0.,1.,0.));
#4946 = PCURVE('',#126,#4947);
#4947 = DEFINITIONAL_REPRESENTATION('',(#4948),#4952);
#4948 = LINE('',#4949,#4950);
#4949 = CARTESIAN_POINT('',(19.002,-8.798047583845));
#4950 = VECTOR('',#4951,1.);
#4951 = DIRECTION('',(-1.,-7.824090399073E-35));
#4952 = ( GEOMETRIC_REPRESENTATION_CONTEXT(2) 
PARAMETRIC_REPRESENTATION_CONTEXT() REPRESENTATION_CONTEXT('2D SPACE',''
  ) );
#4953 = PCURVE('',#936,#4954);
#4954 = DEFINITIONAL_REPRESENTATION('',(#4955),#4959);
#4955 = LINE('',#4956,#4957);
#4956 = CARTESIAN_POINT('',(-0.924328696028,0.));
#4957 = VECTOR('',#4958,1.);
#4958 = DIRECTION('',(0.,1.));
#4959 = ( GEOMETRIC_REPRESENTATION_CONTEXT(2) 
PARAMETRIC_REPRESENTATION_CONTEXT() REPRESENTATION_CONTEXT('2D SPACE',''
  ) );
#4960 = ADVANCED_FACE('',(#4961,#5041,#5116,#5218,#5264,#5288,#5312,
    #5316,#5320,#5324,#5328,#5422,#5517),#227,.F.);
#4961 = FACE_BOUND('',#4962,.T.);
#4962 = EDGE_LOOP('',(#4963,#4986,#5019,#5040));
#4963 = ORIENTED_EDGE('',*,*,#4964,.F.);
#4964 = EDGE_CURVE('',#4965,#1476,#4967,.T.);
#4965 = VERTEX_POINT('',#4966);
#4966 = CARTESIAN_POINT('',(-59.49855454284,6.104085426511,
    28.727791000262));
#4967 = SURFACE_CURVE('',#4968,(#4972,#4979),.PCURVE_S1.);
#4968 = LINE('',#4969,#4970);
#4969 = CARTESIAN_POINT('',(-59.49855454284,-19.002,28.727791000262));
#4970 = VECTOR('',#4971,1.);
#4971 = DIRECTION('',(0.,1.,0.));
#4972 = PCURVE('',#227,#4973);
#4973 = DEFINITIONAL_REPRESENTATION('',(#4974),#4978);
#4974 = LINE('',#4975,#4976);
#4975 = CARTESIAN_POINT('',(19.002,2.052901775032));
#4976 = VECTOR('',#4977,1.);
#4977 = DIRECTION('',(-1.,-7.824090399073E-35));
#4978 = ( GEOMETRIC_REPRESENTATION_CONTEXT(2) 
PARAMETRIC_REPRESENTATION_CONTEXT() REPRESENTATION_CONTEXT('2D SPACE',''
  ) );
#4979 = PCURVE('',#1539,#4980);
#4980 = DEFINITIONAL_REPRESENTATION('',(#4981),#4985);
#4981 = LINE('',#4982,#4983);
#4982 = CARTESIAN_POINT('',(6.3006385997,0.));
#4983 = VECTOR('',#4984,1.);
#4984 = DIRECTION('',(0.,1.));
#4985 = ( GEOMETRIC_REPRESENTATION_CONTEXT(2) 
PARAMETRIC_REPRESENTATION_CONTEXT() REPRESENTATION_CONTEXT('2D SPACE',''
  ) );
#4986 = ORIENTED_EDGE('',*,*,#4987,.T.);
#4987 = EDGE_CURVE('',#4965,#4988,#4990,.T.);
#4988 = VERTEX_POINT('',#4989);
#4989 = CARTESIAN_POINT('',(-59.40999776703,6.803290465283,
    33.801205288798));
#4990 = SURFACE_CURVE('',#4991,(#4996,#5007),.PCURVE_S1.);
#4991 = CIRCLE('',#4992,7.);
#4992 = AXIS2_PLACEMENT_3D('',#4993,#4994,#4995);
#4993 = CARTESIAN_POINT('',(-59.43875581061,-6.410933539286E-17,
    32.15365807554));
#4994 = DIRECTION('',(0.999847695156,0.,-1.745240643728E-02));
#4995 = DIRECTION('',(-1.745240643728E-02,0.,-0.999847695156));
#4996 = PCURVE('',#227,#4997);
#4997 = DEFINITIONAL_REPRESENTATION('',(#4998),#5006);
#4998 = ( BOUNDED_CURVE() B_SPLINE_CURVE(2,(#4999,#5000,#5001,#5002,
#5003,#5004,#5005),.UNSPECIFIED.,.T.,.F.) B_SPLINE_CURVE_WITH_KNOTS((1,2
    ,2,2,2,1),(-2.094395102393,0.,2.094395102393,4.188790204786,
6.28318530718,8.377580409573),.UNSPECIFIED.) CURVE() 
GEOMETRIC_REPRESENTATION_ITEM() RATIONAL_B_SPLINE_CURVE((1.,0.5,1.,0.5,
1.,0.5,1.)) REPRESENTATION_ITEM('') );
#4999 = CARTESIAN_POINT('',(9.595043168248E-32,-1.520709294059));
#5000 = CARTESIAN_POINT('',(-12.12435565298,-1.520709294059));
#5001 = CARTESIAN_POINT('',(-6.062177826491,8.979290705941));
#5002 = CARTESIAN_POINT('',(-1.714505518806E-15,19.479290705941));
#5003 = CARTESIAN_POINT('',(6.062177826491,8.979290705941));
#5004 = CARTESIAN_POINT('',(12.124355652982,-1.520709294059));
#5005 = CARTESIAN_POINT('',(9.595043168248E-32,-1.520709294059));
#5006 = ( GEOMETRIC_REPRESENTATION_CONTEXT(2) 
PARAMETRIC_REPRESENTATION_CONTEXT() REPRESENTATION_CONTEXT('2D SPACE',''
  ) );
#5007 = PCURVE('',#5008,#5013);
#5008 = CONICAL_SURFACE('',#5009,7.,0.805224788065);
#5009 = AXIS2_PLACEMENT_3D('',#5010,#5011,#5012);
#5010 = CARTESIAN_POINT('',(-59.43875581061,-6.410933539286E-17,
    32.15365807554));
#5011 = DIRECTION('',(0.999847695156,0.,-1.745240643728E-02));
#5012 = DIRECTION('',(-1.745240643728E-02,0.,-0.999847695156));
#5013 = DEFINITIONAL_REPRESENTATION('',(#5014),#5018);
#5014 = LINE('',#5015,#5016);
#5015 = CARTESIAN_POINT('',(4.440892098501E-16,1.452527023087E-17));
#5016 = VECTOR('',#5017,1.);
#5017 = DIRECTION('',(1.,2.369369002744E-15));
#5018 = ( GEOMETRIC_REPRESENTATION_CONTEXT(2) 
PARAMETRIC_REPRESENTATION_CONTEXT() REPRESENTATION_CONTEXT('2D SPACE',''
  ) );
#5019 = ORIENTED_EDGE('',*,*,#5020,.T.);
#5020 = EDGE_CURVE('',#4988,#1402,#5021,.T.);
#5021 = SURFACE_CURVE('',#5022,(#5026,#5033),.PCURVE_S1.);
#5022 = LINE('',#5023,#5024);
#5023 = CARTESIAN_POINT('',(-59.40999776703,-19.002,33.801205288798));
#5024 = VECTOR('',#5025,1.);
#5025 = DIRECTION('',(0.,1.,0.));
#5026 = PCURVE('',#227,#5027);
#5027 = DEFINITIONAL_REPRESENTATION('',(#5028),#5032);
#5028 = LINE('',#5029,#5030);
#5029 = CARTESIAN_POINT('',(19.002,7.127088886843));
#5030 = VECTOR('',#5031,1.);
#5031 = DIRECTION('',(-1.,-7.824090399073E-35));
#5032 = ( GEOMETRIC_REPRESENTATION_CONTEXT(2) 
PARAMETRIC_REPRESENTATION_CONTEXT() REPRESENTATION_CONTEXT('2D SPACE',''
  ) );
#5033 = PCURVE('',#1441,#5034);
#5034 = DEFINITIONAL_REPRESENTATION('',(#5035),#5039);
#5035 = LINE('',#5036,#5037);
#5036 = CARTESIAN_POINT('',(6.3006385997,0.));
#5037 = VECTOR('',#5038,1.);
#5038 = DIRECTION('',(0.,1.));
#5039 = ( GEOMETRIC_REPRESENTATION_CONTEXT(2) 
PARAMETRIC_REPRESENTATION_CONTEXT() REPRESENTATION_CONTEXT('2D SPACE',''
  ) );
#5040 = ORIENTED_EDGE('',*,*,#1475,.T.);
#5041 = FACE_BOUND('',#5042,.T.);
#5042 = EDGE_LOOP('',(#5043,#5073,#5094,#5095));
#5043 = ORIENTED_EDGE('',*,*,#5044,.T.);
#5044 = EDGE_CURVE('',#5045,#5047,#5049,.T.);
#5045 = VERTEX_POINT('',#5046);
#5046 = CARTESIAN_POINT('',(-59.40999776703,-6.803290465283,
    33.801205288798));
#5047 = VERTEX_POINT('',#5048);
#5048 = CARTESIAN_POINT('',(-59.49855454284,-6.104085426511,
    28.727791000262));
#5049 = SURFACE_CURVE('',#5050,(#5055,#5066),.PCURVE_S1.);
#5050 = CIRCLE('',#5051,7.);
#5051 = AXIS2_PLACEMENT_3D('',#5052,#5053,#5054);
#5052 = CARTESIAN_POINT('',(-59.43875581061,-6.410933539286E-17,
    32.15365807554));
#5053 = DIRECTION('',(0.999847695156,0.,-1.745240643728E-02));
#5054 = DIRECTION('',(-1.745240643728E-02,0.,-0.999847695156));
#5055 = PCURVE('',#227,#5056);
#5056 = DEFINITIONAL_REPRESENTATION('',(#5057),#5065);
#5057 = ( BOUNDED_CURVE() B_SPLINE_CURVE(2,(#5058,#5059,#5060,#5061,
#5062,#5063,#5064),.UNSPECIFIED.,.T.,.F.) B_SPLINE_CURVE_WITH_KNOTS((1,2
    ,2,2,2,1),(-2.094395102393,0.,2.094395102393,4.188790204786,
6.28318530718,8.377580409573),.UNSPECIFIED.) CURVE() 
GEOMETRIC_REPRESENTATION_ITEM() RATIONAL_B_SPLINE_CURVE((1.,0.5,1.,0.5,
1.,0.5,1.)) REPRESENTATION_ITEM('') );
#5058 = CARTESIAN_POINT('',(9.595043168248E-32,-1.520709294059));
#5059 = CARTESIAN_POINT('',(-12.12435565298,-1.520709294059));
#5060 = CARTESIAN_POINT('',(-6.062177826491,8.979290705941));
#5061 = CARTESIAN_POINT('',(-1.714505518806E-15,19.479290705941));
#5062 = CARTESIAN_POINT('',(6.062177826491,8.979290705941));
#5063 = CARTESIAN_POINT('',(12.124355652982,-1.520709294059));
#5064 = CARTESIAN_POINT('',(9.595043168248E-32,-1.520709294059));
#5065 = ( GEOMETRIC_REPRESENTATION_CONTEXT(2) 
PARAMETRIC_REPRESENTATION_CONTEXT() REPRESENTATION_CONTEXT('2D SPACE',''
  ) );
#5066 = PCURVE('',#5008,#5067);
#5067 = DEFINITIONAL_REPRESENTATION('',(#5068),#5072);
#5068 = LINE('',#5069,#5070);
#5069 = CARTESIAN_POINT('',(-6.28318530718,8.713051747313E-15));
#5070 = VECTOR('',#5071,1.);
#5071 = DIRECTION('',(1.,-1.184684501372E-15));
#5072 = ( GEOMETRIC_REPRESENTATION_CONTEXT(2) 
PARAMETRIC_REPRESENTATION_CONTEXT() REPRESENTATION_CONTEXT('2D SPACE',''
  ) );
#5073 = ORIENTED_EDGE('',*,*,#5074,.F.);
#5074 = EDGE_CURVE('',#3084,#5047,#5075,.T.);
#5075 = SURFACE_CURVE('',#5076,(#5080,#5087),.PCURVE_S1.);
#5076 = LINE('',#5077,#5078);
#5077 = CARTESIAN_POINT('',(-59.49855454284,-19.002,28.727791000262));
#5078 = VECTOR('',#5079,1.);
#5079 = DIRECTION('',(0.,1.,0.));
#5080 = PCURVE('',#227,#5081);
#5081 = DEFINITIONAL_REPRESENTATION('',(#5082),#5086);
#5082 = LINE('',#5083,#5084);
#5083 = CARTESIAN_POINT('',(19.002,2.052901775032));
#5084 = VECTOR('',#5085,1.);
#5085 = DIRECTION('',(-1.,-7.824090399073E-35));
#5086 = ( GEOMETRIC_REPRESENTATION_CONTEXT(2) 
PARAMETRIC_REPRESENTATION_CONTEXT() REPRESENTATION_CONTEXT('2D SPACE',''
  ) );
#5087 = PCURVE('',#1539,#5088);
#5088 = DEFINITIONAL_REPRESENTATION('',(#5089),#5093);
#5089 = LINE('',#5090,#5091);
#5090 = CARTESIAN_POINT('',(6.3006385997,0.));
#5091 = VECTOR('',#5092,1.);
#5092 = DIRECTION('',(0.,1.));
#5093 = ( GEOMETRIC_REPRESENTATION_CONTEXT(2) 
PARAMETRIC_REPRESENTATION_CONTEXT() REPRESENTATION_CONTEXT('2D SPACE',''
  ) );
#5094 = ORIENTED_EDGE('',*,*,#3152,.T.);
#5095 = ORIENTED_EDGE('',*,*,#5096,.T.);
#5096 = EDGE_CURVE('',#3153,#5045,#5097,.T.);
#5097 = SURFACE_CURVE('',#5098,(#5102,#5109),.PCURVE_S1.);
#5098 = LINE('',#5099,#5100);
#5099 = CARTESIAN_POINT('',(-59.40999776703,-19.002,33.801205288798));
#5100 = VECTOR('',#5101,1.);
#5101 = DIRECTION('',(0.,1.,0.));
#5102 = PCURVE('',#227,#5103);
#5103 = DEFINITIONAL_REPRESENTATION('',(#5104),#5108);
#5104 = LINE('',#5105,#5106);
#5105 = CARTESIAN_POINT('',(19.002,7.127088886843));
#5106 = VECTOR('',#5107,1.);
#5107 = DIRECTION('',(-1.,-7.824090399073E-35));
#5108 = ( GEOMETRIC_REPRESENTATION_CONTEXT(2) 
PARAMETRIC_REPRESENTATION_CONTEXT() REPRESENTATION_CONTEXT('2D SPACE',''
  ) );
#5109 = PCURVE('',#1441,#5110);
#5110 = DEFINITIONAL_REPRESENTATION('',(#5111),#5115);
#5111 = LINE('',#5112,#5113);
#5112 = CARTESIAN_POINT('',(6.3006385997,0.));
#5113 = VECTOR('',#5114,1.);
#5114 = DIRECTION('',(0.,1.));
#5115 = ( GEOMETRIC_REPRESENTATION_CONTEXT(2) 
PARAMETRIC_REPRESENTATION_CONTEXT() REPRESENTATION_CONTEXT('2D SPACE',''
  ) );
#5116 = FACE_BOUND('',#5117,.T.);
#5117 = EDGE_LOOP('',(#5118,#5141,#5174,#5195,#5196,#5217));
#5118 = ORIENTED_EDGE('',*,*,#5119,.T.);
#5119 = EDGE_CURVE('',#4047,#5120,#5122,.T.);
#5120 = VERTEX_POINT('',#5121);
#5121 = CARTESIAN_POINT('',(-59.51336565657,-5.542921516359,
    27.879262862838));
#5122 = SURFACE_CURVE('',#5123,(#5127,#5134),.PCURVE_S1.);
#5123 = LINE('',#5124,#5125);
#5124 = CARTESIAN_POINT('',(-59.51336565657,-19.002,27.879262862838));
#5125 = VECTOR('',#5126,1.);
#5126 = DIRECTION('',(0.,1.,0.));
#5127 = PCURVE('',#227,#5128);
#5128 = DEFINITIONAL_REPRESENTATION('',(#5129),#5133);
#5129 = LINE('',#5130,#5131);
#5130 = CARTESIAN_POINT('',(19.002,1.204244382977));
#5131 = VECTOR('',#5132,1.);
#5132 = DIRECTION('',(-1.,-7.824090399073E-35));
#5133 = ( GEOMETRIC_REPRESENTATION_CONTEXT(2) 
PARAMETRIC_REPRESENTATION_CONTEXT() REPRESENTATION_CONTEXT('2D SPACE',''
  ) );
#5134 = PCURVE('',#1172,#5135);
#5135 = DEFINITIONAL_REPRESENTATION('',(#5136),#5140);
#5136 = LINE('',#5137,#5138);
#5137 = CARTESIAN_POINT('',(6.3006385997,0.));
#5138 = VECTOR('',#5139,1.);
#5139 = DIRECTION('',(0.,1.));
#5140 = ( GEOMETRIC_REPRESENTATION_CONTEXT(2) 
PARAMETRIC_REPRESENTATION_CONTEXT() REPRESENTATION_CONTEXT('2D SPACE',''
  ) );
#5141 = ORIENTED_EDGE('',*,*,#5142,.T.);
#5142 = EDGE_CURVE('',#5120,#5143,#5145,.T.);
#5143 = VERTEX_POINT('',#5144);
#5144 = CARTESIAN_POINT('',(-59.51336565657,5.542921516359,
    27.879262862838));
#5145 = SURFACE_CURVE('',#5146,(#5151,#5162),.PCURVE_S1.);
#5146 = CIRCLE('',#5147,7.);
#5147 = AXIS2_PLACEMENT_3D('',#5148,#5149,#5150);
#5148 = CARTESIAN_POINT('',(-59.43875581061,-6.410933539286E-17,
    32.15365807554));
#5149 = DIRECTION('',(0.999847695156,0.,-1.745240643728E-02));
#5150 = DIRECTION('',(-1.745240643728E-02,0.,-0.999847695156));
#5151 = PCURVE('',#227,#5152);
#5152 = DEFINITIONAL_REPRESENTATION('',(#5153),#5161);
#5153 = ( BOUNDED_CURVE() B_SPLINE_CURVE(2,(#5154,#5155,#5156,#5157,
#5158,#5159,#5160),.UNSPECIFIED.,.T.,.F.) B_SPLINE_CURVE_WITH_KNOTS((1,2
    ,2,2,2,1),(-2.094395102393,0.,2.094395102393,4.188790204786,
6.28318530718,8.377580409573),.UNSPECIFIED.) CURVE() 
GEOMETRIC_REPRESENTATION_ITEM() RATIONAL_B_SPLINE_CURVE((1.,0.5,1.,0.5,
1.,0.5,1.)) REPRESENTATION_ITEM('') );
#5154 = CARTESIAN_POINT('',(9.595043168248E-32,-1.520709294059));
#5155 = CARTESIAN_POINT('',(-12.12435565298,-1.520709294059));
#5156 = CARTESIAN_POINT('',(-6.062177826491,8.979290705941));
#5157 = CARTESIAN_POINT('',(-1.714505518806E-15,19.479290705941));
#5158 = CARTESIAN_POINT('',(6.062177826491,8.979290705941));
#5159 = CARTESIAN_POINT('',(12.124355652982,-1.520709294059));
#5160 = CARTESIAN_POINT('',(9.595043168248E-32,-1.520709294059));
#5161 = ( GEOMETRIC_REPRESENTATION_CONTEXT(2) 
PARAMETRIC_REPRESENTATION_CONTEXT() REPRESENTATION_CONTEXT('2D SPACE',''
  ) );
#5162 = PCURVE('',#5163,#5168);
#5163 = CONICAL_SURFACE('',#5164,7.,0.805224788065);
#5164 = AXIS2_PLACEMENT_3D('',#5165,#5166,#5167);
#5165 = CARTESIAN_POINT('',(-59.43875581061,-6.410933539286E-17,
    32.15365807554));
#5166 = DIRECTION('',(0.999847695156,0.,-1.745240643728E-02));
#5167 = DIRECTION('',(-1.745240643728E-02,0.,-0.999847695156));
#5168 = DEFINITIONAL_REPRESENTATION('',(#5169),#5173);
#5169 = LINE('',#5170,#5171);
#5170 = CARTESIAN_POINT('',(-8.881784197001E-16,2.524393719065E-15));
#5171 = VECTOR('',#5172,1.);
#5172 = DIRECTION('',(1.,0.));
#5173 = ( GEOMETRIC_REPRESENTATION_CONTEXT(2) 
PARAMETRIC_REPRESENTATION_CONTEXT() REPRESENTATION_CONTEXT('2D SPACE',''
  ) );
#5174 = ORIENTED_EDGE('',*,*,#5175,.T.);
#5175 = EDGE_CURVE('',#5143,#1133,#5176,.T.);
#5176 = SURFACE_CURVE('',#5177,(#5181,#5188),.PCURVE_S1.);
#5177 = LINE('',#5178,#5179);
#5178 = CARTESIAN_POINT('',(-59.51336565657,-19.002,27.879262862838));
#5179 = VECTOR('',#5180,1.);
#5180 = DIRECTION('',(0.,1.,0.));
#5181 = PCURVE('',#227,#5182);
#5182 = DEFINITIONAL_REPRESENTATION('',(#5183),#5187);
#5183 = LINE('',#5184,#5185);
#5184 = CARTESIAN_POINT('',(19.002,1.204244382977));
#5185 = VECTOR('',#5186,1.);
#5186 = DIRECTION('',(-1.,-7.824090399073E-35));
#5187 = ( GEOMETRIC_REPRESENTATION_CONTEXT(2) 
PARAMETRIC_REPRESENTATION_CONTEXT() REPRESENTATION_CONTEXT('2D SPACE',''
  ) );
#5188 = PCURVE('',#1172,#5189);
#5189 = DEFINITIONAL_REPRESENTATION('',(#5190),#5194);
#5190 = LINE('',#5191,#5192);
#5191 = CARTESIAN_POINT('',(6.3006385997,0.));
#5192 = VECTOR('',#5193,1.);
#5193 = DIRECTION('',(0.,1.));
#5194 = ( GEOMETRIC_REPRESENTATION_CONTEXT(2) 
PARAMETRIC_REPRESENTATION_CONTEXT() REPRESENTATION_CONTEXT('2D SPACE',''
  ) );
#5195 = ORIENTED_EDGE('',*,*,#1206,.T.);
#5196 = ORIENTED_EDGE('',*,*,#5197,.F.);
#5197 = EDGE_CURVE('',#3977,#1207,#5198,.T.);
#5198 = SURFACE_CURVE('',#5199,(#5203,#5210),.PCURVE_S1.);
#5199 = LINE('',#5200,#5201);
#5200 = CARTESIAN_POINT('',(-59.60192243239,-19.002,22.805848574301));
#5201 = VECTOR('',#5202,1.);
#5202 = DIRECTION('',(0.,1.,0.));
#5203 = PCURVE('',#227,#5204);
#5204 = DEFINITIONAL_REPRESENTATION('',(#5205),#5209);
#5205 = LINE('',#5206,#5207);
#5206 = CARTESIAN_POINT('',(19.002,-3.869942728835));
#5207 = VECTOR('',#5208,1.);
#5208 = DIRECTION('',(-1.,-7.824090399073E-35));
#5209 = ( GEOMETRIC_REPRESENTATION_CONTEXT(2) 
PARAMETRIC_REPRESENTATION_CONTEXT() REPRESENTATION_CONTEXT('2D SPACE',''
  ) );
#5210 = PCURVE('',#1271,#5211);
#5211 = DEFINITIONAL_REPRESENTATION('',(#5212),#5216);
#5212 = LINE('',#5213,#5214);
#5213 = CARTESIAN_POINT('',(6.3006385997,0.));
#5214 = VECTOR('',#5215,1.);
#5215 = DIRECTION('',(0.,1.));
#5216 = ( GEOMETRIC_REPRESENTATION_CONTEXT(2) 
PARAMETRIC_REPRESENTATION_CONTEXT() REPRESENTATION_CONTEXT('2D SPACE',''
  ) );
#5217 = ORIENTED_EDGE('',*,*,#4046,.T.);
#5218 = FACE_BOUND('',#5219,.T.);
#5219 = EDGE_LOOP('',(#5220,#5221,#5242,#5243));
#5220 = ORIENTED_EDGE('',*,*,#2006,.T.);
#5221 = ORIENTED_EDGE('',*,*,#5222,.F.);
#5222 = EDGE_CURVE('',#2700,#2007,#5223,.T.);
#5223 = SURFACE_CURVE('',#5224,(#5228,#5235),.PCURVE_S1.);
#5224 = LINE('',#5225,#5226);
#5225 = CARTESIAN_POINT('',(-59.29181876375,-19.002,40.571675852183));
#5226 = VECTOR('',#5227,1.);
#5227 = DIRECTION('',(0.,1.,0.));
#5228 = PCURVE('',#227,#5229);
#5229 = DEFINITIONAL_REPRESENTATION('',(#5230),#5234);
#5230 = LINE('',#5231,#5232);
#5231 = CARTESIAN_POINT('',(19.002,13.898590782765));
#5232 = VECTOR('',#5233,1.);
#5233 = DIRECTION('',(-1.,-7.824090399073E-35));
#5234 = ( GEOMETRIC_REPRESENTATION_CONTEXT(2) 
PARAMETRIC_REPRESENTATION_CONTEXT() REPRESENTATION_CONTEXT('2D SPACE',''
  ) );
#5235 = PCURVE('',#2071,#5236);
#5236 = DEFINITIONAL_REPRESENTATION('',(#5237),#5241);
#5237 = LINE('',#5238,#5239);
#5238 = CARTESIAN_POINT('',(6.3006385997,0.));
#5239 = VECTOR('',#5240,1.);
#5240 = DIRECTION('',(0.,1.));
#5241 = ( GEOMETRIC_REPRESENTATION_CONTEXT(2) 
PARAMETRIC_REPRESENTATION_CONTEXT() REPRESENTATION_CONTEXT('2D SPACE',''
  ) );
#5242 = ORIENTED_EDGE('',*,*,#2769,.T.);
#5243 = ORIENTED_EDGE('',*,*,#5244,.T.);
#5244 = EDGE_CURVE('',#2770,#1933,#5245,.T.);
#5245 = SURFACE_CURVE('',#5246,(#5250,#5257),.PCURVE_S1.);
#5246 = LINE('',#5247,#5248);
#5247 = CARTESIAN_POINT('',(-59.20326198793,-19.002,45.64509014072));
#5248 = VECTOR('',#5249,1.);
#5249 = DIRECTION('',(0.,1.,0.));
#5250 = PCURVE('',#227,#5251);
#5251 = DEFINITIONAL_REPRESENTATION('',(#5252),#5256);
#5252 = LINE('',#5253,#5254);
#5253 = CARTESIAN_POINT('',(19.002,18.972777894577));
#5254 = VECTOR('',#5255,1.);
#5255 = DIRECTION('',(-1.,-7.824090399073E-35));
#5256 = ( GEOMETRIC_REPRESENTATION_CONTEXT(2) 
PARAMETRIC_REPRESENTATION_CONTEXT() REPRESENTATION_CONTEXT('2D SPACE',''
  ) );
#5257 = PCURVE('',#1972,#5258);
#5258 = DEFINITIONAL_REPRESENTATION('',(#5259),#5263);
#5259 = LINE('',#5260,#5261);
#5260 = CARTESIAN_POINT('',(6.3006385997,0.));
#5261 = VECTOR('',#5262,1.);
#5262 = DIRECTION('',(0.,1.));
#5263 = ( GEOMETRIC_REPRESENTATION_CONTEXT(2) 
PARAMETRIC_REPRESENTATION_CONTEXT() REPRESENTATION_CONTEXT('2D SPACE',''
  ) );
#5264 = FACE_BOUND('',#5265,.T.);
#5265 = EDGE_LOOP('',(#5266,#5267));
#5266 = ORIENTED_EDGE('',*,*,#2523,.T.);
#5267 = ORIENTED_EDGE('',*,*,#5268,.F.);
#5268 = EDGE_CURVE('',#2449,#2524,#5269,.T.);
#5269 = SURFACE_CURVE('',#5270,(#5274,#5281),.PCURVE_S1.);
#5270 = LINE('',#5271,#5272);
#5271 = CARTESIAN_POINT('',(-59.1884508742,-19.002,46.493618278144));
#5272 = VECTOR('',#5273,1.);
#5273 = DIRECTION('',(0.,1.,0.));
#5274 = PCURVE('',#227,#5275);
#5275 = DEFINITIONAL_REPRESENTATION('',(#5276),#5280);
#5276 = LINE('',#5277,#5278);
#5277 = CARTESIAN_POINT('',(19.002,19.821435286632));
#5278 = VECTOR('',#5279,1.);
#5279 = DIRECTION('',(-1.,-7.824090399073E-35));
#5280 = ( GEOMETRIC_REPRESENTATION_CONTEXT(2) 
PARAMETRIC_REPRESENTATION_CONTEXT() REPRESENTATION_CONTEXT('2D SPACE',''
  ) );
#5281 = PCURVE('',#2489,#5282);
#5282 = DEFINITIONAL_REPRESENTATION('',(#5283),#5287);
#5283 = LINE('',#5284,#5285);
#5284 = CARTESIAN_POINT('',(6.3006385997,0.));
#5285 = VECTOR('',#5286,1.);
#5286 = DIRECTION('',(0.,1.));
#5287 = ( GEOMETRIC_REPRESENTATION_CONTEXT(2) 
PARAMETRIC_REPRESENTATION_CONTEXT() REPRESENTATION_CONTEXT('2D SPACE',''
  ) );
#5288 = FACE_BOUND('',#5289,.T.);
#5289 = EDGE_LOOP('',(#5290,#5311));
#5290 = ORIENTED_EDGE('',*,*,#5291,.T.);
#5291 = EDGE_CURVE('',#818,#816,#5292,.T.);
#5292 = SURFACE_CURVE('',#5293,(#5297,#5304),.PCURVE_S1.);
#5293 = LINE('',#5294,#5295);
#5294 = CARTESIAN_POINT('',(-59.61673354612,-19.002,21.957320436877));
#5295 = VECTOR('',#5296,1.);
#5296 = DIRECTION('',(0.,1.,0.));
#5297 = PCURVE('',#227,#5298);
#5298 = DEFINITIONAL_REPRESENTATION('',(#5299),#5303);
#5299 = LINE('',#5300,#5301);
#5300 = CARTESIAN_POINT('',(19.002,-4.71860012089));
#5301 = VECTOR('',#5302,1.);
#5302 = DIRECTION('',(-1.,-7.824090399073E-35));
#5303 = ( GEOMETRIC_REPRESENTATION_CONTEXT(2) 
PARAMETRIC_REPRESENTATION_CONTEXT() REPRESENTATION_CONTEXT('2D SPACE',''
  ) );
#5304 = PCURVE('',#886,#5305);
#5305 = DEFINITIONAL_REPRESENTATION('',(#5306),#5310);
#5306 = LINE('',#5307,#5308);
#5307 = CARTESIAN_POINT('',(6.3006385997,0.));
#5308 = VECTOR('',#5309,1.);
#5309 = DIRECTION('',(0.,1.));
#5310 = ( GEOMETRIC_REPRESENTATION_CONTEXT(2) 
PARAMETRIC_REPRESENTATION_CONTEXT() REPRESENTATION_CONTEXT('2D SPACE',''
  ) );
#5311 = ORIENTED_EDGE('',*,*,#815,.T.);
#5312 = FACE_BOUND('',#5313,.T.);
#5313 = EDGE_LOOP('',(#5314,#5315));
#5314 = ORIENTED_EDGE('',*,*,#4348,.T.);
#5315 = ORIENTED_EDGE('',*,*,#4324,.T.);
#5316 = FACE_BOUND('',#5317,.T.);
#5317 = EDGE_LOOP('',(#5318,#5319));
#5318 = ORIENTED_EDGE('',*,*,#3684,.T.);
#5319 = ORIENTED_EDGE('',*,*,#3660,.T.);
#5320 = FACE_BOUND('',#5321,.T.);
#5321 = EDGE_LOOP('',(#5322,#5323));
#5322 = ORIENTED_EDGE('',*,*,#3790,.T.);
#5323 = ORIENTED_EDGE('',*,*,#3766,.T.);
#5324 = FACE_BOUND('',#5325,.T.);
#5325 = EDGE_LOOP('',(#5326,#5327));
#5326 = ORIENTED_EDGE('',*,*,#3896,.T.);
#5327 = ORIENTED_EDGE('',*,*,#3872,.T.);
#5328 = FACE_BOUND('',#5329,.T.);
#5329 = EDGE_LOOP('',(#5330,#5331,#5353,#5354,#5376,#5377,#5399,#5400));
#5330 = ORIENTED_EDGE('',*,*,#3360,.T.);
#5331 = ORIENTED_EDGE('',*,*,#5332,.F.);
#5332 = EDGE_CURVE('',#4166,#3333,#5333,.T.);
#5333 = SURFACE_CURVE('',#5334,(#5339,#5346),.PCURVE_S1.);
#5334 = CIRCLE('',#5335,3.);
#5335 = AXIS2_PLACEMENT_3D('',#5336,#5337,#5338);
#5336 = CARTESIAN_POINT('',(-59.12112201345,-18.2,50.350886127387));
#5337 = DIRECTION('',(-0.999847695156,-1.068651684042E-18,
    1.745240643728E-02));
#5338 = DIRECTION('',(1.745240643728E-02,0.,0.999847695156));
#5339 = PCURVE('',#227,#5340);
#5340 = DEFINITIONAL_REPRESENTATION('',(#5341),#5345);
#5341 = CIRCLE('',#5342,3.);
#5342 = AXIS2_PLACEMENT_2D('',#5343,#5344);
#5343 = CARTESIAN_POINT('',(18.2,23.679290705941));
#5344 = DIRECTION('',(-7.824090399073E-35,1.));
#5345 = ( GEOMETRIC_REPRESENTATION_CONTEXT(2) 
PARAMETRIC_REPRESENTATION_CONTEXT() REPRESENTATION_CONTEXT('2D SPACE',''
  ) );
#5346 = PCURVE('',#3348,#5347);
#5347 = DEFINITIONAL_REPRESENTATION('',(#5348),#5352);
#5348 = LINE('',#5349,#5350);
#5349 = CARTESIAN_POINT('',(9.424777960769,8.));
#5350 = VECTOR('',#5351,1.);
#5351 = DIRECTION('',(-1.,4.52345554697E-15));
#5352 = ( GEOMETRIC_REPRESENTATION_CONTEXT(2) 
PARAMETRIC_REPRESENTATION_CONTEXT() REPRESENTATION_CONTEXT('2D SPACE',''
  ) );
#5353 = ORIENTED_EDGE('',*,*,#4244,.T.);
#5354 = ORIENTED_EDGE('',*,*,#5355,.F.);
#5355 = EDGE_CURVE('',#3497,#4222,#5356,.T.);
#5356 = SURFACE_CURVE('',#5357,(#5362,#5369),.PCURVE_S1.);
#5357 = CIRCLE('',#5358,3.);
#5358 = AXIS2_PLACEMENT_3D('',#5359,#5360,#5361);
#5359 = CARTESIAN_POINT('',(-59.75638960777,-18.2,13.956430023694));
#5360 = DIRECTION('',(-0.999847695156,-1.068651684042E-18,
    1.745240643728E-02));
#5361 = DIRECTION('',(1.745240643728E-02,0.,0.999847695156));
#5362 = PCURVE('',#227,#5363);
#5363 = DEFINITIONAL_REPRESENTATION('',(#5364),#5368);
#5364 = CIRCLE('',#5365,3.);
#5365 = AXIS2_PLACEMENT_2D('',#5366,#5367);
#5366 = CARTESIAN_POINT('',(18.2,-12.72070929405));
#5367 = DIRECTION('',(-7.824090399073E-35,1.));
#5368 = ( GEOMETRIC_REPRESENTATION_CONTEXT(2) 
PARAMETRIC_REPRESENTATION_CONTEXT() REPRESENTATION_CONTEXT('2D SPACE',''
  ) );
#5369 = PCURVE('',#3517,#5370);
#5370 = DEFINITIONAL_REPRESENTATION('',(#5371),#5375);
#5371 = LINE('',#5372,#5373);
#5372 = CARTESIAN_POINT('',(0.,-8.));
#5373 = VECTOR('',#5374,1.);
#5374 = DIRECTION('',(1.,-4.52345554697E-15));
#5375 = ( GEOMETRIC_REPRESENTATION_CONTEXT(2) 
PARAMETRIC_REPRESENTATION_CONTEXT() REPRESENTATION_CONTEXT('2D SPACE',''
  ) );
#5376 = ORIENTED_EDGE('',*,*,#3580,.F.);
#5377 = ORIENTED_EDGE('',*,*,#5378,.F.);
#5378 = EDGE_CURVE('',#3387,#3558,#5379,.T.);
#5379 = SURFACE_CURVE('',#5380,(#5385,#5392),.PCURVE_S1.);
#5380 = CIRCLE('',#5381,3.);
#5381 = AXIS2_PLACEMENT_3D('',#5382,#5383,#5384);
#5382 = CARTESIAN_POINT('',(-59.75638960777,18.2,13.956430023694));
#5383 = DIRECTION('',(-0.999847695156,-1.068651684042E-18,
    1.745240643728E-02));
#5384 = DIRECTION('',(1.745240643728E-02,0.,0.999847695156));
#5385 = PCURVE('',#227,#5386);
#5386 = DEFINITIONAL_REPRESENTATION('',(#5387),#5391);
#5387 = CIRCLE('',#5388,3.);
#5388 = AXIS2_PLACEMENT_2D('',#5389,#5390);
#5389 = CARTESIAN_POINT('',(-18.2,-12.72070929405));
#5390 = DIRECTION('',(-7.824090399073E-35,1.));
#5391 = ( GEOMETRIC_REPRESENTATION_CONTEXT(2) 
PARAMETRIC_REPRESENTATION_CONTEXT() REPRESENTATION_CONTEXT('2D SPACE',''
  ) );
#5392 = PCURVE('',#3407,#5393);
#5393 = DEFINITIONAL_REPRESENTATION('',(#5394),#5398);
#5394 = LINE('',#5395,#5396);
#5395 = CARTESIAN_POINT('',(3.14159265359,8.));
#5396 = VECTOR('',#5397,1.);
#5397 = DIRECTION('',(-1.,-4.52345554697E-15));
#5398 = ( GEOMETRIC_REPRESENTATION_CONTEXT(2) 
PARAMETRIC_REPRESENTATION_CONTEXT() REPRESENTATION_CONTEXT('2D SPACE',''
  ) );
#5399 = ORIENTED_EDGE('',*,*,#3470,.F.);
#5400 = ORIENTED_EDGE('',*,*,#5401,.F.);
#5401 = EDGE_CURVE('',#3272,#3448,#5402,.T.);
#5402 = SURFACE_CURVE('',#5403,(#5408,#5415),.PCURVE_S1.);
#5403 = CIRCLE('',#5404,3.);
#5404 = AXIS2_PLACEMENT_3D('',#5405,#5406,#5407);
#5405 = CARTESIAN_POINT('',(-59.12112201345,18.2,50.350886127387));
#5406 = DIRECTION('',(-0.999847695156,-1.068651684042E-18,
    1.745240643728E-02));
#5407 = DIRECTION('',(1.745240643728E-02,0.,0.999847695156));
#5408 = PCURVE('',#227,#5409);
#5409 = DEFINITIONAL_REPRESENTATION('',(#5410),#5414);
#5410 = CIRCLE('',#5411,3.);
#5411 = AXIS2_PLACEMENT_2D('',#5412,#5413);
#5412 = CARTESIAN_POINT('',(-18.2,23.679290705941));
#5413 = DIRECTION('',(-7.824090399073E-35,1.));
#5414 = ( GEOMETRIC_REPRESENTATION_CONTEXT(2) 
PARAMETRIC_REPRESENTATION_CONTEXT() REPRESENTATION_CONTEXT('2D SPACE',''
  ) );
#5415 = PCURVE('',#3292,#5416);
#5416 = DEFINITIONAL_REPRESENTATION('',(#5417),#5421);
#5417 = LINE('',#5418,#5419);
#5418 = CARTESIAN_POINT('',(0.,-8.));
#5419 = VECTOR('',#5420,1.);
#5420 = DIRECTION('',(1.,4.52345554697E-15));
#5421 = ( GEOMETRIC_REPRESENTATION_CONTEXT(2) 
PARAMETRIC_REPRESENTATION_CONTEXT() REPRESENTATION_CONTEXT('2D SPACE',''
  ) );
#5422 = FACE_BOUND('',#5423,.T.);
#5423 = EDGE_LOOP('',(#5424,#5425,#5449,#5494,#5495,#5516));
#5424 = ORIENTED_EDGE('',*,*,#211,.T.);
#5425 = ORIENTED_EDGE('',*,*,#5426,.T.);
#5426 = EDGE_CURVE('',#212,#5427,#5429,.T.);
#5427 = VERTEX_POINT('',#5428);
#5428 = CARTESIAN_POINT('',(-59.31250264414,-1.166710790804,
    39.386697138075));
#5429 = SURFACE_CURVE('',#5430,(#5435,#5442),.PCURVE_S1.);
#5430 = CIRCLE('',#5431,1.2);
#5431 = AXIS2_PLACEMENT_3D('',#5432,#5433,#5434);
#5432 = CARTESIAN_POINT('',(-59.32757276521,-2.,38.523330480572));
#5433 = DIRECTION('',(-0.999847695156,-1.068651684042E-18,
    1.745240643728E-02));
#5434 = DIRECTION('',(1.745240643728E-02,0.,0.999847695156));
#5435 = PCURVE('',#227,#5436);
#5436 = DEFINITIONAL_REPRESENTATION('',(#5437),#5441);
#5437 = CIRCLE('',#5438,1.2);
#5438 = AXIS2_PLACEMENT_2D('',#5439,#5440);
#5439 = CARTESIAN_POINT('',(2.,11.84993339071));
#5440 = DIRECTION('',(-7.824090399073E-35,1.));
#5441 = ( GEOMETRIC_REPRESENTATION_CONTEXT(2) 
PARAMETRIC_REPRESENTATION_CONTEXT() REPRESENTATION_CONTEXT('2D SPACE',''
  ) );
#5442 = PCURVE('',#256,#5443);
#5443 = DEFINITIONAL_REPRESENTATION('',(#5444),#5448);
#5444 = LINE('',#5445,#5446);
#5445 = CARTESIAN_POINT('',(3.12413936107,6.28318530718));
#5446 = VECTOR('',#5447,1.);
#5447 = DIRECTION('',(1.157090360972E-15,-1.));
#5448 = ( GEOMETRIC_REPRESENTATION_CONTEXT(2) 
PARAMETRIC_REPRESENTATION_CONTEXT() REPRESENTATION_CONTEXT('2D SPACE',''
  ) );
#5449 = ORIENTED_EDGE('',*,*,#5450,.T.);
#5450 = EDGE_CURVE('',#5427,#641,#5451,.T.);
#5451 = SURFACE_CURVE('',#5452,(#5457,#5465),.PCURVE_S1.);
#5452 = B_SPLINE_CURVE_WITH_KNOTS('',3,(#5453,#5454,#5455,#5456),
  .UNSPECIFIED.,.F.,.F.,(4,4),(3.833164197033E-04,1.165662247999E-03),
  .PIECEWISE_BEZIER_KNOTS.);
#5453 = CARTESIAN_POINT('',(-59.31250264414,-1.166710790804,
    39.386697138075));
#5454 = CARTESIAN_POINT('',(-59.31622360522,-1.317271259005,
    39.173523420712));
#5455 = CARTESIAN_POINT('',(-59.31945077994,-1.529700240532,
    38.988638705033));
#5456 = CARTESIAN_POINT('',(-59.3206398493,-1.787643522446,
    38.920516966957));
#5457 = PCURVE('',#227,#5458);
#5458 = DEFINITIONAL_REPRESENTATION('',(#5459),#5464);
#5459 = B_SPLINE_CURVE_WITH_KNOTS('',3,(#5460,#5461,#5462,#5463),
  .UNSPECIFIED.,.F.,.F.,(4,4),(3.833164197033E-04,1.165662247999E-03),
  .PIECEWISE_BEZIER_KNOTS.);
#5460 = CARTESIAN_POINT('',(1.166710790804,12.713431563167));
#5461 = CARTESIAN_POINT('',(1.317271259005,12.500225373469));
#5462 = CARTESIAN_POINT('',(1.529700240532,12.315312494663));
#5463 = CARTESIAN_POINT('',(1.787643522446,12.247180379736));
#5464 = ( GEOMETRIC_REPRESENTATION_CONTEXT(2) 
PARAMETRIC_REPRESENTATION_CONTEXT() REPRESENTATION_CONTEXT('2D SPACE',''
  ) );
#5465 = PCURVE('',#707,#5466);
#5466 = DEFINITIONAL_REPRESENTATION('',(#5467),#5493);
#5467 = B_SPLINE_CURVE_WITH_KNOTS('',3,(#5468,#5469,#5470,#5471,#5472,
    #5473,#5474,#5475,#5476,#5477,#5478,#5479,#5480,#5481,#5482,#5483,
    #5484,#5485,#5486,#5487,#5488,#5489,#5490,#5491,#5492),
  .UNSPECIFIED.,.F.,.F.,(4,1,1,1,1,1,1,1,1,1,1,1,1,1,1,1,1,1,1,1,1,1,4),
  (3.833164197033E-04,4.188775937167E-04,4.544387677302E-04,
    4.899999417436E-04,5.25561115757E-04,5.611222897705E-04,
    5.966834637839E-04,6.322446377974E-04,6.678058118108E-04,
    7.033669858242E-04,7.389281598377E-04,7.744893338511E-04,
    8.100505078646E-04,8.45611681878E-04,8.811728558914E-04,
    9.167340299049E-04,9.522952039183E-04,9.878563779318E-04,
    1.023417551945E-03,1.058978725959E-03,1.094539899972E-03,
    1.130101073986E-03,1.165662247999E-03),.QUASI_UNIFORM_KNOTS.);
#5468 = CARTESIAN_POINT('',(5.683622439727E-03,0.428578585298));
#5469 = CARTESIAN_POINT('',(5.690732908294E-03,0.423085106511));
#5470 = CARTESIAN_POINT('',(5.704869251078E-03,0.412015527501));
#5471 = CARTESIAN_POINT('',(5.725783108882E-03,0.395163858337));
#5472 = CARTESIAN_POINT('',(5.746369450369E-03,0.378065726898));
#5473 = CARTESIAN_POINT('',(5.766591368775E-03,0.360721010068));
#5474 = CARTESIAN_POINT('',(5.786411931692E-03,0.343128882903));
#5475 = CARTESIAN_POINT('',(5.805794180921E-03,0.325287671923));
#5476 = CARTESIAN_POINT('',(5.824701138437E-03,0.307194811721));
#5477 = CARTESIAN_POINT('',(5.843095811049E-03,0.288846768229));
#5478 = CARTESIAN_POINT('',(5.860941195636E-03,0.27023896511));
#5479 = CARTESIAN_POINT('',(5.878200284399E-03,0.251365703257));
#5480 = CARTESIAN_POINT('',(5.894836070195E-03,0.232220075771));
#5481 = CARTESIAN_POINT('',(5.910811551861E-03,0.21279387735));
#5482 = CARTESIAN_POINT('',(5.926089739512E-03,0.193077507873));
#5483 = CARTESIAN_POINT('',(5.940633659749E-03,0.173059869528));
#5484 = CARTESIAN_POINT('',(5.954406360757E-03,0.152728257117));
#5485 = CARTESIAN_POINT('',(5.967370917277E-03,0.132068240003));
#5486 = CARTESIAN_POINT('',(5.979490435376E-03,0.111063537837));
#5487 = CARTESIAN_POINT('',(5.990728057211E-03,8.969587813142E-02));
#5488 = CARTESIAN_POINT('',(6.001046964978E-03,6.794487566482E-02));
#5489 = CARTESIAN_POINT('',(6.010410387042E-03,4.578777950275E-02));
#5490 = CARTESIAN_POINT('',(6.018781594969E-03,2.319965750199E-02));
#5491 = CARTESIAN_POINT('',(6.023676487337E-03,7.834476146124E-03));
#5492 = CARTESIAN_POINT('',(6.025946342601E-03,7.068224224931E-05));
#5493 = ( GEOMETRIC_REPRESENTATION_CONTEXT(2) 
PARAMETRIC_REPRESENTATION_CONTEXT() REPRESENTATION_CONTEXT('2D SPACE',''
  ) );
#5494 = ORIENTED_EDGE('',*,*,#640,.T.);
#5495 = ORIENTED_EDGE('',*,*,#5496,.F.);
#5496 = EDGE_CURVE('',#2934,#571,#5497,.T.);
#5497 = SURFACE_CURVE('',#5498,(#5502,#5509),.PCURVE_S1.);
#5498 = LINE('',#5499,#5500);
#5499 = CARTESIAN_POINT('',(-59.3951866533,-19.002,34.649733426222));
#5500 = VECTOR('',#5501,1.);
#5501 = DIRECTION('',(0.,1.,0.));
#5502 = PCURVE('',#227,#5503);
#5503 = DEFINITIONAL_REPRESENTATION('',(#5504),#5508);
#5504 = LINE('',#5505,#5506);
#5505 = CARTESIAN_POINT('',(19.002,7.975746278899));
#5506 = VECTOR('',#5507,1.);
#5507 = DIRECTION('',(-1.,-7.824090399073E-35));
#5508 = ( GEOMETRIC_REPRESENTATION_CONTEXT(2) 
PARAMETRIC_REPRESENTATION_CONTEXT() REPRESENTATION_CONTEXT('2D SPACE',''
  ) );
#5509 = PCURVE('',#536,#5510);
#5510 = DEFINITIONAL_REPRESENTATION('',(#5511),#5515);
#5511 = LINE('',#5512,#5513);
#5512 = CARTESIAN_POINT('',(6.3006385997,0.));
#5513 = VECTOR('',#5514,1.);
#5514 = DIRECTION('',(0.,1.));
#5515 = ( GEOMETRIC_REPRESENTATION_CONTEXT(2) 
PARAMETRIC_REPRESENTATION_CONTEXT() REPRESENTATION_CONTEXT('2D SPACE',''
  ) );
#5516 = ORIENTED_EDGE('',*,*,#3002,.T.);
#5517 = FACE_BOUND('',#5518,.T.);
#5518 = EDGE_LOOP('',(#5519,#5566,#5595,#5616,#5617,#5638));
#5519 = ORIENTED_EDGE('',*,*,#5520,.T.);
#5520 = EDGE_CURVE('',#410,#5521,#5523,.T.);
#5521 = VERTEX_POINT('',#5522);
#5522 = CARTESIAN_POINT('',(-59.31250264414,1.166710790804,
    39.386697138074));
#5523 = SURFACE_CURVE('',#5524,(#5529,#5537),.PCURVE_S1.);
#5524 = B_SPLINE_CURVE_WITH_KNOTS('',3,(#5525,#5526,#5527,#5528),
  .UNSPECIFIED.,.F.,.F.,(4,4),(0.,7.864252006866E-04),
  .PIECEWISE_BEZIER_KNOTS.);
#5525 = CARTESIAN_POINT('',(-59.3206398493,1.787643522446,
    38.920516966957));
#5526 = CARTESIAN_POINT('',(-59.31944888069,1.529288239794,
    38.988747512699));
#5527 = CARTESIAN_POINT('',(-59.31627280963,1.319262206912,
    39.170704501699));
#5528 = CARTESIAN_POINT('',(-59.31250264414,1.166710790804,
    39.386697138074));
#5529 = PCURVE('',#227,#5530);
#5530 = DEFINITIONAL_REPRESENTATION('',(#5531),#5536);
#5531 = B_SPLINE_CURVE_WITH_KNOTS('',3,(#5532,#5533,#5534,#5535),
  .UNSPECIFIED.,.F.,.F.,(4,4),(0.,7.864252006866E-04),
  .PIECEWISE_BEZIER_KNOTS.);
#5532 = CARTESIAN_POINT('',(-1.787643522446,12.247180379736));
#5533 = CARTESIAN_POINT('',(-1.529288239794,12.315421318903));
#5534 = CARTESIAN_POINT('',(-1.319262206912,12.497406025055));
#5535 = CARTESIAN_POINT('',(-1.166710790804,12.713431563167));
#5536 = ( GEOMETRIC_REPRESENTATION_CONTEXT(2) 
PARAMETRIC_REPRESENTATION_CONTEXT() REPRESENTATION_CONTEXT('2D SPACE',''
  ) );
#5537 = PCURVE('',#448,#5538);
#5538 = DEFINITIONAL_REPRESENTATION('',(#5539),#5565);
#5539 = B_SPLINE_CURVE_WITH_KNOTS('',3,(#5540,#5541,#5542,#5543,#5544,
    #5545,#5546,#5547,#5548,#5549,#5550,#5551,#5552,#5553,#5554,#5555,
    #5556,#5557,#5558,#5559,#5560,#5561,#5562,#5563,#5564),
  .UNSPECIFIED.,.F.,.F.,(4,1,1,1,1,1,1,1,1,1,1,1,1,1,1,1,1,1,1,1,1,1,4),
  (0.,3.574660003121E-05,7.149320006242E-05,1.072398000936E-04,
    1.429864001248E-04,1.78733000156E-04,2.144796001873E-04,
    2.502262002185E-04,2.859728002497E-04,3.217194002809E-04,
    3.574660003121E-04,3.932126003433E-04,4.289592003745E-04,
    4.647058004057E-04,5.004524004369E-04,5.361990004681E-04,
    5.719456004994E-04,6.076922005306E-04,6.434388005618E-04,
    6.79185400593E-04,7.149320006242E-04,7.506786006554E-04,
    7.864252006866E-04),.QUASI_UNIFORM_KNOTS.);
#5540 = CARTESIAN_POINT('',(6.02594634259E-03,0.999929317758));
#5541 = CARTESIAN_POINT('',(6.023672861611E-03,0.992153112082));
#5542 = CARTESIAN_POINT('',(6.018779929037E-03,0.976771951032));
#5543 = CARTESIAN_POINT('',(6.010435665437E-03,0.954183411039));
#5544 = CARTESIAN_POINT('',(6.001119564121E-03,0.932046512425));
#5545 = CARTESIAN_POINT('',(5.990864722438E-03,0.910333233057));
#5546 = CARTESIAN_POINT('',(5.979704279116E-03,0.889017660946));
#5547 = CARTESIAN_POINT('',(5.967671417115E-03,0.868076182485));
#5548 = CARTESIAN_POINT('',(5.954799357791E-03,0.847487251273));
#5549 = CARTESIAN_POINT('',(5.941121357256E-03,0.827231281939));
#5550 = CARTESIAN_POINT('',(5.926670701999E-03,0.807290522094));
#5551 = CARTESIAN_POINT('',(5.911480704583E-03,0.787648940815));
#5552 = CARTESIAN_POINT('',(5.895584699194E-03,0.768292122458));
#5553 = CARTESIAN_POINT('',(5.879016037108E-03,0.749207167954));
#5554 = CARTESIAN_POINT('',(5.861808082078E-03,0.730382602209));
#5555 = CARTESIAN_POINT('',(5.843994205651E-03,0.711808287266));
#5556 = CARTESIAN_POINT('',(5.825607782439E-03,0.693475340599));
#5557 = CARTESIAN_POINT('',(5.806682185356E-03,0.675376058321));
#5558 = CARTESIAN_POINT('',(5.787250780893E-03,0.657503842088));
#5559 = CARTESIAN_POINT('',(5.767346924337E-03,0.639853132335));
#5560 = CARTESIAN_POINT('',(5.74700395543E-03,0.622419336463));
#5561 = CARTESIAN_POINT('',(5.726255192813E-03,0.605198793074));
#5562 = CARTESIAN_POINT('',(5.705133933717E-03,0.588188617789));
#5563 = CARTESIAN_POINT('',(5.690826934533E-03,0.576987543422));
#5564 = CARTESIAN_POINT('',(5.683622439719E-03,0.571421414703));
#5565 = ( GEOMETRIC_REPRESENTATION_CONTEXT(2) 
PARAMETRIC_REPRESENTATION_CONTEXT() REPRESENTATION_CONTEXT('2D SPACE',''
  ) );
#5566 = ORIENTED_EDGE('',*,*,#5567,.T.);
#5567 = EDGE_CURVE('',#5521,#5568,#5570,.T.);
#5568 = VERTEX_POINT('',#5569);
#5569 = CARTESIAN_POINT('',(-59.30662987748,2.,39.723147714759));
#5570 = SURFACE_CURVE('',#5571,(#5576,#5583),.PCURVE_S1.);
#5571 = CIRCLE('',#5572,1.2);
#5572 = AXIS2_PLACEMENT_3D('',#5573,#5574,#5575);
#5573 = CARTESIAN_POINT('',(-59.32757276521,2.,38.523330480572));
#5574 = DIRECTION('',(-0.999847695156,-1.068651684042E-18,
    1.745240643728E-02));
#5575 = DIRECTION('',(1.745240643728E-02,0.,0.999847695156));
#5576 = PCURVE('',#227,#5577);
#5577 = DEFINITIONAL_REPRESENTATION('',(#5578),#5582);
#5578 = CIRCLE('',#5579,1.2);
#5579 = AXIS2_PLACEMENT_2D('',#5580,#5581);
#5580 = CARTESIAN_POINT('',(-2.,11.84993339071));
#5581 = DIRECTION('',(-7.824090399073E-35,1.));
#5582 = ( GEOMETRIC_REPRESENTATION_CONTEXT(2) 
PARAMETRIC_REPRESENTATION_CONTEXT() REPRESENTATION_CONTEXT('2D SPACE',''
  ) );
#5583 = PCURVE('',#5584,#5589);
#5584 = TOROIDAL_SURFACE('',#5585,8.26505110693,1.2);
#5585 = AXIS2_PLACEMENT_3D('',#5586,#5587,#5588);
#5586 = CARTESIAN_POINT('',(-59.47181779635,2.,30.259538180958));
#5587 = DIRECTION('',(-8.339019854371E-20,-1.,-6.600976123232E-17));
#5588 = DIRECTION('',(0.,6.600976123232E-17,-1.));
#5589 = DEFINITIONAL_REPRESENTATION('',(#5590),#5594);
#5590 = LINE('',#5591,#5592);
#5591 = CARTESIAN_POINT('',(3.12413936107,6.28318530718));
#5592 = VECTOR('',#5593,1.);
#5593 = DIRECTION('',(-1.157090360972E-15,-1.));
#5594 = ( GEOMETRIC_REPRESENTATION_CONTEXT(2) 
PARAMETRIC_REPRESENTATION_CONTEXT() REPRESENTATION_CONTEXT('2D SPACE',''
  ) );
#5595 = ORIENTED_EDGE('',*,*,#5596,.T.);
#5596 = EDGE_CURVE('',#5568,#1670,#5597,.T.);
#5597 = SURFACE_CURVE('',#5598,(#5602,#5609),.PCURVE_S1.);
#5598 = LINE('',#5599,#5600);
#5599 = CARTESIAN_POINT('',(-59.30662987748,-19.002,39.723147714759));
#5600 = VECTOR('',#5601,1.);
#5601 = DIRECTION('',(0.,1.,0.));
#5602 = PCURVE('',#227,#5603);
#5603 = DEFINITIONAL_REPRESENTATION('',(#5604),#5608);
#5604 = LINE('',#5605,#5606);
#5605 = CARTESIAN_POINT('',(19.002,13.04993339071));
#5606 = VECTOR('',#5607,1.);
#5607 = DIRECTION('',(-1.,-7.824090399073E-35));
#5608 = ( GEOMETRIC_REPRESENTATION_CONTEXT(2) 
PARAMETRIC_REPRESENTATION_CONTEXT() REPRESENTATION_CONTEXT('2D SPACE',''
  ) );
#5609 = PCURVE('',#1709,#5610);
#5610 = DEFINITIONAL_REPRESENTATION('',(#5611),#5615);
#5611 = LINE('',#5612,#5613);
#5612 = CARTESIAN_POINT('',(6.3006385997,0.));
#5613 = VECTOR('',#5614,1.);
#5614 = DIRECTION('',(0.,1.));
#5615 = ( GEOMETRIC_REPRESENTATION_CONTEXT(2) 
PARAMETRIC_REPRESENTATION_CONTEXT() REPRESENTATION_CONTEXT('2D SPACE',''
  ) );
#5616 = ORIENTED_EDGE('',*,*,#1743,.T.);
#5617 = ORIENTED_EDGE('',*,*,#5618,.F.);
#5618 = EDGE_CURVE('',#468,#1744,#5619,.T.);
#5619 = SURFACE_CURVE('',#5620,(#5624,#5631),.PCURVE_S1.);
#5620 = LINE('',#5621,#5622);
#5621 = CARTESIAN_POINT('',(-59.3951866533,-19.002,34.649733426222));
#5622 = VECTOR('',#5623,1.);
#5623 = DIRECTION('',(0.,1.,0.));
#5624 = PCURVE('',#227,#5625);
#5625 = DEFINITIONAL_REPRESENTATION('',(#5626),#5630);
#5626 = LINE('',#5627,#5628);
#5627 = CARTESIAN_POINT('',(19.002,7.975746278899));
#5628 = VECTOR('',#5629,1.);
#5629 = DIRECTION('',(-1.,-7.824090399073E-35));
#5630 = ( GEOMETRIC_REPRESENTATION_CONTEXT(2) 
PARAMETRIC_REPRESENTATION_CONTEXT() REPRESENTATION_CONTEXT('2D SPACE',''
  ) );
#5631 = PCURVE('',#536,#5632);
#5632 = DEFINITIONAL_REPRESENTATION('',(#5633),#5637);
#5633 = LINE('',#5634,#5635);
#5634 = CARTESIAN_POINT('',(6.3006385997,0.));
#5635 = VECTOR('',#5636,1.);
#5636 = DIRECTION('',(0.,1.));
#5637 = ( GEOMETRIC_REPRESENTATION_CONTEXT(2) 
PARAMETRIC_REPRESENTATION_CONTEXT() REPRESENTATION_CONTEXT('2D SPACE',''
  ) );
#5638 = ORIENTED_EDGE('',*,*,#467,.T.);
#5639 = ADVANCED_FACE('',(#5640),#1271,.T.);
#5640 = FACE_BOUND('',#5641,.T.);
#5641 = EDGE_LOOP('',(#5642,#5663,#5664,#5665));
#5642 = ORIENTED_EDGE('',*,*,#5643,.F.);
#5643 = EDGE_CURVE('',#3954,#1231,#5644,.T.);
#5644 = SURFACE_CURVE('',#5645,(#5649,#5656),.PCURVE_S1.);
#5645 = LINE('',#5646,#5647);
#5646 = CARTESIAN_POINT('',(-66.94642540428,-19.002,19.912771915487));
#5647 = VECTOR('',#5648,1.);
#5648 = DIRECTION('',(0.,1.,0.));
#5649 = PCURVE('',#1271,#5650);
#5650 = DEFINITIONAL_REPRESENTATION('',(#5651),#5655);
#5651 = LINE('',#5652,#5653);
#5652 = CARTESIAN_POINT('',(5.515240436302,0.));
#5653 = VECTOR('',#5654,1.);
#5654 = DIRECTION('',(0.,1.));
#5655 = ( GEOMETRIC_REPRESENTATION_CONTEXT(2) 
PARAMETRIC_REPRESENTATION_CONTEXT() REPRESENTATION_CONTEXT('2D SPACE',''
  ) );
#5656 = PCURVE('',#1319,#5657);
#5657 = DEFINITIONAL_REPRESENTATION('',(#5658),#5662);
#5658 = LINE('',#5659,#5660);
#5659 = CARTESIAN_POINT('',(0.5,0.));
#5660 = VECTOR('',#5661,1.);
#5661 = DIRECTION('',(0.,1.));
#5662 = ( GEOMETRIC_REPRESENTATION_CONTEXT(2) 
PARAMETRIC_REPRESENTATION_CONTEXT() REPRESENTATION_CONTEXT('2D SPACE',''
  ) );
#5663 = ORIENTED_EDGE('',*,*,#3976,.T.);
#5664 = ORIENTED_EDGE('',*,*,#5197,.T.);
#5665 = ORIENTED_EDGE('',*,*,#1230,.F.);
#5666 = ADVANCED_FACE('',(#5667),#886,.F.);
#5667 = FACE_BOUND('',#5668,.F.);
#5668 = EDGE_LOOP('',(#5669,#5670,#5671,#5692));
#5669 = ORIENTED_EDGE('',*,*,#5291,.T.);
#5670 = ORIENTED_EDGE('',*,*,#999,.F.);
#5671 = ORIENTED_EDGE('',*,*,#5672,.F.);
#5672 = EDGE_CURVE('',#847,#973,#5673,.T.);
#5673 = SURFACE_CURVE('',#5674,(#5678,#5685),.PCURVE_S1.);
#5674 = LINE('',#5675,#5676);
#5675 = CARTESIAN_POINT('',(-66.35689844324,-19.002,19.30229887653));
#5676 = VECTOR('',#5677,1.);
#5677 = DIRECTION('',(0.,1.,0.));
#5678 = PCURVE('',#886,#5679);
#5679 = DEFINITIONAL_REPRESENTATION('',(#5680),#5684);
#5680 = LINE('',#5681,#5682);
#5681 = CARTESIAN_POINT('',(5.515240436302,0.));
#5682 = VECTOR('',#5683,1.);
#5683 = DIRECTION('',(0.,1.));
#5684 = ( GEOMETRIC_REPRESENTATION_CONTEXT(2) 
PARAMETRIC_REPRESENTATION_CONTEXT() REPRESENTATION_CONTEXT('2D SPACE',''
  ) );
#5685 = PCURVE('',#936,#5686);
#5686 = DEFINITIONAL_REPRESENTATION('',(#5687),#5691);
#5687 = LINE('',#5688,#5689);
#5688 = CARTESIAN_POINT('',(0.924328696028,0.));
#5689 = VECTOR('',#5690,1.);
#5690 = DIRECTION('',(0.,1.));
#5691 = ( GEOMETRIC_REPRESENTATION_CONTEXT(2) 
PARAMETRIC_REPRESENTATION_CONTEXT() REPRESENTATION_CONTEXT('2D SPACE',''
  ) );
#5692 = ORIENTED_EDGE('',*,*,#846,.T.);
#5693 = ADVANCED_FACE('',(#5694),#1319,.T.);
#5694 = FACE_BOUND('',#5695,.T.);
#5695 = EDGE_LOOP('',(#5696,#5697,#5698,#5699));
#5696 = ORIENTED_EDGE('',*,*,#3953,.T.);
#5697 = ORIENTED_EDGE('',*,*,#5643,.T.);
#5698 = ORIENTED_EDGE('',*,*,#1305,.F.);
#5699 = ORIENTED_EDGE('',*,*,#4893,.F.);
#5700 = ADVANCED_FACE('',(#5701),#936,.F.);
#5701 = FACE_BOUND('',#5702,.T.);
#5702 = EDGE_LOOP('',(#5703,#5704,#5705,#5706));
#5703 = ORIENTED_EDGE('',*,*,#5672,.F.);
#5704 = ORIENTED_EDGE('',*,*,#920,.F.);
#5705 = ORIENTED_EDGE('',*,*,#4940,.T.);
#5706 = ORIENTED_EDGE('',*,*,#972,.T.);
#5707 = ADVANCED_FACE('',(#5708),#1539,.T.);
#5708 = FACE_BOUND('',#5709,.T.);
#5709 = EDGE_LOOP('',(#5710,#5711,#5826,#5827,#5828,#5849));
#5710 = ORIENTED_EDGE('',*,*,#5074,.T.);
#5711 = ORIENTED_EDGE('',*,*,#5712,.T.);
#5712 = EDGE_CURVE('',#5047,#4965,#5713,.T.);
#5713 = SURFACE_CURVE('',#5714,(#5724,#5775),.PCURVE_S1.);
#5714 = B_SPLINE_CURVE_WITH_KNOTS('',3,(#5715,#5716,#5717,#5718,#5719,
    #5720,#5721,#5722,#5723),.UNSPECIFIED.,.F.,.F.,(4,1,1,1,1,1,4),(
    1.016928149908E-03,4.480519254586E-03,6.212314806924E-03,
    7.944110359263E-03,9.675905911602E-03,1.140770146394E-02,
    1.487129256862E-02),.UNSPECIFIED.);
#5715 = CARTESIAN_POINT('',(-59.49855454284,-6.104085426511,
    28.727791000262));
#5716 = CARTESIAN_POINT('',(-60.24251952537,-5.216271846296,
    28.740776957336));
#5717 = CARTESIAN_POINT('',(-61.30378671221,-3.846066408617,
    28.629950514882));
#5718 = CARTESIAN_POINT('',(-62.30635565898,-1.739127762891,
    28.394049000691));
#5719 = CARTESIAN_POINT('',(-62.61335729973,4.471757292125E-03,
    28.30217188923));
#5720 = CARTESIAN_POINT('',(-62.30363088857,1.746602149161,
    28.39481120167));
#5721 = CARTESIAN_POINT('',(-61.30034866936,3.850622226387,
    28.630453466618));
#5722 = CARTESIAN_POINT('',(-60.24150142847,5.2174867963,28.740759186388
    ));
#5723 = CARTESIAN_POINT('',(-59.49855454284,6.104085426511,
    28.727791000262));
#5724 = PCURVE('',#1539,#5725);
#5725 = DEFINITIONAL_REPRESENTATION('',(#5726),#5774);
#5726 = B_SPLINE_CURVE_WITH_KNOTS('',3,(#5727,#5728,#5729,#5730,#5731,
    #5732,#5733,#5734,#5735,#5736,#5737,#5738,#5739,#5740,#5741,#5742,
    #5743,#5744,#5745,#5746,#5747,#5748,#5749,#5750,#5751,#5752,#5753,
    #5754,#5755,#5756,#5757,#5758,#5759,#5760,#5761,#5762,#5763,#5764,
    #5765,#5766,#5767,#5768,#5769,#5770,#5771,#5772,#5773),
  .UNSPECIFIED.,.F.,.F.,(4,1,1,1,1,1,1,1,1,1,1,1,1,1,1,1,1,1,1,1,1,1,1,1
    ,1,1,1,1,1,1,1,1,1,1,1,1,1,1,1,1,1,1,1,1,4),(1.016928149908E-03,
    1.331800068515E-03,1.646671987122E-03,1.961543905729E-03,
    2.276415824336E-03,2.591287742943E-03,2.90615966155E-03,
    3.221031580157E-03,3.535903498764E-03,3.850775417371E-03,
    4.165647335978E-03,4.480519254586E-03,4.795391173193E-03,
    5.1102630918E-03,5.425135010407E-03,5.740006929014E-03,
    6.054878847621E-03,6.369750766228E-03,6.684622684835E-03,
    6.999494603442E-03,7.314366522049E-03,7.629238440656E-03,
    7.944110359263E-03,8.25898227787E-03,8.573854196477E-03,
    8.888726115084E-03,9.203598033691E-03,9.518469952298E-03,
    9.833341870905E-03,1.014821378951E-02,1.046308570812E-02,
    1.077795762673E-02,1.109282954533E-02,1.140770146394E-02,
    1.172257338255E-02,1.203744530115E-02,1.235231721976E-02,
    1.266718913837E-02,1.298206105698E-02,1.329693297558E-02,
    1.361180489419E-02,1.39266768128E-02,1.42415487314E-02,
    1.455642065001E-02,1.487129256862E-02),.QUASI_UNIFORM_KNOTS.);
#5727 = CARTESIAN_POINT('',(6.3006385997,12.897914573489));
#5728 = CARTESIAN_POINT('',(6.294080120249,12.978624898963));
#5729 = CARTESIAN_POINT('',(6.281023543001,13.140469627789));
#5730 = CARTESIAN_POINT('',(6.261656685565,13.384814030432));
#5731 = CARTESIAN_POINT('',(6.242544174957,13.631040818255));
#5732 = CARTESIAN_POINT('',(6.22372418738,13.879455067028));
#5733 = CARTESIAN_POINT('',(6.20523588651,14.13036185254));
#5734 = CARTESIAN_POINT('',(6.187119439147,14.384066250507));
#5735 = CARTESIAN_POINT('',(6.169415808941,14.640873336919));
#5736 = CARTESIAN_POINT('',(6.152166623189,14.90108818674));
#5737 = CARTESIAN_POINT('',(6.135414043154,15.165015878766));
#5738 = CARTESIAN_POINT('',(6.119200642713,15.432961477495));
#5739 = CARTESIAN_POINT('',(6.103569365618,15.70523010078));
#5740 = CARTESIAN_POINT('',(6.088563293099,15.982126667352));
#5741 = CARTESIAN_POINT('',(6.074329083697,16.263792388427));
#5742 = CARTESIAN_POINT('',(6.061015218201,16.550365701799));
#5743 = CARTESIAN_POINT('',(6.048771927166,16.841995395812));
#5744 = CARTESIAN_POINT('',(6.037749099918,17.138791630034));
#5745 = CARTESIAN_POINT('',(6.028102833772,17.441008728584));
#5746 = CARTESIAN_POINT('',(6.01996464271,17.748221542757));
#5747 = CARTESIAN_POINT('',(6.013441194133,18.059325452319));
#5748 = CARTESIAN_POINT('',(6.008644947836,18.373359997725));
#5749 = CARTESIAN_POINT('',(6.005687378761,18.689326104797));
#5750 = CARTESIAN_POINT('',(6.004680729183,19.006234997192));
#5751 = CARTESIAN_POINT('',(6.005737256347,19.323095321871));
#5752 = CARTESIAN_POINT('',(6.008743322,19.638929068828));
#5753 = CARTESIAN_POINT('',(6.013585310879,19.952760768961));
#5754 = CARTESIAN_POINT('',(6.020150363094,20.263604780602));
#5755 = CARTESIAN_POINT('',(6.028324692565,20.570513611456));
#5756 = CARTESIAN_POINT('',(6.038000108093,20.872397344291));
#5757 = CARTESIAN_POINT('',(6.049044547642,21.168837352705));
#5758 = CARTESIAN_POINT('',(6.061302324492,21.460086302423));
#5759 = CARTESIAN_POINT('',(6.074623744661,21.746254430326));
#5760 = CARTESIAN_POINT('',(6.088858816329,22.027490136992));
#5761 = CARTESIAN_POINT('',(6.103859270446,22.303931597066));
#5762 = CARTESIAN_POINT('',(6.119478648911,22.575719725223));
#5763 = CARTESIAN_POINT('',(6.135674712501,22.843166313322));
#5764 = CARTESIAN_POINT('',(6.152405364752,23.106583349944));
#5765 = CARTESIAN_POINT('',(6.169628881519,23.366282770959));
#5766 = CARTESIAN_POINT('',(6.187303952512,23.622576526361));
#5767 = CARTESIAN_POINT('',(6.20538980006,23.875776562361));
#5768 = CARTESIAN_POINT('',(6.223846305705,24.126194826182));
#5769 = CARTESIAN_POINT('',(6.242634140051,24.374143264776));
#5770 = CARTESIAN_POINT('',(6.261714964399,24.619933825168));
#5771 = CARTESIAN_POINT('',(6.281051413971,24.863878454364));
#5772 = CARTESIAN_POINT('',(6.294089093615,25.025485551037));
#5773 = CARTESIAN_POINT('',(6.3006385997,25.106085426511));
#5774 = ( GEOMETRIC_REPRESENTATION_CONTEXT(2) 
PARAMETRIC_REPRESENTATION_CONTEXT() REPRESENTATION_CONTEXT('2D SPACE',''
  ) );
#5775 = PCURVE('',#5008,#5776);
#5776 = DEFINITIONAL_REPRESENTATION('',(#5777),#5825);
#5777 = B_SPLINE_CURVE_WITH_KNOTS('',3,(#5778,#5779,#5780,#5781,#5782,
    #5783,#5784,#5785,#5786,#5787,#5788,#5789,#5790,#5791,#5792,#5793,
    #5794,#5795,#5796,#5797,#5798,#5799,#5800,#5801,#5802,#5803,#5804,
    #5805,#5806,#5807,#5808,#5809,#5810,#5811,#5812,#5813,#5814,#5815,
    #5816,#5817,#5818,#5819,#5820,#5821,#5822,#5823,#5824),
  .UNSPECIFIED.,.F.,.F.,(4,1,1,1,1,1,1,1,1,1,1,1,1,1,1,1,1,1,1,1,1,1,1,1
    ,1,1,1,1,1,1,1,1,1,1,1,1,1,1,1,1,1,1,1,1,4),(1.016928149908E-03,
    1.331800068515E-03,1.646671987122E-03,1.961543905729E-03,
    2.276415824336E-03,2.591287742943E-03,2.90615966155E-03,
    3.221031580157E-03,3.535903498764E-03,3.850775417371E-03,
    4.165647335978E-03,4.480519254586E-03,4.795391173193E-03,
    5.1102630918E-03,5.425135010407E-03,5.740006929014E-03,
    6.054878847621E-03,6.369750766228E-03,6.684622684835E-03,
    6.999494603442E-03,7.314366522049E-03,7.629238440656E-03,
    7.944110359263E-03,8.25898227787E-03,8.573854196477E-03,
    8.888726115084E-03,9.203598033691E-03,9.518469952298E-03,
    9.833341870905E-03,1.014821378951E-02,1.046308570812E-02,
    1.077795762673E-02,1.109282954533E-02,1.140770146394E-02,
    1.172257338255E-02,1.203744530115E-02,1.235231721976E-02,
    1.266718913837E-02,1.298206105698E-02,1.329693297558E-02,
    1.361180489419E-02,1.39266768128E-02,1.42415487314E-02,
    1.455642065001E-02,1.487129256862E-02),.QUASI_UNIFORM_KNOTS.);
#5778 = CARTESIAN_POINT('',(-1.059298254484,-5.777501271928E-14));
#5779 = CARTESIAN_POINT('',(-1.053653300671,-6.764115810142E-02));
#5780 = CARTESIAN_POINT('',(-1.041820176928,-0.202132945042));
#5781 = CARTESIAN_POINT('',(-1.022299048212,-0.401236791599));
#5782 = CARTESIAN_POINT('',(-1.000870562969,-0.597456396066));
#5783 = CARTESIAN_POINT('',(-0.977378223129,-0.790499917789));
#5784 = CARTESIAN_POINT('',(-0.951650291234,-0.980042717153));
#5785 = CARTESIAN_POINT('',(-0.923496837642,-1.165718443408));
#5786 = CARTESIAN_POINT('',(-0.892709475372,-1.347113777445));
#5787 = CARTESIAN_POINT('',(-0.859061189916,-1.523761058092));
#5788 = CARTESIAN_POINT('',(-0.822307461949,-1.695130458102));
#5789 = CARTESIAN_POINT('',(-0.782189049953,-1.860620976062));
#5790 = CARTESIAN_POINT('',(-0.738437272718,-2.019552318779));
#5791 = CARTESIAN_POINT('',(-0.690782652128,-2.171151941315));
#5792 = CARTESIAN_POINT('',(-0.639066707406,-2.314249044007));
#5793 = CARTESIAN_POINT('',(-0.58315834308,-2.447622066326));
#5794 = CARTESIAN_POINT('',(-0.522965534987,-2.56999854649));
#5795 = CARTESIAN_POINT('',(-0.458463244828,-2.680056464029));
#5796 = CARTESIAN_POINT('',(-0.389674437648,-2.77645117772));
#5797 = CARTESIAN_POINT('',(-0.3168628047,-2.857748521551));
#5798 = CARTESIAN_POINT('',(-0.240600445398,-2.922573240997));
#5799 = CARTESIAN_POINT('',(-0.161599966487,-2.969768556955));
#5800 = CARTESIAN_POINT('',(-8.07198734413E-02,-2.998422950251));
#5801 = CARTESIAN_POINT('',(1.094882619574E-03,-3.007912625682));
#5802 = CARTESIAN_POINT('',(8.288731330175E-02,-2.99791435918));
#5803 = CARTESIAN_POINT('',(0.163704853813,-2.968770520035));
#5804 = CARTESIAN_POINT('',(0.242609193071,-2.921120947679));
#5805 = CARTESIAN_POINT('',(0.318749817173,-2.855889848734));
#5806 = CARTESIAN_POINT('',(0.391422343191,-2.774243053808));
#5807 = CARTESIAN_POINT('',(0.460062559751,-2.677561429817));
#5808 = CARTESIAN_POINT('',(0.524412095137,-2.56728186804));
#5809 = CARTESIAN_POINT('',(0.58445142151,-2.444750523165));
#5810 = CARTESIAN_POINT('',(0.64020877682,-2.311290055573));
#5811 = CARTESIAN_POINT('',(0.691778688702,-2.168172822813));
#5812 = CARTESIAN_POINT('',(0.739294172498,-2.016619711365));
#5813 = CARTESIAN_POINT('',(0.782915103667,-1.857800444844));
#5814 = CARTESIAN_POINT('',(0.822912508858,-1.692479223764));
#5815 = CARTESIAN_POINT('',(0.859555943985,-1.5213276699));
#5816 = CARTESIAN_POINT('',(0.893105057056,-1.34493797109));
#5817 = CARTESIAN_POINT('',(0.92380443582,-1.163831101509));
#5818 = CARTESIAN_POINT('',(0.95188093656,-0.978465902832));
#5819 = CARTESIAN_POINT('',(0.977542642858,-0.789246953021));
#5820 = CARTESIAN_POINT('',(1.000979095941,-0.596531965853));
#5821 = CARTESIAN_POINT('',(1.022361603366,-0.400637067544));
#5822 = CARTESIAN_POINT('',(1.041846219396,-0.201845699817));
#5823 = CARTESIAN_POINT('',(1.053661025575,-6.754860061221E-02));
#5824 = CARTESIAN_POINT('',(1.059298254484,-4.845647026103E-14));
#5825 = ( GEOMETRIC_REPRESENTATION_CONTEXT(2) 
PARAMETRIC_REPRESENTATION_CONTEXT() REPRESENTATION_CONTEXT('2D SPACE',''
  ) );
#5826 = ORIENTED_EDGE('',*,*,#4964,.T.);
#5827 = ORIENTED_EDGE('',*,*,#1499,.F.);
#5828 = ORIENTED_EDGE('',*,*,#5829,.F.);
#5829 = EDGE_CURVE('',#3061,#1500,#5830,.T.);
#5830 = SURFACE_CURVE('',#5831,(#5835,#5842),.PCURVE_S1.);
#5831 = LINE('',#5832,#5833);
#5832 = CARTESIAN_POINT('',(-66.84305751474,-19.002,25.834714341448));
#5833 = VECTOR('',#5834,1.);
#5834 = DIRECTION('',(0.,1.,0.));
#5835 = PCURVE('',#1539,#5836);
#5836 = DEFINITIONAL_REPRESENTATION('',(#5837),#5841);
#5837 = LINE('',#5838,#5839);
#5838 = CARTESIAN_POINT('',(5.515240436302,0.));
#5839 = VECTOR('',#5840,1.);
#5840 = DIRECTION('',(0.,1.));
#5841 = ( GEOMETRIC_REPRESENTATION_CONTEXT(2) 
PARAMETRIC_REPRESENTATION_CONTEXT() REPRESENTATION_CONTEXT('2D SPACE',''
  ) );
#5842 = PCURVE('',#1587,#5843);
#5843 = DEFINITIONAL_REPRESENTATION('',(#5844),#5848);
#5844 = LINE('',#5845,#5846);
#5845 = CARTESIAN_POINT('',(0.5,0.));
#5846 = VECTOR('',#5847,1.);
#5847 = DIRECTION('',(0.,1.));
#5848 = ( GEOMETRIC_REPRESENTATION_CONTEXT(2) 
PARAMETRIC_REPRESENTATION_CONTEXT() REPRESENTATION_CONTEXT('2D SPACE',''
  ) );
#5849 = ORIENTED_EDGE('',*,*,#3083,.T.);
#5850 = ADVANCED_FACE('',(#5851),#1172,.F.);
#5851 = FACE_BOUND('',#5852,.F.);
#5852 = EDGE_LOOP('',(#5853,#5854,#5855,#5876,#5877,#5878));
#5853 = ORIENTED_EDGE('',*,*,#5175,.T.);
#5854 = ORIENTED_EDGE('',*,*,#1132,.F.);
#5855 = ORIENTED_EDGE('',*,*,#5856,.F.);
#5856 = EDGE_CURVE('',#4071,#1101,#5857,.T.);
#5857 = SURFACE_CURVE('',#5858,(#5862,#5869),.PCURVE_S1.);
#5858 = LINE('',#5859,#5860);
#5859 = CARTESIAN_POINT('',(-66.25353055369,-19.002,25.224241302491));
#5860 = VECTOR('',#5861,1.);
#5861 = DIRECTION('',(0.,1.,0.));
#5862 = PCURVE('',#1172,#5863);
#5863 = DEFINITIONAL_REPRESENTATION('',(#5864),#5868);
#5864 = LINE('',#5865,#5866);
#5865 = CARTESIAN_POINT('',(5.515240436302,0.));
#5866 = VECTOR('',#5867,1.);
#5867 = DIRECTION('',(0.,1.));
#5868 = ( GEOMETRIC_REPRESENTATION_CONTEXT(2) 
PARAMETRIC_REPRESENTATION_CONTEXT() REPRESENTATION_CONTEXT('2D SPACE',''
  ) );
#5869 = PCURVE('',#1116,#5870);
#5870 = DEFINITIONAL_REPRESENTATION('',(#5871),#5875);
#5871 = LINE('',#5872,#5873);
#5872 = CARTESIAN_POINT('',(0.924328696028,0.));
#5873 = VECTOR('',#5874,1.);
#5874 = DIRECTION('',(0.,1.));
#5875 = ( GEOMETRIC_REPRESENTATION_CONTEXT(2) 
PARAMETRIC_REPRESENTATION_CONTEXT() REPRESENTATION_CONTEXT('2D SPACE',''
  ) );
#5876 = ORIENTED_EDGE('',*,*,#4070,.T.);
#5877 = ORIENTED_EDGE('',*,*,#5119,.T.);
#5878 = ORIENTED_EDGE('',*,*,#5879,.T.);
#5879 = EDGE_CURVE('',#5120,#5143,#5880,.T.);
#5880 = SURFACE_CURVE('',#5881,(#5890,#5919),.PCURVE_S1.);
#5881 = B_SPLINE_CURVE_WITH_KNOTS('',3,(#5882,#5883,#5884,#5885,#5886,
    #5887,#5888,#5889),.UNSPECIFIED.,.F.,.F.,(4,1,1,1,1,4),(
    1.063098673755E-03,4.107772891213E-03,5.630109999943E-03,
    7.152447108672E-03,1.019712132613E-02,1.324179554359E-02),
  .UNSPECIFIED.);
#5882 = CARTESIAN_POINT('',(-59.51336565657,-5.542921516359,
    27.879262862838));
#5883 = CARTESIAN_POINT('',(-60.13004172255,-4.732505050663,
    27.890026983609));
#5884 = CARTESIAN_POINT('',(-60.98219266172,-3.466256183233,
    27.808203843543));
#5885 = CARTESIAN_POINT('',(-61.71601831193,-1.543280201192,
    27.661593838718));
#5886 = CARTESIAN_POINT('',(-61.99605033853,0.51416830728,
    27.591277873268));
#5887 = CARTESIAN_POINT('',(-61.28634148607,3.025736236901,
    27.775251216437));
#5888 = CARTESIAN_POINT('',(-60.13395835726,4.7273579314,27.890095348722
    ));
#5889 = CARTESIAN_POINT('',(-59.51336565657,5.542921516359,
    27.879262862838));
#5890 = PCURVE('',#1172,#5891);
#5891 = DEFINITIONAL_REPRESENTATION('',(#5892),#5918);
#5892 = B_SPLINE_CURVE_WITH_KNOTS('',3,(#5893,#5894,#5895,#5896,#5897,
    #5898,#5899,#5900,#5901,#5902,#5903,#5904,#5905,#5906,#5907,#5908,
    #5909,#5910,#5911,#5912,#5913,#5914,#5915,#5916,#5917),
  .UNSPECIFIED.,.F.,.F.,(4,1,1,1,1,1,1,1,1,1,1,1,1,1,1,1,1,1,1,1,1,1,4),
  (1.063098673755E-03,1.616675804202E-03,2.170252934649E-03,
    2.723830065096E-03,3.277407195543E-03,3.83098432599E-03,
    4.384561456437E-03,4.938138586884E-03,5.491715717331E-03,
    6.045292847778E-03,6.598869978225E-03,7.152447108672E-03,
    7.706024239119E-03,8.259601369566E-03,8.813178500013E-03,
    9.36675563046E-03,9.920332760907E-03,1.047390989135E-02,
    1.10274870218E-02,1.158106415225E-02,1.21346412827E-02,
    1.268821841314E-02,1.324179554359E-02),.QUASI_UNIFORM_KNOTS.);
#5893 = CARTESIAN_POINT('',(6.3006385997,13.459078483641));
#5894 = CARTESIAN_POINT('',(6.288792203781,13.60642693195));
#5895 = CARTESIAN_POINT('',(6.265441227745,13.903355029174));
#5896 = CARTESIAN_POINT('',(6.231737121038,14.357045842369));
#5897 = CARTESIAN_POINT('',(6.199647733338,14.82063435062));
#5898 = CARTESIAN_POINT('',(6.169481345269,15.295740714055));
#5899 = CARTESIAN_POINT('',(6.141568571508,15.783906600919));
#5900 = CARTESIAN_POINT('',(6.116195197833,16.286966514553));
#5901 = CARTESIAN_POINT('',(6.093899423586,16.80536268597));
#5902 = CARTESIAN_POINT('',(6.075466766541,17.337926852297));
#5903 = CARTESIAN_POINT('',(6.06167919462,17.884438250419));
#5904 = CARTESIAN_POINT('',(6.053072735716,18.439996540313));
#5905 = CARTESIAN_POINT('',(6.050101994685,18.99831840225));
#5906 = CARTESIAN_POINT('',(6.053245100722,19.553469849271));
#5907 = CARTESIAN_POINT('',(6.0619224953,20.103235019064));
#5908 = CARTESIAN_POINT('',(6.075559906088,20.645432143994));
#5909 = CARTESIAN_POINT('',(6.093587906447,21.177838934583));
#5910 = CARTESIAN_POINT('',(6.11544922187,21.698361094048));
#5911 = CARTESIAN_POINT('',(6.140576297922,22.204432876664));
#5912 = CARTESIAN_POINT('',(6.168496522119,22.695708417952));
#5913 = CARTESIAN_POINT('',(6.198829250417,23.174061575304));
#5914 = CARTESIAN_POINT('',(6.231184354913,23.640895235287));
#5915 = CARTESIAN_POINT('',(6.265186380671,24.097738524072));
#5916 = CARTESIAN_POINT('',(6.288717282208,24.396637228184));
#5917 = CARTESIAN_POINT('',(6.3006385997,24.544921516359));
#5918 = ( GEOMETRIC_REPRESENTATION_CONTEXT(2) 
PARAMETRIC_REPRESENTATION_CONTEXT() REPRESENTATION_CONTEXT('2D SPACE',''
  ) );
#5919 = PCURVE('',#5163,#5920);
#5920 = DEFINITIONAL_REPRESENTATION('',(#5921),#5947);
#5921 = B_SPLINE_CURVE_WITH_KNOTS('',3,(#5922,#5923,#5924,#5925,#5926,
    #5927,#5928,#5929,#5930,#5931,#5932,#5933,#5934,#5935,#5936,#5937,
    #5938,#5939,#5940,#5941,#5942,#5943,#5944,#5945,#5946),
  .UNSPECIFIED.,.F.,.F.,(4,1,1,1,1,1,1,1,1,1,1,1,1,1,1,1,1,1,1,1,1,1,4),
  (1.063098673755E-03,1.616675804202E-03,2.170252934649E-03,
    2.723830065096E-03,3.277407195543E-03,3.83098432599E-03,
    4.384561456437E-03,4.938138586884E-03,5.491715717331E-03,
    6.045292847778E-03,6.598869978225E-03,7.152447108672E-03,
    7.706024239119E-03,8.259601369566E-03,8.813178500013E-03,
    9.36675563046E-03,9.920332760907E-03,1.047390989135E-02,
    1.10274870218E-02,1.158106415225E-02,1.21346412827E-02,
    1.268821841314E-02,1.324179554359E-02),.QUASI_UNIFORM_KNOTS.);
#5922 = CARTESIAN_POINT('',(5.36935966055,-2.29364391038E-14));
#5923 = CARTESIAN_POINT('',(5.382222470759,-0.112109913824));
#5924 = CARTESIAN_POINT('',(5.409882767269,-0.332712581687));
#5925 = CARTESIAN_POINT('',(5.457963804414,-0.65038596634));
#5926 = CARTESIAN_POINT('',(5.513389003895,-0.952603836397));
#5927 = CARTESIAN_POINT('',(5.577027415206,-1.236601453227));
#5928 = CARTESIAN_POINT('',(5.64976035028,-1.499094021849));
#5929 = CARTESIAN_POINT('',(5.732503862792,-1.736404779041));
#5930 = CARTESIAN_POINT('',(5.825657520691,-1.943263509459));
#5931 = CARTESIAN_POINT('',(5.928801362472,-2.113307756167));
#5932 = CARTESIAN_POINT('',(6.041121625384,-2.240497547041));
#5933 = CARTESIAN_POINT('',(6.160172679672,-2.319301332827));
#5934 = CARTESIAN_POINT('',(6.282370728615,-2.34612996774));
#5935 = CARTESIAN_POINT('',(6.403926675603,-2.319781571787));
#5936 = CARTESIAN_POINT('',(6.521922639999,-2.242405717527));
#5937 = CARTESIAN_POINT('',(6.633652550268,-2.117461002039));
#5938 = CARTESIAN_POINT('',(6.737020256161,-1.949606182149));
#5939 = CARTESIAN_POINT('',(6.830719924428,-1.744254605467));
#5940 = CARTESIAN_POINT('',(6.914101009786,-1.507415982965));
#5941 = CARTESIAN_POINT('',(6.987467992011,-1.24435873125));
#5942 = CARTESIAN_POINT('',(7.051711725256,-0.958998598383));
#5943 = CARTESIAN_POINT('',(7.107674498002,-0.654848460649));
#5944 = CARTESIAN_POINT('',(7.156195002815,-0.334935775205));
#5945 = CARTESIAN_POINT('',(7.184066944478,-0.112823152529));
#5946 = CARTESIAN_POINT('',(7.19701095381,-3.092376121087E-14));
#5947 = ( GEOMETRIC_REPRESENTATION_CONTEXT(2) 
PARAMETRIC_REPRESENTATION_CONTEXT() REPRESENTATION_CONTEXT('2D SPACE',''
  ) );
#5948 = ADVANCED_FACE('',(#5949),#1587,.T.);
#5949 = FACE_BOUND('',#5950,.T.);
#5950 = EDGE_LOOP('',(#5951,#5952,#5953,#5954));
#5951 = ORIENTED_EDGE('',*,*,#3060,.T.);
#5952 = ORIENTED_EDGE('',*,*,#5829,.T.);
#5953 = ORIENTED_EDGE('',*,*,#1573,.F.);
#5954 = ORIENTED_EDGE('',*,*,#4847,.F.);
#5955 = ADVANCED_FACE('',(#5956),#1116,.F.);
#5956 = FACE_BOUND('',#5957,.T.);
#5957 = EDGE_LOOP('',(#5958,#5959,#5960,#5961));
#5958 = ORIENTED_EDGE('',*,*,#5856,.F.);
#5959 = ORIENTED_EDGE('',*,*,#4139,.F.);
#5960 = ORIENTED_EDGE('',*,*,#4915,.T.);
#5961 = ORIENTED_EDGE('',*,*,#1100,.T.);
#5962 = ADVANCED_FACE('',(#5963),#536,.T.);
#5963 = FACE_BOUND('',#5964,.T.);
#5964 = EDGE_LOOP('',(#5965,#5966,#5967,#5968,#5969,#5990,#5991));
#5965 = ORIENTED_EDGE('',*,*,#570,.F.);
#5966 = ORIENTED_EDGE('',*,*,#495,.T.);
#5967 = ORIENTED_EDGE('',*,*,#5618,.T.);
#5968 = ORIENTED_EDGE('',*,*,#1767,.F.);
#5969 = ORIENTED_EDGE('',*,*,#5970,.F.);
#5970 = EDGE_CURVE('',#2911,#1768,#5971,.T.);
#5971 = SURFACE_CURVE('',#5972,(#5976,#5983),.PCURVE_S1.);
#5972 = LINE('',#5973,#5974);
#5973 = CARTESIAN_POINT('',(-66.73968962519,-19.002,31.756656767408));
#5974 = VECTOR('',#5975,1.);
#5975 = DIRECTION('',(0.,1.,0.));
#5976 = PCURVE('',#536,#5977);
#5977 = DEFINITIONAL_REPRESENTATION('',(#5978),#5982);
#5978 = LINE('',#5979,#5980);
#5979 = CARTESIAN_POINT('',(5.515240436302,0.));
#5980 = VECTOR('',#5981,1.);
#5981 = DIRECTION('',(0.,1.));
#5982 = ( GEOMETRIC_REPRESENTATION_CONTEXT(2) 
PARAMETRIC_REPRESENTATION_CONTEXT() REPRESENTATION_CONTEXT('2D SPACE',''
  ) );
#5983 = PCURVE('',#1850,#5984);
#5984 = DEFINITIONAL_REPRESENTATION('',(#5985),#5989);
#5985 = LINE('',#5986,#5987);
#5986 = CARTESIAN_POINT('',(0.5,0.));
#5987 = VECTOR('',#5988,1.);
#5988 = DIRECTION('',(0.,1.));
#5989 = ( GEOMETRIC_REPRESENTATION_CONTEXT(2) 
PARAMETRIC_REPRESENTATION_CONTEXT() REPRESENTATION_CONTEXT('2D SPACE',''
  ) );
#5990 = ORIENTED_EDGE('',*,*,#2933,.T.);
#5991 = ORIENTED_EDGE('',*,*,#5496,.T.);
#5992 = ADVANCED_FACE('',(#5993),#1441,.F.);
#5993 = FACE_BOUND('',#5994,.F.);
#5994 = EDGE_LOOP('',(#5995,#5996,#5997,#6018,#6019,#6020));
#5995 = ORIENTED_EDGE('',*,*,#5020,.T.);
#5996 = ORIENTED_EDGE('',*,*,#1401,.F.);
#5997 = ORIENTED_EDGE('',*,*,#5998,.F.);
#5998 = EDGE_CURVE('',#3177,#1370,#5999,.T.);
#5999 = SURFACE_CURVE('',#6000,(#6004,#6011),.PCURVE_S1.);
#6000 = LINE('',#6001,#6002);
#6001 = CARTESIAN_POINT('',(-66.15016266415,-19.002,31.146183728451));
#6002 = VECTOR('',#6003,1.);
#6003 = DIRECTION('',(0.,1.,0.));
#6004 = PCURVE('',#1441,#6005);
#6005 = DEFINITIONAL_REPRESENTATION('',(#6006),#6010);
#6006 = LINE('',#6007,#6008);
#6007 = CARTESIAN_POINT('',(5.515240436302,0.));
#6008 = VECTOR('',#6009,1.);
#6009 = DIRECTION('',(0.,1.));
#6010 = ( GEOMETRIC_REPRESENTATION_CONTEXT(2) 
PARAMETRIC_REPRESENTATION_CONTEXT() REPRESENTATION_CONTEXT('2D SPACE',''
  ) );
#6011 = PCURVE('',#1385,#6012);
#6012 = DEFINITIONAL_REPRESENTATION('',(#6013),#6017);
#6013 = LINE('',#6014,#6015);
#6014 = CARTESIAN_POINT('',(0.924328696028,0.));
#6015 = VECTOR('',#6016,1.);
#6016 = DIRECTION('',(0.,1.));
#6017 = ( GEOMETRIC_REPRESENTATION_CONTEXT(2) 
PARAMETRIC_REPRESENTATION_CONTEXT() REPRESENTATION_CONTEXT('2D SPACE',''
  ) );
#6018 = ORIENTED_EDGE('',*,*,#3176,.T.);
#6019 = ORIENTED_EDGE('',*,*,#5096,.T.);
#6020 = ORIENTED_EDGE('',*,*,#6021,.T.);
#6021 = EDGE_CURVE('',#5045,#4988,#6022,.T.);
#6022 = SURFACE_CURVE('',#6023,(#6044,#6139),.PCURVE_S1.);
#6023 = B_SPLINE_CURVE_WITH_KNOTS('',3,(#6024,#6025,#6026,#6027,#6028,
    #6029,#6030,#6031,#6032,#6033,#6034,#6035,#6036,#6037,#6038,#6039,
    #6040,#6041,#6042,#6043),.UNSPECIFIED.,.F.,.F.,(4,1,1,1,1,1,1,1,1,1,
    1,1,1,1,1,1,1,4),(9.808193685834E-04,3.367704640772E-03,
    4.561147276866E-03,5.754589912961E-03,6.948032549055E-03,
    8.141475185149E-03,8.738196503196E-03,9.334917821243E-03,
    9.931639139291E-03,1.052836045734E-02,1.112508177538E-02,
    1.172180309343E-02,1.231852441148E-02,1.291524572953E-02,
    1.410868836562E-02,1.530213100171E-02,1.76890162739E-02,
    2.007590154609E-02),.UNSPECIFIED.);
#6024 = CARTESIAN_POINT('',(-59.40999776703,-6.803290465283,
    33.801205288798));
#6025 = CARTESIAN_POINT('',(-59.95697994042,-6.217632503857,
    33.81075289815));
#6026 = CARTESIAN_POINT('',(-60.77817838823,-5.350438005235,
    33.754884436553));
#6027 = CARTESIAN_POINT('',(-61.88350617074,-4.2263088207,
    33.530180332872));
#6028 = CARTESIAN_POINT('',(-62.71922094538,-3.403009831649,
    33.280026121701));
#6029 = CARTESIAN_POINT('',(-63.5648085009,-2.599077927897,
    32.937476641527));
#6030 = CARTESIAN_POINT('',(-64.25794737659,-1.957282668059,
    32.573610630554));
#6031 = CARTESIAN_POINT('',(-64.78791379259,-1.441555653071,
    32.242373557593));
#6032 = CARTESIAN_POINT('',(-65.15828870049,-1.035592157693,
    31.984917610579));
#6033 = CARTESIAN_POINT('',(-65.47964509825,-0.580698937794,
    31.73757389687));
#6034 = CARTESIAN_POINT('',(-65.64510080316,1.967056515963E-02,
    31.599974461021));
#6035 = CARTESIAN_POINT('',(-65.46267363778,0.609546876023,
    31.751276827928));
#6036 = CARTESIAN_POINT('',(-65.14160203233,1.055406269232,
    31.996993270416));
#6037 = CARTESIAN_POINT('',(-64.77226766493,1.457252264826,
    32.252624588593));
#6038 = CARTESIAN_POINT('',(-64.24647691347,1.967821167522,
    32.579899121029));
#6039 = CARTESIAN_POINT('',(-63.56329536945,2.6006958823,32.937505067997
    ));
#6040 = CARTESIAN_POINT('',(-62.45769531618,3.651199885618,
    33.386867576268));
#6041 = CARTESIAN_POINT('',(-61.05769107983,5.054699907487,
    33.73635414801));
#6042 = CARTESIAN_POINT('',(-59.95700871253,6.217601697333,
    33.810753400369));
#6043 = CARTESIAN_POINT('',(-59.40999776703,6.803290465283,
    33.801205288798));
#6044 = PCURVE('',#1441,#6045);
#6045 = DEFINITIONAL_REPRESENTATION('',(#6046),#6138);
#6046 = B_SPLINE_CURVE_WITH_KNOTS('',3,(#6047,#6048,#6049,#6050,#6051,
    #6052,#6053,#6054,#6055,#6056,#6057,#6058,#6059,#6060,#6061,#6062,
    #6063,#6064,#6065,#6066,#6067,#6068,#6069,#6070,#6071,#6072,#6073,
    #6074,#6075,#6076,#6077,#6078,#6079,#6080,#6081,#6082,#6083,#6084,
    #6085,#6086,#6087,#6088,#6089,#6090,#6091,#6092,#6093,#6094,#6095,
    #6096,#6097,#6098,#6099,#6100,#6101,#6102,#6103,#6104,#6105,#6106,
    #6107,#6108,#6109,#6110,#6111,#6112,#6113,#6114,#6115,#6116,#6117,
    #6118,#6119,#6120,#6121,#6122,#6123,#6124,#6125,#6126,#6127,#6128,
    #6129,#6130,#6131,#6132,#6133,#6134,#6135,#6136,#6137),
  .UNSPECIFIED.,.F.,.F.,(4,1,1,1,1,1,1,1,1,1,1,1,1,1,1,1,1,1,1,1,1,1,1,1
    ,1,1,1,1,1,1,1,1,1,1,1,1,1,1,1,1,1,1,1,1,1,1,1,1,1,1,1,1,1,1,1,1,1,1
    ,1,1,1,1,1,1,1,1,1,1,1,1,1,1,1,1,1,1,1,1,1,1,1,1,1,1,1,1,1,1,4),(
    9.808193685834E-04,1.197808938782E-03,1.414798508981E-03,
    1.63178807918E-03,1.848777649379E-03,2.065767219578E-03,
    2.282756789777E-03,2.499746359976E-03,2.716735930175E-03,
    2.933725500374E-03,3.150715070573E-03,3.367704640772E-03,
    3.584694210971E-03,3.80168378117E-03,4.018673351369E-03,
    4.235662921568E-03,4.452652491767E-03,4.669642061966E-03,
    4.886631632165E-03,5.103621202364E-03,5.320610772563E-03,
    5.537600342762E-03,5.754589912961E-03,5.97157948316E-03,
    6.188569053358E-03,6.405558623557E-03,6.622548193756E-03,
    6.839537763955E-03,7.056527334154E-03,7.273516904353E-03,
    7.490506474552E-03,7.707496044751E-03,7.92448561495E-03,
    8.141475185149E-03,8.358464755348E-03,8.575454325547E-03,
    8.792443895746E-03,9.009433465945E-03,9.226423036144E-03,
    9.443412606343E-03,9.660402176542E-03,9.877391746741E-03,
    1.009438131694E-02,1.031137088714E-02,1.052836045734E-02,
    1.074535002754E-02,1.096233959774E-02,1.117932916793E-02,
    1.139631873813E-02,1.161330830833E-02,1.183029787853E-02,
    1.204728744873E-02,1.226427701893E-02,1.248126658913E-02,
    1.269825615933E-02,1.291524572953E-02,1.313223529973E-02,
    1.334922486992E-02,1.356621444012E-02,1.378320401032E-02,
    1.400019358052E-02,1.421718315072E-02,1.443417272092E-02,
    1.465116229112E-02,1.486815186132E-02,1.508514143152E-02,
    1.530213100171E-02,1.551912057191E-02,1.573611014211E-02,
    1.595309971231E-02,1.617008928251E-02,1.638707885271E-02,
    1.660406842291E-02,1.682105799311E-02,1.703804756331E-02,
    1.725503713351E-02,1.74720267037E-02,1.76890162739E-02,
    1.79060058441E-02,1.81229954143E-02,1.83399849845E-02,
    1.85569745547E-02,1.87739641249E-02,1.89909536951E-02,
    1.92079432653E-02,1.94249328355E-02,1.964192240569E-02,
    1.985891197589E-02,2.007590154609E-02),.QUASI_UNIFORM_KNOTS.);
#6047 = CARTESIAN_POINT('',(6.3006385997,12.198709534717));
#6048 = CARTESIAN_POINT('',(6.295384185512,12.251951167574));
#6049 = CARTESIAN_POINT('',(6.284875968303,12.358309998648));
#6050 = CARTESIAN_POINT('',(6.269110172974,12.517460598352));
#6051 = CARTESIAN_POINT('',(6.253335638811,12.676209208157));
#6052 = CARTESIAN_POINT('',(6.237546978558,12.834541485075));
#6053 = CARTESIAN_POINT('',(6.221738739521,12.992443086114));
#6054 = CARTESIAN_POINT('',(6.205905401465,13.149899668285));
#6055 = CARTESIAN_POINT('',(6.190041389254,13.306896888593));
#6056 = CARTESIAN_POINT('',(6.174141081824,13.463420404067));
#6057 = CARTESIAN_POINT('',(6.158198822094,13.61945587165));
#6058 = CARTESIAN_POINT('',(6.142208928136,13.7749889486));
#6059 = CARTESIAN_POINT('',(6.126165700005,13.930005290997));
#6060 = CARTESIAN_POINT('',(6.110063444632,14.084490559324));
#6061 = CARTESIAN_POINT('',(6.093896438616,14.2384223044));
#6062 = CARTESIAN_POINT('',(6.077658792268,14.391778138382));
#6063 = CARTESIAN_POINT('',(6.061344494055,14.544535444513));
#6064 = CARTESIAN_POINT('',(6.044947345144,14.696672460353));
#6065 = CARTESIAN_POINT('',(6.028461244151,14.848164235102));
#6066 = CARTESIAN_POINT('',(6.011878974269,14.999000845298));
#6067 = CARTESIAN_POINT('',(5.995192084719,15.149187395182));
#6068 = CARTESIAN_POINT('',(5.978392104947,15.298725799538));
#6069 = CARTESIAN_POINT('',(5.961470296874,15.447618831483));
#6070 = CARTESIAN_POINT('',(5.944417743825,15.595869020263));
#6071 = CARTESIAN_POINT('',(5.927225356675,15.743479012274));
#6072 = CARTESIAN_POINT('',(5.909901871453,15.890362025143));
#6073 = CARTESIAN_POINT('',(5.892455853878,16.036432058307));
#6074 = CARTESIAN_POINT('',(5.874895542436,16.181600208701));
#6075 = CARTESIAN_POINT('',(5.857229286231,16.325788401453));
#6076 = CARTESIAN_POINT('',(5.839463757444,16.468878151424));
#6077 = CARTESIAN_POINT('',(5.821611825956,16.610941433012));
#6078 = CARTESIAN_POINT('',(5.80369286433,16.752240666067));
#6079 = CARTESIAN_POINT('',(5.785724855332,16.892997902412));
#6080 = CARTESIAN_POINT('',(5.767726045193,17.033445867194));
#6081 = CARTESIAN_POINT('',(5.749714485317,17.173814960289));
#6082 = CARTESIAN_POINT('',(5.731707814306,17.314334209339));
#6083 = CARTESIAN_POINT('',(5.713794078986,17.45587650991));
#6084 = CARTESIAN_POINT('',(5.696059662044,17.599284873011));
#6085 = CARTESIAN_POINT('',(5.67859991739,17.745522853104));
#6086 = CARTESIAN_POINT('',(5.66157700917,17.896168866292));
#6087 = CARTESIAN_POINT('',(5.64507323526,18.052293904438));
#6088 = CARTESIAN_POINT('',(5.629521948821,18.217023332183));
#6089 = CARTESIAN_POINT('',(5.615733070929,18.395004943576));
#6090 = CARTESIAN_POINT('',(5.604370705379,18.591974938526));
#6091 = CARTESIAN_POINT('',(5.596639846787,18.803072463062));
#6092 = CARTESIAN_POINT('',(5.593902021647,19.020152499999));
#6093 = CARTESIAN_POINT('',(5.597477424762,19.235847735811));
#6094 = CARTESIAN_POINT('',(5.605931261332,19.443853771256));
#6095 = CARTESIAN_POINT('',(5.617772531997,19.637153985201));
#6096 = CARTESIAN_POINT('',(5.631729992505,19.811772467008));
#6097 = CARTESIAN_POINT('',(5.647272478877,19.97351243554));
#6098 = CARTESIAN_POINT('',(5.663709853772,20.127251213031));
#6099 = CARTESIAN_POINT('',(5.680662589804,20.276077551014));
#6100 = CARTESIAN_POINT('',(5.698027544812,20.42080475525));
#6101 = CARTESIAN_POINT('',(5.715636488669,20.56278086009));
#6102 = CARTESIAN_POINT('',(5.733393330057,20.702871627892));
#6103 = CARTESIAN_POINT('',(5.751214943784,20.841870094305));
#6104 = CARTESIAN_POINT('',(5.769015399344,20.980587080542));
#6105 = CARTESIAN_POINT('',(5.786779921483,21.119243857277));
#6106 = CARTESIAN_POINT('',(5.804493237003,21.25806254349));
#6107 = CARTESIAN_POINT('',(5.82213974376,21.397266523399));
#6108 = CARTESIAN_POINT('',(5.839704411102,21.537073271967));
#6109 = CARTESIAN_POINT('',(5.857169344911,21.677722635936));
#6110 = CARTESIAN_POINT('',(5.87452967885,21.819348910522));
#6111 = CARTESIAN_POINT('',(5.891793491631,21.961980831048));
#6112 = CARTESIAN_POINT('',(5.908965928875,22.1056695297));
#6113 = CARTESIAN_POINT('',(5.926052713382,22.250460137445));
#6114 = CARTESIAN_POINT('',(5.943059192927,22.39639939327));
#6115 = CARTESIAN_POINT('',(5.959990578526,22.543533605294));
#6116 = CARTESIAN_POINT('',(5.976848195808,22.691799357366));
#6117 = CARTESIAN_POINT('',(5.993633244583,22.841133202401));
#6118 = CARTESIAN_POINT('',(6.010346791222,22.991471701602));
#6119 = CARTESIAN_POINT('',(6.026989773642,23.142751413952));
#6120 = CARTESIAN_POINT('',(6.043563003245,23.294908899027));
#6121 = CARTESIAN_POINT('',(6.060067167999,23.447880716247));
#6122 = CARTESIAN_POINT('',(6.076502835484,23.60160342507));
#6123 = CARTESIAN_POINT('',(6.09287045636,23.756013584948));
#6124 = CARTESIAN_POINT('',(6.109170367468,23.911047755332));
#6125 = CARTESIAN_POINT('',(6.125402797235,24.066642495673));
#6126 = CARTESIAN_POINT('',(6.14156786337,24.222734365424));
#6127 = CARTESIAN_POINT('',(6.157670798546,24.379297274861));
#6128 = CARTESIAN_POINT('',(6.173716805577,24.536305134264));
#6129 = CARTESIAN_POINT('',(6.189711041069,24.693731853909));
#6130 = CARTESIAN_POINT('',(6.205658608072,24.851551344074));
#6131 = CARTESIAN_POINT('',(6.221564546882,25.009737515037));
#6132 = CARTESIAN_POINT('',(6.237433826445,25.168264277075));
#6133 = CARTESIAN_POINT('',(6.253271337124,25.327105540467));
#6134 = CARTESIAN_POINT('',(6.269081879075,25.48623521549));
#6135 = CARTESIAN_POINT('',(6.284870168232,25.645627212421));
#6136 = CARTESIAN_POINT('',(6.295383907685,25.752046031833));
#6137 = CARTESIAN_POINT('',(6.3006385997,25.805290465283));
#6138 = ( GEOMETRIC_REPRESENTATION_CONTEXT(2) 
PARAMETRIC_REPRESENTATION_CONTEXT() REPRESENTATION_CONTEXT('2D SPACE',''
  ) );
#6139 = PCURVE('',#5008,#6140);
#6140 = DEFINITIONAL_REPRESENTATION('',(#6141),#6233);
#6141 = B_SPLINE_CURVE_WITH_KNOTS('',3,(#6142,#6143,#6144,#6145,#6146,
    #6147,#6148,#6149,#6150,#6151,#6152,#6153,#6154,#6155,#6156,#6157,
    #6158,#6159,#6160,#6161,#6162,#6163,#6164,#6165,#6166,#6167,#6168,
    #6169,#6170,#6171,#6172,#6173,#6174,#6175,#6176,#6177,#6178,#6179,
    #6180,#6181,#6182,#6183,#6184,#6185,#6186,#6187,#6188,#6189,#6190,
    #6191,#6192,#6193,#6194,#6195,#6196,#6197,#6198,#6199,#6200,#6201,
    #6202,#6203,#6204,#6205,#6206,#6207,#6208,#6209,#6210,#6211,#6212,
    #6213,#6214,#6215,#6216,#6217,#6218,#6219,#6220,#6221,#6222,#6223,
    #6224,#6225,#6226,#6227,#6228,#6229,#6230,#6231,#6232),
  .UNSPECIFIED.,.F.,.F.,(4,1,1,1,1,1,1,1,1,1,1,1,1,1,1,1,1,1,1,1,1,1,1,1
    ,1,1,1,1,1,1,1,1,1,1,1,1,1,1,1,1,1,1,1,1,1,1,1,1,1,1,1,1,1,1,1,1,1,1
    ,1,1,1,1,1,1,1,1,1,1,1,1,1,1,1,1,1,1,1,1,1,1,1,1,1,1,1,1,1,1,4),(
    9.808193685834E-04,1.197808938782E-03,1.414798508981E-03,
    1.63178807918E-03,1.848777649379E-03,2.065767219578E-03,
    2.282756789777E-03,2.499746359976E-03,2.716735930175E-03,
    2.933725500374E-03,3.150715070573E-03,3.367704640772E-03,
    3.584694210971E-03,3.80168378117E-03,4.018673351369E-03,
    4.235662921568E-03,4.452652491767E-03,4.669642061966E-03,
    4.886631632165E-03,5.103621202364E-03,5.320610772563E-03,
    5.537600342762E-03,5.754589912961E-03,5.97157948316E-03,
    6.188569053358E-03,6.405558623557E-03,6.622548193756E-03,
    6.839537763955E-03,7.056527334154E-03,7.273516904353E-03,
    7.490506474552E-03,7.707496044751E-03,7.92448561495E-03,
    8.141475185149E-03,8.358464755348E-03,8.575454325547E-03,
    8.792443895746E-03,9.009433465945E-03,9.226423036144E-03,
    9.443412606343E-03,9.660402176542E-03,9.877391746741E-03,
    1.009438131694E-02,1.031137088714E-02,1.052836045734E-02,
    1.074535002754E-02,1.096233959774E-02,1.117932916793E-02,
    1.139631873813E-02,1.161330830833E-02,1.183029787853E-02,
    1.204728744873E-02,1.226427701893E-02,1.248126658913E-02,
    1.269825615933E-02,1.291524572953E-02,1.313223529973E-02,
    1.334922486992E-02,1.356621444012E-02,1.378320401032E-02,
    1.400019358052E-02,1.421718315072E-02,1.443417272092E-02,
    1.465116229112E-02,1.486815186132E-02,1.508514143152E-02,
    1.530213100171E-02,1.551912057191E-02,1.573611014211E-02,
    1.595309971231E-02,1.617008928251E-02,1.638707885271E-02,
    1.660406842291E-02,1.682105799311E-02,1.703804756331E-02,
    1.725503713351E-02,1.74720267037E-02,1.76890162739E-02,
    1.79060058441E-02,1.81229954143E-02,1.83399849845E-02,
    1.85569745547E-02,1.87739641249E-02,1.89909536951E-02,
    1.92079432653E-02,1.94249328355E-02,1.964192240569E-02,
    1.985891197589E-02,2.007590154609E-02),.QUASI_UNIFORM_KNOTS.);
#6142 = CARTESIAN_POINT('',(-1.808426172584,-1.453497604686E-14));
#6143 = CARTESIAN_POINT('',(-1.810216536646,-4.97332319567E-02));
#6144 = CARTESIAN_POINT('',(-1.813765380626,-0.14919394093));
#6145 = CARTESIAN_POINT('',(-1.818982749773,-0.298381131269));
#6146 = CARTESIAN_POINT('',(-1.824084350687,-0.447577821045));
#6147 = CARTESIAN_POINT('',(-1.829059006549,-0.596797449793));
#6148 = CARTESIAN_POINT('',(-1.833894532593,-0.746053467161));
#6149 = CARTESIAN_POINT('',(-1.838577480138,-0.895359308962));
#6150 = CARTESIAN_POINT('',(-1.84309300028,-1.04472835805));
#6151 = CARTESIAN_POINT('',(-1.847424641791,-1.194173901612));
#6152 = CARTESIAN_POINT('',(-1.851554124738,-1.343709080587));
#6153 = CARTESIAN_POINT('',(-1.855461075722,-1.493346829444));
#6154 = CARTESIAN_POINT('',(-1.859122698479,-1.643099808588));
#6155 = CARTESIAN_POINT('',(-1.862513447892,-1.792980310789));
#6156 = CARTESIAN_POINT('',(-1.865599405769,-1.942997552355));
#6157 = CARTESIAN_POINT('',(-1.868342169302,-2.093160375533));
#6158 = CARTESIAN_POINT('',(-1.870698184926,-2.243476805552));
#6159 = CARTESIAN_POINT('',(-1.872617647471,-2.393954698202));
#6160 = CARTESIAN_POINT('',(-1.874044014676,-2.544598177187));
#6161 = CARTESIAN_POINT('',(-1.874909786616,-2.69542203347));
#6162 = CARTESIAN_POINT('',(-1.875134308823,-2.846451302396));
#6163 = CARTESIAN_POINT('',(-1.874624255066,-2.997705911005));
#6164 = CARTESIAN_POINT('',(-1.87327013726,-3.149203182658));
#6165 = CARTESIAN_POINT('',(-1.870942871537,-3.300955978878));
#6166 = CARTESIAN_POINT('',(-1.867488936975,-3.452971681136));
#6167 = CARTESIAN_POINT('',(-1.862733386475,-3.60512245164));
#6168 = CARTESIAN_POINT('',(-1.856466050973,-3.75727176351));
#6169 = CARTESIAN_POINT('',(-1.848431719791,-3.909270546232));
#6170 = CARTESIAN_POINT('',(-1.838321416084,-4.060958464663));
#6171 = CARTESIAN_POINT('',(-1.825746688187,-4.212141749546));
#6172 = CARTESIAN_POINT('',(-1.810267361491,-4.362666084787));
#6173 = CARTESIAN_POINT('',(-1.791373363285,-4.512412858414));
#6174 = CARTESIAN_POINT('',(-1.768402524621,-4.661211590698));
#6175 = CARTESIAN_POINT('',(-1.74049963558,-4.808843522247));
#6176 = CARTESIAN_POINT('',(-1.706544158153,-4.955018220727));
#6177 = CARTESIAN_POINT('',(-1.665046740086,-5.099340612637));
#6178 = CARTESIAN_POINT('',(-1.614335870046,-5.24134037193));
#6179 = CARTESIAN_POINT('',(-1.552074682472,-5.380385401718));
#6180 = CARTESIAN_POINT('',(-1.475026457929,-5.515628353868));
#6181 = CARTESIAN_POINT('',(-1.378914800515,-5.645995244462));
#6182 = CARTESIAN_POINT('',(-1.257135147865,-5.769809156188));
#6183 = CARTESIAN_POINT('',(-1.102125195843,-5.884604427948));
#6184 = CARTESIAN_POINT('',(-0.904785659451,-5.987050162036));
#6185 = CARTESIAN_POINT('',(-0.647133856679,-6.072289531129));
#6186 = CARTESIAN_POINT('',(-0.325742883177,-6.128304370443));
#6187 = CARTESIAN_POINT('',(3.008563641254E-02,-6.145426526595));
#6188 = CARTESIAN_POINT('',(0.380835320812,-6.121621416825));
#6189 = CARTESIAN_POINT('',(0.691482971283,-6.060556872283));
#6190 = CARTESIAN_POINT('',(0.938620833594,-5.972270066625));
#6191 = CARTESIAN_POINT('',(1.127216739798,-5.868417635954));
#6192 = CARTESIAN_POINT('',(1.275377363126,-5.753333697879));
#6193 = CARTESIAN_POINT('',(1.392289205811,-5.629736392557));
#6194 = CARTESIAN_POINT('',(1.485057905347,-5.499733030378));
#6195 = CARTESIAN_POINT('',(1.559649418237,-5.365044545136));
#6196 = CARTESIAN_POINT('',(1.620029533395,-5.226812043874));
#6197 = CARTESIAN_POINT('',(1.669269470482,-5.085892727654));
#6198 = CARTESIAN_POINT('',(1.709610906288,-4.942904433335));
#6199 = CARTESIAN_POINT('',(1.742659046588,-4.798319635251));
#6200 = CARTESIAN_POINT('',(1.769851396785,-4.652507965451));
#6201 = CARTESIAN_POINT('',(1.792270498408,-4.505739096445));
#6202 = CARTESIAN_POINT('',(1.810744053007,-4.358214818037));
#6203 = CARTESIAN_POINT('',(1.825913638827,-4.210086591077));
#6204 = CARTESIAN_POINT('',(1.838275182994,-4.061471154264));
#6205 = CARTESIAN_POINT('',(1.848252529377,-3.912448657332));
#6206 = CARTESIAN_POINT('',(1.856215051722,-3.763066668976));
#6207 = CARTESIAN_POINT('',(1.862457042306,-3.613356138545));
#6208 = CARTESIAN_POINT('',(1.867221592913,-3.46333342643));
#6209 = CARTESIAN_POINT('',(1.870709456068,-3.313004083502));
#6210 = CARTESIAN_POINT('',(1.873088318209,-3.162365083835));
#6211 = CARTESIAN_POINT('',(1.874502773426,-3.011476427228));
#6212 = CARTESIAN_POINT('',(1.875075416147,-2.860392761306));
#6213 = CARTESIAN_POINT('',(1.874910752951,-2.709164533466));
#6214 = CARTESIAN_POINT('',(1.874098321309,-2.557838883983));
#6215 = CARTESIAN_POINT('',(1.872715199736,-2.406460355304));
#6216 = CARTESIAN_POINT('',(1.870828038021,-2.255071455472));
#6217 = CARTESIAN_POINT('',(1.868494709308,-2.103713109122));
#6218 = CARTESIAN_POINT('',(1.865765662912,-1.952425019826));
#6219 = CARTESIAN_POINT('',(1.862685034826,-1.801245963403));
#6220 = CARTESIAN_POINT('',(1.859291576979,-1.650214023009));
#6221 = CARTESIAN_POINT('',(1.855619390819,-1.499366790154));
#6222 = CARTESIAN_POINT('',(1.851696320756,-1.348699810797));
#6223 = CARTESIAN_POINT('',(1.847547138147,-1.198208307144));
#6224 = CARTESIAN_POINT('',(1.843193926289,-1.047887280606));
#6225 = CARTESIAN_POINT('',(1.838656441696,-0.897731589515));
#6226 = CARTESIAN_POINT('',(1.833952410472,-0.747736016328));
#6227 = CARTESIAN_POINT('',(1.829097779857,-0.597895323915));
#6228 = CARTESIAN_POINT('',(1.824106943132,-0.448204301473));
#6229 = CARTESIAN_POINT('',(1.818992891243,-0.298657809339));
#6230 = CARTESIAN_POINT('',(1.813767497023,-0.149250793872));
#6231 = CARTESIAN_POINT('',(1.810216622771,-4.973585513623E-02));
#6232 = CARTESIAN_POINT('',(1.808426172584,-1.40912359298E-14));
#6233 = ( GEOMETRIC_REPRESENTATION_CONTEXT(2) 
PARAMETRIC_REPRESENTATION_CONTEXT() REPRESENTATION_CONTEXT('2D SPACE',''
  ) );
#6234 = ADVANCED_FACE('',(#6235),#1850,.T.);
#6235 = FACE_BOUND('',#6236,.T.);
#6236 = EDGE_LOOP('',(#6237,#6238,#6239,#6240));
#6237 = ORIENTED_EDGE('',*,*,#2910,.T.);
#6238 = ORIENTED_EDGE('',*,*,#5970,.T.);
#6239 = ORIENTED_EDGE('',*,*,#1836,.F.);
#6240 = ORIENTED_EDGE('',*,*,#4800,.F.);
#6241 = ADVANCED_FACE('',(#6242),#1385,.F.);
#6242 = FACE_BOUND('',#6243,.T.);
#6243 = EDGE_LOOP('',(#6244,#6245,#6246,#6247));
#6244 = ORIENTED_EDGE('',*,*,#5998,.F.);
#6245 = ORIENTED_EDGE('',*,*,#3245,.F.);
#6246 = ORIENTED_EDGE('',*,*,#4869,.T.);
#6247 = ORIENTED_EDGE('',*,*,#1369,.T.);
#6248 = ADVANCED_FACE('',(#6249),#2071,.T.);
#6249 = FACE_BOUND('',#6250,.T.);
#6250 = EDGE_LOOP('',(#6251,#6272,#6273,#6274));
#6251 = ORIENTED_EDGE('',*,*,#6252,.F.);
#6252 = EDGE_CURVE('',#2677,#2031,#6253,.T.);
#6253 = SURFACE_CURVE('',#6254,(#6258,#6265),.PCURVE_S1.);
#6254 = LINE('',#6255,#6256);
#6255 = CARTESIAN_POINT('',(-66.63632173564,-19.002,37.678599193369));
#6256 = VECTOR('',#6257,1.);
#6257 = DIRECTION('',(0.,1.,0.));
#6258 = PCURVE('',#2071,#6259);
#6259 = DEFINITIONAL_REPRESENTATION('',(#6260),#6264);
#6260 = LINE('',#6261,#6262);
#6261 = CARTESIAN_POINT('',(5.515240436302,0.));
#6262 = VECTOR('',#6263,1.);
#6263 = DIRECTION('',(0.,1.));
#6264 = ( GEOMETRIC_REPRESENTATION_CONTEXT(2) 
PARAMETRIC_REPRESENTATION_CONTEXT() REPRESENTATION_CONTEXT('2D SPACE',''
  ) );
#6265 = PCURVE('',#2119,#6266);
#6266 = DEFINITIONAL_REPRESENTATION('',(#6267),#6271);
#6267 = LINE('',#6268,#6269);
#6268 = CARTESIAN_POINT('',(0.5,0.));
#6269 = VECTOR('',#6270,1.);
#6270 = DIRECTION('',(0.,1.));
#6271 = ( GEOMETRIC_REPRESENTATION_CONTEXT(2) 
PARAMETRIC_REPRESENTATION_CONTEXT() REPRESENTATION_CONTEXT('2D SPACE',''
  ) );
#6272 = ORIENTED_EDGE('',*,*,#2699,.T.);
#6273 = ORIENTED_EDGE('',*,*,#5222,.T.);
#6274 = ORIENTED_EDGE('',*,*,#2030,.F.);
#6275 = ADVANCED_FACE('',(#6276),#1709,.F.);
#6276 = FACE_BOUND('',#6277,.F.);
#6277 = EDGE_LOOP('',(#6278,#6279,#6302,#6330,#6352));
#6278 = ORIENTED_EDGE('',*,*,#1669,.F.);
#6279 = ORIENTED_EDGE('',*,*,#6280,.F.);
#6280 = EDGE_CURVE('',#6281,#1638,#6283,.T.);
#6281 = VERTEX_POINT('',#6282);
#6282 = CARTESIAN_POINT('',(-66.0467947746,1.307198178013,
    37.068126154412));
#6283 = SURFACE_CURVE('',#6284,(#6288,#6295),.PCURVE_S1.);
#6284 = LINE('',#6285,#6286);
#6285 = CARTESIAN_POINT('',(-66.0467947746,-19.002,37.068126154412));
#6286 = VECTOR('',#6287,1.);
#6287 = DIRECTION('',(0.,1.,0.));
#6288 = PCURVE('',#1709,#6289);
#6289 = DEFINITIONAL_REPRESENTATION('',(#6290),#6294);
#6290 = LINE('',#6291,#6292);
#6291 = CARTESIAN_POINT('',(5.515240436302,0.));
#6292 = VECTOR('',#6293,1.);
#6293 = DIRECTION('',(0.,1.));
#6294 = ( GEOMETRIC_REPRESENTATION_CONTEXT(2) 
PARAMETRIC_REPRESENTATION_CONTEXT() REPRESENTATION_CONTEXT('2D SPACE',''
  ) );
#6295 = PCURVE('',#1653,#6296);
#6296 = DEFINITIONAL_REPRESENTATION('',(#6297),#6301);
#6297 = LINE('',#6298,#6299);
#6298 = CARTESIAN_POINT('',(0.924328696028,0.));
#6299 = VECTOR('',#6300,1.);
#6300 = DIRECTION('',(0.,1.));
#6301 = ( GEOMETRIC_REPRESENTATION_CONTEXT(2) 
PARAMETRIC_REPRESENTATION_CONTEXT() REPRESENTATION_CONTEXT('2D SPACE',''
  ) );
#6302 = ORIENTED_EDGE('',*,*,#6303,.T.);
#6303 = EDGE_CURVE('',#6281,#6304,#6306,.T.);
#6304 = VERTEX_POINT('',#6305);
#6305 = CARTESIAN_POINT('',(-65.26148344225,2.,37.747325849251));
#6306 = SURFACE_CURVE('',#6307,(#6312,#6318),.PCURVE_S1.);
#6307 = ELLIPSE('',#6308,13.385603643974,9.46505110693);
#6308 = AXIS2_PLACEMENT_3D('',#6309,#6310,#6311);
#6309 = CARTESIAN_POINT('',(-59.47181779635,-5.385603643974,
    30.259538180958));
#6310 = DIRECTION('',(-1.234071493983E-02,0.707106781187,-0.706999085399
    ));
#6311 = DIRECTION('',(1.234071493983E-02,0.707106781187,0.706999085399)
  );
#6312 = PCURVE('',#1709,#6313);
#6313 = DEFINITIONAL_REPRESENTATION('',(#6314),#6317);
#6314 = B_SPLINE_CURVE_WITH_KNOTS('',1,(#6315,#6316),.UNSPECIFIED.,.F.,
  .F.,(2,2),(5.497787143782,5.607538442253),.PIECEWISE_BEZIER_KNOTS.);
#6315 = CARTESIAN_POINT('',(5.515240436302,20.309198178013));
#6316 = CARTESIAN_POINT('',(5.624991734773,21.002));
#6317 = ( GEOMETRIC_REPRESENTATION_CONTEXT(2) 
PARAMETRIC_REPRESENTATION_CONTEXT() REPRESENTATION_CONTEXT('2D SPACE',''
  ) );
#6318 = PCURVE('',#6319,#6324);
#6319 = PLANE('',#6320);
#6320 = AXIS2_PLACEMENT_3D('',#6321,#6322,#6323);
#6321 = CARTESIAN_POINT('',(-68.84343528184,-3.089976191584E-15,
    35.809544395093));
#6322 = DIRECTION('',(-1.234071493983E-02,0.707106781187,-0.706999085399
    ));
#6323 = DIRECTION('',(-0.999847695156,1.387778780781E-17,
    1.745240643728E-02));
#6324 = DEFINITIONAL_REPRESENTATION('',(#6325),#6329);
#6325 = ELLIPSE('',#6326,13.385603643974,9.46505110693);
#6326 = AXIS2_PLACEMENT_2D('',#6327,#6328);
#6327 = CARTESIAN_POINT('',(-9.46705110693,-7.616393714874));
#6328 = DIRECTION('',(-3.469446951954E-17,1.));
#6329 = ( GEOMETRIC_REPRESENTATION_CONTEXT(2) 
PARAMETRIC_REPRESENTATION_CONTEXT() REPRESENTATION_CONTEXT('2D SPACE',''
  ) );
#6330 = ORIENTED_EDGE('',*,*,#6331,.F.);
#6331 = EDGE_CURVE('',#5568,#6304,#6332,.T.);
#6332 = SURFACE_CURVE('',#6333,(#6338,#6345),.PCURVE_S1.);
#6333 = CIRCLE('',#6334,9.46505110693);
#6334 = AXIS2_PLACEMENT_3D('',#6335,#6336,#6337);
#6335 = CARTESIAN_POINT('',(-59.47181779635,2.,30.259538180958));
#6336 = DIRECTION('',(-8.339019854371E-20,-1.,-6.600976123232E-17));
#6337 = DIRECTION('',(0.,6.600976123232E-17,-1.));
#6338 = PCURVE('',#1709,#6339);
#6339 = DEFINITIONAL_REPRESENTATION('',(#6340),#6344);
#6340 = LINE('',#6341,#6342);
#6341 = CARTESIAN_POINT('',(9.424777960769,21.002));
#6342 = VECTOR('',#6343,1.);
#6343 = DIRECTION('',(-1.,0.));
#6344 = ( GEOMETRIC_REPRESENTATION_CONTEXT(2) 
PARAMETRIC_REPRESENTATION_CONTEXT() REPRESENTATION_CONTEXT('2D SPACE',''
  ) );
#6345 = PCURVE('',#5584,#6346);
#6346 = DEFINITIONAL_REPRESENTATION('',(#6347),#6351);
#6347 = LINE('',#6348,#6349);
#6348 = CARTESIAN_POINT('',(0.,0.));
#6349 = VECTOR('',#6350,1.);
#6350 = DIRECTION('',(1.,0.));
#6351 = ( GEOMETRIC_REPRESENTATION_CONTEXT(2) 
PARAMETRIC_REPRESENTATION_CONTEXT() REPRESENTATION_CONTEXT('2D SPACE',''
  ) );
#6352 = ORIENTED_EDGE('',*,*,#5596,.T.);
#6353 = ADVANCED_FACE('',(#6354),#2119,.T.);
#6354 = FACE_BOUND('',#6355,.T.);
#6355 = EDGE_LOOP('',(#6356,#6357,#6358,#6359));
#6356 = ORIENTED_EDGE('',*,*,#2676,.T.);
#6357 = ORIENTED_EDGE('',*,*,#6252,.T.);
#6358 = ORIENTED_EDGE('',*,*,#2105,.F.);
#6359 = ORIENTED_EDGE('',*,*,#4754,.F.);
#6360 = ADVANCED_FACE('',(#6361),#1653,.F.);
#6361 = FACE_BOUND('',#6362,.T.);
#6362 = EDGE_LOOP('',(#6363,#6364,#6385,#6386));
#6363 = ORIENTED_EDGE('',*,*,#6280,.F.);
#6364 = ORIENTED_EDGE('',*,*,#6365,.T.);
#6365 = EDGE_CURVE('',#6281,#24,#6366,.T.);
#6366 = SURFACE_CURVE('',#6367,(#6371,#6378),.PCURVE_S1.);
#6367 = LINE('',#6368,#6369);
#6368 = CARTESIAN_POINT('',(-73.37691551096,-5.898267273996,
    29.989510841331));
#6369 = VECTOR('',#6370,1.);
#6370 = DIRECTION('',(-0.587338487502,-0.57735026919,-0.567186184393));
#6371 = PCURVE('',#1653,#6372);
#6372 = DEFINITIONAL_REPRESENTATION('',(#6373),#6377);
#6373 = LINE('',#6374,#6375);
#6374 = CARTESIAN_POINT('',(-9.265738269414,13.103732726004));
#6375 = VECTOR('',#6376,1.);
#6376 = DIRECTION('',(-0.816496580928,-0.57735026919));
#6377 = ( GEOMETRIC_REPRESENTATION_CONTEXT(2) 
PARAMETRIC_REPRESENTATION_CONTEXT() REPRESENTATION_CONTEXT('2D SPACE',''
  ) );
#6378 = PCURVE('',#6319,#6379);
#6379 = DEFINITIONAL_REPRESENTATION('',(#6380),#6384);
#6380 = LINE('',#6381,#6382);
#6381 = CARTESIAN_POINT('',(4.431216167066,-8.341409573386));
#6382 = VECTOR('',#6383,1.);
#6383 = DIRECTION('',(0.57735026919,-0.816496580928));
#6384 = ( GEOMETRIC_REPRESENTATION_CONTEXT(2) 
PARAMETRIC_REPRESENTATION_CONTEXT() REPRESENTATION_CONTEXT('2D SPACE',''
  ) );
#6385 = ORIENTED_EDGE('',*,*,#4822,.T.);
#6386 = ORIENTED_EDGE('',*,*,#1637,.T.);
#6387 = ADVANCED_FACE('',(#6388),#2489,.T.);
#6388 = FACE_BOUND('',#6389,.T.);
#6389 = EDGE_LOOP('',(#6390,#6411,#6412,#6413));
#6390 = ORIENTED_EDGE('',*,*,#6391,.F.);
#6391 = EDGE_CURVE('',#2421,#2548,#6392,.T.);
#6392 = SURFACE_CURVE('',#6393,(#6397,#6404),.PCURVE_S1.);
#6393 = LINE('',#6394,#6395);
#6394 = CARTESIAN_POINT('',(-66.5329538461,-19.002,43.60054161933));
#6395 = VECTOR('',#6396,1.);
#6396 = DIRECTION('',(0.,1.,0.));
#6397 = PCURVE('',#2489,#6398);
#6398 = DEFINITIONAL_REPRESENTATION('',(#6399),#6403);
#6399 = LINE('',#6400,#6401);
#6400 = CARTESIAN_POINT('',(5.515240436302,0.));
#6401 = VECTOR('',#6402,1.);
#6402 = DIRECTION('',(0.,1.));
#6403 = ( GEOMETRIC_REPRESENTATION_CONTEXT(2) 
PARAMETRIC_REPRESENTATION_CONTEXT() REPRESENTATION_CONTEXT('2D SPACE',''
  ) );
#6404 = PCURVE('',#2436,#6405);
#6405 = DEFINITIONAL_REPRESENTATION('',(#6406),#6410);
#6406 = LINE('',#6407,#6408);
#6407 = CARTESIAN_POINT('',(0.5,0.));
#6408 = VECTOR('',#6409,1.);
#6409 = DIRECTION('',(0.,1.));
#6410 = ( GEOMETRIC_REPRESENTATION_CONTEXT(2) 
PARAMETRIC_REPRESENTATION_CONTEXT() REPRESENTATION_CONTEXT('2D SPACE',''
  ) );
#6411 = ORIENTED_EDGE('',*,*,#2448,.T.);
#6412 = ORIENTED_EDGE('',*,*,#5268,.T.);
#6413 = ORIENTED_EDGE('',*,*,#2547,.F.);
#6414 = ADVANCED_FACE('',(#6415),#1972,.F.);
#6415 = FACE_BOUND('',#6416,.F.);
#6416 = EDGE_LOOP('',(#6417,#6418,#6419,#6440));
#6417 = ORIENTED_EDGE('',*,*,#5244,.T.);
#6418 = ORIENTED_EDGE('',*,*,#1932,.F.);
#6419 = ORIENTED_EDGE('',*,*,#6420,.F.);
#6420 = EDGE_CURVE('',#2794,#1901,#6421,.T.);
#6421 = SURFACE_CURVE('',#6422,(#6426,#6433),.PCURVE_S1.);
#6422 = LINE('',#6423,#6424);
#6423 = CARTESIAN_POINT('',(-65.94342688505,-19.002,42.990068580373));
#6424 = VECTOR('',#6425,1.);
#6425 = DIRECTION('',(0.,1.,0.));
#6426 = PCURVE('',#1972,#6427);
#6427 = DEFINITIONAL_REPRESENTATION('',(#6428),#6432);
#6428 = LINE('',#6429,#6430);
#6429 = CARTESIAN_POINT('',(5.515240436302,0.));
#6430 = VECTOR('',#6431,1.);
#6431 = DIRECTION('',(0.,1.));
#6432 = ( GEOMETRIC_REPRESENTATION_CONTEXT(2) 
PARAMETRIC_REPRESENTATION_CONTEXT() REPRESENTATION_CONTEXT('2D SPACE',''
  ) );
#6433 = PCURVE('',#1916,#6434);
#6434 = DEFINITIONAL_REPRESENTATION('',(#6435),#6439);
#6435 = LINE('',#6436,#6437);
#6436 = CARTESIAN_POINT('',(0.924328696028,0.));
#6437 = VECTOR('',#6438,1.);
#6438 = DIRECTION('',(0.,1.));
#6439 = ( GEOMETRIC_REPRESENTATION_CONTEXT(2) 
PARAMETRIC_REPRESENTATION_CONTEXT() REPRESENTATION_CONTEXT('2D SPACE',''
  ) );
#6440 = ORIENTED_EDGE('',*,*,#2793,.T.);
#6441 = ADVANCED_FACE('',(#6442),#2436,.T.);
#6442 = FACE_BOUND('',#6443,.T.);
#6443 = EDGE_LOOP('',(#6444,#6445,#6446,#6447));
#6444 = ORIENTED_EDGE('',*,*,#2420,.T.);
#6445 = ORIENTED_EDGE('',*,*,#6391,.T.);
#6446 = ORIENTED_EDGE('',*,*,#2617,.F.);
#6447 = ORIENTED_EDGE('',*,*,#4708,.F.);
#6448 = ADVANCED_FACE('',(#6449),#1916,.F.);
#6449 = FACE_BOUND('',#6450,.T.);
#6450 = EDGE_LOOP('',(#6451,#6452,#6453,#6454));
#6451 = ORIENTED_EDGE('',*,*,#6420,.F.);
#6452 = ORIENTED_EDGE('',*,*,#2862,.F.);
#6453 = ORIENTED_EDGE('',*,*,#4776,.T.);
#6454 = ORIENTED_EDGE('',*,*,#1900,.T.);
#6455 = ADVANCED_FACE('',(#6456),#2295,.F.);
#6456 = FACE_BOUND('',#6457,.F.);
#6457 = EDGE_LOOP('',(#6458,#6479));
#6458 = ORIENTED_EDGE('',*,*,#6459,.F.);
#6459 = EDGE_CURVE('',#2202,#2170,#6460,.T.);
#6460 = SURFACE_CURVE('',#6461,(#6465,#6472),.PCURVE_S1.);
#6461 = LINE('',#6462,#6463);
#6462 = CARTESIAN_POINT('',(-66.45053203446,-19.002,48.322484045291));
#6463 = VECTOR('',#6464,1.);
#6464 = DIRECTION('',(0.,1.,0.));
#6465 = PCURVE('',#2295,#6466);
#6466 = DEFINITIONAL_REPRESENTATION('',(#6467),#6471);
#6467 = LINE('',#6468,#6469);
#6468 = CARTESIAN_POINT('',(5.515240436302,0.));
#6469 = VECTOR('',#6470,1.);
#6470 = DIRECTION('',(0.,1.));
#6471 = ( GEOMETRIC_REPRESENTATION_CONTEXT(2) 
PARAMETRIC_REPRESENTATION_CONTEXT() REPRESENTATION_CONTEXT('2D SPACE',''
  ) );
#6472 = PCURVE('',#2185,#6473);
#6473 = DEFINITIONAL_REPRESENTATION('',(#6474),#6478);
#6474 = LINE('',#6475,#6476);
#6475 = CARTESIAN_POINT('',(0.5,0.));
#6476 = VECTOR('',#6477,1.);
#6477 = DIRECTION('',(0.,1.));
#6478 = ( GEOMETRIC_REPRESENTATION_CONTEXT(2) 
PARAMETRIC_REPRESENTATION_CONTEXT() REPRESENTATION_CONTEXT('2D SPACE',''
  ) );
#6479 = ORIENTED_EDGE('',*,*,#2201,.T.);
#6480 = ADVANCED_FACE('',(#6481),#2185,.F.);
#6481 = FACE_BOUND('',#6482,.T.);
#6482 = EDGE_LOOP('',(#6483,#6484,#6485,#6486));
#6483 = ORIENTED_EDGE('',*,*,#6459,.F.);
#6484 = ORIENTED_EDGE('',*,*,#2373,.F.);
#6485 = ORIENTED_EDGE('',*,*,#4730,.T.);
#6486 = ORIENTED_EDGE('',*,*,#2169,.T.);
#6487 = ADVANCED_FACE('',(#6488),#3348,.T.);
#6488 = FACE_BOUND('',#6489,.T.);
#6489 = EDGE_LOOP('',(#6490,#6491,#6513,#6514));
#6490 = ORIENTED_EDGE('',*,*,#3332,.F.);
#6491 = ORIENTED_EDGE('',*,*,#6492,.F.);
#6492 = EDGE_CURVE('',#4164,#3305,#6493,.T.);
#6493 = SURFACE_CURVE('',#6494,(#6499,#6506),.PCURVE_S1.);
#6494 = CIRCLE('',#6495,3.);
#6495 = AXIS2_PLACEMENT_3D('',#6496,#6497,#6498);
#6496 = CARTESIAN_POINT('',(-65.92008634051,-18.2,50.46956249116));
#6497 = DIRECTION('',(-0.999847695156,0.,1.745240643728E-02));
#6498 = DIRECTION('',(1.745240643728E-02,0.,0.999847695156));
#6499 = PCURVE('',#3348,#6500);
#6500 = DEFINITIONAL_REPRESENTATION('',(#6501),#6505);
#6501 = LINE('',#6502,#6503);
#6502 = CARTESIAN_POINT('',(9.424777960769,1.2));
#6503 = VECTOR('',#6504,1.);
#6504 = DIRECTION('',(-1.,0.));
#6505 = ( GEOMETRIC_REPRESENTATION_CONTEXT(2) 
PARAMETRIC_REPRESENTATION_CONTEXT() REPRESENTATION_CONTEXT('2D SPACE',''
  ) );
#6506 = PCURVE('',#4445,#6507);
#6507 = DEFINITIONAL_REPRESENTATION('',(#6508),#6512);
#6508 = LINE('',#6509,#6510);
#6509 = CARTESIAN_POINT('',(9.424777960769,1.2));
#6510 = VECTOR('',#6511,1.);
#6511 = DIRECTION('',(-1.,-1.589287526793E-14));
#6512 = ( GEOMETRIC_REPRESENTATION_CONTEXT(2) 
PARAMETRIC_REPRESENTATION_CONTEXT() REPRESENTATION_CONTEXT('2D SPACE',''
  ) );
#6513 = ORIENTED_EDGE('',*,*,#4163,.T.);
#6514 = ORIENTED_EDGE('',*,*,#5332,.T.);
#6515 = ADVANCED_FACE('',(#6516),#3517,.T.);
#6516 = FACE_BOUND('',#6517,.T.);
#6517 = EDGE_LOOP('',(#6518,#6519,#6541,#6542));
#6518 = ORIENTED_EDGE('',*,*,#4221,.F.);
#6519 = ORIENTED_EDGE('',*,*,#6520,.F.);
#6520 = EDGE_CURVE('',#3495,#4194,#6521,.T.);
#6521 = SURFACE_CURVE('',#6522,(#6527,#6534),.PCURVE_S1.);
#6522 = CIRCLE('',#6523,3.);
#6523 = AXIS2_PLACEMENT_3D('',#6524,#6525,#6526);
#6524 = CARTESIAN_POINT('',(-66.55535393483,-18.2,14.075106387467));
#6525 = DIRECTION('',(-0.999847695156,0.,1.745240643728E-02));
#6526 = DIRECTION('',(1.745240643728E-02,0.,0.999847695156));
#6527 = PCURVE('',#3517,#6528);
#6528 = DEFINITIONAL_REPRESENTATION('',(#6529),#6533);
#6529 = LINE('',#6530,#6531);
#6530 = CARTESIAN_POINT('',(0.,-1.2));
#6531 = VECTOR('',#6532,1.);
#6532 = DIRECTION('',(1.,-9.046911093941E-15));
#6533 = ( GEOMETRIC_REPRESENTATION_CONTEXT(2) 
PARAMETRIC_REPRESENTATION_CONTEXT() REPRESENTATION_CONTEXT('2D SPACE',''
  ) );
#6534 = PCURVE('',#4393,#6535);
#6535 = DEFINITIONAL_REPRESENTATION('',(#6536),#6540);
#6536 = LINE('',#6537,#6538);
#6537 = CARTESIAN_POINT('',(9.424777960769,1.2));
#6538 = VECTOR('',#6539,1.);
#6539 = DIRECTION('',(-1.,1.239444360518E-14));
#6540 = ( GEOMETRIC_REPRESENTATION_CONTEXT(2) 
PARAMETRIC_REPRESENTATION_CONTEXT() REPRESENTATION_CONTEXT('2D SPACE',''
  ) );
#6541 = ORIENTED_EDGE('',*,*,#3494,.T.);
#6542 = ORIENTED_EDGE('',*,*,#5355,.T.);
#6543 = ADVANCED_FACE('',(#6544),#3407,.T.);
#6544 = FACE_BOUND('',#6545,.T.);
#6545 = EDGE_LOOP('',(#6546,#6547,#6569,#6570));
#6546 = ORIENTED_EDGE('',*,*,#3557,.F.);
#6547 = ORIENTED_EDGE('',*,*,#6548,.F.);
#6548 = EDGE_CURVE('',#3385,#3530,#6549,.T.);
#6549 = SURFACE_CURVE('',#6550,(#6555,#6562),.PCURVE_S1.);
#6550 = CIRCLE('',#6551,3.);
#6551 = AXIS2_PLACEMENT_3D('',#6552,#6553,#6554);
#6552 = CARTESIAN_POINT('',(-66.55535393483,18.2,14.075106387467));
#6553 = DIRECTION('',(-0.999847695156,0.,1.745240643728E-02));
#6554 = DIRECTION('',(1.745240643728E-02,0.,0.999847695156));
#6555 = PCURVE('',#3407,#6556);
#6556 = DEFINITIONAL_REPRESENTATION('',(#6557),#6561);
#6557 = LINE('',#6558,#6559);
#6558 = CARTESIAN_POINT('',(3.14159265359,1.2));
#6559 = VECTOR('',#6560,1.);
#6560 = DIRECTION('',(-1.,-9.046911093941E-15));
#6561 = ( GEOMETRIC_REPRESENTATION_CONTEXT(2) 
PARAMETRIC_REPRESENTATION_CONTEXT() REPRESENTATION_CONTEXT('2D SPACE',''
  ) );
#6562 = PCURVE('',#4549,#6563);
#6563 = DEFINITIONAL_REPRESENTATION('',(#6564),#6568);
#6564 = LINE('',#6565,#6566);
#6565 = CARTESIAN_POINT('',(3.14159265359,1.2));
#6566 = VECTOR('',#6567,1.);
#6567 = DIRECTION('',(-1.,-1.249439879554E-14));
#6568 = ( GEOMETRIC_REPRESENTATION_CONTEXT(2) 
PARAMETRIC_REPRESENTATION_CONTEXT() REPRESENTATION_CONTEXT('2D SPACE',''
  ) );
#6569 = ORIENTED_EDGE('',*,*,#3384,.T.);
#6570 = ORIENTED_EDGE('',*,*,#5378,.T.);
#6571 = ADVANCED_FACE('',(#6572),#3292,.T.);
#6572 = FACE_BOUND('',#6573,.T.);
#6573 = EDGE_LOOP('',(#6574,#6575,#6597,#6598));
#6574 = ORIENTED_EDGE('',*,*,#3447,.F.);
#6575 = ORIENTED_EDGE('',*,*,#6576,.F.);
#6576 = EDGE_CURVE('',#3270,#3420,#6577,.T.);
#6577 = SURFACE_CURVE('',#6578,(#6583,#6590),.PCURVE_S1.);
#6578 = CIRCLE('',#6579,3.);
#6579 = AXIS2_PLACEMENT_3D('',#6580,#6581,#6582);
#6580 = CARTESIAN_POINT('',(-65.92008634051,18.2,50.46956249116));
#6581 = DIRECTION('',(-0.999847695156,0.,1.745240643728E-02));
#6582 = DIRECTION('',(1.745240643728E-02,0.,0.999847695156));
#6583 = PCURVE('',#3292,#6584);
#6584 = DEFINITIONAL_REPRESENTATION('',(#6585),#6589);
#6585 = LINE('',#6586,#6587);
#6586 = CARTESIAN_POINT('',(0.,-1.2));
#6587 = VECTOR('',#6588,1.);
#6588 = DIRECTION('',(1.,0.));
#6589 = ( GEOMETRIC_REPRESENTATION_CONTEXT(2) 
PARAMETRIC_REPRESENTATION_CONTEXT() REPRESENTATION_CONTEXT('2D SPACE',''
  ) );
#6590 = PCURVE('',#4497,#6591);
#6591 = DEFINITIONAL_REPRESENTATION('',(#6592),#6596);
#6592 = LINE('',#6593,#6594);
#6593 = CARTESIAN_POINT('',(3.14159265359,1.2));
#6594 = VECTOR('',#6595,1.);
#6595 = DIRECTION('',(-1.,1.579292007756E-14));
#6596 = ( GEOMETRIC_REPRESENTATION_CONTEXT(2) 
PARAMETRIC_REPRESENTATION_CONTEXT() REPRESENTATION_CONTEXT('2D SPACE',''
  ) );
#6597 = ORIENTED_EDGE('',*,*,#3269,.T.);
#6598 = ORIENTED_EDGE('',*,*,#5401,.T.);
#6599 = ADVANCED_FACE('',(#6600),#4694,.F.);
#6600 = FACE_BOUND('',#6601,.F.);
#6601 = EDGE_LOOP('',(#6602,#6603,#6625,#6649,#6671));
#6602 = ORIENTED_EDGE('',*,*,#4677,.F.);
#6603 = ORIENTED_EDGE('',*,*,#6604,.F.);
#6604 = EDGE_CURVE('',#6605,#4678,#6607,.T.);
#6605 = VERTEX_POINT('',#6606);
#6606 = CARTESIAN_POINT('',(-61.09812927539,16.,51.685592943964));
#6607 = SEAM_CURVE('',#6608,(#6611,#6618),.PCURVE_S1.);
#6608 = B_SPLINE_CURVE_WITH_KNOTS('',1,(#6609,#6610),.UNSPECIFIED.,.F.,
  .F.,(2,2),(368.39432384435,374.39432384435),.PIECEWISE_BEZIER_KNOTS.);
#6609 = CARTESIAN_POINT('',(-61.09812927539,16.,51.685592943964));
#6610 = CARTESIAN_POINT('',(-67.09721544633,16.,51.790307382588));
#6611 = PCURVE('',#4694,#6612);
#6612 = DEFINITIONAL_REPRESENTATION('',(#6613),#6617);
#6613 = LINE('',#6614,#6615);
#6614 = CARTESIAN_POINT('',(0.,0.));
#6615 = VECTOR('',#6616,1.);
#6616 = DIRECTION('',(0.,1.));
#6617 = ( GEOMETRIC_REPRESENTATION_CONTEXT(2) 
PARAMETRIC_REPRESENTATION_CONTEXT() REPRESENTATION_CONTEXT('2D SPACE',''
  ) );
#6618 = PCURVE('',#4694,#6619);
#6619 = DEFINITIONAL_REPRESENTATION('',(#6620),#6624);
#6620 = LINE('',#6621,#6622);
#6621 = CARTESIAN_POINT('',(6.28318530718,0.));
#6622 = VECTOR('',#6623,1.);
#6623 = DIRECTION('',(0.,1.));
#6624 = ( GEOMETRIC_REPRESENTATION_CONTEXT(2) 
PARAMETRIC_REPRESENTATION_CONTEXT() REPRESENTATION_CONTEXT('2D SPACE',''
  ) );
#6625 = ORIENTED_EDGE('',*,*,#6626,.F.);
#6626 = EDGE_CURVE('',#6627,#6605,#6629,.T.);
#6627 = VERTEX_POINT('',#6628);
#6628 = CARTESIAN_POINT('',(-61.22029612045,16.,44.68665907787));
#6629 = SURFACE_CURVE('',#6630,(#6635,#6642),.PCURVE_S1.);
#6630 = CIRCLE('',#6631,3.5);
#6631 = AXIS2_PLACEMENT_3D('',#6632,#6633,#6634);
#6632 = CARTESIAN_POINT('',(-61.15921269792,16.,48.186126010917));
#6633 = DIRECTION('',(0.999847695156,1.068651684042E-18,
    -1.745240643728E-02));
#6634 = DIRECTION('',(-1.745240643728E-02,0.,-0.999847695156));
#6635 = PCURVE('',#4694,#6636);
#6636 = DEFINITIONAL_REPRESENTATION('',(#6637),#6641);
#6637 = LINE('',#6638,#6639);
#6638 = CARTESIAN_POINT('',(3.14159265359,368.39432384435));
#6639 = VECTOR('',#6640,1.);
#6640 = DIRECTION('',(-1.,0.));
#6641 = ( GEOMETRIC_REPRESENTATION_CONTEXT(2) 
PARAMETRIC_REPRESENTATION_CONTEXT() REPRESENTATION_CONTEXT('2D SPACE',''
  ) );
#6642 = PCURVE('',#3838,#6643);
#6643 = DEFINITIONAL_REPRESENTATION('',(#6644),#6648);
#6644 = CIRCLE('',#6645,3.5);
#6645 = AXIS2_PLACEMENT_2D('',#6646,#6647);
#6646 = CARTESIAN_POINT('',(32.,-2.503708927703E-33));
#6647 = DIRECTION('',(-7.824090399073E-35,-1.));
#6648 = ( GEOMETRIC_REPRESENTATION_CONTEXT(2) 
PARAMETRIC_REPRESENTATION_CONTEXT() REPRESENTATION_CONTEXT('2D SPACE',''
  ) );
#6649 = ORIENTED_EDGE('',*,*,#6650,.F.);
#6650 = EDGE_CURVE('',#6605,#6627,#6651,.T.);
#6651 = SURFACE_CURVE('',#6652,(#6657,#6664),.PCURVE_S1.);
#6652 = CIRCLE('',#6653,3.5);
#6653 = AXIS2_PLACEMENT_3D('',#6654,#6655,#6656);
#6654 = CARTESIAN_POINT('',(-61.15921269792,16.,48.186126010917));
#6655 = DIRECTION('',(0.999847695156,1.068651684042E-18,
    -1.745240643728E-02));
#6656 = DIRECTION('',(-1.745240643728E-02,0.,-0.999847695156));
#6657 = PCURVE('',#4694,#6658);
#6658 = DEFINITIONAL_REPRESENTATION('',(#6659),#6663);
#6659 = LINE('',#6660,#6661);
#6660 = CARTESIAN_POINT('',(9.424777960769,368.39432384435));
#6661 = VECTOR('',#6662,1.);
#6662 = DIRECTION('',(-1.,0.));
#6663 = ( GEOMETRIC_REPRESENTATION_CONTEXT(2) 
PARAMETRIC_REPRESENTATION_CONTEXT() REPRESENTATION_CONTEXT('2D SPACE',''
  ) );
#6664 = PCURVE('',#3838,#6665);
#6665 = DEFINITIONAL_REPRESENTATION('',(#6666),#6670);
#6666 = CIRCLE('',#6667,3.5);
#6667 = AXIS2_PLACEMENT_2D('',#6668,#6669);
#6668 = CARTESIAN_POINT('',(32.,-2.503708927703E-33));
#6669 = DIRECTION('',(-7.824090399073E-35,-1.));
#6670 = ( GEOMETRIC_REPRESENTATION_CONTEXT(2) 
PARAMETRIC_REPRESENTATION_CONTEXT() REPRESENTATION_CONTEXT('2D SPACE',''
  ) );
#6671 = ORIENTED_EDGE('',*,*,#6604,.T.);
#6672 = ADVANCED_FACE('',(#6673,#6676),#3838,.F.);
#6673 = FACE_BOUND('',#6674,.T.);
#6674 = EDGE_LOOP('',(#6675));
#6675 = ORIENTED_EDGE('',*,*,#3816,.T.);
#6676 = FACE_BOUND('',#6677,.T.);
#6677 = EDGE_LOOP('',(#6678,#6679));
#6678 = ORIENTED_EDGE('',*,*,#6626,.F.);
#6679 = ORIENTED_EDGE('',*,*,#6650,.F.);
#6680 = ADVANCED_FACE('',(#6681),#4663,.F.);
#6681 = FACE_BOUND('',#6682,.F.);
#6682 = EDGE_LOOP('',(#6683,#6684,#6706,#6730,#6752));
#6683 = ORIENTED_EDGE('',*,*,#4646,.F.);
#6684 = ORIENTED_EDGE('',*,*,#6685,.F.);
#6685 = EDGE_CURVE('',#6686,#4647,#6688,.T.);
#6686 = VERTEX_POINT('',#6687);
#6687 = CARTESIAN_POINT('',(-61.65660628139,16.,19.69046669896));
#6688 = SEAM_CURVE('',#6689,(#6692,#6699),.PCURVE_S1.);
#6689 = B_SPLINE_CURVE_WITH_KNOTS('',1,(#6690,#6691),.UNSPECIFIED.,.F.,
  .F.,(2,2),(368.39432384435,374.39432384435),.PIECEWISE_BEZIER_KNOTS.);
#6690 = CARTESIAN_POINT('',(-61.65660628139,16.,19.69046669896));
#6691 = CARTESIAN_POINT('',(-67.65569245232,16.,19.795181137584));
#6692 = PCURVE('',#4663,#6693);
#6693 = DEFINITIONAL_REPRESENTATION('',(#6694),#6698);
#6694 = LINE('',#6695,#6696);
#6695 = CARTESIAN_POINT('',(0.,0.));
#6696 = VECTOR('',#6697,1.);
#6697 = DIRECTION('',(0.,1.));
#6698 = ( GEOMETRIC_REPRESENTATION_CONTEXT(2) 
PARAMETRIC_REPRESENTATION_CONTEXT() REPRESENTATION_CONTEXT('2D SPACE',''
  ) );
#6699 = PCURVE('',#4663,#6700);
#6700 = DEFINITIONAL_REPRESENTATION('',(#6701),#6705);
#6701 = LINE('',#6702,#6703);
#6702 = CARTESIAN_POINT('',(6.28318530718,0.));
#6703 = VECTOR('',#6704,1.);
#6704 = DIRECTION('',(0.,1.));
#6705 = ( GEOMETRIC_REPRESENTATION_CONTEXT(2) 
PARAMETRIC_REPRESENTATION_CONTEXT() REPRESENTATION_CONTEXT('2D SPACE',''
  ) );
#6706 = ORIENTED_EDGE('',*,*,#6707,.F.);
#6707 = EDGE_CURVE('',#6708,#6686,#6710,.T.);
#6708 = VERTEX_POINT('',#6709);
#6709 = CARTESIAN_POINT('',(-61.77877312645,16.,12.691532832865));
#6710 = SURFACE_CURVE('',#6711,(#6716,#6723),.PCURVE_S1.);
#6711 = CIRCLE('',#6712,3.5);
#6712 = AXIS2_PLACEMENT_3D('',#6713,#6714,#6715);
#6713 = CARTESIAN_POINT('',(-61.71768970392,16.,16.190999765913));
#6714 = DIRECTION('',(0.999847695156,1.068651684042E-18,
    -1.745240643728E-02));
#6715 = DIRECTION('',(-1.745240643728E-02,0.,-0.999847695156));
#6716 = PCURVE('',#4663,#6717);
#6717 = DEFINITIONAL_REPRESENTATION('',(#6718),#6722);
#6718 = LINE('',#6719,#6720);
#6719 = CARTESIAN_POINT('',(3.14159265359,368.39432384435));
#6720 = VECTOR('',#6721,1.);
#6721 = DIRECTION('',(-1.,0.));
#6722 = ( GEOMETRIC_REPRESENTATION_CONTEXT(2) 
PARAMETRIC_REPRESENTATION_CONTEXT() REPRESENTATION_CONTEXT('2D SPACE',''
  ) );
#6723 = PCURVE('',#3626,#6724);
#6724 = DEFINITIONAL_REPRESENTATION('',(#6725),#6729);
#6725 = CIRCLE('',#6726,3.5);
#6726 = AXIS2_PLACEMENT_2D('',#6727,#6728);
#6727 = CARTESIAN_POINT('',(32.,-32.));
#6728 = DIRECTION('',(-7.824090399073E-35,-1.));
#6729 = ( GEOMETRIC_REPRESENTATION_CONTEXT(2) 
PARAMETRIC_REPRESENTATION_CONTEXT() REPRESENTATION_CONTEXT('2D SPACE',''
  ) );
#6730 = ORIENTED_EDGE('',*,*,#6731,.F.);
#6731 = EDGE_CURVE('',#6686,#6708,#6732,.T.);
#6732 = SURFACE_CURVE('',#6733,(#6738,#6745),.PCURVE_S1.);
#6733 = CIRCLE('',#6734,3.5);
#6734 = AXIS2_PLACEMENT_3D('',#6735,#6736,#6737);
#6735 = CARTESIAN_POINT('',(-61.71768970392,16.,16.190999765913));
#6736 = DIRECTION('',(0.999847695156,1.068651684042E-18,
    -1.745240643728E-02));
#6737 = DIRECTION('',(-1.745240643728E-02,0.,-0.999847695156));
#6738 = PCURVE('',#4663,#6739);
#6739 = DEFINITIONAL_REPRESENTATION('',(#6740),#6744);
#6740 = LINE('',#6741,#6742);
#6741 = CARTESIAN_POINT('',(9.424777960769,368.39432384435));
#6742 = VECTOR('',#6743,1.);
#6743 = DIRECTION('',(-1.,0.));
#6744 = ( GEOMETRIC_REPRESENTATION_CONTEXT(2) 
PARAMETRIC_REPRESENTATION_CONTEXT() REPRESENTATION_CONTEXT('2D SPACE',''
  ) );
#6745 = PCURVE('',#3626,#6746);
#6746 = DEFINITIONAL_REPRESENTATION('',(#6747),#6751);
#6747 = CIRCLE('',#6748,3.5);
#6748 = AXIS2_PLACEMENT_2D('',#6749,#6750);
#6749 = CARTESIAN_POINT('',(32.,-32.));
#6750 = DIRECTION('',(-7.824090399073E-35,-1.));
#6751 = ( GEOMETRIC_REPRESENTATION_CONTEXT(2) 
PARAMETRIC_REPRESENTATION_CONTEXT() REPRESENTATION_CONTEXT('2D SPACE',''
  ) );
#6752 = ORIENTED_EDGE('',*,*,#6685,.T.);
#6753 = ADVANCED_FACE('',(#6754,#6757),#3626,.F.);
#6754 = FACE_BOUND('',#6755,.T.);
#6755 = EDGE_LOOP('',(#6756));
#6756 = ORIENTED_EDGE('',*,*,#3604,.T.);
#6757 = FACE_BOUND('',#6758,.T.);
#6758 = EDGE_LOOP('',(#6759,#6760));
#6759 = ORIENTED_EDGE('',*,*,#6707,.F.);
#6760 = ORIENTED_EDGE('',*,*,#6731,.F.);
#6761 = ADVANCED_FACE('',(#6762),#4632,.F.);
#6762 = FACE_BOUND('',#6763,.F.);
#6763 = EDGE_LOOP('',(#6764,#6765,#6787,#6811,#6833));
#6764 = ORIENTED_EDGE('',*,*,#4615,.F.);
#6765 = ORIENTED_EDGE('',*,*,#6766,.F.);
#6766 = EDGE_CURVE('',#6767,#4616,#6769,.T.);
#6767 = VERTEX_POINT('',#6768);
#6768 = CARTESIAN_POINT('',(-61.65660628139,-16.,19.69046669896));
#6769 = SEAM_CURVE('',#6770,(#6773,#6780),.PCURVE_S1.);
#6770 = B_SPLINE_CURVE_WITH_KNOTS('',1,(#6771,#6772),.UNSPECIFIED.,.F.,
  .F.,(2,2),(368.39432384435,374.39432384435),.PIECEWISE_BEZIER_KNOTS.);
#6771 = CARTESIAN_POINT('',(-61.65660628139,-16.,19.69046669896));
#6772 = CARTESIAN_POINT('',(-67.65569245232,-16.,19.795181137584));
#6773 = PCURVE('',#4632,#6774);
#6774 = DEFINITIONAL_REPRESENTATION('',(#6775),#6779);
#6775 = LINE('',#6776,#6777);
#6776 = CARTESIAN_POINT('',(0.,0.));
#6777 = VECTOR('',#6778,1.);
#6778 = DIRECTION('',(0.,1.));
#6779 = ( GEOMETRIC_REPRESENTATION_CONTEXT(2) 
PARAMETRIC_REPRESENTATION_CONTEXT() REPRESENTATION_CONTEXT('2D SPACE',''
  ) );
#6780 = PCURVE('',#4632,#6781);
#6781 = DEFINITIONAL_REPRESENTATION('',(#6782),#6786);
#6782 = LINE('',#6783,#6784);
#6783 = CARTESIAN_POINT('',(6.28318530718,0.));
#6784 = VECTOR('',#6785,1.);
#6785 = DIRECTION('',(0.,1.));
#6786 = ( GEOMETRIC_REPRESENTATION_CONTEXT(2) 
PARAMETRIC_REPRESENTATION_CONTEXT() REPRESENTATION_CONTEXT('2D SPACE',''
  ) );
#6787 = ORIENTED_EDGE('',*,*,#6788,.F.);
#6788 = EDGE_CURVE('',#6789,#6767,#6791,.T.);
#6789 = VERTEX_POINT('',#6790);
#6790 = CARTESIAN_POINT('',(-61.77877312645,-16.,12.691532832865));
#6791 = SURFACE_CURVE('',#6792,(#6797,#6804),.PCURVE_S1.);
#6792 = CIRCLE('',#6793,3.5);
#6793 = AXIS2_PLACEMENT_3D('',#6794,#6795,#6796);
#6794 = CARTESIAN_POINT('',(-61.71768970392,-16.,16.190999765913));
#6795 = DIRECTION('',(0.999847695156,1.068651684042E-18,
    -1.745240643728E-02));
#6796 = DIRECTION('',(-1.745240643728E-02,0.,-0.999847695156));
#6797 = PCURVE('',#4632,#6798);
#6798 = DEFINITIONAL_REPRESENTATION('',(#6799),#6803);
#6799 = LINE('',#6800,#6801);
#6800 = CARTESIAN_POINT('',(3.14159265359,368.39432384435));
#6801 = VECTOR('',#6802,1.);
#6802 = DIRECTION('',(-1.,0.));
#6803 = ( GEOMETRIC_REPRESENTATION_CONTEXT(2) 
PARAMETRIC_REPRESENTATION_CONTEXT() REPRESENTATION_CONTEXT('2D SPACE',''
  ) );
#6804 = PCURVE('',#3732,#6805);
#6805 = DEFINITIONAL_REPRESENTATION('',(#6806),#6810);
#6806 = CIRCLE('',#6807,3.5);
#6807 = AXIS2_PLACEMENT_2D('',#6808,#6809);
#6808 = CARTESIAN_POINT('',(-1.251854463852E-33,-32.));
#6809 = DIRECTION('',(-7.824090399073E-35,-1.));
#6810 = ( GEOMETRIC_REPRESENTATION_CONTEXT(2) 
PARAMETRIC_REPRESENTATION_CONTEXT() REPRESENTATION_CONTEXT('2D SPACE',''
  ) );
#6811 = ORIENTED_EDGE('',*,*,#6812,.F.);
#6812 = EDGE_CURVE('',#6767,#6789,#6813,.T.);
#6813 = SURFACE_CURVE('',#6814,(#6819,#6826),.PCURVE_S1.);
#6814 = CIRCLE('',#6815,3.5);
#6815 = AXIS2_PLACEMENT_3D('',#6816,#6817,#6818);
#6816 = CARTESIAN_POINT('',(-61.71768970392,-16.,16.190999765913));
#6817 = DIRECTION('',(0.999847695156,1.068651684042E-18,
    -1.745240643728E-02));
#6818 = DIRECTION('',(-1.745240643728E-02,0.,-0.999847695156));
#6819 = PCURVE('',#4632,#6820);
#6820 = DEFINITIONAL_REPRESENTATION('',(#6821),#6825);
#6821 = LINE('',#6822,#6823);
#6822 = CARTESIAN_POINT('',(9.424777960769,368.39432384435));
#6823 = VECTOR('',#6824,1.);
#6824 = DIRECTION('',(-1.,0.));
#6825 = ( GEOMETRIC_REPRESENTATION_CONTEXT(2) 
PARAMETRIC_REPRESENTATION_CONTEXT() REPRESENTATION_CONTEXT('2D SPACE',''
  ) );
#6826 = PCURVE('',#3732,#6827);
#6827 = DEFINITIONAL_REPRESENTATION('',(#6828),#6832);
#6828 = CIRCLE('',#6829,3.5);
#6829 = AXIS2_PLACEMENT_2D('',#6830,#6831);
#6830 = CARTESIAN_POINT('',(-1.251854463852E-33,-32.));
#6831 = DIRECTION('',(-7.824090399073E-35,-1.));
#6832 = ( GEOMETRIC_REPRESENTATION_CONTEXT(2) 
PARAMETRIC_REPRESENTATION_CONTEXT() REPRESENTATION_CONTEXT('2D SPACE',''
  ) );
#6833 = ORIENTED_EDGE('',*,*,#6766,.T.);
#6834 = ADVANCED_FACE('',(#6835,#6838),#3732,.F.);
#6835 = FACE_BOUND('',#6836,.T.);
#6836 = EDGE_LOOP('',(#6837));
#6837 = ORIENTED_EDGE('',*,*,#3710,.T.);
#6838 = FACE_BOUND('',#6839,.T.);
#6839 = EDGE_LOOP('',(#6840,#6841));
#6840 = ORIENTED_EDGE('',*,*,#6788,.F.);
#6841 = ORIENTED_EDGE('',*,*,#6812,.F.);
#6842 = ADVANCED_FACE('',(#6843),#4601,.F.);
#6843 = FACE_BOUND('',#6844,.F.);
#6844 = EDGE_LOOP('',(#6845,#6846,#6868,#6892,#6914));
#6845 = ORIENTED_EDGE('',*,*,#4584,.F.);
#6846 = ORIENTED_EDGE('',*,*,#6847,.F.);
#6847 = EDGE_CURVE('',#6848,#4585,#6850,.T.);
#6848 = VERTEX_POINT('',#6849);
#6849 = CARTESIAN_POINT('',(-61.09812927539,-16.,51.685592943964));
#6850 = SEAM_CURVE('',#6851,(#6854,#6861),.PCURVE_S1.);
#6851 = B_SPLINE_CURVE_WITH_KNOTS('',1,(#6852,#6853),.UNSPECIFIED.,.F.,
  .F.,(2,2),(368.39432384435,374.39432384435),.PIECEWISE_BEZIER_KNOTS.);
#6852 = CARTESIAN_POINT('',(-61.09812927539,-16.,51.685592943964));
#6853 = CARTESIAN_POINT('',(-67.09721544633,-16.,51.790307382588));
#6854 = PCURVE('',#4601,#6855);
#6855 = DEFINITIONAL_REPRESENTATION('',(#6856),#6860);
#6856 = LINE('',#6857,#6858);
#6857 = CARTESIAN_POINT('',(0.,0.));
#6858 = VECTOR('',#6859,1.);
#6859 = DIRECTION('',(0.,1.));
#6860 = ( GEOMETRIC_REPRESENTATION_CONTEXT(2) 
PARAMETRIC_REPRESENTATION_CONTEXT() REPRESENTATION_CONTEXT('2D SPACE',''
  ) );
#6861 = PCURVE('',#4601,#6862);
#6862 = DEFINITIONAL_REPRESENTATION('',(#6863),#6867);
#6863 = LINE('',#6864,#6865);
#6864 = CARTESIAN_POINT('',(6.28318530718,0.));
#6865 = VECTOR('',#6866,1.);
#6866 = DIRECTION('',(0.,1.));
#6867 = ( GEOMETRIC_REPRESENTATION_CONTEXT(2) 
PARAMETRIC_REPRESENTATION_CONTEXT() REPRESENTATION_CONTEXT('2D SPACE',''
  ) );
#6868 = ORIENTED_EDGE('',*,*,#6869,.F.);
#6869 = EDGE_CURVE('',#6870,#6848,#6872,.T.);
#6870 = VERTEX_POINT('',#6871);
#6871 = CARTESIAN_POINT('',(-61.22029612045,-16.,44.68665907787));
#6872 = SURFACE_CURVE('',#6873,(#6878,#6885),.PCURVE_S1.);
#6873 = CIRCLE('',#6874,3.5);
#6874 = AXIS2_PLACEMENT_3D('',#6875,#6876,#6877);
#6875 = CARTESIAN_POINT('',(-61.15921269792,-16.,48.186126010917));
#6876 = DIRECTION('',(0.999847695156,1.068651684042E-18,
    -1.745240643728E-02));
#6877 = DIRECTION('',(-1.745240643728E-02,0.,-0.999847695156));
#6878 = PCURVE('',#4601,#6879);
#6879 = DEFINITIONAL_REPRESENTATION('',(#6880),#6884);
#6880 = LINE('',#6881,#6882);
#6881 = CARTESIAN_POINT('',(3.14159265359,368.39432384435));
#6882 = VECTOR('',#6883,1.);
#6883 = DIRECTION('',(-1.,0.));
#6884 = ( GEOMETRIC_REPRESENTATION_CONTEXT(2) 
PARAMETRIC_REPRESENTATION_CONTEXT() REPRESENTATION_CONTEXT('2D SPACE',''
  ) );
#6885 = PCURVE('',#4290,#6886);
#6886 = DEFINITIONAL_REPRESENTATION('',(#6887),#6891);
#6887 = CIRCLE('',#6888,3.5);
#6888 = AXIS2_PLACEMENT_2D('',#6889,#6890);
#6889 = CARTESIAN_POINT('',(0.,0.));
#6890 = DIRECTION('',(-7.824090399073E-35,-1.));
#6891 = ( GEOMETRIC_REPRESENTATION_CONTEXT(2) 
PARAMETRIC_REPRESENTATION_CONTEXT() REPRESENTATION_CONTEXT('2D SPACE',''
  ) );
#6892 = ORIENTED_EDGE('',*,*,#6893,.F.);
#6893 = EDGE_CURVE('',#6848,#6870,#6894,.T.);
#6894 = SURFACE_CURVE('',#6895,(#6900,#6907),.PCURVE_S1.);
#6895 = CIRCLE('',#6896,3.5);
#6896 = AXIS2_PLACEMENT_3D('',#6897,#6898,#6899);
#6897 = CARTESIAN_POINT('',(-61.15921269792,-16.,48.186126010917));
#6898 = DIRECTION('',(0.999847695156,1.068651684042E-18,
    -1.745240643728E-02));
#6899 = DIRECTION('',(-1.745240643728E-02,0.,-0.999847695156));
#6900 = PCURVE('',#4601,#6901);
#6901 = DEFINITIONAL_REPRESENTATION('',(#6902),#6906);
#6902 = LINE('',#6903,#6904);
#6903 = CARTESIAN_POINT('',(9.424777960769,368.39432384435));
#6904 = VECTOR('',#6905,1.);
#6905 = DIRECTION('',(-1.,0.));
#6906 = ( GEOMETRIC_REPRESENTATION_CONTEXT(2) 
PARAMETRIC_REPRESENTATION_CONTEXT() REPRESENTATION_CONTEXT('2D SPACE',''
  ) );
#6907 = PCURVE('',#4290,#6908);
#6908 = DEFINITIONAL_REPRESENTATION('',(#6909),#6913);
#6909 = CIRCLE('',#6910,3.5);
#6910 = AXIS2_PLACEMENT_2D('',#6911,#6912);
#6911 = CARTESIAN_POINT('',(0.,0.));
#6912 = DIRECTION('',(-7.824090399073E-35,-1.));
#6913 = ( GEOMETRIC_REPRESENTATION_CONTEXT(2) 
PARAMETRIC_REPRESENTATION_CONTEXT() REPRESENTATION_CONTEXT('2D SPACE',''
  ) );
#6914 = ORIENTED_EDGE('',*,*,#6847,.T.);
#6915 = ADVANCED_FACE('',(#6916,#6919),#4290,.F.);
#6916 = FACE_BOUND('',#6917,.T.);
#6917 = EDGE_LOOP('',(#6918));
#6918 = ORIENTED_EDGE('',*,*,#4268,.T.);
#6919 = FACE_BOUND('',#6920,.T.);
#6920 = EDGE_LOOP('',(#6921,#6922));
#6921 = ORIENTED_EDGE('',*,*,#6869,.F.);
#6922 = ORIENTED_EDGE('',*,*,#6893,.F.);
#6923 = ADVANCED_FACE('',(#6924),#5008,.T.);
#6924 = FACE_BOUND('',#6925,.T.);
#6925 = EDGE_LOOP('',(#6926,#6927,#6928,#6929));
#6926 = ORIENTED_EDGE('',*,*,#5712,.F.);
#6927 = ORIENTED_EDGE('',*,*,#5044,.F.);
#6928 = ORIENTED_EDGE('',*,*,#6021,.T.);
#6929 = ORIENTED_EDGE('',*,*,#4987,.F.);
#6930 = ADVANCED_FACE('',(#6931),#5163,.T.);
#6931 = FACE_BOUND('',#6932,.T.);
#6932 = EDGE_LOOP('',(#6933,#6934));
#6933 = ORIENTED_EDGE('',*,*,#5142,.F.);
#6934 = ORIENTED_EDGE('',*,*,#5879,.T.);
#6935 = ADVANCED_FACE('',(#6936),#3435,.T.);
#6936 = FACE_BOUND('',#6937,.T.);
#6937 = EDGE_LOOP('',(#6938,#6959,#6960,#6981));
#6938 = ORIENTED_EDGE('',*,*,#6939,.F.);
#6939 = EDGE_CURVE('',#4510,#3385,#6940,.T.);
#6940 = SURFACE_CURVE('',#6941,(#6945,#6952),.PCURVE_S1.);
#6941 = LINE('',#6942,#6943);
#6942 = CARTESIAN_POINT('',(-67.75517116902,20.,14.096049275192));
#6943 = VECTOR('',#6944,1.);
#6944 = DIRECTION('',(0.706999085399,0.707106781187,-1.234071493983E-02)
  );
#6945 = PCURVE('',#3435,#6946);
#6946 = DEFINITIONAL_REPRESENTATION('',(#6947),#6951);
#6947 = LINE('',#6948,#6949);
#6948 = CARTESIAN_POINT('',(-12.72070929405,4.568567746333E-14));
#6949 = VECTOR('',#6950,1.);
#6950 = DIRECTION('',(-2.275957200482E-15,1.));
#6951 = ( GEOMETRIC_REPRESENTATION_CONTEXT(2) 
PARAMETRIC_REPRESENTATION_CONTEXT() REPRESENTATION_CONTEXT('2D SPACE',''
  ) );
#6952 = PCURVE('',#4549,#6953);
#6953 = DEFINITIONAL_REPRESENTATION('',(#6954),#6958);
#6954 = LINE('',#6955,#6956);
#6955 = CARTESIAN_POINT('',(1.570796326795,3.330669073875E-16));
#6956 = VECTOR('',#6957,1.);
#6957 = DIRECTION('',(-3.700743415417E-16,1.));
#6958 = ( GEOMETRIC_REPRESENTATION_CONTEXT(2) 
PARAMETRIC_REPRESENTATION_CONTEXT() REPRESENTATION_CONTEXT('2D SPACE',''
  ) );
#6959 = ORIENTED_EDGE('',*,*,#4509,.F.);
#6960 = ORIENTED_EDGE('',*,*,#6961,.F.);
#6961 = EDGE_CURVE('',#3420,#4481,#6962,.T.);
#6962 = SURFACE_CURVE('',#6963,(#6967,#6974),.PCURVE_S1.);
#6963 = LINE('',#6964,#6965);
#6964 = CARTESIAN_POINT('',(-65.92008634051,21.2,50.46956249116));
#6965 = VECTOR('',#6966,1.);
#6966 = DIRECTION('',(-0.706999085399,-0.707106781187,1.234071493983E-02
    ));
#6967 = PCURVE('',#3435,#6968);
#6968 = DEFINITIONAL_REPRESENTATION('',(#6969),#6973);
#6969 = LINE('',#6970,#6971);
#6970 = CARTESIAN_POINT('',(23.679290705941,1.697056274848));
#6971 = VECTOR('',#6972,1.);
#6972 = DIRECTION('',(-1.807581861968E-15,-1.));
#6973 = ( GEOMETRIC_REPRESENTATION_CONTEXT(2) 
PARAMETRIC_REPRESENTATION_CONTEXT() REPRESENTATION_CONTEXT('2D SPACE',''
  ) );
#6974 = PCURVE('',#4497,#6975);
#6975 = DEFINITIONAL_REPRESENTATION('',(#6976),#6980);
#6976 = LINE('',#6977,#6978);
#6977 = CARTESIAN_POINT('',(1.570796326795,1.2));
#6978 = VECTOR('',#6979,1.);
#6979 = DIRECTION('',(-1.258252761242E-14,-1.));
#6980 = ( GEOMETRIC_REPRESENTATION_CONTEXT(2) 
PARAMETRIC_REPRESENTATION_CONTEXT() REPRESENTATION_CONTEXT('2D SPACE',''
  ) );
#6981 = ORIENTED_EDGE('',*,*,#3419,.F.);
#6982 = ADVANCED_FACE('',(#6983),#4497,.T.);
#6983 = FACE_BOUND('',#6984,.T.);
#6984 = EDGE_LOOP('',(#6985,#6986,#6987,#7008));
#6985 = ORIENTED_EDGE('',*,*,#6961,.T.);
#6986 = ORIENTED_EDGE('',*,*,#4480,.F.);
#6987 = ORIENTED_EDGE('',*,*,#6988,.F.);
#6988 = EDGE_CURVE('',#3270,#4458,#6989,.T.);
#6989 = SURFACE_CURVE('',#6990,(#6994,#7001),.PCURVE_S1.);
#6990 = LINE('',#6991,#6992);
#6991 = CARTESIAN_POINT('',(-65.8677291212,18.2,53.469105576629));
#6992 = VECTOR('',#6993,1.);
#6993 = DIRECTION('',(-0.719339800339,0.,-0.694658370459));
#6994 = PCURVE('',#4497,#6995);
#6995 = DEFINITIONAL_REPRESENTATION('',(#6996),#7000);
#6996 = LINE('',#6997,#6998);
#6997 = CARTESIAN_POINT('',(3.14159265359,1.2));
#6998 = VECTOR('',#6999,1.);
#6999 = DIRECTION('',(0.,-1.));
#7000 = ( GEOMETRIC_REPRESENTATION_CONTEXT(2) 
PARAMETRIC_REPRESENTATION_CONTEXT() REPRESENTATION_CONTEXT('2D SPACE',''
  ) );
#7001 = PCURVE('',#3320,#7002);
#7002 = DEFINITIONAL_REPRESENTATION('',(#7003),#7007);
#7003 = LINE('',#7004,#7005);
#7004 = CARTESIAN_POINT('',(-18.2,6.099288361733E-14));
#7005 = VECTOR('',#7006,1.);
#7006 = DIRECTION('',(-2.321609170668E-16,1.));
#7007 = ( GEOMETRIC_REPRESENTATION_CONTEXT(2) 
PARAMETRIC_REPRESENTATION_CONTEXT() REPRESENTATION_CONTEXT('2D SPACE',''
  ) );
#7008 = ORIENTED_EDGE('',*,*,#6576,.T.);
#7009 = ADVANCED_FACE('',(#7010),#4549,.T.);
#7010 = FACE_BOUND('',#7011,.T.);
#7011 = EDGE_LOOP('',(#7012,#7013,#7014,#7035));
#7012 = ORIENTED_EDGE('',*,*,#6939,.T.);
#7013 = ORIENTED_EDGE('',*,*,#6548,.T.);
#7014 = ORIENTED_EDGE('',*,*,#7015,.F.);
#7015 = EDGE_CURVE('',#4533,#3530,#7016,.T.);
#7016 = SURFACE_CURVE('',#7017,(#7021,#7028),.PCURVE_S1.);
#7017 = LINE('',#7018,#7019);
#7018 = CARTESIAN_POINT('',(-67.7865855006,18.2,12.296323423911));
#7019 = VECTOR('',#7020,1.);
#7020 = DIRECTION('',(0.694658370459,0.,-0.719339800339));
#7021 = PCURVE('',#4549,#7022);
#7022 = DEFINITIONAL_REPRESENTATION('',(#7023),#7027);
#7023 = LINE('',#7024,#7025);
#7024 = CARTESIAN_POINT('',(0.,4.773959005888E-15));
#7025 = VECTOR('',#7026,1.);
#7026 = DIRECTION('',(0.,1.));
#7027 = ( GEOMETRIC_REPRESENTATION_CONTEXT(2) 
PARAMETRIC_REPRESENTATION_CONTEXT() REPRESENTATION_CONTEXT('2D SPACE',''
  ) );
#7028 = PCURVE('',#3545,#7029);
#7029 = DEFINITIONAL_REPRESENTATION('',(#7030),#7034);
#7030 = LINE('',#7031,#7032);
#7031 = CARTESIAN_POINT('',(18.2,-1.642214651215E-15));
#7032 = VECTOR('',#7033,1.);
#7033 = DIRECTION('',(2.306496153617E-16,1.));
#7034 = ( GEOMETRIC_REPRESENTATION_CONTEXT(2) 
PARAMETRIC_REPRESENTATION_CONTEXT() REPRESENTATION_CONTEXT('2D SPACE',''
  ) );
#7035 = ORIENTED_EDGE('',*,*,#4532,.F.);
#7036 = ADVANCED_FACE('',(#7037),#3320,.F.);
#7037 = FACE_BOUND('',#7038,.T.);
#7038 = EDGE_LOOP('',(#7039,#7040,#7041,#7062));
#7039 = ORIENTED_EDGE('',*,*,#6988,.T.);
#7040 = ORIENTED_EDGE('',*,*,#4457,.F.);
#7041 = ORIENTED_EDGE('',*,*,#7042,.F.);
#7042 = EDGE_CURVE('',#3305,#4429,#7043,.T.);
#7043 = SURFACE_CURVE('',#7044,(#7048,#7055),.PCURVE_S1.);
#7044 = LINE('',#7045,#7046);
#7045 = CARTESIAN_POINT('',(-65.8677291212,-18.2,53.469105576629));
#7046 = VECTOR('',#7047,1.);
#7047 = DIRECTION('',(-0.719339800339,0.,-0.694658370459));
#7048 = PCURVE('',#3320,#7049);
#7049 = DEFINITIONAL_REPRESENTATION('',(#7050),#7054);
#7050 = LINE('',#7051,#7052);
#7051 = CARTESIAN_POINT('',(18.2,4.225328690615E-15));
#7052 = VECTOR('',#7053,1.);
#7053 = DIRECTION('',(-2.321609170668E-16,1.));
#7054 = ( GEOMETRIC_REPRESENTATION_CONTEXT(2) 
PARAMETRIC_REPRESENTATION_CONTEXT() REPRESENTATION_CONTEXT('2D SPACE',''
  ) );
#7055 = PCURVE('',#4445,#7056);
#7056 = DEFINITIONAL_REPRESENTATION('',(#7057),#7061);
#7057 = LINE('',#7058,#7059);
#7058 = CARTESIAN_POINT('',(3.14159265359,1.2));
#7059 = VECTOR('',#7060,1.);
#7060 = DIRECTION('',(0.,-1.));
#7061 = ( GEOMETRIC_REPRESENTATION_CONTEXT(2) 
PARAMETRIC_REPRESENTATION_CONTEXT() REPRESENTATION_CONTEXT('2D SPACE',''
  ) );
#7062 = ORIENTED_EDGE('',*,*,#3304,.F.);
#7063 = ADVANCED_FACE('',(#7064),#3545,.T.);
#7064 = FACE_BOUND('',#7065,.T.);
#7065 = EDGE_LOOP('',(#7066,#7067,#7068,#7089));
#7066 = ORIENTED_EDGE('',*,*,#7015,.T.);
#7067 = ORIENTED_EDGE('',*,*,#3529,.F.);
#7068 = ORIENTED_EDGE('',*,*,#7069,.F.);
#7069 = EDGE_CURVE('',#4375,#3495,#7070,.T.);
#7070 = SURFACE_CURVE('',#7071,(#7075,#7082),.PCURVE_S1.);
#7071 = LINE('',#7072,#7073);
#7072 = CARTESIAN_POINT('',(-67.7865855006,-18.2,12.296323423911));
#7073 = VECTOR('',#7074,1.);
#7074 = DIRECTION('',(0.694658370459,0.,-0.719339800339));
#7075 = PCURVE('',#3545,#7076);
#7076 = DEFINITIONAL_REPRESENTATION('',(#7077),#7081);
#7077 = LINE('',#7078,#7079);
#7078 = CARTESIAN_POINT('',(-18.2,1.642214651215E-15));
#7079 = VECTOR('',#7080,1.);
#7080 = DIRECTION('',(2.306496153617E-16,1.));
#7081 = ( GEOMETRIC_REPRESENTATION_CONTEXT(2) 
PARAMETRIC_REPRESENTATION_CONTEXT() REPRESENTATION_CONTEXT('2D SPACE',''
  ) );
#7082 = PCURVE('',#4393,#7083);
#7083 = DEFINITIONAL_REPRESENTATION('',(#7084),#7088);
#7084 = LINE('',#7085,#7086);
#7085 = CARTESIAN_POINT('',(6.28318530718,4.773959005888E-15));
#7086 = VECTOR('',#7087,1.);
#7087 = DIRECTION('',(0.,1.));
#7088 = ( GEOMETRIC_REPRESENTATION_CONTEXT(2) 
PARAMETRIC_REPRESENTATION_CONTEXT() REPRESENTATION_CONTEXT('2D SPACE',''
  ) );
#7089 = ORIENTED_EDGE('',*,*,#4561,.F.);
#7090 = ADVANCED_FACE('',(#7091),#4445,.T.);
#7091 = FACE_BOUND('',#7092,.T.);
#7092 = EDGE_LOOP('',(#7093,#7094,#7095,#7116));
#7093 = ORIENTED_EDGE('',*,*,#7042,.T.);
#7094 = ORIENTED_EDGE('',*,*,#4428,.F.);
#7095 = ORIENTED_EDGE('',*,*,#7096,.F.);
#7096 = EDGE_CURVE('',#4164,#4406,#7097,.T.);
#7097 = SURFACE_CURVE('',#7098,(#7102,#7109),.PCURVE_S1.);
#7098 = LINE('',#7099,#7100);
#7099 = CARTESIAN_POINT('',(-65.92008634051,-21.2,50.46956249116));
#7100 = VECTOR('',#7101,1.);
#7101 = DIRECTION('',(-0.706999085399,0.707106781187,1.234071493983E-02)
  );
#7102 = PCURVE('',#4445,#7103);
#7103 = DEFINITIONAL_REPRESENTATION('',(#7104),#7108);
#7104 = LINE('',#7105,#7106);
#7105 = CARTESIAN_POINT('',(4.712388980385,1.2));
#7106 = VECTOR('',#7107,1.);
#7107 = DIRECTION('',(1.33226762955E-14,-1.));
#7108 = ( GEOMETRIC_REPRESENTATION_CONTEXT(2) 
PARAMETRIC_REPRESENTATION_CONTEXT() REPRESENTATION_CONTEXT('2D SPACE',''
  ) );
#7109 = PCURVE('',#4209,#7110);
#7110 = DEFINITIONAL_REPRESENTATION('',(#7111),#7115);
#7111 = LINE('',#7112,#7113);
#7112 = CARTESIAN_POINT('',(-18.2,3.408384685599E-14));
#7113 = VECTOR('',#7114,1.);
#7114 = DIRECTION('',(1.091141066389E-15,1.));
#7115 = ( GEOMETRIC_REPRESENTATION_CONTEXT(2) 
PARAMETRIC_REPRESENTATION_CONTEXT() REPRESENTATION_CONTEXT('2D SPACE',''
  ) );
#7116 = ORIENTED_EDGE('',*,*,#6492,.T.);
#7117 = ADVANCED_FACE('',(#7118),#4393,.T.);
#7118 = FACE_BOUND('',#7119,.T.);
#7119 = EDGE_LOOP('',(#7120,#7121,#7122,#7143));
#7120 = ORIENTED_EDGE('',*,*,#7069,.T.);
#7121 = ORIENTED_EDGE('',*,*,#6520,.T.);
#7122 = ORIENTED_EDGE('',*,*,#7123,.F.);
#7123 = EDGE_CURVE('',#4377,#4194,#7124,.T.);
#7124 = SURFACE_CURVE('',#7125,(#7129,#7136),.PCURVE_S1.);
#7125 = LINE('',#7126,#7127);
#7126 = CARTESIAN_POINT('',(-67.75517116902,-20.,14.096049275192));
#7127 = VECTOR('',#7128,1.);
#7128 = DIRECTION('',(0.706999085399,-0.707106781187,-1.234071493983E-02
    ));
#7129 = PCURVE('',#4393,#7130);
#7130 = DEFINITIONAL_REPRESENTATION('',(#7131),#7135);
#7131 = LINE('',#7132,#7133);
#7132 = CARTESIAN_POINT('',(4.712388980385,3.330669073875E-16));
#7133 = VECTOR('',#7134,1.);
#7134 = DIRECTION('',(-7.401486830835E-16,1.));
#7135 = ( GEOMETRIC_REPRESENTATION_CONTEXT(2) 
PARAMETRIC_REPRESENTATION_CONTEXT() REPRESENTATION_CONTEXT('2D SPACE',''
  ) );
#7136 = PCURVE('',#4209,#7137);
#7137 = DEFINITIONAL_REPRESENTATION('',(#7138),#7142);
#7138 = LINE('',#7139,#7140);
#7139 = CARTESIAN_POINT('',(18.2,1.697056274848));
#7140 = VECTOR('',#7141,1.);
#7141 = DIRECTION('',(6.210310043997E-16,-1.));
#7142 = ( GEOMETRIC_REPRESENTATION_CONTEXT(2) 
PARAMETRIC_REPRESENTATION_CONTEXT() REPRESENTATION_CONTEXT('2D SPACE',''
  ) );
#7143 = ORIENTED_EDGE('',*,*,#4374,.F.);
#7144 = ADVANCED_FACE('',(#7145),#4209,.F.);
#7145 = FACE_BOUND('',#7146,.T.);
#7146 = EDGE_LOOP('',(#7147,#7148,#7149,#7150));
#7147 = ORIENTED_EDGE('',*,*,#7096,.T.);
#7148 = ORIENTED_EDGE('',*,*,#4405,.F.);
#7149 = ORIENTED_EDGE('',*,*,#7123,.T.);
#7150 = ORIENTED_EDGE('',*,*,#4193,.F.);
#7151 = ADVANCED_FACE('',(#7152),#7167,.T.);
#7152 = FACE_BOUND('',#7153,.T.);
#7153 = EDGE_LOOP('',(#7154,#7208,#7232,#7256));
#7154 = ORIENTED_EDGE('',*,*,#7155,.T.);
#7155 = EDGE_CURVE('',#7156,#7158,#7160,.T.);
#7156 = VERTEX_POINT('',#7157);
#7157 = CARTESIAN_POINT('',(-64.08673850457,-0.8,36.526637806437));
#7158 = VERTEX_POINT('',#7159);
#7159 = CARTESIAN_POINT('',(-63.4155840231,-0.8,36.276859838213));
#7160 = SURFACE_CURVE('',#7161,(#7166,#7179),.PCURVE_S1.);
#7161 = B_SPLINE_CURVE_WITH_KNOTS('',3,(#7162,#7163,#7164,#7165),
  .UNSPECIFIED.,.F.,.F.,(4,4),(1.387778780781E-17,7.324741426874E-04),
  .PIECEWISE_BEZIER_KNOTS.);
#7162 = CARTESIAN_POINT('',(-64.08673850457,-0.8,36.526637806437));
#7163 = CARTESIAN_POINT('',(-63.84070097619,-0.8,36.522343205404));
#7164 = CARTESIAN_POINT('',(-63.58448605057,-0.8,36.457892523088));
#7165 = CARTESIAN_POINT('',(-63.4155840231,-0.8,36.276859838213));
#7166 = PCURVE('',#7167,#7172);
#7167 = PLANE('',#7168);
#7168 = AXIS2_PLACEMENT_3D('',#7169,#7170,#7171);
#7169 = CARTESIAN_POINT('',(-68.80043163739,-0.8,38.273221535478));
#7170 = DIRECTION('',(-8.339019854371E-20,-1.,-6.600976123232E-17));
#7171 = DIRECTION('',(0.,6.600976123232E-17,-1.));
#7172 = DEFINITIONAL_REPRESENTATION('',(#7173),#7178);
#7173 = B_SPLINE_CURVE_WITH_KNOTS('',3,(#7174,#7175,#7176,#7177),
  .UNSPECIFIED.,.F.,.F.,(4,4),(1.387778780781E-17,7.324741426874E-04),
  .PIECEWISE_BEZIER_KNOTS.);
#7174 = CARTESIAN_POINT('',(1.746583729042,4.713693132822));
#7175 = CARTESIAN_POINT('',(1.750878330074,4.959730661201));
#7176 = CARTESIAN_POINT('',(1.81532901239,5.215945586821));
#7177 = CARTESIAN_POINT('',(1.996361697265,5.384847614292));
#7178 = ( GEOMETRIC_REPRESENTATION_CONTEXT(2) 
PARAMETRIC_REPRESENTATION_CONTEXT() REPRESENTATION_CONTEXT('2D SPACE',''
  ) );
#7179 = PCURVE('',#764,#7180);
#7180 = DEFINITIONAL_REPRESENTATION('',(#7181),#7207);
#7181 = B_SPLINE_CURVE_WITH_KNOTS('',3,(#7182,#7183,#7184,#7185,#7186,
    #7187,#7188,#7189,#7190,#7191,#7192,#7193,#7194,#7195,#7196,#7197,
    #7198,#7199,#7200,#7201,#7202,#7203,#7204,#7205,#7206),
  .UNSPECIFIED.,.F.,.F.,(4,1,1,1,1,1,1,1,1,1,1,1,1,1,1,1,1,1,1,1,1,1,4),
  (1.387778780781E-17,3.329427921308E-05,6.658855842614E-05,
    9.98828376392E-05,1.331771168523E-04,1.664713960653E-04,
    1.997656752784E-04,2.330599544915E-04,2.663542337045E-04,
    2.996485129176E-04,3.329427921306E-04,3.662370713437E-04,
    3.995313505568E-04,4.328256297698E-04,4.661199089829E-04,
    4.99414188196E-04,5.32708467409E-04,5.660027466221E-04,
    5.992970258352E-04,6.325913050482E-04,6.658855842613E-04,
    6.991798634743E-04,7.324741426874E-04),.QUASI_UNIFORM_KNOTS.);
#7182 = CARTESIAN_POINT('',(2.533784368358E-02,0.999872332411));
#7183 = CARTESIAN_POINT('',(2.533032413674E-02,0.995471823171));
#7184 = CARTESIAN_POINT('',(2.531537991075E-02,0.986632068348));
#7185 = CARTESIAN_POINT('',(2.529330222437E-02,0.973264021372));
#7186 = CARTESIAN_POINT('',(2.5271617221E-02,0.95979570273));
#7187 = CARTESIAN_POINT('',(2.525037899806E-02,0.946234034725));
#7188 = CARTESIAN_POINT('',(2.522964169226E-02,0.93258514394));
#7189 = CARTESIAN_POINT('',(2.52094594834E-02,0.918854252148));
#7190 = CARTESIAN_POINT('',(2.518988659085E-02,0.905045710703));
#7191 = CARTESIAN_POINT('',(2.517097727307E-02,0.891162996887));
#7192 = CARTESIAN_POINT('',(2.515278582734E-02,0.877208720882));
#7193 = CARTESIAN_POINT('',(2.513536659036E-02,0.863184630367));
#7194 = CARTESIAN_POINT('',(2.511877393938E-02,0.849091616248));
#7195 = CARTESIAN_POINT('',(2.510306229385E-02,0.834929718606));
#7196 = CARTESIAN_POINT('',(2.50882861175E-02,0.820698133164));
#7197 = CARTESIAN_POINT('',(2.507449992058E-02,0.806395218209));
#7198 = CARTESIAN_POINT('',(2.506175826234E-02,0.792018502128));
#7199 = CARTESIAN_POINT('',(2.505011575345E-02,0.777564691405));
#7200 = CARTESIAN_POINT('',(2.503962705842E-02,0.763029679969));
#7201 = CARTESIAN_POINT('',(2.503034689808E-02,0.748408557165));
#7202 = CARTESIAN_POINT('',(2.502233005119E-02,0.733695625288));
#7203 = CARTESIAN_POINT('',(2.501563135887E-02,0.71888438675));
#7204 = CARTESIAN_POINT('',(2.501030571819E-02,0.703967651206));
#7205 = CARTESIAN_POINT('',(2.500770731671E-02,0.693947352471));
#7206 = CARTESIAN_POINT('',(2.500665528257E-02,0.688916930571));
#7207 = ( GEOMETRIC_REPRESENTATION_CONTEXT(2) 
PARAMETRIC_REPRESENTATION_CONTEXT() REPRESENTATION_CONTEXT('2D SPACE',''
  ) );
#7208 = ORIENTED_EDGE('',*,*,#7209,.T.);
#7209 = EDGE_CURVE('',#7158,#7210,#7212,.T.);
#7210 = VERTEX_POINT('',#7211);
#7211 = CARTESIAN_POINT('',(-61.59652339682,-0.8,38.246821568411));
#7212 = SURFACE_CURVE('',#7213,(#7218,#7226),.PCURVE_S1.);
#7213 = B_SPLINE_CURVE_WITH_KNOTS('',3,(#7214,#7215,#7216,#7217),
  .UNSPECIFIED.,.F.,.F.,(4,4),(0.,2.681364111392E-03),
  .PIECEWISE_BEZIER_KNOTS.);
#7214 = CARTESIAN_POINT('',(-63.4155840231,-0.8,36.276859838213));
#7215 = CARTESIAN_POINT('',(-62.8202352902,-0.8,36.943707233348));
#7216 = CARTESIAN_POINT('',(-62.21048266757,-0.8,37.59721265841));
#7217 = CARTESIAN_POINT('',(-61.59652339682,-0.8,38.24682156841));
#7218 = PCURVE('',#7167,#7219);
#7219 = DEFINITIONAL_REPRESENTATION('',(#7220),#7225);
#7220 = B_SPLINE_CURVE_WITH_KNOTS('',3,(#7221,#7222,#7223,#7224),
  .UNSPECIFIED.,.F.,.F.,(4,4),(0.,2.681364111392E-03),
  .PIECEWISE_BEZIER_KNOTS.);
#7221 = CARTESIAN_POINT('',(1.996361697265,5.384847614292));
#7222 = CARTESIAN_POINT('',(1.32951430213,5.980196347192));
#7223 = CARTESIAN_POINT('',(0.676008877068,6.58994896982));
#7224 = CARTESIAN_POINT('',(2.63999670677E-02,7.203908240565));
#7225 = ( GEOMETRIC_REPRESENTATION_CONTEXT(2) 
PARAMETRIC_REPRESENTATION_CONTEXT() REPRESENTATION_CONTEXT('2D SPACE',''
  ) );
#7226 = PCURVE('',#707,#7227);
#7227 = DEFINITIONAL_REPRESENTATION('',(#7228),#7231);
#7228 = B_SPLINE_CURVE_WITH_KNOTS('',1,(#7229,#7230),.UNSPECIFIED.,.F.,
  .F.,(2,2),(0.,2.681364111392E-03),.PIECEWISE_BEZIER_KNOTS.);
#7229 = CARTESIAN_POINT('',(1.077110615093E-02,0.999785457984));
#7230 = CARTESIAN_POINT('',(8.089535607834E-03,0.997880680275));
#7231 = ( GEOMETRIC_REPRESENTATION_CONTEXT(2) 
PARAMETRIC_REPRESENTATION_CONTEXT() REPRESENTATION_CONTEXT('2D SPACE',''
  ) );
#7232 = ORIENTED_EDGE('',*,*,#7233,.T.);
#7233 = EDGE_CURVE('',#7210,#7234,#7236,.T.);
#7234 = VERTEX_POINT('',#7235);
#7235 = CARTESIAN_POINT('',(-64.84476047074,-0.8,36.539869129073));
#7236 = SURFACE_CURVE('',#7237,(#7242,#7249),.PCURVE_S1.);
#7237 = CIRCLE('',#7238,8.26505110693);
#7238 = AXIS2_PLACEMENT_3D('',#7239,#7240,#7241);
#7239 = CARTESIAN_POINT('',(-59.47181779635,-0.8,30.259538180958));
#7240 = DIRECTION('',(-8.339019854371E-20,-1.,-6.600976123232E-17));
#7241 = DIRECTION('',(0.,6.600976123232E-17,-1.));
#7242 = PCURVE('',#7167,#7243);
#7243 = DEFINITIONAL_REPRESENTATION('',(#7244),#7248);
#7244 = CIRCLE('',#7245,8.26505110693);
#7245 = AXIS2_PLACEMENT_2D('',#7246,#7247);
#7246 = CARTESIAN_POINT('',(8.01368335452,9.328613841039));
#7247 = DIRECTION('',(1.,0.));
#7248 = ( GEOMETRIC_REPRESENTATION_CONTEXT(2) 
PARAMETRIC_REPRESENTATION_CONTEXT() REPRESENTATION_CONTEXT('2D SPACE',''
  ) );
#7249 = PCURVE('',#256,#7250);
#7250 = DEFINITIONAL_REPRESENTATION('',(#7251),#7255);
#7251 = LINE('',#7252,#7253);
#7252 = CARTESIAN_POINT('',(-4.440892098501E-16,4.712388980385));
#7253 = VECTOR('',#7254,1.);
#7254 = DIRECTION('',(1.,0.));
#7255 = ( GEOMETRIC_REPRESENTATION_CONTEXT(2) 
PARAMETRIC_REPRESENTATION_CONTEXT() REPRESENTATION_CONTEXT('2D SPACE',''
  ) );
#7256 = ORIENTED_EDGE('',*,*,#7257,.T.);
#7257 = EDGE_CURVE('',#7234,#7156,#7258,.T.);
#7258 = SURFACE_CURVE('',#7259,(#7263,#7270),.PCURVE_S1.);
#7259 = LINE('',#7260,#7261);
#7260 = CARTESIAN_POINT('',(-68.82947335669,-0.8,36.609422551218));
#7261 = VECTOR('',#7262,1.);
#7262 = DIRECTION('',(0.999847695156,1.068651684042E-18,
    -1.745240643728E-02));
#7263 = PCURVE('',#7167,#7264);
#7264 = DEFINITIONAL_REPRESENTATION('',(#7265),#7269);
#7265 = LINE('',#7266,#7267);
#7266 = CARTESIAN_POINT('',(1.663798984261,-2.904171929779E-02));
#7267 = VECTOR('',#7268,1.);
#7268 = DIRECTION('',(1.745240643728E-02,0.999847695156));
#7269 = ( GEOMETRIC_REPRESENTATION_CONTEXT(2) 
PARAMETRIC_REPRESENTATION_CONTEXT() REPRESENTATION_CONTEXT('2D SPACE',''
  ) );
#7270 = PCURVE('',#44,#7271);
#7271 = DEFINITIONAL_REPRESENTATION('',(#7272),#7276);
#7272 = LINE('',#7273,#7274);
#7273 = CARTESIAN_POINT('',(0.,0.));
#7274 = VECTOR('',#7275,1.);
#7275 = DIRECTION('',(1.,3.469446951954E-18));
#7276 = ( GEOMETRIC_REPRESENTATION_CONTEXT(2) 
PARAMETRIC_REPRESENTATION_CONTEXT() REPRESENTATION_CONTEXT('2D SPACE',''
  ) );
#7277 = ADVANCED_FACE('',(#7278),#7293,.F.);
#7278 = FACE_BOUND('',#7279,.T.);
#7279 = EDGE_LOOP('',(#7280,#7311,#7335,#7382));
#7280 = ORIENTED_EDGE('',*,*,#7281,.F.);
#7281 = EDGE_CURVE('',#7282,#7284,#7286,.T.);
#7282 = VERTEX_POINT('',#7283);
#7283 = CARTESIAN_POINT('',(-61.59652339682,0.8,38.246821568411));
#7284 = VERTEX_POINT('',#7285);
#7285 = CARTESIAN_POINT('',(-64.84476047074,0.8,36.539869129073));
#7286 = SURFACE_CURVE('',#7287,(#7292,#7304),.PCURVE_S1.);
#7287 = CIRCLE('',#7288,8.26505110693);
#7288 = AXIS2_PLACEMENT_3D('',#7289,#7290,#7291);
#7289 = CARTESIAN_POINT('',(-59.47181779635,0.8,30.259538180958));
#7290 = DIRECTION('',(-8.339019854371E-20,-1.,-6.600976123232E-17));
#7291 = DIRECTION('',(0.,6.600976123232E-17,-1.));
#7292 = PCURVE('',#7293,#7298);
#7293 = PLANE('',#7294);
#7294 = AXIS2_PLACEMENT_3D('',#7295,#7296,#7297);
#7295 = CARTESIAN_POINT('',(-68.80043163739,0.8,38.273221535478));
#7296 = DIRECTION('',(-8.339019854371E-20,-1.,-6.600976123232E-17));
#7297 = DIRECTION('',(0.,6.600976123232E-17,-1.));
#7298 = DEFINITIONAL_REPRESENTATION('',(#7299),#7303);
#7299 = CIRCLE('',#7300,8.26505110693);
#7300 = AXIS2_PLACEMENT_2D('',#7301,#7302);
#7301 = CARTESIAN_POINT('',(8.01368335452,9.328613841039));
#7302 = DIRECTION('',(1.,0.));
#7303 = ( GEOMETRIC_REPRESENTATION_CONTEXT(2) 
PARAMETRIC_REPRESENTATION_CONTEXT() REPRESENTATION_CONTEXT('2D SPACE',''
  ) );
#7304 = PCURVE('',#5584,#7305);
#7305 = DEFINITIONAL_REPRESENTATION('',(#7306),#7310);
#7306 = LINE('',#7307,#7308);
#7307 = CARTESIAN_POINT('',(0.,1.570796326795));
#7308 = VECTOR('',#7309,1.);
#7309 = DIRECTION('',(1.,-5.951618925042E-15));
#7310 = ( GEOMETRIC_REPRESENTATION_CONTEXT(2) 
PARAMETRIC_REPRESENTATION_CONTEXT() REPRESENTATION_CONTEXT('2D SPACE',''
  ) );
#7311 = ORIENTED_EDGE('',*,*,#7312,.T.);
#7312 = EDGE_CURVE('',#7282,#7313,#7315,.T.);
#7313 = VERTEX_POINT('',#7314);
#7314 = CARTESIAN_POINT('',(-63.4155840231,0.8,36.276859838213));
#7315 = SURFACE_CURVE('',#7316,(#7321,#7329),.PCURVE_S1.);
#7316 = B_SPLINE_CURVE_WITH_KNOTS('',3,(#7317,#7318,#7319,#7320),
  .UNSPECIFIED.,.F.,.F.,(4,4),(2.002468507522E-03,4.684012731502E-03),
  .PIECEWISE_BEZIER_KNOTS.);
#7317 = CARTESIAN_POINT('',(-61.59652339682,0.8,38.246821568411));
#7318 = CARTESIAN_POINT('',(-62.21048266757,0.8,37.597212658411));
#7319 = CARTESIAN_POINT('',(-62.8202352902,0.8,36.943707233348));
#7320 = CARTESIAN_POINT('',(-63.4155840231,0.8,36.276859838213));
#7321 = PCURVE('',#7293,#7322);
#7322 = DEFINITIONAL_REPRESENTATION('',(#7323),#7328);
#7323 = B_SPLINE_CURVE_WITH_KNOTS('',3,(#7324,#7325,#7326,#7327),
  .UNSPECIFIED.,.F.,.F.,(4,4),(2.002468507522E-03,4.684012731502E-03),
  .PIECEWISE_BEZIER_KNOTS.);
#7324 = CARTESIAN_POINT('',(2.63999670675E-02,7.203908240565));
#7325 = CARTESIAN_POINT('',(0.676008877068,6.58994896982));
#7326 = CARTESIAN_POINT('',(1.32951430213,5.980196347192));
#7327 = CARTESIAN_POINT('',(1.996361697265,5.384847614292));
#7328 = ( GEOMETRIC_REPRESENTATION_CONTEXT(2) 
PARAMETRIC_REPRESENTATION_CONTEXT() REPRESENTATION_CONTEXT('2D SPACE',''
  ) );
#7329 = PCURVE('',#448,#7330);
#7330 = DEFINITIONAL_REPRESENTATION('',(#7331),#7334);
#7331 = B_SPLINE_CURVE_WITH_KNOTS('',1,(#7332,#7333),.UNSPECIFIED.,.F.,
  .F.,(2,2),(2.002468507522E-03,4.684012731502E-03),
  .PIECEWISE_BEZIER_KNOTS.);
#7332 = CARTESIAN_POINT('',(8.089535607806E-03,2.119319736781E-03));
#7333 = CARTESIAN_POINT('',(1.077110615091E-02,2.145420200928E-04));
#7334 = ( GEOMETRIC_REPRESENTATION_CONTEXT(2) 
PARAMETRIC_REPRESENTATION_CONTEXT() REPRESENTATION_CONTEXT('2D SPACE',''
  ) );
#7335 = ORIENTED_EDGE('',*,*,#7336,.T.);
#7336 = EDGE_CURVE('',#7313,#7337,#7339,.T.);
#7337 = VERTEX_POINT('',#7338);
#7338 = CARTESIAN_POINT('',(-64.08673850457,0.8,36.526637806437));
#7339 = SURFACE_CURVE('',#7340,(#7345,#7353),.PCURVE_S1.);
#7340 = B_SPLINE_CURVE_WITH_KNOTS('',3,(#7341,#7342,#7343,#7344),
  .UNSPECIFIED.,.F.,.F.,(4,4),(0.,7.318449162137E-04),
  .PIECEWISE_BEZIER_KNOTS.);
#7341 = CARTESIAN_POINT('',(-63.4155840231,0.8,36.276859838213));
#7342 = CARTESIAN_POINT('',(-63.58475549834,0.8,36.458181322786));
#7343 = CARTESIAN_POINT('',(-63.84037218868,0.8,36.522337466397));
#7344 = CARTESIAN_POINT('',(-64.08673850457,0.8,36.526637806437));
#7345 = PCURVE('',#7293,#7346);
#7346 = DEFINITIONAL_REPRESENTATION('',(#7347),#7352);
#7347 = B_SPLINE_CURVE_WITH_KNOTS('',3,(#7348,#7349,#7350,#7351),
  .UNSPECIFIED.,.F.,.F.,(4,4),(0.,7.318449162137E-04),
  .PIECEWISE_BEZIER_KNOTS.);
#7348 = CARTESIAN_POINT('',(1.996361697265,5.384847614292));
#7349 = CARTESIAN_POINT('',(1.815040212693,5.215676139044));
#7350 = CARTESIAN_POINT('',(1.750884069082,4.960059448703));
#7351 = CARTESIAN_POINT('',(1.746583729042,4.713693132822));
#7352 = ( GEOMETRIC_REPRESENTATION_CONTEXT(2) 
PARAMETRIC_REPRESENTATION_CONTEXT() REPRESENTATION_CONTEXT('2D SPACE',''
  ) );
#7353 = PCURVE('',#361,#7354);
#7354 = DEFINITIONAL_REPRESENTATION('',(#7355),#7381);
#7355 = B_SPLINE_CURVE_WITH_KNOTS('',3,(#7356,#7357,#7358,#7359,#7360,
    #7361,#7362,#7363,#7364,#7365,#7366,#7367,#7368,#7369,#7370,#7371,
    #7372,#7373,#7374,#7375,#7376,#7377,#7378,#7379,#7380),
  .UNSPECIFIED.,.F.,.F.,(4,1,1,1,1,1,1,1,1,1,1,1,1,1,1,1,1,1,1,1,1,1,4),
  (0.,3.326567800972E-05,6.653135601943E-05,9.979703402915E-05,
    1.330627120389E-04,1.663283900486E-04,1.995940680583E-04,
    2.32859746068E-04,2.661254240777E-04,2.993911020874E-04,
    3.326567800972E-04,3.659224581069E-04,3.991881361166E-04,
    4.324538141263E-04,4.65719492136E-04,4.989851701457E-04,
    5.322508481554E-04,5.655165261652E-04,5.987822041749E-04,
    6.320478821846E-04,6.653135601943E-04,6.98579238204E-04,
    7.318449162137E-04),.QUASI_UNIFORM_KNOTS.);
#7356 = CARTESIAN_POINT('',(2.50066552826E-02,0.311083069427));
#7357 = CARTESIAN_POINT('',(2.500770899504E-02,0.306044619728));
#7358 = CARTESIAN_POINT('',(2.501030952587E-02,0.296010047543));
#7359 = CARTESIAN_POINT('',(2.501563511979E-02,0.28107690684));
#7360 = CARTESIAN_POINT('',(2.502233096554E-02,0.266253938803));
#7361 = CARTESIAN_POINT('',(2.503034260714E-02,0.251533581459));
#7362 = CARTESIAN_POINT('',(2.503961564451E-02,0.236908941444));
#7363 = CARTESIAN_POINT('',(2.505009573971E-02,0.222373899442));
#7364 = CARTESIAN_POINT('',(2.506172861244E-02,0.207923100669));
#7365 = CARTESIAN_POINT('',(2.50744600383E-02,0.193551974125));
#7366 = CARTESIAN_POINT('',(2.508823584625E-02,0.179256742506));
#7367 = CARTESIAN_POINT('',(2.510300191608E-02,0.165034433286));
#7368 = CARTESIAN_POINT('',(2.511870417589E-02,0.150882888392));
#7369 = CARTESIAN_POINT('',(2.51352885996E-02,0.136800773337));
#7370 = CARTESIAN_POINT('',(2.515270120453E-02,0.12278758572));
#7371 = CARTESIAN_POINT('',(2.517088804931E-02,0.108843663225));
#7372 = CARTESIAN_POINT('',(2.518979523215E-02,9.497019109193E-02));
#7373 = CARTESIAN_POINT('',(2.520936888955E-02,8.11692093475E-02));
#7374 = CARTESIAN_POINT('',(2.522955519565E-02,6.744361887379E-02));
#7375 = CARTESIAN_POINT('',(2.525030036235E-02,5.379718983914E-02));
#7376 = CARTESIAN_POINT('',(2.527155063971E-02,4.023455944123E-02));
#7377 = CARTESIAN_POINT('',(2.529325231928E-02,2.676126769696E-02));
#7378 = CARTESIAN_POINT('',(2.531535173037E-02,1.338364947017E-02));
#7379 = CARTESIAN_POINT('',(2.533031408801E-02,4.534057371969E-03));
#7380 = CARTESIAN_POINT('',(2.533784368361E-02,1.276675870194E-04));
#7381 = ( GEOMETRIC_REPRESENTATION_CONTEXT(2) 
PARAMETRIC_REPRESENTATION_CONTEXT() REPRESENTATION_CONTEXT('2D SPACE',''
  ) );
#7382 = ORIENTED_EDGE('',*,*,#7383,.T.);
#7383 = EDGE_CURVE('',#7337,#7284,#7384,.T.);
#7384 = SURFACE_CURVE('',#7385,(#7389,#7396),.PCURVE_S1.);
#7385 = LINE('',#7386,#7387);
#7386 = CARTESIAN_POINT('',(-67.36264568875,0.8,36.583818979035));
#7387 = VECTOR('',#7388,1.);
#7388 = DIRECTION('',(-0.999847695156,-1.068651684042E-18,
    1.745240643728E-02));
#7389 = PCURVE('',#7293,#7390);
#7390 = DEFINITIONAL_REPRESENTATION('',(#7391),#7395);
#7391 = LINE('',#7392,#7393);
#7392 = CARTESIAN_POINT('',(1.689402556443,1.437785948642));
#7393 = VECTOR('',#7394,1.);
#7394 = DIRECTION('',(-1.745240643728E-02,-0.999847695156));
#7395 = ( GEOMETRIC_REPRESENTATION_CONTEXT(2) 
PARAMETRIC_REPRESENTATION_CONTEXT() REPRESENTATION_CONTEXT('2D SPACE',''
  ) );
#7396 = PCURVE('',#6319,#7397);
#7397 = DEFINITIONAL_REPRESENTATION('',(#7398),#7402);
#7398 = LINE('',#7399,#7400);
#7399 = CARTESIAN_POINT('',(-1.467051106929,1.131370849898));
#7400 = VECTOR('',#7401,1.);
#7401 = DIRECTION('',(1.,3.469446951954E-18));
#7402 = ( GEOMETRIC_REPRESENTATION_CONTEXT(2) 
PARAMETRIC_REPRESENTATION_CONTEXT() REPRESENTATION_CONTEXT('2D SPACE',''
  ) );
#7403 = ADVANCED_FACE('',(#7404),#44,.F.);
#7404 = FACE_BOUND('',#7405,.T.);
#7405 = EDGE_LOOP('',(#7406,#7429,#7451,#7452,#7505,#7506));
#7406 = ORIENTED_EDGE('',*,*,#7407,.F.);
#7407 = EDGE_CURVE('',#7408,#24,#7410,.T.);
#7408 = VERTEX_POINT('',#7409);
#7409 = CARTESIAN_POINT('',(-65.10151094926,-3.464038350847E-15,
    35.744228862911));
#7410 = SURFACE_CURVE('',#7411,(#7415,#7422),.PCURVE_S1.);
#7411 = LINE('',#7412,#7413);
#7412 = CARTESIAN_POINT('',(-68.84343528184,-3.468037773718E-15,
    35.809544395093));
#7413 = VECTOR('',#7414,1.);
#7414 = DIRECTION('',(-0.999847695156,-1.068651684042E-18,
    1.745240643728E-02));
#7415 = PCURVE('',#44,#7416);
#7416 = DEFINITIONAL_REPRESENTATION('',(#7417),#7421);
#7417 = LINE('',#7418,#7419);
#7418 = CARTESIAN_POINT('',(1.206500177542E-14,1.131370849898));
#7419 = VECTOR('',#7420,1.);
#7420 = DIRECTION('',(-1.,-3.469446951954E-18));
#7421 = ( GEOMETRIC_REPRESENTATION_CONTEXT(2) 
PARAMETRIC_REPRESENTATION_CONTEXT() REPRESENTATION_CONTEXT('2D SPACE',''
  ) );
#7422 = PCURVE('',#6319,#7423);
#7423 = DEFINITIONAL_REPRESENTATION('',(#7424),#7428);
#7424 = LINE('',#7425,#7426);
#7425 = CARTESIAN_POINT('',(-2.623329207572E-33,-1.336649542166E-16));
#7426 = VECTOR('',#7427,1.);
#7427 = DIRECTION('',(1.,3.469446951954E-18));
#7428 = ( GEOMETRIC_REPRESENTATION_CONTEXT(2) 
PARAMETRIC_REPRESENTATION_CONTEXT() REPRESENTATION_CONTEXT('2D SPACE',''
  ) );
#7429 = ORIENTED_EDGE('',*,*,#7430,.T.);
#7430 = EDGE_CURVE('',#7408,#7156,#7431,.T.);
#7431 = SURFACE_CURVE('',#7432,(#7437,#7445),.PCURVE_S1.);
#7432 = B_SPLINE_CURVE_WITH_KNOTS('',3,(#7433,#7434,#7435,#7436),
  .UNSPECIFIED.,.F.,.F.,(4,4),(7.040819189375E-19,1.510604802527E-03),
  .PIECEWISE_BEZIER_KNOTS.);
#7433 = CARTESIAN_POINT('',(-65.10151094926,-5.974449990056E-15,
    35.744228862911));
#7434 = CARTESIAN_POINT('',(-64.76960187199,-0.27068269993,
    36.009159300913));
#7435 = CARTESIAN_POINT('',(-64.42949521457,-0.536179568424,
    36.268760028238));
#7436 = CARTESIAN_POINT('',(-64.08673850457,-0.8,36.526637806437));
#7437 = PCURVE('',#44,#7438);
#7438 = DEFINITIONAL_REPRESENTATION('',(#7439),#7444);
#7439 = B_SPLINE_CURVE_WITH_KNOTS('',3,(#7440,#7441,#7442,#7443),
  .UNSPECIFIED.,.F.,.F.,(4,4),(7.040819189375E-19,1.510604802527E-03),
  .PIECEWISE_BEZIER_KNOTS.);
#7440 = CARTESIAN_POINT('',(3.74249433259,1.131370849898));
#7441 = CARTESIAN_POINT('',(4.069729184819,0.748567704558));
#7442 = CARTESIAN_POINT('',(4.405253384942,0.373098432366));
#7443 = CARTESIAN_POINT('',(4.743457303642,-4.973799150321E-14));
#7444 = ( GEOMETRIC_REPRESENTATION_CONTEXT(2) 
PARAMETRIC_REPRESENTATION_CONTEXT() REPRESENTATION_CONTEXT('2D SPACE',''
  ) );
#7445 = PCURVE('',#764,#7446);
#7446 = DEFINITIONAL_REPRESENTATION('',(#7447),#7450);
#7447 = B_SPLINE_CURVE_WITH_KNOTS('',1,(#7448,#7449),.UNSPECIFIED.,.F.,
  .F.,(2,2),(7.040819189375E-19,1.510604802527E-03),
  .PIECEWISE_BEZIER_KNOTS.);
#7448 = CARTESIAN_POINT('',(2.68482767344E-02,1.000028569377));
#7449 = CARTESIAN_POINT('',(2.533784368358E-02,0.999872332411));
#7450 = ( GEOMETRIC_REPRESENTATION_CONTEXT(2) 
PARAMETRIC_REPRESENTATION_CONTEXT() REPRESENTATION_CONTEXT('2D SPACE',''
  ) );
#7451 = ORIENTED_EDGE('',*,*,#7257,.F.);
#7452 = ORIENTED_EDGE('',*,*,#7453,.T.);
#7453 = EDGE_CURVE('',#7234,#240,#7454,.T.);
#7454 = SURFACE_CURVE('',#7455,(#7464,#7476),.PCURVE_S1.);
#7455 = B_SPLINE_CURVE_WITH_KNOTS('',3,(#7456,#7457,#7458,#7459,#7460,
    #7461,#7462,#7463),.UNSPECIFIED.,.F.,.F.,(4,1,1,1,1,4),(0.,
    5.994714063595E-04,8.992071095392E-04,1.198942812719E-03,
    1.798414219078E-03,2.397885625438E-03),.UNSPECIFIED.);
#7456 = CARTESIAN_POINT('',(-64.84476047074,-0.8,36.539869129073));
#7457 = CARTESIAN_POINT('',(-65.04601565896,-0.8,36.543382051451));
#7458 = CARTESIAN_POINT('',(-65.35578781356,-0.829776383807,
    36.578570064108));
#7459 = CARTESIAN_POINT('',(-65.66080875706,-1.027621753344,
    36.781769731416));
#7460 = CARTESIAN_POINT('',(-65.7773893973,-1.307875632172,
    37.064101223414));
#7461 = CARTESIAN_POINT('',(-65.6313870858,-1.66236605509,
    37.416097165338));
#7462 = CARTESIAN_POINT('',(-65.39617154664,-1.893522440952,
    37.643183060292));
#7463 = CARTESIAN_POINT('',(-65.26148344225,-2.,37.747325849251));
#7464 = PCURVE('',#44,#7465);
#7465 = DEFINITIONAL_REPRESENTATION('',(#7466),#7475);
#7466 = B_SPLINE_CURVE_WITH_KNOTS('',3,(#7467,#7468,#7469,#7470,#7471,
    #7472,#7473,#7474),.UNSPECIFIED.,.F.,.F.,(4,1,1,1,1,4),(0.,
    5.994714063595E-04,8.992071095392E-04,1.198942812719E-03,
    1.798414219078E-03,2.397885625438E-03),.UNSPECIFIED.);
#7467 = CARTESIAN_POINT('',(3.985319869464,2.84217094304E-14));
#7468 = CARTESIAN_POINT('',(3.784034024438,3.552713678801E-15));
#7469 = CARTESIAN_POINT('',(3.473694934134,-4.211016581858E-02));
#7470 = CARTESIAN_POINT('',(3.165174123623,-0.32190577067));
#7471 = CARTESIAN_POINT('',(3.043683875226,-0.718244607016));
#7472 = CARTESIAN_POINT('',(3.183520773632,-1.219569770839));
#7473 = CARTESIAN_POINT('',(3.414737292983,-1.546474266754));
#7474 = CARTESIAN_POINT('',(3.547587341443,-1.697056274848));
#7475 = ( GEOMETRIC_REPRESENTATION_CONTEXT(2) 
PARAMETRIC_REPRESENTATION_CONTEXT() REPRESENTATION_CONTEXT('2D SPACE',''
  ) );
#7476 = PCURVE('',#256,#7477);
#7477 = DEFINITIONAL_REPRESENTATION('',(#7478),#7504);
#7478 = B_SPLINE_CURVE_WITH_KNOTS('',3,(#7479,#7480,#7481,#7482,#7483,
    #7484,#7485,#7486,#7487,#7488,#7489,#7490,#7491,#7492,#7493,#7494,
    #7495,#7496,#7497,#7498,#7499,#7500,#7501,#7502,#7503),
  .UNSPECIFIED.,.F.,.F.,(4,1,1,1,1,1,1,1,1,1,1,1,1,1,1,1,1,1,1,1,1,1,4),
  (0.,1.089948011563E-04,2.179896023125E-04,3.269844034688E-04,
    4.359792046251E-04,5.449740057814E-04,6.539688069376E-04,
    7.629636080939E-04,8.719584092502E-04,9.809532104064E-04,
    1.089948011563E-03,1.198942812719E-03,1.307937613875E-03,
    1.416932415032E-03,1.525927216188E-03,1.634922017344E-03,
    1.7439168185E-03,1.852911619657E-03,1.961906420813E-03,
    2.070901221969E-03,2.179896023125E-03,2.288890824282E-03,
    2.397885625438E-03),.QUASI_UNIFORM_KNOTS.);
#7479 = CARTESIAN_POINT('',(3.849282088806,4.712388980385));
#7480 = CARTESIAN_POINT('',(3.852596920841,4.732625586945));
#7481 = CARTESIAN_POINT('',(3.859092974278,4.774314725011));
#7482 = CARTESIAN_POINT('',(3.86822053731,4.840680279792));
#7483 = CARTESIAN_POINT('',(3.876511266893,4.911005699111));
#7484 = CARTESIAN_POINT('',(3.883761055555,4.985615195786));
#7485 = CARTESIAN_POINT('',(3.889773728318,5.064851653731));
#7486 = CARTESIAN_POINT('',(3.894374461031,5.149626480466));
#7487 = CARTESIAN_POINT('',(3.897355623454,5.239029907738));
#7488 = CARTESIAN_POINT('',(3.898505644235,5.330275092844));
#7489 = CARTESIAN_POINT('',(3.897559496467,5.4212565555));
#7490 = CARTESIAN_POINT('',(3.894760828665,5.510451350889));
#7491 = CARTESIAN_POINT('',(3.890487076381,5.596168765799));
#7492 = CARTESIAN_POINT('',(3.885053773966,5.676519178583));
#7493 = CARTESIAN_POINT('',(3.87863948625,5.752198656582));
#7494 = CARTESIAN_POINT('',(3.871412465035,5.823776142351));
#7495 = CARTESIAN_POINT('',(3.863537958067,5.891665568381));
#7496 = CARTESIAN_POINT('',(3.855173170816,5.956139161795));
#7497 = CARTESIAN_POINT('',(3.846493008476,6.01726088504));
#7498 = CARTESIAN_POINT('',(3.837583882311,6.07523170074));
#7499 = CARTESIAN_POINT('',(3.828444351022,6.130492688102));
#7500 = CARTESIAN_POINT('',(3.819092760009,6.183399566008));
#7501 = CARTESIAN_POINT('',(3.809543377018,6.234288202442));
#7502 = CARTESIAN_POINT('',(3.803056828448,6.267048438156));
#7503 = CARTESIAN_POINT('',(3.799786225996,6.28318530718));
#7504 = ( GEOMETRIC_REPRESENTATION_CONTEXT(2) 
PARAMETRIC_REPRESENTATION_CONTEXT() REPRESENTATION_CONTEXT('2D SPACE',''
  ) );
#7505 = ORIENTED_EDGE('',*,*,#290,.F.);
#7506 = ORIENTED_EDGE('',*,*,#21,.T.);
#7507 = ADVANCED_FACE('',(#7508),#6319,.T.);
#7508 = FACE_BOUND('',#7509,.T.);
#7509 = EDGE_LOOP('',(#7510,#7511,#7533,#7534,#7535,#7536));
#7510 = ORIENTED_EDGE('',*,*,#7383,.F.);
#7511 = ORIENTED_EDGE('',*,*,#7512,.T.);
#7512 = EDGE_CURVE('',#7337,#7408,#7513,.T.);
#7513 = SURFACE_CURVE('',#7514,(#7519,#7527),.PCURVE_S1.);
#7514 = B_SPLINE_CURVE_WITH_KNOTS('',3,(#7515,#7516,#7517,#7518),
  .UNSPECIFIED.,.F.,.F.,(4,4),(0.,1.510604802527E-03),
  .PIECEWISE_BEZIER_KNOTS.);
#7515 = CARTESIAN_POINT('',(-64.08673850457,0.8,36.526637806437));
#7516 = CARTESIAN_POINT('',(-64.42949521457,0.536179568424,
    36.268760028238));
#7517 = CARTESIAN_POINT('',(-64.76960187199,0.27068269993,
    36.009159300913));
#7518 = CARTESIAN_POINT('',(-65.10151094926,9.018059357418E-14,
    35.744228862911));
#7519 = PCURVE('',#6319,#7520);
#7520 = DEFINITIONAL_REPRESENTATION('',(#7521),#7526);
#7521 = B_SPLINE_CURVE_WITH_KNOTS('',3,(#7522,#7523,#7524,#7525),
  .UNSPECIFIED.,.F.,.F.,(4,4),(0.,1.510604802527E-03),
  .PIECEWISE_BEZIER_KNOTS.);
#7522 = CARTESIAN_POINT('',(-4.743457303642,1.131370849899));
#7523 = CARTESIAN_POINT('',(-4.405253384942,0.758272417532));
#7524 = CARTESIAN_POINT('',(-4.069729184818,0.38280314534));
#7525 = CARTESIAN_POINT('',(-3.74249433259,1.385558334732E-13));
#7526 = ( GEOMETRIC_REPRESENTATION_CONTEXT(2) 
PARAMETRIC_REPRESENTATION_CONTEXT() REPRESENTATION_CONTEXT('2D SPACE',''
  ) );
#7527 = PCURVE('',#361,#7528);
#7528 = DEFINITIONAL_REPRESENTATION('',(#7529),#7532);
#7529 = B_SPLINE_CURVE_WITH_KNOTS('',1,(#7530,#7531),.UNSPECIFIED.,.F.,
  .F.,(2,2),(0.,1.510604802527E-03),.PIECEWISE_BEZIER_KNOTS.);
#7530 = CARTESIAN_POINT('',(2.533784368361E-02,1.276675870186E-04));
#7531 = CARTESIAN_POINT('',(2.684827673443E-02,-2.856937696722E-05));
#7532 = ( GEOMETRIC_REPRESENTATION_CONTEXT(2) 
PARAMETRIC_REPRESENTATION_CONTEXT() REPRESENTATION_CONTEXT('2D SPACE',''
  ) );
#7533 = ORIENTED_EDGE('',*,*,#7407,.T.);
#7534 = ORIENTED_EDGE('',*,*,#6365,.F.);
#7535 = ORIENTED_EDGE('',*,*,#6303,.T.);
#7536 = ORIENTED_EDGE('',*,*,#7537,.T.);
#7537 = EDGE_CURVE('',#6304,#7284,#7538,.T.);
#7538 = SURFACE_CURVE('',#7539,(#7548,#7560),.PCURVE_S1.);
#7539 = B_SPLINE_CURVE_WITH_KNOTS('',3,(#7540,#7541,#7542,#7543,#7544,
    #7545,#7546,#7547),.UNSPECIFIED.,.F.,.F.,(4,1,1,1,1,4),(0.,
    5.966934794145E-04,1.193386958829E-03,1.491733698536E-03,
    1.790080438243E-03,2.386773917658E-03),.UNSPECIFIED.);
#7540 = CARTESIAN_POINT('',(-65.26148344225,2.,37.747325849251));
#7541 = CARTESIAN_POINT('',(-65.39605767209,1.893612464374,
    37.643271109739));
#7542 = CARTESIAN_POINT('',(-65.63031671132,1.66322588264,
    37.416938440407));
#7543 = CARTESIAN_POINT('',(-65.77731881782,1.31001997315,
    37.066244659066));
#7544 = CARTESIAN_POINT('',(-65.66179093423,1.028665620671,
    36.782830901719));
#7545 = CARTESIAN_POINT('',(-65.35774198959,0.830253709731,
    36.579081573011));
#7546 = CARTESIAN_POINT('',(-65.04650293642,0.8,36.54339055691));
#7547 = CARTESIAN_POINT('',(-64.84476047074,0.8,36.539869129073));
#7548 = PCURVE('',#6319,#7549);
#7549 = DEFINITIONAL_REPRESENTATION('',(#7550),#7559);
#7550 = B_SPLINE_CURVE_WITH_KNOTS('',3,(#7551,#7552,#7553,#7554,#7555,
    #7556,#7557,#7558),.UNSPECIFIED.,.F.,.F.,(4,1,1,1,1,4),(0.,
    5.966934794145E-04,1.193386958829E-03,1.491733698536E-03,
    1.790080438243E-03,2.386773917658E-03),.UNSPECIFIED.);
#7551 = CARTESIAN_POINT('',(-3.547587341443,2.828427124746));
#7552 = CARTESIAN_POINT('',(-3.414849613514,2.677972428997));
#7553 = CARTESIAN_POINT('',(-3.184576302812,2.35215660052));
#7554 = CARTESIAN_POINT('',(-3.043717035851,1.852648013009));
#7555 = CARTESIAN_POINT('',(-3.164173576064,1.4547528719));
#7556 = CARTESIAN_POINT('',(-3.47173212868,1.174156056512));
#7557 = CARTESIAN_POINT('',(-3.783546672749,1.131370849899));
#7558 = CARTESIAN_POINT('',(-3.985319869464,1.131370849898));
#7559 = ( GEOMETRIC_REPRESENTATION_CONTEXT(2) 
PARAMETRIC_REPRESENTATION_CONTEXT() REPRESENTATION_CONTEXT('2D SPACE',''
  ) );
#7560 = PCURVE('',#5584,#7561);
#7561 = DEFINITIONAL_REPRESENTATION('',(#7562),#7588);
#7562 = B_SPLINE_CURVE_WITH_KNOTS('',3,(#7563,#7564,#7565,#7566,#7567,
    #7568,#7569,#7570,#7571,#7572,#7573,#7574,#7575,#7576,#7577,#7578,
    #7579,#7580,#7581,#7582,#7583,#7584,#7585,#7586,#7587),
  .UNSPECIFIED.,.F.,.F.,(4,1,1,1,1,1,1,1,1,1,1,1,1,1,1,1,1,1,1,1,1,1,4),
  (0.,1.084897235299E-04,2.169794470598E-04,3.254691705897E-04,
    4.339588941196E-04,5.424486176495E-04,6.509383411794E-04,
    7.594280647093E-04,8.679177882392E-04,9.764075117691E-04,
    1.084897235299E-03,1.193386958829E-03,1.301876682359E-03,
    1.410366405889E-03,1.518856129419E-03,1.627345852949E-03,
    1.735835576478E-03,1.844325300008E-03,1.952815023538E-03,
    2.061304747068E-03,2.169794470598E-03,2.278284194128E-03,
    2.386773917658E-03),.QUASI_UNIFORM_KNOTS.);
#7563 = CARTESIAN_POINT('',(3.799786225996,0.));
#7564 = CARTESIAN_POINT('',(3.803054058783,1.612312634535E-02));
#7565 = CARTESIAN_POINT('',(3.809531838843,4.884001010882E-02));
#7566 = CARTESIAN_POINT('',(3.819061211169,9.962153772527E-02));
#7567 = CARTESIAN_POINT('',(3.828388778114,0.152385398049));
#7568 = CARTESIAN_POINT('',(3.837503064457,0.207471344875));
#7569 = CARTESIAN_POINT('',(3.846388416935,0.265238015236));
#7570 = CARTESIAN_POINT('',(3.855049188693,0.3261236182));
#7571 = CARTESIAN_POINT('',(3.863400703745,0.390339369955));
#7572 = CARTESIAN_POINT('',(3.871268754857,0.457977920446));
#7573 = CARTESIAN_POINT('',(3.878497244983,0.529339948609));
#7574 = CARTESIAN_POINT('',(3.884922129706,0.604870703222));
#7575 = CARTESIAN_POINT('',(3.890376534036,0.685171348894));
#7576 = CARTESIAN_POINT('',(3.894683433986,0.77096869984));
#7577 = CARTESIAN_POINT('',(3.897521889347,0.860300334363));
#7578 = CARTESIAN_POINT('',(3.898508637646,0.951395354035));
#7579 = CARTESIAN_POINT('',(3.897394489009,1.042692459861));
#7580 = CARTESIAN_POINT('',(3.894440913027,1.132158726405));
#7581 = CARTESIAN_POINT('',(3.889854345571,1.21707737832));
#7582 = CARTESIAN_POINT('',(3.883841367292,1.296552003359));
#7583 = CARTESIAN_POINT('',(3.876580259364,1.371445585525));
#7584 = CARTESIAN_POINT('',(3.868269994609,1.442063740977));
#7585 = CARTESIAN_POINT('',(3.859118018028,1.508690994721));
#7586 = CARTESIAN_POINT('',(3.852604978578,1.550511086493));
#7587 = CARTESIAN_POINT('',(3.849282088806,1.570796326795));
#7588 = ( GEOMETRIC_REPRESENTATION_CONTEXT(2) 
PARAMETRIC_REPRESENTATION_CONTEXT() REPRESENTATION_CONTEXT('2D SPACE',''
  ) );
#7589 = ADVANCED_FACE('',(#7590),#5584,.F.);
#7590 = FACE_BOUND('',#7591,.F.);
#7591 = EDGE_LOOP('',(#7592,#7593,#7594,#7661,#7662));
#7592 = ORIENTED_EDGE('',*,*,#7537,.T.);
#7593 = ORIENTED_EDGE('',*,*,#7281,.F.);
#7594 = ORIENTED_EDGE('',*,*,#7595,.T.);
#7595 = EDGE_CURVE('',#7282,#5521,#7596,.T.);
#7596 = SURFACE_CURVE('',#7597,(#7603,#7632),.PCURVE_S1.);
#7597 = B_SPLINE_CURVE_WITH_KNOTS('',3,(#7598,#7599,#7600,#7601,#7602),
  .UNSPECIFIED.,.F.,.F.,(4,1,4),(-9.554872734399E-06,1.282002515277E-03,
    2.573559903288E-03),.UNSPECIFIED.);
#7598 = CARTESIAN_POINT('',(-61.59652339682,0.8,38.246821568411));
#7599 = CARTESIAN_POINT('',(-61.22649214746,0.8,38.466875224755));
#7600 = CARTESIAN_POINT('',(-60.46803133933,0.83479018583,
    38.879100279784));
#7601 = CARTESIAN_POINT('',(-59.68476398181,1.000053235592,
    39.232343344347));
#7602 = CARTESIAN_POINT('',(-59.31250264414,1.166710790804,
    39.386697138075));
#7603 = PCURVE('',#5584,#7604);
#7604 = DEFINITIONAL_REPRESENTATION('',(#7605),#7631);
#7605 = B_SPLINE_CURVE_WITH_KNOTS('',3,(#7606,#7607,#7608,#7609,#7610,
    #7611,#7612,#7613,#7614,#7615,#7616,#7617,#7618,#7619,#7620,#7621,
    #7622,#7623,#7624,#7625,#7626,#7627,#7628,#7629,#7630),
  .UNSPECIFIED.,.F.,.F.,(4,1,1,1,1,1,1,1,1,1,1,1,1,1,1,1,1,1,1,1,1,1,4),
  (-9.554872734399E-06,1.078594352666E-04,2.252737432676E-04,
    3.426880512686E-04,4.601023592696E-04,5.775166672706E-04,
    6.949309752717E-04,8.123452832727E-04,9.297595912737E-04,
    1.047173899275E-03,1.164588207276E-03,1.282002515277E-03,
    1.399416823278E-03,1.516831131279E-03,1.63424543928E-03,
    1.751659747281E-03,1.869074055282E-03,1.986488363283E-03,
    2.103902671284E-03,2.221316979285E-03,2.338731287286E-03,
    2.456145595287E-03,2.573559903288E-03),.UNSPECIFIED.);
#7606 = CARTESIAN_POINT('',(3.401582850555,1.570796326795));
#7607 = CARTESIAN_POINT('',(3.397027354835,1.561892003399));
#7608 = CARTESIAN_POINT('',(3.387941112381,1.543873622771));
#7609 = CARTESIAN_POINT('',(3.374387909219,1.516198720279));
#7610 = CARTESIAN_POINT('',(3.360912811666,1.487859490566));
#7611 = CARTESIAN_POINT('',(3.347517654446,1.458834967642));
#7612 = CARTESIAN_POINT('',(3.334204197717,1.429101654754));
#7613 = CARTESIAN_POINT('',(3.320974115628,1.398633262347));
#7614 = CARTESIAN_POINT('',(3.307828997823,1.367400961203));
#7615 = CARTESIAN_POINT('',(3.294770347992,1.335373578141));
#7616 = CARTESIAN_POINT('',(3.281799582888,1.302517865304));
#7617 = CARTESIAN_POINT('',(3.268918033943,1.268798957796));
#7618 = CARTESIAN_POINT('',(3.25612693952,1.234180504707));
#7619 = CARTESIAN_POINT('',(3.243427473468,1.198626501571));
#7620 = CARTESIAN_POINT('',(3.230832628038,1.16206322866));
#7621 = CARTESIAN_POINT('',(3.218354939143,1.124401230441));
#7622 = CARTESIAN_POINT('',(3.20600650008,1.085536289029));
#7623 = CARTESIAN_POINT('',(3.193798943234,1.045349028038));
#7624 = CARTESIAN_POINT('',(3.181743434838,1.00370516781));
#7625 = CARTESIAN_POINT('',(3.169850669133,0.960456031699));
#7626 = CARTESIAN_POINT('',(3.158130871627,0.915439606086));
#7627 = CARTESIAN_POINT('',(3.146593786125,0.868482361591));
#7628 = CARTESIAN_POINT('',(3.135248736793,0.819402069967));
#7629 = CARTESIAN_POINT('',(3.127819195561,0.7851421744));
#7630 = CARTESIAN_POINT('',(3.12413936107,0.767596420866));
#7631 = ( GEOMETRIC_REPRESENTATION_CONTEXT(2) 
PARAMETRIC_REPRESENTATION_CONTEXT() REPRESENTATION_CONTEXT('2D SPACE',''
  ) );
#7632 = PCURVE('',#448,#7633);
#7633 = DEFINITIONAL_REPRESENTATION('',(#7634),#7660);
#7634 = B_SPLINE_CURVE_WITH_KNOTS('',3,(#7635,#7636,#7637,#7638,#7639,
    #7640,#7641,#7642,#7643,#7644,#7645,#7646,#7647,#7648,#7649,#7650,
    #7651,#7652,#7653,#7654,#7655,#7656,#7657,#7658,#7659),
  .UNSPECIFIED.,.F.,.F.,(4,1,1,1,1,1,1,1,1,1,1,1,1,1,1,1,1,1,1,1,1,1,4),
  (-9.554872734399E-06,1.078594352666E-04,2.252737432676E-04,
    3.426880512686E-04,4.601023592696E-04,5.775166672706E-04,
    6.949309752717E-04,8.123452832727E-04,9.297595912737E-04,
    1.047173899275E-03,1.164588207276E-03,1.282002515277E-03,
    1.399416823278E-03,1.516831131279E-03,1.63424543928E-03,
    1.751659747281E-03,1.869074055282E-03,1.986488363283E-03,
    2.103902671284E-03,2.221316979285E-03,2.338731287286E-03,
    2.456145595287E-03,2.573559903288E-03),.UNSPECIFIED.);
#7635 = CARTESIAN_POINT('',(8.089535607806E-03,2.119319736785E-03));
#7636 = CARTESIAN_POINT('',(8.051950986454E-03,9.213091112633E-03));
#7637 = CARTESIAN_POINT('',(7.976827187322E-03,2.346650241651E-02));
#7638 = CARTESIAN_POINT('',(7.864287430494E-03,4.50607230118E-02));
#7639 = CARTESIAN_POINT('',(7.751903073385E-03,6.688447722378E-02));
#7640 = CARTESIAN_POINT('',(7.639684110406E-03,8.895693304969E-02));
#7641 = CARTESIAN_POINT('',(7.527640979768E-03,0.111299546387));
#7642 = CARTESIAN_POINT('',(7.415784672323E-03,0.133936270281));
#7643 = CARTESIAN_POINT('',(7.304126777583E-03,0.156893300711));
#7644 = CARTESIAN_POINT('',(7.192679536605E-03,0.18019891249));
#7645 = CARTESIAN_POINT('',(7.081455882108E-03,0.203883265239));
#7646 = CARTESIAN_POINT('',(6.970469467316E-03,0.227978071192));
#7647 = CARTESIAN_POINT('',(6.859734687074E-03,0.252516636545));
#7648 = CARTESIAN_POINT('',(6.749266662242E-03,0.277532290833));
#7649 = CARTESIAN_POINT('',(6.639173899259E-03,0.303069211827));
#7650 = CARTESIAN_POINT('',(6.52956572653E-03,0.32918748618));
#7651 = CARTESIAN_POINT('',(6.420552118985E-03,0.355961836426));
#7652 = CARTESIAN_POINT('',(6.312243518063E-03,0.383481906222));
#7653 = CARTESIAN_POINT('',(6.20475061534E-03,0.411852126068));
#7654 = CARTESIAN_POINT('',(6.098184096959E-03,0.441191690513));
#7655 = CARTESIAN_POINT('',(5.992654368879E-03,0.471634285211));
#7656 = CARTESIAN_POINT('',(5.888271151092E-03,0.503328084528));
#7657 = CARTESIAN_POINT('',(5.78514332267E-03,0.536433688299));
#7658 = CARTESIAN_POINT('',(5.717299472838E-03,0.559563189247));
#7659 = CARTESIAN_POINT('',(5.683622439719E-03,0.571421414702));
#7660 = ( GEOMETRIC_REPRESENTATION_CONTEXT(2) 
PARAMETRIC_REPRESENTATION_CONTEXT() REPRESENTATION_CONTEXT('2D SPACE',''
  ) );
#7661 = ORIENTED_EDGE('',*,*,#5567,.T.);
#7662 = ORIENTED_EDGE('',*,*,#6331,.T.);
#7663 = ADVANCED_FACE('',(#7664),#256,.F.);
#7664 = FACE_BOUND('',#7665,.F.);
#7665 = EDGE_LOOP('',(#7666,#7667,#7668,#7735,#7736));
#7666 = ORIENTED_EDGE('',*,*,#239,.F.);
#7667 = ORIENTED_EDGE('',*,*,#5426,.T.);
#7668 = ORIENTED_EDGE('',*,*,#7669,.F.);
#7669 = EDGE_CURVE('',#7210,#5427,#7670,.T.);
#7670 = SURFACE_CURVE('',#7671,(#7677,#7706),.PCURVE_S1.);
#7671 = B_SPLINE_CURVE_WITH_KNOTS('',3,(#7672,#7673,#7674,#7675,#7676),
  .UNSPECIFIED.,.F.,.F.,(4,1,4),(-9.554872734384E-06,1.281121745028E-03,
    2.57179836279E-03),.UNSPECIFIED.);
#7672 = CARTESIAN_POINT('',(-61.59652339682,-0.8,38.246821568411));
#7673 = CARTESIAN_POINT('',(-61.22674448817,-0.8,38.466725160402));
#7674 = CARTESIAN_POINT('',(-60.46680092634,-0.834960220832,
    38.879717743005));
#7675 = CARTESIAN_POINT('',(-59.68491250877,-0.999986741608,
    39.232281759389));
#7676 = CARTESIAN_POINT('',(-59.31250264414,-1.166710790804,
    39.386697138075));
#7677 = PCURVE('',#256,#7678);
#7678 = DEFINITIONAL_REPRESENTATION('',(#7679),#7705);
#7679 = B_SPLINE_CURVE_WITH_KNOTS('',3,(#7680,#7681,#7682,#7683,#7684,
    #7685,#7686,#7687,#7688,#7689,#7690,#7691,#7692,#7693,#7694,#7695,
    #7696,#7697,#7698,#7699,#7700,#7701,#7702,#7703,#7704),
  .UNSPECIFIED.,.F.,.F.,(4,1,1,1,1,1,1,1,1,1,1,1,1,1,1,1,1,1,1,1,1,1,4),
  (-9.554872734384E-06,1.07779365244E-04,2.251136032224E-04,
    3.424478412008E-04,4.597820791792E-04,5.771163171576E-04,
    6.94450555136E-04,8.117847931144E-04,9.291190310928E-04,
    1.046453269071E-03,1.16378750705E-03,1.281121745028E-03,
    1.398455983006E-03,1.515790220985E-03,1.633124458963E-03,
    1.750458696942E-03,1.86779293492E-03,1.985127172898E-03,
    2.102461410877E-03,2.219795648855E-03,2.337129886833E-03,
    2.454464124812E-03,2.57179836279E-03),.UNSPECIFIED.);
#7680 = CARTESIAN_POINT('',(3.401582850555,4.712388980385));
#7681 = CARTESIAN_POINT('',(3.397030459489,4.72128718884));
#7682 = CARTESIAN_POINT('',(3.387948190498,4.739296504882));
#7683 = CARTESIAN_POINT('',(3.374395365638,4.766967087152));
#7684 = CARTESIAN_POINT('',(3.360916199828,4.79531125522));
#7685 = CARTESIAN_POINT('',(3.34751362921,4.824349252966));
#7686 = CARTESIAN_POINT('',(3.334190490166,4.854103402462));
#7687 = CARTESIAN_POINT('',(3.320949502823,4.884598314967));
#7688 = CARTESIAN_POINT('',(3.307793271454,4.915860676365));
#7689 = CARTESIAN_POINT('',(3.294724281089,4.947919075521));
#7690 = CARTESIAN_POINT('',(3.281744895205,4.980803775525));
#7691 = CARTESIAN_POINT('',(3.268857355628,5.01454630133));
#7692 = CARTESIAN_POINT('',(3.256063775226,5.049179384581));
#7693 = CARTESIAN_POINT('',(3.243366159864,5.084735157408));
#7694 = CARTESIAN_POINT('',(3.230776542837,5.121288773174));
#7695 = CARTESIAN_POINT('',(3.218306535014,5.158931636432));
#7696 = CARTESIAN_POINT('',(3.205967334289,5.197770326437));
#7697 = CARTESIAN_POINT('',(3.193769709854,5.237926956034));
#7698 = CARTESIAN_POINT('',(3.181723997304,5.2795388531));
#7699 = CARTESIAN_POINT('',(3.169840093429,5.322757983961));
#7700 = CARTESIAN_POINT('',(3.158127459302,5.367749811155));
#7701 = CARTESIAN_POINT('',(3.14659510819,5.414691346879));
#7702 = CARTESIAN_POINT('',(3.135251663205,5.463768253205));
#7703 = CARTESIAN_POINT('',(3.127820666352,5.498036092654));
#7704 = CARTESIAN_POINT('',(3.12413936107,5.515588886314));
#7705 = ( GEOMETRIC_REPRESENTATION_CONTEXT(2) 
PARAMETRIC_REPRESENTATION_CONTEXT() REPRESENTATION_CONTEXT('2D SPACE',''
  ) );
#7706 = PCURVE('',#707,#7707);
#7707 = DEFINITIONAL_REPRESENTATION('',(#7708),#7734);
#7708 = B_SPLINE_CURVE_WITH_KNOTS('',3,(#7709,#7710,#7711,#7712,#7713,
    #7714,#7715,#7716,#7717,#7718,#7719,#7720,#7721,#7722,#7723,#7724,
    #7725,#7726,#7727,#7728,#7729,#7730,#7731,#7732,#7733),
  .UNSPECIFIED.,.F.,.F.,(4,1,1,1,1,1,1,1,1,1,1,1,1,1,1,1,1,1,1,1,1,1,4),
  (-9.554872734384E-06,1.07779365244E-04,2.251136032224E-04,
    3.424478412008E-04,4.597820791792E-04,5.771163171576E-04,
    6.94450555136E-04,8.117847931144E-04,9.291190310928E-04,
    1.046453269071E-03,1.16378750705E-03,1.281121745028E-03,
    1.398455983006E-03,1.515790220985E-03,1.633124458963E-03,
    1.750458696942E-03,1.86779293492E-03,1.985127172898E-03,
    2.102461410877E-03,2.219795648855E-03,2.337129886833E-03,
    2.454464124812E-03,2.57179836279E-03),.UNSPECIFIED.);
#7709 = CARTESIAN_POINT('',(8.089535607834E-03,0.997880680275));
#7710 = CARTESIAN_POINT('',(8.051976618389E-03,0.990791742463));
#7711 = CARTESIAN_POINT('',(7.976886442657E-03,0.976543961866));
#7712 = CARTESIAN_POINT('',(7.864352350084E-03,0.954948184327));
#7713 = CARTESIAN_POINT('',(7.751937030307E-03,0.933114994857));
#7714 = CARTESIAN_POINT('',(7.639658644309E-03,0.911027285639));
#7715 = CARTESIAN_POINT('',(7.527535814324E-03,0.888665616533));
#7716 = CARTESIAN_POINT('',(7.415587736198E-03,0.866007997962));
#7717 = CARTESIAN_POINT('',(7.303834225823E-03,0.843030144012));
#7718 = CARTESIAN_POINT('',(7.192295772252E-03,0.81970563225));
#7719 = CARTESIAN_POINT('',(7.080993576794E-03,0.796006092689));
#7720 = CARTESIAN_POINT('',(6.969949579973E-03,0.77190153156));
#7721 = CARTESIAN_POINT('',(6.859186478767E-03,0.747360282551));
#7722 = CARTESIAN_POINT('',(6.748727708951E-03,0.722350552312));
#7723 = CARTESIAN_POINT('',(6.638674484115E-03,0.696826190885));
#7724 = CARTESIAN_POINT('',(6.52912881531E-03,0.670725171074));
#7725 = CARTESIAN_POINT('',(6.420193340578E-03,0.643970862138));
#7726 = CARTESIAN_POINT('',(6.31197114785E-03,0.616471754768));
#7727 = CARTESIAN_POINT('',(6.204565563332E-03,0.588121600811));
#7728 = CARTESIAN_POINT('',(6.098079901089E-03,0.558799443729));
#7729 = CARTESIAN_POINT('',(5.992617193594E-03,0.528369899982));
#7730 = CARTESIAN_POINT('',(5.888279791072E-03,0.496683185299));
#7731 = CARTESIAN_POINT('',(5.785169209292E-03,0.463577179835));
#7732 = CARTESIAN_POINT('',(5.717312910145E-03,0.440441559461));
#7733 = CARTESIAN_POINT('',(5.683622439727E-03,0.428578585298));
#7734 = ( GEOMETRIC_REPRESENTATION_CONTEXT(2) 
PARAMETRIC_REPRESENTATION_CONTEXT() REPRESENTATION_CONTEXT('2D SPACE',''
  ) );
#7735 = ORIENTED_EDGE('',*,*,#7233,.T.);
#7736 = ORIENTED_EDGE('',*,*,#7453,.T.);
#7737 = ADVANCED_FACE('',(#7738),#448,.F.);
#7738 = FACE_BOUND('',#7739,.F.);
#7739 = EDGE_LOOP('',(#7740,#7741,#7742,#7808,#7809));
#7740 = ORIENTED_EDGE('',*,*,#7595,.F.);
#7741 = ORIENTED_EDGE('',*,*,#7312,.T.);
#7742 = ORIENTED_EDGE('',*,*,#7743,.T.);
#7743 = EDGE_CURVE('',#7313,#317,#7744,.T.);
#7744 = SURFACE_CURVE('',#7745,(#7750,#7779),.PCURVE_S1.);
#7745 = B_SPLINE_CURVE_WITH_KNOTS('',3,(#7746,#7747,#7748,#7749),
  .UNSPECIFIED.,.F.,.F.,(4,4),(0.,1.521281082223E-03),
  .PIECEWISE_BEZIER_KNOTS.);
#7746 = CARTESIAN_POINT('',(-63.4155840231,0.8,36.276859838213));
#7747 = CARTESIAN_POINT('',(-63.06449778405,0.8,35.90055834895));
#7748 = CARTESIAN_POINT('',(-62.81153634471,1.152426481761,
    35.483839278576));
#7749 = CARTESIAN_POINT('',(-62.78964086954,1.612245412529,
    35.271155449335));
#7750 = PCURVE('',#448,#7751);
#7751 = DEFINITIONAL_REPRESENTATION('',(#7752),#7778);
#7752 = B_SPLINE_CURVE_WITH_KNOTS('',3,(#7753,#7754,#7755,#7756,#7757,
    #7758,#7759,#7760,#7761,#7762,#7763,#7764,#7765,#7766,#7767,#7768,
    #7769,#7770,#7771,#7772,#7773,#7774,#7775,#7776,#7777),
  .UNSPECIFIED.,.F.,.F.,(4,1,1,1,1,1,1,1,1,1,1,1,1,1,1,1,1,1,1,1,1,1,4),
  (0.,6.914914010105E-05,1.382982802021E-04,2.074474203031E-04,
    2.765965604042E-04,3.457457005052E-04,4.148948406063E-04,
    4.840439807073E-04,5.531931208084E-04,6.223422609094E-04,
    6.914914010105E-04,7.606405411115E-04,8.297896812126E-04,
    8.989388213136E-04,9.680879614147E-04,1.037237101516E-03,
    1.106386241617E-03,1.175535381718E-03,1.244684521819E-03,
    1.31383366192E-03,1.382982802021E-03,1.452131942122E-03,
    1.521281082223E-03),.QUASI_UNIFORM_KNOTS.);
#7753 = CARTESIAN_POINT('',(1.077110615091E-02,2.145420200913E-04));
#7754 = CARTESIAN_POINT('',(1.077324551622E-02,1.669195377569E-02));
#7755 = CARTESIAN_POINT('',(1.077792275573E-02,4.921491735676E-02));
#7756 = CARTESIAN_POINT('',(1.078608521327E-02,9.68935055132E-02));
#7757 = CARTESIAN_POINT('',(1.079534542967E-02,0.143666593891));
#7758 = CARTESIAN_POINT('',(1.080565425402E-02,0.189697317912));
#7759 = CARTESIAN_POINT('',(1.081696229406E-02,0.235129416866));
#7760 = CARTESIAN_POINT('',(1.082921985349E-02,0.28008676876));
#7761 = CARTESIAN_POINT('',(1.084237689849E-02,0.324677289747));
#7762 = CARTESIAN_POINT('',(1.08563830106E-02,0.368995254823));
#7763 = CARTESIAN_POINT('',(1.087118733887E-02,0.413123736077));
#7764 = CARTESIAN_POINT('',(1.088673854929E-02,0.4571367878));
#7765 = CARTESIAN_POINT('',(1.090298477408E-02,0.501101544809));
#7766 = CARTESIAN_POINT('',(1.091987356247E-02,0.545080242719));
#7767 = CARTESIAN_POINT('',(1.093735183483E-02,0.589132200214));
#7768 = CARTESIAN_POINT('',(1.095536584182E-02,0.633315787846));
#7769 = CARTESIAN_POINT('',(1.097386113011E-02,0.677690405958));
#7770 = CARTESIAN_POINT('',(1.099278251565E-02,0.722318500894));
#7771 = CARTESIAN_POINT('',(1.101207406595E-02,0.767267624292));
#7772 = CARTESIAN_POINT('',(1.103167908893E-02,0.812612648932));
#7773 = CARTESIAN_POINT('',(1.105154013859E-02,0.858437880164));
#7774 = CARTESIAN_POINT('',(1.107159899945E-02,0.904840246008));
#7775 = CARTESIAN_POINT('',(1.109179678971E-02,0.95192942234));
#7776 = CARTESIAN_POINT('',(1.110531470296E-02,0.983870280379));
#7777 = CARTESIAN_POINT('',(1.111207691066E-02,0.999999057685));
#7778 = ( GEOMETRIC_REPRESENTATION_CONTEXT(2) 
PARAMETRIC_REPRESENTATION_CONTEXT() REPRESENTATION_CONTEXT('2D SPACE',''
  ) );
#7779 = PCURVE('',#361,#7780);
#7780 = DEFINITIONAL_REPRESENTATION('',(#7781),#7807);
#7781 = B_SPLINE_CURVE_WITH_KNOTS('',3,(#7782,#7783,#7784,#7785,#7786,
    #7787,#7788,#7789,#7790,#7791,#7792,#7793,#7794,#7795,#7796,#7797,
    #7798,#7799,#7800,#7801,#7802,#7803,#7804,#7805,#7806),
  .UNSPECIFIED.,.F.,.F.,(4,1,1,1,1,1,1,1,1,1,1,1,1,1,1,1,1,1,1,1,1,1,4),
  (0.,6.914914010105E-05,1.382982802021E-04,2.074474203031E-04,
    2.765965604042E-04,3.457457005052E-04,4.148948406063E-04,
    4.840439807073E-04,5.531931208084E-04,6.223422609094E-04,
    6.914914010105E-04,7.606405411115E-04,8.297896812126E-04,
    8.989388213136E-04,9.680879614147E-04,1.037237101516E-03,
    1.106386241617E-03,1.175535381718E-03,1.244684521819E-03,
    1.31383366192E-03,1.382982802021E-03,1.452131942122E-03,
    1.521281082223E-03),.QUASI_UNIFORM_KNOTS.);
#7782 = CARTESIAN_POINT('',(2.50066552826E-02,0.311083069427));
#7783 = CARTESIAN_POINT('',(2.500446851823E-02,0.321538385498));
#7784 = CARTESIAN_POINT('',(2.499969310656E-02,0.342262381249));
#7785 = CARTESIAN_POINT('',(2.499137662412E-02,0.372895567793));
#7786 = CARTESIAN_POINT('',(2.498195895628E-02,0.403188412306));
#7787 = CARTESIAN_POINT('',(2.497149264759E-02,0.433234609479));
#7788 = CARTESIAN_POINT('',(2.496003046845E-02,0.463117868265));
#7789 = CARTESIAN_POINT('',(2.494762543772E-02,0.492911615135));
#7790 = CARTESIAN_POINT('',(2.493433080165E-02,0.522680934717));
#7791 = CARTESIAN_POINT('',(2.4920200025E-02,0.552483771734));
#7792 = CARTESIAN_POINT('',(2.490528677996E-02,0.582372240723));
#7793 = CARTESIAN_POINT('',(2.488964493728E-02,0.612393858547));
#7794 = CARTESIAN_POINT('',(2.487332855854E-02,0.642592784634));
#7795 = CARTESIAN_POINT('',(2.485639189E-02,0.67301107613));
#7796 = CARTESIAN_POINT('',(2.48388893575E-02,0.703689981605));
#7797 = CARTESIAN_POINT('',(2.482087556227E-02,0.734671290436));
#7798 = CARTESIAN_POINT('',(2.480240527698E-02,0.765998754378));
#7799 = CARTESIAN_POINT('',(2.478353344171E-02,0.797719606163));
#7800 = CARTESIAN_POINT('',(2.476431515886E-02,0.829886178585));
#7801 = CARTESIAN_POINT('',(2.47448056872E-02,0.862557729486));
#7802 = CARTESIAN_POINT('',(2.472506043297E-02,0.895802232158));
#7803 = CARTESIAN_POINT('',(2.470513494317E-02,0.929699230751));
#7804 = CARTESIAN_POINT('',(2.468508488083E-02,0.964339925431));
#7805 = CARTESIAN_POINT('',(2.467167233175E-02,0.988006079314));
#7806 = CARTESIAN_POINT('',(2.466496389181E-02,1.000000259913));
#7807 = ( GEOMETRIC_REPRESENTATION_CONTEXT(2) 
PARAMETRIC_REPRESENTATION_CONTEXT() REPRESENTATION_CONTEXT('2D SPACE',''
  ) );
#7808 = ORIENTED_EDGE('',*,*,#409,.T.);
#7809 = ORIENTED_EDGE('',*,*,#5520,.T.);
#7810 = ADVANCED_FACE('',(#7811),#707,.F.);
#7811 = FACE_BOUND('',#7812,.F.);
#7812 = EDGE_LOOP('',(#7813,#7814,#7815,#7816,#7882));
#7813 = ORIENTED_EDGE('',*,*,#7669,.T.);
#7814 = ORIENTED_EDGE('',*,*,#5450,.T.);
#7815 = ORIENTED_EDGE('',*,*,#668,.T.);
#7816 = ORIENTED_EDGE('',*,*,#7817,.F.);
#7817 = EDGE_CURVE('',#7158,#669,#7818,.T.);
#7818 = SURFACE_CURVE('',#7819,(#7824,#7853),.PCURVE_S1.);
#7819 = B_SPLINE_CURVE_WITH_KNOTS('',3,(#7820,#7821,#7822,#7823),
  .UNSPECIFIED.,.F.,.F.,(4,4),(0.,1.521281082223E-03),
  .PIECEWISE_BEZIER_KNOTS.);
#7820 = CARTESIAN_POINT('',(-63.4155840231,-0.8,36.276859838213));
#7821 = CARTESIAN_POINT('',(-63.06449778405,-0.8,35.90055834895));
#7822 = CARTESIAN_POINT('',(-62.81153634473,-1.152426481751,
    35.483839278552));
#7823 = CARTESIAN_POINT('',(-62.78964086954,-1.612245412529,
    35.271155449335));
#7824 = PCURVE('',#707,#7825);
#7825 = DEFINITIONAL_REPRESENTATION('',(#7826),#7852);
#7826 = B_SPLINE_CURVE_WITH_KNOTS('',3,(#7827,#7828,#7829,#7830,#7831,
    #7832,#7833,#7834,#7835,#7836,#7837,#7838,#7839,#7840,#7841,#7842,
    #7843,#7844,#7845,#7846,#7847,#7848,#7849,#7850,#7851),
  .UNSPECIFIED.,.F.,.F.,(4,1,1,1,1,1,1,1,1,1,1,1,1,1,1,1,1,1,1,1,1,1,4),
  (0.,6.914914010105E-05,1.382982802021E-04,2.074474203031E-04,
    2.765965604042E-04,3.457457005052E-04,4.148948406063E-04,
    4.840439807073E-04,5.531931208084E-04,6.223422609094E-04,
    6.914914010105E-04,7.606405411115E-04,8.297896812126E-04,
    8.989388213136E-04,9.680879614147E-04,1.037237101516E-03,
    1.106386241617E-03,1.175535381718E-03,1.244684521819E-03,
    1.31383366192E-03,1.382982802021E-03,1.452131942122E-03,
    1.521281082223E-03),.QUASI_UNIFORM_KNOTS.);
#7827 = CARTESIAN_POINT('',(1.077110615093E-02,0.999785457984));
#7828 = CARTESIAN_POINT('',(1.077324551623E-02,0.983308046229));
#7829 = CARTESIAN_POINT('',(1.077792275575E-02,0.950785082647));
#7830 = CARTESIAN_POINT('',(1.078608521329E-02,0.903106494491));
#7831 = CARTESIAN_POINT('',(1.079534542969E-02,0.856333406113));
#7832 = CARTESIAN_POINT('',(1.080565425404E-02,0.810302682091));
#7833 = CARTESIAN_POINT('',(1.081696229408E-02,0.764870583137));
#7834 = CARTESIAN_POINT('',(1.082921985351E-02,0.719913231243));
#7835 = CARTESIAN_POINT('',(1.084237689851E-02,0.675322710256));
#7836 = CARTESIAN_POINT('',(1.085638301062E-02,0.63100474518));
#7837 = CARTESIAN_POINT('',(1.08711873389E-02,0.586876263925));
#7838 = CARTESIAN_POINT('',(1.088673854931E-02,0.542863212203));
#7839 = CARTESIAN_POINT('',(1.09029847741E-02,0.498898455194));
#7840 = CARTESIAN_POINT('',(1.091987356249E-02,0.454919757284));
#7841 = CARTESIAN_POINT('',(1.093735183486E-02,0.410867799789));
#7842 = CARTESIAN_POINT('',(1.095536584185E-02,0.366684212157));
#7843 = CARTESIAN_POINT('',(1.097386113014E-02,0.322309594045));
#7844 = CARTESIAN_POINT('',(1.099278251568E-02,0.277681499109));
#7845 = CARTESIAN_POINT('',(1.101207406597E-02,0.23273237571));
#7846 = CARTESIAN_POINT('',(1.103167908896E-02,0.18738735107));
#7847 = CARTESIAN_POINT('',(1.105154013861E-02,0.141562119838));
#7848 = CARTESIAN_POINT('',(1.107159899947E-02,9.515975399401E-02));
#7849 = CARTESIAN_POINT('',(1.109179678972E-02,4.807057766076E-02));
#7850 = CARTESIAN_POINT('',(1.110531470297E-02,1.612971962134E-02));
#7851 = CARTESIAN_POINT('',(1.111207691066E-02,9.423154566525E-07));
#7852 = ( GEOMETRIC_REPRESENTATION_CONTEXT(2) 
PARAMETRIC_REPRESENTATION_CONTEXT() REPRESENTATION_CONTEXT('2D SPACE',''
  ) );
#7853 = PCURVE('',#764,#7854);
#7854 = DEFINITIONAL_REPRESENTATION('',(#7855),#7881);
#7855 = B_SPLINE_CURVE_WITH_KNOTS('',3,(#7856,#7857,#7858,#7859,#7860,
    #7861,#7862,#7863,#7864,#7865,#7866,#7867,#7868,#7869,#7870,#7871,
    #7872,#7873,#7874,#7875,#7876,#7877,#7878,#7879,#7880),
  .UNSPECIFIED.,.F.,.F.,(4,1,1,1,1,1,1,1,1,1,1,1,1,1,1,1,1,1,1,1,1,1,4),
  (0.,6.914914010105E-05,1.382982802021E-04,2.074474203031E-04,
    2.765965604042E-04,3.457457005052E-04,4.148948406063E-04,
    4.840439807073E-04,5.531931208084E-04,6.223422609094E-04,
    6.914914010105E-04,7.606405411115E-04,8.297896812126E-04,
    8.989388213136E-04,9.680879614147E-04,1.037237101516E-03,
    1.106386241617E-03,1.175535381718E-03,1.244684521819E-03,
    1.31383366192E-03,1.382982802021E-03,1.452131942122E-03,
    1.521281082223E-03),.QUASI_UNIFORM_KNOTS.);
#7856 = CARTESIAN_POINT('',(2.500665528257E-02,0.688916930571));
#7857 = CARTESIAN_POINT('',(2.50044685182E-02,0.6784616145));
#7858 = CARTESIAN_POINT('',(2.499969310653E-02,0.65773761875));
#7859 = CARTESIAN_POINT('',(2.499137662409E-02,0.627104432205));
#7860 = CARTESIAN_POINT('',(2.498195895625E-02,0.596811587693));
#7861 = CARTESIAN_POINT('',(2.497149264757E-02,0.566765390519));
#7862 = CARTESIAN_POINT('',(2.496003046843E-02,0.536882131734));
#7863 = CARTESIAN_POINT('',(2.49476254377E-02,0.507088384863));
#7864 = CARTESIAN_POINT('',(2.493433080163E-02,0.477319065281));
#7865 = CARTESIAN_POINT('',(2.492020002498E-02,0.447516228265));
#7866 = CARTESIAN_POINT('',(2.490528677995E-02,0.417627759275));
#7867 = CARTESIAN_POINT('',(2.488964493726E-02,0.387606141451));
#7868 = CARTESIAN_POINT('',(2.487332855853E-02,0.357407215364));
#7869 = CARTESIAN_POINT('',(2.485639188999E-02,0.326988923868));
#7870 = CARTESIAN_POINT('',(2.483888935749E-02,0.296310018392));
#7871 = CARTESIAN_POINT('',(2.482087556226E-02,0.265328709561));
#7872 = CARTESIAN_POINT('',(2.480240527697E-02,0.234001245619));
#7873 = CARTESIAN_POINT('',(2.47835334417E-02,0.202280393835));
#7874 = CARTESIAN_POINT('',(2.476431515885E-02,0.170113821413));
#7875 = CARTESIAN_POINT('',(2.474480568719E-02,0.137442270512));
#7876 = CARTESIAN_POINT('',(2.472506043296E-02,0.10419776784));
#7877 = CARTESIAN_POINT('',(2.470513494315E-02,7.0300769248E-02));
#7878 = CARTESIAN_POINT('',(2.468508488081E-02,3.566007456829E-02));
#7879 = CARTESIAN_POINT('',(2.467167233172E-02,1.199392068607E-02));
#7880 = CARTESIAN_POINT('',(2.466496389179E-02,-2.599126495158E-07));
#7881 = ( GEOMETRIC_REPRESENTATION_CONTEXT(2) 
PARAMETRIC_REPRESENTATION_CONTEXT() REPRESENTATION_CONTEXT('2D SPACE',''
  ) );
#7882 = ORIENTED_EDGE('',*,*,#7209,.T.);
#7883 = ADVANCED_FACE('',(#7884),#361,.F.);
#7884 = FACE_BOUND('',#7885,.F.);
#7885 = EDGE_LOOP('',(#7886,#7887,#7888,#8003,#8004));
#7886 = ORIENTED_EDGE('',*,*,#7336,.T.);
#7887 = ORIENTED_EDGE('',*,*,#7512,.T.);
#7888 = ORIENTED_EDGE('',*,*,#7889,.T.);
#7889 = EDGE_CURVE('',#7408,#315,#7890,.T.);
#7890 = SURFACE_CURVE('',#7891,(#7901,#7952),.PCURVE_S1.);
#7891 = B_SPLINE_CURVE_WITH_KNOTS('',3,(#7892,#7893,#7894,#7895,#7896,
    #7897,#7898,#7899,#7900),.UNSPECIFIED.,.F.,.F.,(4,1,1,1,1,1,4),(0.,
    4.17852201927E-04,8.35704403854E-04,1.253556605781E-03,
    1.671408807708E-03,2.507113211562E-03,3.342817615416E-03),
  .UNSPECIFIED.);
#7892 = CARTESIAN_POINT('',(-65.10151094926,-3.464038350847E-15,
    35.744228862911));
#7893 = CARTESIAN_POINT('',(-64.96113173418,-3.454296102258E-15,
    35.741778534597));
#7894 = CARTESIAN_POINT('',(-64.68020405187,7.362442024375E-14,
    35.700360919636));
#7895 = CARTESIAN_POINT('',(-64.33068211595,-3.226460482863E-13,
    35.430942528553));
#7896 = CARTESIAN_POINT('',(-64.22838075707,1.158271603958E-12,
    35.005492239328));
#7897 = CARTESIAN_POINT('',(-64.32869632413,-6.203775139625E-12,
    34.452085965652));
#7898 = CARTESIAN_POINT('',(-64.66490029513,5.002803022855E-11,
    33.837759803409));
#7899 = CARTESIAN_POINT('',(-65.02718459591,-1.051103316321E-10,
    33.414825494507));
#7900 = CARTESIAN_POINT('',(-65.22369400034,3.280534194618E-12,
    33.217381105115));
#7901 = PCURVE('',#361,#7902);
#7902 = DEFINITIONAL_REPRESENTATION('',(#7903),#7951);
#7903 = B_SPLINE_CURVE_WITH_KNOTS('',3,(#7904,#7905,#7906,#7907,#7908,
    #7909,#7910,#7911,#7912,#7913,#7914,#7915,#7916,#7917,#7918,#7919,
    #7920,#7921,#7922,#7923,#7924,#7925,#7926,#7927,#7928,#7929,#7930,
    #7931,#7932,#7933,#7934,#7935,#7936,#7937,#7938,#7939,#7940,#7941,
    #7942,#7943,#7944,#7945,#7946,#7947,#7948,#7949,#7950),
  .UNSPECIFIED.,.F.,.F.,(4,1,1,1,1,1,1,1,1,1,1,1,1,1,1,1,1,1,1,1,1,1,1,1
    ,1,1,1,1,1,1,1,1,1,1,1,1,1,1,1,1,1,1,1,1,4),(0.,7.597312762309E-05,
    1.519462552462E-04,2.279193828693E-04,3.038925104924E-04,
    3.798656381154E-04,4.558387657385E-04,5.318118933616E-04,
    6.077850209847E-04,6.837581486078E-04,7.597312762309E-04,
    8.35704403854E-04,9.116775314771E-04,9.876506591002E-04,
    1.063623786723E-03,1.139596914346E-03,1.215570041969E-03,
    1.291543169593E-03,1.367516297216E-03,1.443489424839E-03,
    1.519462552462E-03,1.595435680085E-03,1.671408807708E-03,
    1.747381935331E-03,1.823355062954E-03,1.899328190577E-03,
    1.9753013182E-03,2.051274445823E-03,2.127247573446E-03,
    2.20322070107E-03,2.279193828693E-03,2.355166956316E-03,
    2.431140083939E-03,2.507113211562E-03,2.583086339185E-03,
    2.659059466808E-03,2.735032594431E-03,2.811005722054E-03,
    2.886978849677E-03,2.9629519773E-03,3.038925104924E-03,
    3.114898232547E-03,3.19087136017E-03,3.266844487793E-03,
    3.342817615416E-03),.QUASI_UNIFORM_KNOTS.);
#7904 = CARTESIAN_POINT('',(2.684827673443E-02,-2.856937683812E-05));
#7905 = CARTESIAN_POINT('',(2.683169733593E-02,9.939995858944E-03));
#7906 = CARTESIAN_POINT('',(2.679910747256E-02,2.993164219017E-02));
#7907 = CARTESIAN_POINT('',(2.675254252741E-02,6.015597106344E-02));
#7908 = CARTESIAN_POINT('',(2.670890921137E-02,9.067972818964E-02));
#7909 = CARTESIAN_POINT('',(2.666882374787E-02,0.121603082669));
#7910 = CARTESIAN_POINT('',(2.663290302988E-02,0.153028326601));
#7911 = CARTESIAN_POINT('',(2.66017745986E-02,0.185136514948));
#7912 = CARTESIAN_POINT('',(2.657603523462E-02,0.21783947081));
#7913 = CARTESIAN_POINT('',(2.655625312833E-02,0.250778820524));
#7914 = CARTESIAN_POINT('',(2.65430092345E-02,0.283675572441));
#7915 = CARTESIAN_POINT('',(2.653688688999E-02,0.31626176715));
#7916 = CARTESIAN_POINT('',(2.653847294639E-02,0.348305753199));
#7917 = CARTESIAN_POINT('',(2.654835671593E-02,0.379619880621));
#7918 = CARTESIAN_POINT('',(2.656575846097E-02,0.410166574558));
#7919 = CARTESIAN_POINT('',(2.658989206969E-02,0.439864685331));
#7920 = CARTESIAN_POINT('',(2.66199620734E-02,0.468601551837));
#7921 = CARTESIAN_POINT('',(2.665518006901E-02,0.496252345808));
#7922 = CARTESIAN_POINT('',(2.669470401256E-02,0.522635373648));
#7923 = CARTESIAN_POINT('',(2.673791143905E-02,0.547752556468));
#7924 = CARTESIAN_POINT('',(2.678440359637E-02,0.571781934198));
#7925 = CARTESIAN_POINT('',(2.683373270918E-02,0.594840593591));
#7926 = CARTESIAN_POINT('',(2.688546238014E-02,0.617037219238));
#7927 = CARTESIAN_POINT('',(2.693915118297E-02,0.638458670549));
#7928 = CARTESIAN_POINT('',(2.699435659151E-02,0.659172732799));
#7929 = CARTESIAN_POINT('',(2.705099264716E-02,0.679233797566));
#7930 = CARTESIAN_POINT('',(2.710897301089E-02,0.698695348751));
#7931 = CARTESIAN_POINT('',(2.71682106374E-02,0.717607839067));
#7932 = CARTESIAN_POINT('',(2.722861774525E-02,0.736018656598));
#7933 = CARTESIAN_POINT('',(2.729010585523E-02,0.753971666132));
#7934 = CARTESIAN_POINT('',(2.735258549519E-02,0.77150699053));
#7935 = CARTESIAN_POINT('',(2.741596743181E-02,0.788660708105));
#7936 = CARTESIAN_POINT('',(2.748015841066E-02,0.805464947808));
#7937 = CARTESIAN_POINT('',(2.754507894979E-02,0.82194657515));
#7938 = CARTESIAN_POINT('',(2.761067968651E-02,0.838125815214));
#7939 = CARTESIAN_POINT('',(2.767690408991E-02,0.854017991222));
#7940 = CARTESIAN_POINT('',(2.774377030169E-02,0.869635864844));
#7941 = CARTESIAN_POINT('',(2.781129343396E-02,0.884992516568));
#7942 = CARTESIAN_POINT('',(2.787948583246E-02,0.900100910344));
#7943 = CARTESIAN_POINT('',(2.794835674977E-02,0.914974053273));
#7944 = CARTESIAN_POINT('',(2.801791219447E-02,0.92962502726));
#7945 = CARTESIAN_POINT('',(2.808815473227E-02,0.944067082769));
#7946 = CARTESIAN_POINT('',(2.815908335359E-02,0.958313728639));
#7947 = CARTESIAN_POINT('',(2.823069316681E-02,0.972378859391));
#7948 = CARTESIAN_POINT('',(2.830297577016E-02,0.986276781135));
#7949 = CARTESIAN_POINT('',(2.835160335449E-02,0.995440661485));
#7950 = CARTESIAN_POINT('',(2.83760248734E-02,0.999999731247));
#7951 = ( GEOMETRIC_REPRESENTATION_CONTEXT(2) 
PARAMETRIC_REPRESENTATION_CONTEXT() REPRESENTATION_CONTEXT('2D SPACE',''
  ) );
#7952 = PCURVE('',#764,#7953);
#7953 = DEFINITIONAL_REPRESENTATION('',(#7954),#8002);
#7954 = B_SPLINE_CURVE_WITH_KNOTS('',3,(#7955,#7956,#7957,#7958,#7959,
    #7960,#7961,#7962,#7963,#7964,#7965,#7966,#7967,#7968,#7969,#7970,
    #7971,#7972,#7973,#7974,#7975,#7976,#7977,#7978,#7979,#7980,#7981,
    #7982,#7983,#7984,#7985,#7986,#7987,#7988,#7989,#7990,#7991,#7992,
    #7993,#7994,#7995,#7996,#7997,#7998,#7999,#8000,#8001),
  .UNSPECIFIED.,.F.,.F.,(4,1,1,1,1,1,1,1,1,1,1,1,1,1,1,1,1,1,1,1,1,1,1,1
    ,1,1,1,1,1,1,1,1,1,1,1,1,1,1,1,1,1,1,1,1,4),(0.,7.597312762309E-05,
    1.519462552462E-04,2.279193828693E-04,3.038925104924E-04,
    3.798656381154E-04,4.558387657385E-04,5.318118933616E-04,
    6.077850209847E-04,6.837581486078E-04,7.597312762309E-04,
    8.35704403854E-04,9.116775314771E-04,9.876506591002E-04,
    1.063623786723E-03,1.139596914346E-03,1.215570041969E-03,
    1.291543169593E-03,1.367516297216E-03,1.443489424839E-03,
    1.519462552462E-03,1.595435680085E-03,1.671408807708E-03,
    1.747381935331E-03,1.823355062954E-03,1.899328190577E-03,
    1.9753013182E-03,2.051274445823E-03,2.127247573446E-03,
    2.20322070107E-03,2.279193828693E-03,2.355166956316E-03,
    2.431140083939E-03,2.507113211562E-03,2.583086339185E-03,
    2.659059466808E-03,2.735032594431E-03,2.811005722054E-03,
    2.886978849677E-03,2.9629519773E-03,3.038925104924E-03,
    3.114898232547E-03,3.19087136017E-03,3.266844487793E-03,
    3.342817615416E-03),.QUASI_UNIFORM_KNOTS.);
#7955 = CARTESIAN_POINT('',(2.68482767344E-02,1.000028569377));
#7956 = CARTESIAN_POINT('',(2.68316973359E-02,0.990060004141));
#7957 = CARTESIAN_POINT('',(2.679910747254E-02,0.97006835781));
#7958 = CARTESIAN_POINT('',(2.675254252738E-02,0.939844028937));
#7959 = CARTESIAN_POINT('',(2.670890921135E-02,0.90932027181));
#7960 = CARTESIAN_POINT('',(2.666882374785E-02,0.878396917331));
#7961 = CARTESIAN_POINT('',(2.663290302986E-02,0.846971673399));
#7962 = CARTESIAN_POINT('',(2.660177459857E-02,0.814863485052));
#7963 = CARTESIAN_POINT('',(2.657603523459E-02,0.78216052919));
#7964 = CARTESIAN_POINT('',(2.655625312831E-02,0.749221179476));
#7965 = CARTESIAN_POINT('',(2.654300923447E-02,0.716324427559));
#7966 = CARTESIAN_POINT('',(2.653688688997E-02,0.68373823285));
#7967 = CARTESIAN_POINT('',(2.653847294637E-02,0.651694246802));
#7968 = CARTESIAN_POINT('',(2.654835671591E-02,0.620380119379));
#7969 = CARTESIAN_POINT('',(2.656575846094E-02,0.589833425442));
#7970 = CARTESIAN_POINT('',(2.658989206967E-02,0.560135314669));
#7971 = CARTESIAN_POINT('',(2.661996207338E-02,0.531398448163));
#7972 = CARTESIAN_POINT('',(2.665518006899E-02,0.503747654192));
#7973 = CARTESIAN_POINT('',(2.669470401253E-02,0.477364626352));
#7974 = CARTESIAN_POINT('',(2.673791143903E-02,0.452247443532));
#7975 = CARTESIAN_POINT('',(2.678440359634E-02,0.428218065802));
#7976 = CARTESIAN_POINT('',(2.683373270916E-02,0.405159406409));
#7977 = CARTESIAN_POINT('',(2.688546238012E-02,0.382962780762));
#7978 = CARTESIAN_POINT('',(2.693915118295E-02,0.361541329451));
#7979 = CARTESIAN_POINT('',(2.699435659149E-02,0.340827267202));
#7980 = CARTESIAN_POINT('',(2.705099264714E-02,0.320766202436));
#7981 = CARTESIAN_POINT('',(2.710897301088E-02,0.301304651252));
#7982 = CARTESIAN_POINT('',(2.716821063739E-02,0.282392160938));
#7983 = CARTESIAN_POINT('',(2.722861774524E-02,0.263981343409));
#7984 = CARTESIAN_POINT('',(2.729010585522E-02,0.246028333876));
#7985 = CARTESIAN_POINT('',(2.735258549518E-02,0.228493009479));
#7986 = CARTESIAN_POINT('',(2.74159674318E-02,0.211339291904));
#7987 = CARTESIAN_POINT('',(2.748015841065E-02,0.194535052199));
#7988 = CARTESIAN_POINT('',(2.754507894978E-02,0.178053424855));
#7989 = CARTESIAN_POINT('',(2.761067968648E-02,0.161874184786));
#7990 = CARTESIAN_POINT('',(2.767690408987E-02,0.145982008772));
#7991 = CARTESIAN_POINT('',(2.774377030165E-02,0.130364135142));
#7992 = CARTESIAN_POINT('',(2.78112934339E-02,0.115007483409));
#7993 = CARTESIAN_POINT('',(2.787948583239E-02,9.989908962481E-02));
#7994 = CARTESIAN_POINT('',(2.794835674969E-02,8.50259466881E-02));
#7995 = CARTESIAN_POINT('',(2.801791219438E-02,7.037497269618E-02));
#7996 = CARTESIAN_POINT('',(2.808815473218E-02,5.593291718467E-02));
#7997 = CARTESIAN_POINT('',(2.815908335351E-02,4.168627131713E-02));
#7998 = CARTESIAN_POINT('',(2.823069316673E-02,2.762114057359E-02));
#7999 = CARTESIAN_POINT('',(2.830297577011E-02,1.372321884347E-02));
#8000 = CARTESIAN_POINT('',(2.835160335446E-02,4.55933850844E-03));
#8001 = CARTESIAN_POINT('',(2.837602487339E-02,2.687562229119E-07));
#8002 = ( GEOMETRIC_REPRESENTATION_CONTEXT(2) 
PARAMETRIC_REPRESENTATION_CONTEXT() REPRESENTATION_CONTEXT('2D SPACE',''
  ) );
#8003 = ORIENTED_EDGE('',*,*,#314,.T.);
#8004 = ORIENTED_EDGE('',*,*,#7743,.F.);
#8005 = ADVANCED_FACE('',(#8006),#764,.F.);
#8006 = FACE_BOUND('',#8007,.F.);
#8007 = EDGE_LOOP('',(#8008,#8009,#8010,#8011,#8012));
#8008 = ORIENTED_EDGE('',*,*,#7817,.T.);
#8009 = ORIENTED_EDGE('',*,*,#726,.T.);
#8010 = ORIENTED_EDGE('',*,*,#7889,.F.);
#8011 = ORIENTED_EDGE('',*,*,#7430,.T.);
#8012 = ORIENTED_EDGE('',*,*,#7155,.T.);
#8013 = ( GEOMETRIC_REPRESENTATION_CONTEXT(3) 
GLOBAL_UNCERTAINTY_ASSIGNED_CONTEXT((#8017)) 
GLOBAL_UNIT_ASSIGNED_CONTEXT((#8014,#8015,#8016)) REPRESENTATION_CONTEXT
('Context #1','3D Context with UNIT and UNCERTAINTY') );
#8014 = ( LENGTH_UNIT() NAMED_UNIT(*) SI_UNIT(.MILLI.,.METRE.) );
#8015 = ( NAMED_UNIT(*) PLANE_ANGLE_UNIT() SI_UNIT($,.RADIAN.) );
#8016 = ( NAMED_UNIT(*) SI_UNIT($,.STERADIAN.) SOLID_ANGLE_UNIT() );
#8017 = UNCERTAINTY_MEASURE_WITH_UNIT(LENGTH_MEASURE(2.E-03),#8014,
  'distance_accuracy_value','confusion accuracy');
#8018 = PRODUCT_RELATED_PRODUCT_CATEGORY('part',$,(#7));
ENDSEC;
END-ISO-10303-21;
