ISO-10303-21;
HEADER;
FILE_DESCRIPTION(('Open CASCADE Model'),'2;1');
FILE_NAME('Open CASCADE Shape Model','2026-09-02T18:39:05',('Author'),(
    'Open CASCADE'),'Open CASCADE STEP processor 7.9','Open CASCADE 7.9'
  ,'Unknown');
FILE_SCHEMA(('AUTOMOTIVE_DESIGN { 1 0 10303 214 1 1 1 1 }'));
ENDSEC;
DATA;
#1 = APPLICATION_PROTOCOL_DEFINITION('international standard',
  'automotive_design',2000,#2);
#2 = APPLICATION_CONTEXT(
  'core data for automotive mechanical design processes');
#3 = SHAPE_DEFINITION_REPRESENTATION(#4,#10);
#4 = PRODUCT_DEFINITION_SHAPE('','',#5);
#5 = PRODUCT_DEFINITION('design','',#6,#9);
#6 = PRODUCT_DEFINITION_FORMATION('','',#7);
#7 = PRODUCT('Open CASCADE STEP translator 7.9 1',
  'Open CASCADE STEP translator 7.9 1','',(#8));
#8 = PRODUCT_CONTEXT('',#2,'mechanical');
#9 = PRODUCT_DEFINITION_CONTEXT('part definition',#2,'design');
#10 = ADVANCED_BREP_SHAPE_REPRESENTATION('',(#11,#15),#10174);
#11 = AXIS2_PLACEMENT_3D('',#12,#13,#14);
#12 = CARTESIAN_POINT('',(0.,0.,0.));
#13 = DIRECTION('',(0.,0.,1.));
#14 = DIRECTION('',(1.,0.,-0.));
#15 = MANIFOLD_SOLID_BREP('',#16);
#16 = CLOSED_SHELL('',(#17,#1080,#1859,#2183,#2230,#2277,#2460,#2570,
    #2801,#2911,#3021,#3517,#3983,#4360,#4712,#4926,#6253,#6301,#6349,
    #6397,#6445,#6563,#6570,#6685,#6712,#6739,#6837,#6844,#6938,#6965,
    #6992,#7092,#7119,#7192,#7241,#7598,#7646,#7744,#7751,#7824,#7831,
    #7858,#7867,#7876,#7885,#7894,#8009,#8124,#8214,#8289,#8315,#8342,
    #8348,#8396,#8445,#8628,#8634,#8681,#8687,#8693,#8719,#8746,#8752,
    #8799,#8826,#8853,#8860,#8887,#8914,#8921,#8968,#8975,#8982,#9009,
    #9036,#9043,#9090,#9097,#9104,#9131,#9158,#9165,#9192,#9219,#9226,
    #9253,#9280,#9287,#9313,#9339,#9365,#9391,#9417,#9443,#9490,#9517,
    #9544,#9591,#9618,#9645,#9672,#9699,#9726,#9753,#9780,#9787,#9794,
    #9821,#9828,#9854,#9880,#9906,#9932,#9958,#9985,#10012,#10039,#10066
    ,#10093,#10120,#10147));
#17 = ADVANCED_FACE('',(#18,#78,#133,#188,#243,#298,#353,#406),#33,.F.);
#18 = FACE_BOUND('',#19,.T.);
#19 = EDGE_LOOP('',(#20,#56));
#20 = ORIENTED_EDGE('',*,*,#21,.T.);
#21 = EDGE_CURVE('',#22,#24,#26,.T.);
#22 = VERTEX_POINT('',#23);
#23 = CARTESIAN_POINT('',(-10.,39.494454547277,40.422417288799));
#24 = VERTEX_POINT('',#25);
#25 = CARTESIAN_POINT('',(-10.,39.53808556337,37.922798050908));
#26 = SURFACE_CURVE('',#27,(#32,#44),.PCURVE_S1.);
#27 = CIRCLE('',#28,1.25);
#28 = AXIS2_PLACEMENT_3D('',#29,#30,#31);
#29 = CARTESIAN_POINT('',(-10.,39.516270055324,39.172607669853));
#30 = DIRECTION('',(0.,0.999847695156,1.745240643728E-02));
#31 = DIRECTION('',(0.,-1.745240643728E-02,0.999847695156));
#32 = PCURVE('',#33,#38);
#33 = PLANE('',#34);
#34 = AXIS2_PLACEMENT_3D('',#35,#36,#37);
#35 = CARTESIAN_POINT('',(-54.50083767664,39.73716659684,26.517453282036
    ));
#36 = DIRECTION('',(0.,0.999847695156,1.745240643728E-02));
#37 = DIRECTION('',(0.,-1.745240643728E-02,0.999847695156));
#38 = DEFINITIONAL_REPRESENTATION('',(#39),#43);
#39 = CIRCLE('',#40,1.25);
#40 = AXIS2_PLACEMENT_2D('',#41,#42);
#41 = CARTESIAN_POINT('',(12.657082122731,44.50083767664));
#42 = DIRECTION('',(1.,0.));
#43 = ( GEOMETRIC_REPRESENTATION_CONTEXT(2) 
PARAMETRIC_REPRESENTATION_CONTEXT() REPRESENTATION_CONTEXT('2D SPACE',''
  ) );
#44 = PCURVE('',#45,#50);
#45 = CYLINDRICAL_SURFACE('',#46,1.25);
#46 = AXIS2_PLACEMENT_3D('',#47,#48,#49);
#47 = CARTESIAN_POINT('',(-10.,222.1587529652,42.360644067696));
#48 = DIRECTION('',(0.,-0.999847695156,-1.745240643728E-02));
#49 = DIRECTION('',(0.,1.745240643728E-02,-0.999847695156));
#50 = DEFINITIONAL_REPRESENTATION('',(#51),#55);
#51 = LINE('',#52,#53);
#52 = CARTESIAN_POINT('',(3.14159265359,182.67030448203));
#53 = VECTOR('',#54,1.);
#54 = DIRECTION('',(-1.,0.));
#55 = ( GEOMETRIC_REPRESENTATION_CONTEXT(2) 
PARAMETRIC_REPRESENTATION_CONTEXT() REPRESENTATION_CONTEXT('2D SPACE',''
  ) );
#56 = ORIENTED_EDGE('',*,*,#57,.T.);
#57 = EDGE_CURVE('',#24,#22,#58,.T.);
#58 = SURFACE_CURVE('',#59,(#64,#71),.PCURVE_S1.);
#59 = CIRCLE('',#60,1.25);
#60 = AXIS2_PLACEMENT_3D('',#61,#62,#63);
#61 = CARTESIAN_POINT('',(-10.,39.516270055324,39.172607669853));
#62 = DIRECTION('',(0.,0.999847695156,1.745240643728E-02));
#63 = DIRECTION('',(0.,-1.745240643728E-02,0.999847695156));
#64 = PCURVE('',#33,#65);
#65 = DEFINITIONAL_REPRESENTATION('',(#66),#70);
#66 = CIRCLE('',#67,1.25);
#67 = AXIS2_PLACEMENT_2D('',#68,#69);
#68 = CARTESIAN_POINT('',(12.657082122731,44.50083767664));
#69 = DIRECTION('',(1.,0.));
#70 = ( GEOMETRIC_REPRESENTATION_CONTEXT(2) 
PARAMETRIC_REPRESENTATION_CONTEXT() REPRESENTATION_CONTEXT('2D SPACE',''
  ) );
#71 = PCURVE('',#45,#72);
#72 = DEFINITIONAL_REPRESENTATION('',(#73),#77);
#73 = LINE('',#74,#75);
#74 = CARTESIAN_POINT('',(9.424777960769,182.67030448203));
#75 = VECTOR('',#76,1.);
#76 = DIRECTION('',(-1.,0.));
#77 = ( GEOMETRIC_REPRESENTATION_CONTEXT(2) 
PARAMETRIC_REPRESENTATION_CONTEXT() REPRESENTATION_CONTEXT('2D SPACE',''
  ) );
#78 = FACE_BOUND('',#79,.T.);
#79 = EDGE_LOOP('',(#80,#111));
#80 = ORIENTED_EDGE('',*,*,#81,.T.);
#81 = EDGE_CURVE('',#82,#84,#86,.T.);
#82 = VERTEX_POINT('',#83);
#83 = CARTESIAN_POINT('',(45.,39.494454547277,40.422417288799));
#84 = VERTEX_POINT('',#85);
#85 = CARTESIAN_POINT('',(45.,39.53808556337,37.922798050908));
#86 = SURFACE_CURVE('',#87,(#92,#99),.PCURVE_S1.);
#87 = CIRCLE('',#88,1.25);
#88 = AXIS2_PLACEMENT_3D('',#89,#90,#91);
#89 = CARTESIAN_POINT('',(45.,39.516270055324,39.172607669853));
#90 = DIRECTION('',(0.,0.999847695156,1.745240643728E-02));
#91 = DIRECTION('',(0.,-1.745240643728E-02,0.999847695156));
#92 = PCURVE('',#33,#93);
#93 = DEFINITIONAL_REPRESENTATION('',(#94),#98);
#94 = CIRCLE('',#95,1.25);
#95 = AXIS2_PLACEMENT_2D('',#96,#97);
#96 = CARTESIAN_POINT('',(12.657082122731,99.50083767664));
#97 = DIRECTION('',(1.,0.));
#98 = ( GEOMETRIC_REPRESENTATION_CONTEXT(2) 
PARAMETRIC_REPRESENTATION_CONTEXT() REPRESENTATION_CONTEXT('2D SPACE',''
  ) );
#99 = PCURVE('',#100,#105);
#100 = CYLINDRICAL_SURFACE('',#101,1.25);
#101 = AXIS2_PLACEMENT_3D('',#102,#103,#104);
#102 = CARTESIAN_POINT('',(45.,222.1587529652,42.360644067696));
#103 = DIRECTION('',(0.,-0.999847695156,-1.745240643728E-02));
#104 = DIRECTION('',(0.,1.745240643728E-02,-0.999847695156));
#105 = DEFINITIONAL_REPRESENTATION('',(#106),#110);
#106 = LINE('',#107,#108);
#107 = CARTESIAN_POINT('',(3.14159265359,182.67030448203));
#108 = VECTOR('',#109,1.);
#109 = DIRECTION('',(-1.,0.));
#110 = ( GEOMETRIC_REPRESENTATION_CONTEXT(2) 
PARAMETRIC_REPRESENTATION_CONTEXT() REPRESENTATION_CONTEXT('2D SPACE',''
  ) );
#111 = ORIENTED_EDGE('',*,*,#112,.T.);
#112 = EDGE_CURVE('',#84,#82,#113,.T.);
#113 = SURFACE_CURVE('',#114,(#119,#126),.PCURVE_S1.);
#114 = CIRCLE('',#115,1.25);
#115 = AXIS2_PLACEMENT_3D('',#116,#117,#118);
#116 = CARTESIAN_POINT('',(45.,39.516270055324,39.172607669853));
#117 = DIRECTION('',(0.,0.999847695156,1.745240643728E-02));
#118 = DIRECTION('',(0.,-1.745240643728E-02,0.999847695156));
#119 = PCURVE('',#33,#120);
#120 = DEFINITIONAL_REPRESENTATION('',(#121),#125);
#121 = CIRCLE('',#122,1.25);
#122 = AXIS2_PLACEMENT_2D('',#123,#124);
#123 = CARTESIAN_POINT('',(12.657082122731,99.50083767664));
#124 = DIRECTION('',(1.,0.));
#125 = ( GEOMETRIC_REPRESENTATION_CONTEXT(2) 
PARAMETRIC_REPRESENTATION_CONTEXT() REPRESENTATION_CONTEXT('2D SPACE',''
  ) );
#126 = PCURVE('',#100,#127);
#127 = DEFINITIONAL_REPRESENTATION('',(#128),#132);
#128 = LINE('',#129,#130);
#129 = CARTESIAN_POINT('',(9.424777960769,182.67030448203));
#130 = VECTOR('',#131,1.);
#131 = DIRECTION('',(-1.,0.));
#132 = ( GEOMETRIC_REPRESENTATION_CONTEXT(2) 
PARAMETRIC_REPRESENTATION_CONTEXT() REPRESENTATION_CONTEXT('2D SPACE',''
  ) );
#133 = FACE_BOUND('',#134,.T.);
#134 = EDGE_LOOP('',(#135,#166));
#135 = ORIENTED_EDGE('',*,*,#136,.T.);
#136 = EDGE_CURVE('',#137,#139,#141,.T.);
#137 = VERTEX_POINT('',#138);
#138 = CARTESIAN_POINT('',(-10.,39.816546944024,21.969756237596));
#139 = VERTEX_POINT('',#140);
#140 = CARTESIAN_POINT('',(-10.,39.860177960118,19.470136999705));
#141 = SURFACE_CURVE('',#142,(#147,#154),.PCURVE_S1.);
#142 = CIRCLE('',#143,1.25);
#143 = AXIS2_PLACEMENT_3D('',#144,#145,#146);
#144 = CARTESIAN_POINT('',(-10.,39.838362452071,20.719946618651));
#145 = DIRECTION('',(0.,0.999847695156,1.745240643728E-02));
#146 = DIRECTION('',(0.,-1.745240643728E-02,0.999847695156));
#147 = PCURVE('',#33,#148);
#148 = DEFINITIONAL_REPRESENTATION('',(#149),#153);
#149 = CIRCLE('',#150,1.25);
#150 = AXIS2_PLACEMENT_2D('',#151,#152);
#151 = CARTESIAN_POINT('',(-5.798389786235,44.50083767664));
#152 = DIRECTION('',(1.,0.));
#153 = ( GEOMETRIC_REPRESENTATION_CONTEXT(2) 
PARAMETRIC_REPRESENTATION_CONTEXT() REPRESENTATION_CONTEXT('2D SPACE',''
  ) );
#154 = PCURVE('',#155,#160);
#155 = CYLINDRICAL_SURFACE('',#156,1.25);
#156 = AXIS2_PLACEMENT_3D('',#157,#158,#159);
#157 = CARTESIAN_POINT('',(-10.,221.18614670668,23.885383967403));
#158 = DIRECTION('',(0.,-0.999847695156,-1.745240643728E-02));
#159 = DIRECTION('',(0.,1.745240643728E-02,-0.999847695156));
#160 = DEFINITIONAL_REPRESENTATION('',(#161),#165);
#161 = LINE('',#162,#163);
#162 = CARTESIAN_POINT('',(3.14159265359,181.37540860785));
#163 = VECTOR('',#164,1.);
#164 = DIRECTION('',(-1.,0.));
#165 = ( GEOMETRIC_REPRESENTATION_CONTEXT(2) 
PARAMETRIC_REPRESENTATION_CONTEXT() REPRESENTATION_CONTEXT('2D SPACE',''
  ) );
#166 = ORIENTED_EDGE('',*,*,#167,.T.);
#167 = EDGE_CURVE('',#139,#137,#168,.T.);
#168 = SURFACE_CURVE('',#169,(#174,#181),.PCURVE_S1.);
#169 = CIRCLE('',#170,1.25);
#170 = AXIS2_PLACEMENT_3D('',#171,#172,#173);
#171 = CARTESIAN_POINT('',(-10.,39.838362452071,20.719946618651));
#172 = DIRECTION('',(0.,0.999847695156,1.745240643728E-02));
#173 = DIRECTION('',(0.,-1.745240643728E-02,0.999847695156));
#174 = PCURVE('',#33,#175);
#175 = DEFINITIONAL_REPRESENTATION('',(#176),#180);
#176 = CIRCLE('',#177,1.25);
#177 = AXIS2_PLACEMENT_2D('',#178,#179);
#178 = CARTESIAN_POINT('',(-5.798389786235,44.50083767664));
#179 = DIRECTION('',(1.,0.));
#180 = ( GEOMETRIC_REPRESENTATION_CONTEXT(2) 
PARAMETRIC_REPRESENTATION_CONTEXT() REPRESENTATION_CONTEXT('2D SPACE',''
  ) );
#181 = PCURVE('',#155,#182);
#182 = DEFINITIONAL_REPRESENTATION('',(#183),#187);
#183 = LINE('',#184,#185);
#184 = CARTESIAN_POINT('',(9.424777960769,181.37540860785));
#185 = VECTOR('',#186,1.);
#186 = DIRECTION('',(-1.,0.));
#187 = ( GEOMETRIC_REPRESENTATION_CONTEXT(2) 
PARAMETRIC_REPRESENTATION_CONTEXT() REPRESENTATION_CONTEXT('2D SPACE',''
  ) );
#188 = FACE_BOUND('',#189,.T.);
#189 = EDGE_LOOP('',(#190,#221));
#190 = ORIENTED_EDGE('',*,*,#191,.T.);
#191 = EDGE_CURVE('',#192,#194,#196,.T.);
#192 = VERTEX_POINT('',#193);
#193 = CARTESIAN_POINT('',(45.,39.816546944024,21.969756237596));
#194 = VERTEX_POINT('',#195);
#195 = CARTESIAN_POINT('',(45.,39.860177960118,19.470136999705));
#196 = SURFACE_CURVE('',#197,(#202,#209),.PCURVE_S1.);
#197 = CIRCLE('',#198,1.25);
#198 = AXIS2_PLACEMENT_3D('',#199,#200,#201);
#199 = CARTESIAN_POINT('',(45.,39.838362452071,20.719946618651));
#200 = DIRECTION('',(0.,0.999847695156,1.745240643728E-02));
#201 = DIRECTION('',(0.,-1.745240643728E-02,0.999847695156));
#202 = PCURVE('',#33,#203);
#203 = DEFINITIONAL_REPRESENTATION('',(#204),#208);
#204 = CIRCLE('',#205,1.25);
#205 = AXIS2_PLACEMENT_2D('',#206,#207);
#206 = CARTESIAN_POINT('',(-5.798389786235,99.50083767664));
#207 = DIRECTION('',(1.,0.));
#208 = ( GEOMETRIC_REPRESENTATION_CONTEXT(2) 
PARAMETRIC_REPRESENTATION_CONTEXT() REPRESENTATION_CONTEXT('2D SPACE',''
  ) );
#209 = PCURVE('',#210,#215);
#210 = CYLINDRICAL_SURFACE('',#211,1.25);
#211 = AXIS2_PLACEMENT_3D('',#212,#213,#214);
#212 = CARTESIAN_POINT('',(45.,221.18614670668,23.885383967403));
#213 = DIRECTION('',(0.,-0.999847695156,-1.745240643728E-02));
#214 = DIRECTION('',(0.,1.745240643728E-02,-0.999847695156));
#215 = DEFINITIONAL_REPRESENTATION('',(#216),#220);
#216 = LINE('',#217,#218);
#217 = CARTESIAN_POINT('',(3.14159265359,181.37540860785));
#218 = VECTOR('',#219,1.);
#219 = DIRECTION('',(-1.,0.));
#220 = ( GEOMETRIC_REPRESENTATION_CONTEXT(2) 
PARAMETRIC_REPRESENTATION_CONTEXT() REPRESENTATION_CONTEXT('2D SPACE',''
  ) );
#221 = ORIENTED_EDGE('',*,*,#222,.T.);
#222 = EDGE_CURVE('',#194,#192,#223,.T.);
#223 = SURFACE_CURVE('',#224,(#229,#236),.PCURVE_S1.);
#224 = CIRCLE('',#225,1.25);
#225 = AXIS2_PLACEMENT_3D('',#226,#227,#228);
#226 = CARTESIAN_POINT('',(45.,39.838362452071,20.719946618651));
#227 = DIRECTION('',(0.,0.999847695156,1.745240643728E-02));
#228 = DIRECTION('',(0.,-1.745240643728E-02,0.999847695156));
#229 = PCURVE('',#33,#230);
#230 = DEFINITIONAL_REPRESENTATION('',(#231),#235);
#231 = CIRCLE('',#232,1.25);
#232 = AXIS2_PLACEMENT_2D('',#233,#234);
#233 = CARTESIAN_POINT('',(-5.798389786235,99.50083767664));
#234 = DIRECTION('',(1.,0.));
#235 = ( GEOMETRIC_REPRESENTATION_CONTEXT(2) 
PARAMETRIC_REPRESENTATION_CONTEXT() REPRESENTATION_CONTEXT('2D SPACE',''
  ) );
#236 = PCURVE('',#210,#237);
#237 = DEFINITIONAL_REPRESENTATION('',(#238),#242);
#238 = LINE('',#239,#240);
#239 = CARTESIAN_POINT('',(9.424777960769,181.37540860785));
#240 = VECTOR('',#241,1.);
#241 = DIRECTION('',(-1.,0.));
#242 = ( GEOMETRIC_REPRESENTATION_CONTEXT(2) 
PARAMETRIC_REPRESENTATION_CONTEXT() REPRESENTATION_CONTEXT('2D SPACE',''
  ) );
#243 = FACE_BOUND('',#244,.T.);
#244 = EDGE_LOOP('',(#245,#276));
#245 = ORIENTED_EDGE('',*,*,#246,.T.);
#246 = EDGE_CURVE('',#247,#249,#251,.T.);
#247 = VERTEX_POINT('',#248);
#248 = CARTESIAN_POINT('',(41.4224,39.623697852892,33.018073269074));
#249 = VERTEX_POINT('',#250);
#250 = CARTESIAN_POINT('',(41.4224,39.658602665767,31.018377878761));
#251 = SURFACE_CURVE('',#252,(#257,#264),.PCURVE_S1.);
#252 = CIRCLE('',#253,1.);
#253 = AXIS2_PLACEMENT_3D('',#254,#255,#256);
#254 = CARTESIAN_POINT('',(41.4224,39.64115025933,32.018225573918));
#255 = DIRECTION('',(0.,0.999847695156,1.745240643728E-02));
#256 = DIRECTION('',(0.,-1.745240643728E-02,0.999847695156));
#257 = PCURVE('',#33,#258);
#258 = DEFINITIONAL_REPRESENTATION('',(#259),#263);
#259 = CIRCLE('',#260,1.);
#260 = AXIS2_PLACEMENT_2D('',#261,#262);
#261 = CARTESIAN_POINT('',(5.501610213765,95.92323767664));
#262 = DIRECTION('',(1.,0.));
#263 = ( GEOMETRIC_REPRESENTATION_CONTEXT(2) 
PARAMETRIC_REPRESENTATION_CONTEXT() REPRESENTATION_CONTEXT('2D SPACE',''
  ) );
#264 = PCURVE('',#265,#270);
#265 = CYLINDRICAL_SURFACE('',#266,1.);
#266 = AXIS2_PLACEMENT_3D('',#267,#268,#269);
#267 = CARTESIAN_POINT('',(41.4224,214.75123473235,35.07478346798));
#268 = DIRECTION('',(0.,-0.999847695156,-1.745240643728E-02));
#269 = DIRECTION('',(0.,1.745240643728E-02,-0.999847695156));
#270 = DEFINITIONAL_REPRESENTATION('',(#271),#275);
#271 = LINE('',#272,#273);
#272 = CARTESIAN_POINT('',(3.14159265359,175.13675864966));
#273 = VECTOR('',#274,1.);
#274 = DIRECTION('',(-1.,0.));
#275 = ( GEOMETRIC_REPRESENTATION_CONTEXT(2) 
PARAMETRIC_REPRESENTATION_CONTEXT() REPRESENTATION_CONTEXT('2D SPACE',''
  ) );
#276 = ORIENTED_EDGE('',*,*,#277,.T.);
#277 = EDGE_CURVE('',#249,#247,#278,.T.);
#278 = SURFACE_CURVE('',#279,(#284,#291),.PCURVE_S1.);
#279 = CIRCLE('',#280,1.);
#280 = AXIS2_PLACEMENT_3D('',#281,#282,#283);
#281 = CARTESIAN_POINT('',(41.4224,39.64115025933,32.018225573918));
#282 = DIRECTION('',(0.,0.999847695156,1.745240643728E-02));
#283 = DIRECTION('',(0.,-1.745240643728E-02,0.999847695156));
#284 = PCURVE('',#33,#285);
#285 = DEFINITIONAL_REPRESENTATION('',(#286),#290);
#286 = CIRCLE('',#287,1.);
#287 = AXIS2_PLACEMENT_2D('',#288,#289);
#288 = CARTESIAN_POINT('',(5.501610213765,95.92323767664));
#289 = DIRECTION('',(1.,0.));
#290 = ( GEOMETRIC_REPRESENTATION_CONTEXT(2) 
PARAMETRIC_REPRESENTATION_CONTEXT() REPRESENTATION_CONTEXT('2D SPACE',''
  ) );
#291 = PCURVE('',#265,#292);
#292 = DEFINITIONAL_REPRESENTATION('',(#293),#297);
#293 = LINE('',#294,#295);
#294 = CARTESIAN_POINT('',(9.424777960769,175.13675864966));
#295 = VECTOR('',#296,1.);
#296 = DIRECTION('',(-1.,0.));
#297 = ( GEOMETRIC_REPRESENTATION_CONTEXT(2) 
PARAMETRIC_REPRESENTATION_CONTEXT() REPRESENTATION_CONTEXT('2D SPACE',''
  ) );
#298 = FACE_BOUND('',#299,.T.);
#299 = EDGE_LOOP('',(#300,#331));
#300 = ORIENTED_EDGE('',*,*,#301,.T.);
#301 = EDGE_CURVE('',#302,#304,#306,.T.);
#302 = VERTEX_POINT('',#303);
#303 = CARTESIAN_POINT('',(-6.4224,39.623697852892,33.018073269074));
#304 = VERTEX_POINT('',#305);
#305 = CARTESIAN_POINT('',(-6.4224,39.658602665767,31.018377878761));
#306 = SURFACE_CURVE('',#307,(#312,#319),.PCURVE_S1.);
#307 = CIRCLE('',#308,1.);
#308 = AXIS2_PLACEMENT_3D('',#309,#310,#311);
#309 = CARTESIAN_POINT('',(-6.4224,39.64115025933,32.018225573918));
#310 = DIRECTION('',(0.,0.999847695156,1.745240643728E-02));
#311 = DIRECTION('',(0.,-1.745240643728E-02,0.999847695156));
#312 = PCURVE('',#33,#313);
#313 = DEFINITIONAL_REPRESENTATION('',(#314),#318);
#314 = CIRCLE('',#315,1.);
#315 = AXIS2_PLACEMENT_2D('',#316,#317);
#316 = CARTESIAN_POINT('',(5.501610213765,48.07843767664));
#317 = DIRECTION('',(1.,0.));
#318 = ( GEOMETRIC_REPRESENTATION_CONTEXT(2) 
PARAMETRIC_REPRESENTATION_CONTEXT() REPRESENTATION_CONTEXT('2D SPACE',''
  ) );
#319 = PCURVE('',#320,#325);
#320 = CYLINDRICAL_SURFACE('',#321,1.);
#321 = AXIS2_PLACEMENT_3D('',#322,#323,#324);
#322 = CARTESIAN_POINT('',(-6.4224,214.75123473235,35.07478346798));
#323 = DIRECTION('',(0.,-0.999847695156,-1.745240643728E-02));
#324 = DIRECTION('',(0.,1.745240643728E-02,-0.999847695156));
#325 = DEFINITIONAL_REPRESENTATION('',(#326),#330);
#326 = LINE('',#327,#328);
#327 = CARTESIAN_POINT('',(3.14159265359,175.13675864966));
#328 = VECTOR('',#329,1.);
#329 = DIRECTION('',(-1.,0.));
#330 = ( GEOMETRIC_REPRESENTATION_CONTEXT(2) 
PARAMETRIC_REPRESENTATION_CONTEXT() REPRESENTATION_CONTEXT('2D SPACE',''
  ) );
#331 = ORIENTED_EDGE('',*,*,#332,.T.);
#332 = EDGE_CURVE('',#304,#302,#333,.T.);
#333 = SURFACE_CURVE('',#334,(#339,#346),.PCURVE_S1.);
#334 = CIRCLE('',#335,1.);
#335 = AXIS2_PLACEMENT_3D('',#336,#337,#338);
#336 = CARTESIAN_POINT('',(-6.4224,39.64115025933,32.018225573918));
#337 = DIRECTION('',(0.,0.999847695156,1.745240643728E-02));
#338 = DIRECTION('',(0.,-1.745240643728E-02,0.999847695156));
#339 = PCURVE('',#33,#340);
#340 = DEFINITIONAL_REPRESENTATION('',(#341),#345);
#341 = CIRCLE('',#342,1.);
#342 = AXIS2_PLACEMENT_2D('',#343,#344);
#343 = CARTESIAN_POINT('',(5.501610213765,48.07843767664));
#344 = DIRECTION('',(1.,0.));
#345 = ( GEOMETRIC_REPRESENTATION_CONTEXT(2) 
PARAMETRIC_REPRESENTATION_CONTEXT() REPRESENTATION_CONTEXT('2D SPACE',''
  ) );
#346 = PCURVE('',#320,#347);
#347 = DEFINITIONAL_REPRESENTATION('',(#348),#352);
#348 = LINE('',#349,#350);
#349 = CARTESIAN_POINT('',(9.424777960769,175.13675864966));
#350 = VECTOR('',#351,1.);
#351 = DIRECTION('',(-1.,0.));
#352 = ( GEOMETRIC_REPRESENTATION_CONTEXT(2) 
PARAMETRIC_REPRESENTATION_CONTEXT() REPRESENTATION_CONTEXT('2D SPACE',''
  ) );
#353 = FACE_BOUND('',#354,.T.);
#354 = EDGE_LOOP('',(#355));
#355 = ORIENTED_EDGE('',*,*,#356,.T.);
#356 = EDGE_CURVE('',#357,#357,#359,.T.);
#357 = VERTEX_POINT('',#358);
#358 = CARTESIAN_POINT('',(-5.,39.34525561572,48.970018353088));
#359 = SURFACE_CURVE('',#360,(#365,#372),.PCURVE_S1.);
#360 = ELLIPSE('',#361,1.250761930374,1.25);
#361 = AXIS2_PLACEMENT_3D('',#362,#363,#364);
#362 = CARTESIAN_POINT('',(-5.,39.367084421285,47.719446919815));
#363 = DIRECTION('',(0.,0.999847695156,1.745240643728E-02));
#364 = DIRECTION('',(0.,-1.745240643728E-02,0.999847695156));
#365 = PCURVE('',#33,#366);
#366 = DEFINITIONAL_REPRESENTATION('',(#367),#371);
#367 = ELLIPSE('',#368,1.250761930374,1.25);
#368 = AXIS2_PLACEMENT_2D('',#369,#370);
#369 = CARTESIAN_POINT('',(21.205223295996,49.50083767664));
#370 = DIRECTION('',(1.,0.));
#371 = ( GEOMETRIC_REPRESENTATION_CONTEXT(2) 
PARAMETRIC_REPRESENTATION_CONTEXT() REPRESENTATION_CONTEXT('2D SPACE',''
  ) );
#372 = PCURVE('',#373,#378);
#373 = CYLINDRICAL_SURFACE('',#374,1.25);
#374 = AXIS2_PLACEMENT_3D('',#375,#376,#377);
#375 = CARTESIAN_POINT('',(-5.,136.56685957203,46.02281853355));
#376 = DIRECTION('',(0.,-0.999847695156,1.745240643728E-02));
#377 = DIRECTION('',(0.,-1.745240643728E-02,-0.999847695156));
#378 = DEFINITIONAL_REPRESENTATION('',(#379),#405);
#379 = B_SPLINE_CURVE_WITH_KNOTS('',3,(#380,#381,#382,#383,#384,#385,
    #386,#387,#388,#389,#390,#391,#392,#393,#394,#395,#396,#397,#398,
    #399,#400,#401,#402,#403,#404),.UNSPECIFIED.,.F.,.F.,(4,1,1,1,1,1,1,
    1,1,1,1,1,1,1,1,1,1,1,1,1,1,1,4),(0.,0.285599332145,0.571198664289,
    0.856797996434,1.142397328578,1.427996660723,1.713595992867,
    1.999195325012,2.284794657156,2.570393989301,2.855993321445,
    3.14159265359,3.427191985734,3.712791317879,3.998390650023,
    4.283989982168,4.569589314312,4.855188646457,5.140787978601,
    5.426387310746,5.711986642891,5.997585975035,6.28318530718),
  .QUASI_UNIFORM_KNOTS.);
#380 = CARTESIAN_POINT('',(9.424777960769,97.258232364232));
#381 = CARTESIAN_POINT('',(9.329578183388,97.258254949233));
#382 = CARTESIAN_POINT('',(9.139178628625,97.257026967908));
#383 = CARTESIAN_POINT('',(8.85357929648,97.251808349879));
#384 = CARTESIAN_POINT('',(8.567979964336,97.243557202059));
#385 = CARTESIAN_POINT('',(8.282380632191,97.232963061634));
#386 = CARTESIAN_POINT('',(7.996781300047,97.220878554953));
#387 = CARTESIAN_POINT('',(7.711181967902,97.208284210228));
#388 = CARTESIAN_POINT('',(7.425582635758,97.196199940868));
#389 = CARTESIAN_POINT('',(7.139983303613,97.185604851161));
#390 = CARTESIAN_POINT('',(6.854383971469,97.177357263148));
#391 = CARTESIAN_POINT('',(6.568784639324,97.172125355171));
#392 = CARTESIAN_POINT('',(6.28318530718,97.170332983168));
#393 = CARTESIAN_POINT('',(5.997585975035,97.172125355171));
#394 = CARTESIAN_POINT('',(5.711986642891,97.177357263148));
#395 = CARTESIAN_POINT('',(5.426387310746,97.185604851161));
#396 = CARTESIAN_POINT('',(5.140787978601,97.196199940868));
#397 = CARTESIAN_POINT('',(4.855188646457,97.208284210228));
#398 = CARTESIAN_POINT('',(4.569589314312,97.220878554953));
#399 = CARTESIAN_POINT('',(4.283989982168,97.232963061634));
#400 = CARTESIAN_POINT('',(3.998390650023,97.243557202059));
#401 = CARTESIAN_POINT('',(3.712791317879,97.251808349879));
#402 = CARTESIAN_POINT('',(3.427191985734,97.257026967908));
#403 = CARTESIAN_POINT('',(3.236792430971,97.258254949233));
#404 = CARTESIAN_POINT('',(3.14159265359,97.258232364232));
#405 = ( GEOMETRIC_REPRESENTATION_CONTEXT(2) 
PARAMETRIC_REPRESENTATION_CONTEXT() REPRESENTATION_CONTEXT('2D SPACE',''
  ) );
#406 = FACE_BOUND('',#407,.T.);
#407 = EDGE_LOOP('',(#408,#438,#466,#494,#522,#550,#578,#606,#634,#662,
    #690,#718,#746,#774,#802,#830,#858,#886,#914,#942,#970,#998,#1026,
    #1054));
#408 = ORIENTED_EDGE('',*,*,#409,.T.);
#409 = EDGE_CURVE('',#410,#412,#414,.T.);
#410 = VERTEX_POINT('',#411);
#411 = CARTESIAN_POINT('',(11.,39.732234725532,26.8));
#412 = VERTEX_POINT('',#413);
#413 = CARTESIAN_POINT('',(11.,40.049916907226,8.6));
#414 = SURFACE_CURVE('',#415,(#419,#426),.PCURVE_S1.);
#415 = LINE('',#416,#417);
#416 = CARTESIAN_POINT('',(11.,39.73716659684,26.517453282036));
#417 = VECTOR('',#418,1.);
#418 = DIRECTION('',(5.631361263601E-17,1.745240643728E-02,
    -0.999847695156));
#419 = PCURVE('',#33,#420);
#420 = DEFINITIONAL_REPRESENTATION('',(#421),#425);
#421 = LINE('',#422,#423);
#422 = CARTESIAN_POINT('',(0.,65.50083767664));
#423 = VECTOR('',#424,1.);
#424 = DIRECTION('',(-1.,5.631361263601E-17));
#425 = ( GEOMETRIC_REPRESENTATION_CONTEXT(2) 
PARAMETRIC_REPRESENTATION_CONTEXT() REPRESENTATION_CONTEXT('2D SPACE',''
  ) );
#426 = PCURVE('',#427,#432);
#427 = PLANE('',#428);
#428 = AXIS2_PLACEMENT_3D('',#429,#430,#431);
#429 = CARTESIAN_POINT('',(11.,177.73675864966,11.4));
#430 = DIRECTION('',(1.,0.,5.632219077847E-17));
#431 = DIRECTION('',(5.632219077847E-17,0.,-1.));
#432 = DEFINITIONAL_REPRESENTATION('',(#433),#437);
#433 = LINE('',#434,#435);
#434 = CARTESIAN_POINT('',(-15.11745328203,-137.9995920528));
#435 = VECTOR('',#436,1.);
#436 = DIRECTION('',(0.999847695156,1.745240643728E-02));
#437 = ( GEOMETRIC_REPRESENTATION_CONTEXT(2) 
PARAMETRIC_REPRESENTATION_CONTEXT() REPRESENTATION_CONTEXT('2D SPACE',''
  ) );
#438 = ORIENTED_EDGE('',*,*,#439,.T.);
#439 = EDGE_CURVE('',#412,#440,#442,.T.);
#440 = VERTEX_POINT('',#441);
#441 = CARTESIAN_POINT('',(24.,40.049916907226,8.6));
#442 = SURFACE_CURVE('',#443,(#447,#454),.PCURVE_S1.);
#443 = LINE('',#444,#445);
#444 = CARTESIAN_POINT('',(-54.50083767664,40.049916907226,8.6));
#445 = VECTOR('',#446,1.);
#446 = DIRECTION('',(1.,-2.018647393712E-18,1.156482317318E-16));
#447 = PCURVE('',#33,#448);
#448 = DEFINITIONAL_REPRESENTATION('',(#449),#453);
#449 = LINE('',#450,#451);
#450 = CARTESIAN_POINT('',(-17.92018261264,0.));
#451 = VECTOR('',#452,1.);
#452 = DIRECTION('',(1.156658482007E-16,1.));
#453 = ( GEOMETRIC_REPRESENTATION_CONTEXT(2) 
PARAMETRIC_REPRESENTATION_CONTEXT() REPRESENTATION_CONTEXT('2D SPACE',''
  ) );
#454 = PCURVE('',#455,#460);
#455 = PLANE('',#456);
#456 = AXIS2_PLACEMENT_3D('',#457,#458,#459);
#457 = CARTESIAN_POINT('',(17.5,183.97540860785,8.6));
#458 = DIRECTION('',(-1.156482317318E-16,0.,1.));
#459 = DIRECTION('',(1.,0.,1.156482317318E-16));
#460 = DEFINITIONAL_REPRESENTATION('',(#461),#465);
#461 = LINE('',#462,#463);
#462 = CARTESIAN_POINT('',(-72.00083767664,-143.9254917006));
#463 = VECTOR('',#464,1.);
#464 = DIRECTION('',(1.,-2.018647393712E-18));
#465 = ( GEOMETRIC_REPRESENTATION_CONTEXT(2) 
PARAMETRIC_REPRESENTATION_CONTEXT() REPRESENTATION_CONTEXT('2D SPACE',''
  ) );
#466 = ORIENTED_EDGE('',*,*,#467,.T.);
#467 = EDGE_CURVE('',#440,#468,#470,.T.);
#468 = VERTEX_POINT('',#469);
#469 = CARTESIAN_POINT('',(24.,39.732234725532,26.8));
#470 = SURFACE_CURVE('',#471,(#475,#482),.PCURVE_S1.);
#471 = LINE('',#472,#473);
#472 = CARTESIAN_POINT('',(24.,39.73716659684,26.517453282036));
#473 = VECTOR('',#474,1.);
#474 = DIRECTION('',(0.,-1.745240643728E-02,0.999847695156));
#475 = PCURVE('',#33,#476);
#476 = DEFINITIONAL_REPRESENTATION('',(#477),#481);
#477 = LINE('',#478,#479);
#478 = CARTESIAN_POINT('',(0.,78.50083767664));
#479 = VECTOR('',#480,1.);
#480 = DIRECTION('',(1.,0.));
#481 = ( GEOMETRIC_REPRESENTATION_CONTEXT(2) 
PARAMETRIC_REPRESENTATION_CONTEXT() REPRESENTATION_CONTEXT('2D SPACE',''
  ) );
#482 = PCURVE('',#483,#488);
#483 = PLANE('',#484);
#484 = AXIS2_PLACEMENT_3D('',#485,#486,#487);
#485 = CARTESIAN_POINT('',(24.,177.73675864966,11.4));
#486 = DIRECTION('',(-1.,0.,0.));
#487 = DIRECTION('',(0.,0.,1.));
#488 = DEFINITIONAL_REPRESENTATION('',(#489),#493);
#489 = LINE('',#490,#491);
#490 = CARTESIAN_POINT('',(15.117453282036,-137.9995920528));
#491 = VECTOR('',#492,1.);
#492 = DIRECTION('',(0.999847695156,-1.745240643728E-02));
#493 = ( GEOMETRIC_REPRESENTATION_CONTEXT(2) 
PARAMETRIC_REPRESENTATION_CONTEXT() REPRESENTATION_CONTEXT('2D SPACE',''
  ) );
#494 = ORIENTED_EDGE('',*,*,#495,.T.);
#495 = EDGE_CURVE('',#468,#496,#498,.T.);
#496 = VERTEX_POINT('',#497);
#497 = CARTESIAN_POINT('',(36.,39.732234725532,26.8));
#498 = SURFACE_CURVE('',#499,(#503,#510),.PCURVE_S1.);
#499 = LINE('',#500,#501);
#500 = CARTESIAN_POINT('',(-54.50083767664,39.732234725532,26.8));
#501 = VECTOR('',#502,1.);
#502 = DIRECTION('',(1.,0.,0.));
#503 = PCURVE('',#33,#504);
#504 = DEFINITIONAL_REPRESENTATION('',(#505),#509);
#505 = LINE('',#506,#507);
#506 = CARTESIAN_POINT('',(0.282589757753,0.));
#507 = VECTOR('',#508,1.);
#508 = DIRECTION('',(0.,1.));
#509 = ( GEOMETRIC_REPRESENTATION_CONTEXT(2) 
PARAMETRIC_REPRESENTATION_CONTEXT() REPRESENTATION_CONTEXT('2D SPACE',''
  ) );
#510 = PCURVE('',#511,#516);
#511 = PLANE('',#512);
#512 = AXIS2_PLACEMENT_3D('',#513,#514,#515);
#513 = CARTESIAN_POINT('',(30.,177.73675864966,26.8));
#514 = DIRECTION('',(0.,0.,1.));
#515 = DIRECTION('',(1.,0.,-0.));
#516 = DEFINITIONAL_REPRESENTATION('',(#517),#521);
#517 = LINE('',#518,#519);
#518 = CARTESIAN_POINT('',(-84.50083767664,-138.0045239241));
#519 = VECTOR('',#520,1.);
#520 = DIRECTION('',(1.,0.));
#521 = ( GEOMETRIC_REPRESENTATION_CONTEXT(2) 
PARAMETRIC_REPRESENTATION_CONTEXT() REPRESENTATION_CONTEXT('2D SPACE',''
  ) );
#522 = ORIENTED_EDGE('',*,*,#523,.F.);
#523 = EDGE_CURVE('',#524,#496,#526,.T.);
#524 = VERTEX_POINT('',#525);
#525 = CARTESIAN_POINT('',(36.,40.049916907226,8.6));
#526 = SURFACE_CURVE('',#527,(#531,#538),.PCURVE_S1.);
#527 = LINE('',#528,#529);
#528 = CARTESIAN_POINT('',(36.,39.73716659684,26.517453282036));
#529 = VECTOR('',#530,1.);
#530 = DIRECTION('',(0.,-1.745240643728E-02,0.999847695156));
#531 = PCURVE('',#33,#532);
#532 = DEFINITIONAL_REPRESENTATION('',(#533),#537);
#533 = LINE('',#534,#535);
#534 = CARTESIAN_POINT('',(0.,90.50083767664));
#535 = VECTOR('',#536,1.);
#536 = DIRECTION('',(1.,0.));
#537 = ( GEOMETRIC_REPRESENTATION_CONTEXT(2) 
PARAMETRIC_REPRESENTATION_CONTEXT() REPRESENTATION_CONTEXT('2D SPACE',''
  ) );
#538 = PCURVE('',#539,#544);
#539 = PLANE('',#540);
#540 = AXIS2_PLACEMENT_3D('',#541,#542,#543);
#541 = CARTESIAN_POINT('',(36.,177.73675864966,11.4));
#542 = DIRECTION('',(-1.,0.,0.));
#543 = DIRECTION('',(0.,0.,1.));
#544 = DEFINITIONAL_REPRESENTATION('',(#545),#549);
#545 = LINE('',#546,#547);
#546 = CARTESIAN_POINT('',(15.117453282036,-137.9995920528));
#547 = VECTOR('',#548,1.);
#548 = DIRECTION('',(0.999847695156,-1.745240643728E-02));
#549 = ( GEOMETRIC_REPRESENTATION_CONTEXT(2) 
PARAMETRIC_REPRESENTATION_CONTEXT() REPRESENTATION_CONTEXT('2D SPACE',''
  ) );
#550 = ORIENTED_EDGE('',*,*,#551,.T.);
#551 = EDGE_CURVE('',#524,#552,#554,.T.);
#552 = VERTEX_POINT('',#553);
#553 = CARTESIAN_POINT('',(40.,40.049916907226,8.6));
#554 = SURFACE_CURVE('',#555,(#559,#566),.PCURVE_S1.);
#555 = LINE('',#556,#557);
#556 = CARTESIAN_POINT('',(-54.50083767664,40.049916907226,8.6));
#557 = VECTOR('',#558,1.);
#558 = DIRECTION('',(1.,-2.018647393712E-18,1.156482317318E-16));
#559 = PCURVE('',#33,#560);
#560 = DEFINITIONAL_REPRESENTATION('',(#561),#565);
#561 = LINE('',#562,#563);
#562 = CARTESIAN_POINT('',(-17.92018261264,0.));
#563 = VECTOR('',#564,1.);
#564 = DIRECTION('',(1.156658482007E-16,1.));
#565 = ( GEOMETRIC_REPRESENTATION_CONTEXT(2) 
PARAMETRIC_REPRESENTATION_CONTEXT() REPRESENTATION_CONTEXT('2D SPACE',''
  ) );
#566 = PCURVE('',#567,#572);
#567 = PLANE('',#568);
#568 = AXIS2_PLACEMENT_3D('',#569,#570,#571);
#569 = CARTESIAN_POINT('',(17.5,183.97540860785,8.6));
#570 = DIRECTION('',(-1.156482317318E-16,0.,1.));
#571 = DIRECTION('',(1.,0.,1.156482317318E-16));
#572 = DEFINITIONAL_REPRESENTATION('',(#573),#577);
#573 = LINE('',#574,#575);
#574 = CARTESIAN_POINT('',(-72.00083767664,-143.9254917006));
#575 = VECTOR('',#576,1.);
#576 = DIRECTION('',(1.,-2.018647393712E-18));
#577 = ( GEOMETRIC_REPRESENTATION_CONTEXT(2) 
PARAMETRIC_REPRESENTATION_CONTEXT() REPRESENTATION_CONTEXT('2D SPACE',''
  ) );
#578 = ORIENTED_EDGE('',*,*,#579,.F.);
#579 = EDGE_CURVE('',#580,#552,#582,.T.);
#580 = VERTEX_POINT('',#581);
#581 = CARTESIAN_POINT('',(40.,40.200030465609,0.));
#582 = SURFACE_CURVE('',#583,(#587,#594),.PCURVE_S1.);
#583 = LINE('',#584,#585);
#584 = CARTESIAN_POINT('',(40.,39.73716659684,26.517453282036));
#585 = VECTOR('',#586,1.);
#586 = DIRECTION('',(-5.506219902188E-16,-1.745240643728E-02,
    0.999847695156));
#587 = PCURVE('',#33,#588);
#588 = DEFINITIONAL_REPRESENTATION('',(#589),#593);
#589 = LINE('',#590,#591);
#590 = CARTESIAN_POINT('',(9.946083233238E-14,94.50083767664));
#591 = VECTOR('',#592,1.);
#592 = DIRECTION('',(1.,-5.506219902188E-16));
#593 = ( GEOMETRIC_REPRESENTATION_CONTEXT(2) 
PARAMETRIC_REPRESENTATION_CONTEXT() REPRESENTATION_CONTEXT('2D SPACE',''
  ) );
#594 = PCURVE('',#595,#600);
#595 = PLANE('',#596);
#596 = AXIS2_PLACEMENT_3D('',#597,#598,#599);
#597 = CARTESIAN_POINT('',(40.,183.97540860785,2.3));
#598 = DIRECTION('',(-1.,0.,-5.507058653895E-16));
#599 = DIRECTION('',(-5.507058653895E-16,0.,1.));
#600 = DEFINITIONAL_REPRESENTATION('',(#601),#605);
#601 = LINE('',#602,#603);
#602 = CARTESIAN_POINT('',(24.217453282036,-144.238242011));
#603 = VECTOR('',#604,1.);
#604 = DIRECTION('',(0.999847695156,-1.745240643728E-02));
#605 = ( GEOMETRIC_REPRESENTATION_CONTEXT(2) 
PARAMETRIC_REPRESENTATION_CONTEXT() REPRESENTATION_CONTEXT('2D SPACE',''
  ) );
#606 = ORIENTED_EDGE('',*,*,#607,.T.);
#607 = EDGE_CURVE('',#580,#608,#610,.T.);
#608 = VERTEX_POINT('',#609);
#609 = CARTESIAN_POINT('',(54.500837672335,40.199979144582,
    -6.458901391396E-07));
#610 = SURFACE_CURVE('',#611,(#615,#622),.PCURVE_S1.);
#611 = LINE('',#612,#613);
#612 = CARTESIAN_POINT('',(-54.50083767664,40.200030465609,
    -9.798402996703E-17));
#613 = VECTOR('',#614,1.);
#614 = DIRECTION('',(1.,0.,0.));
#615 = PCURVE('',#33,#616);
#616 = DEFINITIONAL_REPRESENTATION('',(#617),#621);
#617 = LINE('',#618,#619);
#618 = CARTESIAN_POINT('',(-26.52149263382,0.));
#619 = VECTOR('',#620,1.);
#620 = DIRECTION('',(0.,1.));
#621 = ( GEOMETRIC_REPRESENTATION_CONTEXT(2) 
PARAMETRIC_REPRESENTATION_CONTEXT() REPRESENTATION_CONTEXT('2D SPACE',''
  ) );
#622 = PCURVE('',#623,#628);
#623 = PLANE('',#624);
#624 = AXIS2_PLACEMENT_3D('',#625,#626,#627);
#625 = CARTESIAN_POINT('',(0.,0.,0.));
#626 = DIRECTION('',(0.,0.,1.));
#627 = DIRECTION('',(1.,0.,-0.));
#628 = DEFINITIONAL_REPRESENTATION('',(#629),#633);
#629 = LINE('',#630,#631);
#630 = CARTESIAN_POINT('',(-54.50083767664,40.200030465609));
#631 = VECTOR('',#632,1.);
#632 = DIRECTION('',(1.,0.));
#633 = ( GEOMETRIC_REPRESENTATION_CONTEXT(2) 
PARAMETRIC_REPRESENTATION_CONTEXT() REPRESENTATION_CONTEXT('2D SPACE',''
  ) );
#634 = ORIENTED_EDGE('',*,*,#635,.F.);
#635 = EDGE_CURVE('',#636,#608,#638,.T.);
#636 = VERTEX_POINT('',#637);
#637 = CARTESIAN_POINT('',(54.500837663508,39.274171617855,
    53.034904021508));
#638 = SURFACE_CURVE('',#639,(#643,#650),.PCURVE_S1.);
#639 = LINE('',#640,#641);
#640 = CARTESIAN_POINT('',(54.50083767664,39.73716659684,26.517453282036
    ));
#641 = VECTOR('',#642,1.);
#642 = DIRECTION('',(0.,1.745240643728E-02,-0.999847695156));
#643 = PCURVE('',#33,#644);
#644 = DEFINITIONAL_REPRESENTATION('',(#645),#649);
#645 = LINE('',#646,#647);
#646 = CARTESIAN_POINT('',(0.,109.00167535328));
#647 = VECTOR('',#648,1.);
#648 = DIRECTION('',(-1.,0.));
#649 = ( GEOMETRIC_REPRESENTATION_CONTEXT(2) 
PARAMETRIC_REPRESENTATION_CONTEXT() REPRESENTATION_CONTEXT('2D SPACE',''
  ) );
#650 = PCURVE('',#651,#656);
#651 = CONICAL_SURFACE('',#652,4.773680905797,1.74563017094E-02);
#652 = AXIS2_PLACEMENT_3D('',#653,#654,#655);
#653 = CARTESIAN_POINT('',(54.50035953701,34.500359537009,
    53.034906564073));
#654 = DIRECTION('',(-1.040224564663E-15,-4.913420667647E-16,-1.));
#655 = DIRECTION('',(0.707106781186,0.707106781187,-1.082981150921E-15)
  );
#656 = DEFINITIONAL_REPRESENTATION('',(#657),#661);
#657 = LINE('',#658,#659);
#658 = CARTESIAN_POINT('',(-0.785306140843,26.517456467088));
#659 = VECTOR('',#660,1.);
#660 = DIRECTION('',(-3.067250169932E-07,1.));
#661 = ( GEOMETRIC_REPRESENTATION_CONTEXT(2) 
PARAMETRIC_REPRESENTATION_CONTEXT() REPRESENTATION_CONTEXT('2D SPACE',''
  ) );
#662 = ORIENTED_EDGE('',*,*,#663,.F.);
#663 = EDGE_CURVE('',#664,#636,#666,.T.);
#664 = VERTEX_POINT('',#665);
#665 = CARTESIAN_POINT('',(-54.5008376635,39.274171617855,
    53.034904021508));
#666 = SURFACE_CURVE('',#667,(#671,#678),.PCURVE_S1.);
#667 = LINE('',#668,#669);
#668 = CARTESIAN_POINT('',(-54.50083767664,39.274302728071,
    53.034906564072));
#669 = VECTOR('',#670,1.);
#670 = DIRECTION('',(1.,0.,0.));
#671 = PCURVE('',#33,#672);
#672 = DEFINITIONAL_REPRESENTATION('',(#673),#677);
#673 = LINE('',#674,#675);
#674 = CARTESIAN_POINT('',(26.521492633824,0.));
#675 = VECTOR('',#676,1.);
#676 = DIRECTION('',(0.,1.));
#677 = ( GEOMETRIC_REPRESENTATION_CONTEXT(2) 
PARAMETRIC_REPRESENTATION_CONTEXT() REPRESENTATION_CONTEXT('2D SPACE',''
  ) );
#678 = PCURVE('',#679,#684);
#679 = CYLINDRICAL_SURFACE('',#680,1.999998217696);
#680 = AXIS2_PLACEMENT_3D('',#681,#682,#683);
#681 = CARTESIAN_POINT('',(-54.50083767664,37.274609119791,
    53.000001782303));
#682 = DIRECTION('',(1.,0.,0.));
#683 = DIRECTION('',(0.,0.,-1.));
#684 = DEFINITIONAL_REPRESENTATION('',(#685),#689);
#685 = LINE('',#686,#687);
#686 = CARTESIAN_POINT('',(1.588249619315,0.));
#687 = VECTOR('',#688,1.);
#688 = DIRECTION('',(0.,1.));
#689 = ( GEOMETRIC_REPRESENTATION_CONTEXT(2) 
PARAMETRIC_REPRESENTATION_CONTEXT() REPRESENTATION_CONTEXT('2D SPACE',''
  ) );
#690 = ORIENTED_EDGE('',*,*,#691,.T.);
#691 = EDGE_CURVE('',#664,#692,#694,.T.);
#692 = VERTEX_POINT('',#693);
#693 = CARTESIAN_POINT('',(-54.50083767233,40.199979141127,
    -4.479450563251E-07));
#694 = SURFACE_CURVE('',#695,(#699,#706),.PCURVE_S1.);
#695 = LINE('',#696,#697);
#696 = CARTESIAN_POINT('',(-54.50083767664,39.73716659684,
    26.517453282036));
#697 = VECTOR('',#698,1.);
#698 = DIRECTION('',(0.,1.745240643728E-02,-0.999847695156));
#699 = PCURVE('',#33,#700);
#700 = DEFINITIONAL_REPRESENTATION('',(#701),#705);
#701 = LINE('',#702,#703);
#702 = CARTESIAN_POINT('',(0.,-3.907985046681E-13));
#703 = VECTOR('',#704,1.);
#704 = DIRECTION('',(-1.,0.));
#705 = ( GEOMETRIC_REPRESENTATION_CONTEXT(2) 
PARAMETRIC_REPRESENTATION_CONTEXT() REPRESENTATION_CONTEXT('2D SPACE',''
  ) );
#706 = PCURVE('',#707,#712);
#707 = CONICAL_SURFACE('',#708,4.773680905797,1.745630170941E-02);
#708 = AXIS2_PLACEMENT_3D('',#709,#710,#711);
#709 = CARTESIAN_POINT('',(-54.500359537,34.500359537009,53.034906564073
    ));
#710 = DIRECTION('',(8.741287020738E-16,-5.722479987155E-16,-1.));
#711 = DIRECTION('',(-0.707106781187,0.707106781186,-1.022742773278E-15)
  );
#712 = DEFINITIONAL_REPRESENTATION('',(#713),#717);
#713 = LINE('',#714,#715);
#714 = CARTESIAN_POINT('',(0.785306140843,26.517456467088));
#715 = VECTOR('',#716,1.);
#716 = DIRECTION('',(3.06725018498E-07,1.));
#717 = ( GEOMETRIC_REPRESENTATION_CONTEXT(2) 
PARAMETRIC_REPRESENTATION_CONTEXT() REPRESENTATION_CONTEXT('2D SPACE',''
  ) );
#718 = ORIENTED_EDGE('',*,*,#719,.T.);
#719 = EDGE_CURVE('',#692,#720,#722,.T.);
#720 = VERTEX_POINT('',#721);
#721 = CARTESIAN_POINT('',(-19.,40.200030465609,0.));
#722 = SURFACE_CURVE('',#723,(#727,#734),.PCURVE_S1.);
#723 = LINE('',#724,#725);
#724 = CARTESIAN_POINT('',(-54.50083767664,40.200030465609,
    -9.798402996703E-17));
#725 = VECTOR('',#726,1.);
#726 = DIRECTION('',(1.,0.,0.));
#727 = PCURVE('',#33,#728);
#728 = DEFINITIONAL_REPRESENTATION('',(#729),#733);
#729 = LINE('',#730,#731);
#730 = CARTESIAN_POINT('',(-26.52149263382,0.));
#731 = VECTOR('',#732,1.);
#732 = DIRECTION('',(0.,1.));
#733 = ( GEOMETRIC_REPRESENTATION_CONTEXT(2) 
PARAMETRIC_REPRESENTATION_CONTEXT() REPRESENTATION_CONTEXT('2D SPACE',''
  ) );
#734 = PCURVE('',#735,#740);
#735 = PLANE('',#736);
#736 = AXIS2_PLACEMENT_3D('',#737,#738,#739);
#737 = CARTESIAN_POINT('',(0.,0.,0.));
#738 = DIRECTION('',(0.,0.,1.));
#739 = DIRECTION('',(1.,0.,-0.));
#740 = DEFINITIONAL_REPRESENTATION('',(#741),#745);
#741 = LINE('',#742,#743);
#742 = CARTESIAN_POINT('',(-54.50083767664,40.200030465609));
#743 = VECTOR('',#744,1.);
#744 = DIRECTION('',(1.,0.));
#745 = ( GEOMETRIC_REPRESENTATION_CONTEXT(2) 
PARAMETRIC_REPRESENTATION_CONTEXT() REPRESENTATION_CONTEXT('2D SPACE',''
  ) );
#746 = ORIENTED_EDGE('',*,*,#747,.F.);
#747 = EDGE_CURVE('',#748,#720,#750,.T.);
#748 = VERTEX_POINT('',#749);
#749 = CARTESIAN_POINT('',(-19.,40.032461842298,9.6));
#750 = SURFACE_CURVE('',#751,(#755,#762),.PCURVE_S1.);
#751 = LINE('',#752,#753);
#752 = CARTESIAN_POINT('',(-19.,39.73716659684,26.517453282036));
#753 = VECTOR('',#754,1.);
#754 = DIRECTION('',(0.,1.745240643728E-02,-0.999847695156));
#755 = PCURVE('',#33,#756);
#756 = DEFINITIONAL_REPRESENTATION('',(#757),#761);
#757 = LINE('',#758,#759);
#758 = CARTESIAN_POINT('',(0.,35.50083767664));
#759 = VECTOR('',#760,1.);
#760 = DIRECTION('',(-1.,0.));
#761 = ( GEOMETRIC_REPRESENTATION_CONTEXT(2) 
PARAMETRIC_REPRESENTATION_CONTEXT() REPRESENTATION_CONTEXT('2D SPACE',''
  ) );
#762 = PCURVE('',#763,#768);
#763 = PLANE('',#764);
#764 = AXIS2_PLACEMENT_3D('',#765,#766,#767);
#765 = CARTESIAN_POINT('',(-19.,177.73675864966,2.8));
#766 = DIRECTION('',(1.,0.,0.));
#767 = DIRECTION('',(0.,0.,-1.));
#768 = DEFINITIONAL_REPRESENTATION('',(#769),#773);
#769 = LINE('',#770,#771);
#770 = CARTESIAN_POINT('',(-23.71745328203,-137.9995920528));
#771 = VECTOR('',#772,1.);
#772 = DIRECTION('',(0.999847695156,1.745240643728E-02));
#773 = ( GEOMETRIC_REPRESENTATION_CONTEXT(2) 
PARAMETRIC_REPRESENTATION_CONTEXT() REPRESENTATION_CONTEXT('2D SPACE',''
  ) );
#774 = ORIENTED_EDGE('',*,*,#775,.F.);
#775 = EDGE_CURVE('',#776,#748,#778,.T.);
#776 = VERTEX_POINT('',#777);
#777 = CARTESIAN_POINT('',(-17.,40.032461842298,9.6));
#778 = SURFACE_CURVE('',#779,(#783,#790),.PCURVE_S1.);
#779 = LINE('',#780,#781);
#780 = CARTESIAN_POINT('',(-54.50083767664,40.032461842298,9.6));
#781 = VECTOR('',#782,1.);
#782 = DIRECTION('',(-1.,0.,0.));
#783 = PCURVE('',#33,#784);
#784 = DEFINITIONAL_REPRESENTATION('',(#785),#789);
#785 = LINE('',#786,#787);
#786 = CARTESIAN_POINT('',(-16.9200302846,0.));
#787 = VECTOR('',#788,1.);
#788 = DIRECTION('',(0.,-1.));
#789 = ( GEOMETRIC_REPRESENTATION_CONTEXT(2) 
PARAMETRIC_REPRESENTATION_CONTEXT() REPRESENTATION_CONTEXT('2D SPACE',''
  ) );
#790 = PCURVE('',#791,#796);
#791 = PLANE('',#792);
#792 = AXIS2_PLACEMENT_3D('',#793,#794,#795);
#793 = CARTESIAN_POINT('',(-18.,177.73675864966,9.6));
#794 = DIRECTION('',(0.,0.,-1.));
#795 = DIRECTION('',(-1.,0.,0.));
#796 = DEFINITIONAL_REPRESENTATION('',(#797),#801);
#797 = LINE('',#798,#799);
#798 = CARTESIAN_POINT('',(36.50083767664,-137.7042968073));
#799 = VECTOR('',#800,1.);
#800 = DIRECTION('',(1.,0.));
#801 = ( GEOMETRIC_REPRESENTATION_CONTEXT(2) 
PARAMETRIC_REPRESENTATION_CONTEXT() REPRESENTATION_CONTEXT('2D SPACE',''
  ) );
#802 = ORIENTED_EDGE('',*,*,#803,.T.);
#803 = EDGE_CURVE('',#776,#804,#806,.T.);
#804 = VERTEX_POINT('',#805);
#805 = CARTESIAN_POINT('',(-17.,40.200030465609,0.));
#806 = SURFACE_CURVE('',#807,(#811,#818),.PCURVE_S1.);
#807 = LINE('',#808,#809);
#808 = CARTESIAN_POINT('',(-17.,39.73716659684,26.517453282036));
#809 = VECTOR('',#810,1.);
#810 = DIRECTION('',(0.,1.745240643728E-02,-0.999847695156));
#811 = PCURVE('',#33,#812);
#812 = DEFINITIONAL_REPRESENTATION('',(#813),#817);
#813 = LINE('',#814,#815);
#814 = CARTESIAN_POINT('',(0.,37.50083767664));
#815 = VECTOR('',#816,1.);
#816 = DIRECTION('',(-1.,0.));
#817 = ( GEOMETRIC_REPRESENTATION_CONTEXT(2) 
PARAMETRIC_REPRESENTATION_CONTEXT() REPRESENTATION_CONTEXT('2D SPACE',''
  ) );
#818 = PCURVE('',#819,#824);
#819 = PLANE('',#820);
#820 = AXIS2_PLACEMENT_3D('',#821,#822,#823);
#821 = CARTESIAN_POINT('',(-17.,177.73675864966,2.8));
#822 = DIRECTION('',(1.,0.,0.));
#823 = DIRECTION('',(0.,0.,-1.));
#824 = DEFINITIONAL_REPRESENTATION('',(#825),#829);
#825 = LINE('',#826,#827);
#826 = CARTESIAN_POINT('',(-23.71745328203,-137.9995920528));
#827 = VECTOR('',#828,1.);
#828 = DIRECTION('',(0.999847695156,1.745240643728E-02));
#829 = ( GEOMETRIC_REPRESENTATION_CONTEXT(2) 
PARAMETRIC_REPRESENTATION_CONTEXT() REPRESENTATION_CONTEXT('2D SPACE',''
  ) );
#830 = ORIENTED_EDGE('',*,*,#831,.T.);
#831 = EDGE_CURVE('',#804,#832,#834,.T.);
#832 = VERTEX_POINT('',#833);
#833 = CARTESIAN_POINT('',(-14.,40.200030465609,0.));
#834 = SURFACE_CURVE('',#835,(#839,#846),.PCURVE_S1.);
#835 = LINE('',#836,#837);
#836 = CARTESIAN_POINT('',(-54.50083767664,40.200030465609,
    -9.798402996703E-17));
#837 = VECTOR('',#838,1.);
#838 = DIRECTION('',(1.,0.,0.));
#839 = PCURVE('',#33,#840);
#840 = DEFINITIONAL_REPRESENTATION('',(#841),#845);
#841 = LINE('',#842,#843);
#842 = CARTESIAN_POINT('',(-26.52149263382,0.));
#843 = VECTOR('',#844,1.);
#844 = DIRECTION('',(0.,1.));
#845 = ( GEOMETRIC_REPRESENTATION_CONTEXT(2) 
PARAMETRIC_REPRESENTATION_CONTEXT() REPRESENTATION_CONTEXT('2D SPACE',''
  ) );
#846 = PCURVE('',#847,#852);
#847 = PLANE('',#848);
#848 = AXIS2_PLACEMENT_3D('',#849,#850,#851);
#849 = CARTESIAN_POINT('',(0.,0.,0.));
#850 = DIRECTION('',(0.,0.,1.));
#851 = DIRECTION('',(1.,0.,-0.));
#852 = DEFINITIONAL_REPRESENTATION('',(#853),#857);
#853 = LINE('',#854,#855);
#854 = CARTESIAN_POINT('',(-54.50083767664,40.200030465609));
#855 = VECTOR('',#856,1.);
#856 = DIRECTION('',(1.,0.));
#857 = ( GEOMETRIC_REPRESENTATION_CONTEXT(2) 
PARAMETRIC_REPRESENTATION_CONTEXT() REPRESENTATION_CONTEXT('2D SPACE',''
  ) );
#858 = ORIENTED_EDGE('',*,*,#859,.F.);
#859 = EDGE_CURVE('',#860,#832,#862,.T.);
#860 = VERTEX_POINT('',#861);
#861 = CARTESIAN_POINT('',(-14.,40.032461842298,9.6));
#862 = SURFACE_CURVE('',#863,(#867,#874),.PCURVE_S1.);
#863 = LINE('',#864,#865);
#864 = CARTESIAN_POINT('',(-14.,39.73716659684,26.517453282036));
#865 = VECTOR('',#866,1.);
#866 = DIRECTION('',(2.550675395866E-16,1.745240643728E-02,
    -0.999847695156));
#867 = PCURVE('',#33,#868);
#868 = DEFINITIONAL_REPRESENTATION('',(#869),#873);
#869 = LINE('',#870,#871);
#870 = CARTESIAN_POINT('',(0.,40.50083767664));
#871 = VECTOR('',#872,1.);
#872 = DIRECTION('',(-1.,2.550675395866E-16));
#873 = ( GEOMETRIC_REPRESENTATION_CONTEXT(2) 
PARAMETRIC_REPRESENTATION_CONTEXT() REPRESENTATION_CONTEXT('2D SPACE',''
  ) );
#874 = PCURVE('',#875,#880);
#875 = PLANE('',#876);
#876 = AXIS2_PLACEMENT_3D('',#877,#878,#879);
#877 = CARTESIAN_POINT('',(-14.,177.73675864966,2.8));
#878 = DIRECTION('',(1.,0.,2.55106393526E-16));
#879 = DIRECTION('',(2.55106393526E-16,0.,-1.));
#880 = DEFINITIONAL_REPRESENTATION('',(#881),#885);
#881 = LINE('',#882,#883);
#882 = CARTESIAN_POINT('',(-23.71745328203,-137.9995920528));
#883 = VECTOR('',#884,1.);
#884 = DIRECTION('',(0.999847695156,1.745240643728E-02));
#885 = ( GEOMETRIC_REPRESENTATION_CONTEXT(2) 
PARAMETRIC_REPRESENTATION_CONTEXT() REPRESENTATION_CONTEXT('2D SPACE',''
  ) );
#886 = ORIENTED_EDGE('',*,*,#887,.F.);
#887 = EDGE_CURVE('',#888,#860,#890,.T.);
#888 = VERTEX_POINT('',#889);
#889 = CARTESIAN_POINT('',(-12.,40.032461842298,9.6));
#890 = SURFACE_CURVE('',#891,(#895,#902),.PCURVE_S1.);
#891 = LINE('',#892,#893);
#892 = CARTESIAN_POINT('',(-54.50083767664,40.032461842298,9.6));
#893 = VECTOR('',#894,1.);
#894 = DIRECTION('',(-1.,0.,0.));
#895 = PCURVE('',#33,#896);
#896 = DEFINITIONAL_REPRESENTATION('',(#897),#901);
#897 = LINE('',#898,#899);
#898 = CARTESIAN_POINT('',(-16.9200302846,0.));
#899 = VECTOR('',#900,1.);
#900 = DIRECTION('',(0.,-1.));
#901 = ( GEOMETRIC_REPRESENTATION_CONTEXT(2) 
PARAMETRIC_REPRESENTATION_CONTEXT() REPRESENTATION_CONTEXT('2D SPACE',''
  ) );
#902 = PCURVE('',#903,#908);
#903 = PLANE('',#904);
#904 = AXIS2_PLACEMENT_3D('',#905,#906,#907);
#905 = CARTESIAN_POINT('',(-13.,177.73675864966,9.6));
#906 = DIRECTION('',(0.,0.,-1.));
#907 = DIRECTION('',(-1.,0.,0.));
#908 = DEFINITIONAL_REPRESENTATION('',(#909),#913);
#909 = LINE('',#910,#911);
#910 = CARTESIAN_POINT('',(41.50083767664,-137.7042968073));
#911 = VECTOR('',#912,1.);
#912 = DIRECTION('',(1.,0.));
#913 = ( GEOMETRIC_REPRESENTATION_CONTEXT(2) 
PARAMETRIC_REPRESENTATION_CONTEXT() REPRESENTATION_CONTEXT('2D SPACE',''
  ) );
#914 = ORIENTED_EDGE('',*,*,#915,.T.);
#915 = EDGE_CURVE('',#888,#916,#918,.T.);
#916 = VERTEX_POINT('',#917);
#917 = CARTESIAN_POINT('',(-12.,40.200030465609,0.));
#918 = SURFACE_CURVE('',#919,(#923,#930),.PCURVE_S1.);
#919 = LINE('',#920,#921);
#920 = CARTESIAN_POINT('',(-12.,39.73716659684,26.517453282036));
#921 = VECTOR('',#922,1.);
#922 = DIRECTION('',(2.550675395866E-16,1.745240643728E-02,
    -0.999847695156));
#923 = PCURVE('',#33,#924);
#924 = DEFINITIONAL_REPRESENTATION('',(#925),#929);
#925 = LINE('',#926,#927);
#926 = CARTESIAN_POINT('',(0.,42.50083767664));
#927 = VECTOR('',#928,1.);
#928 = DIRECTION('',(-1.,2.550675395866E-16));
#929 = ( GEOMETRIC_REPRESENTATION_CONTEXT(2) 
PARAMETRIC_REPRESENTATION_CONTEXT() REPRESENTATION_CONTEXT('2D SPACE',''
  ) );
#930 = PCURVE('',#931,#936);
#931 = PLANE('',#932);
#932 = AXIS2_PLACEMENT_3D('',#933,#934,#935);
#933 = CARTESIAN_POINT('',(-12.,177.73675864966,2.8));
#934 = DIRECTION('',(1.,0.,2.55106393526E-16));
#935 = DIRECTION('',(2.55106393526E-16,0.,-1.));
#936 = DEFINITIONAL_REPRESENTATION('',(#937),#941);
#937 = LINE('',#938,#939);
#938 = CARTESIAN_POINT('',(-23.71745328203,-137.9995920528));
#939 = VECTOR('',#940,1.);
#940 = DIRECTION('',(0.999847695156,1.745240643728E-02));
#941 = ( GEOMETRIC_REPRESENTATION_CONTEXT(2) 
PARAMETRIC_REPRESENTATION_CONTEXT() REPRESENTATION_CONTEXT('2D SPACE',''
  ) );
#942 = ORIENTED_EDGE('',*,*,#943,.T.);
#943 = EDGE_CURVE('',#916,#944,#946,.T.);
#944 = VERTEX_POINT('',#945);
#945 = CARTESIAN_POINT('',(-5.,40.200030465609,0.));
#946 = SURFACE_CURVE('',#947,(#951,#958),.PCURVE_S1.);
#947 = LINE('',#948,#949);
#948 = CARTESIAN_POINT('',(-54.50083767664,40.200030465609,
    -9.798402996703E-17));
#949 = VECTOR('',#950,1.);
#950 = DIRECTION('',(1.,0.,0.));
#951 = PCURVE('',#33,#952);
#952 = DEFINITIONAL_REPRESENTATION('',(#953),#957);
#953 = LINE('',#954,#955);
#954 = CARTESIAN_POINT('',(-26.52149263382,0.));
#955 = VECTOR('',#956,1.);
#956 = DIRECTION('',(0.,1.));
#957 = ( GEOMETRIC_REPRESENTATION_CONTEXT(2) 
PARAMETRIC_REPRESENTATION_CONTEXT() REPRESENTATION_CONTEXT('2D SPACE',''
  ) );
#958 = PCURVE('',#959,#964);
#959 = PLANE('',#960);
#960 = AXIS2_PLACEMENT_3D('',#961,#962,#963);
#961 = CARTESIAN_POINT('',(0.,0.,0.));
#962 = DIRECTION('',(0.,0.,1.));
#963 = DIRECTION('',(1.,0.,-0.));
#964 = DEFINITIONAL_REPRESENTATION('',(#965),#969);
#965 = LINE('',#966,#967);
#966 = CARTESIAN_POINT('',(-54.50083767664,40.200030465609));
#967 = VECTOR('',#968,1.);
#968 = DIRECTION('',(1.,0.));
#969 = ( GEOMETRIC_REPRESENTATION_CONTEXT(2) 
PARAMETRIC_REPRESENTATION_CONTEXT() REPRESENTATION_CONTEXT('2D SPACE',''
  ) );
#970 = ORIENTED_EDGE('',*,*,#971,.T.);
#971 = EDGE_CURVE('',#944,#972,#974,.T.);
#972 = VERTEX_POINT('',#973);
#973 = CARTESIAN_POINT('',(-5.,40.049916907226,8.6));
#974 = SURFACE_CURVE('',#975,(#979,#986),.PCURVE_S1.);
#975 = LINE('',#976,#977);
#976 = CARTESIAN_POINT('',(-5.,39.73716659684,26.517453282036));
#977 = VECTOR('',#978,1.);
#978 = DIRECTION('',(-2.753109951094E-16,-1.745240643728E-02,
    0.999847695156));
#979 = PCURVE('',#33,#980);
#980 = DEFINITIONAL_REPRESENTATION('',(#981),#985);
#981 = LINE('',#982,#983);
#982 = CARTESIAN_POINT('',(0.,49.50083767664));
#983 = VECTOR('',#984,1.);
#984 = DIRECTION('',(1.,-2.753109951094E-16));
#985 = ( GEOMETRIC_REPRESENTATION_CONTEXT(2) 
PARAMETRIC_REPRESENTATION_CONTEXT() REPRESENTATION_CONTEXT('2D SPACE',''
  ) );
#986 = PCURVE('',#987,#992);
#987 = PLANE('',#988);
#988 = AXIS2_PLACEMENT_3D('',#989,#990,#991);
#989 = CARTESIAN_POINT('',(-5.,183.97540860785,2.3));
#990 = DIRECTION('',(-1.,0.,-2.753529326947E-16));
#991 = DIRECTION('',(-2.753529326947E-16,0.,1.));
#992 = DEFINITIONAL_REPRESENTATION('',(#993),#997);
#993 = LINE('',#994,#995);
#994 = CARTESIAN_POINT('',(24.217453282036,-144.238242011));
#995 = VECTOR('',#996,1.);
#996 = DIRECTION('',(0.999847695156,-1.745240643728E-02));
#997 = ( GEOMETRIC_REPRESENTATION_CONTEXT(2) 
PARAMETRIC_REPRESENTATION_CONTEXT() REPRESENTATION_CONTEXT('2D SPACE',''
  ) );
#998 = ORIENTED_EDGE('',*,*,#999,.T.);
#999 = EDGE_CURVE('',#972,#1000,#1002,.T.);
#1000 = VERTEX_POINT('',#1001);
#1001 = CARTESIAN_POINT('',(-1.,40.049916907226,8.6));
#1002 = SURFACE_CURVE('',#1003,(#1007,#1014),.PCURVE_S1.);
#1003 = LINE('',#1004,#1005);
#1004 = CARTESIAN_POINT('',(-54.50083767664,40.049916907226,8.6));
#1005 = VECTOR('',#1006,1.);
#1006 = DIRECTION('',(1.,-2.018647393712E-18,1.156482317318E-16));
#1007 = PCURVE('',#33,#1008);
#1008 = DEFINITIONAL_REPRESENTATION('',(#1009),#1013);
#1009 = LINE('',#1010,#1011);
#1010 = CARTESIAN_POINT('',(-17.92018261264,0.));
#1011 = VECTOR('',#1012,1.);
#1012 = DIRECTION('',(1.156658482007E-16,1.));
#1013 = ( GEOMETRIC_REPRESENTATION_CONTEXT(2) 
PARAMETRIC_REPRESENTATION_CONTEXT() REPRESENTATION_CONTEXT('2D SPACE',''
  ) );
#1014 = PCURVE('',#1015,#1020);
#1015 = PLANE('',#1016);
#1016 = AXIS2_PLACEMENT_3D('',#1017,#1018,#1019);
#1017 = CARTESIAN_POINT('',(17.5,183.97540860785,8.6));
#1018 = DIRECTION('',(-1.156482317318E-16,0.,1.));
#1019 = DIRECTION('',(1.,0.,1.156482317318E-16));
#1020 = DEFINITIONAL_REPRESENTATION('',(#1021),#1025);
#1021 = LINE('',#1022,#1023);
#1022 = CARTESIAN_POINT('',(-72.00083767664,-143.9254917006));
#1023 = VECTOR('',#1024,1.);
#1024 = DIRECTION('',(1.,-2.018647393712E-18));
#1025 = ( GEOMETRIC_REPRESENTATION_CONTEXT(2) 
PARAMETRIC_REPRESENTATION_CONTEXT() REPRESENTATION_CONTEXT('2D SPACE',''
  ) );
#1026 = ORIENTED_EDGE('',*,*,#1027,.F.);
#1027 = EDGE_CURVE('',#1028,#1000,#1030,.T.);
#1028 = VERTEX_POINT('',#1029);
#1029 = CARTESIAN_POINT('',(-1.,39.732234725532,26.8));
#1030 = SURFACE_CURVE('',#1031,(#1035,#1042),.PCURVE_S1.);
#1031 = LINE('',#1032,#1033);
#1032 = CARTESIAN_POINT('',(-1.,39.73716659684,26.517453282036));
#1033 = VECTOR('',#1034,1.);
#1034 = DIRECTION('',(5.631361263601E-17,1.745240643728E-02,
    -0.999847695156));
#1035 = PCURVE('',#33,#1036);
#1036 = DEFINITIONAL_REPRESENTATION('',(#1037),#1041);
#1037 = LINE('',#1038,#1039);
#1038 = CARTESIAN_POINT('',(0.,53.50083767664));
#1039 = VECTOR('',#1040,1.);
#1040 = DIRECTION('',(-1.,5.631361263601E-17));
#1041 = ( GEOMETRIC_REPRESENTATION_CONTEXT(2) 
PARAMETRIC_REPRESENTATION_CONTEXT() REPRESENTATION_CONTEXT('2D SPACE',''
  ) );
#1042 = PCURVE('',#1043,#1048);
#1043 = PLANE('',#1044);
#1044 = AXIS2_PLACEMENT_3D('',#1045,#1046,#1047);
#1045 = CARTESIAN_POINT('',(-1.,177.73675864966,11.4));
#1046 = DIRECTION('',(1.,0.,5.632219077847E-17));
#1047 = DIRECTION('',(5.632219077847E-17,0.,-1.));
#1048 = DEFINITIONAL_REPRESENTATION('',(#1049),#1053);
#1049 = LINE('',#1050,#1051);
#1050 = CARTESIAN_POINT('',(-15.11745328203,-137.9995920528));
#1051 = VECTOR('',#1052,1.);
#1052 = DIRECTION('',(0.999847695156,1.745240643728E-02));
#1053 = ( GEOMETRIC_REPRESENTATION_CONTEXT(2) 
PARAMETRIC_REPRESENTATION_CONTEXT() REPRESENTATION_CONTEXT('2D SPACE',''
  ) );
#1054 = ORIENTED_EDGE('',*,*,#1055,.T.);
#1055 = EDGE_CURVE('',#1028,#410,#1056,.T.);
#1056 = SURFACE_CURVE('',#1057,(#1061,#1068),.PCURVE_S1.);
#1057 = LINE('',#1058,#1059);
#1058 = CARTESIAN_POINT('',(-54.50083767664,39.732234725532,26.8));
#1059 = VECTOR('',#1060,1.);
#1060 = DIRECTION('',(1.,0.,0.));
#1061 = PCURVE('',#33,#1062);
#1062 = DEFINITIONAL_REPRESENTATION('',(#1063),#1067);
#1063 = LINE('',#1064,#1065);
#1064 = CARTESIAN_POINT('',(0.282589757753,0.));
#1065 = VECTOR('',#1066,1.);
#1066 = DIRECTION('',(0.,1.));
#1067 = ( GEOMETRIC_REPRESENTATION_CONTEXT(2) 
PARAMETRIC_REPRESENTATION_CONTEXT() REPRESENTATION_CONTEXT('2D SPACE',''
  ) );
#1068 = PCURVE('',#1069,#1074);
#1069 = PLANE('',#1070);
#1070 = AXIS2_PLACEMENT_3D('',#1071,#1072,#1073);
#1071 = CARTESIAN_POINT('',(5.,177.73675864966,26.8));
#1072 = DIRECTION('',(0.,0.,1.));
#1073 = DIRECTION('',(1.,0.,-0.));
#1074 = DEFINITIONAL_REPRESENTATION('',(#1075),#1079);
#1075 = LINE('',#1076,#1077);
#1076 = CARTESIAN_POINT('',(-59.50083767664,-138.0045239241));
#1077 = VECTOR('',#1078,1.);
#1078 = DIRECTION('',(1.,0.));
#1079 = ( GEOMETRIC_REPRESENTATION_CONTEXT(2) 
PARAMETRIC_REPRESENTATION_CONTEXT() REPRESENTATION_CONTEXT('2D SPACE',''
  ) );
#1080 = ADVANCED_FACE('',(#1081,#1112,#1138,#1164,#1190,#1216,#1242,
    #1290),#1094,.F.);
#1081 = FACE_BOUND('',#1082,.T.);
#1082 = EDGE_LOOP('',(#1083));
#1083 = ORIENTED_EDGE('',*,*,#1084,.T.);
#1084 = EDGE_CURVE('',#1085,#1085,#1087,.T.);
#1085 = VERTEX_POINT('',#1086);
#1086 = CARTESIAN_POINT('',(-10.,44.336593091887,38.006556311377));
#1087 = SURFACE_CURVE('',#1088,(#1093,#1105),.PCURVE_S1.);
#1088 = CIRCLE('',#1089,1.25);
#1089 = AXIS2_PLACEMENT_3D('',#1090,#1091,#1092);
#1090 = CARTESIAN_POINT('',(-10.,44.31477758384,39.256365930322));
#1091 = DIRECTION('',(0.,-0.999847695156,-1.745240643728E-02));
#1092 = DIRECTION('',(0.,1.745240643728E-02,-0.999847695156));
#1093 = PCURVE('',#1094,#1099);
#1094 = PLANE('',#1095);
#1095 = AXIS2_PLACEMENT_3D('',#1096,#1097,#1098);
#1096 = CARTESIAN_POINT('',(59.276302728071,44.519985714474,27.5));
#1097 = DIRECTION('',(0.,-0.999847695156,-1.745240643728E-02));
#1098 = DIRECTION('',(0.,1.745240643728E-02,-0.999847695156));
#1099 = DEFINITIONAL_REPRESENTATION('',(#1100),#1104);
#1100 = CIRCLE('',#1101,1.25);
#1101 = AXIS2_PLACEMENT_2D('',#1102,#1103);
#1102 = CARTESIAN_POINT('',(-11.75815675454,-69.27630272807));
#1103 = DIRECTION('',(1.,0.));
#1104 = ( GEOMETRIC_REPRESENTATION_CONTEXT(2) 
PARAMETRIC_REPRESENTATION_CONTEXT() REPRESENTATION_CONTEXT('2D SPACE',''
  ) );
#1105 = PCURVE('',#45,#1106);
#1106 = DEFINITIONAL_REPRESENTATION('',(#1107),#1111);
#1107 = LINE('',#1108,#1109);
#1108 = CARTESIAN_POINT('',(0.,177.87106600625));
#1109 = VECTOR('',#1110,1.);
#1110 = DIRECTION('',(1.,0.));
#1111 = ( GEOMETRIC_REPRESENTATION_CONTEXT(2) 
PARAMETRIC_REPRESENTATION_CONTEXT() REPRESENTATION_CONTEXT('2D SPACE',''
  ) );
#1112 = FACE_BOUND('',#1113,.T.);
#1113 = EDGE_LOOP('',(#1114));
#1114 = ORIENTED_EDGE('',*,*,#1115,.T.);
#1115 = EDGE_CURVE('',#1116,#1116,#1118,.T.);
#1116 = VERTEX_POINT('',#1117);
#1117 = CARTESIAN_POINT('',(45.,44.336593091887,38.006556311377));
#1118 = SURFACE_CURVE('',#1119,(#1124,#1131),.PCURVE_S1.);
#1119 = CIRCLE('',#1120,1.25);
#1120 = AXIS2_PLACEMENT_3D('',#1121,#1122,#1123);
#1121 = CARTESIAN_POINT('',(45.,44.31477758384,39.256365930322));
#1122 = DIRECTION('',(0.,-0.999847695156,-1.745240643728E-02));
#1123 = DIRECTION('',(0.,1.745240643728E-02,-0.999847695156));
#1124 = PCURVE('',#1094,#1125);
#1125 = DEFINITIONAL_REPRESENTATION('',(#1126),#1130);
#1126 = CIRCLE('',#1127,1.25);
#1127 = AXIS2_PLACEMENT_2D('',#1128,#1129);
#1128 = CARTESIAN_POINT('',(-11.75815675454,-14.27630272807));
#1129 = DIRECTION('',(1.,0.));
#1130 = ( GEOMETRIC_REPRESENTATION_CONTEXT(2) 
PARAMETRIC_REPRESENTATION_CONTEXT() REPRESENTATION_CONTEXT('2D SPACE',''
  ) );
#1131 = PCURVE('',#100,#1132);
#1132 = DEFINITIONAL_REPRESENTATION('',(#1133),#1137);
#1133 = LINE('',#1134,#1135);
#1134 = CARTESIAN_POINT('',(0.,177.87106600625));
#1135 = VECTOR('',#1136,1.);
#1136 = DIRECTION('',(1.,0.));
#1137 = ( GEOMETRIC_REPRESENTATION_CONTEXT(2) 
PARAMETRIC_REPRESENTATION_CONTEXT() REPRESENTATION_CONTEXT('2D SPACE',''
  ) );
#1138 = FACE_BOUND('',#1139,.T.);
#1139 = EDGE_LOOP('',(#1140));
#1140 = ORIENTED_EDGE('',*,*,#1141,.T.);
#1141 = EDGE_CURVE('',#1142,#1142,#1144,.T.);
#1142 = VERTEX_POINT('',#1143);
#1143 = CARTESIAN_POINT('',(-10.,44.658685488634,19.553895260174));
#1144 = SURFACE_CURVE('',#1145,(#1150,#1157),.PCURVE_S1.);
#1145 = CIRCLE('',#1146,1.25);
#1146 = AXIS2_PLACEMENT_3D('',#1147,#1148,#1149);
#1147 = CARTESIAN_POINT('',(-10.,44.636869980588,20.803704879119));
#1148 = DIRECTION('',(0.,-0.999847695156,-1.745240643728E-02));
#1149 = DIRECTION('',(0.,1.745240643728E-02,-0.999847695156));
#1150 = PCURVE('',#1094,#1151);
#1151 = DEFINITIONAL_REPRESENTATION('',(#1152),#1156);
#1152 = CIRCLE('',#1153,1.25);
#1153 = AXIS2_PLACEMENT_2D('',#1154,#1155);
#1154 = CARTESIAN_POINT('',(6.697315154417,-69.27630272807));
#1155 = DIRECTION('',(1.,0.));
#1156 = ( GEOMETRIC_REPRESENTATION_CONTEXT(2) 
PARAMETRIC_REPRESENTATION_CONTEXT() REPRESENTATION_CONTEXT('2D SPACE',''
  ) );
#1157 = PCURVE('',#155,#1158);
#1158 = DEFINITIONAL_REPRESENTATION('',(#1159),#1163);
#1159 = LINE('',#1160,#1161);
#1160 = CARTESIAN_POINT('',(0.,176.57617013207));
#1161 = VECTOR('',#1162,1.);
#1162 = DIRECTION('',(1.,0.));
#1163 = ( GEOMETRIC_REPRESENTATION_CONTEXT(2) 
PARAMETRIC_REPRESENTATION_CONTEXT() REPRESENTATION_CONTEXT('2D SPACE',''
  ) );
#1164 = FACE_BOUND('',#1165,.T.);
#1165 = EDGE_LOOP('',(#1166));
#1166 = ORIENTED_EDGE('',*,*,#1167,.T.);
#1167 = EDGE_CURVE('',#1168,#1168,#1170,.T.);
#1168 = VERTEX_POINT('',#1169);
#1169 = CARTESIAN_POINT('',(45.,44.658685488634,19.553895260174));
#1170 = SURFACE_CURVE('',#1171,(#1176,#1183),.PCURVE_S1.);
#1171 = CIRCLE('',#1172,1.25);
#1172 = AXIS2_PLACEMENT_3D('',#1173,#1174,#1175);
#1173 = CARTESIAN_POINT('',(45.,44.636869980588,20.803704879119));
#1174 = DIRECTION('',(0.,-0.999847695156,-1.745240643728E-02));
#1175 = DIRECTION('',(0.,1.745240643728E-02,-0.999847695156));
#1176 = PCURVE('',#1094,#1177);
#1177 = DEFINITIONAL_REPRESENTATION('',(#1178),#1182);
#1178 = CIRCLE('',#1179,1.25);
#1179 = AXIS2_PLACEMENT_2D('',#1180,#1181);
#1180 = CARTESIAN_POINT('',(6.697315154417,-14.27630272807));
#1181 = DIRECTION('',(1.,0.));
#1182 = ( GEOMETRIC_REPRESENTATION_CONTEXT(2) 
PARAMETRIC_REPRESENTATION_CONTEXT() REPRESENTATION_CONTEXT('2D SPACE',''
  ) );
#1183 = PCURVE('',#210,#1184);
#1184 = DEFINITIONAL_REPRESENTATION('',(#1185),#1189);
#1185 = LINE('',#1186,#1187);
#1186 = CARTESIAN_POINT('',(0.,176.57617013207));
#1187 = VECTOR('',#1188,1.);
#1188 = DIRECTION('',(1.,0.));
#1189 = ( GEOMETRIC_REPRESENTATION_CONTEXT(2) 
PARAMETRIC_REPRESENTATION_CONTEXT() REPRESENTATION_CONTEXT('2D SPACE',''
  ) );
#1190 = FACE_BOUND('',#1191,.T.);
#1191 = EDGE_LOOP('',(#1192));
#1192 = ORIENTED_EDGE('',*,*,#1193,.T.);
#1193 = EDGE_CURVE('',#1194,#1194,#1196,.T.);
#1194 = VERTEX_POINT('',#1195);
#1195 = CARTESIAN_POINT('',(41.4224,44.457110194283,31.10213613923));
#1196 = SURFACE_CURVE('',#1197,(#1202,#1209),.PCURVE_S1.);
#1197 = CIRCLE('',#1198,1.);
#1198 = AXIS2_PLACEMENT_3D('',#1199,#1200,#1201);
#1199 = CARTESIAN_POINT('',(41.4224,44.439657787846,32.101983834387));
#1200 = DIRECTION('',(0.,-0.999847695156,-1.745240643728E-02));
#1201 = DIRECTION('',(0.,1.745240643728E-02,-0.999847695156));
#1202 = PCURVE('',#1094,#1203);
#1203 = DEFINITIONAL_REPRESENTATION('',(#1204),#1208);
#1204 = CIRCLE('',#1205,1.);
#1205 = AXIS2_PLACEMENT_2D('',#1206,#1207);
#1206 = CARTESIAN_POINT('',(-4.602684845583,-17.85390272807));
#1207 = DIRECTION('',(1.,0.));
#1208 = ( GEOMETRIC_REPRESENTATION_CONTEXT(2) 
PARAMETRIC_REPRESENTATION_CONTEXT() REPRESENTATION_CONTEXT('2D SPACE',''
  ) );
#1209 = PCURVE('',#265,#1210);
#1210 = DEFINITIONAL_REPRESENTATION('',(#1211),#1215);
#1211 = LINE('',#1212,#1213);
#1212 = CARTESIAN_POINT('',(0.,170.33752017388));
#1213 = VECTOR('',#1214,1.);
#1214 = DIRECTION('',(1.,0.));
#1215 = ( GEOMETRIC_REPRESENTATION_CONTEXT(2) 
PARAMETRIC_REPRESENTATION_CONTEXT() REPRESENTATION_CONTEXT('2D SPACE',''
  ) );
#1216 = FACE_BOUND('',#1217,.T.);
#1217 = EDGE_LOOP('',(#1218));
#1218 = ORIENTED_EDGE('',*,*,#1219,.T.);
#1219 = EDGE_CURVE('',#1220,#1220,#1222,.T.);
#1220 = VERTEX_POINT('',#1221);
#1221 = CARTESIAN_POINT('',(-6.4224,44.457110194283,31.10213613923));
#1222 = SURFACE_CURVE('',#1223,(#1228,#1235),.PCURVE_S1.);
#1223 = CIRCLE('',#1224,1.);
#1224 = AXIS2_PLACEMENT_3D('',#1225,#1226,#1227);
#1225 = CARTESIAN_POINT('',(-6.4224,44.439657787846,32.101983834387));
#1226 = DIRECTION('',(0.,-0.999847695156,-1.745240643728E-02));
#1227 = DIRECTION('',(0.,1.745240643728E-02,-0.999847695156));
#1228 = PCURVE('',#1094,#1229);
#1229 = DEFINITIONAL_REPRESENTATION('',(#1230),#1234);
#1230 = CIRCLE('',#1231,1.);
#1231 = AXIS2_PLACEMENT_2D('',#1232,#1233);
#1232 = CARTESIAN_POINT('',(-4.602684845583,-65.69870272807));
#1233 = DIRECTION('',(1.,0.));
#1234 = ( GEOMETRIC_REPRESENTATION_CONTEXT(2) 
PARAMETRIC_REPRESENTATION_CONTEXT() REPRESENTATION_CONTEXT('2D SPACE',''
  ) );
#1235 = PCURVE('',#320,#1236);
#1236 = DEFINITIONAL_REPRESENTATION('',(#1237),#1241);
#1237 = LINE('',#1238,#1239);
#1238 = CARTESIAN_POINT('',(0.,170.33752017388));
#1239 = VECTOR('',#1240,1.);
#1240 = DIRECTION('',(1.,0.));
#1241 = ( GEOMETRIC_REPRESENTATION_CONTEXT(2) 
PARAMETRIC_REPRESENTATION_CONTEXT() REPRESENTATION_CONTEXT('2D SPACE',''
  ) );
#1242 = FACE_BOUND('',#1243,.T.);
#1243 = EDGE_LOOP('',(#1244));
#1244 = ORIENTED_EDGE('',*,*,#1245,.T.);
#1245 = EDGE_CURVE('',#1246,#1246,#1248,.T.);
#1246 = VERTEX_POINT('',#1247);
#1247 = CARTESIAN_POINT('',(-5.,44.146688047143,48.886209038249));
#1248 = SURFACE_CURVE('',#1249,(#1254,#1261),.PCURVE_S1.);
#1249 = ELLIPSE('',#1250,1.250761930374,1.25);
#1250 = AXIS2_PLACEMENT_3D('',#1251,#1252,#1253);
#1251 = CARTESIAN_POINT('',(-5.,44.168516852708,47.635637604975));
#1252 = DIRECTION('',(0.,-0.999847695156,-1.745240643728E-02));
#1253 = DIRECTION('',(0.,-1.745240643728E-02,0.999847695156));
#1254 = PCURVE('',#1094,#1255);
#1255 = DEFINITIONAL_REPRESENTATION('',(#1256),#1260);
#1256 = ELLIPSE('',#1257,1.250761930374,1.25);
#1257 = AXIS2_PLACEMENT_2D('',#1258,#1259);
#1258 = CARTESIAN_POINT('',(-20.13870482726,-64.27630272807));
#1259 = DIRECTION('',(-1.,0.));
#1260 = ( GEOMETRIC_REPRESENTATION_CONTEXT(2) 
PARAMETRIC_REPRESENTATION_CONTEXT() REPRESENTATION_CONTEXT('2D SPACE',''
  ) );
#1261 = PCURVE('',#373,#1262);
#1262 = DEFINITIONAL_REPRESENTATION('',(#1263),#1289);
#1263 = B_SPLINE_CURVE_WITH_KNOTS('',3,(#1264,#1265,#1266,#1267,#1268,
    #1269,#1270,#1271,#1272,#1273,#1274,#1275,#1276,#1277,#1278,#1279,
    #1280,#1281,#1282,#1283,#1284,#1285,#1286,#1287,#1288),
  .UNSPECIFIED.,.F.,.F.,(4,1,1,1,1,1,1,1,1,1,1,1,1,1,1,1,1,1,1,1,1,1,4),
  (0.,0.285599332145,0.571198664289,0.856797996434,1.142397328578,
    1.427996660723,1.713595992867,1.999195325012,2.284794657156,
    2.570393989301,2.855993321445,3.14159265359,3.427191985734,
    3.712791317879,3.998390650023,4.283989982168,4.569589314312,
    4.855188646457,5.140787978601,5.426387310746,5.711986642891,
    5.997585975035,6.28318530718),.QUASI_UNIFORM_KNOTS.);
#1264 = CARTESIAN_POINT('',(3.14159265359,92.456068539998));
#1265 = CARTESIAN_POINT('',(3.236792430971,92.456091125));
#1266 = CARTESIAN_POINT('',(3.427191985734,92.454863143674));
#1267 = CARTESIAN_POINT('',(3.712791317879,92.449644525646));
#1268 = CARTESIAN_POINT('',(3.998390650023,92.441393377825));
#1269 = CARTESIAN_POINT('',(4.283989982168,92.4307992374));
#1270 = CARTESIAN_POINT('',(4.569589314312,92.418714730719));
#1271 = CARTESIAN_POINT('',(4.855188646457,92.406120385995));
#1272 = CARTESIAN_POINT('',(5.140787978602,92.394036116634));
#1273 = CARTESIAN_POINT('',(5.426387310746,92.383441026927));
#1274 = CARTESIAN_POINT('',(5.711986642891,92.375193438914));
#1275 = CARTESIAN_POINT('',(5.997585975035,92.369961530937));
#1276 = CARTESIAN_POINT('',(6.28318530718,92.368169158935));
#1277 = CARTESIAN_POINT('',(6.568784639324,92.369961530937));
#1278 = CARTESIAN_POINT('',(6.854383971469,92.375193438914));
#1279 = CARTESIAN_POINT('',(7.139983303613,92.383441026927));
#1280 = CARTESIAN_POINT('',(7.425582635758,92.394036116634));
#1281 = CARTESIAN_POINT('',(7.711181967902,92.406120385995));
#1282 = CARTESIAN_POINT('',(7.996781300047,92.418714730719));
#1283 = CARTESIAN_POINT('',(8.282380632191,92.4307992374));
#1284 = CARTESIAN_POINT('',(8.567979964336,92.441393377825));
#1285 = CARTESIAN_POINT('',(8.85357929648,92.449644525646));
#1286 = CARTESIAN_POINT('',(9.139178628625,92.454863143674));
#1287 = CARTESIAN_POINT('',(9.329578183388,92.456091125));
#1288 = CARTESIAN_POINT('',(9.424777960769,92.456068539998));
#1289 = ( GEOMETRIC_REPRESENTATION_CONTEXT(2) 
PARAMETRIC_REPRESENTATION_CONTEXT() REPRESENTATION_CONTEXT('2D SPACE',''
  ) );
#1290 = FACE_BOUND('',#1291,.T.);
#1291 = EDGE_LOOP('',(#1292,#1317,#1340,#1363,#1386,#1409,#1432,#1455,
    #1478,#1501,#1524,#1547,#1570,#1593,#1616,#1639,#1662,#1685,#1708,
    #1731,#1754,#1782,#1810,#1838));
#1292 = ORIENTED_EDGE('',*,*,#1293,.F.);
#1293 = EDGE_CURVE('',#1294,#1296,#1298,.T.);
#1294 = VERTEX_POINT('',#1295);
#1295 = CARTESIAN_POINT('',(40.,44.849886441617,8.6));
#1296 = VERTEX_POINT('',#1297);
#1297 = CARTESIAN_POINT('',(40.,45.,0.));
#1298 = SURFACE_CURVE('',#1299,(#1303,#1310),.PCURVE_S1.);
#1299 = LINE('',#1300,#1301);
#1300 = CARTESIAN_POINT('',(40.,44.519985714474,27.5));
#1301 = VECTOR('',#1302,1.);
#1302 = DIRECTION('',(5.506219902188E-16,1.745240643728E-02,
    -0.999847695156));
#1303 = PCURVE('',#1094,#1304);
#1304 = DEFINITIONAL_REPRESENTATION('',(#1305),#1309);
#1305 = LINE('',#1306,#1307);
#1306 = CARTESIAN_POINT('',(0.,-19.27630272807));
#1307 = VECTOR('',#1308,1.);
#1308 = DIRECTION('',(1.,5.506219902188E-16));
#1309 = ( GEOMETRIC_REPRESENTATION_CONTEXT(2) 
PARAMETRIC_REPRESENTATION_CONTEXT() REPRESENTATION_CONTEXT('2D SPACE',''
  ) );
#1310 = PCURVE('',#595,#1311);
#1311 = DEFINITIONAL_REPRESENTATION('',(#1312),#1316);
#1312 = LINE('',#1313,#1314);
#1313 = CARTESIAN_POINT('',(25.2,-139.4554228933));
#1314 = VECTOR('',#1315,1.);
#1315 = DIRECTION('',(-0.999847695156,1.745240643728E-02));
#1316 = ( GEOMETRIC_REPRESENTATION_CONTEXT(2) 
PARAMETRIC_REPRESENTATION_CONTEXT() REPRESENTATION_CONTEXT('2D SPACE',''
  ) );
#1317 = ORIENTED_EDGE('',*,*,#1318,.T.);
#1318 = EDGE_CURVE('',#1294,#1319,#1321,.T.);
#1319 = VERTEX_POINT('',#1320);
#1320 = CARTESIAN_POINT('',(36.,44.849886441617,8.6));
#1321 = SURFACE_CURVE('',#1322,(#1326,#1333),.PCURVE_S1.);
#1322 = LINE('',#1323,#1324);
#1323 = CARTESIAN_POINT('',(59.276302728071,44.849886441617,8.6));
#1324 = VECTOR('',#1325,1.);
#1325 = DIRECTION('',(-1.,2.018647393712E-18,-1.156482317318E-16));
#1326 = PCURVE('',#1094,#1327);
#1327 = DEFINITIONAL_REPRESENTATION('',(#1328),#1332);
#1328 = LINE('',#1329,#1330);
#1329 = CARTESIAN_POINT('',(18.902879000029,0.));
#1330 = VECTOR('',#1331,1.);
#1331 = DIRECTION('',(1.156658482007E-16,-1.));
#1332 = ( GEOMETRIC_REPRESENTATION_CONTEXT(2) 
PARAMETRIC_REPRESENTATION_CONTEXT() REPRESENTATION_CONTEXT('2D SPACE',''
  ) );
#1333 = PCURVE('',#567,#1334);
#1334 = DEFINITIONAL_REPRESENTATION('',(#1335),#1339);
#1335 = LINE('',#1336,#1337);
#1336 = CARTESIAN_POINT('',(41.776302728071,-139.1255221662));
#1337 = VECTOR('',#1338,1.);
#1338 = DIRECTION('',(-1.,2.018647393712E-18));
#1339 = ( GEOMETRIC_REPRESENTATION_CONTEXT(2) 
PARAMETRIC_REPRESENTATION_CONTEXT() REPRESENTATION_CONTEXT('2D SPACE',''
  ) );
#1340 = ORIENTED_EDGE('',*,*,#1341,.F.);
#1341 = EDGE_CURVE('',#1342,#1319,#1344,.T.);
#1342 = VERTEX_POINT('',#1343);
#1343 = CARTESIAN_POINT('',(36.,44.532204259924,26.8));
#1344 = SURFACE_CURVE('',#1345,(#1349,#1356),.PCURVE_S1.);
#1345 = LINE('',#1346,#1347);
#1346 = CARTESIAN_POINT('',(36.,44.519985714474,27.5));
#1347 = VECTOR('',#1348,1.);
#1348 = DIRECTION('',(0.,1.745240643728E-02,-0.999847695156));
#1349 = PCURVE('',#1094,#1350);
#1350 = DEFINITIONAL_REPRESENTATION('',(#1351),#1355);
#1351 = LINE('',#1352,#1353);
#1352 = CARTESIAN_POINT('',(0.,-23.27630272807));
#1353 = VECTOR('',#1354,1.);
#1354 = DIRECTION('',(1.,0.));
#1355 = ( GEOMETRIC_REPRESENTATION_CONTEXT(2) 
PARAMETRIC_REPRESENTATION_CONTEXT() REPRESENTATION_CONTEXT('2D SPACE',''
  ) );
#1356 = PCURVE('',#539,#1357);
#1357 = DEFINITIONAL_REPRESENTATION('',(#1358),#1362);
#1358 = LINE('',#1359,#1360);
#1359 = CARTESIAN_POINT('',(16.1,-133.2167729351));
#1360 = VECTOR('',#1361,1.);
#1361 = DIRECTION('',(-0.999847695156,1.745240643728E-02));
#1362 = ( GEOMETRIC_REPRESENTATION_CONTEXT(2) 
PARAMETRIC_REPRESENTATION_CONTEXT() REPRESENTATION_CONTEXT('2D SPACE',''
  ) );
#1363 = ORIENTED_EDGE('',*,*,#1364,.T.);
#1364 = EDGE_CURVE('',#1342,#1365,#1367,.T.);
#1365 = VERTEX_POINT('',#1366);
#1366 = CARTESIAN_POINT('',(24.,44.532204259924,26.8));
#1367 = SURFACE_CURVE('',#1368,(#1372,#1379),.PCURVE_S1.);
#1368 = LINE('',#1369,#1370);
#1369 = CARTESIAN_POINT('',(59.276302728071,44.532204259924,26.8));
#1370 = VECTOR('',#1371,1.);
#1371 = DIRECTION('',(-1.,0.,0.));
#1372 = PCURVE('',#1094,#1373);
#1373 = DEFINITIONAL_REPRESENTATION('',(#1374),#1378);
#1374 = LINE('',#1375,#1376);
#1375 = CARTESIAN_POINT('',(0.70010662963,0.));
#1376 = VECTOR('',#1377,1.);
#1377 = DIRECTION('',(0.,-1.));
#1378 = ( GEOMETRIC_REPRESENTATION_CONTEXT(2) 
PARAMETRIC_REPRESENTATION_CONTEXT() REPRESENTATION_CONTEXT('2D SPACE',''
  ) );
#1379 = PCURVE('',#511,#1380);
#1380 = DEFINITIONAL_REPRESENTATION('',(#1381),#1385);
#1381 = LINE('',#1382,#1383);
#1382 = CARTESIAN_POINT('',(29.276302728071,-133.2045543897));
#1383 = VECTOR('',#1384,1.);
#1384 = DIRECTION('',(-1.,0.));
#1385 = ( GEOMETRIC_REPRESENTATION_CONTEXT(2) 
PARAMETRIC_REPRESENTATION_CONTEXT() REPRESENTATION_CONTEXT('2D SPACE',''
  ) );
#1386 = ORIENTED_EDGE('',*,*,#1387,.T.);
#1387 = EDGE_CURVE('',#1365,#1388,#1390,.T.);
#1388 = VERTEX_POINT('',#1389);
#1389 = CARTESIAN_POINT('',(24.,44.849886441617,8.6));
#1390 = SURFACE_CURVE('',#1391,(#1395,#1402),.PCURVE_S1.);
#1391 = LINE('',#1392,#1393);
#1392 = CARTESIAN_POINT('',(24.,44.519985714474,27.5));
#1393 = VECTOR('',#1394,1.);
#1394 = DIRECTION('',(0.,1.745240643728E-02,-0.999847695156));
#1395 = PCURVE('',#1094,#1396);
#1396 = DEFINITIONAL_REPRESENTATION('',(#1397),#1401);
#1397 = LINE('',#1398,#1399);
#1398 = CARTESIAN_POINT('',(0.,-35.27630272807));
#1399 = VECTOR('',#1400,1.);
#1400 = DIRECTION('',(1.,0.));
#1401 = ( GEOMETRIC_REPRESENTATION_CONTEXT(2) 
PARAMETRIC_REPRESENTATION_CONTEXT() REPRESENTATION_CONTEXT('2D SPACE',''
  ) );
#1402 = PCURVE('',#483,#1403);
#1403 = DEFINITIONAL_REPRESENTATION('',(#1404),#1408);
#1404 = LINE('',#1405,#1406);
#1405 = CARTESIAN_POINT('',(16.1,-133.2167729351));
#1406 = VECTOR('',#1407,1.);
#1407 = DIRECTION('',(-0.999847695156,1.745240643728E-02));
#1408 = ( GEOMETRIC_REPRESENTATION_CONTEXT(2) 
PARAMETRIC_REPRESENTATION_CONTEXT() REPRESENTATION_CONTEXT('2D SPACE',''
  ) );
#1409 = ORIENTED_EDGE('',*,*,#1410,.T.);
#1410 = EDGE_CURVE('',#1388,#1411,#1413,.T.);
#1411 = VERTEX_POINT('',#1412);
#1412 = CARTESIAN_POINT('',(11.,44.849886441617,8.6));
#1413 = SURFACE_CURVE('',#1414,(#1418,#1425),.PCURVE_S1.);
#1414 = LINE('',#1415,#1416);
#1415 = CARTESIAN_POINT('',(59.276302728071,44.849886441617,8.6));
#1416 = VECTOR('',#1417,1.);
#1417 = DIRECTION('',(-1.,2.018647393712E-18,-1.156482317318E-16));
#1418 = PCURVE('',#1094,#1419);
#1419 = DEFINITIONAL_REPRESENTATION('',(#1420),#1424);
#1420 = LINE('',#1421,#1422);
#1421 = CARTESIAN_POINT('',(18.902879000029,0.));
#1422 = VECTOR('',#1423,1.);
#1423 = DIRECTION('',(1.156658482007E-16,-1.));
#1424 = ( GEOMETRIC_REPRESENTATION_CONTEXT(2) 
PARAMETRIC_REPRESENTATION_CONTEXT() REPRESENTATION_CONTEXT('2D SPACE',''
  ) );
#1425 = PCURVE('',#455,#1426);
#1426 = DEFINITIONAL_REPRESENTATION('',(#1427),#1431);
#1427 = LINE('',#1428,#1429);
#1428 = CARTESIAN_POINT('',(41.776302728071,-139.1255221662));
#1429 = VECTOR('',#1430,1.);
#1430 = DIRECTION('',(-1.,2.018647393712E-18));
#1431 = ( GEOMETRIC_REPRESENTATION_CONTEXT(2) 
PARAMETRIC_REPRESENTATION_CONTEXT() REPRESENTATION_CONTEXT('2D SPACE',''
  ) );
#1432 = ORIENTED_EDGE('',*,*,#1433,.T.);
#1433 = EDGE_CURVE('',#1411,#1434,#1436,.T.);
#1434 = VERTEX_POINT('',#1435);
#1435 = CARTESIAN_POINT('',(11.,44.532204259924,26.8));
#1436 = SURFACE_CURVE('',#1437,(#1441,#1448),.PCURVE_S1.);
#1437 = LINE('',#1438,#1439);
#1438 = CARTESIAN_POINT('',(11.,44.519985714474,27.5));
#1439 = VECTOR('',#1440,1.);
#1440 = DIRECTION('',(-5.631361263601E-17,-1.745240643728E-02,
    0.999847695156));
#1441 = PCURVE('',#1094,#1442);
#1442 = DEFINITIONAL_REPRESENTATION('',(#1443),#1447);
#1443 = LINE('',#1444,#1445);
#1444 = CARTESIAN_POINT('',(0.,-48.27630272807));
#1445 = VECTOR('',#1446,1.);
#1446 = DIRECTION('',(-1.,-5.631361263601E-17));
#1447 = ( GEOMETRIC_REPRESENTATION_CONTEXT(2) 
PARAMETRIC_REPRESENTATION_CONTEXT() REPRESENTATION_CONTEXT('2D SPACE',''
  ) );
#1448 = PCURVE('',#427,#1449);
#1449 = DEFINITIONAL_REPRESENTATION('',(#1450),#1454);
#1450 = LINE('',#1451,#1452);
#1451 = CARTESIAN_POINT('',(-16.1,-133.2167729351));
#1452 = VECTOR('',#1453,1.);
#1453 = DIRECTION('',(-0.999847695156,-1.745240643728E-02));
#1454 = ( GEOMETRIC_REPRESENTATION_CONTEXT(2) 
PARAMETRIC_REPRESENTATION_CONTEXT() REPRESENTATION_CONTEXT('2D SPACE',''
  ) );
#1455 = ORIENTED_EDGE('',*,*,#1456,.T.);
#1456 = EDGE_CURVE('',#1434,#1457,#1459,.T.);
#1457 = VERTEX_POINT('',#1458);
#1458 = CARTESIAN_POINT('',(-1.,44.532204259924,26.8));
#1459 = SURFACE_CURVE('',#1460,(#1464,#1471),.PCURVE_S1.);
#1460 = LINE('',#1461,#1462);
#1461 = CARTESIAN_POINT('',(59.276302728071,44.532204259924,26.8));
#1462 = VECTOR('',#1463,1.);
#1463 = DIRECTION('',(-1.,0.,0.));
#1464 = PCURVE('',#1094,#1465);
#1465 = DEFINITIONAL_REPRESENTATION('',(#1466),#1470);
#1466 = LINE('',#1467,#1468);
#1467 = CARTESIAN_POINT('',(0.70010662963,0.));
#1468 = VECTOR('',#1469,1.);
#1469 = DIRECTION('',(0.,-1.));
#1470 = ( GEOMETRIC_REPRESENTATION_CONTEXT(2) 
PARAMETRIC_REPRESENTATION_CONTEXT() REPRESENTATION_CONTEXT('2D SPACE',''
  ) );
#1471 = PCURVE('',#1069,#1472);
#1472 = DEFINITIONAL_REPRESENTATION('',(#1473),#1477);
#1473 = LINE('',#1474,#1475);
#1474 = CARTESIAN_POINT('',(54.276302728071,-133.2045543897));
#1475 = VECTOR('',#1476,1.);
#1476 = DIRECTION('',(-1.,0.));
#1477 = ( GEOMETRIC_REPRESENTATION_CONTEXT(2) 
PARAMETRIC_REPRESENTATION_CONTEXT() REPRESENTATION_CONTEXT('2D SPACE',''
  ) );
#1478 = ORIENTED_EDGE('',*,*,#1479,.F.);
#1479 = EDGE_CURVE('',#1480,#1457,#1482,.T.);
#1480 = VERTEX_POINT('',#1481);
#1481 = CARTESIAN_POINT('',(-1.,44.849886441617,8.6));
#1482 = SURFACE_CURVE('',#1483,(#1487,#1494),.PCURVE_S1.);
#1483 = LINE('',#1484,#1485);
#1484 = CARTESIAN_POINT('',(-1.,44.519985714474,27.5));
#1485 = VECTOR('',#1486,1.);
#1486 = DIRECTION('',(-5.631361263601E-17,-1.745240643728E-02,
    0.999847695156));
#1487 = PCURVE('',#1094,#1488);
#1488 = DEFINITIONAL_REPRESENTATION('',(#1489),#1493);
#1489 = LINE('',#1490,#1491);
#1490 = CARTESIAN_POINT('',(0.,-60.27630272807));
#1491 = VECTOR('',#1492,1.);
#1492 = DIRECTION('',(-1.,-5.631361263601E-17));
#1493 = ( GEOMETRIC_REPRESENTATION_CONTEXT(2) 
PARAMETRIC_REPRESENTATION_CONTEXT() REPRESENTATION_CONTEXT('2D SPACE',''
  ) );
#1494 = PCURVE('',#1043,#1495);
#1495 = DEFINITIONAL_REPRESENTATION('',(#1496),#1500);
#1496 = LINE('',#1497,#1498);
#1497 = CARTESIAN_POINT('',(-16.1,-133.2167729351));
#1498 = VECTOR('',#1499,1.);
#1499 = DIRECTION('',(-0.999847695156,-1.745240643728E-02));
#1500 = ( GEOMETRIC_REPRESENTATION_CONTEXT(2) 
PARAMETRIC_REPRESENTATION_CONTEXT() REPRESENTATION_CONTEXT('2D SPACE',''
  ) );
#1501 = ORIENTED_EDGE('',*,*,#1502,.T.);
#1502 = EDGE_CURVE('',#1480,#1503,#1505,.T.);
#1503 = VERTEX_POINT('',#1504);
#1504 = CARTESIAN_POINT('',(-5.,44.849886441617,8.6));
#1505 = SURFACE_CURVE('',#1506,(#1510,#1517),.PCURVE_S1.);
#1506 = LINE('',#1507,#1508);
#1507 = CARTESIAN_POINT('',(59.276302728071,44.849886441617,8.6));
#1508 = VECTOR('',#1509,1.);
#1509 = DIRECTION('',(-1.,2.018647393712E-18,-1.156482317318E-16));
#1510 = PCURVE('',#1094,#1511);
#1511 = DEFINITIONAL_REPRESENTATION('',(#1512),#1516);
#1512 = LINE('',#1513,#1514);
#1513 = CARTESIAN_POINT('',(18.902879000029,0.));
#1514 = VECTOR('',#1515,1.);
#1515 = DIRECTION('',(1.156658482007E-16,-1.));
#1516 = ( GEOMETRIC_REPRESENTATION_CONTEXT(2) 
PARAMETRIC_REPRESENTATION_CONTEXT() REPRESENTATION_CONTEXT('2D SPACE',''
  ) );
#1517 = PCURVE('',#1015,#1518);
#1518 = DEFINITIONAL_REPRESENTATION('',(#1519),#1523);
#1519 = LINE('',#1520,#1521);
#1520 = CARTESIAN_POINT('',(41.776302728071,-139.1255221662));
#1521 = VECTOR('',#1522,1.);
#1522 = DIRECTION('',(-1.,2.018647393712E-18));
#1523 = ( GEOMETRIC_REPRESENTATION_CONTEXT(2) 
PARAMETRIC_REPRESENTATION_CONTEXT() REPRESENTATION_CONTEXT('2D SPACE',''
  ) );
#1524 = ORIENTED_EDGE('',*,*,#1525,.T.);
#1525 = EDGE_CURVE('',#1503,#1526,#1528,.T.);
#1526 = VERTEX_POINT('',#1527);
#1527 = CARTESIAN_POINT('',(-5.,45.,0.));
#1528 = SURFACE_CURVE('',#1529,(#1533,#1540),.PCURVE_S1.);
#1529 = LINE('',#1530,#1531);
#1530 = CARTESIAN_POINT('',(-5.,44.519985714474,27.5));
#1531 = VECTOR('',#1532,1.);
#1532 = DIRECTION('',(2.753109951094E-16,1.745240643728E-02,
    -0.999847695156));
#1533 = PCURVE('',#1094,#1534);
#1534 = DEFINITIONAL_REPRESENTATION('',(#1535),#1539);
#1535 = LINE('',#1536,#1537);
#1536 = CARTESIAN_POINT('',(0.,-64.27630272807));
#1537 = VECTOR('',#1538,1.);
#1538 = DIRECTION('',(1.,2.753109951094E-16));
#1539 = ( GEOMETRIC_REPRESENTATION_CONTEXT(2) 
PARAMETRIC_REPRESENTATION_CONTEXT() REPRESENTATION_CONTEXT('2D SPACE',''
  ) );
#1540 = PCURVE('',#987,#1541);
#1541 = DEFINITIONAL_REPRESENTATION('',(#1542),#1546);
#1542 = LINE('',#1543,#1544);
#1543 = CARTESIAN_POINT('',(25.2,-139.4554228933));
#1544 = VECTOR('',#1545,1.);
#1545 = DIRECTION('',(-0.999847695156,1.745240643728E-02));
#1546 = ( GEOMETRIC_REPRESENTATION_CONTEXT(2) 
PARAMETRIC_REPRESENTATION_CONTEXT() REPRESENTATION_CONTEXT('2D SPACE',''
  ) );
#1547 = ORIENTED_EDGE('',*,*,#1548,.T.);
#1548 = EDGE_CURVE('',#1526,#1549,#1551,.T.);
#1549 = VERTEX_POINT('',#1550);
#1550 = CARTESIAN_POINT('',(-12.,45.,-6.938893903907E-15));
#1551 = SURFACE_CURVE('',#1552,(#1556,#1563),.PCURVE_S1.);
#1552 = LINE('',#1553,#1554);
#1553 = CARTESIAN_POINT('',(59.276302728071,45.,-6.938893903907E-15));
#1554 = VECTOR('',#1555,1.);
#1555 = DIRECTION('',(-1.,0.,0.));
#1556 = PCURVE('',#1094,#1557);
#1557 = DEFINITIONAL_REPRESENTATION('',(#1558),#1562);
#1558 = LINE('',#1559,#1560);
#1559 = CARTESIAN_POINT('',(27.504189021207,0.));
#1560 = VECTOR('',#1561,1.);
#1561 = DIRECTION('',(0.,-1.));
#1562 = ( GEOMETRIC_REPRESENTATION_CONTEXT(2) 
PARAMETRIC_REPRESENTATION_CONTEXT() REPRESENTATION_CONTEXT('2D SPACE',''
  ) );
#1563 = PCURVE('',#959,#1564);
#1564 = DEFINITIONAL_REPRESENTATION('',(#1565),#1569);
#1565 = LINE('',#1566,#1567);
#1566 = CARTESIAN_POINT('',(59.276302728071,45.));
#1567 = VECTOR('',#1568,1.);
#1568 = DIRECTION('',(-1.,0.));
#1569 = ( GEOMETRIC_REPRESENTATION_CONTEXT(2) 
PARAMETRIC_REPRESENTATION_CONTEXT() REPRESENTATION_CONTEXT('2D SPACE',''
  ) );
#1570 = ORIENTED_EDGE('',*,*,#1571,.T.);
#1571 = EDGE_CURVE('',#1549,#1572,#1574,.T.);
#1572 = VERTEX_POINT('',#1573);
#1573 = CARTESIAN_POINT('',(-12.,44.832431376689,9.6));
#1574 = SURFACE_CURVE('',#1575,(#1579,#1586),.PCURVE_S1.);
#1575 = LINE('',#1576,#1577);
#1576 = CARTESIAN_POINT('',(-12.,44.519985714474,27.5));
#1577 = VECTOR('',#1578,1.);
#1578 = DIRECTION('',(-2.550675395866E-16,-1.745240643728E-02,
    0.999847695156));
#1579 = PCURVE('',#1094,#1580);
#1580 = DEFINITIONAL_REPRESENTATION('',(#1581),#1585);
#1581 = LINE('',#1582,#1583);
#1582 = CARTESIAN_POINT('',(0.,-71.27630272807));
#1583 = VECTOR('',#1584,1.);
#1584 = DIRECTION('',(-1.,-2.550675395866E-16));
#1585 = ( GEOMETRIC_REPRESENTATION_CONTEXT(2) 
PARAMETRIC_REPRESENTATION_CONTEXT() REPRESENTATION_CONTEXT('2D SPACE',''
  ) );
#1586 = PCURVE('',#931,#1587);
#1587 = DEFINITIONAL_REPRESENTATION('',(#1588),#1592);
#1588 = LINE('',#1589,#1590);
#1589 = CARTESIAN_POINT('',(-24.7,-133.2167729351));
#1590 = VECTOR('',#1591,1.);
#1591 = DIRECTION('',(-0.999847695156,-1.745240643728E-02));
#1592 = ( GEOMETRIC_REPRESENTATION_CONTEXT(2) 
PARAMETRIC_REPRESENTATION_CONTEXT() REPRESENTATION_CONTEXT('2D SPACE',''
  ) );
#1593 = ORIENTED_EDGE('',*,*,#1594,.F.);
#1594 = EDGE_CURVE('',#1595,#1572,#1597,.T.);
#1595 = VERTEX_POINT('',#1596);
#1596 = CARTESIAN_POINT('',(-14.,44.832431376689,9.6));
#1597 = SURFACE_CURVE('',#1598,(#1602,#1609),.PCURVE_S1.);
#1598 = LINE('',#1599,#1600);
#1599 = CARTESIAN_POINT('',(59.276302728071,44.832431376689,9.6));
#1600 = VECTOR('',#1601,1.);
#1601 = DIRECTION('',(1.,0.,0.));
#1602 = PCURVE('',#1094,#1603);
#1603 = DEFINITIONAL_REPRESENTATION('',(#1604),#1608);
#1604 = LINE('',#1605,#1606);
#1605 = CARTESIAN_POINT('',(17.902726671986,0.));
#1606 = VECTOR('',#1607,1.);
#1607 = DIRECTION('',(0.,1.));
#1608 = ( GEOMETRIC_REPRESENTATION_CONTEXT(2) 
PARAMETRIC_REPRESENTATION_CONTEXT() REPRESENTATION_CONTEXT('2D SPACE',''
  ) );
#1609 = PCURVE('',#903,#1610);
#1610 = DEFINITIONAL_REPRESENTATION('',(#1611),#1615);
#1611 = LINE('',#1612,#1613);
#1612 = CARTESIAN_POINT('',(-72.27630272807,-132.9043272729));
#1613 = VECTOR('',#1614,1.);
#1614 = DIRECTION('',(-1.,0.));
#1615 = ( GEOMETRIC_REPRESENTATION_CONTEXT(2) 
PARAMETRIC_REPRESENTATION_CONTEXT() REPRESENTATION_CONTEXT('2D SPACE',''
  ) );
#1616 = ORIENTED_EDGE('',*,*,#1617,.F.);
#1617 = EDGE_CURVE('',#1618,#1595,#1620,.T.);
#1618 = VERTEX_POINT('',#1619);
#1619 = CARTESIAN_POINT('',(-14.,45.,-6.938893903907E-15));
#1620 = SURFACE_CURVE('',#1621,(#1625,#1632),.PCURVE_S1.);
#1621 = LINE('',#1622,#1623);
#1622 = CARTESIAN_POINT('',(-14.,44.519985714474,27.5));
#1623 = VECTOR('',#1624,1.);
#1624 = DIRECTION('',(-2.550675395866E-16,-1.745240643728E-02,
    0.999847695156));
#1625 = PCURVE('',#1094,#1626);
#1626 = DEFINITIONAL_REPRESENTATION('',(#1627),#1631);
#1627 = LINE('',#1628,#1629);
#1628 = CARTESIAN_POINT('',(0.,-73.27630272807));
#1629 = VECTOR('',#1630,1.);
#1630 = DIRECTION('',(-1.,-2.550675395866E-16));
#1631 = ( GEOMETRIC_REPRESENTATION_CONTEXT(2) 
PARAMETRIC_REPRESENTATION_CONTEXT() REPRESENTATION_CONTEXT('2D SPACE',''
  ) );
#1632 = PCURVE('',#875,#1633);
#1633 = DEFINITIONAL_REPRESENTATION('',(#1634),#1638);
#1634 = LINE('',#1635,#1636);
#1635 = CARTESIAN_POINT('',(-24.7,-133.2167729351));
#1636 = VECTOR('',#1637,1.);
#1637 = DIRECTION('',(-0.999847695156,-1.745240643728E-02));
#1638 = ( GEOMETRIC_REPRESENTATION_CONTEXT(2) 
PARAMETRIC_REPRESENTATION_CONTEXT() REPRESENTATION_CONTEXT('2D SPACE',''
  ) );
#1639 = ORIENTED_EDGE('',*,*,#1640,.T.);
#1640 = EDGE_CURVE('',#1618,#1641,#1643,.T.);
#1641 = VERTEX_POINT('',#1642);
#1642 = CARTESIAN_POINT('',(-17.,45.,-6.938893903907E-15));
#1643 = SURFACE_CURVE('',#1644,(#1648,#1655),.PCURVE_S1.);
#1644 = LINE('',#1645,#1646);
#1645 = CARTESIAN_POINT('',(59.276302728071,45.,-6.938893903907E-15));
#1646 = VECTOR('',#1647,1.);
#1647 = DIRECTION('',(-1.,0.,0.));
#1648 = PCURVE('',#1094,#1649);
#1649 = DEFINITIONAL_REPRESENTATION('',(#1650),#1654);
#1650 = LINE('',#1651,#1652);
#1651 = CARTESIAN_POINT('',(27.504189021207,0.));
#1652 = VECTOR('',#1653,1.);
#1653 = DIRECTION('',(0.,-1.));
#1654 = ( GEOMETRIC_REPRESENTATION_CONTEXT(2) 
PARAMETRIC_REPRESENTATION_CONTEXT() REPRESENTATION_CONTEXT('2D SPACE',''
  ) );
#1655 = PCURVE('',#847,#1656);
#1656 = DEFINITIONAL_REPRESENTATION('',(#1657),#1661);
#1657 = LINE('',#1658,#1659);
#1658 = CARTESIAN_POINT('',(59.276302728071,45.));
#1659 = VECTOR('',#1660,1.);
#1660 = DIRECTION('',(-1.,0.));
#1661 = ( GEOMETRIC_REPRESENTATION_CONTEXT(2) 
PARAMETRIC_REPRESENTATION_CONTEXT() REPRESENTATION_CONTEXT('2D SPACE',''
  ) );
#1662 = ORIENTED_EDGE('',*,*,#1663,.T.);
#1663 = EDGE_CURVE('',#1641,#1664,#1666,.T.);
#1664 = VERTEX_POINT('',#1665);
#1665 = CARTESIAN_POINT('',(-17.,44.832431376689,9.6));
#1666 = SURFACE_CURVE('',#1667,(#1671,#1678),.PCURVE_S1.);
#1667 = LINE('',#1668,#1669);
#1668 = CARTESIAN_POINT('',(-17.,44.519985714474,27.5));
#1669 = VECTOR('',#1670,1.);
#1670 = DIRECTION('',(0.,-1.745240643728E-02,0.999847695156));
#1671 = PCURVE('',#1094,#1672);
#1672 = DEFINITIONAL_REPRESENTATION('',(#1673),#1677);
#1673 = LINE('',#1674,#1675);
#1674 = CARTESIAN_POINT('',(0.,-76.27630272807));
#1675 = VECTOR('',#1676,1.);
#1676 = DIRECTION('',(-1.,0.));
#1677 = ( GEOMETRIC_REPRESENTATION_CONTEXT(2) 
PARAMETRIC_REPRESENTATION_CONTEXT() REPRESENTATION_CONTEXT('2D SPACE',''
  ) );
#1678 = PCURVE('',#819,#1679);
#1679 = DEFINITIONAL_REPRESENTATION('',(#1680),#1684);
#1680 = LINE('',#1681,#1682);
#1681 = CARTESIAN_POINT('',(-24.7,-133.2167729351));
#1682 = VECTOR('',#1683,1.);
#1683 = DIRECTION('',(-0.999847695156,-1.745240643728E-02));
#1684 = ( GEOMETRIC_REPRESENTATION_CONTEXT(2) 
PARAMETRIC_REPRESENTATION_CONTEXT() REPRESENTATION_CONTEXT('2D SPACE',''
  ) );
#1685 = ORIENTED_EDGE('',*,*,#1686,.F.);
#1686 = EDGE_CURVE('',#1687,#1664,#1689,.T.);
#1687 = VERTEX_POINT('',#1688);
#1688 = CARTESIAN_POINT('',(-19.,44.832431376689,9.6));
#1689 = SURFACE_CURVE('',#1690,(#1694,#1701),.PCURVE_S1.);
#1690 = LINE('',#1691,#1692);
#1691 = CARTESIAN_POINT('',(59.276302728071,44.832431376689,9.6));
#1692 = VECTOR('',#1693,1.);
#1693 = DIRECTION('',(1.,0.,0.));
#1694 = PCURVE('',#1094,#1695);
#1695 = DEFINITIONAL_REPRESENTATION('',(#1696),#1700);
#1696 = LINE('',#1697,#1698);
#1697 = CARTESIAN_POINT('',(17.902726671986,0.));
#1698 = VECTOR('',#1699,1.);
#1699 = DIRECTION('',(0.,1.));
#1700 = ( GEOMETRIC_REPRESENTATION_CONTEXT(2) 
PARAMETRIC_REPRESENTATION_CONTEXT() REPRESENTATION_CONTEXT('2D SPACE',''
  ) );
#1701 = PCURVE('',#791,#1702);
#1702 = DEFINITIONAL_REPRESENTATION('',(#1703),#1707);
#1703 = LINE('',#1704,#1705);
#1704 = CARTESIAN_POINT('',(-77.27630272807,-132.9043272729));
#1705 = VECTOR('',#1706,1.);
#1706 = DIRECTION('',(-1.,0.));
#1707 = ( GEOMETRIC_REPRESENTATION_CONTEXT(2) 
PARAMETRIC_REPRESENTATION_CONTEXT() REPRESENTATION_CONTEXT('2D SPACE',''
  ) );
#1708 = ORIENTED_EDGE('',*,*,#1709,.F.);
#1709 = EDGE_CURVE('',#1710,#1687,#1712,.T.);
#1710 = VERTEX_POINT('',#1711);
#1711 = CARTESIAN_POINT('',(-19.,45.,-6.938893903907E-15));
#1712 = SURFACE_CURVE('',#1713,(#1717,#1724),.PCURVE_S1.);
#1713 = LINE('',#1714,#1715);
#1714 = CARTESIAN_POINT('',(-19.,44.519985714474,27.5));
#1715 = VECTOR('',#1716,1.);
#1716 = DIRECTION('',(0.,-1.745240643728E-02,0.999847695156));
#1717 = PCURVE('',#1094,#1718);
#1718 = DEFINITIONAL_REPRESENTATION('',(#1719),#1723);
#1719 = LINE('',#1720,#1721);
#1720 = CARTESIAN_POINT('',(0.,-78.27630272807));
#1721 = VECTOR('',#1722,1.);
#1722 = DIRECTION('',(-1.,0.));
#1723 = ( GEOMETRIC_REPRESENTATION_CONTEXT(2) 
PARAMETRIC_REPRESENTATION_CONTEXT() REPRESENTATION_CONTEXT('2D SPACE',''
  ) );
#1724 = PCURVE('',#763,#1725);
#1725 = DEFINITIONAL_REPRESENTATION('',(#1726),#1730);
#1726 = LINE('',#1727,#1728);
#1727 = CARTESIAN_POINT('',(-24.7,-133.2167729351));
#1728 = VECTOR('',#1729,1.);
#1729 = DIRECTION('',(-0.999847695156,-1.745240643728E-02));
#1730 = ( GEOMETRIC_REPRESENTATION_CONTEXT(2) 
PARAMETRIC_REPRESENTATION_CONTEXT() REPRESENTATION_CONTEXT('2D SPACE',''
  ) );
#1731 = ORIENTED_EDGE('',*,*,#1732,.T.);
#1732 = EDGE_CURVE('',#1710,#1733,#1735,.T.);
#1733 = VERTEX_POINT('',#1734);
#1734 = CARTESIAN_POINT('',(-54.50083767664,45.,-6.938893903907E-15));
#1735 = SURFACE_CURVE('',#1736,(#1740,#1747),.PCURVE_S1.);
#1736 = LINE('',#1737,#1738);
#1737 = CARTESIAN_POINT('',(59.276302728071,45.,-6.938893903907E-15));
#1738 = VECTOR('',#1739,1.);
#1739 = DIRECTION('',(-1.,0.,0.));
#1740 = PCURVE('',#1094,#1741);
#1741 = DEFINITIONAL_REPRESENTATION('',(#1742),#1746);
#1742 = LINE('',#1743,#1744);
#1743 = CARTESIAN_POINT('',(27.504189021207,0.));
#1744 = VECTOR('',#1745,1.);
#1745 = DIRECTION('',(0.,-1.));
#1746 = ( GEOMETRIC_REPRESENTATION_CONTEXT(2) 
PARAMETRIC_REPRESENTATION_CONTEXT() REPRESENTATION_CONTEXT('2D SPACE',''
  ) );
#1747 = PCURVE('',#735,#1748);
#1748 = DEFINITIONAL_REPRESENTATION('',(#1749),#1753);
#1749 = LINE('',#1750,#1751);
#1750 = CARTESIAN_POINT('',(59.276302728071,45.));
#1751 = VECTOR('',#1752,1.);
#1752 = DIRECTION('',(-1.,0.));
#1753 = ( GEOMETRIC_REPRESENTATION_CONTEXT(2) 
PARAMETRIC_REPRESENTATION_CONTEXT() REPRESENTATION_CONTEXT('2D SPACE',''
  ) );
#1754 = ORIENTED_EDGE('',*,*,#1755,.T.);
#1755 = EDGE_CURVE('',#1733,#1756,#1758,.T.);
#1756 = VERTEX_POINT('',#1757);
#1757 = CARTESIAN_POINT('',(-54.50083767664,44.039971428948,
    54.999999999999));
#1758 = SURFACE_CURVE('',#1759,(#1763,#1770),.PCURVE_S1.);
#1759 = LINE('',#1760,#1761);
#1760 = CARTESIAN_POINT('',(-54.50083767664,44.519985714474,27.5));
#1761 = VECTOR('',#1762,1.);
#1762 = DIRECTION('',(0.,-1.745240643728E-02,0.999847695156));
#1763 = PCURVE('',#1094,#1764);
#1764 = DEFINITIONAL_REPRESENTATION('',(#1765),#1769);
#1765 = LINE('',#1766,#1767);
#1766 = CARTESIAN_POINT('',(0.,-113.7771404047));
#1767 = VECTOR('',#1768,1.);
#1768 = DIRECTION('',(-1.,0.));
#1769 = ( GEOMETRIC_REPRESENTATION_CONTEXT(2) 
PARAMETRIC_REPRESENTATION_CONTEXT() REPRESENTATION_CONTEXT('2D SPACE',''
  ) );
#1770 = PCURVE('',#1771,#1776);
#1771 = PLANE('',#1772);
#1772 = AXIS2_PLACEMENT_3D('',#1773,#1774,#1775);
#1773 = CARTESIAN_POINT('',(-54.50083767664,39.274302728071,
    53.034906564073));
#1774 = DIRECTION('',(1.,0.,0.));
#1775 = DIRECTION('',(-0.,1.,0.));
#1776 = DEFINITIONAL_REPRESENTATION('',(#1777),#1781);
#1777 = LINE('',#1778,#1779);
#1778 = CARTESIAN_POINT('',(5.245682986403,-25.53490656407));
#1779 = VECTOR('',#1780,1.);
#1780 = DIRECTION('',(-1.745240643728E-02,0.999847695156));
#1781 = ( GEOMETRIC_REPRESENTATION_CONTEXT(2) 
PARAMETRIC_REPRESENTATION_CONTEXT() REPRESENTATION_CONTEXT('2D SPACE',''
  ) );
#1782 = ORIENTED_EDGE('',*,*,#1783,.F.);
#1783 = EDGE_CURVE('',#1784,#1756,#1786,.T.);
#1784 = VERTEX_POINT('',#1785);
#1785 = CARTESIAN_POINT('',(59.274302728071,44.039971428948,
    54.999999999999));
#1786 = SURFACE_CURVE('',#1787,(#1791,#1798),.PCURVE_S1.);
#1787 = LINE('',#1788,#1789);
#1788 = CARTESIAN_POINT('',(59.276302728071,44.039971428948,
    54.999999999999));
#1789 = VECTOR('',#1790,1.);
#1790 = DIRECTION('',(-1.,0.,0.));
#1791 = PCURVE('',#1094,#1792);
#1792 = DEFINITIONAL_REPRESENTATION('',(#1793),#1797);
#1793 = LINE('',#1794,#1795);
#1794 = CARTESIAN_POINT('',(-27.5041890212,0.));
#1795 = VECTOR('',#1796,1.);
#1796 = DIRECTION('',(0.,-1.));
#1797 = ( GEOMETRIC_REPRESENTATION_CONTEXT(2) 
PARAMETRIC_REPRESENTATION_CONTEXT() REPRESENTATION_CONTEXT('2D SPACE',''
  ) );
#1798 = PCURVE('',#1799,#1804);
#1799 = PLANE('',#1800);
#1800 = AXIS2_PLACEMENT_3D('',#1801,#1802,#1803);
#1801 = CARTESIAN_POINT('',(59.276302728071,45.,54.999999999999));
#1802 = DIRECTION('',(0.,0.,1.));
#1803 = DIRECTION('',(1.,0.,-0.));
#1804 = DEFINITIONAL_REPRESENTATION('',(#1805),#1809);
#1805 = LINE('',#1806,#1807);
#1806 = CARTESIAN_POINT('',(0.,-0.960028571052));
#1807 = VECTOR('',#1808,1.);
#1808 = DIRECTION('',(-1.,0.));
#1809 = ( GEOMETRIC_REPRESENTATION_CONTEXT(2) 
PARAMETRIC_REPRESENTATION_CONTEXT() REPRESENTATION_CONTEXT('2D SPACE',''
  ) );
#1810 = ORIENTED_EDGE('',*,*,#1811,.F.);
#1811 = EDGE_CURVE('',#1812,#1784,#1814,.T.);
#1812 = VERTEX_POINT('',#1813);
#1813 = CARTESIAN_POINT('',(59.274302728071,45.,-6.938893903907E-15));
#1814 = SURFACE_CURVE('',#1815,(#1819,#1826),.PCURVE_S1.);
#1815 = LINE('',#1816,#1817);
#1816 = CARTESIAN_POINT('',(59.274302728071,44.519985714474,27.5));
#1817 = VECTOR('',#1818,1.);
#1818 = DIRECTION('',(0.,-1.745240643728E-02,0.999847695156));
#1819 = PCURVE('',#1094,#1820);
#1820 = DEFINITIONAL_REPRESENTATION('',(#1821),#1825);
#1821 = LINE('',#1822,#1823);
#1822 = CARTESIAN_POINT('',(0.,-2.000000000002E-03));
#1823 = VECTOR('',#1824,1.);
#1824 = DIRECTION('',(-1.,0.));
#1825 = ( GEOMETRIC_REPRESENTATION_CONTEXT(2) 
PARAMETRIC_REPRESENTATION_CONTEXT() REPRESENTATION_CONTEXT('2D SPACE',''
  ) );
#1826 = PCURVE('',#1827,#1832);
#1827 = PLANE('',#1828);
#1828 = AXIS2_PLACEMENT_3D('',#1829,#1830,#1831);
#1829 = CARTESIAN_POINT('',(59.274302728071,34.50083767664,
    53.034906564073));
#1830 = DIRECTION('',(1.,0.,0.));
#1831 = DIRECTION('',(-0.,1.,0.));
#1832 = DEFINITIONAL_REPRESENTATION('',(#1833),#1837);
#1833 = LINE('',#1834,#1835);
#1834 = CARTESIAN_POINT('',(10.019148037834,-25.53490656407));
#1835 = VECTOR('',#1836,1.);
#1836 = DIRECTION('',(-1.745240643728E-02,0.999847695156));
#1837 = ( GEOMETRIC_REPRESENTATION_CONTEXT(2) 
PARAMETRIC_REPRESENTATION_CONTEXT() REPRESENTATION_CONTEXT('2D SPACE',''
  ) );
#1838 = ORIENTED_EDGE('',*,*,#1839,.T.);
#1839 = EDGE_CURVE('',#1812,#1296,#1840,.T.);
#1840 = SURFACE_CURVE('',#1841,(#1845,#1852),.PCURVE_S1.);
#1841 = LINE('',#1842,#1843);
#1842 = CARTESIAN_POINT('',(59.276302728071,45.,-6.938893903907E-15));
#1843 = VECTOR('',#1844,1.);
#1844 = DIRECTION('',(-1.,0.,0.));
#1845 = PCURVE('',#1094,#1846);
#1846 = DEFINITIONAL_REPRESENTATION('',(#1847),#1851);
#1847 = LINE('',#1848,#1849);
#1848 = CARTESIAN_POINT('',(27.504189021207,0.));
#1849 = VECTOR('',#1850,1.);
#1850 = DIRECTION('',(0.,-1.));
#1851 = ( GEOMETRIC_REPRESENTATION_CONTEXT(2) 
PARAMETRIC_REPRESENTATION_CONTEXT() REPRESENTATION_CONTEXT('2D SPACE',''
  ) );
#1852 = PCURVE('',#623,#1853);
#1853 = DEFINITIONAL_REPRESENTATION('',(#1854),#1858);
#1854 = LINE('',#1855,#1856);
#1855 = CARTESIAN_POINT('',(59.276302728071,45.));
#1856 = VECTOR('',#1857,1.);
#1857 = DIRECTION('',(-1.,0.));
#1858 = ( GEOMETRIC_REPRESENTATION_CONTEXT(2) 
PARAMETRIC_REPRESENTATION_CONTEXT() REPRESENTATION_CONTEXT('2D SPACE',''
  ) );
#1859 = ADVANCED_FACE('',(#1860),#623,.F.);
#1860 = FACE_BOUND('',#1861,.T.);
#1861 = EDGE_LOOP('',(#1862,#1883,#1884,#1912,#1940,#1968,#1991,#2019,
    #2047,#2075,#2103,#2132,#2160,#2182));
#1862 = ORIENTED_EDGE('',*,*,#1863,.F.);
#1863 = EDGE_CURVE('',#1296,#580,#1864,.T.);
#1864 = SURFACE_CURVE('',#1865,(#1869,#1876),.PCURVE_S1.);
#1865 = LINE('',#1866,#1867);
#1866 = CARTESIAN_POINT('',(40.,0.,0.));
#1867 = VECTOR('',#1868,1.);
#1868 = DIRECTION('',(0.,-1.,0.));
#1869 = PCURVE('',#623,#1870);
#1870 = DEFINITIONAL_REPRESENTATION('',(#1871),#1875);
#1871 = LINE('',#1872,#1873);
#1872 = CARTESIAN_POINT('',(40.,0.));
#1873 = VECTOR('',#1874,1.);
#1874 = DIRECTION('',(0.,-1.));
#1875 = ( GEOMETRIC_REPRESENTATION_CONTEXT(2) 
PARAMETRIC_REPRESENTATION_CONTEXT() REPRESENTATION_CONTEXT('2D SPACE',''
  ) );
#1876 = PCURVE('',#595,#1877);
#1877 = DEFINITIONAL_REPRESENTATION('',(#1878),#1882);
#1878 = LINE('',#1879,#1880);
#1879 = CARTESIAN_POINT('',(-2.3,-183.9754086078));
#1880 = VECTOR('',#1881,1.);
#1881 = DIRECTION('',(0.,-1.));
#1882 = ( GEOMETRIC_REPRESENTATION_CONTEXT(2) 
PARAMETRIC_REPRESENTATION_CONTEXT() REPRESENTATION_CONTEXT('2D SPACE',''
  ) );
#1883 = ORIENTED_EDGE('',*,*,#1839,.F.);
#1884 = ORIENTED_EDGE('',*,*,#1885,.T.);
#1885 = EDGE_CURVE('',#1812,#1886,#1888,.T.);
#1886 = VERTEX_POINT('',#1887);
#1887 = CARTESIAN_POINT('',(65.,45.,0.));
#1888 = SURFACE_CURVE('',#1889,(#1893,#1900),.PCURVE_S1.);
#1889 = LINE('',#1890,#1891);
#1890 = CARTESIAN_POINT('',(0.,45.,0.));
#1891 = VECTOR('',#1892,1.);
#1892 = DIRECTION('',(1.,0.,0.));
#1893 = PCURVE('',#623,#1894);
#1894 = DEFINITIONAL_REPRESENTATION('',(#1895),#1899);
#1895 = LINE('',#1896,#1897);
#1896 = CARTESIAN_POINT('',(0.,45.));
#1897 = VECTOR('',#1898,1.);
#1898 = DIRECTION('',(1.,0.));
#1899 = ( GEOMETRIC_REPRESENTATION_CONTEXT(2) 
PARAMETRIC_REPRESENTATION_CONTEXT() REPRESENTATION_CONTEXT('2D SPACE',''
  ) );
#1900 = PCURVE('',#1901,#1906);
#1901 = PLANE('',#1902);
#1902 = AXIS2_PLACEMENT_3D('',#1903,#1904,#1905);
#1903 = CARTESIAN_POINT('',(-65.002,45.506196882918,29.));
#1904 = DIRECTION('',(0.,0.999847695156,-1.745240643728E-02));
#1905 = DIRECTION('',(0.,1.745240643728E-02,0.999847695156));
#1906 = DEFINITIONAL_REPRESENTATION('',(#1907),#1911);
#1907 = LINE('',#1908,#1909);
#1908 = CARTESIAN_POINT('',(-29.00441751327,65.002));
#1909 = VECTOR('',#1910,1.);
#1910 = DIRECTION('',(0.,1.));
#1911 = ( GEOMETRIC_REPRESENTATION_CONTEXT(2) 
PARAMETRIC_REPRESENTATION_CONTEXT() REPRESENTATION_CONTEXT('2D SPACE',''
  ) );
#1912 = ORIENTED_EDGE('',*,*,#1913,.T.);
#1913 = EDGE_CURVE('',#1886,#1914,#1916,.T.);
#1914 = VERTEX_POINT('',#1915);
#1915 = CARTESIAN_POINT('',(65.,39.274302728071,2.081668171172E-14));
#1916 = SURFACE_CURVE('',#1917,(#1921,#1928),.PCURVE_S1.);
#1917 = LINE('',#1918,#1919);
#1918 = CARTESIAN_POINT('',(65.,6.938893903907E-15,0.));
#1919 = VECTOR('',#1920,1.);
#1920 = DIRECTION('',(0.,-1.,0.));
#1921 = PCURVE('',#623,#1922);
#1922 = DEFINITIONAL_REPRESENTATION('',(#1923),#1927);
#1923 = LINE('',#1924,#1925);
#1924 = CARTESIAN_POINT('',(65.,6.938893903907E-15));
#1925 = VECTOR('',#1926,1.);
#1926 = DIRECTION('',(0.,-1.));
#1927 = ( GEOMETRIC_REPRESENTATION_CONTEXT(2) 
PARAMETRIC_REPRESENTATION_CONTEXT() REPRESENTATION_CONTEXT('2D SPACE',''
  ) );
#1928 = PCURVE('',#1929,#1934);
#1929 = PLANE('',#1930);
#1930 = AXIS2_PLACEMENT_3D('',#1931,#1932,#1933);
#1931 = CARTESIAN_POINT('',(65.506196882918,46.014393765836,29.));
#1932 = DIRECTION('',(0.999847695156,0.,-1.745240643728E-02));
#1933 = DIRECTION('',(-1.745240643728E-02,0.,-0.999847695156));
#1934 = DEFINITIONAL_REPRESENTATION('',(#1935),#1939);
#1935 = LINE('',#1936,#1937);
#1936 = CARTESIAN_POINT('',(29.004417513273,-46.01439376583));
#1937 = VECTOR('',#1938,1.);
#1938 = DIRECTION('',(-0.,-1.));
#1939 = ( GEOMETRIC_REPRESENTATION_CONTEXT(2) 
PARAMETRIC_REPRESENTATION_CONTEXT() REPRESENTATION_CONTEXT('2D SPACE',''
  ) );
#1940 = ORIENTED_EDGE('',*,*,#1941,.T.);
#1941 = EDGE_CURVE('',#1914,#1942,#1944,.T.);
#1942 = VERTEX_POINT('',#1943);
#1943 = CARTESIAN_POINT('',(65.,-34.50083767664,2.081668171172E-14));
#1944 = SURFACE_CURVE('',#1945,(#1949,#1956),.PCURVE_S1.);
#1945 = LINE('',#1946,#1947);
#1946 = CARTESIAN_POINT('',(65.,39.276302728071,2.081668171172E-14));
#1947 = VECTOR('',#1948,1.);
#1948 = DIRECTION('',(0.,-1.,0.));
#1949 = PCURVE('',#623,#1950);
#1950 = DEFINITIONAL_REPRESENTATION('',(#1951),#1955);
#1951 = LINE('',#1952,#1953);
#1952 = CARTESIAN_POINT('',(65.,39.276302728071));
#1953 = VECTOR('',#1954,1.);
#1954 = DIRECTION('',(0.,-1.));
#1955 = ( GEOMETRIC_REPRESENTATION_CONTEXT(2) 
PARAMETRIC_REPRESENTATION_CONTEXT() REPRESENTATION_CONTEXT('2D SPACE',''
  ) );
#1956 = PCURVE('',#1957,#1962);
#1957 = PLANE('',#1958);
#1958 = AXIS2_PLACEMENT_3D('',#1959,#1960,#1961);
#1959 = CARTESIAN_POINT('',(64.519985714474,39.276302728071,27.5));
#1960 = DIRECTION('',(-0.999847695156,0.,-1.745240643728E-02));
#1961 = DIRECTION('',(-1.745240643728E-02,0.,0.999847695156));
#1962 = DEFINITIONAL_REPRESENTATION('',(#1963),#1967);
#1963 = LINE('',#1964,#1965);
#1964 = CARTESIAN_POINT('',(-27.5041890212,0.));
#1965 = VECTOR('',#1966,1.);
#1966 = DIRECTION('',(0.,-1.));
#1967 = ( GEOMETRIC_REPRESENTATION_CONTEXT(2) 
PARAMETRIC_REPRESENTATION_CONTEXT() REPRESENTATION_CONTEXT('2D SPACE',''
  ) );
#1968 = ORIENTED_EDGE('',*,*,#1969,.T.);
#1969 = EDGE_CURVE('',#1942,#1970,#1972,.T.);
#1970 = VERTEX_POINT('',#1971);
#1971 = CARTESIAN_POINT('',(65.,-45.,0.));
#1972 = SURFACE_CURVE('',#1973,(#1977,#1984),.PCURVE_S1.);
#1973 = LINE('',#1974,#1975);
#1974 = CARTESIAN_POINT('',(65.,6.938893903907E-15,0.));
#1975 = VECTOR('',#1976,1.);
#1976 = DIRECTION('',(0.,-1.,0.));
#1977 = PCURVE('',#623,#1978);
#1978 = DEFINITIONAL_REPRESENTATION('',(#1979),#1983);
#1979 = LINE('',#1980,#1981);
#1980 = CARTESIAN_POINT('',(65.,6.938893903907E-15));
#1981 = VECTOR('',#1982,1.);
#1982 = DIRECTION('',(0.,-1.));
#1983 = ( GEOMETRIC_REPRESENTATION_CONTEXT(2) 
PARAMETRIC_REPRESENTATION_CONTEXT() REPRESENTATION_CONTEXT('2D SPACE',''
  ) );
#1984 = PCURVE('',#1929,#1985);
#1985 = DEFINITIONAL_REPRESENTATION('',(#1986),#1990);
#1986 = LINE('',#1987,#1988);
#1987 = CARTESIAN_POINT('',(29.004417513273,-46.01439376583));
#1988 = VECTOR('',#1989,1.);
#1989 = DIRECTION('',(-0.,-1.));
#1990 = ( GEOMETRIC_REPRESENTATION_CONTEXT(2) 
PARAMETRIC_REPRESENTATION_CONTEXT() REPRESENTATION_CONTEXT('2D SPACE',''
  ) );
#1991 = ORIENTED_EDGE('',*,*,#1992,.F.);
#1992 = EDGE_CURVE('',#1993,#1970,#1995,.T.);
#1993 = VERTEX_POINT('',#1994);
#1994 = CARTESIAN_POINT('',(59.274302728071,-45.,-6.938893903907E-15));
#1995 = SURFACE_CURVE('',#1996,(#2000,#2007),.PCURVE_S1.);
#1996 = LINE('',#1997,#1998);
#1997 = CARTESIAN_POINT('',(0.,-45.,0.));
#1998 = VECTOR('',#1999,1.);
#1999 = DIRECTION('',(1.,0.,0.));
#2000 = PCURVE('',#623,#2001);
#2001 = DEFINITIONAL_REPRESENTATION('',(#2002),#2006);
#2002 = LINE('',#2003,#2004);
#2003 = CARTESIAN_POINT('',(0.,-45.));
#2004 = VECTOR('',#2005,1.);
#2005 = DIRECTION('',(1.,0.));
#2006 = ( GEOMETRIC_REPRESENTATION_CONTEXT(2) 
PARAMETRIC_REPRESENTATION_CONTEXT() REPRESENTATION_CONTEXT('2D SPACE',''
  ) );
#2007 = PCURVE('',#2008,#2013);
#2008 = PLANE('',#2009);
#2009 = AXIS2_PLACEMENT_3D('',#2010,#2011,#2012);
#2010 = CARTESIAN_POINT('',(-65.002,-45.50619688291,29.));
#2011 = DIRECTION('',(0.,0.999847695156,1.745240643728E-02));
#2012 = DIRECTION('',(0.,-1.745240643728E-02,0.999847695156));
#2013 = DEFINITIONAL_REPRESENTATION('',(#2014),#2018);
#2014 = LINE('',#2015,#2016);
#2015 = CARTESIAN_POINT('',(-29.00441751327,65.002));
#2016 = VECTOR('',#2017,1.);
#2017 = DIRECTION('',(0.,1.));
#2018 = ( GEOMETRIC_REPRESENTATION_CONTEXT(2) 
PARAMETRIC_REPRESENTATION_CONTEXT() REPRESENTATION_CONTEXT('2D SPACE',''
  ) );
#2019 = ORIENTED_EDGE('',*,*,#2020,.T.);
#2020 = EDGE_CURVE('',#1993,#2021,#2023,.T.);
#2021 = VERTEX_POINT('',#2022);
#2022 = CARTESIAN_POINT('',(18.,-45.,-6.938893903907E-15));
#2023 = SURFACE_CURVE('',#2024,(#2028,#2035),.PCURVE_S1.);
#2024 = LINE('',#2025,#2026);
#2025 = CARTESIAN_POINT('',(59.276302728071,-45.,-6.938893903907E-15));
#2026 = VECTOR('',#2027,1.);
#2027 = DIRECTION('',(-1.,0.,0.));
#2028 = PCURVE('',#623,#2029);
#2029 = DEFINITIONAL_REPRESENTATION('',(#2030),#2034);
#2030 = LINE('',#2031,#2032);
#2031 = CARTESIAN_POINT('',(59.276302728071,-45.));
#2032 = VECTOR('',#2033,1.);
#2033 = DIRECTION('',(-1.,0.));
#2034 = ( GEOMETRIC_REPRESENTATION_CONTEXT(2) 
PARAMETRIC_REPRESENTATION_CONTEXT() REPRESENTATION_CONTEXT('2D SPACE',''
  ) );
#2035 = PCURVE('',#2036,#2041);
#2036 = PLANE('',#2037);
#2037 = AXIS2_PLACEMENT_3D('',#2038,#2039,#2040);
#2038 = CARTESIAN_POINT('',(59.276302728071,-44.51998571447,27.5));
#2039 = DIRECTION('',(0.,-0.999847695156,1.745240643728E-02));
#2040 = DIRECTION('',(0.,-1.745240643728E-02,-0.999847695156));
#2041 = DEFINITIONAL_REPRESENTATION('',(#2042),#2046);
#2042 = LINE('',#2043,#2044);
#2043 = CARTESIAN_POINT('',(27.504189021207,0.));
#2044 = VECTOR('',#2045,1.);
#2045 = DIRECTION('',(-0.,-1.));
#2046 = ( GEOMETRIC_REPRESENTATION_CONTEXT(2) 
PARAMETRIC_REPRESENTATION_CONTEXT() REPRESENTATION_CONTEXT('2D SPACE',''
  ) );
#2047 = ORIENTED_EDGE('',*,*,#2048,.F.);
#2048 = EDGE_CURVE('',#2049,#2021,#2051,.T.);
#2049 = VERTEX_POINT('',#2050);
#2050 = CARTESIAN_POINT('',(18.,-40.2000304656,0.));
#2051 = SURFACE_CURVE('',#2052,(#2056,#2063),.PCURVE_S1.);
#2052 = LINE('',#2053,#2054);
#2053 = CARTESIAN_POINT('',(18.,0.,0.));
#2054 = VECTOR('',#2055,1.);
#2055 = DIRECTION('',(0.,-1.,0.));
#2056 = PCURVE('',#623,#2057);
#2057 = DEFINITIONAL_REPRESENTATION('',(#2058),#2062);
#2058 = LINE('',#2059,#2060);
#2059 = CARTESIAN_POINT('',(18.,0.));
#2060 = VECTOR('',#2061,1.);
#2061 = DIRECTION('',(0.,-1.));
#2062 = ( GEOMETRIC_REPRESENTATION_CONTEXT(2) 
PARAMETRIC_REPRESENTATION_CONTEXT() REPRESENTATION_CONTEXT('2D SPACE',''
  ) );
#2063 = PCURVE('',#2064,#2069);
#2064 = PLANE('',#2065);
#2065 = AXIS2_PLACEMENT_3D('',#2066,#2067,#2068);
#2066 = CARTESIAN_POINT('',(18.,-210.9867586496,4.625));
#2067 = DIRECTION('',(-1.,0.,0.));
#2068 = DIRECTION('',(0.,0.,1.));
#2069 = DEFINITIONAL_REPRESENTATION('',(#2070),#2074);
#2070 = LINE('',#2071,#2072);
#2071 = CARTESIAN_POINT('',(-4.625,210.98675864966));
#2072 = VECTOR('',#2073,1.);
#2073 = DIRECTION('',(0.,-1.));
#2074 = ( GEOMETRIC_REPRESENTATION_CONTEXT(2) 
PARAMETRIC_REPRESENTATION_CONTEXT() REPRESENTATION_CONTEXT('2D SPACE',''
  ) );
#2075 = ORIENTED_EDGE('',*,*,#2076,.F.);
#2076 = EDGE_CURVE('',#2077,#2049,#2079,.T.);
#2077 = VERTEX_POINT('',#2078);
#2078 = CARTESIAN_POINT('',(54.500837672334,-40.19997914112,
    -4.479450549379E-07));
#2079 = SURFACE_CURVE('',#2080,(#2084,#2091),.PCURVE_S1.);
#2080 = LINE('',#2081,#2082);
#2081 = CARTESIAN_POINT('',(54.50083767664,-40.2000304656,
    -6.198209729679E-15));
#2082 = VECTOR('',#2083,1.);
#2083 = DIRECTION('',(-1.,0.,0.));
#2084 = PCURVE('',#623,#2085);
#2085 = DEFINITIONAL_REPRESENTATION('',(#2086),#2090);
#2086 = LINE('',#2087,#2088);
#2087 = CARTESIAN_POINT('',(54.50083767664,-40.2000304656));
#2088 = VECTOR('',#2089,1.);
#2089 = DIRECTION('',(-1.,0.));
#2090 = ( GEOMETRIC_REPRESENTATION_CONTEXT(2) 
PARAMETRIC_REPRESENTATION_CONTEXT() REPRESENTATION_CONTEXT('2D SPACE',''
  ) );
#2091 = PCURVE('',#2092,#2097);
#2092 = PLANE('',#2093);
#2093 = AXIS2_PLACEMENT_3D('',#2094,#2095,#2096);
#2094 = CARTESIAN_POINT('',(54.50083767664,-39.73716659684,
    26.517453282036));
#2095 = DIRECTION('',(0.,-0.999847695156,1.745240643728E-02));
#2096 = DIRECTION('',(0.,-1.745240643728E-02,-0.999847695156));
#2097 = DEFINITIONAL_REPRESENTATION('',(#2098),#2102);
#2098 = LINE('',#2099,#2100);
#2099 = CARTESIAN_POINT('',(26.521492633824,0.));
#2100 = VECTOR('',#2101,1.);
#2101 = DIRECTION('',(-0.,-1.));
#2102 = ( GEOMETRIC_REPRESENTATION_CONTEXT(2) 
PARAMETRIC_REPRESENTATION_CONTEXT() REPRESENTATION_CONTEXT('2D SPACE',''
  ) );
#2103 = ORIENTED_EDGE('',*,*,#2104,.T.);
#2104 = EDGE_CURVE('',#2077,#2105,#2107,.T.);
#2105 = VERTEX_POINT('',#2106);
#2106 = CARTESIAN_POINT('',(60.199979144582,-34.50083767233,
    -6.458901183584E-07));
#2107 = SURFACE_CURVE('',#2108,(#2113,#2120),.PCURVE_S1.);
#2108 = CIRCLE('',#2109,5.69956828405);
#2109 = AXIS2_PLACEMENT_3D('',#2110,#2111,#2112);
#2110 = CARTESIAN_POINT('',(54.500359537009,-34.500359537,0.));
#2111 = DIRECTION('',(0.,0.,1.));
#2112 = DIRECTION('',(1.,0.,-0.));
#2113 = PCURVE('',#623,#2114);
#2114 = DEFINITIONAL_REPRESENTATION('',(#2115),#2119);
#2115 = CIRCLE('',#2116,5.69956828405);
#2116 = AXIS2_PLACEMENT_2D('',#2117,#2118);
#2117 = CARTESIAN_POINT('',(54.500359537009,-34.500359537));
#2118 = DIRECTION('',(1.,0.));
#2119 = ( GEOMETRIC_REPRESENTATION_CONTEXT(2) 
PARAMETRIC_REPRESENTATION_CONTEXT() REPRESENTATION_CONTEXT('2D SPACE',''
  ) );
#2120 = PCURVE('',#2121,#2126);
#2121 = CONICAL_SURFACE('',#2122,4.773680905798,1.745630170939E-02);
#2122 = AXIS2_PLACEMENT_3D('',#2123,#2124,#2125);
#2123 = CARTESIAN_POINT('',(54.500359537008,-34.500359537,
    53.034906564072));
#2124 = DIRECTION('',(1.512219317917E-14,-9.103290816614E-15,-1.));
#2125 = DIRECTION('',(0.707106781187,-0.707106781186,1.713000401094E-14)
  );
#2126 = DEFINITIONAL_REPRESENTATION('',(#2127),#2131);
#2127 = LINE('',#2128,#2129);
#2128 = CARTESIAN_POINT('',(5.497787143782,53.034906564072));
#2129 = VECTOR('',#2130,1.);
#2130 = DIRECTION('',(-1.,3.166274647897E-14));
#2131 = ( GEOMETRIC_REPRESENTATION_CONTEXT(2) 
PARAMETRIC_REPRESENTATION_CONTEXT() REPRESENTATION_CONTEXT('2D SPACE',''
  ) );
#2132 = ORIENTED_EDGE('',*,*,#2133,.F.);
#2133 = EDGE_CURVE('',#2134,#2105,#2136,.T.);
#2134 = VERTEX_POINT('',#2135);
#2135 = CARTESIAN_POINT('',(60.199979141127,34.500837672334,
    -4.479450528728E-07));
#2136 = SURFACE_CURVE('',#2137,(#2141,#2148),.PCURVE_S1.);
#2137 = LINE('',#2138,#2139);
#2138 = CARTESIAN_POINT('',(60.200030465609,34.50083767664,
    -1.211762162809E-15));
#2139 = VECTOR('',#2140,1.);
#2140 = DIRECTION('',(0.,-1.,-6.123233995737E-17));
#2141 = PCURVE('',#623,#2142);
#2142 = DEFINITIONAL_REPRESENTATION('',(#2143),#2147);
#2143 = LINE('',#2144,#2145);
#2144 = CARTESIAN_POINT('',(60.200030465609,34.50083767664));
#2145 = VECTOR('',#2146,1.);
#2146 = DIRECTION('',(0.,-1.));
#2147 = ( GEOMETRIC_REPRESENTATION_CONTEXT(2) 
PARAMETRIC_REPRESENTATION_CONTEXT() REPRESENTATION_CONTEXT('2D SPACE',''
  ) );
#2148 = PCURVE('',#2149,#2154);
#2149 = PLANE('',#2150);
#2150 = AXIS2_PLACEMENT_3D('',#2151,#2152,#2153);
#2151 = CARTESIAN_POINT('',(59.73716659684,34.50083767664,
    26.517453282036));
#2152 = DIRECTION('',(0.999847695156,-1.068651684042E-18,
    1.745240643728E-02));
#2153 = DIRECTION('',(1.745240643728E-02,6.01853107621E-36,
    -0.999847695156));
#2154 = DEFINITIONAL_REPRESENTATION('',(#2155),#2159);
#2155 = LINE('',#2156,#2157);
#2156 = CARTESIAN_POINT('',(26.521492633824,-1.829633447168E-33));
#2157 = VECTOR('',#2158,1.);
#2158 = DIRECTION('',(6.122301397541E-17,-1.));
#2159 = ( GEOMETRIC_REPRESENTATION_CONTEXT(2) 
PARAMETRIC_REPRESENTATION_CONTEXT() REPRESENTATION_CONTEXT('2D SPACE',''
  ) );
#2160 = ORIENTED_EDGE('',*,*,#2161,.T.);
#2161 = EDGE_CURVE('',#2134,#608,#2162,.T.);
#2162 = SURFACE_CURVE('',#2163,(#2168,#2175),.PCURVE_S1.);
#2163 = CIRCLE('',#2164,5.699568284049);
#2164 = AXIS2_PLACEMENT_3D('',#2165,#2166,#2167);
#2165 = CARTESIAN_POINT('',(54.50035953701,34.500359537009,0.));
#2166 = DIRECTION('',(0.,0.,1.));
#2167 = DIRECTION('',(1.,0.,-0.));
#2168 = PCURVE('',#623,#2169);
#2169 = DEFINITIONAL_REPRESENTATION('',(#2170),#2174);
#2170 = CIRCLE('',#2171,5.699568284049);
#2171 = AXIS2_PLACEMENT_2D('',#2172,#2173);
#2172 = CARTESIAN_POINT('',(54.50035953701,34.500359537009));
#2173 = DIRECTION('',(1.,0.));
#2174 = ( GEOMETRIC_REPRESENTATION_CONTEXT(2) 
PARAMETRIC_REPRESENTATION_CONTEXT() REPRESENTATION_CONTEXT('2D SPACE',''
  ) );
#2175 = PCURVE('',#651,#2176);
#2176 = DEFINITIONAL_REPRESENTATION('',(#2177),#2181);
#2177 = LINE('',#2178,#2179);
#2178 = CARTESIAN_POINT('',(0.785398163398,53.034906564072));
#2179 = VECTOR('',#2180,1.);
#2180 = DIRECTION('',(-1.,0.));
#2181 = ( GEOMETRIC_REPRESENTATION_CONTEXT(2) 
PARAMETRIC_REPRESENTATION_CONTEXT() REPRESENTATION_CONTEXT('2D SPACE',''
  ) );
#2182 = ORIENTED_EDGE('',*,*,#607,.F.);
#2183 = ADVANCED_FACE('',(#2184),#959,.F.);
#2184 = FACE_BOUND('',#2185,.T.);
#2185 = EDGE_LOOP('',(#2186,#2187,#2208,#2209));
#2186 = ORIENTED_EDGE('',*,*,#1548,.F.);
#2187 = ORIENTED_EDGE('',*,*,#2188,.T.);
#2188 = EDGE_CURVE('',#1526,#944,#2189,.T.);
#2189 = SURFACE_CURVE('',#2190,(#2194,#2201),.PCURVE_S1.);
#2190 = LINE('',#2191,#2192);
#2191 = CARTESIAN_POINT('',(-5.,0.,0.));
#2192 = VECTOR('',#2193,1.);
#2193 = DIRECTION('',(0.,-1.,0.));
#2194 = PCURVE('',#959,#2195);
#2195 = DEFINITIONAL_REPRESENTATION('',(#2196),#2200);
#2196 = LINE('',#2197,#2198);
#2197 = CARTESIAN_POINT('',(-5.,0.));
#2198 = VECTOR('',#2199,1.);
#2199 = DIRECTION('',(0.,-1.));
#2200 = ( GEOMETRIC_REPRESENTATION_CONTEXT(2) 
PARAMETRIC_REPRESENTATION_CONTEXT() REPRESENTATION_CONTEXT('2D SPACE',''
  ) );
#2201 = PCURVE('',#987,#2202);
#2202 = DEFINITIONAL_REPRESENTATION('',(#2203),#2207);
#2203 = LINE('',#2204,#2205);
#2204 = CARTESIAN_POINT('',(-2.3,-183.9754086078));
#2205 = VECTOR('',#2206,1.);
#2206 = DIRECTION('',(0.,-1.));
#2207 = ( GEOMETRIC_REPRESENTATION_CONTEXT(2) 
PARAMETRIC_REPRESENTATION_CONTEXT() REPRESENTATION_CONTEXT('2D SPACE',''
  ) );
#2208 = ORIENTED_EDGE('',*,*,#943,.F.);
#2209 = ORIENTED_EDGE('',*,*,#2210,.T.);
#2210 = EDGE_CURVE('',#916,#1549,#2211,.T.);
#2211 = SURFACE_CURVE('',#2212,(#2216,#2223),.PCURVE_S1.);
#2212 = LINE('',#2213,#2214);
#2213 = CARTESIAN_POINT('',(-12.,0.,0.));
#2214 = VECTOR('',#2215,1.);
#2215 = DIRECTION('',(0.,1.,0.));
#2216 = PCURVE('',#959,#2217);
#2217 = DEFINITIONAL_REPRESENTATION('',(#2218),#2222);
#2218 = LINE('',#2219,#2220);
#2219 = CARTESIAN_POINT('',(-12.,0.));
#2220 = VECTOR('',#2221,1.);
#2221 = DIRECTION('',(0.,1.));
#2222 = ( GEOMETRIC_REPRESENTATION_CONTEXT(2) 
PARAMETRIC_REPRESENTATION_CONTEXT() REPRESENTATION_CONTEXT('2D SPACE',''
  ) );
#2223 = PCURVE('',#931,#2224);
#2224 = DEFINITIONAL_REPRESENTATION('',(#2225),#2229);
#2225 = LINE('',#2226,#2227);
#2226 = CARTESIAN_POINT('',(2.8,-177.7367586496));
#2227 = VECTOR('',#2228,1.);
#2228 = DIRECTION('',(0.,1.));
#2229 = ( GEOMETRIC_REPRESENTATION_CONTEXT(2) 
PARAMETRIC_REPRESENTATION_CONTEXT() REPRESENTATION_CONTEXT('2D SPACE',''
  ) );
#2230 = ADVANCED_FACE('',(#2231),#847,.F.);
#2231 = FACE_BOUND('',#2232,.T.);
#2232 = EDGE_LOOP('',(#2233,#2254,#2255,#2276));
#2233 = ORIENTED_EDGE('',*,*,#2234,.F.);
#2234 = EDGE_CURVE('',#832,#1618,#2235,.T.);
#2235 = SURFACE_CURVE('',#2236,(#2240,#2247),.PCURVE_S1.);
#2236 = LINE('',#2237,#2238);
#2237 = CARTESIAN_POINT('',(-14.,0.,0.));
#2238 = VECTOR('',#2239,1.);
#2239 = DIRECTION('',(0.,1.,0.));
#2240 = PCURVE('',#847,#2241);
#2241 = DEFINITIONAL_REPRESENTATION('',(#2242),#2246);
#2242 = LINE('',#2243,#2244);
#2243 = CARTESIAN_POINT('',(-14.,0.));
#2244 = VECTOR('',#2245,1.);
#2245 = DIRECTION('',(0.,1.));
#2246 = ( GEOMETRIC_REPRESENTATION_CONTEXT(2) 
PARAMETRIC_REPRESENTATION_CONTEXT() REPRESENTATION_CONTEXT('2D SPACE',''
  ) );
#2247 = PCURVE('',#875,#2248);
#2248 = DEFINITIONAL_REPRESENTATION('',(#2249),#2253);
#2249 = LINE('',#2250,#2251);
#2250 = CARTESIAN_POINT('',(2.8,-177.7367586496));
#2251 = VECTOR('',#2252,1.);
#2252 = DIRECTION('',(0.,1.));
#2253 = ( GEOMETRIC_REPRESENTATION_CONTEXT(2) 
PARAMETRIC_REPRESENTATION_CONTEXT() REPRESENTATION_CONTEXT('2D SPACE',''
  ) );
#2254 = ORIENTED_EDGE('',*,*,#831,.F.);
#2255 = ORIENTED_EDGE('',*,*,#2256,.T.);
#2256 = EDGE_CURVE('',#804,#1641,#2257,.T.);
#2257 = SURFACE_CURVE('',#2258,(#2262,#2269),.PCURVE_S1.);
#2258 = LINE('',#2259,#2260);
#2259 = CARTESIAN_POINT('',(-17.,0.,0.));
#2260 = VECTOR('',#2261,1.);
#2261 = DIRECTION('',(0.,1.,0.));
#2262 = PCURVE('',#847,#2263);
#2263 = DEFINITIONAL_REPRESENTATION('',(#2264),#2268);
#2264 = LINE('',#2265,#2266);
#2265 = CARTESIAN_POINT('',(-17.,0.));
#2266 = VECTOR('',#2267,1.);
#2267 = DIRECTION('',(0.,1.));
#2268 = ( GEOMETRIC_REPRESENTATION_CONTEXT(2) 
PARAMETRIC_REPRESENTATION_CONTEXT() REPRESENTATION_CONTEXT('2D SPACE',''
  ) );
#2269 = PCURVE('',#819,#2270);
#2270 = DEFINITIONAL_REPRESENTATION('',(#2271),#2275);
#2271 = LINE('',#2272,#2273);
#2272 = CARTESIAN_POINT('',(2.8,-177.7367586496));
#2273 = VECTOR('',#2274,1.);
#2274 = DIRECTION('',(0.,1.));
#2275 = ( GEOMETRIC_REPRESENTATION_CONTEXT(2) 
PARAMETRIC_REPRESENTATION_CONTEXT() REPRESENTATION_CONTEXT('2D SPACE',''
  ) );
#2276 = ORIENTED_EDGE('',*,*,#1640,.F.);
#2277 = ADVANCED_FACE('',(#2278),#735,.F.);
#2278 = FACE_BOUND('',#2279,.T.);
#2279 = EDGE_LOOP('',(#2280,#2301,#2302,#2326,#2354,#2382,#2410,#2438,
    #2459));
#2280 = ORIENTED_EDGE('',*,*,#2281,.F.);
#2281 = EDGE_CURVE('',#720,#1710,#2282,.T.);
#2282 = SURFACE_CURVE('',#2283,(#2287,#2294),.PCURVE_S1.);
#2283 = LINE('',#2284,#2285);
#2284 = CARTESIAN_POINT('',(-19.,0.,0.));
#2285 = VECTOR('',#2286,1.);
#2286 = DIRECTION('',(0.,1.,0.));
#2287 = PCURVE('',#735,#2288);
#2288 = DEFINITIONAL_REPRESENTATION('',(#2289),#2293);
#2289 = LINE('',#2290,#2291);
#2290 = CARTESIAN_POINT('',(-19.,0.));
#2291 = VECTOR('',#2292,1.);
#2292 = DIRECTION('',(0.,1.));
#2293 = ( GEOMETRIC_REPRESENTATION_CONTEXT(2) 
PARAMETRIC_REPRESENTATION_CONTEXT() REPRESENTATION_CONTEXT('2D SPACE',''
  ) );
#2294 = PCURVE('',#763,#2295);
#2295 = DEFINITIONAL_REPRESENTATION('',(#2296),#2300);
#2296 = LINE('',#2297,#2298);
#2297 = CARTESIAN_POINT('',(2.8,-177.7367586496));
#2298 = VECTOR('',#2299,1.);
#2299 = DIRECTION('',(0.,1.));
#2300 = ( GEOMETRIC_REPRESENTATION_CONTEXT(2) 
PARAMETRIC_REPRESENTATION_CONTEXT() REPRESENTATION_CONTEXT('2D SPACE',''
  ) );
#2301 = ORIENTED_EDGE('',*,*,#719,.F.);
#2302 = ORIENTED_EDGE('',*,*,#2303,.T.);
#2303 = EDGE_CURVE('',#692,#2304,#2306,.T.);
#2304 = VERTEX_POINT('',#2305);
#2305 = CARTESIAN_POINT('',(-60.19997914458,34.500837672335,
    -6.458901127027E-07));
#2306 = SURFACE_CURVE('',#2307,(#2312,#2319),.PCURVE_S1.);
#2307 = CIRCLE('',#2308,5.69956828405);
#2308 = AXIS2_PLACEMENT_3D('',#2309,#2310,#2311);
#2309 = CARTESIAN_POINT('',(-54.500359537,34.500359537009,0.));
#2310 = DIRECTION('',(0.,0.,1.));
#2311 = DIRECTION('',(1.,0.,-0.));
#2312 = PCURVE('',#735,#2313);
#2313 = DEFINITIONAL_REPRESENTATION('',(#2314),#2318);
#2314 = CIRCLE('',#2315,5.69956828405);
#2315 = AXIS2_PLACEMENT_2D('',#2316,#2317);
#2316 = CARTESIAN_POINT('',(-54.500359537,34.500359537009));
#2317 = DIRECTION('',(1.,0.));
#2318 = ( GEOMETRIC_REPRESENTATION_CONTEXT(2) 
PARAMETRIC_REPRESENTATION_CONTEXT() REPRESENTATION_CONTEXT('2D SPACE',''
  ) );
#2319 = PCURVE('',#707,#2320);
#2320 = DEFINITIONAL_REPRESENTATION('',(#2321),#2325);
#2321 = LINE('',#2322,#2323);
#2322 = CARTESIAN_POINT('',(2.356194490192,53.034906564072));
#2323 = VECTOR('',#2324,1.);
#2324 = DIRECTION('',(-1.,0.));
#2325 = ( GEOMETRIC_REPRESENTATION_CONTEXT(2) 
PARAMETRIC_REPRESENTATION_CONTEXT() REPRESENTATION_CONTEXT('2D SPACE',''
  ) );
#2326 = ORIENTED_EDGE('',*,*,#2327,.F.);
#2327 = EDGE_CURVE('',#2328,#2304,#2330,.T.);
#2328 = VERTEX_POINT('',#2329);
#2329 = CARTESIAN_POINT('',(-60.2000304656,21.95,0.));
#2330 = SURFACE_CURVE('',#2331,(#2335,#2342),.PCURVE_S1.);
#2331 = LINE('',#2332,#2333);
#2332 = CARTESIAN_POINT('',(-60.2000304656,-34.50083767664,
    -5.3259077191E-15));
#2333 = VECTOR('',#2334,1.);
#2334 = DIRECTION('',(0.,1.,6.123233995737E-17));
#2335 = PCURVE('',#735,#2336);
#2336 = DEFINITIONAL_REPRESENTATION('',(#2337),#2341);
#2337 = LINE('',#2338,#2339);
#2338 = CARTESIAN_POINT('',(-60.2000304656,-34.50083767664));
#2339 = VECTOR('',#2340,1.);
#2340 = DIRECTION('',(0.,1.));
#2341 = ( GEOMETRIC_REPRESENTATION_CONTEXT(2) 
PARAMETRIC_REPRESENTATION_CONTEXT() REPRESENTATION_CONTEXT('2D SPACE',''
  ) );
#2342 = PCURVE('',#2343,#2348);
#2343 = PLANE('',#2344);
#2344 = AXIS2_PLACEMENT_3D('',#2345,#2346,#2347);
#2345 = CARTESIAN_POINT('',(-59.73716659684,-34.50083767664,
    26.517453282036));
#2346 = DIRECTION('',(-0.999847695156,-1.068651684042E-18,
    1.745240643728E-02));
#2347 = DIRECTION('',(1.745240643728E-02,-6.01853107621E-36,
    0.999847695156));
#2348 = DEFINITIONAL_REPRESENTATION('',(#2349),#2353);
#2349 = LINE('',#2350,#2351);
#2350 = CARTESIAN_POINT('',(-26.52149263382,-1.829633447168E-33));
#2351 = VECTOR('',#2352,1.);
#2352 = DIRECTION('',(6.122301397541E-17,1.));
#2353 = ( GEOMETRIC_REPRESENTATION_CONTEXT(2) 
PARAMETRIC_REPRESENTATION_CONTEXT() REPRESENTATION_CONTEXT('2D SPACE',''
  ) );
#2354 = ORIENTED_EDGE('',*,*,#2355,.F.);
#2355 = EDGE_CURVE('',#2356,#2328,#2358,.T.);
#2356 = VERTEX_POINT('',#2357);
#2357 = CARTESIAN_POINT('',(-65.,21.95,-1.387778780781E-14));
#2358 = SURFACE_CURVE('',#2359,(#2363,#2370),.PCURVE_S1.);
#2359 = LINE('',#2360,#2361);
#2360 = CARTESIAN_POINT('',(-1.344049862064E-15,21.95,0.));
#2361 = VECTOR('',#2362,1.);
#2362 = DIRECTION('',(1.,6.123233995737E-17,0.));
#2363 = PCURVE('',#735,#2364);
#2364 = DEFINITIONAL_REPRESENTATION('',(#2365),#2369);
#2365 = LINE('',#2366,#2367);
#2366 = CARTESIAN_POINT('',(-1.344049862064E-15,21.95));
#2367 = VECTOR('',#2368,1.);
#2368 = DIRECTION('',(1.,6.123233995737E-17));
#2369 = ( GEOMETRIC_REPRESENTATION_CONTEXT(2) 
PARAMETRIC_REPRESENTATION_CONTEXT() REPRESENTATION_CONTEXT('2D SPACE',''
  ) );
#2370 = PCURVE('',#2371,#2376);
#2371 = PLANE('',#2372);
#2372 = AXIS2_PLACEMENT_3D('',#2373,#2374,#2375);
#2373 = CARTESIAN_POINT('',(-233.8367586496,21.95,3.35));
#2374 = DIRECTION('',(6.123233995737E-17,-1.,4.720335989053E-16));
#2375 = DIRECTION('',(0.,-4.720335989053E-16,-1.));
#2376 = DEFINITIONAL_REPRESENTATION('',(#2377),#2381);
#2377 = LINE('',#2378,#2379);
#2378 = CARTESIAN_POINT('',(3.35,233.83675864966));
#2379 = VECTOR('',#2380,1.);
#2380 = DIRECTION('',(-2.890372179947E-32,1.));
#2381 = ( GEOMETRIC_REPRESENTATION_CONTEXT(2) 
PARAMETRIC_REPRESENTATION_CONTEXT() REPRESENTATION_CONTEXT('2D SPACE',''
  ) );
#2382 = ORIENTED_EDGE('',*,*,#2383,.F.);
#2383 = EDGE_CURVE('',#2384,#2356,#2386,.T.);
#2384 = VERTEX_POINT('',#2385);
#2385 = CARTESIAN_POINT('',(-65.,39.274302728071,-1.387778780781E-14));
#2386 = SURFACE_CURVE('',#2387,(#2391,#2398),.PCURVE_S1.);
#2387 = LINE('',#2388,#2389);
#2388 = CARTESIAN_POINT('',(-65.,39.276302728071,-1.387778780781E-14));
#2389 = VECTOR('',#2390,1.);
#2390 = DIRECTION('',(0.,-1.,0.));
#2391 = PCURVE('',#735,#2392);
#2392 = DEFINITIONAL_REPRESENTATION('',(#2393),#2397);
#2393 = LINE('',#2394,#2395);
#2394 = CARTESIAN_POINT('',(-65.,39.276302728071));
#2395 = VECTOR('',#2396,1.);
#2396 = DIRECTION('',(0.,-1.));
#2397 = ( GEOMETRIC_REPRESENTATION_CONTEXT(2) 
PARAMETRIC_REPRESENTATION_CONTEXT() REPRESENTATION_CONTEXT('2D SPACE',''
  ) );
#2398 = PCURVE('',#2399,#2404);
#2399 = PLANE('',#2400);
#2400 = AXIS2_PLACEMENT_3D('',#2401,#2402,#2403);
#2401 = CARTESIAN_POINT('',(-64.51998571447,39.276302728071,27.5));
#2402 = DIRECTION('',(-0.999847695156,0.,1.745240643728E-02));
#2403 = DIRECTION('',(1.745240643728E-02,0.,0.999847695156));
#2404 = DEFINITIONAL_REPRESENTATION('',(#2405),#2409);
#2405 = LINE('',#2406,#2407);
#2406 = CARTESIAN_POINT('',(-27.5041890212,0.));
#2407 = VECTOR('',#2408,1.);
#2408 = DIRECTION('',(0.,-1.));
#2409 = ( GEOMETRIC_REPRESENTATION_CONTEXT(2) 
PARAMETRIC_REPRESENTATION_CONTEXT() REPRESENTATION_CONTEXT('2D SPACE',''
  ) );
#2410 = ORIENTED_EDGE('',*,*,#2411,.F.);
#2411 = EDGE_CURVE('',#2412,#2384,#2414,.T.);
#2412 = VERTEX_POINT('',#2413);
#2413 = CARTESIAN_POINT('',(-65.,45.,-3.816391647149E-14));
#2414 = SURFACE_CURVE('',#2415,(#2419,#2426),.PCURVE_S1.);
#2415 = LINE('',#2416,#2417);
#2416 = CARTESIAN_POINT('',(-65.,0.,0.));
#2417 = VECTOR('',#2418,1.);
#2418 = DIRECTION('',(0.,-1.,0.));
#2419 = PCURVE('',#735,#2420);
#2420 = DEFINITIONAL_REPRESENTATION('',(#2421),#2425);
#2421 = LINE('',#2422,#2423);
#2422 = CARTESIAN_POINT('',(-65.,0.));
#2423 = VECTOR('',#2424,1.);
#2424 = DIRECTION('',(0.,-1.));
#2425 = ( GEOMETRIC_REPRESENTATION_CONTEXT(2) 
PARAMETRIC_REPRESENTATION_CONTEXT() REPRESENTATION_CONTEXT('2D SPACE',''
  ) );
#2426 = PCURVE('',#2427,#2432);
#2427 = PLANE('',#2428);
#2428 = AXIS2_PLACEMENT_3D('',#2429,#2430,#2431);
#2429 = CARTESIAN_POINT('',(-65.50619688291,46.014393765836,29.));
#2430 = DIRECTION('',(0.999847695156,0.,1.745240643728E-02));
#2431 = DIRECTION('',(1.745240643728E-02,0.,-0.999847695156));
#2432 = DEFINITIONAL_REPRESENTATION('',(#2433),#2437);
#2433 = LINE('',#2434,#2435);
#2434 = CARTESIAN_POINT('',(29.004417513273,-46.01439376583));
#2435 = VECTOR('',#2436,1.);
#2436 = DIRECTION('',(0.,-1.));
#2437 = ( GEOMETRIC_REPRESENTATION_CONTEXT(2) 
PARAMETRIC_REPRESENTATION_CONTEXT() REPRESENTATION_CONTEXT('2D SPACE',''
  ) );
#2438 = ORIENTED_EDGE('',*,*,#2439,.T.);
#2439 = EDGE_CURVE('',#2412,#1733,#2440,.T.);
#2440 = SURFACE_CURVE('',#2441,(#2445,#2452),.PCURVE_S1.);
#2441 = LINE('',#2442,#2443);
#2442 = CARTESIAN_POINT('',(0.,45.,0.));
#2443 = VECTOR('',#2444,1.);
#2444 = DIRECTION('',(1.,0.,0.));
#2445 = PCURVE('',#735,#2446);
#2446 = DEFINITIONAL_REPRESENTATION('',(#2447),#2451);
#2447 = LINE('',#2448,#2449);
#2448 = CARTESIAN_POINT('',(0.,45.));
#2449 = VECTOR('',#2450,1.);
#2450 = DIRECTION('',(1.,0.));
#2451 = ( GEOMETRIC_REPRESENTATION_CONTEXT(2) 
PARAMETRIC_REPRESENTATION_CONTEXT() REPRESENTATION_CONTEXT('2D SPACE',''
  ) );
#2452 = PCURVE('',#1901,#2453);
#2453 = DEFINITIONAL_REPRESENTATION('',(#2454),#2458);
#2454 = LINE('',#2455,#2456);
#2455 = CARTESIAN_POINT('',(-29.00441751327,65.002));
#2456 = VECTOR('',#2457,1.);
#2457 = DIRECTION('',(0.,1.));
#2458 = ( GEOMETRIC_REPRESENTATION_CONTEXT(2) 
PARAMETRIC_REPRESENTATION_CONTEXT() REPRESENTATION_CONTEXT('2D SPACE',''
  ) );
#2459 = ORIENTED_EDGE('',*,*,#1732,.F.);
#2460 = ADVANCED_FACE('',(#2461),#2475,.F.);
#2461 = FACE_BOUND('',#2462,.T.);
#2462 = EDGE_LOOP('',(#2463,#2493,#2521,#2544));
#2463 = ORIENTED_EDGE('',*,*,#2464,.T.);
#2464 = EDGE_CURVE('',#2465,#2467,#2469,.T.);
#2465 = VERTEX_POINT('',#2466);
#2466 = CARTESIAN_POINT('',(-12.85,-45.,-6.938893903907E-15));
#2467 = VERTEX_POINT('',#2468);
#2468 = CARTESIAN_POINT('',(-17.,-45.,-6.938893903907E-15));
#2469 = SURFACE_CURVE('',#2470,(#2474,#2486),.PCURVE_S1.);
#2470 = LINE('',#2471,#2472);
#2471 = CARTESIAN_POINT('',(59.276302728071,-45.,-6.938893903907E-15));
#2472 = VECTOR('',#2473,1.);
#2473 = DIRECTION('',(-1.,0.,0.));
#2474 = PCURVE('',#2475,#2480);
#2475 = PLANE('',#2476);
#2476 = AXIS2_PLACEMENT_3D('',#2477,#2478,#2479);
#2477 = CARTESIAN_POINT('',(0.,0.,0.));
#2478 = DIRECTION('',(0.,0.,1.));
#2479 = DIRECTION('',(1.,0.,-0.));
#2480 = DEFINITIONAL_REPRESENTATION('',(#2481),#2485);
#2481 = LINE('',#2482,#2483);
#2482 = CARTESIAN_POINT('',(59.276302728071,-45.));
#2483 = VECTOR('',#2484,1.);
#2484 = DIRECTION('',(-1.,0.));
#2485 = ( GEOMETRIC_REPRESENTATION_CONTEXT(2) 
PARAMETRIC_REPRESENTATION_CONTEXT() REPRESENTATION_CONTEXT('2D SPACE',''
  ) );
#2486 = PCURVE('',#2036,#2487);
#2487 = DEFINITIONAL_REPRESENTATION('',(#2488),#2492);
#2488 = LINE('',#2489,#2490);
#2489 = CARTESIAN_POINT('',(27.504189021207,0.));
#2490 = VECTOR('',#2491,1.);
#2491 = DIRECTION('',(-0.,-1.));
#2492 = ( GEOMETRIC_REPRESENTATION_CONTEXT(2) 
PARAMETRIC_REPRESENTATION_CONTEXT() REPRESENTATION_CONTEXT('2D SPACE',''
  ) );
#2493 = ORIENTED_EDGE('',*,*,#2494,.T.);
#2494 = EDGE_CURVE('',#2467,#2495,#2497,.T.);
#2495 = VERTEX_POINT('',#2496);
#2496 = CARTESIAN_POINT('',(-17.,-40.2000304656,0.));
#2497 = SURFACE_CURVE('',#2498,(#2502,#2509),.PCURVE_S1.);
#2498 = LINE('',#2499,#2500);
#2499 = CARTESIAN_POINT('',(-17.,0.,0.));
#2500 = VECTOR('',#2501,1.);
#2501 = DIRECTION('',(0.,1.,0.));
#2502 = PCURVE('',#2475,#2503);
#2503 = DEFINITIONAL_REPRESENTATION('',(#2504),#2508);
#2504 = LINE('',#2505,#2506);
#2505 = CARTESIAN_POINT('',(-17.,0.));
#2506 = VECTOR('',#2507,1.);
#2507 = DIRECTION('',(0.,1.));
#2508 = ( GEOMETRIC_REPRESENTATION_CONTEXT(2) 
PARAMETRIC_REPRESENTATION_CONTEXT() REPRESENTATION_CONTEXT('2D SPACE',''
  ) );
#2509 = PCURVE('',#2510,#2515);
#2510 = PLANE('',#2511);
#2511 = AXIS2_PLACEMENT_3D('',#2512,#2513,#2514);
#2512 = CARTESIAN_POINT('',(-17.,-177.7367586496,2.8066));
#2513 = DIRECTION('',(1.,0.,0.));
#2514 = DIRECTION('',(0.,0.,-1.));
#2515 = DEFINITIONAL_REPRESENTATION('',(#2516),#2520);
#2516 = LINE('',#2517,#2518);
#2517 = CARTESIAN_POINT('',(2.8066,177.73675864966));
#2518 = VECTOR('',#2519,1.);
#2519 = DIRECTION('',(0.,1.));
#2520 = ( GEOMETRIC_REPRESENTATION_CONTEXT(2) 
PARAMETRIC_REPRESENTATION_CONTEXT() REPRESENTATION_CONTEXT('2D SPACE',''
  ) );
#2521 = ORIENTED_EDGE('',*,*,#2522,.F.);
#2522 = EDGE_CURVE('',#2523,#2495,#2525,.T.);
#2523 = VERTEX_POINT('',#2524);
#2524 = CARTESIAN_POINT('',(-12.85,-40.2000304656,0.));
#2525 = SURFACE_CURVE('',#2526,(#2530,#2537),.PCURVE_S1.);
#2526 = LINE('',#2527,#2528);
#2527 = CARTESIAN_POINT('',(54.50083767664,-40.2000304656,
    -6.198209729679E-15));
#2528 = VECTOR('',#2529,1.);
#2529 = DIRECTION('',(-1.,0.,0.));
#2530 = PCURVE('',#2475,#2531);
#2531 = DEFINITIONAL_REPRESENTATION('',(#2532),#2536);
#2532 = LINE('',#2533,#2534);
#2533 = CARTESIAN_POINT('',(54.50083767664,-40.2000304656));
#2534 = VECTOR('',#2535,1.);
#2535 = DIRECTION('',(-1.,0.));
#2536 = ( GEOMETRIC_REPRESENTATION_CONTEXT(2) 
PARAMETRIC_REPRESENTATION_CONTEXT() REPRESENTATION_CONTEXT('2D SPACE',''
  ) );
#2537 = PCURVE('',#2092,#2538);
#2538 = DEFINITIONAL_REPRESENTATION('',(#2539),#2543);
#2539 = LINE('',#2540,#2541);
#2540 = CARTESIAN_POINT('',(26.521492633824,0.));
#2541 = VECTOR('',#2542,1.);
#2542 = DIRECTION('',(-0.,-1.));
#2543 = ( GEOMETRIC_REPRESENTATION_CONTEXT(2) 
PARAMETRIC_REPRESENTATION_CONTEXT() REPRESENTATION_CONTEXT('2D SPACE',''
  ) );
#2544 = ORIENTED_EDGE('',*,*,#2545,.F.);
#2545 = EDGE_CURVE('',#2465,#2523,#2546,.T.);
#2546 = SURFACE_CURVE('',#2547,(#2551,#2558),.PCURVE_S1.);
#2547 = LINE('',#2548,#2549);
#2548 = CARTESIAN_POINT('',(-12.85,0.,0.));
#2549 = VECTOR('',#2550,1.);
#2550 = DIRECTION('',(0.,1.,0.));
#2551 = PCURVE('',#2475,#2552);
#2552 = DEFINITIONAL_REPRESENTATION('',(#2553),#2557);
#2553 = LINE('',#2554,#2555);
#2554 = CARTESIAN_POINT('',(-12.85,0.));
#2555 = VECTOR('',#2556,1.);
#2556 = DIRECTION('',(0.,1.));
#2557 = ( GEOMETRIC_REPRESENTATION_CONTEXT(2) 
PARAMETRIC_REPRESENTATION_CONTEXT() REPRESENTATION_CONTEXT('2D SPACE',''
  ) );
#2558 = PCURVE('',#2559,#2564);
#2559 = PLANE('',#2560);
#2560 = AXIS2_PLACEMENT_3D('',#2561,#2562,#2563);
#2561 = CARTESIAN_POINT('',(-12.85,-177.7367586496,21.7304));
#2562 = DIRECTION('',(1.,0.,3.03386486098E-16));
#2563 = DIRECTION('',(3.03386486098E-16,0.,-1.));
#2564 = DEFINITIONAL_REPRESENTATION('',(#2565),#2569);
#2565 = LINE('',#2566,#2567);
#2566 = CARTESIAN_POINT('',(21.7304,177.73675864966));
#2567 = VECTOR('',#2568,1.);
#2568 = DIRECTION('',(0.,1.));
#2569 = ( GEOMETRIC_REPRESENTATION_CONTEXT(2) 
PARAMETRIC_REPRESENTATION_CONTEXT() REPRESENTATION_CONTEXT('2D SPACE',''
  ) );
#2570 = ADVANCED_FACE('',(#2571),#2585,.F.);
#2571 = FACE_BOUND('',#2572,.T.);
#2572 = EDGE_LOOP('',(#2573,#2603,#2631,#2654,#2677,#2700,#2723,#2751,
    #2774));
#2573 = ORIENTED_EDGE('',*,*,#2574,.F.);
#2574 = EDGE_CURVE('',#2575,#2577,#2579,.T.);
#2575 = VERTEX_POINT('',#2576);
#2576 = CARTESIAN_POINT('',(-21.,-40.2000304656,0.));
#2577 = VERTEX_POINT('',#2578);
#2578 = CARTESIAN_POINT('',(-54.50083767233,-40.19997914458,
    -6.458901391909E-07));
#2579 = SURFACE_CURVE('',#2580,(#2584,#2596),.PCURVE_S1.);
#2580 = LINE('',#2581,#2582);
#2581 = CARTESIAN_POINT('',(54.50083767664,-40.2000304656,
    -6.198209729679E-15));
#2582 = VECTOR('',#2583,1.);
#2583 = DIRECTION('',(-1.,0.,0.));
#2584 = PCURVE('',#2585,#2590);
#2585 = PLANE('',#2586);
#2586 = AXIS2_PLACEMENT_3D('',#2587,#2588,#2589);
#2587 = CARTESIAN_POINT('',(0.,0.,0.));
#2588 = DIRECTION('',(0.,0.,1.));
#2589 = DIRECTION('',(1.,0.,-0.));
#2590 = DEFINITIONAL_REPRESENTATION('',(#2591),#2595);
#2591 = LINE('',#2592,#2593);
#2592 = CARTESIAN_POINT('',(54.50083767664,-40.2000304656));
#2593 = VECTOR('',#2594,1.);
#2594 = DIRECTION('',(-1.,0.));
#2595 = ( GEOMETRIC_REPRESENTATION_CONTEXT(2) 
PARAMETRIC_REPRESENTATION_CONTEXT() REPRESENTATION_CONTEXT('2D SPACE',''
  ) );
#2596 = PCURVE('',#2092,#2597);
#2597 = DEFINITIONAL_REPRESENTATION('',(#2598),#2602);
#2598 = LINE('',#2599,#2600);
#2599 = CARTESIAN_POINT('',(26.521492633824,0.));
#2600 = VECTOR('',#2601,1.);
#2601 = DIRECTION('',(-0.,-1.));
#2602 = ( GEOMETRIC_REPRESENTATION_CONTEXT(2) 
PARAMETRIC_REPRESENTATION_CONTEXT() REPRESENTATION_CONTEXT('2D SPACE',''
  ) );
#2603 = ORIENTED_EDGE('',*,*,#2604,.T.);
#2604 = EDGE_CURVE('',#2575,#2605,#2607,.T.);
#2605 = VERTEX_POINT('',#2606);
#2606 = CARTESIAN_POINT('',(-21.,-45.,-6.938893903907E-15));
#2607 = SURFACE_CURVE('',#2608,(#2612,#2619),.PCURVE_S1.);
#2608 = LINE('',#2609,#2610);
#2609 = CARTESIAN_POINT('',(-21.,0.,0.));
#2610 = VECTOR('',#2611,1.);
#2611 = DIRECTION('',(0.,-1.,0.));
#2612 = PCURVE('',#2585,#2613);
#2613 = DEFINITIONAL_REPRESENTATION('',(#2614),#2618);
#2614 = LINE('',#2615,#2616);
#2615 = CARTESIAN_POINT('',(-21.,0.));
#2616 = VECTOR('',#2617,1.);
#2617 = DIRECTION('',(0.,-1.));
#2618 = ( GEOMETRIC_REPRESENTATION_CONTEXT(2) 
PARAMETRIC_REPRESENTATION_CONTEXT() REPRESENTATION_CONTEXT('2D SPACE',''
  ) );
#2619 = PCURVE('',#2620,#2625);
#2620 = PLANE('',#2621);
#2621 = AXIS2_PLACEMENT_3D('',#2622,#2623,#2624);
#2622 = CARTESIAN_POINT('',(-21.,-177.7367586496,2.8066));
#2623 = DIRECTION('',(-1.,0.,0.));
#2624 = DIRECTION('',(0.,0.,1.));
#2625 = DEFINITIONAL_REPRESENTATION('',(#2626),#2630);
#2626 = LINE('',#2627,#2628);
#2627 = CARTESIAN_POINT('',(-2.8066,177.73675864966));
#2628 = VECTOR('',#2629,1.);
#2629 = DIRECTION('',(0.,-1.));
#2630 = ( GEOMETRIC_REPRESENTATION_CONTEXT(2) 
PARAMETRIC_REPRESENTATION_CONTEXT() REPRESENTATION_CONTEXT('2D SPACE',''
  ) );
#2631 = ORIENTED_EDGE('',*,*,#2632,.T.);
#2632 = EDGE_CURVE('',#2605,#2633,#2635,.T.);
#2633 = VERTEX_POINT('',#2634);
#2634 = CARTESIAN_POINT('',(-54.50083767664,-45.,-6.938893903907E-15));
#2635 = SURFACE_CURVE('',#2636,(#2640,#2647),.PCURVE_S1.);
#2636 = LINE('',#2637,#2638);
#2637 = CARTESIAN_POINT('',(59.276302728071,-45.,-6.938893903907E-15));
#2638 = VECTOR('',#2639,1.);
#2639 = DIRECTION('',(-1.,0.,0.));
#2640 = PCURVE('',#2585,#2641);
#2641 = DEFINITIONAL_REPRESENTATION('',(#2642),#2646);
#2642 = LINE('',#2643,#2644);
#2643 = CARTESIAN_POINT('',(59.276302728071,-45.));
#2644 = VECTOR('',#2645,1.);
#2645 = DIRECTION('',(-1.,0.));
#2646 = ( GEOMETRIC_REPRESENTATION_CONTEXT(2) 
PARAMETRIC_REPRESENTATION_CONTEXT() REPRESENTATION_CONTEXT('2D SPACE',''
  ) );
#2647 = PCURVE('',#2036,#2648);
#2648 = DEFINITIONAL_REPRESENTATION('',(#2649),#2653);
#2649 = LINE('',#2650,#2651);
#2650 = CARTESIAN_POINT('',(27.504189021207,0.));
#2651 = VECTOR('',#2652,1.);
#2652 = DIRECTION('',(-0.,-1.));
#2653 = ( GEOMETRIC_REPRESENTATION_CONTEXT(2) 
PARAMETRIC_REPRESENTATION_CONTEXT() REPRESENTATION_CONTEXT('2D SPACE',''
  ) );
#2654 = ORIENTED_EDGE('',*,*,#2655,.F.);
#2655 = EDGE_CURVE('',#2656,#2633,#2658,.T.);
#2656 = VERTEX_POINT('',#2657);
#2657 = CARTESIAN_POINT('',(-65.,-45.,0.));
#2658 = SURFACE_CURVE('',#2659,(#2663,#2670),.PCURVE_S1.);
#2659 = LINE('',#2660,#2661);
#2660 = CARTESIAN_POINT('',(0.,-45.,0.));
#2661 = VECTOR('',#2662,1.);
#2662 = DIRECTION('',(1.,0.,0.));
#2663 = PCURVE('',#2585,#2664);
#2664 = DEFINITIONAL_REPRESENTATION('',(#2665),#2669);
#2665 = LINE('',#2666,#2667);
#2666 = CARTESIAN_POINT('',(0.,-45.));
#2667 = VECTOR('',#2668,1.);
#2668 = DIRECTION('',(1.,0.));
#2669 = ( GEOMETRIC_REPRESENTATION_CONTEXT(2) 
PARAMETRIC_REPRESENTATION_CONTEXT() REPRESENTATION_CONTEXT('2D SPACE',''
  ) );
#2670 = PCURVE('',#2008,#2671);
#2671 = DEFINITIONAL_REPRESENTATION('',(#2672),#2676);
#2672 = LINE('',#2673,#2674);
#2673 = CARTESIAN_POINT('',(-29.00441751327,65.002));
#2674 = VECTOR('',#2675,1.);
#2675 = DIRECTION('',(0.,1.));
#2676 = ( GEOMETRIC_REPRESENTATION_CONTEXT(2) 
PARAMETRIC_REPRESENTATION_CONTEXT() REPRESENTATION_CONTEXT('2D SPACE',''
  ) );
#2677 = ORIENTED_EDGE('',*,*,#2678,.F.);
#2678 = EDGE_CURVE('',#2679,#2656,#2681,.T.);
#2679 = VERTEX_POINT('',#2680);
#2680 = CARTESIAN_POINT('',(-65.,-34.50083767664,-1.387778780781E-14));
#2681 = SURFACE_CURVE('',#2682,(#2686,#2693),.PCURVE_S1.);
#2682 = LINE('',#2683,#2684);
#2683 = CARTESIAN_POINT('',(-65.,0.,0.));
#2684 = VECTOR('',#2685,1.);
#2685 = DIRECTION('',(0.,-1.,0.));
#2686 = PCURVE('',#2585,#2687);
#2687 = DEFINITIONAL_REPRESENTATION('',(#2688),#2692);
#2688 = LINE('',#2689,#2690);
#2689 = CARTESIAN_POINT('',(-65.,0.));
#2690 = VECTOR('',#2691,1.);
#2691 = DIRECTION('',(0.,-1.));
#2692 = ( GEOMETRIC_REPRESENTATION_CONTEXT(2) 
PARAMETRIC_REPRESENTATION_CONTEXT() REPRESENTATION_CONTEXT('2D SPACE',''
  ) );
#2693 = PCURVE('',#2427,#2694);
#2694 = DEFINITIONAL_REPRESENTATION('',(#2695),#2699);
#2695 = LINE('',#2696,#2697);
#2696 = CARTESIAN_POINT('',(29.004417513273,-46.01439376583));
#2697 = VECTOR('',#2698,1.);
#2698 = DIRECTION('',(0.,-1.));
#2699 = ( GEOMETRIC_REPRESENTATION_CONTEXT(2) 
PARAMETRIC_REPRESENTATION_CONTEXT() REPRESENTATION_CONTEXT('2D SPACE',''
  ) );
#2700 = ORIENTED_EDGE('',*,*,#2701,.F.);
#2701 = EDGE_CURVE('',#2702,#2679,#2704,.T.);
#2702 = VERTEX_POINT('',#2703);
#2703 = CARTESIAN_POINT('',(-65.,-30.,-1.387778780781E-14));
#2704 = SURFACE_CURVE('',#2705,(#2709,#2716),.PCURVE_S1.);
#2705 = LINE('',#2706,#2707);
#2706 = CARTESIAN_POINT('',(-65.,39.276302728071,-1.387778780781E-14));
#2707 = VECTOR('',#2708,1.);
#2708 = DIRECTION('',(0.,-1.,0.));
#2709 = PCURVE('',#2585,#2710);
#2710 = DEFINITIONAL_REPRESENTATION('',(#2711),#2715);
#2711 = LINE('',#2712,#2713);
#2712 = CARTESIAN_POINT('',(-65.,39.276302728071));
#2713 = VECTOR('',#2714,1.);
#2714 = DIRECTION('',(0.,-1.));
#2715 = ( GEOMETRIC_REPRESENTATION_CONTEXT(2) 
PARAMETRIC_REPRESENTATION_CONTEXT() REPRESENTATION_CONTEXT('2D SPACE',''
  ) );
#2716 = PCURVE('',#2399,#2717);
#2717 = DEFINITIONAL_REPRESENTATION('',(#2718),#2722);
#2718 = LINE('',#2719,#2720);
#2719 = CARTESIAN_POINT('',(-27.5041890212,0.));
#2720 = VECTOR('',#2721,1.);
#2721 = DIRECTION('',(0.,-1.));
#2722 = ( GEOMETRIC_REPRESENTATION_CONTEXT(2) 
PARAMETRIC_REPRESENTATION_CONTEXT() REPRESENTATION_CONTEXT('2D SPACE',''
  ) );
#2723 = ORIENTED_EDGE('',*,*,#2724,.T.);
#2724 = EDGE_CURVE('',#2702,#2725,#2727,.T.);
#2725 = VERTEX_POINT('',#2726);
#2726 = CARTESIAN_POINT('',(-60.2000304656,-30.,0.));
#2727 = SURFACE_CURVE('',#2728,(#2732,#2739),.PCURVE_S1.);
#2728 = LINE('',#2729,#2730);
#2729 = CARTESIAN_POINT('',(0.,-30.,0.));
#2730 = VECTOR('',#2731,1.);
#2731 = DIRECTION('',(1.,0.,0.));
#2732 = PCURVE('',#2585,#2733);
#2733 = DEFINITIONAL_REPRESENTATION('',(#2734),#2738);
#2734 = LINE('',#2735,#2736);
#2735 = CARTESIAN_POINT('',(0.,-30.));
#2736 = VECTOR('',#2737,1.);
#2737 = DIRECTION('',(1.,0.));
#2738 = ( GEOMETRIC_REPRESENTATION_CONTEXT(2) 
PARAMETRIC_REPRESENTATION_CONTEXT() REPRESENTATION_CONTEXT('2D SPACE',''
  ) );
#2739 = PCURVE('',#2740,#2745);
#2740 = PLANE('',#2741);
#2741 = AXIS2_PLACEMENT_3D('',#2742,#2743,#2744);
#2742 = CARTESIAN_POINT('',(-174.5343010816,-30.,2.3));
#2743 = DIRECTION('',(0.,-1.,-2.753529326947E-16));
#2744 = DIRECTION('',(0.,2.753529326947E-16,-1.));
#2745 = DEFINITIONAL_REPRESENTATION('',(#2746),#2750);
#2746 = LINE('',#2747,#2748);
#2747 = CARTESIAN_POINT('',(2.3,174.53430108163));
#2748 = VECTOR('',#2749,1.);
#2749 = DIRECTION('',(0.,1.));
#2750 = ( GEOMETRIC_REPRESENTATION_CONTEXT(2) 
PARAMETRIC_REPRESENTATION_CONTEXT() REPRESENTATION_CONTEXT('2D SPACE',''
  ) );
#2751 = ORIENTED_EDGE('',*,*,#2752,.F.);
#2752 = EDGE_CURVE('',#2753,#2725,#2755,.T.);
#2753 = VERTEX_POINT('',#2754);
#2754 = CARTESIAN_POINT('',(-60.19997914112,-34.50083767233,
    -4.479450616261E-07));
#2755 = SURFACE_CURVE('',#2756,(#2760,#2767),.PCURVE_S1.);
#2756 = LINE('',#2757,#2758);
#2757 = CARTESIAN_POINT('',(-60.2000304656,-34.50083767664,
    -5.3259077191E-15));
#2758 = VECTOR('',#2759,1.);
#2759 = DIRECTION('',(0.,1.,6.123233995737E-17));
#2760 = PCURVE('',#2585,#2761);
#2761 = DEFINITIONAL_REPRESENTATION('',(#2762),#2766);
#2762 = LINE('',#2763,#2764);
#2763 = CARTESIAN_POINT('',(-60.2000304656,-34.50083767664));
#2764 = VECTOR('',#2765,1.);
#2765 = DIRECTION('',(0.,1.));
#2766 = ( GEOMETRIC_REPRESENTATION_CONTEXT(2) 
PARAMETRIC_REPRESENTATION_CONTEXT() REPRESENTATION_CONTEXT('2D SPACE',''
  ) );
#2767 = PCURVE('',#2343,#2768);
#2768 = DEFINITIONAL_REPRESENTATION('',(#2769),#2773);
#2769 = LINE('',#2770,#2771);
#2770 = CARTESIAN_POINT('',(-26.52149263382,-1.829633447168E-33));
#2771 = VECTOR('',#2772,1.);
#2772 = DIRECTION('',(6.122301397541E-17,1.));
#2773 = ( GEOMETRIC_REPRESENTATION_CONTEXT(2) 
PARAMETRIC_REPRESENTATION_CONTEXT() REPRESENTATION_CONTEXT('2D SPACE',''
  ) );
#2774 = ORIENTED_EDGE('',*,*,#2775,.T.);
#2775 = EDGE_CURVE('',#2753,#2577,#2776,.T.);
#2776 = SURFACE_CURVE('',#2777,(#2782,#2789),.PCURVE_S1.);
#2777 = CIRCLE('',#2778,5.699568284046);
#2778 = AXIS2_PLACEMENT_3D('',#2779,#2780,#2781);
#2779 = CARTESIAN_POINT('',(-54.50035953701,-34.50035953701,0.));
#2780 = DIRECTION('',(0.,0.,1.));
#2781 = DIRECTION('',(1.,0.,-0.));
#2782 = PCURVE('',#2585,#2783);
#2783 = DEFINITIONAL_REPRESENTATION('',(#2784),#2788);
#2784 = CIRCLE('',#2785,5.699568284046);
#2785 = AXIS2_PLACEMENT_2D('',#2786,#2787);
#2786 = CARTESIAN_POINT('',(-54.50035953701,-34.50035953701));
#2787 = DIRECTION('',(1.,0.));
#2788 = ( GEOMETRIC_REPRESENTATION_CONTEXT(2) 
PARAMETRIC_REPRESENTATION_CONTEXT() REPRESENTATION_CONTEXT('2D SPACE',''
  ) );
#2789 = PCURVE('',#2790,#2795);
#2790 = CONICAL_SURFACE('',#2791,4.773680905794,1.745630170939E-02);
#2791 = AXIS2_PLACEMENT_3D('',#2792,#2793,#2794);
#2792 = CARTESIAN_POINT('',(-54.50035953701,-34.50035953701,
    53.034906564072));
#2793 = DIRECTION('',(-1.532373712421E-14,-9.121392920872E-15,-1.));
#2794 = DIRECTION('',(-0.707106781186,-0.707106781187,1.728531722186E-14
    ));
#2795 = DEFINITIONAL_REPRESENTATION('',(#2796),#2800);
#2796 = LINE('',#2797,#2798);
#2797 = CARTESIAN_POINT('',(3.926990816987,53.034906564072));
#2798 = VECTOR('',#2799,1.);
#2799 = DIRECTION('',(-1.,-9.046498993986E-15));
#2800 = ( GEOMETRIC_REPRESENTATION_CONTEXT(2) 
PARAMETRIC_REPRESENTATION_CONTEXT() REPRESENTATION_CONTEXT('2D SPACE',''
  ) );
#2801 = ADVANCED_FACE('',(#2802),#2816,.F.);
#2802 = FACE_BOUND('',#2803,.T.);
#2803 = EDGE_LOOP('',(#2804,#2834,#2862,#2885));
#2804 = ORIENTED_EDGE('',*,*,#2805,.T.);
#2805 = EDGE_CURVE('',#2806,#2808,#2810,.T.);
#2806 = VERTEX_POINT('',#2807);
#2807 = CARTESIAN_POINT('',(7.,-45.,-6.938893903907E-15));
#2808 = VERTEX_POINT('',#2809);
#2809 = CARTESIAN_POINT('',(2.85,-45.,-6.938893903907E-15));
#2810 = SURFACE_CURVE('',#2811,(#2815,#2827),.PCURVE_S1.);
#2811 = LINE('',#2812,#2813);
#2812 = CARTESIAN_POINT('',(59.276302728071,-45.,-6.938893903907E-15));
#2813 = VECTOR('',#2814,1.);
#2814 = DIRECTION('',(-1.,0.,0.));
#2815 = PCURVE('',#2816,#2821);
#2816 = PLANE('',#2817);
#2817 = AXIS2_PLACEMENT_3D('',#2818,#2819,#2820);
#2818 = CARTESIAN_POINT('',(0.,0.,0.));
#2819 = DIRECTION('',(0.,0.,1.));
#2820 = DIRECTION('',(1.,0.,-0.));
#2821 = DEFINITIONAL_REPRESENTATION('',(#2822),#2826);
#2822 = LINE('',#2823,#2824);
#2823 = CARTESIAN_POINT('',(59.276302728071,-45.));
#2824 = VECTOR('',#2825,1.);
#2825 = DIRECTION('',(-1.,0.));
#2826 = ( GEOMETRIC_REPRESENTATION_CONTEXT(2) 
PARAMETRIC_REPRESENTATION_CONTEXT() REPRESENTATION_CONTEXT('2D SPACE',''
  ) );
#2827 = PCURVE('',#2036,#2828);
#2828 = DEFINITIONAL_REPRESENTATION('',(#2829),#2833);
#2829 = LINE('',#2830,#2831);
#2830 = CARTESIAN_POINT('',(27.504189021207,0.));
#2831 = VECTOR('',#2832,1.);
#2832 = DIRECTION('',(-0.,-1.));
#2833 = ( GEOMETRIC_REPRESENTATION_CONTEXT(2) 
PARAMETRIC_REPRESENTATION_CONTEXT() REPRESENTATION_CONTEXT('2D SPACE',''
  ) );
#2834 = ORIENTED_EDGE('',*,*,#2835,.T.);
#2835 = EDGE_CURVE('',#2808,#2836,#2838,.T.);
#2836 = VERTEX_POINT('',#2837);
#2837 = CARTESIAN_POINT('',(2.85,-40.2000304656,0.));
#2838 = SURFACE_CURVE('',#2839,(#2843,#2850),.PCURVE_S1.);
#2839 = LINE('',#2840,#2841);
#2840 = CARTESIAN_POINT('',(2.85,0.,0.));
#2841 = VECTOR('',#2842,1.);
#2842 = DIRECTION('',(0.,1.,0.));
#2843 = PCURVE('',#2816,#2844);
#2844 = DEFINITIONAL_REPRESENTATION('',(#2845),#2849);
#2845 = LINE('',#2846,#2847);
#2846 = CARTESIAN_POINT('',(2.85,0.));
#2847 = VECTOR('',#2848,1.);
#2848 = DIRECTION('',(0.,1.));
#2849 = ( GEOMETRIC_REPRESENTATION_CONTEXT(2) 
PARAMETRIC_REPRESENTATION_CONTEXT() REPRESENTATION_CONTEXT('2D SPACE',''
  ) );
#2850 = PCURVE('',#2851,#2856);
#2851 = PLANE('',#2852);
#2852 = AXIS2_PLACEMENT_3D('',#2853,#2854,#2855);
#2853 = CARTESIAN_POINT('',(2.85,-177.7367586496,21.7304));
#2854 = DIRECTION('',(1.,0.,3.03386486098E-16));
#2855 = DIRECTION('',(3.03386486098E-16,0.,-1.));
#2856 = DEFINITIONAL_REPRESENTATION('',(#2857),#2861);
#2857 = LINE('',#2858,#2859);
#2858 = CARTESIAN_POINT('',(21.7304,177.73675864966));
#2859 = VECTOR('',#2860,1.);
#2860 = DIRECTION('',(0.,1.));
#2861 = ( GEOMETRIC_REPRESENTATION_CONTEXT(2) 
PARAMETRIC_REPRESENTATION_CONTEXT() REPRESENTATION_CONTEXT('2D SPACE',''
  ) );
#2862 = ORIENTED_EDGE('',*,*,#2863,.F.);
#2863 = EDGE_CURVE('',#2864,#2836,#2866,.T.);
#2864 = VERTEX_POINT('',#2865);
#2865 = CARTESIAN_POINT('',(7.,-40.2000304656,0.));
#2866 = SURFACE_CURVE('',#2867,(#2871,#2878),.PCURVE_S1.);
#2867 = LINE('',#2868,#2869);
#2868 = CARTESIAN_POINT('',(54.50083767664,-40.2000304656,
    -6.198209729679E-15));
#2869 = VECTOR('',#2870,1.);
#2870 = DIRECTION('',(-1.,0.,0.));
#2871 = PCURVE('',#2816,#2872);
#2872 = DEFINITIONAL_REPRESENTATION('',(#2873),#2877);
#2873 = LINE('',#2874,#2875);
#2874 = CARTESIAN_POINT('',(54.50083767664,-40.2000304656));
#2875 = VECTOR('',#2876,1.);
#2876 = DIRECTION('',(-1.,0.));
#2877 = ( GEOMETRIC_REPRESENTATION_CONTEXT(2) 
PARAMETRIC_REPRESENTATION_CONTEXT() REPRESENTATION_CONTEXT('2D SPACE',''
  ) );
#2878 = PCURVE('',#2092,#2879);
#2879 = DEFINITIONAL_REPRESENTATION('',(#2880),#2884);
#2880 = LINE('',#2881,#2882);
#2881 = CARTESIAN_POINT('',(26.521492633824,0.));
#2882 = VECTOR('',#2883,1.);
#2883 = DIRECTION('',(-0.,-1.));
#2884 = ( GEOMETRIC_REPRESENTATION_CONTEXT(2) 
PARAMETRIC_REPRESENTATION_CONTEXT() REPRESENTATION_CONTEXT('2D SPACE',''
  ) );
#2885 = ORIENTED_EDGE('',*,*,#2886,.F.);
#2886 = EDGE_CURVE('',#2806,#2864,#2887,.T.);
#2887 = SURFACE_CURVE('',#2888,(#2892,#2899),.PCURVE_S1.);
#2888 = LINE('',#2889,#2890);
#2889 = CARTESIAN_POINT('',(7.,6.465636898185E-32,0.));
#2890 = VECTOR('',#2891,1.);
#2891 = DIRECTION('',(-9.236624140264E-33,1.,0.));
#2892 = PCURVE('',#2816,#2893);
#2893 = DEFINITIONAL_REPRESENTATION('',(#2894),#2898);
#2894 = LINE('',#2895,#2896);
#2895 = CARTESIAN_POINT('',(7.,6.465636898185E-32));
#2896 = VECTOR('',#2897,1.);
#2897 = DIRECTION('',(-9.236624140264E-33,1.));
#2898 = ( GEOMETRIC_REPRESENTATION_CONTEXT(2) 
PARAMETRIC_REPRESENTATION_CONTEXT() REPRESENTATION_CONTEXT('2D SPACE',''
  ) );
#2899 = PCURVE('',#2900,#2905);
#2900 = PLANE('',#2901);
#2901 = AXIS2_PLACEMENT_3D('',#2902,#2903,#2904);
#2902 = CARTESIAN_POINT('',(7.,-210.9867586496,4.625));
#2903 = DIRECTION('',(1.,9.236624140264E-33,1.508455196502E-16));
#2904 = DIRECTION('',(1.508455196502E-16,0.,-1.));
#2905 = DEFINITIONAL_REPRESENTATION('',(#2906),#2910);
#2906 = LINE('',#2907,#2908);
#2907 = CARTESIAN_POINT('',(4.625,210.98675864966));
#2908 = VECTOR('',#2909,1.);
#2909 = DIRECTION('',(-1.393303368251E-48,1.));
#2910 = ( GEOMETRIC_REPRESENTATION_CONTEXT(2) 
PARAMETRIC_REPRESENTATION_CONTEXT() REPRESENTATION_CONTEXT('2D SPACE',''
  ) );
#2911 = ADVANCED_FACE('',(#2912),#2926,.F.);
#2912 = FACE_BOUND('',#2913,.T.);
#2913 = EDGE_LOOP('',(#2914,#2944,#2972,#2995));
#2914 = ORIENTED_EDGE('',*,*,#2915,.F.);
#2915 = EDGE_CURVE('',#2916,#2918,#2920,.T.);
#2916 = VERTEX_POINT('',#2917);
#2917 = CARTESIAN_POINT('',(-65.,-2.5,-1.387778780781E-14));
#2918 = VERTEX_POINT('',#2919);
#2919 = CARTESIAN_POINT('',(-65.,-14.,-1.387778780781E-14));
#2920 = SURFACE_CURVE('',#2921,(#2925,#2937),.PCURVE_S1.);
#2921 = LINE('',#2922,#2923);
#2922 = CARTESIAN_POINT('',(-65.,39.276302728071,-1.387778780781E-14));
#2923 = VECTOR('',#2924,1.);
#2924 = DIRECTION('',(0.,-1.,0.));
#2925 = PCURVE('',#2926,#2931);
#2926 = PLANE('',#2927);
#2927 = AXIS2_PLACEMENT_3D('',#2928,#2929,#2930);
#2928 = CARTESIAN_POINT('',(0.,0.,0.));
#2929 = DIRECTION('',(0.,0.,1.));
#2930 = DIRECTION('',(1.,0.,-0.));
#2931 = DEFINITIONAL_REPRESENTATION('',(#2932),#2936);
#2932 = LINE('',#2933,#2934);
#2933 = CARTESIAN_POINT('',(-65.,39.276302728071));
#2934 = VECTOR('',#2935,1.);
#2935 = DIRECTION('',(0.,-1.));
#2936 = ( GEOMETRIC_REPRESENTATION_CONTEXT(2) 
PARAMETRIC_REPRESENTATION_CONTEXT() REPRESENTATION_CONTEXT('2D SPACE',''
  ) );
#2937 = PCURVE('',#2399,#2938);
#2938 = DEFINITIONAL_REPRESENTATION('',(#2939),#2943);
#2939 = LINE('',#2940,#2941);
#2940 = CARTESIAN_POINT('',(-27.5041890212,0.));
#2941 = VECTOR('',#2942,1.);
#2942 = DIRECTION('',(0.,-1.));
#2943 = ( GEOMETRIC_REPRESENTATION_CONTEXT(2) 
PARAMETRIC_REPRESENTATION_CONTEXT() REPRESENTATION_CONTEXT('2D SPACE',''
  ) );
#2944 = ORIENTED_EDGE('',*,*,#2945,.T.);
#2945 = EDGE_CURVE('',#2916,#2946,#2948,.T.);
#2946 = VERTEX_POINT('',#2947);
#2947 = CARTESIAN_POINT('',(-60.2000304656,-2.5,0.));
#2948 = SURFACE_CURVE('',#2949,(#2953,#2960),.PCURVE_S1.);
#2949 = LINE('',#2950,#2951);
#2950 = CARTESIAN_POINT('',(2.409338161079E-16,-2.5,0.));
#2951 = VECTOR('',#2952,1.);
#2952 = DIRECTION('',(1.,9.637352644316E-17,0.));
#2953 = PCURVE('',#2926,#2954);
#2954 = DEFINITIONAL_REPRESENTATION('',(#2955),#2959);
#2955 = LINE('',#2956,#2957);
#2956 = CARTESIAN_POINT('',(2.409338161079E-16,-2.5));
#2957 = VECTOR('',#2958,1.);
#2958 = DIRECTION('',(1.,9.637352644316E-17));
#2959 = ( GEOMETRIC_REPRESENTATION_CONTEXT(2) 
PARAMETRIC_REPRESENTATION_CONTEXT() REPRESENTATION_CONTEXT('2D SPACE',''
  ) );
#2960 = PCURVE('',#2961,#2966);
#2961 = PLANE('',#2962);
#2962 = AXIS2_PLACEMENT_3D('',#2963,#2964,#2965);
#2963 = CARTESIAN_POINT('',(-233.7367586496,-2.5,3.35));
#2964 = DIRECTION('',(9.637352644316E-17,-1.,5.900419986316E-17));
#2965 = DIRECTION('',(1.,9.637352644316E-17,0.));
#2966 = DEFINITIONAL_REPRESENTATION('',(#2967),#2971);
#2967 = LINE('',#2968,#2969);
#2968 = CARTESIAN_POINT('',(233.73675864966,-3.35));
#2969 = VECTOR('',#2970,1.);
#2970 = DIRECTION('',(1.,0.));
#2971 = ( GEOMETRIC_REPRESENTATION_CONTEXT(2) 
PARAMETRIC_REPRESENTATION_CONTEXT() REPRESENTATION_CONTEXT('2D SPACE',''
  ) );
#2972 = ORIENTED_EDGE('',*,*,#2973,.F.);
#2973 = EDGE_CURVE('',#2974,#2946,#2976,.T.);
#2974 = VERTEX_POINT('',#2975);
#2975 = CARTESIAN_POINT('',(-60.2000304656,-14.,0.));
#2976 = SURFACE_CURVE('',#2977,(#2981,#2988),.PCURVE_S1.);
#2977 = LINE('',#2978,#2979);
#2978 = CARTESIAN_POINT('',(-60.2000304656,-34.50083767664,
    -5.3259077191E-15));
#2979 = VECTOR('',#2980,1.);
#2980 = DIRECTION('',(0.,1.,6.123233995737E-17));
#2981 = PCURVE('',#2926,#2982);
#2982 = DEFINITIONAL_REPRESENTATION('',(#2983),#2987);
#2983 = LINE('',#2984,#2985);
#2984 = CARTESIAN_POINT('',(-60.2000304656,-34.50083767664));
#2985 = VECTOR('',#2986,1.);
#2986 = DIRECTION('',(0.,1.));
#2987 = ( GEOMETRIC_REPRESENTATION_CONTEXT(2) 
PARAMETRIC_REPRESENTATION_CONTEXT() REPRESENTATION_CONTEXT('2D SPACE',''
  ) );
#2988 = PCURVE('',#2343,#2989);
#2989 = DEFINITIONAL_REPRESENTATION('',(#2990),#2994);
#2990 = LINE('',#2991,#2992);
#2991 = CARTESIAN_POINT('',(-26.52149263382,-1.829633447168E-33));
#2992 = VECTOR('',#2993,1.);
#2993 = DIRECTION('',(6.122301397541E-17,1.));
#2994 = ( GEOMETRIC_REPRESENTATION_CONTEXT(2) 
PARAMETRIC_REPRESENTATION_CONTEXT() REPRESENTATION_CONTEXT('2D SPACE',''
  ) );
#2995 = ORIENTED_EDGE('',*,*,#2996,.F.);
#2996 = EDGE_CURVE('',#2918,#2974,#2997,.T.);
#2997 = SURFACE_CURVE('',#2998,(#3002,#3009),.PCURVE_S1.);
#2998 = LINE('',#2999,#3000);
#2999 = CARTESIAN_POINT('',(0.,-14.,0.));
#3000 = VECTOR('',#3001,1.);
#3001 = DIRECTION('',(1.,0.,0.));
#3002 = PCURVE('',#2926,#3003);
#3003 = DEFINITIONAL_REPRESENTATION('',(#3004),#3008);
#3004 = LINE('',#3005,#3006);
#3005 = CARTESIAN_POINT('',(0.,-14.));
#3006 = VECTOR('',#3007,1.);
#3007 = DIRECTION('',(1.,0.));
#3008 = ( GEOMETRIC_REPRESENTATION_CONTEXT(2) 
PARAMETRIC_REPRESENTATION_CONTEXT() REPRESENTATION_CONTEXT('2D SPACE',''
  ) );
#3009 = PCURVE('',#3010,#3015);
#3010 = PLANE('',#3011);
#3011 = AXIS2_PLACEMENT_3D('',#3012,#3013,#3014);
#3012 = CARTESIAN_POINT('',(-174.5343010816,-14.,2.3));
#3013 = DIRECTION('',(0.,-1.,-2.753529326947E-16));
#3014 = DIRECTION('',(0.,2.753529326947E-16,-1.));
#3015 = DEFINITIONAL_REPRESENTATION('',(#3016),#3020);
#3016 = LINE('',#3017,#3018);
#3017 = CARTESIAN_POINT('',(2.3,174.53430108163));
#3018 = VECTOR('',#3019,1.);
#3019 = DIRECTION('',(0.,1.));
#3020 = ( GEOMETRIC_REPRESENTATION_CONTEXT(2) 
PARAMETRIC_REPRESENTATION_CONTEXT() REPRESENTATION_CONTEXT('2D SPACE',''
  ) );
#3021 = ADVANCED_FACE('',(#3022,#3053,#3084,#3115,#3146,#3177),#2092,.F.
  );
#3022 = FACE_BOUND('',#3023,.T.);
#3023 = EDGE_LOOP('',(#3024));
#3024 = ORIENTED_EDGE('',*,*,#3025,.T.);
#3025 = EDGE_CURVE('',#3026,#3026,#3028,.T.);
#3026 = VERTEX_POINT('',#3027);
#3027 = CARTESIAN_POINT('',(-47.36792312727,-40.03558607816,
    9.421012647182));
#3028 = SURFACE_CURVE('',#3029,(#3034,#3041),.PCURVE_S1.);
#3029 = CIRCLE('',#3030,1.25);
#3030 = AXIS2_PLACEMENT_3D('',#3031,#3032,#3033);
#3031 = CARTESIAN_POINT('',(-47.36792312727,-40.01377057011,
    10.670822266128));
#3032 = DIRECTION('',(0.,-0.999847695156,1.745240643728E-02));
#3033 = DIRECTION('',(0.,-1.745240643728E-02,-0.999847695156));
#3034 = PCURVE('',#2092,#3035);
#3035 = DEFINITIONAL_REPRESENTATION('',(#3036),#3040);
#3036 = CIRCLE('',#3037,1.25);
#3037 = AXIS2_PLACEMENT_2D('',#3038,#3039);
#3038 = CARTESIAN_POINT('',(15.849044902213,-101.8687608039));
#3039 = DIRECTION('',(1.,0.));
#3040 = ( GEOMETRIC_REPRESENTATION_CONTEXT(2) 
PARAMETRIC_REPRESENTATION_CONTEXT() REPRESENTATION_CONTEXT('2D SPACE',''
  ) );
#3041 = PCURVE('',#3042,#3047);
#3042 = CYLINDRICAL_SURFACE('',#3043,1.25);
#3043 = AXIS2_PLACEMENT_3D('',#3044,#3045,#3046);
#3044 = CARTESIAN_POINT('',(-47.36792312727,-217.5234895115,
    13.76926593564));
#3045 = DIRECTION('',(0.,0.999847695156,-1.745240643728E-02));
#3046 = DIRECTION('',(0.,1.745240643728E-02,0.999847695156));
#3047 = DEFINITIONAL_REPRESENTATION('',(#3048),#3052);
#3048 = LINE('',#3049,#3050);
#3049 = CARTESIAN_POINT('',(9.424777960769,177.53675864966));
#3050 = VECTOR('',#3051,1.);
#3051 = DIRECTION('',(-1.,0.));
#3052 = ( GEOMETRIC_REPRESENTATION_CONTEXT(2) 
PARAMETRIC_REPRESENTATION_CONTEXT() REPRESENTATION_CONTEXT('2D SPACE',''
  ) );
#3053 = FACE_BOUND('',#3054,.T.);
#3054 = EDGE_LOOP('',(#3055));
#3055 = ORIENTED_EDGE('',*,*,#3056,.T.);
#3056 = EDGE_CURVE('',#3057,#3057,#3059,.T.);
#3057 = VERTEX_POINT('',#3058);
#3058 = CARTESIAN_POINT('',(47.367923127272,-40.03558607816,
    9.421012647182));
#3059 = SURFACE_CURVE('',#3060,(#3065,#3072),.PCURVE_S1.);
#3060 = CIRCLE('',#3061,1.25);
#3061 = AXIS2_PLACEMENT_3D('',#3062,#3063,#3064);
#3062 = CARTESIAN_POINT('',(47.367923127272,-40.01377057011,
    10.670822266128));
#3063 = DIRECTION('',(0.,-0.999847695156,1.745240643728E-02));
#3064 = DIRECTION('',(0.,-1.745240643728E-02,-0.999847695156));
#3065 = PCURVE('',#2092,#3066);
#3066 = DEFINITIONAL_REPRESENTATION('',(#3067),#3071);
#3067 = CIRCLE('',#3068,1.25);
#3068 = AXIS2_PLACEMENT_2D('',#3069,#3070);
#3069 = CARTESIAN_POINT('',(15.849044902213,-7.132914549368));
#3070 = DIRECTION('',(1.,0.));
#3071 = ( GEOMETRIC_REPRESENTATION_CONTEXT(2) 
PARAMETRIC_REPRESENTATION_CONTEXT() REPRESENTATION_CONTEXT('2D SPACE',''
  ) );
#3072 = PCURVE('',#3073,#3078);
#3073 = CYLINDRICAL_SURFACE('',#3074,1.25);
#3074 = AXIS2_PLACEMENT_3D('',#3075,#3076,#3077);
#3075 = CARTESIAN_POINT('',(47.367923127272,-217.5234895115,
    13.76926593564));
#3076 = DIRECTION('',(0.,0.999847695156,-1.745240643728E-02));
#3077 = DIRECTION('',(0.,1.745240643728E-02,0.999847695156));
#3078 = DEFINITIONAL_REPRESENTATION('',(#3079),#3083);
#3079 = LINE('',#3080,#3081);
#3080 = CARTESIAN_POINT('',(9.424777960769,177.53675864966));
#3081 = VECTOR('',#3082,1.);
#3082 = DIRECTION('',(-1.,0.));
#3083 = ( GEOMETRIC_REPRESENTATION_CONTEXT(2) 
PARAMETRIC_REPRESENTATION_CONTEXT() REPRESENTATION_CONTEXT('2D SPACE',''
  ) );
#3084 = FACE_BOUND('',#3085,.T.);
#3085 = EDGE_LOOP('',(#3086));
#3086 = ORIENTED_EDGE('',*,*,#3087,.T.);
#3087 = EDGE_CURVE('',#3088,#3088,#3090,.T.);
#3088 = VERTEX_POINT('',#3089);
#3089 = CARTESIAN_POINT('',(46.697255614274,-39.36491856516,
    47.843528733817));
#3090 = SURFACE_CURVE('',#3091,(#3096,#3103),.PCURVE_S1.);
#3091 = CIRCLE('',#3092,1.25);
#3092 = AXIS2_PLACEMENT_3D('',#3093,#3094,#3095);
#3093 = CARTESIAN_POINT('',(46.697255614274,-39.34310305711,
    49.093338352762));
#3094 = DIRECTION('',(0.,-0.999847695156,1.745240643728E-02));
#3095 = DIRECTION('',(0.,-1.745240643728E-02,-0.999847695156));
#3096 = PCURVE('',#2092,#3097);
#3097 = DEFINITIONAL_REPRESENTATION('',(#3098),#3102);
#3098 = CIRCLE('',#3099,1.25);
#3099 = AXIS2_PLACEMENT_2D('',#3100,#3101);
#3100 = CARTESIAN_POINT('',(-22.57932401113,-7.803582062365));
#3101 = DIRECTION('',(1.,0.));
#3102 = ( GEOMETRIC_REPRESENTATION_CONTEXT(2) 
PARAMETRIC_REPRESENTATION_CONTEXT() REPRESENTATION_CONTEXT('2D SPACE',''
  ) );
#3103 = PCURVE('',#3104,#3109);
#3104 = CYLINDRICAL_SURFACE('',#3105,1.25);
#3105 = AXIS2_PLACEMENT_3D('',#3106,#3107,#3108);
#3106 = CARTESIAN_POINT('',(46.697255614274,-216.8528219985,
    52.191782022274));
#3107 = DIRECTION('',(0.,0.999847695156,-1.745240643728E-02));
#3108 = DIRECTION('',(0.,1.745240643728E-02,0.999847695156));
#3109 = DEFINITIONAL_REPRESENTATION('',(#3110),#3114);
#3110 = LINE('',#3111,#3112);
#3111 = CARTESIAN_POINT('',(9.424777960769,177.53675864966));
#3112 = VECTOR('',#3113,1.);
#3113 = DIRECTION('',(-1.,0.));
#3114 = ( GEOMETRIC_REPRESENTATION_CONTEXT(2) 
PARAMETRIC_REPRESENTATION_CONTEXT() REPRESENTATION_CONTEXT('2D SPACE',''
  ) );
#3115 = FACE_BOUND('',#3116,.T.);
#3116 = EDGE_LOOP('',(#3117));
#3117 = ORIENTED_EDGE('',*,*,#3118,.T.);
#3118 = EDGE_CURVE('',#3119,#3119,#3121,.T.);
#3119 = VERTEX_POINT('',#3120);
#3120 = CARTESIAN_POINT('',(-46.69725561427,-39.36491856516,
    47.843528733817));
#3121 = SURFACE_CURVE('',#3122,(#3127,#3134),.PCURVE_S1.);
#3122 = CIRCLE('',#3123,1.25);
#3123 = AXIS2_PLACEMENT_3D('',#3124,#3125,#3126);
#3124 = CARTESIAN_POINT('',(-46.69725561427,-39.34310305711,
    49.093338352762));
#3125 = DIRECTION('',(0.,-0.999847695156,1.745240643728E-02));
#3126 = DIRECTION('',(0.,-1.745240643728E-02,-0.999847695156));
#3127 = PCURVE('',#2092,#3128);
#3128 = DEFINITIONAL_REPRESENTATION('',(#3129),#3133);
#3129 = CIRCLE('',#3130,1.25);
#3130 = AXIS2_PLACEMENT_2D('',#3131,#3132);
#3131 = CARTESIAN_POINT('',(-22.57932401113,-101.1980932909));
#3132 = DIRECTION('',(1.,0.));
#3133 = ( GEOMETRIC_REPRESENTATION_CONTEXT(2) 
PARAMETRIC_REPRESENTATION_CONTEXT() REPRESENTATION_CONTEXT('2D SPACE',''
  ) );
#3134 = PCURVE('',#3135,#3140);
#3135 = CYLINDRICAL_SURFACE('',#3136,1.25);
#3136 = AXIS2_PLACEMENT_3D('',#3137,#3138,#3139);
#3137 = CARTESIAN_POINT('',(-46.69725561427,-216.8528219985,
    52.191782022274));
#3138 = DIRECTION('',(0.,0.999847695156,-1.745240643728E-02));
#3139 = DIRECTION('',(0.,1.745240643728E-02,0.999847695156));
#3140 = DEFINITIONAL_REPRESENTATION('',(#3141),#3145);
#3141 = LINE('',#3142,#3143);
#3142 = CARTESIAN_POINT('',(9.424777960769,177.53675864966));
#3143 = VECTOR('',#3144,1.);
#3144 = DIRECTION('',(-1.,0.));
#3145 = ( GEOMETRIC_REPRESENTATION_CONTEXT(2) 
PARAMETRIC_REPRESENTATION_CONTEXT() REPRESENTATION_CONTEXT('2D SPACE',''
  ) );
#3146 = FACE_BOUND('',#3147,.T.);
#3147 = EDGE_LOOP('',(#3148));
#3148 = ORIENTED_EDGE('',*,*,#3149,.T.);
#3149 = EDGE_CURVE('',#3150,#3150,#3152,.T.);
#3150 = VERTEX_POINT('',#3151);
#3151 = CARTESIAN_POINT('',(-5.,-39.36491856516,47.843528733817));
#3152 = SURFACE_CURVE('',#3153,(#3158,#3165),.PCURVE_S1.);
#3153 = CIRCLE('',#3154,1.25);
#3154 = AXIS2_PLACEMENT_3D('',#3155,#3156,#3157);
#3155 = CARTESIAN_POINT('',(-5.,-39.34310305711,49.093338352762));
#3156 = DIRECTION('',(0.,-0.999847695156,1.745240643728E-02));
#3157 = DIRECTION('',(0.,-1.745240643728E-02,-0.999847695156));
#3158 = PCURVE('',#2092,#3159);
#3159 = DEFINITIONAL_REPRESENTATION('',(#3160),#3164);
#3160 = CIRCLE('',#3161,1.25);
#3161 = AXIS2_PLACEMENT_2D('',#3162,#3163);
#3162 = CARTESIAN_POINT('',(-22.57932401113,-59.50083767664));
#3163 = DIRECTION('',(1.,0.));
#3164 = ( GEOMETRIC_REPRESENTATION_CONTEXT(2) 
PARAMETRIC_REPRESENTATION_CONTEXT() REPRESENTATION_CONTEXT('2D SPACE',''
  ) );
#3165 = PCURVE('',#3166,#3171);
#3166 = CYLINDRICAL_SURFACE('',#3167,1.25);
#3167 = AXIS2_PLACEMENT_3D('',#3168,#3169,#3170);
#3168 = CARTESIAN_POINT('',(-5.,136.56685957203,46.02281853355));
#3169 = DIRECTION('',(0.,-0.999847695156,1.745240643728E-02));
#3170 = DIRECTION('',(0.,-1.745240643728E-02,-0.999847695156));
#3171 = DEFINITIONAL_REPRESENTATION('',(#3172),#3176);
#3172 = LINE('',#3173,#3174);
#3173 = CARTESIAN_POINT('',(0.,175.93675864966));
#3174 = VECTOR('',#3175,1.);
#3175 = DIRECTION('',(1.,0.));
#3176 = ( GEOMETRIC_REPRESENTATION_CONTEXT(2) 
PARAMETRIC_REPRESENTATION_CONTEXT() REPRESENTATION_CONTEXT('2D SPACE',''
  ) );
#3177 = FACE_BOUND('',#3178,.T.);
#3178 = EDGE_LOOP('',(#3179,#3180,#3203,#3254,#3275,#3276,#3299,#3327,
    #3348,#3349,#3372,#3423,#3444,#3445,#3468,#3496));
#3179 = ORIENTED_EDGE('',*,*,#2522,.T.);
#3180 = ORIENTED_EDGE('',*,*,#3181,.T.);
#3181 = EDGE_CURVE('',#2495,#3182,#3184,.T.);
#3182 = VERTEX_POINT('',#3183);
#3183 = CARTESIAN_POINT('',(-17.,-40.03223143544,9.6132));
#3184 = SURFACE_CURVE('',#3185,(#3189,#3196),.PCURVE_S1.);
#3185 = LINE('',#3186,#3187);
#3186 = CARTESIAN_POINT('',(-17.,-39.73716659684,26.517453282036));
#3187 = VECTOR('',#3188,1.);
#3188 = DIRECTION('',(0.,1.745240643728E-02,0.999847695156));
#3189 = PCURVE('',#2092,#3190);
#3190 = DEFINITIONAL_REPRESENTATION('',(#3191),#3195);
#3191 = LINE('',#3192,#3193);
#3192 = CARTESIAN_POINT('',(-0.,-71.50083767664));
#3193 = VECTOR('',#3194,1.);
#3194 = DIRECTION('',(-1.,0.));
#3195 = ( GEOMETRIC_REPRESENTATION_CONTEXT(2) 
PARAMETRIC_REPRESENTATION_CONTEXT() REPRESENTATION_CONTEXT('2D SPACE',''
  ) );
#3196 = PCURVE('',#2510,#3197);
#3197 = DEFINITIONAL_REPRESENTATION('',(#3198),#3202);
#3198 = LINE('',#3199,#3200);
#3199 = CARTESIAN_POINT('',(-23.71085328203,137.99959205282));
#3200 = VECTOR('',#3201,1.);
#3201 = DIRECTION('',(-0.999847695156,1.745240643728E-02));
#3202 = ( GEOMETRIC_REPRESENTATION_CONTEXT(2) 
PARAMETRIC_REPRESENTATION_CONTEXT() REPRESENTATION_CONTEXT('2D SPACE',''
  ) );
#3203 = ORIENTED_EDGE('',*,*,#3204,.T.);
#3204 = EDGE_CURVE('',#3182,#3205,#3207,.T.);
#3205 = VERTEX_POINT('',#3206);
#3206 = CARTESIAN_POINT('',(-21.,-40.03223143544,9.6132));
#3207 = SURFACE_CURVE('',#3208,(#3213,#3220),.PCURVE_S1.);
#3208 = ELLIPSE('',#3209,2.000304656088,2.);
#3209 = AXIS2_PLACEMENT_3D('',#3210,#3211,#3212);
#3210 = CARTESIAN_POINT('',(-19.,-40.03223143544,9.6132));
#3211 = DIRECTION('',(0.,-0.999847695156,1.745240643728E-02));
#3212 = DIRECTION('',(0.,1.745240643728E-02,0.999847695156));
#3213 = PCURVE('',#2092,#3214);
#3214 = DEFINITIONAL_REPRESENTATION('',(#3215),#3219);
#3215 = ELLIPSE('',#3216,2.000304656088,2.);
#3216 = AXIS2_PLACEMENT_2D('',#3217,#3218);
#3217 = CARTESIAN_POINT('',(16.906828273872,-73.50083767664));
#3218 = DIRECTION('',(-1.,0.));
#3219 = ( GEOMETRIC_REPRESENTATION_CONTEXT(2) 
PARAMETRIC_REPRESENTATION_CONTEXT() REPRESENTATION_CONTEXT('2D SPACE',''
  ) );
#3220 = PCURVE('',#3221,#3226);
#3221 = CYLINDRICAL_SURFACE('',#3222,2.);
#3222 = AXIS2_PLACEMENT_3D('',#3223,#3224,#3225);
#3223 = CARTESIAN_POINT('',(-19.,-177.7367586496,9.6132));
#3224 = DIRECTION('',(0.,1.,0.));
#3225 = DIRECTION('',(0.,-0.,1.));
#3226 = DEFINITIONAL_REPRESENTATION('',(#3227),#3253);
#3227 = B_SPLINE_CURVE_WITH_KNOTS('',3,(#3228,#3229,#3230,#3231,#3232,
    #3233,#3234,#3235,#3236,#3237,#3238,#3239,#3240,#3241,#3242,#3243,
    #3244,#3245,#3246,#3247,#3248,#3249,#3250,#3251,#3252),
  .UNSPECIFIED.,.F.,.F.,(4,1,1,1,1,1,1,1,1,1,1,1,1,1,1,1,1,1,1,1,1,1,4),
  (4.712388980385,4.855188646457,4.997988312529,5.140787978601,
    5.283587644674,5.426387310746,5.569186976818,5.711986642891,
    5.854786308963,5.997585975035,6.140385641107,6.28318530718,
    6.425984973252,6.568784639324,6.711584305396,6.854383971469,
    6.997183637541,7.139983303613,7.282782969685,7.425582635758,
    7.56838230183,7.711181967902,7.853981633974),.QUASI_UNIFORM_KNOTS.);
#3228 = CARTESIAN_POINT('',(1.570796326795,137.70452721422));
#3229 = CARTESIAN_POINT('',(1.523196438104,137.7061891383));
#3230 = CARTESIAN_POINT('',(1.427996660723,137.70951226027));
#3231 = CARTESIAN_POINT('',(1.28519699465,137.71439604383));
#3232 = CARTESIAN_POINT('',(1.142397328578,137.71907877059));
#3233 = CARTESIAN_POINT('',(0.999597662506,137.7234653114));
#3234 = CARTESIAN_POINT('',(0.856797996434,137.72746631597));
#3235 = CARTESIAN_POINT('',(0.713998330361,137.73100034958));
#3236 = CARTESIAN_POINT('',(0.571198664289,137.73399546569));
#3237 = CARTESIAN_POINT('',(0.428398998217,137.7363906934));
#3238 = CARTESIAN_POINT('',(0.285599332145,137.7381372725));
#3239 = CARTESIAN_POINT('',(0.142799666072,137.73919964775));
#3240 = CARTESIAN_POINT('',(-7.306935100416E-16,137.73955619224));
#3241 = CARTESIAN_POINT('',(-0.142799666072,137.73919964775));
#3242 = CARTESIAN_POINT('',(-0.285599332145,137.7381372725));
#3243 = CARTESIAN_POINT('',(-0.428398998217,137.7363906934));
#3244 = CARTESIAN_POINT('',(-0.571198664289,137.73399546569));
#3245 = CARTESIAN_POINT('',(-0.713998330361,137.73100034958));
#3246 = CARTESIAN_POINT('',(-0.856797996434,137.72746631597));
#3247 = CARTESIAN_POINT('',(-0.999597662506,137.7234653114));
#3248 = CARTESIAN_POINT('',(-1.142397328578,137.71907877059));
#3249 = CARTESIAN_POINT('',(-1.28519699465,137.71439604383));
#3250 = CARTESIAN_POINT('',(-1.427996660723,137.70951226027));
#3251 = CARTESIAN_POINT('',(-1.523196438104,137.7061891383));
#3252 = CARTESIAN_POINT('',(-1.570796326795,137.70452721422));
#3253 = ( GEOMETRIC_REPRESENTATION_CONTEXT(2) 
PARAMETRIC_REPRESENTATION_CONTEXT() REPRESENTATION_CONTEXT('2D SPACE',''
  ) );
#3254 = ORIENTED_EDGE('',*,*,#3255,.T.);
#3255 = EDGE_CURVE('',#3205,#2575,#3256,.T.);
#3256 = SURFACE_CURVE('',#3257,(#3261,#3268),.PCURVE_S1.);
#3257 = LINE('',#3258,#3259);
#3258 = CARTESIAN_POINT('',(-21.,-39.73716659684,26.517453282036));
#3259 = VECTOR('',#3260,1.);
#3260 = DIRECTION('',(0.,-1.745240643728E-02,-0.999847695156));
#3261 = PCURVE('',#2092,#3262);
#3262 = DEFINITIONAL_REPRESENTATION('',(#3263),#3267);
#3263 = LINE('',#3264,#3265);
#3264 = CARTESIAN_POINT('',(-0.,-75.50083767664));
#3265 = VECTOR('',#3266,1.);
#3266 = DIRECTION('',(1.,0.));
#3267 = ( GEOMETRIC_REPRESENTATION_CONTEXT(2) 
PARAMETRIC_REPRESENTATION_CONTEXT() REPRESENTATION_CONTEXT('2D SPACE',''
  ) );
#3268 = PCURVE('',#2620,#3269);
#3269 = DEFINITIONAL_REPRESENTATION('',(#3270),#3274);
#3270 = LINE('',#3271,#3272);
#3271 = CARTESIAN_POINT('',(23.710853282036,137.99959205282));
#3272 = VECTOR('',#3273,1.);
#3273 = DIRECTION('',(-0.999847695156,-1.745240643728E-02));
#3274 = ( GEOMETRIC_REPRESENTATION_CONTEXT(2) 
PARAMETRIC_REPRESENTATION_CONTEXT() REPRESENTATION_CONTEXT('2D SPACE',''
  ) );
#3275 = ORIENTED_EDGE('',*,*,#2574,.T.);
#3276 = ORIENTED_EDGE('',*,*,#3277,.F.);
#3277 = EDGE_CURVE('',#3278,#2577,#3280,.T.);
#3278 = VERTEX_POINT('',#3279);
#3279 = CARTESIAN_POINT('',(-54.5008376635,-39.27417161785,
    53.034904021508));
#3280 = SURFACE_CURVE('',#3281,(#3285,#3292),.PCURVE_S1.);
#3281 = LINE('',#3282,#3283);
#3282 = CARTESIAN_POINT('',(-54.50083767664,-39.73716659684,
    26.517453282036));
#3283 = VECTOR('',#3284,1.);
#3284 = DIRECTION('',(0.,-1.745240643728E-02,-0.999847695156));
#3285 = PCURVE('',#2092,#3286);
#3286 = DEFINITIONAL_REPRESENTATION('',(#3287),#3291);
#3287 = LINE('',#3288,#3289);
#3288 = CARTESIAN_POINT('',(-0.,-109.0016753532));
#3289 = VECTOR('',#3290,1.);
#3290 = DIRECTION('',(1.,0.));
#3291 = ( GEOMETRIC_REPRESENTATION_CONTEXT(2) 
PARAMETRIC_REPRESENTATION_CONTEXT() REPRESENTATION_CONTEXT('2D SPACE',''
  ) );
#3292 = PCURVE('',#2790,#3293);
#3293 = DEFINITIONAL_REPRESENTATION('',(#3294),#3298);
#3294 = LINE('',#3295,#3296);
#3295 = CARTESIAN_POINT('',(-0.785306140843,26.517456467088));
#3296 = VECTOR('',#3297,1.);
#3297 = DIRECTION('',(-3.067250190865E-07,1.));
#3298 = ( GEOMETRIC_REPRESENTATION_CONTEXT(2) 
PARAMETRIC_REPRESENTATION_CONTEXT() REPRESENTATION_CONTEXT('2D SPACE',''
  ) );
#3299 = ORIENTED_EDGE('',*,*,#3300,.F.);
#3300 = EDGE_CURVE('',#3301,#3278,#3303,.T.);
#3301 = VERTEX_POINT('',#3302);
#3302 = CARTESIAN_POINT('',(54.500837663508,-39.27417161785,
    53.034904021508));
#3303 = SURFACE_CURVE('',#3304,(#3308,#3315),.PCURVE_S1.);
#3304 = LINE('',#3305,#3306);
#3305 = CARTESIAN_POINT('',(54.50083767664,-39.27430272807,
    53.034906564072));
#3306 = VECTOR('',#3307,1.);
#3307 = DIRECTION('',(-1.,0.,0.));
#3308 = PCURVE('',#2092,#3309);
#3309 = DEFINITIONAL_REPRESENTATION('',(#3310),#3314);
#3310 = LINE('',#3311,#3312);
#3311 = CARTESIAN_POINT('',(-26.52149263382,0.));
#3312 = VECTOR('',#3313,1.);
#3313 = DIRECTION('',(-0.,-1.));
#3314 = ( GEOMETRIC_REPRESENTATION_CONTEXT(2) 
PARAMETRIC_REPRESENTATION_CONTEXT() REPRESENTATION_CONTEXT('2D SPACE',''
  ) );
#3315 = PCURVE('',#3316,#3321);
#3316 = CYLINDRICAL_SURFACE('',#3317,1.999998217696);
#3317 = AXIS2_PLACEMENT_3D('',#3318,#3319,#3320);
#3318 = CARTESIAN_POINT('',(54.50083767664,-37.27460911979,
    53.000001782303));
#3319 = DIRECTION('',(-1.,0.,0.));
#3320 = DIRECTION('',(0.,0.,1.));
#3321 = DEFINITIONAL_REPRESENTATION('',(#3322),#3326);
#3322 = LINE('',#3323,#3324);
#3323 = CARTESIAN_POINT('',(4.729842272905,0.));
#3324 = VECTOR('',#3325,1.);
#3325 = DIRECTION('',(0.,1.));
#3326 = ( GEOMETRIC_REPRESENTATION_CONTEXT(2) 
PARAMETRIC_REPRESENTATION_CONTEXT() REPRESENTATION_CONTEXT('2D SPACE',''
  ) );
#3327 = ORIENTED_EDGE('',*,*,#3328,.T.);
#3328 = EDGE_CURVE('',#3301,#2077,#3329,.T.);
#3329 = SURFACE_CURVE('',#3330,(#3334,#3341),.PCURVE_S1.);
#3330 = LINE('',#3331,#3332);
#3331 = CARTESIAN_POINT('',(54.50083767664,-39.73716659684,
    26.517453282036));
#3332 = VECTOR('',#3333,1.);
#3333 = DIRECTION('',(5.638141843214E-31,-1.745240643728E-02,
    -0.999847695156));
#3334 = PCURVE('',#2092,#3335);
#3335 = DEFINITIONAL_REPRESENTATION('',(#3336),#3340);
#3336 = LINE('',#3337,#3338);
#3337 = CARTESIAN_POINT('',(0.,0.));
#3338 = VECTOR('',#3339,1.);
#3339 = DIRECTION('',(1.,5.638141843214E-31));
#3340 = ( GEOMETRIC_REPRESENTATION_CONTEXT(2) 
PARAMETRIC_REPRESENTATION_CONTEXT() REPRESENTATION_CONTEXT('2D SPACE',''
  ) );
#3341 = PCURVE('',#2121,#3342);
#3342 = DEFINITIONAL_REPRESENTATION('',(#3343),#3347);
#3343 = LINE('',#3344,#3345);
#3344 = CARTESIAN_POINT('',(0.785306140843,26.517456467088));
#3345 = VECTOR('',#3346,1.);
#3346 = DIRECTION('',(3.067250216255E-07,1.));
#3347 = ( GEOMETRIC_REPRESENTATION_CONTEXT(2) 
PARAMETRIC_REPRESENTATION_CONTEXT() REPRESENTATION_CONTEXT('2D SPACE',''
  ) );
#3348 = ORIENTED_EDGE('',*,*,#2076,.T.);
#3349 = ORIENTED_EDGE('',*,*,#3350,.F.);
#3350 = EDGE_CURVE('',#3351,#2049,#3353,.T.);
#3351 = VERTEX_POINT('',#3352);
#3352 = CARTESIAN_POINT('',(18.,-39.96875085531,13.25));
#3353 = SURFACE_CURVE('',#3354,(#3358,#3365),.PCURVE_S1.);
#3354 = LINE('',#3355,#3356);
#3355 = CARTESIAN_POINT('',(18.,-39.73716659684,26.517453282036));
#3356 = VECTOR('',#3357,1.);
#3357 = DIRECTION('',(0.,-1.745240643728E-02,-0.999847695156));
#3358 = PCURVE('',#2092,#3359);
#3359 = DEFINITIONAL_REPRESENTATION('',(#3360),#3364);
#3360 = LINE('',#3361,#3362);
#3361 = CARTESIAN_POINT('',(-0.,-36.50083767664));
#3362 = VECTOR('',#3363,1.);
#3363 = DIRECTION('',(1.,0.));
#3364 = ( GEOMETRIC_REPRESENTATION_CONTEXT(2) 
PARAMETRIC_REPRESENTATION_CONTEXT() REPRESENTATION_CONTEXT('2D SPACE',''
  ) );
#3365 = PCURVE('',#2064,#3366);
#3366 = DEFINITIONAL_REPRESENTATION('',(#3367),#3371);
#3367 = LINE('',#3368,#3369);
#3368 = CARTESIAN_POINT('',(21.892453282036,171.24959205282));
#3369 = VECTOR('',#3370,1.);
#3370 = DIRECTION('',(-0.999847695156,-1.745240643728E-02));
#3371 = ( GEOMETRIC_REPRESENTATION_CONTEXT(2) 
PARAMETRIC_REPRESENTATION_CONTEXT() REPRESENTATION_CONTEXT('2D SPACE',''
  ) );
#3372 = ORIENTED_EDGE('',*,*,#3373,.T.);
#3373 = EDGE_CURVE('',#3351,#3374,#3376,.T.);
#3374 = VERTEX_POINT('',#3375);
#3375 = CARTESIAN_POINT('',(7.,-39.96875085531,13.25));
#3376 = SURFACE_CURVE('',#3377,(#3382,#3389),.PCURVE_S1.);
#3377 = ELLIPSE('',#3378,5.500837804241,5.5);
#3378 = AXIS2_PLACEMENT_3D('',#3379,#3380,#3381);
#3379 = CARTESIAN_POINT('',(12.5,-39.96875085531,13.25));
#3380 = DIRECTION('',(0.,-0.999847695156,1.745240643728E-02));
#3381 = DIRECTION('',(0.,1.745240643728E-02,0.999847695156));
#3382 = PCURVE('',#2092,#3383);
#3383 = DEFINITIONAL_REPRESENTATION('',(#3384),#3388);
#3384 = ELLIPSE('',#3385,5.500837804241,5.5);
#3385 = AXIS2_PLACEMENT_2D('',#3386,#3387);
#3386 = CARTESIAN_POINT('',(13.269474287242,-42.00083767664));
#3387 = DIRECTION('',(-1.,0.));
#3388 = ( GEOMETRIC_REPRESENTATION_CONTEXT(2) 
PARAMETRIC_REPRESENTATION_CONTEXT() REPRESENTATION_CONTEXT('2D SPACE',''
  ) );
#3389 = PCURVE('',#3390,#3395);
#3390 = CYLINDRICAL_SURFACE('',#3391,5.5);
#3391 = AXIS2_PLACEMENT_3D('',#3392,#3393,#3394);
#3392 = CARTESIAN_POINT('',(12.5,-210.9867586496,13.25));
#3393 = DIRECTION('',(0.,1.,-6.123233995737E-17));
#3394 = DIRECTION('',(0.,6.123233995737E-17,1.));
#3395 = DEFINITIONAL_REPRESENTATION('',(#3396),#3422);
#3396 = B_SPLINE_CURVE_WITH_KNOTS('',3,(#3397,#3398,#3399,#3400,#3401,
    #3402,#3403,#3404,#3405,#3406,#3407,#3408,#3409,#3410,#3411,#3412,
    #3413,#3414,#3415,#3416,#3417,#3418,#3419,#3420,#3421),
  .UNSPECIFIED.,.F.,.F.,(4,1,1,1,1,1,1,1,1,1,1,1,1,1,1,1,1,1,1,1,1,1,4),
  (4.712388980385,4.855188646457,4.997988312529,5.140787978601,
    5.283587644674,5.426387310746,5.569186976818,5.711986642891,
    5.854786308963,5.997585975035,6.140385641107,6.28318530718,
    6.425984973252,6.568784639324,6.711584305396,6.854383971469,
    6.997183637541,7.139983303613,7.282782969685,7.425582635758,
    7.56838230183,7.711181967902,7.853981633974),.QUASI_UNIFORM_KNOTS.);
#3397 = CARTESIAN_POINT('',(1.570796326795,171.01800779435));
#3398 = CARTESIAN_POINT('',(1.523196438104,171.02257808558));
#3399 = CARTESIAN_POINT('',(1.427996660723,171.03171667098));
#3400 = CARTESIAN_POINT('',(1.28519699465,171.04514707578));
#3401 = CARTESIAN_POINT('',(1.142397328578,171.05802457438));
#3402 = CARTESIAN_POINT('',(0.999597662506,171.0700875616));
#3403 = CARTESIAN_POINT('',(0.856797996434,171.08109032417));
#3404 = CARTESIAN_POINT('',(0.713998330361,171.0908089166));
#3405 = CARTESIAN_POINT('',(0.571198664289,171.0990454859));
#3406 = CARTESIAN_POINT('',(0.428398998217,171.1056323621));
#3407 = CARTESIAN_POINT('',(0.285599332145,171.11043545462));
#3408 = CARTESIAN_POINT('',(0.142799666072,171.11335698656));
#3409 = CARTESIAN_POINT('',(6.637597533966E-16,171.1143374839));
#3410 = CARTESIAN_POINT('',(-0.142799666072,171.11335698656));
#3411 = CARTESIAN_POINT('',(-0.285599332145,171.11043545462));
#3412 = CARTESIAN_POINT('',(-0.428398998217,171.1056323621));
#3413 = CARTESIAN_POINT('',(-0.571198664289,171.0990454859));
#3414 = CARTESIAN_POINT('',(-0.713998330361,171.0908089166));
#3415 = CARTESIAN_POINT('',(-0.856797996434,171.08109032417));
#3416 = CARTESIAN_POINT('',(-0.999597662506,171.0700875616));
#3417 = CARTESIAN_POINT('',(-1.142397328578,171.05802457438));
#3418 = CARTESIAN_POINT('',(-1.28519699465,171.04514707578));
#3419 = CARTESIAN_POINT('',(-1.427996660723,171.03171667098));
#3420 = CARTESIAN_POINT('',(-1.523196438104,171.02257808558));
#3421 = CARTESIAN_POINT('',(-1.570796326795,171.01800779435));
#3422 = ( GEOMETRIC_REPRESENTATION_CONTEXT(2) 
PARAMETRIC_REPRESENTATION_CONTEXT() REPRESENTATION_CONTEXT('2D SPACE',''
  ) );
#3423 = ORIENTED_EDGE('',*,*,#3424,.F.);
#3424 = EDGE_CURVE('',#2864,#3374,#3425,.T.);
#3425 = SURFACE_CURVE('',#3426,(#3430,#3437),.PCURVE_S1.);
#3426 = LINE('',#3427,#3428);
#3427 = CARTESIAN_POINT('',(7.,-39.73716659684,26.517453282036));
#3428 = VECTOR('',#3429,1.);
#3429 = DIRECTION('',(-1.508225451469E-16,1.745240643728E-02,
    0.999847695156));
#3430 = PCURVE('',#2092,#3431);
#3431 = DEFINITIONAL_REPRESENTATION('',(#3432),#3436);
#3432 = LINE('',#3433,#3434);
#3433 = CARTESIAN_POINT('',(-0.,-47.50083767664));
#3434 = VECTOR('',#3435,1.);
#3435 = DIRECTION('',(-1.,-1.508225451469E-16));
#3436 = ( GEOMETRIC_REPRESENTATION_CONTEXT(2) 
PARAMETRIC_REPRESENTATION_CONTEXT() REPRESENTATION_CONTEXT('2D SPACE',''
  ) );
#3437 = PCURVE('',#2900,#3438);
#3438 = DEFINITIONAL_REPRESENTATION('',(#3439),#3443);
#3439 = LINE('',#3440,#3441);
#3440 = CARTESIAN_POINT('',(-21.89245328203,171.24959205282));
#3441 = VECTOR('',#3442,1.);
#3442 = DIRECTION('',(-0.999847695156,1.745240643728E-02));
#3443 = ( GEOMETRIC_REPRESENTATION_CONTEXT(2) 
PARAMETRIC_REPRESENTATION_CONTEXT() REPRESENTATION_CONTEXT('2D SPACE',''
  ) );
#3444 = ORIENTED_EDGE('',*,*,#2863,.T.);
#3445 = ORIENTED_EDGE('',*,*,#3446,.T.);
#3446 = EDGE_CURVE('',#2836,#3447,#3449,.T.);
#3447 = VERTEX_POINT('',#3448);
#3448 = CARTESIAN_POINT('',(2.85,-39.37159912006,47.4608));
#3449 = SURFACE_CURVE('',#3450,(#3454,#3461),.PCURVE_S1.);
#3450 = LINE('',#3451,#3452);
#3451 = CARTESIAN_POINT('',(2.85,-39.73716659684,26.517453282036));
#3452 = VECTOR('',#3453,1.);
#3453 = DIRECTION('',(-3.033402788667E-16,1.745240643728E-02,
    0.999847695156));
#3454 = PCURVE('',#2092,#3455);
#3455 = DEFINITIONAL_REPRESENTATION('',(#3456),#3460);
#3456 = LINE('',#3457,#3458);
#3457 = CARTESIAN_POINT('',(-0.,-51.65083767664));
#3458 = VECTOR('',#3459,1.);
#3459 = DIRECTION('',(-1.,-3.033402788667E-16));
#3460 = ( GEOMETRIC_REPRESENTATION_CONTEXT(2) 
PARAMETRIC_REPRESENTATION_CONTEXT() REPRESENTATION_CONTEXT('2D SPACE',''
  ) );
#3461 = PCURVE('',#2851,#3462);
#3462 = DEFINITIONAL_REPRESENTATION('',(#3463),#3467);
#3463 = LINE('',#3464,#3465);
#3464 = CARTESIAN_POINT('',(-4.787053282036,137.99959205282));
#3465 = VECTOR('',#3466,1.);
#3466 = DIRECTION('',(-0.999847695156,1.745240643728E-02));
#3467 = ( GEOMETRIC_REPRESENTATION_CONTEXT(2) 
PARAMETRIC_REPRESENTATION_CONTEXT() REPRESENTATION_CONTEXT('2D SPACE',''
  ) );
#3468 = ORIENTED_EDGE('',*,*,#3469,.F.);
#3469 = EDGE_CURVE('',#3470,#3447,#3472,.T.);
#3470 = VERTEX_POINT('',#3471);
#3471 = CARTESIAN_POINT('',(-12.85,-39.37159912006,47.4608));
#3472 = SURFACE_CURVE('',#3473,(#3477,#3484),.PCURVE_S1.);
#3473 = LINE('',#3474,#3475);
#3474 = CARTESIAN_POINT('',(54.50083767664,-39.37159912006,47.4608));
#3475 = VECTOR('',#3476,1.);
#3476 = DIRECTION('',(1.,0.,0.));
#3477 = PCURVE('',#2092,#3478);
#3478 = DEFINITIONAL_REPRESENTATION('',(#3479),#3483);
#3479 = LINE('',#3480,#3481);
#3480 = CARTESIAN_POINT('',(-20.946536977,0.));
#3481 = VECTOR('',#3482,1.);
#3482 = DIRECTION('',(0.,1.));
#3483 = ( GEOMETRIC_REPRESENTATION_CONTEXT(2) 
PARAMETRIC_REPRESENTATION_CONTEXT() REPRESENTATION_CONTEXT('2D SPACE',''
  ) );
#3484 = PCURVE('',#3485,#3490);
#3485 = PLANE('',#3486);
#3486 = AXIS2_PLACEMENT_3D('',#3487,#3488,#3489);
#3487 = CARTESIAN_POINT('',(-5.,-177.7367586496,47.4608));
#3488 = DIRECTION('',(0.,0.,-1.));
#3489 = DIRECTION('',(-1.,0.,0.));
#3490 = DEFINITIONAL_REPRESENTATION('',(#3491),#3495);
#3491 = LINE('',#3492,#3493);
#3492 = CARTESIAN_POINT('',(-59.50083767664,138.3651595296));
#3493 = VECTOR('',#3494,1.);
#3494 = DIRECTION('',(-1.,0.));
#3495 = ( GEOMETRIC_REPRESENTATION_CONTEXT(2) 
PARAMETRIC_REPRESENTATION_CONTEXT() REPRESENTATION_CONTEXT('2D SPACE',''
  ) );
#3496 = ORIENTED_EDGE('',*,*,#3497,.F.);
#3497 = EDGE_CURVE('',#2523,#3470,#3498,.T.);
#3498 = SURFACE_CURVE('',#3499,(#3503,#3510),.PCURVE_S1.);
#3499 = LINE('',#3500,#3501);
#3500 = CARTESIAN_POINT('',(-12.85,-39.73716659684,26.517453282036));
#3501 = VECTOR('',#3502,1.);
#3502 = DIRECTION('',(-3.033402788667E-16,1.745240643728E-02,
    0.999847695156));
#3503 = PCURVE('',#2092,#3504);
#3504 = DEFINITIONAL_REPRESENTATION('',(#3505),#3509);
#3505 = LINE('',#3506,#3507);
#3506 = CARTESIAN_POINT('',(-0.,-67.35083767664));
#3507 = VECTOR('',#3508,1.);
#3508 = DIRECTION('',(-1.,-3.033402788667E-16));
#3509 = ( GEOMETRIC_REPRESENTATION_CONTEXT(2) 
PARAMETRIC_REPRESENTATION_CONTEXT() REPRESENTATION_CONTEXT('2D SPACE',''
  ) );
#3510 = PCURVE('',#2559,#3511);
#3511 = DEFINITIONAL_REPRESENTATION('',(#3512),#3516);
#3512 = LINE('',#3513,#3514);
#3513 = CARTESIAN_POINT('',(-4.787053282036,137.99959205282));
#3514 = VECTOR('',#3515,1.);
#3515 = DIRECTION('',(-0.999847695156,1.745240643728E-02));
#3516 = ( GEOMETRIC_REPRESENTATION_CONTEXT(2) 
PARAMETRIC_REPRESENTATION_CONTEXT() REPRESENTATION_CONTEXT('2D SPACE',''
  ) );
#3517 = ADVANCED_FACE('',(#3518,#3544,#3570,#3596,#3622,#3648),#2036,.T.
  );
#3518 = FACE_BOUND('',#3519,.T.);
#3519 = EDGE_LOOP('',(#3520));
#3520 = ORIENTED_EDGE('',*,*,#3521,.F.);
#3521 = EDGE_CURVE('',#3522,#3522,#3524,.T.);
#3522 = VERTEX_POINT('',#3523);
#3523 = CARTESIAN_POINT('',(-47.36792312727,-44.83409360667,
    9.504770907651));
#3524 = SURFACE_CURVE('',#3525,(#3530,#3537),.PCURVE_S1.);
#3525 = CIRCLE('',#3526,1.25);
#3526 = AXIS2_PLACEMENT_3D('',#3527,#3528,#3529);
#3527 = CARTESIAN_POINT('',(-47.36792312727,-44.81227809863,
    10.754580526597));
#3528 = DIRECTION('',(0.,-0.999847695156,1.745240643728E-02));
#3529 = DIRECTION('',(0.,-1.745240643728E-02,-0.999847695156));
#3530 = PCURVE('',#2036,#3531);
#3531 = DEFINITIONAL_REPRESENTATION('',(#3532),#3536);
#3532 = CIRCLE('',#3533,1.25);
#3533 = AXIS2_PLACEMENT_2D('',#3534,#3535);
#3534 = CARTESIAN_POINT('',(16.747970270396,-106.6442258553));
#3535 = DIRECTION('',(1.,0.));
#3536 = ( GEOMETRIC_REPRESENTATION_CONTEXT(2) 
PARAMETRIC_REPRESENTATION_CONTEXT() REPRESENTATION_CONTEXT('2D SPACE',''
  ) );
#3537 = PCURVE('',#3042,#3538);
#3538 = DEFINITIONAL_REPRESENTATION('',(#3539),#3543);
#3539 = LINE('',#3540,#3541);
#3540 = CARTESIAN_POINT('',(9.424777960769,172.73752017388));
#3541 = VECTOR('',#3542,1.);
#3542 = DIRECTION('',(-1.,0.));
#3543 = ( GEOMETRIC_REPRESENTATION_CONTEXT(2) 
PARAMETRIC_REPRESENTATION_CONTEXT() REPRESENTATION_CONTEXT('2D SPACE',''
  ) );
#3544 = FACE_BOUND('',#3545,.T.);
#3545 = EDGE_LOOP('',(#3546));
#3546 = ORIENTED_EDGE('',*,*,#3547,.F.);
#3547 = EDGE_CURVE('',#3548,#3548,#3550,.T.);
#3548 = VERTEX_POINT('',#3549);
#3549 = CARTESIAN_POINT('',(47.367923127272,-44.83409360667,
    9.504770907651));
#3550 = SURFACE_CURVE('',#3551,(#3556,#3563),.PCURVE_S1.);
#3551 = CIRCLE('',#3552,1.25);
#3552 = AXIS2_PLACEMENT_3D('',#3553,#3554,#3555);
#3553 = CARTESIAN_POINT('',(47.367923127272,-44.81227809863,
    10.754580526597));
#3554 = DIRECTION('',(0.,-0.999847695156,1.745240643728E-02));
#3555 = DIRECTION('',(0.,-1.745240643728E-02,-0.999847695156));
#3556 = PCURVE('',#2036,#3557);
#3557 = DEFINITIONAL_REPRESENTATION('',(#3558),#3562);
#3558 = CIRCLE('',#3559,1.25);
#3559 = AXIS2_PLACEMENT_2D('',#3560,#3561);
#3560 = CARTESIAN_POINT('',(16.747970270396,-11.90837960079));
#3561 = DIRECTION('',(1.,0.));
#3562 = ( GEOMETRIC_REPRESENTATION_CONTEXT(2) 
PARAMETRIC_REPRESENTATION_CONTEXT() REPRESENTATION_CONTEXT('2D SPACE',''
  ) );
#3563 = PCURVE('',#3073,#3564);
#3564 = DEFINITIONAL_REPRESENTATION('',(#3565),#3569);
#3565 = LINE('',#3566,#3567);
#3566 = CARTESIAN_POINT('',(9.424777960769,172.73752017388));
#3567 = VECTOR('',#3568,1.);
#3568 = DIRECTION('',(-1.,0.));
#3569 = ( GEOMETRIC_REPRESENTATION_CONTEXT(2) 
PARAMETRIC_REPRESENTATION_CONTEXT() REPRESENTATION_CONTEXT('2D SPACE',''
  ) );
#3570 = FACE_BOUND('',#3571,.T.);
#3571 = EDGE_LOOP('',(#3572));
#3572 = ORIENTED_EDGE('',*,*,#3573,.F.);
#3573 = EDGE_CURVE('',#3574,#3574,#3576,.T.);
#3574 = VERTEX_POINT('',#3575);
#3575 = CARTESIAN_POINT('',(46.697255614274,-44.16342609368,
    47.927286994285));
#3576 = SURFACE_CURVE('',#3577,(#3582,#3589),.PCURVE_S1.);
#3577 = CIRCLE('',#3578,1.25);
#3578 = AXIS2_PLACEMENT_3D('',#3579,#3580,#3581);
#3579 = CARTESIAN_POINT('',(46.697255614274,-44.14161058563,
    49.177096613231));
#3580 = DIRECTION('',(0.,-0.999847695156,1.745240643728E-02));
#3581 = DIRECTION('',(0.,-1.745240643728E-02,-0.999847695156));
#3582 = PCURVE('',#2036,#3583);
#3583 = DEFINITIONAL_REPRESENTATION('',(#3584),#3588);
#3584 = CIRCLE('',#3585,1.25);
#3585 = AXIS2_PLACEMENT_2D('',#3586,#3587);
#3586 = CARTESIAN_POINT('',(-21.68039864295,-12.57904711379));
#3587 = DIRECTION('',(1.,0.));
#3588 = ( GEOMETRIC_REPRESENTATION_CONTEXT(2) 
PARAMETRIC_REPRESENTATION_CONTEXT() REPRESENTATION_CONTEXT('2D SPACE',''
  ) );
#3589 = PCURVE('',#3104,#3590);
#3590 = DEFINITIONAL_REPRESENTATION('',(#3591),#3595);
#3591 = LINE('',#3592,#3593);
#3592 = CARTESIAN_POINT('',(9.424777960769,172.73752017388));
#3593 = VECTOR('',#3594,1.);
#3594 = DIRECTION('',(-1.,0.));
#3595 = ( GEOMETRIC_REPRESENTATION_CONTEXT(2) 
PARAMETRIC_REPRESENTATION_CONTEXT() REPRESENTATION_CONTEXT('2D SPACE',''
  ) );
#3596 = FACE_BOUND('',#3597,.T.);
#3597 = EDGE_LOOP('',(#3598));
#3598 = ORIENTED_EDGE('',*,*,#3599,.F.);
#3599 = EDGE_CURVE('',#3600,#3600,#3602,.T.);
#3600 = VERTEX_POINT('',#3601);
#3601 = CARTESIAN_POINT('',(-46.69725561427,-44.16342609368,
    47.927286994285));
#3602 = SURFACE_CURVE('',#3603,(#3608,#3615),.PCURVE_S1.);
#3603 = CIRCLE('',#3604,1.25);
#3604 = AXIS2_PLACEMENT_3D('',#3605,#3606,#3607);
#3605 = CARTESIAN_POINT('',(-46.69725561427,-44.14161058563,
    49.177096613231));
#3606 = DIRECTION('',(0.,-0.999847695156,1.745240643728E-02));
#3607 = DIRECTION('',(0.,-1.745240643728E-02,-0.999847695156));
#3608 = PCURVE('',#2036,#3609);
#3609 = DEFINITIONAL_REPRESENTATION('',(#3610),#3614);
#3610 = CIRCLE('',#3611,1.25);
#3611 = AXIS2_PLACEMENT_2D('',#3612,#3613);
#3612 = CARTESIAN_POINT('',(-21.68039864295,-105.9735583423));
#3613 = DIRECTION('',(1.,0.));
#3614 = ( GEOMETRIC_REPRESENTATION_CONTEXT(2) 
PARAMETRIC_REPRESENTATION_CONTEXT() REPRESENTATION_CONTEXT('2D SPACE',''
  ) );
#3615 = PCURVE('',#3135,#3616);
#3616 = DEFINITIONAL_REPRESENTATION('',(#3617),#3621);
#3617 = LINE('',#3618,#3619);
#3618 = CARTESIAN_POINT('',(9.424777960769,172.73752017388));
#3619 = VECTOR('',#3620,1.);
#3620 = DIRECTION('',(-1.,0.));
#3621 = ( GEOMETRIC_REPRESENTATION_CONTEXT(2) 
PARAMETRIC_REPRESENTATION_CONTEXT() REPRESENTATION_CONTEXT('2D SPACE',''
  ) );
#3622 = FACE_BOUND('',#3623,.T.);
#3623 = EDGE_LOOP('',(#3624));
#3624 = ORIENTED_EDGE('',*,*,#3625,.F.);
#3625 = EDGE_CURVE('',#3626,#3626,#3628,.T.);
#3626 = VERTEX_POINT('',#3627);
#3627 = CARTESIAN_POINT('',(-5.,-44.16342609368,47.927286994286));
#3628 = SURFACE_CURVE('',#3629,(#3634,#3641),.PCURVE_S1.);
#3629 = CIRCLE('',#3630,1.25);
#3630 = AXIS2_PLACEMENT_3D('',#3631,#3632,#3633);
#3631 = CARTESIAN_POINT('',(-5.,-44.14161058563,49.177096613231));
#3632 = DIRECTION('',(0.,-0.999847695156,1.745240643728E-02));
#3633 = DIRECTION('',(0.,-1.745240643728E-02,-0.999847695156));
#3634 = PCURVE('',#2036,#3635);
#3635 = DEFINITIONAL_REPRESENTATION('',(#3636),#3640);
#3636 = CIRCLE('',#3637,1.25);
#3637 = AXIS2_PLACEMENT_2D('',#3638,#3639);
#3638 = CARTESIAN_POINT('',(-21.68039864295,-64.27630272807));
#3639 = DIRECTION('',(1.,0.));
#3640 = ( GEOMETRIC_REPRESENTATION_CONTEXT(2) 
PARAMETRIC_REPRESENTATION_CONTEXT() REPRESENTATION_CONTEXT('2D SPACE',''
  ) );
#3641 = PCURVE('',#3166,#3642);
#3642 = DEFINITIONAL_REPRESENTATION('',(#3643),#3647);
#3643 = LINE('',#3644,#3645);
#3644 = CARTESIAN_POINT('',(0.,180.73599712544));
#3645 = VECTOR('',#3646,1.);
#3646 = DIRECTION('',(1.,0.));
#3647 = ( GEOMETRIC_REPRESENTATION_CONTEXT(2) 
PARAMETRIC_REPRESENTATION_CONTEXT() REPRESENTATION_CONTEXT('2D SPACE',''
  ) );
#3648 = FACE_BOUND('',#3649,.T.);
#3649 = EDGE_LOOP('',(#3650,#3673,#3674,#3697,#3720,#3741,#3742,#3765,
    #3811,#3832,#3833,#3861,#3889,#3915,#3916,#3939));
#3650 = ORIENTED_EDGE('',*,*,#3651,.F.);
#3651 = EDGE_CURVE('',#2467,#3652,#3654,.T.);
#3652 = VERTEX_POINT('',#3653);
#3653 = CARTESIAN_POINT('',(-17.,-44.83220096983,9.6132));
#3654 = SURFACE_CURVE('',#3655,(#3659,#3666),.PCURVE_S1.);
#3655 = LINE('',#3656,#3657);
#3656 = CARTESIAN_POINT('',(-17.,-44.51998571447,27.5));
#3657 = VECTOR('',#3658,1.);
#3658 = DIRECTION('',(0.,1.745240643728E-02,0.999847695156));
#3659 = PCURVE('',#2036,#3660);
#3660 = DEFINITIONAL_REPRESENTATION('',(#3661),#3665);
#3661 = LINE('',#3662,#3663);
#3662 = CARTESIAN_POINT('',(-0.,-76.27630272807));
#3663 = VECTOR('',#3664,1.);
#3664 = DIRECTION('',(-1.,0.));
#3665 = ( GEOMETRIC_REPRESENTATION_CONTEXT(2) 
PARAMETRIC_REPRESENTATION_CONTEXT() REPRESENTATION_CONTEXT('2D SPACE',''
  ) );
#3666 = PCURVE('',#2510,#3667);
#3667 = DEFINITIONAL_REPRESENTATION('',(#3668),#3672);
#3668 = LINE('',#3669,#3670);
#3669 = CARTESIAN_POINT('',(-24.6934,133.21677293519));
#3670 = VECTOR('',#3671,1.);
#3671 = DIRECTION('',(-0.999847695156,1.745240643728E-02));
#3672 = ( GEOMETRIC_REPRESENTATION_CONTEXT(2) 
PARAMETRIC_REPRESENTATION_CONTEXT() REPRESENTATION_CONTEXT('2D SPACE',''
  ) );
#3673 = ORIENTED_EDGE('',*,*,#2464,.F.);
#3674 = ORIENTED_EDGE('',*,*,#3675,.T.);
#3675 = EDGE_CURVE('',#2465,#3676,#3678,.T.);
#3676 = VERTEX_POINT('',#3677);
#3677 = CARTESIAN_POINT('',(-12.85,-44.17156865445,47.4608));
#3678 = SURFACE_CURVE('',#3679,(#3683,#3690),.PCURVE_S1.);
#3679 = LINE('',#3680,#3681);
#3680 = CARTESIAN_POINT('',(-12.85,-44.51998571447,27.5));
#3681 = VECTOR('',#3682,1.);
#3682 = DIRECTION('',(-3.033402788667E-16,1.745240643728E-02,
    0.999847695156));
#3683 = PCURVE('',#2036,#3684);
#3684 = DEFINITIONAL_REPRESENTATION('',(#3685),#3689);
#3685 = LINE('',#3686,#3687);
#3686 = CARTESIAN_POINT('',(-0.,-72.12630272807));
#3687 = VECTOR('',#3688,1.);
#3688 = DIRECTION('',(-1.,-3.033402788667E-16));
#3689 = ( GEOMETRIC_REPRESENTATION_CONTEXT(2) 
PARAMETRIC_REPRESENTATION_CONTEXT() REPRESENTATION_CONTEXT('2D SPACE',''
  ) );
#3690 = PCURVE('',#2559,#3691);
#3691 = DEFINITIONAL_REPRESENTATION('',(#3692),#3696);
#3692 = LINE('',#3693,#3694);
#3693 = CARTESIAN_POINT('',(-5.7696,133.21677293519));
#3694 = VECTOR('',#3695,1.);
#3695 = DIRECTION('',(-0.999847695156,1.745240643728E-02));
#3696 = ( GEOMETRIC_REPRESENTATION_CONTEXT(2) 
PARAMETRIC_REPRESENTATION_CONTEXT() REPRESENTATION_CONTEXT('2D SPACE',''
  ) );
#3697 = ORIENTED_EDGE('',*,*,#3698,.T.);
#3698 = EDGE_CURVE('',#3676,#3699,#3701,.T.);
#3699 = VERTEX_POINT('',#3700);
#3700 = CARTESIAN_POINT('',(2.85,-44.17156865445,47.4608));
#3701 = SURFACE_CURVE('',#3702,(#3706,#3713),.PCURVE_S1.);
#3702 = LINE('',#3703,#3704);
#3703 = CARTESIAN_POINT('',(59.276302728071,-44.17156865445,47.4608));
#3704 = VECTOR('',#3705,1.);
#3705 = DIRECTION('',(1.,0.,0.));
#3706 = PCURVE('',#2036,#3707);
#3707 = DEFINITIONAL_REPRESENTATION('',(#3708),#3712);
#3708 = LINE('',#3709,#3710);
#3709 = CARTESIAN_POINT('',(-19.96384058961,0.));
#3710 = VECTOR('',#3711,1.);
#3711 = DIRECTION('',(0.,1.));
#3712 = ( GEOMETRIC_REPRESENTATION_CONTEXT(2) 
PARAMETRIC_REPRESENTATION_CONTEXT() REPRESENTATION_CONTEXT('2D SPACE',''
  ) );
#3713 = PCURVE('',#3485,#3714);
#3714 = DEFINITIONAL_REPRESENTATION('',(#3715),#3719);
#3715 = LINE('',#3716,#3717);
#3716 = CARTESIAN_POINT('',(-64.27630272807,133.56518999521));
#3717 = VECTOR('',#3718,1.);
#3718 = DIRECTION('',(-1.,0.));
#3719 = ( GEOMETRIC_REPRESENTATION_CONTEXT(2) 
PARAMETRIC_REPRESENTATION_CONTEXT() REPRESENTATION_CONTEXT('2D SPACE',''
  ) );
#3720 = ORIENTED_EDGE('',*,*,#3721,.F.);
#3721 = EDGE_CURVE('',#2808,#3699,#3722,.T.);
#3722 = SURFACE_CURVE('',#3723,(#3727,#3734),.PCURVE_S1.);
#3723 = LINE('',#3724,#3725);
#3724 = CARTESIAN_POINT('',(2.85,-44.51998571447,27.5));
#3725 = VECTOR('',#3726,1.);
#3726 = DIRECTION('',(-3.033402788667E-16,1.745240643728E-02,
    0.999847695156));
#3727 = PCURVE('',#2036,#3728);
#3728 = DEFINITIONAL_REPRESENTATION('',(#3729),#3733);
#3729 = LINE('',#3730,#3731);
#3730 = CARTESIAN_POINT('',(-0.,-56.42630272807));
#3731 = VECTOR('',#3732,1.);
#3732 = DIRECTION('',(-1.,-3.033402788667E-16));
#3733 = ( GEOMETRIC_REPRESENTATION_CONTEXT(2) 
PARAMETRIC_REPRESENTATION_CONTEXT() REPRESENTATION_CONTEXT('2D SPACE',''
  ) );
#3734 = PCURVE('',#2851,#3735);
#3735 = DEFINITIONAL_REPRESENTATION('',(#3736),#3740);
#3736 = LINE('',#3737,#3738);
#3737 = CARTESIAN_POINT('',(-5.7696,133.21677293519));
#3738 = VECTOR('',#3739,1.);
#3739 = DIRECTION('',(-0.999847695156,1.745240643728E-02));
#3740 = ( GEOMETRIC_REPRESENTATION_CONTEXT(2) 
PARAMETRIC_REPRESENTATION_CONTEXT() REPRESENTATION_CONTEXT('2D SPACE',''
  ) );
#3741 = ORIENTED_EDGE('',*,*,#2805,.F.);
#3742 = ORIENTED_EDGE('',*,*,#3743,.T.);
#3743 = EDGE_CURVE('',#2806,#3744,#3746,.T.);
#3744 = VERTEX_POINT('',#3745);
#3745 = CARTESIAN_POINT('',(7.,-44.7687203897,13.25));
#3746 = SURFACE_CURVE('',#3747,(#3751,#3758),.PCURVE_S1.);
#3747 = LINE('',#3748,#3749);
#3748 = CARTESIAN_POINT('',(7.,-44.51998571447,27.5));
#3749 = VECTOR('',#3750,1.);
#3750 = DIRECTION('',(-1.508225451469E-16,1.745240643728E-02,
    0.999847695156));
#3751 = PCURVE('',#2036,#3752);
#3752 = DEFINITIONAL_REPRESENTATION('',(#3753),#3757);
#3753 = LINE('',#3754,#3755);
#3754 = CARTESIAN_POINT('',(-0.,-52.27630272807));
#3755 = VECTOR('',#3756,1.);
#3756 = DIRECTION('',(-1.,-1.508225451469E-16));
#3757 = ( GEOMETRIC_REPRESENTATION_CONTEXT(2) 
PARAMETRIC_REPRESENTATION_CONTEXT() REPRESENTATION_CONTEXT('2D SPACE',''
  ) );
#3758 = PCURVE('',#2900,#3759);
#3759 = DEFINITIONAL_REPRESENTATION('',(#3760),#3764);
#3760 = LINE('',#3761,#3762);
#3761 = CARTESIAN_POINT('',(-22.875,166.46677293519));
#3762 = VECTOR('',#3763,1.);
#3763 = DIRECTION('',(-0.999847695156,1.745240643728E-02));
#3764 = ( GEOMETRIC_REPRESENTATION_CONTEXT(2) 
PARAMETRIC_REPRESENTATION_CONTEXT() REPRESENTATION_CONTEXT('2D SPACE',''
  ) );
#3765 = ORIENTED_EDGE('',*,*,#3766,.F.);
#3766 = EDGE_CURVE('',#3767,#3744,#3769,.T.);
#3767 = VERTEX_POINT('',#3768);
#3768 = CARTESIAN_POINT('',(18.,-44.7687203897,13.25));
#3769 = SURFACE_CURVE('',#3770,(#3775,#3782),.PCURVE_S1.);
#3770 = ELLIPSE('',#3771,5.500837804241,5.5);
#3771 = AXIS2_PLACEMENT_3D('',#3772,#3773,#3774);
#3772 = CARTESIAN_POINT('',(12.5,-44.7687203897,13.25));
#3773 = DIRECTION('',(0.,-0.999847695156,1.745240643728E-02));
#3774 = DIRECTION('',(0.,1.745240643728E-02,0.999847695156));
#3775 = PCURVE('',#2036,#3776);
#3776 = DEFINITIONAL_REPRESENTATION('',(#3777),#3781);
#3777 = ELLIPSE('',#3778,5.500837804241,5.5);
#3778 = AXIS2_PLACEMENT_2D('',#3779,#3780);
#3779 = CARTESIAN_POINT('',(14.252170674625,-46.77630272807));
#3780 = DIRECTION('',(-1.,0.));
#3781 = ( GEOMETRIC_REPRESENTATION_CONTEXT(2) 
PARAMETRIC_REPRESENTATION_CONTEXT() REPRESENTATION_CONTEXT('2D SPACE',''
  ) );
#3782 = PCURVE('',#3390,#3783);
#3783 = DEFINITIONAL_REPRESENTATION('',(#3784),#3810);
#3784 = B_SPLINE_CURVE_WITH_KNOTS('',3,(#3785,#3786,#3787,#3788,#3789,
    #3790,#3791,#3792,#3793,#3794,#3795,#3796,#3797,#3798,#3799,#3800,
    #3801,#3802,#3803,#3804,#3805,#3806,#3807,#3808,#3809),
  .UNSPECIFIED.,.F.,.F.,(4,1,1,1,1,1,1,1,1,1,1,1,1,1,1,1,1,1,1,1,1,1,4),
  (4.712388980385,4.855188646457,4.997988312529,5.140787978601,
    5.283587644674,5.426387310746,5.569186976818,5.711986642891,
    5.854786308963,5.997585975035,6.140385641107,6.28318530718,
    6.425984973252,6.568784639324,6.711584305396,6.854383971469,
    6.997183637541,7.139983303613,7.282782969685,7.425582635758,
    7.56838230183,7.711181967902,7.853981633974),.QUASI_UNIFORM_KNOTS.);
#3785 = CARTESIAN_POINT('',(1.570796326795,166.21803825996));
#3786 = CARTESIAN_POINT('',(1.523196438104,166.22260855119));
#3787 = CARTESIAN_POINT('',(1.427996660723,166.23174713659));
#3788 = CARTESIAN_POINT('',(1.28519699465,166.24517754139));
#3789 = CARTESIAN_POINT('',(1.142397328578,166.25805503999));
#3790 = CARTESIAN_POINT('',(0.999597662506,166.27011802721));
#3791 = CARTESIAN_POINT('',(0.856797996434,166.28112078978));
#3792 = CARTESIAN_POINT('',(0.713998330361,166.29083938221));
#3793 = CARTESIAN_POINT('',(0.571198664289,166.29907595151));
#3794 = CARTESIAN_POINT('',(0.428398998217,166.30566282771));
#3795 = CARTESIAN_POINT('',(0.285599332145,166.31046592023));
#3796 = CARTESIAN_POINT('',(0.142799666072,166.31338745217));
#3797 = CARTESIAN_POINT('',(5.41047866214E-16,166.31436794951));
#3798 = CARTESIAN_POINT('',(-0.142799666072,166.31338745217));
#3799 = CARTESIAN_POINT('',(-0.285599332145,166.31046592023));
#3800 = CARTESIAN_POINT('',(-0.428398998217,166.30566282771));
#3801 = CARTESIAN_POINT('',(-0.571198664289,166.29907595151));
#3802 = CARTESIAN_POINT('',(-0.713998330361,166.29083938221));
#3803 = CARTESIAN_POINT('',(-0.856797996434,166.28112078978));
#3804 = CARTESIAN_POINT('',(-0.999597662506,166.27011802721));
#3805 = CARTESIAN_POINT('',(-1.142397328578,166.25805503999));
#3806 = CARTESIAN_POINT('',(-1.28519699465,166.24517754139));
#3807 = CARTESIAN_POINT('',(-1.427996660723,166.23174713659));
#3808 = CARTESIAN_POINT('',(-1.523196438104,166.22260855119));
#3809 = CARTESIAN_POINT('',(-1.570796326795,166.21803825996));
#3810 = ( GEOMETRIC_REPRESENTATION_CONTEXT(2) 
PARAMETRIC_REPRESENTATION_CONTEXT() REPRESENTATION_CONTEXT('2D SPACE',''
  ) );
#3811 = ORIENTED_EDGE('',*,*,#3812,.T.);
#3812 = EDGE_CURVE('',#3767,#2021,#3813,.T.);
#3813 = SURFACE_CURVE('',#3814,(#3818,#3825),.PCURVE_S1.);
#3814 = LINE('',#3815,#3816);
#3815 = CARTESIAN_POINT('',(18.,-44.51998571447,27.5));
#3816 = VECTOR('',#3817,1.);
#3817 = DIRECTION('',(0.,-1.745240643728E-02,-0.999847695156));
#3818 = PCURVE('',#2036,#3819);
#3819 = DEFINITIONAL_REPRESENTATION('',(#3820),#3824);
#3820 = LINE('',#3821,#3822);
#3821 = CARTESIAN_POINT('',(-0.,-41.27630272807));
#3822 = VECTOR('',#3823,1.);
#3823 = DIRECTION('',(1.,0.));
#3824 = ( GEOMETRIC_REPRESENTATION_CONTEXT(2) 
PARAMETRIC_REPRESENTATION_CONTEXT() REPRESENTATION_CONTEXT('2D SPACE',''
  ) );
#3825 = PCURVE('',#2064,#3826);
#3826 = DEFINITIONAL_REPRESENTATION('',(#3827),#3831);
#3827 = LINE('',#3828,#3829);
#3828 = CARTESIAN_POINT('',(22.875,166.46677293519));
#3829 = VECTOR('',#3830,1.);
#3830 = DIRECTION('',(-0.999847695156,-1.745240643728E-02));
#3831 = ( GEOMETRIC_REPRESENTATION_CONTEXT(2) 
PARAMETRIC_REPRESENTATION_CONTEXT() REPRESENTATION_CONTEXT('2D SPACE',''
  ) );
#3832 = ORIENTED_EDGE('',*,*,#2020,.F.);
#3833 = ORIENTED_EDGE('',*,*,#3834,.T.);
#3834 = EDGE_CURVE('',#1993,#3835,#3837,.T.);
#3835 = VERTEX_POINT('',#3836);
#3836 = CARTESIAN_POINT('',(59.274302728071,-44.03997142894,
    54.999999999999));
#3837 = SURFACE_CURVE('',#3838,(#3842,#3849),.PCURVE_S1.);
#3838 = LINE('',#3839,#3840);
#3839 = CARTESIAN_POINT('',(59.274302728071,-44.51998571447,27.5));
#3840 = VECTOR('',#3841,1.);
#3841 = DIRECTION('',(0.,1.745240643728E-02,0.999847695156));
#3842 = PCURVE('',#2036,#3843);
#3843 = DEFINITIONAL_REPRESENTATION('',(#3844),#3848);
#3844 = LINE('',#3845,#3846);
#3845 = CARTESIAN_POINT('',(-0.,-2.000000000002E-03));
#3846 = VECTOR('',#3847,1.);
#3847 = DIRECTION('',(-1.,0.));
#3848 = ( GEOMETRIC_REPRESENTATION_CONTEXT(2) 
PARAMETRIC_REPRESENTATION_CONTEXT() REPRESENTATION_CONTEXT('2D SPACE',''
  ) );
#3849 = PCURVE('',#3850,#3855);
#3850 = PLANE('',#3851);
#3851 = AXIS2_PLACEMENT_3D('',#3852,#3853,#3854);
#3852 = CARTESIAN_POINT('',(59.274302728071,34.50083767664,
    53.034906564073));
#3853 = DIRECTION('',(1.,0.,0.));
#3854 = DIRECTION('',(-0.,1.,0.));
#3855 = DEFINITIONAL_REPRESENTATION('',(#3856),#3860);
#3856 = LINE('',#3857,#3858);
#3857 = CARTESIAN_POINT('',(-79.02082339111,-25.53490656407));
#3858 = VECTOR('',#3859,1.);
#3859 = DIRECTION('',(1.745240643728E-02,0.999847695156));
#3860 = ( GEOMETRIC_REPRESENTATION_CONTEXT(2) 
PARAMETRIC_REPRESENTATION_CONTEXT() REPRESENTATION_CONTEXT('2D SPACE',''
  ) );
#3861 = ORIENTED_EDGE('',*,*,#3862,.T.);
#3862 = EDGE_CURVE('',#3835,#3863,#3865,.T.);
#3863 = VERTEX_POINT('',#3864);
#3864 = CARTESIAN_POINT('',(-54.50083767664,-44.03997142894,
    54.999999999999));
#3865 = SURFACE_CURVE('',#3866,(#3870,#3877),.PCURVE_S1.);
#3866 = LINE('',#3867,#3868);
#3867 = CARTESIAN_POINT('',(59.276302728071,-44.03997142894,
    54.999999999999));
#3868 = VECTOR('',#3869,1.);
#3869 = DIRECTION('',(-1.,0.,0.));
#3870 = PCURVE('',#2036,#3871);
#3871 = DEFINITIONAL_REPRESENTATION('',(#3872),#3876);
#3872 = LINE('',#3873,#3874);
#3873 = CARTESIAN_POINT('',(-27.5041890212,0.));
#3874 = VECTOR('',#3875,1.);
#3875 = DIRECTION('',(-0.,-1.));
#3876 = ( GEOMETRIC_REPRESENTATION_CONTEXT(2) 
PARAMETRIC_REPRESENTATION_CONTEXT() REPRESENTATION_CONTEXT('2D SPACE',''
  ) );
#3877 = PCURVE('',#3878,#3883);
#3878 = PLANE('',#3879);
#3879 = AXIS2_PLACEMENT_3D('',#3880,#3881,#3882);
#3880 = CARTESIAN_POINT('',(59.276302728071,-45.,54.999999999999));
#3881 = DIRECTION('',(0.,0.,-1.));
#3882 = DIRECTION('',(-1.,0.,0.));
#3883 = DEFINITIONAL_REPRESENTATION('',(#3884),#3888);
#3884 = LINE('',#3885,#3886);
#3885 = CARTESIAN_POINT('',(0.,0.960028571052));
#3886 = VECTOR('',#3887,1.);
#3887 = DIRECTION('',(1.,0.));
#3888 = ( GEOMETRIC_REPRESENTATION_CONTEXT(2) 
PARAMETRIC_REPRESENTATION_CONTEXT() REPRESENTATION_CONTEXT('2D SPACE',''
  ) );
#3889 = ORIENTED_EDGE('',*,*,#3890,.F.);
#3890 = EDGE_CURVE('',#2633,#3863,#3891,.T.);
#3891 = SURFACE_CURVE('',#3892,(#3896,#3903),.PCURVE_S1.);
#3892 = LINE('',#3893,#3894);
#3893 = CARTESIAN_POINT('',(-54.50083767664,-44.51998571447,27.5));
#3894 = VECTOR('',#3895,1.);
#3895 = DIRECTION('',(0.,1.745240643728E-02,0.999847695156));
#3896 = PCURVE('',#2036,#3897);
#3897 = DEFINITIONAL_REPRESENTATION('',(#3898),#3902);
#3898 = LINE('',#3899,#3900);
#3899 = CARTESIAN_POINT('',(-0.,-113.7771404047));
#3900 = VECTOR('',#3901,1.);
#3901 = DIRECTION('',(-1.,0.));
#3902 = ( GEOMETRIC_REPRESENTATION_CONTEXT(2) 
PARAMETRIC_REPRESENTATION_CONTEXT() REPRESENTATION_CONTEXT('2D SPACE',''
  ) );
#3903 = PCURVE('',#3904,#3909);
#3904 = PLANE('',#3905);
#3905 = AXIS2_PLACEMENT_3D('',#3906,#3907,#3908);
#3906 = CARTESIAN_POINT('',(-54.50083767664,39.274302728071,
    53.034906564073));
#3907 = DIRECTION('',(1.,0.,0.));
#3908 = DIRECTION('',(-0.,1.,0.));
#3909 = DEFINITIONAL_REPRESENTATION('',(#3910),#3914);
#3910 = LINE('',#3911,#3912);
#3911 = CARTESIAN_POINT('',(-83.79428844254,-25.53490656407));
#3912 = VECTOR('',#3913,1.);
#3913 = DIRECTION('',(1.745240643728E-02,0.999847695156));
#3914 = ( GEOMETRIC_REPRESENTATION_CONTEXT(2) 
PARAMETRIC_REPRESENTATION_CONTEXT() REPRESENTATION_CONTEXT('2D SPACE',''
  ) );
#3915 = ORIENTED_EDGE('',*,*,#2632,.F.);
#3916 = ORIENTED_EDGE('',*,*,#3917,.F.);
#3917 = EDGE_CURVE('',#3918,#2605,#3920,.T.);
#3918 = VERTEX_POINT('',#3919);
#3919 = CARTESIAN_POINT('',(-21.,-44.83220096983,9.6132));
#3920 = SURFACE_CURVE('',#3921,(#3925,#3932),.PCURVE_S1.);
#3921 = LINE('',#3922,#3923);
#3922 = CARTESIAN_POINT('',(-21.,-44.51998571447,27.5));
#3923 = VECTOR('',#3924,1.);
#3924 = DIRECTION('',(0.,-1.745240643728E-02,-0.999847695156));
#3925 = PCURVE('',#2036,#3926);
#3926 = DEFINITIONAL_REPRESENTATION('',(#3927),#3931);
#3927 = LINE('',#3928,#3929);
#3928 = CARTESIAN_POINT('',(-0.,-80.27630272807));
#3929 = VECTOR('',#3930,1.);
#3930 = DIRECTION('',(1.,0.));
#3931 = ( GEOMETRIC_REPRESENTATION_CONTEXT(2) 
PARAMETRIC_REPRESENTATION_CONTEXT() REPRESENTATION_CONTEXT('2D SPACE',''
  ) );
#3932 = PCURVE('',#2620,#3933);
#3933 = DEFINITIONAL_REPRESENTATION('',(#3934),#3938);
#3934 = LINE('',#3935,#3936);
#3935 = CARTESIAN_POINT('',(24.6934,133.21677293519));
#3936 = VECTOR('',#3937,1.);
#3937 = DIRECTION('',(-0.999847695156,-1.745240643728E-02));
#3938 = ( GEOMETRIC_REPRESENTATION_CONTEXT(2) 
PARAMETRIC_REPRESENTATION_CONTEXT() REPRESENTATION_CONTEXT('2D SPACE',''
  ) );
#3939 = ORIENTED_EDGE('',*,*,#3940,.F.);
#3940 = EDGE_CURVE('',#3652,#3918,#3941,.T.);
#3941 = SURFACE_CURVE('',#3942,(#3947,#3954),.PCURVE_S1.);
#3942 = ELLIPSE('',#3943,2.000304656088,2.);
#3943 = AXIS2_PLACEMENT_3D('',#3944,#3945,#3946);
#3944 = CARTESIAN_POINT('',(-19.,-44.83220096983,9.6132));
#3945 = DIRECTION('',(0.,-0.999847695156,1.745240643728E-02));
#3946 = DIRECTION('',(0.,1.745240643728E-02,0.999847695156));
#3947 = PCURVE('',#2036,#3948);
#3948 = DEFINITIONAL_REPRESENTATION('',(#3949),#3953);
#3949 = ELLIPSE('',#3950,2.000304656088,2.);
#3950 = AXIS2_PLACEMENT_2D('',#3951,#3952);
#3951 = CARTESIAN_POINT('',(17.889524661255,-78.27630272807));
#3952 = DIRECTION('',(-1.,0.));
#3953 = ( GEOMETRIC_REPRESENTATION_CONTEXT(2) 
PARAMETRIC_REPRESENTATION_CONTEXT() REPRESENTATION_CONTEXT('2D SPACE',''
  ) );
#3954 = PCURVE('',#3221,#3955);
#3955 = DEFINITIONAL_REPRESENTATION('',(#3956),#3982);
#3956 = B_SPLINE_CURVE_WITH_KNOTS('',3,(#3957,#3958,#3959,#3960,#3961,
    #3962,#3963,#3964,#3965,#3966,#3967,#3968,#3969,#3970,#3971,#3972,
    #3973,#3974,#3975,#3976,#3977,#3978,#3979,#3980,#3981),
  .UNSPECIFIED.,.F.,.F.,(4,1,1,1,1,1,1,1,1,1,1,1,1,1,1,1,1,1,1,1,1,1,4),
  (4.712388980385,4.855188646457,4.997988312529,5.140787978601,
    5.283587644674,5.426387310746,5.569186976818,5.711986642891,
    5.854786308963,5.997585975035,6.140385641107,6.28318530718,
    6.425984973252,6.568784639324,6.711584305396,6.854383971469,
    6.997183637541,7.139983303613,7.282782969685,7.425582635758,
    7.56838230183,7.711181967902,7.853981633974),.QUASI_UNIFORM_KNOTS.);
#3957 = CARTESIAN_POINT('',(1.570796326795,132.90455767983));
#3958 = CARTESIAN_POINT('',(1.523196438104,132.90621960391));
#3959 = CARTESIAN_POINT('',(1.427996660723,132.90954272588));
#3960 = CARTESIAN_POINT('',(1.28519699465,132.91442650944));
#3961 = CARTESIAN_POINT('',(1.142397328578,132.9191092362));
#3962 = CARTESIAN_POINT('',(0.999597662506,132.92349577701));
#3963 = CARTESIAN_POINT('',(0.856797996434,132.92749678158));
#3964 = CARTESIAN_POINT('',(0.713998330361,132.93103081519));
#3965 = CARTESIAN_POINT('',(0.571198664289,132.9340259313));
#3966 = CARTESIAN_POINT('',(0.428398998217,132.93642115901));
#3967 = CARTESIAN_POINT('',(0.285599332145,132.93816773811));
#3968 = CARTESIAN_POINT('',(0.142799666072,132.93923011336));
#3969 = CARTESIAN_POINT('',(-8.366719580629E-16,132.93958665785));
#3970 = CARTESIAN_POINT('',(-0.142799666072,132.93923011336));
#3971 = CARTESIAN_POINT('',(-0.285599332145,132.93816773811));
#3972 = CARTESIAN_POINT('',(-0.428398998217,132.93642115901));
#3973 = CARTESIAN_POINT('',(-0.571198664289,132.9340259313));
#3974 = CARTESIAN_POINT('',(-0.713998330361,132.93103081519));
#3975 = CARTESIAN_POINT('',(-0.856797996434,132.92749678158));
#3976 = CARTESIAN_POINT('',(-0.999597662506,132.92349577701));
#3977 = CARTESIAN_POINT('',(-1.142397328578,132.9191092362));
#3978 = CARTESIAN_POINT('',(-1.28519699465,132.91442650944));
#3979 = CARTESIAN_POINT('',(-1.427996660723,132.90954272588));
#3980 = CARTESIAN_POINT('',(-1.523196438104,132.90621960391));
#3981 = CARTESIAN_POINT('',(-1.570796326795,132.90455767983));
#3982 = ( GEOMETRIC_REPRESENTATION_CONTEXT(2) 
PARAMETRIC_REPRESENTATION_CONTEXT() REPRESENTATION_CONTEXT('2D SPACE',''
  ) );
#3983 = ADVANCED_FACE('',(#3984,#4015,#4046,#4077,#4108,#4139),#2343,.F.
  );
#3984 = FACE_BOUND('',#3985,.T.);
#3985 = EDGE_LOOP('',(#3986));
#3986 = ORIENTED_EDGE('',*,*,#3987,.T.);
#3987 = EDGE_CURVE('',#3988,#3988,#3990,.T.);
#3988 = VERTEX_POINT('',#3989);
#3989 = CARTESIAN_POINT('',(-59.3376713386,-16.,49.404521298276));
#3990 = SURFACE_CURVE('',#3991,(#3996,#4003),.PCURVE_S1.);
#3991 = CIRCLE('',#3992,1.25);
#3992 = AXIS2_PLACEMENT_3D('',#3993,#3994,#3995);
#3993 = CARTESIAN_POINT('',(-59.35948684664,-16.,48.15471167933));
#3994 = DIRECTION('',(-0.999847695156,-1.068651684042E-18,
    1.745240643728E-02));
#3995 = DIRECTION('',(1.745240643728E-02,-6.01853107621E-36,
    0.999847695156));
#3996 = PCURVE('',#2343,#3997);
#3997 = DEFINITIONAL_REPRESENTATION('',(#3998),#4002);
#3998 = CIRCLE('',#3999,1.25);
#3999 = AXIS2_PLACEMENT_2D('',#4000,#4001);
#4000 = CARTESIAN_POINT('',(21.640554358541,18.50083767664));
#4001 = DIRECTION('',(1.,0.));
#4002 = ( GEOMETRIC_REPRESENTATION_CONTEXT(2) 
PARAMETRIC_REPRESENTATION_CONTEXT() REPRESENTATION_CONTEXT('2D SPACE',''
  ) );
#4003 = PCURVE('',#4004,#4009);
#4004 = CYLINDRICAL_SURFACE('',#4005,1.25);
#4005 = AXIS2_PLACEMENT_3D('',#4006,#4007,#4008);
#4006 = CARTESIAN_POINT('',(-240.7072711012,-16.,51.320149028083));
#4007 = DIRECTION('',(0.999847695156,1.068651684042E-18,
    -1.745240643728E-02));
#4008 = DIRECTION('',(-1.745240643728E-02,0.,-0.999847695156));
#4009 = DEFINITIONAL_REPRESENTATION('',(#4010),#4014);
#4010 = LINE('',#4011,#4012);
#4011 = CARTESIAN_POINT('',(9.424777960769,181.37540860785));
#4012 = VECTOR('',#4013,1.);
#4013 = DIRECTION('',(-1.,0.));
#4014 = ( GEOMETRIC_REPRESENTATION_CONTEXT(2) 
PARAMETRIC_REPRESENTATION_CONTEXT() REPRESENTATION_CONTEXT('2D SPACE',''
  ) );
#4015 = FACE_BOUND('',#4016,.T.);
#4016 = EDGE_LOOP('',(#4017));
#4017 = ORIENTED_EDGE('',*,*,#4018,.T.);
#4018 = EDGE_CURVE('',#4019,#4019,#4021,.T.);
#4019 = VERTEX_POINT('',#4020);
#4020 = CARTESIAN_POINT('',(-59.89614834459,16.,17.409395053271));
#4021 = SURFACE_CURVE('',#4022,(#4027,#4034),.PCURVE_S1.);
#4022 = CIRCLE('',#4023,1.25);
#4023 = AXIS2_PLACEMENT_3D('',#4024,#4025,#4026);
#4024 = CARTESIAN_POINT('',(-59.91796385263,16.,16.159585434325));
#4025 = DIRECTION('',(-0.999847695156,-1.068651684042E-18,
    1.745240643728E-02));
#4026 = DIRECTION('',(1.745240643728E-02,-6.01853107621E-36,
    0.999847695156));
#4027 = PCURVE('',#2343,#4028);
#4028 = DEFINITIONAL_REPRESENTATION('',(#4029),#4033);
#4029 = CIRCLE('',#4030,1.25);
#4030 = AXIS2_PLACEMENT_2D('',#4031,#4032);
#4031 = CARTESIAN_POINT('',(-10.35944564145,50.50083767664));
#4032 = DIRECTION('',(1.,0.));
#4033 = ( GEOMETRIC_REPRESENTATION_CONTEXT(2) 
PARAMETRIC_REPRESENTATION_CONTEXT() REPRESENTATION_CONTEXT('2D SPACE',''
  ) );
#4034 = PCURVE('',#4035,#4040);
#4035 = CYLINDRICAL_SURFACE('',#4036,1.25);
#4036 = AXIS2_PLACEMENT_3D('',#4037,#4038,#4039);
#4037 = CARTESIAN_POINT('',(-241.2657481072,16.,19.325022783078));
#4038 = DIRECTION('',(0.999847695156,1.068651684042E-18,
    -1.745240643728E-02));
#4039 = DIRECTION('',(-1.745240643728E-02,0.,-0.999847695156));
#4040 = DEFINITIONAL_REPRESENTATION('',(#4041),#4045);
#4041 = LINE('',#4042,#4043);
#4042 = CARTESIAN_POINT('',(9.424777960769,181.37540860785));
#4043 = VECTOR('',#4044,1.);
#4044 = DIRECTION('',(-1.,0.));
#4045 = ( GEOMETRIC_REPRESENTATION_CONTEXT(2) 
PARAMETRIC_REPRESENTATION_CONTEXT() REPRESENTATION_CONTEXT('2D SPACE',''
  ) );
#4046 = FACE_BOUND('',#4047,.T.);
#4047 = EDGE_LOOP('',(#4048));
#4048 = ORIENTED_EDGE('',*,*,#4049,.T.);
#4049 = EDGE_CURVE('',#4050,#4050,#4052,.T.);
#4050 = VERTEX_POINT('',#4051);
#4051 = CARTESIAN_POINT('',(-59.89614834459,-16.,17.409395053271));
#4052 = SURFACE_CURVE('',#4053,(#4058,#4065),.PCURVE_S1.);
#4053 = CIRCLE('',#4054,1.25);
#4054 = AXIS2_PLACEMENT_3D('',#4055,#4056,#4057);
#4055 = CARTESIAN_POINT('',(-59.91796385263,-16.,16.159585434325));
#4056 = DIRECTION('',(-0.999847695156,-1.068651684042E-18,
    1.745240643728E-02));
#4057 = DIRECTION('',(1.745240643728E-02,-6.01853107621E-36,
    0.999847695156));
#4058 = PCURVE('',#2343,#4059);
#4059 = DEFINITIONAL_REPRESENTATION('',(#4060),#4064);
#4060 = CIRCLE('',#4061,1.25);
#4061 = AXIS2_PLACEMENT_2D('',#4062,#4063);
#4062 = CARTESIAN_POINT('',(-10.35944564145,18.50083767664));
#4063 = DIRECTION('',(1.,0.));
#4064 = ( GEOMETRIC_REPRESENTATION_CONTEXT(2) 
PARAMETRIC_REPRESENTATION_CONTEXT() REPRESENTATION_CONTEXT('2D SPACE',''
  ) );
#4065 = PCURVE('',#4066,#4071);
#4066 = CYLINDRICAL_SURFACE('',#4067,1.25);
#4067 = AXIS2_PLACEMENT_3D('',#4068,#4069,#4070);
#4068 = CARTESIAN_POINT('',(-241.2657481072,-16.,19.325022783078));
#4069 = DIRECTION('',(0.999847695156,1.068651684042E-18,
    -1.745240643728E-02));
#4070 = DIRECTION('',(-1.745240643728E-02,0.,-0.999847695156));
#4071 = DEFINITIONAL_REPRESENTATION('',(#4072),#4076);
#4072 = LINE('',#4073,#4074);
#4073 = CARTESIAN_POINT('',(9.424777960769,181.37540860785));
#4074 = VECTOR('',#4075,1.);
#4075 = DIRECTION('',(-1.,0.));
#4076 = ( GEOMETRIC_REPRESENTATION_CONTEXT(2) 
PARAMETRIC_REPRESENTATION_CONTEXT() REPRESENTATION_CONTEXT('2D SPACE',''
  ) );
#4077 = FACE_BOUND('',#4078,.T.);
#4078 = EDGE_LOOP('',(#4079));
#4079 = ORIENTED_EDGE('',*,*,#4080,.T.);
#4080 = EDGE_CURVE('',#4081,#4081,#4083,.T.);
#4081 = VERTEX_POINT('',#4082);
#4082 = CARTESIAN_POINT('',(-59.3376713386,16.,49.404521298276));
#4083 = SURFACE_CURVE('',#4084,(#4089,#4096),.PCURVE_S1.);
#4084 = CIRCLE('',#4085,1.25);
#4085 = AXIS2_PLACEMENT_3D('',#4086,#4087,#4088);
#4086 = CARTESIAN_POINT('',(-59.35948684664,16.,48.15471167933));
#4087 = DIRECTION('',(-0.999847695156,-1.068651684042E-18,
    1.745240643728E-02));
#4088 = DIRECTION('',(1.745240643728E-02,-6.01853107621E-36,
    0.999847695156));
#4089 = PCURVE('',#2343,#4090);
#4090 = DEFINITIONAL_REPRESENTATION('',(#4091),#4095);
#4091 = CIRCLE('',#4092,1.25);
#4092 = AXIS2_PLACEMENT_2D('',#4093,#4094);
#4093 = CARTESIAN_POINT('',(21.640554358541,50.50083767664));
#4094 = DIRECTION('',(1.,0.));
#4095 = ( GEOMETRIC_REPRESENTATION_CONTEXT(2) 
PARAMETRIC_REPRESENTATION_CONTEXT() REPRESENTATION_CONTEXT('2D SPACE',''
  ) );
#4096 = PCURVE('',#4097,#4102);
#4097 = CYLINDRICAL_SURFACE('',#4098,1.25);
#4098 = AXIS2_PLACEMENT_3D('',#4099,#4100,#4101);
#4099 = CARTESIAN_POINT('',(-240.7072711012,16.,51.320149028083));
#4100 = DIRECTION('',(0.999847695156,1.068651684042E-18,
    -1.745240643728E-02));
#4101 = DIRECTION('',(-1.745240643728E-02,0.,-0.999847695156));
#4102 = DEFINITIONAL_REPRESENTATION('',(#4103),#4107);
#4103 = LINE('',#4104,#4105);
#4104 = CARTESIAN_POINT('',(9.424777960769,181.37540860785));
#4105 = VECTOR('',#4106,1.);
#4106 = DIRECTION('',(-1.,0.));
#4107 = ( GEOMETRIC_REPRESENTATION_CONTEXT(2) 
PARAMETRIC_REPRESENTATION_CONTEXT() REPRESENTATION_CONTEXT('2D SPACE',''
  ) );
#4108 = FACE_BOUND('',#4109,.T.);
#4109 = EDGE_LOOP('',(#4110));
#4110 = ORIENTED_EDGE('',*,*,#4111,.T.);
#4111 = EDGE_CURVE('',#4112,#4112,#4114,.T.);
#4112 = VERTEX_POINT('',#4113);
#4113 = CARTESIAN_POINT('',(-59.30712962733,-1.346501121893E-17,
    51.154254764799));
#4114 = SURFACE_CURVE('',#4115,(#4120,#4127),.PCURVE_S1.);
#4115 = CIRCLE('',#4116,19.);
#4116 = AXIS2_PLACEMENT_3D('',#4117,#4118,#4119);
#4117 = CARTESIAN_POINT('',(-59.63872534964,-1.346501121893E-17,
    32.157148556828));
#4118 = DIRECTION('',(-0.999847695156,-1.068651684042E-18,
    1.745240643728E-02));
#4119 = DIRECTION('',(1.745240643728E-02,-6.01853107621E-36,
    0.999847695156));
#4120 = PCURVE('',#2343,#4121);
#4121 = DEFINITIONAL_REPRESENTATION('',(#4122),#4126);
#4122 = CIRCLE('',#4123,19.);
#4123 = AXIS2_PLACEMENT_2D('',#4124,#4125);
#4124 = CARTESIAN_POINT('',(5.640554358541,34.50083767664));
#4125 = DIRECTION('',(1.,0.));
#4126 = ( GEOMETRIC_REPRESENTATION_CONTEXT(2) 
PARAMETRIC_REPRESENTATION_CONTEXT() REPRESENTATION_CONTEXT('2D SPACE',''
  ) );
#4127 = PCURVE('',#4128,#4133);
#4128 = CYLINDRICAL_SURFACE('',#4129,19.);
#4129 = AXIS2_PLACEMENT_3D('',#4130,#4131,#4132);
#4130 = CARTESIAN_POINT('',(-230.9880326526,-1.966056302311E-16,
    35.148061841208));
#4131 = DIRECTION('',(0.999847695156,1.068651684042E-18,
    -1.745240643728E-02));
#4132 = DIRECTION('',(-1.745240643728E-02,0.,-0.999847695156));
#4133 = DEFINITIONAL_REPRESENTATION('',(#4134),#4138);
#4134 = LINE('',#4135,#4136);
#4135 = CARTESIAN_POINT('',(9.424777960769,171.37540860785));
#4136 = VECTOR('',#4137,1.);
#4137 = DIRECTION('',(-1.,0.));
#4138 = ( GEOMETRIC_REPRESENTATION_CONTEXT(2) 
PARAMETRIC_REPRESENTATION_CONTEXT() REPRESENTATION_CONTEXT('2D SPACE',''
  ) );
#4139 = FACE_BOUND('',#4140,.T.);
#4140 = EDGE_LOOP('',(#4141,#4164,#4192,#4213,#4214,#4237,#4265,#4286,
    #4287,#4310,#4338,#4359));
#4141 = ORIENTED_EDGE('',*,*,#4142,.T.);
#4142 = EDGE_CURVE('',#2946,#4143,#4145,.T.);
#4143 = VERTEX_POINT('',#4144);
#4144 = CARTESIAN_POINT('',(-60.01326127087,-2.5,10.7));
#4145 = SURFACE_CURVE('',#4146,(#4150,#4157),.PCURVE_S1.);
#4146 = LINE('',#4147,#4148);
#4147 = CARTESIAN_POINT('',(-59.73716659684,-2.5,26.517453282036));
#4148 = VECTOR('',#4149,1.);
#4149 = DIRECTION('',(1.745240643728E-02,6.0677163191E-17,0.999847695156
    ));
#4150 = PCURVE('',#2343,#4151);
#4151 = DEFINITIONAL_REPRESENTATION('',(#4152),#4156);
#4152 = LINE('',#4153,#4154);
#4153 = CARTESIAN_POINT('',(-1.925980360216E-34,32.00083767664));
#4154 = VECTOR('',#4155,1.);
#4155 = DIRECTION('',(1.,6.0677163191E-17));
#4156 = ( GEOMETRIC_REPRESENTATION_CONTEXT(2) 
PARAMETRIC_REPRESENTATION_CONTEXT() REPRESENTATION_CONTEXT('2D SPACE',''
  ) );
#4157 = PCURVE('',#2961,#4158);
#4158 = DEFINITIONAL_REPRESENTATION('',(#4159),#4163);
#4159 = LINE('',#4160,#4161);
#4160 = CARTESIAN_POINT('',(173.99959205282,23.167453282036));
#4161 = VECTOR('',#4162,1.);
#4162 = DIRECTION('',(1.745240643728E-02,0.999847695156));
#4163 = ( GEOMETRIC_REPRESENTATION_CONTEXT(2) 
PARAMETRIC_REPRESENTATION_CONTEXT() REPRESENTATION_CONTEXT('2D SPACE',''
  ) );
#4164 = ORIENTED_EDGE('',*,*,#4165,.F.);
#4165 = EDGE_CURVE('',#4166,#4143,#4168,.T.);
#4166 = VERTEX_POINT('',#4167);
#4167 = CARTESIAN_POINT('',(-60.01326127087,21.95,10.7));
#4168 = SURFACE_CURVE('',#4169,(#4173,#4180),.PCURVE_S1.);
#4169 = LINE('',#4170,#4171);
#4170 = CARTESIAN_POINT('',(-60.01326127087,-34.50083767664,10.7));
#4171 = VECTOR('',#4172,1.);
#4172 = DIRECTION('',(1.068814469662E-18,-1.,6.544601095772E-35));
#4173 = PCURVE('',#2343,#4174);
#4174 = DEFINITIONAL_REPRESENTATION('',(#4175),#4179);
#4175 = LINE('',#4176,#4177);
#4176 = CARTESIAN_POINT('',(-15.81986272375,3.611118645726E-33));
#4177 = VECTOR('',#4178,1.);
#4178 = DIRECTION('',(1.86533845306E-20,-1.));
#4179 = ( GEOMETRIC_REPRESENTATION_CONTEXT(2) 
PARAMETRIC_REPRESENTATION_CONTEXT() REPRESENTATION_CONTEXT('2D SPACE',''
  ) );
#4180 = PCURVE('',#4181,#4186);
#4181 = PLANE('',#4182);
#4182 = AXIS2_PLACEMENT_3D('',#4183,#4184,#4185);
#4183 = CARTESIAN_POINT('',(-233.8367586496,17.,10.7));
#4184 = DIRECTION('',(6.123233995737E-17,0.,-1.));
#4185 = DIRECTION('',(-1.,0.,-6.123233995737E-17));
#4186 = DEFINITIONAL_REPRESENTATION('',(#4187),#4191);
#4187 = LINE('',#4188,#4189);
#4188 = CARTESIAN_POINT('',(-173.8234973787,-51.50083767664));
#4189 = VECTOR('',#4190,1.);
#4190 = DIRECTION('',(-1.068814469662E-18,-1.));
#4191 = ( GEOMETRIC_REPRESENTATION_CONTEXT(2) 
PARAMETRIC_REPRESENTATION_CONTEXT() REPRESENTATION_CONTEXT('2D SPACE',''
  ) );
#4192 = ORIENTED_EDGE('',*,*,#4193,.F.);
#4193 = EDGE_CURVE('',#2328,#4166,#4194,.T.);
#4194 = SURFACE_CURVE('',#4195,(#4199,#4206),.PCURVE_S1.);
#4195 = LINE('',#4196,#4197);
#4196 = CARTESIAN_POINT('',(-59.73716659684,21.95,26.517453282036));
#4197 = VECTOR('',#4198,1.);
#4198 = DIRECTION('',(1.745240643728E-02,4.730303575858E-16,
    0.999847695156));
#4199 = PCURVE('',#2343,#4200);
#4200 = DEFINITIONAL_REPRESENTATION('',(#4201),#4205);
#4201 = LINE('',#4202,#4203);
#4202 = CARTESIAN_POINT('',(-3.397511208349E-34,56.45083767664));
#4203 = VECTOR('',#4204,1.);
#4204 = DIRECTION('',(1.,4.730303575858E-16));
#4205 = ( GEOMETRIC_REPRESENTATION_CONTEXT(2) 
PARAMETRIC_REPRESENTATION_CONTEXT() REPRESENTATION_CONTEXT('2D SPACE',''
  ) );
#4206 = PCURVE('',#2371,#4207);
#4207 = DEFINITIONAL_REPRESENTATION('',(#4208),#4212);
#4208 = LINE('',#4209,#4210);
#4209 = CARTESIAN_POINT('',(-23.16745328203,174.09959205282));
#4210 = VECTOR('',#4211,1.);
#4211 = DIRECTION('',(-0.999847695156,1.745240643728E-02));
#4212 = ( GEOMETRIC_REPRESENTATION_CONTEXT(2) 
PARAMETRIC_REPRESENTATION_CONTEXT() REPRESENTATION_CONTEXT('2D SPACE',''
  ) );
#4213 = ORIENTED_EDGE('',*,*,#2327,.T.);
#4214 = ORIENTED_EDGE('',*,*,#4215,.F.);
#4215 = EDGE_CURVE('',#4216,#2304,#4218,.T.);
#4216 = VERTEX_POINT('',#4217);
#4217 = CARTESIAN_POINT('',(-59.27417161785,34.500837663508,
    53.034904021508));
#4218 = SURFACE_CURVE('',#4219,(#4223,#4230),.PCURVE_S1.);
#4219 = LINE('',#4220,#4221);
#4220 = CARTESIAN_POINT('',(-59.73716659684,34.50083767664,
    26.517453282036));
#4221 = VECTOR('',#4222,1.);
#4222 = DIRECTION('',(-1.745240643728E-02,6.122301397541E-17,
    -0.999847695156));
#4223 = PCURVE('',#2343,#4224);
#4224 = DEFINITIONAL_REPRESENTATION('',(#4225),#4229);
#4225 = LINE('',#4226,#4227);
#4226 = CARTESIAN_POINT('',(-4.152887274243E-34,69.00167535328));
#4227 = VECTOR('',#4228,1.);
#4228 = DIRECTION('',(-1.,6.122301397541E-17));
#4229 = ( GEOMETRIC_REPRESENTATION_CONTEXT(2) 
PARAMETRIC_REPRESENTATION_CONTEXT() REPRESENTATION_CONTEXT('2D SPACE',''
  ) );
#4230 = PCURVE('',#707,#4231);
#4231 = DEFINITIONAL_REPRESENTATION('',(#4232),#4236);
#4232 = LINE('',#4233,#4234);
#4233 = CARTESIAN_POINT('',(-0.785306140843,26.517456467088));
#4234 = VECTOR('',#4235,1.);
#4235 = DIRECTION('',(-3.067250177803E-07,1.));
#4236 = ( GEOMETRIC_REPRESENTATION_CONTEXT(2) 
PARAMETRIC_REPRESENTATION_CONTEXT() REPRESENTATION_CONTEXT('2D SPACE',''
  ) );
#4237 = ORIENTED_EDGE('',*,*,#4238,.F.);
#4238 = EDGE_CURVE('',#4239,#4216,#4241,.T.);
#4239 = VERTEX_POINT('',#4240);
#4240 = CARTESIAN_POINT('',(-59.27417161785,-34.5008376635,
    53.034904021508));
#4241 = SURFACE_CURVE('',#4242,(#4246,#4253),.PCURVE_S1.);
#4242 = LINE('',#4243,#4244);
#4243 = CARTESIAN_POINT('',(-59.27430272807,-34.50083767664,
    53.034906564072));
#4244 = VECTOR('',#4245,1.);
#4245 = DIRECTION('',(0.,1.,6.123233995737E-17));
#4246 = PCURVE('',#2343,#4247);
#4247 = DEFINITIONAL_REPRESENTATION('',(#4248),#4252);
#4248 = LINE('',#4249,#4250);
#4249 = CARTESIAN_POINT('',(26.521492633824,1.829633447168E-33));
#4250 = VECTOR('',#4251,1.);
#4251 = DIRECTION('',(6.122301397541E-17,1.));
#4252 = ( GEOMETRIC_REPRESENTATION_CONTEXT(2) 
PARAMETRIC_REPRESENTATION_CONTEXT() REPRESENTATION_CONTEXT('2D SPACE',''
  ) );
#4253 = PCURVE('',#4254,#4259);
#4254 = CYLINDRICAL_SURFACE('',#4255,1.999998217696);
#4255 = AXIS2_PLACEMENT_3D('',#4256,#4257,#4258);
#4256 = CARTESIAN_POINT('',(-57.27460911979,-34.50083767664,
    53.000001782303));
#4257 = DIRECTION('',(0.,1.,6.123233995737E-17));
#4258 = DIRECTION('',(0.,-6.123233995737E-17,1.));
#4259 = DEFINITIONAL_REPRESENTATION('',(#4260),#4264);
#4260 = LINE('',#4261,#4262);
#4261 = CARTESIAN_POINT('',(4.729842272905,1.5550995516E-22));
#4262 = VECTOR('',#4263,1.);
#4263 = DIRECTION('',(5.14873539224E-17,1.));
#4264 = ( GEOMETRIC_REPRESENTATION_CONTEXT(2) 
PARAMETRIC_REPRESENTATION_CONTEXT() REPRESENTATION_CONTEXT('2D SPACE',''
  ) );
#4265 = ORIENTED_EDGE('',*,*,#4266,.T.);
#4266 = EDGE_CURVE('',#4239,#2753,#4267,.T.);
#4267 = SURFACE_CURVE('',#4268,(#4272,#4279),.PCURVE_S1.);
#4268 = LINE('',#4269,#4270);
#4269 = CARTESIAN_POINT('',(-59.73716659684,-34.50083767664,
    26.517453282036));
#4270 = VECTOR('',#4271,1.);
#4271 = DIRECTION('',(-1.745240643728E-02,2.385101531626E-16,
    -0.999847695156));
#4272 = PCURVE('',#2343,#4273);
#4273 = DEFINITIONAL_REPRESENTATION('',(#4274),#4278);
#4274 = LINE('',#4275,#4276);
#4275 = CARTESIAN_POINT('',(0.,0.));
#4276 = VECTOR('',#4277,1.);
#4277 = DIRECTION('',(-1.,2.385101531626E-16));
#4278 = ( GEOMETRIC_REPRESENTATION_CONTEXT(2) 
PARAMETRIC_REPRESENTATION_CONTEXT() REPRESENTATION_CONTEXT('2D SPACE',''
  ) );
#4279 = PCURVE('',#2790,#4280);
#4280 = DEFINITIONAL_REPRESENTATION('',(#4281),#4285);
#4281 = LINE('',#4282,#4283);
#4282 = CARTESIAN_POINT('',(0.785306140843,26.517456467088));
#4283 = VECTOR('',#4284,1.);
#4284 = DIRECTION('',(3.067250186404E-07,1.));
#4285 = ( GEOMETRIC_REPRESENTATION_CONTEXT(2) 
PARAMETRIC_REPRESENTATION_CONTEXT() REPRESENTATION_CONTEXT('2D SPACE',''
  ) );
#4286 = ORIENTED_EDGE('',*,*,#2752,.T.);
#4287 = ORIENTED_EDGE('',*,*,#4288,.T.);
#4288 = EDGE_CURVE('',#2725,#4289,#4291,.T.);
#4289 = VERTEX_POINT('',#4290);
#4290 = CARTESIAN_POINT('',(-60.04991690722,-30.,8.6));
#4291 = SURFACE_CURVE('',#4292,(#4296,#4303),.PCURVE_S1.);
#4292 = LINE('',#4293,#4294);
#4293 = CARTESIAN_POINT('',(-59.73716659684,-30.,26.517453282036));
#4294 = VECTOR('',#4295,1.);
#4295 = DIRECTION('',(1.745240643728E-02,-2.753109951094E-16,
    0.999847695156));
#4296 = PCURVE('',#2343,#4297);
#4297 = DEFINITIONAL_REPRESENTATION('',(#4298),#4302);
#4298 = LINE('',#4299,#4300);
#4299 = CARTESIAN_POINT('',(-2.708843142583E-35,4.50083767664));
#4300 = VECTOR('',#4301,1.);
#4301 = DIRECTION('',(1.,-2.753109951094E-16));
#4302 = ( GEOMETRIC_REPRESENTATION_CONTEXT(2) 
PARAMETRIC_REPRESENTATION_CONTEXT() REPRESENTATION_CONTEXT('2D SPACE',''
  ) );
#4303 = PCURVE('',#2740,#4304);
#4304 = DEFINITIONAL_REPRESENTATION('',(#4305),#4309);
#4305 = LINE('',#4306,#4307);
#4306 = CARTESIAN_POINT('',(-24.21745328203,114.79713448479));
#4307 = VECTOR('',#4308,1.);
#4308 = DIRECTION('',(-0.999847695156,1.745240643728E-02));
#4309 = ( GEOMETRIC_REPRESENTATION_CONTEXT(2) 
PARAMETRIC_REPRESENTATION_CONTEXT() REPRESENTATION_CONTEXT('2D SPACE',''
  ) );
#4310 = ORIENTED_EDGE('',*,*,#4311,.T.);
#4311 = EDGE_CURVE('',#4289,#4312,#4314,.T.);
#4312 = VERTEX_POINT('',#4313);
#4313 = CARTESIAN_POINT('',(-60.04991690722,-14.,8.6));
#4314 = SURFACE_CURVE('',#4315,(#4319,#4326),.PCURVE_S1.);
#4315 = LINE('',#4316,#4317);
#4316 = CARTESIAN_POINT('',(-60.04991690722,-34.50083767664,8.6));
#4317 = VECTOR('',#4318,1.);
#4318 = DIRECTION('',(8.236674619423E-19,1.,1.084202172485E-16));
#4319 = PCURVE('',#2343,#4320);
#4320 = DEFINITIONAL_REPRESENTATION('',(#4321),#4325);
#4321 = LINE('',#4322,#4323);
#4322 = CARTESIAN_POINT('',(-17.92018261264,2.888894916581E-33));
#4323 = VECTOR('',#4324,1.);
#4324 = DIRECTION('',(1.084180793036E-16,1.));
#4325 = ( GEOMETRIC_REPRESENTATION_CONTEXT(2) 
PARAMETRIC_REPRESENTATION_CONTEXT() REPRESENTATION_CONTEXT('2D SPACE',''
  ) );
#4326 = PCURVE('',#4327,#4332);
#4327 = PLANE('',#4328);
#4328 = AXIS2_PLACEMENT_3D('',#4329,#4330,#4331);
#4329 = CARTESIAN_POINT('',(-174.5343010816,-22.,8.6));
#4330 = DIRECTION('',(0.,-1.084202172485E-16,1.));
#4331 = DIRECTION('',(0.,-1.,-1.084202172485E-16));
#4332 = DEFINITIONAL_REPRESENTATION('',(#4333),#4337);
#4333 = LINE('',#4334,#4335);
#4334 = CARTESIAN_POINT('',(12.50083767664,114.4843841744));
#4335 = VECTOR('',#4336,1.);
#4336 = DIRECTION('',(-1.,8.236674619423E-19));
#4337 = ( GEOMETRIC_REPRESENTATION_CONTEXT(2) 
PARAMETRIC_REPRESENTATION_CONTEXT() REPRESENTATION_CONTEXT('2D SPACE',''
  ) );
#4338 = ORIENTED_EDGE('',*,*,#4339,.F.);
#4339 = EDGE_CURVE('',#2974,#4312,#4340,.T.);
#4340 = SURFACE_CURVE('',#4341,(#4345,#4352),.PCURVE_S1.);
#4341 = LINE('',#4342,#4343);
#4342 = CARTESIAN_POINT('',(-59.73716659684,-14.,26.517453282036));
#4343 = VECTOR('',#4344,1.);
#4344 = DIRECTION('',(1.745240643728E-02,-2.753109951094E-16,
    0.999847695156));
#4345 = PCURVE('',#2343,#4346);
#4346 = DEFINITIONAL_REPRESENTATION('',(#4347),#4351);
#4347 = LINE('',#4348,#4349);
#4348 = CARTESIAN_POINT('',(-1.233849286452E-34,20.50083767664));
#4349 = VECTOR('',#4350,1.);
#4350 = DIRECTION('',(1.,-2.753109951094E-16));
#4351 = ( GEOMETRIC_REPRESENTATION_CONTEXT(2) 
PARAMETRIC_REPRESENTATION_CONTEXT() REPRESENTATION_CONTEXT('2D SPACE',''
  ) );
#4352 = PCURVE('',#3010,#4353);
#4353 = DEFINITIONAL_REPRESENTATION('',(#4354),#4358);
#4354 = LINE('',#4355,#4356);
#4355 = CARTESIAN_POINT('',(-24.21745328203,114.79713448479));
#4356 = VECTOR('',#4357,1.);
#4357 = DIRECTION('',(-0.999847695156,1.745240643728E-02));
#4358 = ( GEOMETRIC_REPRESENTATION_CONTEXT(2) 
PARAMETRIC_REPRESENTATION_CONTEXT() REPRESENTATION_CONTEXT('2D SPACE',''
  ) );
#4359 = ORIENTED_EDGE('',*,*,#2973,.T.);
#4360 = ADVANCED_FACE('',(#4361,#4387,#4413,#4439,#4465,#4491),#2399,.T.
  );
#4361 = FACE_BOUND('',#4362,.T.);
#4362 = EDGE_LOOP('',(#4363));
#4363 = ORIENTED_EDGE('',*,*,#4364,.F.);
#4364 = EDGE_CURVE('',#4365,#4365,#4367,.T.);
#4365 = VERTEX_POINT('',#4366);
#4366 = CARTESIAN_POINT('',(-64.13617886711,-16.,49.488279558744));
#4367 = SURFACE_CURVE('',#4368,(#4373,#4380),.PCURVE_S1.);
#4368 = CIRCLE('',#4369,1.25);
#4369 = AXIS2_PLACEMENT_3D('',#4370,#4371,#4372);
#4370 = CARTESIAN_POINT('',(-64.15799437516,-16.,48.238469939799));
#4371 = DIRECTION('',(-0.999847695156,0.,1.745240643728E-02));
#4372 = DIRECTION('',(1.745240643728E-02,0.,0.999847695156));
#4373 = PCURVE('',#2399,#4374);
#4374 = DEFINITIONAL_REPRESENTATION('',(#4375),#4379);
#4375 = CIRCLE('',#4376,1.25);
#4376 = AXIS2_PLACEMENT_2D('',#4377,#4378);
#4377 = CARTESIAN_POINT('',(20.741628990359,-55.27630272807));
#4378 = DIRECTION('',(1.,0.));
#4379 = ( GEOMETRIC_REPRESENTATION_CONTEXT(2) 
PARAMETRIC_REPRESENTATION_CONTEXT() REPRESENTATION_CONTEXT('2D SPACE',''
  ) );
#4380 = PCURVE('',#4004,#4381);
#4381 = DEFINITIONAL_REPRESENTATION('',(#4382),#4386);
#4382 = LINE('',#4383,#4384);
#4383 = CARTESIAN_POINT('',(9.424777960769,176.57617013207));
#4384 = VECTOR('',#4385,1.);
#4385 = DIRECTION('',(-1.,0.));
#4386 = ( GEOMETRIC_REPRESENTATION_CONTEXT(2) 
PARAMETRIC_REPRESENTATION_CONTEXT() REPRESENTATION_CONTEXT('2D SPACE',''
  ) );
#4387 = FACE_BOUND('',#4388,.T.);
#4388 = EDGE_LOOP('',(#4389));
#4389 = ORIENTED_EDGE('',*,*,#4390,.F.);
#4390 = EDGE_CURVE('',#4391,#4391,#4393,.T.);
#4391 = VERTEX_POINT('',#4392);
#4392 = CARTESIAN_POINT('',(-64.69465587311,16.,17.49315331374));
#4393 = SURFACE_CURVE('',#4394,(#4399,#4406),.PCURVE_S1.);
#4394 = CIRCLE('',#4395,1.25);
#4395 = AXIS2_PLACEMENT_3D('',#4396,#4397,#4398);
#4396 = CARTESIAN_POINT('',(-64.71647138115,16.,16.243343694794));
#4397 = DIRECTION('',(-0.999847695156,0.,1.745240643728E-02));
#4398 = DIRECTION('',(1.745240643728E-02,0.,0.999847695156));
#4399 = PCURVE('',#2399,#4400);
#4400 = DEFINITIONAL_REPRESENTATION('',(#4401),#4405);
#4401 = CIRCLE('',#4402,1.25);
#4402 = AXIS2_PLACEMENT_2D('',#4403,#4404);
#4403 = CARTESIAN_POINT('',(-11.25837100964,-23.27630272807));
#4404 = DIRECTION('',(1.,0.));
#4405 = ( GEOMETRIC_REPRESENTATION_CONTEXT(2) 
PARAMETRIC_REPRESENTATION_CONTEXT() REPRESENTATION_CONTEXT('2D SPACE',''
  ) );
#4406 = PCURVE('',#4035,#4407);
#4407 = DEFINITIONAL_REPRESENTATION('',(#4408),#4412);
#4408 = LINE('',#4409,#4410);
#4409 = CARTESIAN_POINT('',(9.424777960769,176.57617013207));
#4410 = VECTOR('',#4411,1.);
#4411 = DIRECTION('',(-1.,0.));
#4412 = ( GEOMETRIC_REPRESENTATION_CONTEXT(2) 
PARAMETRIC_REPRESENTATION_CONTEXT() REPRESENTATION_CONTEXT('2D SPACE',''
  ) );
#4413 = FACE_BOUND('',#4414,.T.);
#4414 = EDGE_LOOP('',(#4415));
#4415 = ORIENTED_EDGE('',*,*,#4416,.F.);
#4416 = EDGE_CURVE('',#4417,#4417,#4419,.T.);
#4417 = VERTEX_POINT('',#4418);
#4418 = CARTESIAN_POINT('',(-64.69465587311,-16.,17.49315331374));
#4419 = SURFACE_CURVE('',#4420,(#4425,#4432),.PCURVE_S1.);
#4420 = CIRCLE('',#4421,1.25);
#4421 = AXIS2_PLACEMENT_3D('',#4422,#4423,#4424);
#4422 = CARTESIAN_POINT('',(-64.71647138115,-16.,16.243343694794));
#4423 = DIRECTION('',(-0.999847695156,0.,1.745240643728E-02));
#4424 = DIRECTION('',(1.745240643728E-02,0.,0.999847695156));
#4425 = PCURVE('',#2399,#4426);
#4426 = DEFINITIONAL_REPRESENTATION('',(#4427),#4431);
#4427 = CIRCLE('',#4428,1.25);
#4428 = AXIS2_PLACEMENT_2D('',#4429,#4430);
#4429 = CARTESIAN_POINT('',(-11.25837100964,-55.27630272807));
#4430 = DIRECTION('',(1.,0.));
#4431 = ( GEOMETRIC_REPRESENTATION_CONTEXT(2) 
PARAMETRIC_REPRESENTATION_CONTEXT() REPRESENTATION_CONTEXT('2D SPACE',''
  ) );
#4432 = PCURVE('',#4066,#4433);
#4433 = DEFINITIONAL_REPRESENTATION('',(#4434),#4438);
#4434 = LINE('',#4435,#4436);
#4435 = CARTESIAN_POINT('',(9.424777960769,176.57617013207));
#4436 = VECTOR('',#4437,1.);
#4437 = DIRECTION('',(-1.,0.));
#4438 = ( GEOMETRIC_REPRESENTATION_CONTEXT(2) 
PARAMETRIC_REPRESENTATION_CONTEXT() REPRESENTATION_CONTEXT('2D SPACE',''
  ) );
#4439 = FACE_BOUND('',#4440,.T.);
#4440 = EDGE_LOOP('',(#4441));
#4441 = ORIENTED_EDGE('',*,*,#4442,.F.);
#4442 = EDGE_CURVE('',#4443,#4443,#4445,.T.);
#4443 = VERTEX_POINT('',#4444);
#4444 = CARTESIAN_POINT('',(-64.13617886711,16.,49.488279558744));
#4445 = SURFACE_CURVE('',#4446,(#4451,#4458),.PCURVE_S1.);
#4446 = CIRCLE('',#4447,1.25);
#4447 = AXIS2_PLACEMENT_3D('',#4448,#4449,#4450);
#4448 = CARTESIAN_POINT('',(-64.15799437516,16.,48.238469939799));
#4449 = DIRECTION('',(-0.999847695156,0.,1.745240643728E-02));
#4450 = DIRECTION('',(1.745240643728E-02,0.,0.999847695156));
#4451 = PCURVE('',#2399,#4452);
#4452 = DEFINITIONAL_REPRESENTATION('',(#4453),#4457);
#4453 = CIRCLE('',#4454,1.25);
#4454 = AXIS2_PLACEMENT_2D('',#4455,#4456);
#4455 = CARTESIAN_POINT('',(20.741628990359,-23.27630272807));
#4456 = DIRECTION('',(1.,0.));
#4457 = ( GEOMETRIC_REPRESENTATION_CONTEXT(2) 
PARAMETRIC_REPRESENTATION_CONTEXT() REPRESENTATION_CONTEXT('2D SPACE',''
  ) );
#4458 = PCURVE('',#4097,#4459);
#4459 = DEFINITIONAL_REPRESENTATION('',(#4460),#4464);
#4460 = LINE('',#4461,#4462);
#4461 = CARTESIAN_POINT('',(9.424777960769,176.57617013207));
#4462 = VECTOR('',#4463,1.);
#4463 = DIRECTION('',(-1.,0.));
#4464 = ( GEOMETRIC_REPRESENTATION_CONTEXT(2) 
PARAMETRIC_REPRESENTATION_CONTEXT() REPRESENTATION_CONTEXT('2D SPACE',''
  ) );
#4465 = FACE_BOUND('',#4466,.T.);
#4466 = EDGE_LOOP('',(#4467));
#4467 = ORIENTED_EDGE('',*,*,#4468,.F.);
#4468 = EDGE_CURVE('',#4469,#4469,#4471,.T.);
#4469 = VERTEX_POINT('',#4470);
#4470 = CARTESIAN_POINT('',(-64.10563715585,-1.859372549819E-17,
    51.238013025268));
#4471 = SURFACE_CURVE('',#4472,(#4477,#4484),.PCURVE_S1.);
#4472 = CIRCLE('',#4473,19.);
#4473 = AXIS2_PLACEMENT_3D('',#4474,#4475,#4476);
#4474 = CARTESIAN_POINT('',(-64.43723287816,-1.859372549819E-17,
    32.240906817296));
#4475 = DIRECTION('',(-0.999847695156,0.,1.745240643728E-02));
#4476 = DIRECTION('',(1.745240643728E-02,0.,0.999847695156));
#4477 = PCURVE('',#2399,#4478);
#4478 = DEFINITIONAL_REPRESENTATION('',(#4479),#4483);
#4479 = CIRCLE('',#4480,19.);
#4480 = AXIS2_PLACEMENT_2D('',#4481,#4482);
#4481 = CARTESIAN_POINT('',(4.741628990359,-39.27630272807));
#4482 = DIRECTION('',(1.,0.));
#4483 = ( GEOMETRIC_REPRESENTATION_CONTEXT(2) 
PARAMETRIC_REPRESENTATION_CONTEXT() REPRESENTATION_CONTEXT('2D SPACE',''
  ) );
#4484 = PCURVE('',#4128,#4485);
#4485 = DEFINITIONAL_REPRESENTATION('',(#4486),#4490);
#4486 = LINE('',#4487,#4488);
#4487 = CARTESIAN_POINT('',(9.424777960769,166.57617013207));
#4488 = VECTOR('',#4489,1.);
#4489 = DIRECTION('',(-1.,0.));
#4490 = ( GEOMETRIC_REPRESENTATION_CONTEXT(2) 
PARAMETRIC_REPRESENTATION_CONTEXT() REPRESENTATION_CONTEXT('2D SPACE',''
  ) );
#4491 = FACE_BOUND('',#4492,.T.);
#4492 = EDGE_LOOP('',(#4493,#4518,#4539,#4540,#4563,#4586,#4607,#4608,
    #4636,#4664,#4690,#4691));
#4493 = ORIENTED_EDGE('',*,*,#4494,.T.);
#4494 = EDGE_CURVE('',#4495,#4497,#4499,.T.);
#4495 = VERTEX_POINT('',#4496);
#4496 = CARTESIAN_POINT('',(-64.81323080526,21.95,10.7));
#4497 = VERTEX_POINT('',#4498);
#4498 = CARTESIAN_POINT('',(-64.81323080526,-2.5,10.7));
#4499 = SURFACE_CURVE('',#4500,(#4504,#4511),.PCURVE_S1.);
#4500 = LINE('',#4501,#4502);
#4501 = CARTESIAN_POINT('',(-64.81323080526,39.276302728071,10.7));
#4502 = VECTOR('',#4503,1.);
#4503 = DIRECTION('',(0.,-1.,0.));
#4504 = PCURVE('',#2399,#4505);
#4505 = DEFINITIONAL_REPRESENTATION('',(#4506),#4510);
#4506 = LINE('',#4507,#4508);
#4507 = CARTESIAN_POINT('',(-16.80255911113,0.));
#4508 = VECTOR('',#4509,1.);
#4509 = DIRECTION('',(0.,-1.));
#4510 = ( GEOMETRIC_REPRESENTATION_CONTEXT(2) 
PARAMETRIC_REPRESENTATION_CONTEXT() REPRESENTATION_CONTEXT('2D SPACE',''
  ) );
#4511 = PCURVE('',#4181,#4512);
#4512 = DEFINITIONAL_REPRESENTATION('',(#4513),#4517);
#4513 = LINE('',#4514,#4515);
#4514 = CARTESIAN_POINT('',(-169.0235278443,22.276302728071));
#4515 = VECTOR('',#4516,1.);
#4516 = DIRECTION('',(-0.,-1.));
#4517 = ( GEOMETRIC_REPRESENTATION_CONTEXT(2) 
PARAMETRIC_REPRESENTATION_CONTEXT() REPRESENTATION_CONTEXT('2D SPACE',''
  ) );
#4518 = ORIENTED_EDGE('',*,*,#4519,.F.);
#4519 = EDGE_CURVE('',#2916,#4497,#4520,.T.);
#4520 = SURFACE_CURVE('',#4521,(#4525,#4532),.PCURVE_S1.);
#4521 = LINE('',#4522,#4523);
#4522 = CARTESIAN_POINT('',(-64.51998571447,-2.5,27.5));
#4523 = VECTOR('',#4524,1.);
#4524 = DIRECTION('',(1.745240643728E-02,6.0677163191E-17,0.999847695156
    ));
#4525 = PCURVE('',#2399,#4526);
#4526 = DEFINITIONAL_REPRESENTATION('',(#4527),#4531);
#4527 = LINE('',#4528,#4529);
#4528 = CARTESIAN_POINT('',(0.,-41.77630272807));
#4529 = VECTOR('',#4530,1.);
#4530 = DIRECTION('',(1.,6.0677163191E-17));
#4531 = ( GEOMETRIC_REPRESENTATION_CONTEXT(2) 
PARAMETRIC_REPRESENTATION_CONTEXT() REPRESENTATION_CONTEXT('2D SPACE',''
  ) );
#4532 = PCURVE('',#2961,#4533);
#4533 = DEFINITIONAL_REPRESENTATION('',(#4534),#4538);
#4534 = LINE('',#4535,#4536);
#4535 = CARTESIAN_POINT('',(169.21677293519,24.15));
#4536 = VECTOR('',#4537,1.);
#4537 = DIRECTION('',(1.745240643728E-02,0.999847695156));
#4538 = ( GEOMETRIC_REPRESENTATION_CONTEXT(2) 
PARAMETRIC_REPRESENTATION_CONTEXT() REPRESENTATION_CONTEXT('2D SPACE',''
  ) );
#4539 = ORIENTED_EDGE('',*,*,#2915,.T.);
#4540 = ORIENTED_EDGE('',*,*,#4541,.T.);
#4541 = EDGE_CURVE('',#2918,#4542,#4544,.T.);
#4542 = VERTEX_POINT('',#4543);
#4543 = CARTESIAN_POINT('',(-64.84988644161,-14.,8.6));
#4544 = SURFACE_CURVE('',#4545,(#4549,#4556),.PCURVE_S1.);
#4545 = LINE('',#4546,#4547);
#4546 = CARTESIAN_POINT('',(-64.51998571447,-14.,27.5));
#4547 = VECTOR('',#4548,1.);
#4548 = DIRECTION('',(1.745240643728E-02,-2.753109951094E-16,
    0.999847695156));
#4549 = PCURVE('',#2399,#4550);
#4550 = DEFINITIONAL_REPRESENTATION('',(#4551),#4555);
#4551 = LINE('',#4552,#4553);
#4552 = CARTESIAN_POINT('',(0.,-53.27630272807));
#4553 = VECTOR('',#4554,1.);
#4554 = DIRECTION('',(1.,-2.753109951094E-16));
#4555 = ( GEOMETRIC_REPRESENTATION_CONTEXT(2) 
PARAMETRIC_REPRESENTATION_CONTEXT() REPRESENTATION_CONTEXT('2D SPACE',''
  ) );
#4556 = PCURVE('',#3010,#4557);
#4557 = DEFINITIONAL_REPRESENTATION('',(#4558),#4562);
#4558 = LINE('',#4559,#4560);
#4559 = CARTESIAN_POINT('',(-25.2,110.01431536716));
#4560 = VECTOR('',#4561,1.);
#4561 = DIRECTION('',(-0.999847695156,1.745240643728E-02));
#4562 = ( GEOMETRIC_REPRESENTATION_CONTEXT(2) 
PARAMETRIC_REPRESENTATION_CONTEXT() REPRESENTATION_CONTEXT('2D SPACE',''
  ) );
#4563 = ORIENTED_EDGE('',*,*,#4564,.F.);
#4564 = EDGE_CURVE('',#4565,#4542,#4567,.T.);
#4565 = VERTEX_POINT('',#4566);
#4566 = CARTESIAN_POINT('',(-64.84988644161,-30.,8.6));
#4567 = SURFACE_CURVE('',#4568,(#4572,#4579),.PCURVE_S1.);
#4568 = LINE('',#4569,#4570);
#4569 = CARTESIAN_POINT('',(-64.84988644161,39.276302728071,8.6));
#4570 = VECTOR('',#4571,1.);
#4571 = DIRECTION('',(1.892481931605E-18,1.,1.084202172485E-16));
#4572 = PCURVE('',#2399,#4573);
#4573 = DEFINITIONAL_REPRESENTATION('',(#4574),#4578);
#4574 = LINE('',#4575,#4576);
#4575 = CARTESIAN_POINT('',(-18.90287900002,0.));
#4576 = VECTOR('',#4577,1.);
#4577 = DIRECTION('',(1.084367326882E-16,1.));
#4578 = ( GEOMETRIC_REPRESENTATION_CONTEXT(2) 
PARAMETRIC_REPRESENTATION_CONTEXT() REPRESENTATION_CONTEXT('2D SPACE',''
  ) );
#4579 = PCURVE('',#4327,#4580);
#4580 = DEFINITIONAL_REPRESENTATION('',(#4581),#4585);
#4581 = LINE('',#4582,#4583);
#4582 = CARTESIAN_POINT('',(-61.27630272807,109.68441464001));
#4583 = VECTOR('',#4584,1.);
#4584 = DIRECTION('',(-1.,1.892481931605E-18));
#4585 = ( GEOMETRIC_REPRESENTATION_CONTEXT(2) 
PARAMETRIC_REPRESENTATION_CONTEXT() REPRESENTATION_CONTEXT('2D SPACE',''
  ) );
#4586 = ORIENTED_EDGE('',*,*,#4587,.F.);
#4587 = EDGE_CURVE('',#2702,#4565,#4588,.T.);
#4588 = SURFACE_CURVE('',#4589,(#4593,#4600),.PCURVE_S1.);
#4589 = LINE('',#4590,#4591);
#4590 = CARTESIAN_POINT('',(-64.51998571447,-30.,27.5));
#4591 = VECTOR('',#4592,1.);
#4592 = DIRECTION('',(1.745240643728E-02,-2.753109951094E-16,
    0.999847695156));
#4593 = PCURVE('',#2399,#4594);
#4594 = DEFINITIONAL_REPRESENTATION('',(#4595),#4599);
#4595 = LINE('',#4596,#4597);
#4596 = CARTESIAN_POINT('',(0.,-69.27630272807));
#4597 = VECTOR('',#4598,1.);
#4598 = DIRECTION('',(1.,-2.753109951094E-16));
#4599 = ( GEOMETRIC_REPRESENTATION_CONTEXT(2) 
PARAMETRIC_REPRESENTATION_CONTEXT() REPRESENTATION_CONTEXT('2D SPACE',''
  ) );
#4600 = PCURVE('',#2740,#4601);
#4601 = DEFINITIONAL_REPRESENTATION('',(#4602),#4606);
#4602 = LINE('',#4603,#4604);
#4603 = CARTESIAN_POINT('',(-25.2,110.01431536716));
#4604 = VECTOR('',#4605,1.);
#4605 = DIRECTION('',(-0.999847695156,1.745240643728E-02));
#4606 = ( GEOMETRIC_REPRESENTATION_CONTEXT(2) 
PARAMETRIC_REPRESENTATION_CONTEXT() REPRESENTATION_CONTEXT('2D SPACE',''
  ) );
#4607 = ORIENTED_EDGE('',*,*,#2701,.T.);
#4608 = ORIENTED_EDGE('',*,*,#4609,.F.);
#4609 = EDGE_CURVE('',#4610,#2679,#4612,.T.);
#4610 = VERTEX_POINT('',#4611);
#4611 = CARTESIAN_POINT('',(-64.03997142894,-34.50083767664,
    54.999999999999));
#4612 = SURFACE_CURVE('',#4613,(#4617,#4624),.PCURVE_S1.);
#4613 = LINE('',#4614,#4615);
#4614 = CARTESIAN_POINT('',(-64.51998571447,-34.50083767664,27.5));
#4615 = VECTOR('',#4616,1.);
#4616 = DIRECTION('',(-1.745240643728E-02,0.,-0.999847695156));
#4617 = PCURVE('',#2399,#4618);
#4618 = DEFINITIONAL_REPRESENTATION('',(#4619),#4623);
#4619 = LINE('',#4620,#4621);
#4620 = CARTESIAN_POINT('',(0.,-73.77714040471));
#4621 = VECTOR('',#4622,1.);
#4622 = DIRECTION('',(-1.,0.));
#4623 = ( GEOMETRIC_REPRESENTATION_CONTEXT(2) 
PARAMETRIC_REPRESENTATION_CONTEXT() REPRESENTATION_CONTEXT('2D SPACE',''
  ) );
#4624 = PCURVE('',#4625,#4630);
#4625 = PLANE('',#4626);
#4626 = AXIS2_PLACEMENT_3D('',#4627,#4628,#4629);
#4627 = CARTESIAN_POINT('',(-59.27430272807,-34.50083767664,
    53.034906564073));
#4628 = DIRECTION('',(0.,1.,0.));
#4629 = DIRECTION('',(-1.,0.,0.));
#4630 = DEFINITIONAL_REPRESENTATION('',(#4631),#4635);
#4631 = LINE('',#4632,#4633);
#4632 = CARTESIAN_POINT('',(5.245682986403,-25.53490656407));
#4633 = VECTOR('',#4634,1.);
#4634 = DIRECTION('',(1.745240643728E-02,-0.999847695156));
#4635 = ( GEOMETRIC_REPRESENTATION_CONTEXT(2) 
PARAMETRIC_REPRESENTATION_CONTEXT() REPRESENTATION_CONTEXT('2D SPACE',''
  ) );
#4636 = ORIENTED_EDGE('',*,*,#4637,.F.);
#4637 = EDGE_CURVE('',#4638,#4610,#4640,.T.);
#4638 = VERTEX_POINT('',#4639);
#4639 = CARTESIAN_POINT('',(-64.03997142894,39.274302728071,
    54.999999999999));
#4640 = SURFACE_CURVE('',#4641,(#4645,#4652),.PCURVE_S1.);
#4641 = LINE('',#4642,#4643);
#4642 = CARTESIAN_POINT('',(-64.03997142894,39.276302728071,
    54.999999999999));
#4643 = VECTOR('',#4644,1.);
#4644 = DIRECTION('',(0.,-1.,0.));
#4645 = PCURVE('',#2399,#4646);
#4646 = DEFINITIONAL_REPRESENTATION('',(#4647),#4651);
#4647 = LINE('',#4648,#4649);
#4648 = CARTESIAN_POINT('',(27.504189021207,0.));
#4649 = VECTOR('',#4650,1.);
#4650 = DIRECTION('',(0.,-1.));
#4651 = ( GEOMETRIC_REPRESENTATION_CONTEXT(2) 
PARAMETRIC_REPRESENTATION_CONTEXT() REPRESENTATION_CONTEXT('2D SPACE',''
  ) );
#4652 = PCURVE('',#4653,#4658);
#4653 = PLANE('',#4654);
#4654 = AXIS2_PLACEMENT_3D('',#4655,#4656,#4657);
#4655 = CARTESIAN_POINT('',(-65.,39.276302728071,54.999999999999));
#4656 = DIRECTION('',(0.,0.,-1.));
#4657 = DIRECTION('',(-1.,0.,0.));
#4658 = DEFINITIONAL_REPRESENTATION('',(#4659),#4663);
#4659 = LINE('',#4660,#4661);
#4660 = CARTESIAN_POINT('',(-0.960028571052,0.));
#4661 = VECTOR('',#4662,1.);
#4662 = DIRECTION('',(0.,-1.));
#4663 = ( GEOMETRIC_REPRESENTATION_CONTEXT(2) 
PARAMETRIC_REPRESENTATION_CONTEXT() REPRESENTATION_CONTEXT('2D SPACE',''
  ) );
#4664 = ORIENTED_EDGE('',*,*,#4665,.T.);
#4665 = EDGE_CURVE('',#4638,#2384,#4666,.T.);
#4666 = SURFACE_CURVE('',#4667,(#4671,#4678),.PCURVE_S1.);
#4667 = LINE('',#4668,#4669);
#4668 = CARTESIAN_POINT('',(-64.51998571447,39.274302728071,27.5));
#4669 = VECTOR('',#4670,1.);
#4670 = DIRECTION('',(-1.745240643728E-02,0.,-0.999847695156));
#4671 = PCURVE('',#2399,#4672);
#4672 = DEFINITIONAL_REPRESENTATION('',(#4673),#4677);
#4673 = LINE('',#4674,#4675);
#4674 = CARTESIAN_POINT('',(0.,-2.000000000002E-03));
#4675 = VECTOR('',#4676,1.);
#4676 = DIRECTION('',(-1.,0.));
#4677 = ( GEOMETRIC_REPRESENTATION_CONTEXT(2) 
PARAMETRIC_REPRESENTATION_CONTEXT() REPRESENTATION_CONTEXT('2D SPACE',''
  ) );
#4678 = PCURVE('',#4679,#4684);
#4679 = PLANE('',#4680);
#4680 = AXIS2_PLACEMENT_3D('',#4681,#4682,#4683);
#4681 = CARTESIAN_POINT('',(-54.50083767664,39.274302728071,
    53.034906564073));
#4682 = DIRECTION('',(0.,1.,0.));
#4683 = DIRECTION('',(-1.,0.,0.));
#4684 = DEFINITIONAL_REPRESENTATION('',(#4685),#4689);
#4685 = LINE('',#4686,#4687);
#4686 = CARTESIAN_POINT('',(10.019148037834,-25.53490656407));
#4687 = VECTOR('',#4688,1.);
#4688 = DIRECTION('',(1.745240643728E-02,-0.999847695156));
#4689 = ( GEOMETRIC_REPRESENTATION_CONTEXT(2) 
PARAMETRIC_REPRESENTATION_CONTEXT() REPRESENTATION_CONTEXT('2D SPACE',''
  ) );
#4690 = ORIENTED_EDGE('',*,*,#2383,.T.);
#4691 = ORIENTED_EDGE('',*,*,#4692,.T.);
#4692 = EDGE_CURVE('',#2356,#4495,#4693,.T.);
#4693 = SURFACE_CURVE('',#4694,(#4698,#4705),.PCURVE_S1.);
#4694 = LINE('',#4695,#4696);
#4695 = CARTESIAN_POINT('',(-64.51998571447,21.95,27.5));
#4696 = VECTOR('',#4697,1.);
#4697 = DIRECTION('',(1.745240643728E-02,4.730303575858E-16,
    0.999847695156));
#4698 = PCURVE('',#2399,#4699);
#4699 = DEFINITIONAL_REPRESENTATION('',(#4700),#4704);
#4700 = LINE('',#4701,#4702);
#4701 = CARTESIAN_POINT('',(0.,-17.32630272807));
#4702 = VECTOR('',#4703,1.);
#4703 = DIRECTION('',(1.,4.730303575858E-16));
#4704 = ( GEOMETRIC_REPRESENTATION_CONTEXT(2) 
PARAMETRIC_REPRESENTATION_CONTEXT() REPRESENTATION_CONTEXT('2D SPACE',''
  ) );
#4705 = PCURVE('',#2371,#4706);
#4706 = DEFINITIONAL_REPRESENTATION('',(#4707),#4711);
#4707 = LINE('',#4708,#4709);
#4708 = CARTESIAN_POINT('',(-24.15,169.31677293519));
#4709 = VECTOR('',#4710,1.);
#4710 = DIRECTION('',(-0.999847695156,1.745240643728E-02));
#4711 = ( GEOMETRIC_REPRESENTATION_CONTEXT(2) 
PARAMETRIC_REPRESENTATION_CONTEXT() REPRESENTATION_CONTEXT('2D SPACE',''
  ) );
#4712 = ADVANCED_FACE('',(#4713,#4812),#4727,.F.);
#4713 = FACE_BOUND('',#4714,.T.);
#4714 = EDGE_LOOP('',(#4715,#4745,#4768,#4791));
#4715 = ORIENTED_EDGE('',*,*,#4716,.F.);
#4716 = EDGE_CURVE('',#4717,#4719,#4721,.T.);
#4717 = VERTEX_POINT('',#4718);
#4718 = CARTESIAN_POINT('',(-66.01239376583,46.012393765836,58.));
#4719 = VERTEX_POINT('',#4720);
#4720 = CARTESIAN_POINT('',(66.012393765836,46.012393765836,58.));
#4721 = SURFACE_CURVE('',#4722,(#4726,#4738),.PCURVE_S1.);
#4722 = LINE('',#4723,#4724);
#4723 = CARTESIAN_POINT('',(-65.002,46.012393765836,58.));
#4724 = VECTOR('',#4725,1.);
#4725 = DIRECTION('',(1.,0.,0.));
#4726 = PCURVE('',#4727,#4732);
#4727 = PLANE('',#4728);
#4728 = AXIS2_PLACEMENT_3D('',#4729,#4730,#4731);
#4729 = CARTESIAN_POINT('',(0.,-3.367778697655E-15,58.));
#4730 = DIRECTION('',(0.,6.123233995737E-17,-1.));
#4731 = DIRECTION('',(1.,0.,0.));
#4732 = DEFINITIONAL_REPRESENTATION('',(#4733),#4737);
#4733 = LINE('',#4734,#4735);
#4734 = CARTESIAN_POINT('',(-65.002,-46.01239376583));
#4735 = VECTOR('',#4736,1.);
#4736 = DIRECTION('',(1.,0.));
#4737 = ( GEOMETRIC_REPRESENTATION_CONTEXT(2) 
PARAMETRIC_REPRESENTATION_CONTEXT() REPRESENTATION_CONTEXT('2D SPACE',''
  ) );
#4738 = PCURVE('',#1901,#4739);
#4739 = DEFINITIONAL_REPRESENTATION('',(#4740),#4744);
#4740 = LINE('',#4741,#4742);
#4741 = CARTESIAN_POINT('',(29.004417513273,0.));
#4742 = VECTOR('',#4743,1.);
#4743 = DIRECTION('',(0.,1.));
#4744 = ( GEOMETRIC_REPRESENTATION_CONTEXT(2) 
PARAMETRIC_REPRESENTATION_CONTEXT() REPRESENTATION_CONTEXT('2D SPACE',''
  ) );
#4745 = ORIENTED_EDGE('',*,*,#4746,.T.);
#4746 = EDGE_CURVE('',#4717,#4747,#4749,.T.);
#4747 = VERTEX_POINT('',#4748);
#4748 = CARTESIAN_POINT('',(-66.01239376583,-46.01239376583,58.));
#4749 = SURFACE_CURVE('',#4750,(#4754,#4761),.PCURVE_S1.);
#4750 = LINE('',#4751,#4752);
#4751 = CARTESIAN_POINT('',(-66.01239376583,46.014393765836,58.));
#4752 = VECTOR('',#4753,1.);
#4753 = DIRECTION('',(0.,-1.,0.));
#4754 = PCURVE('',#4727,#4755);
#4755 = DEFINITIONAL_REPRESENTATION('',(#4756),#4760);
#4756 = LINE('',#4757,#4758);
#4757 = CARTESIAN_POINT('',(-66.01239376583,-46.01439376583));
#4758 = VECTOR('',#4759,1.);
#4759 = DIRECTION('',(0.,1.));
#4760 = ( GEOMETRIC_REPRESENTATION_CONTEXT(2) 
PARAMETRIC_REPRESENTATION_CONTEXT() REPRESENTATION_CONTEXT('2D SPACE',''
  ) );
#4761 = PCURVE('',#2427,#4762);
#4762 = DEFINITIONAL_REPRESENTATION('',(#4763),#4767);
#4763 = LINE('',#4764,#4765);
#4764 = CARTESIAN_POINT('',(-29.00441751327,0.));
#4765 = VECTOR('',#4766,1.);
#4766 = DIRECTION('',(0.,-1.));
#4767 = ( GEOMETRIC_REPRESENTATION_CONTEXT(2) 
PARAMETRIC_REPRESENTATION_CONTEXT() REPRESENTATION_CONTEXT('2D SPACE',''
  ) );
#4768 = ORIENTED_EDGE('',*,*,#4769,.T.);
#4769 = EDGE_CURVE('',#4747,#4770,#4772,.T.);
#4770 = VERTEX_POINT('',#4771);
#4771 = CARTESIAN_POINT('',(66.012393765836,-46.01239376583,58.));
#4772 = SURFACE_CURVE('',#4773,(#4777,#4784),.PCURVE_S1.);
#4773 = LINE('',#4774,#4775);
#4774 = CARTESIAN_POINT('',(-65.002,-46.01239376583,58.));
#4775 = VECTOR('',#4776,1.);
#4776 = DIRECTION('',(1.,0.,0.));
#4777 = PCURVE('',#4727,#4778);
#4778 = DEFINITIONAL_REPRESENTATION('',(#4779),#4783);
#4779 = LINE('',#4780,#4781);
#4780 = CARTESIAN_POINT('',(-65.002,46.012393765837));
#4781 = VECTOR('',#4782,1.);
#4782 = DIRECTION('',(1.,0.));
#4783 = ( GEOMETRIC_REPRESENTATION_CONTEXT(2) 
PARAMETRIC_REPRESENTATION_CONTEXT() REPRESENTATION_CONTEXT('2D SPACE',''
  ) );
#4784 = PCURVE('',#2008,#4785);
#4785 = DEFINITIONAL_REPRESENTATION('',(#4786),#4790);
#4786 = LINE('',#4787,#4788);
#4787 = CARTESIAN_POINT('',(29.004417513273,0.));
#4788 = VECTOR('',#4789,1.);
#4789 = DIRECTION('',(0.,1.));
#4790 = ( GEOMETRIC_REPRESENTATION_CONTEXT(2) 
PARAMETRIC_REPRESENTATION_CONTEXT() REPRESENTATION_CONTEXT('2D SPACE',''
  ) );
#4791 = ORIENTED_EDGE('',*,*,#4792,.F.);
#4792 = EDGE_CURVE('',#4719,#4770,#4793,.T.);
#4793 = SURFACE_CURVE('',#4794,(#4798,#4805),.PCURVE_S1.);
#4794 = LINE('',#4795,#4796);
#4795 = CARTESIAN_POINT('',(66.012393765836,46.014393765836,58.));
#4796 = VECTOR('',#4797,1.);
#4797 = DIRECTION('',(0.,-1.,0.));
#4798 = PCURVE('',#4727,#4799);
#4799 = DEFINITIONAL_REPRESENTATION('',(#4800),#4804);
#4800 = LINE('',#4801,#4802);
#4801 = CARTESIAN_POINT('',(66.012393765836,-46.01439376583));
#4802 = VECTOR('',#4803,1.);
#4803 = DIRECTION('',(0.,1.));
#4804 = ( GEOMETRIC_REPRESENTATION_CONTEXT(2) 
PARAMETRIC_REPRESENTATION_CONTEXT() REPRESENTATION_CONTEXT('2D SPACE',''
  ) );
#4805 = PCURVE('',#1929,#4806);
#4806 = DEFINITIONAL_REPRESENTATION('',(#4807),#4811);
#4807 = LINE('',#4808,#4809);
#4808 = CARTESIAN_POINT('',(-29.00441751327,0.));
#4809 = VECTOR('',#4810,1.);
#4810 = DIRECTION('',(-0.,-1.));
#4811 = ( GEOMETRIC_REPRESENTATION_CONTEXT(2) 
PARAMETRIC_REPRESENTATION_CONTEXT() REPRESENTATION_CONTEXT('2D SPACE',''
  ) );
#4812 = FACE_BOUND('',#4813,.T.);
#4813 = EDGE_LOOP('',(#4814,#4844,#4872,#4900));
#4814 = ORIENTED_EDGE('',*,*,#4815,.F.);
#4815 = EDGE_CURVE('',#4816,#4818,#4820,.T.);
#4816 = VERTEX_POINT('',#4817);
#4817 = CARTESIAN_POINT('',(37.274609119791,-17.27460911979,58.));
#4818 = VERTEX_POINT('',#4819);
#4819 = CARTESIAN_POINT('',(37.274609119791,17.274609119791,58.));
#4820 = SURFACE_CURVE('',#4821,(#4825,#4832),.PCURVE_S1.);
#4821 = LINE('',#4822,#4823);
#4822 = CARTESIAN_POINT('',(37.274609119791,-3.367778697655E-15,58.));
#4823 = VECTOR('',#4824,1.);
#4824 = DIRECTION('',(0.,1.,6.123233995737E-17));
#4825 = PCURVE('',#4727,#4826);
#4826 = DEFINITIONAL_REPRESENTATION('',(#4827),#4831);
#4827 = LINE('',#4828,#4829);
#4828 = CARTESIAN_POINT('',(37.274609119791,0.));
#4829 = VECTOR('',#4830,1.);
#4830 = DIRECTION('',(0.,-1.));
#4831 = ( GEOMETRIC_REPRESENTATION_CONTEXT(2) 
PARAMETRIC_REPRESENTATION_CONTEXT() REPRESENTATION_CONTEXT('2D SPACE',''
  ) );
#4832 = PCURVE('',#4833,#4838);
#4833 = PLANE('',#4834);
#4834 = AXIS2_PLACEMENT_3D('',#4835,#4836,#4837);
#4835 = CARTESIAN_POINT('',(37.274609119791,-1.142129466123E-13,
    -116.5343010816));
#4836 = DIRECTION('',(-1.,0.,0.));
#4837 = DIRECTION('',(0.,0.,1.));
#4838 = DEFINITIONAL_REPRESENTATION('',(#4839),#4843);
#4839 = LINE('',#4840,#4841);
#4840 = CARTESIAN_POINT('',(174.53430108163,1.108451679146E-13));
#4841 = VECTOR('',#4842,1.);
#4842 = DIRECTION('',(6.123233995737E-17,1.));
#4843 = ( GEOMETRIC_REPRESENTATION_CONTEXT(2) 
PARAMETRIC_REPRESENTATION_CONTEXT() REPRESENTATION_CONTEXT('2D SPACE',''
  ) );
#4844 = ORIENTED_EDGE('',*,*,#4845,.F.);
#4845 = EDGE_CURVE('',#4846,#4816,#4848,.T.);
#4846 = VERTEX_POINT('',#4847);
#4847 = CARTESIAN_POINT('',(-37.27460911979,-17.27460911979,58.));
#4848 = SURFACE_CURVE('',#4849,(#4853,#4860),.PCURVE_S1.);
#4849 = LINE('',#4850,#4851);
#4850 = CARTESIAN_POINT('',(0.,-17.27460911979,58.));
#4851 = VECTOR('',#4852,1.);
#4852 = DIRECTION('',(1.,0.,0.));
#4853 = PCURVE('',#4727,#4854);
#4854 = DEFINITIONAL_REPRESENTATION('',(#4855),#4859);
#4855 = LINE('',#4856,#4857);
#4856 = CARTESIAN_POINT('',(0.,17.274609119791));
#4857 = VECTOR('',#4858,1.);
#4858 = DIRECTION('',(1.,0.));
#4859 = ( GEOMETRIC_REPRESENTATION_CONTEXT(2) 
PARAMETRIC_REPRESENTATION_CONTEXT() REPRESENTATION_CONTEXT('2D SPACE',''
  ) );
#4860 = PCURVE('',#4861,#4866);
#4861 = PLANE('',#4862);
#4862 = AXIS2_PLACEMENT_3D('',#4863,#4864,#4865);
#4863 = CARTESIAN_POINT('',(-3.469446951954E-15,-17.27460911979,
    -116.5343010816));
#4864 = DIRECTION('',(0.,1.,6.123233995737E-17));
#4865 = DIRECTION('',(0.,-6.123233995737E-17,1.));
#4866 = DEFINITIONAL_REPRESENTATION('',(#4867),#4871);
#4867 = LINE('',#4868,#4869);
#4868 = CARTESIAN_POINT('',(174.53430108163,3.469446951954E-15));
#4869 = VECTOR('',#4870,1.);
#4870 = DIRECTION('',(0.,1.));
#4871 = ( GEOMETRIC_REPRESENTATION_CONTEXT(2) 
PARAMETRIC_REPRESENTATION_CONTEXT() REPRESENTATION_CONTEXT('2D SPACE',''
  ) );
#4872 = ORIENTED_EDGE('',*,*,#4873,.F.);
#4873 = EDGE_CURVE('',#4874,#4846,#4876,.T.);
#4874 = VERTEX_POINT('',#4875);
#4875 = CARTESIAN_POINT('',(-37.27460911979,17.274609119791,58.));
#4876 = SURFACE_CURVE('',#4877,(#4881,#4888),.PCURVE_S1.);
#4877 = LINE('',#4878,#4879);
#4878 = CARTESIAN_POINT('',(-37.27460911979,-3.367778697655E-15,58.));
#4879 = VECTOR('',#4880,1.);
#4880 = DIRECTION('',(0.,-1.,-6.123233995737E-17));
#4881 = PCURVE('',#4727,#4882);
#4882 = DEFINITIONAL_REPRESENTATION('',(#4883),#4887);
#4883 = LINE('',#4884,#4885);
#4884 = CARTESIAN_POINT('',(-37.27460911979,-0.));
#4885 = VECTOR('',#4886,1.);
#4886 = DIRECTION('',(0.,1.));
#4887 = ( GEOMETRIC_REPRESENTATION_CONTEXT(2) 
PARAMETRIC_REPRESENTATION_CONTEXT() REPRESENTATION_CONTEXT('2D SPACE',''
  ) );
#4888 = PCURVE('',#4889,#4894);
#4889 = PLANE('',#4890);
#4890 = AXIS2_PLACEMENT_3D('',#4891,#4892,#4893);
#4891 = CARTESIAN_POINT('',(-37.27460911979,-1.176823935642E-13,
    -116.5343010816));
#4892 = DIRECTION('',(1.,0.,0.));
#4893 = DIRECTION('',(0.,0.,-1.));
#4894 = DEFINITIONAL_REPRESENTATION('',(#4895),#4899);
#4895 = LINE('',#4896,#4897);
#4896 = CARTESIAN_POINT('',(-174.5343010816,1.143146148666E-13));
#4897 = VECTOR('',#4898,1.);
#4898 = DIRECTION('',(6.123233995737E-17,-1.));
#4899 = ( GEOMETRIC_REPRESENTATION_CONTEXT(2) 
PARAMETRIC_REPRESENTATION_CONTEXT() REPRESENTATION_CONTEXT('2D SPACE',''
  ) );
#4900 = ORIENTED_EDGE('',*,*,#4901,.F.);
#4901 = EDGE_CURVE('',#4818,#4874,#4902,.T.);
#4902 = SURFACE_CURVE('',#4903,(#4907,#4914),.PCURVE_S1.);
#4903 = LINE('',#4904,#4905);
#4904 = CARTESIAN_POINT('',(0.,17.274609119791,58.));
#4905 = VECTOR('',#4906,1.);
#4906 = DIRECTION('',(-1.,0.,0.));
#4907 = PCURVE('',#4727,#4908);
#4908 = DEFINITIONAL_REPRESENTATION('',(#4909),#4913);
#4909 = LINE('',#4910,#4911);
#4910 = CARTESIAN_POINT('',(0.,-17.27460911979));
#4911 = VECTOR('',#4912,1.);
#4912 = DIRECTION('',(-1.,-0.));
#4913 = ( GEOMETRIC_REPRESENTATION_CONTEXT(2) 
PARAMETRIC_REPRESENTATION_CONTEXT() REPRESENTATION_CONTEXT('2D SPACE',''
  ) );
#4914 = PCURVE('',#4915,#4920);
#4915 = PLANE('',#4916);
#4916 = AXIS2_PLACEMENT_3D('',#4917,#4918,#4919);
#4917 = CARTESIAN_POINT('',(0.,17.274609119791,-116.5343010816));
#4918 = DIRECTION('',(0.,-1.,-6.123233995737E-17));
#4919 = DIRECTION('',(0.,6.123233995737E-17,-1.));
#4920 = DEFINITIONAL_REPRESENTATION('',(#4921),#4925);
#4921 = LINE('',#4922,#4923);
#4922 = CARTESIAN_POINT('',(-174.5343010816,0.));
#4923 = VECTOR('',#4924,1.);
#4924 = DIRECTION('',(0.,-1.));
#4925 = ( GEOMETRIC_REPRESENTATION_CONTEXT(2) 
PARAMETRIC_REPRESENTATION_CONTEXT() REPRESENTATION_CONTEXT('2D SPACE',''
  ) );
#4926 = ADVANCED_FACE('',(#4927,#5150,#5368,#5586,#5804,#6159),#4941,.T.
  );
#4927 = FACE_BOUND('',#4928,.T.);
#4928 = EDGE_LOOP('',(#4929,#4963,#5016,#5038,#5066,#5124));
#4929 = ORIENTED_EDGE('',*,*,#4930,.F.);
#4930 = EDGE_CURVE('',#4931,#4933,#4935,.T.);
#4931 = VERTEX_POINT('',#4932);
#4932 = CARTESIAN_POINT('',(-53.57510996966,-37.07457865418,
    54.999999999999));
#4933 = VERTEX_POINT('',#4934);
#4934 = CARTESIAN_POINT('',(-54.12791854664,-37.07457865418,
    54.999999999999));
#4935 = SURFACE_CURVE('',#4936,(#4940,#4952),.PCURVE_S1.);
#4936 = LINE('',#4937,#4938);
#4937 = CARTESIAN_POINT('',(54.50083767664,-37.07457865418,
    54.999999999999));
#4938 = VECTOR('',#4939,1.);
#4939 = DIRECTION('',(-1.,0.,0.));
#4940 = PCURVE('',#4941,#4946);
#4941 = PLANE('',#4942);
#4942 = AXIS2_PLACEMENT_3D('',#4943,#4944,#4945);
#4943 = CARTESIAN_POINT('',(0.,-3.367778697655E-15,55.));
#4944 = DIRECTION('',(0.,6.123233995737E-17,-1.));
#4945 = DIRECTION('',(1.,0.,0.));
#4946 = DEFINITIONAL_REPRESENTATION('',(#4947),#4951);
#4947 = LINE('',#4948,#4949);
#4948 = CARTESIAN_POINT('',(54.50083767664,37.074578654182));
#4949 = VECTOR('',#4950,1.);
#4950 = DIRECTION('',(-1.,-0.));
#4951 = ( GEOMETRIC_REPRESENTATION_CONTEXT(2) 
PARAMETRIC_REPRESENTATION_CONTEXT() REPRESENTATION_CONTEXT('2D SPACE',''
  ) );
#4952 = PCURVE('',#4953,#4958);
#4953 = TOROIDAL_SURFACE('',#4954,3.496338688239,2.002502573822);
#4954 = AXIS2_PLACEMENT_3D('',#4955,#4956,#4957);
#4955 = CARTESIAN_POINT('',(-53.57449140497,-33.57273705874,
    52.998337408955));
#4956 = DIRECTION('',(8.93113360897E-05,5.574615876855E-05,
    -0.999999994458));
#4957 = DIRECTION('',(0.999999996012,-5.467663848976E-21,
    8.931133622847E-05));
#4958 = DEFINITIONAL_REPRESENTATION('',(#4959),#4962);
#4959 = B_SPLINE_CURVE_WITH_KNOTS('',1,(#4960,#4961),.UNSPECIFIED.,.F.,
  .F.,(2,2),(108.0759476463,108.62875622328),.PIECEWISE_BEZIER_KNOTS.);
#4960 = CARTESIAN_POINT('',(1.570921920009,4.715082144305));
#4961 = CARTESIAN_POINT('',(1.727493947149,4.736774176233));
#4962 = ( GEOMETRIC_REPRESENTATION_CONTEXT(2) 
PARAMETRIC_REPRESENTATION_CONTEXT() REPRESENTATION_CONTEXT('2D SPACE',''
  ) );
#4963 = ORIENTED_EDGE('',*,*,#4964,.F.);
#4964 = EDGE_CURVE('',#4965,#4931,#4967,.T.);
#4965 = VERTEX_POINT('',#4966);
#4966 = CARTESIAN_POINT('',(-57.07457865418,-33.57510966855,
    54.999999999999));
#4967 = SURFACE_CURVE('',#4968,(#4976,#4987),.PCURVE_S1.);
#4968 = B_SPLINE_CURVE_WITH_KNOTS('',3,(#4969,#4970,#4971,#4972,#4973,
    #4974,#4975),.UNSPECIFIED.,.F.,.F.,(4,1,1,1,4),(315.00872576033,
    337.50436288016,360.,382.49563711983,404.99127423966),
  .UNSPECIFIED.);
#4969 = CARTESIAN_POINT('',(-57.07457690271,-33.57510996966,55.));
#4970 = CARTESIAN_POINT('',(-57.07457690271,-33.98758890622,55.));
#4971 = CARTESIAN_POINT('',(-56.92510318567,-34.87860263168,55.));
#4972 = CARTESIAN_POINT('',(-56.12358067064,-36.12358067064,55.));
#4973 = CARTESIAN_POINT('',(-54.87860263168,-36.92510318567,55.));
#4974 = CARTESIAN_POINT('',(-53.98758890622,-37.07457690271,55.));
#4975 = CARTESIAN_POINT('',(-53.57510996966,-37.07457690271,55.));
#4976 = PCURVE('',#4941,#4977);
#4977 = DEFINITIONAL_REPRESENTATION('',(#4978),#4986);
#4978 = B_SPLINE_CURVE_WITH_KNOTS('',3,(#4979,#4980,#4981,#4982,#4983,
    #4984,#4985),.UNSPECIFIED.,.F.,.F.,(4,1,1,1,4),(315.00872576033,
    337.50436288016,360.,382.49563711983,404.99127423966),
  .UNSPECIFIED.);
#4979 = CARTESIAN_POINT('',(-57.07457690271,33.575109969669));
#4980 = CARTESIAN_POINT('',(-57.07457690271,33.987588906228));
#4981 = CARTESIAN_POINT('',(-56.92510318567,34.878602631681));
#4982 = CARTESIAN_POINT('',(-56.12358067064,36.123580670646));
#4983 = CARTESIAN_POINT('',(-54.87860263168,36.925103185676));
#4984 = CARTESIAN_POINT('',(-53.98758890622,37.074576902717));
#4985 = CARTESIAN_POINT('',(-53.57510996966,37.074576902717));
#4986 = ( GEOMETRIC_REPRESENTATION_CONTEXT(2) 
PARAMETRIC_REPRESENTATION_CONTEXT() REPRESENTATION_CONTEXT('2D SPACE',''
  ) );
#4987 = PCURVE('',#4953,#4988);
#4988 = DEFINITIONAL_REPRESENTATION('',(#4989),#5015);
#4989 = B_SPLINE_CURVE_WITH_KNOTS('',3,(#4990,#4991,#4992,#4993,#4994,
    #4995,#4996,#4997,#4998,#4999,#5000,#5001,#5002,#5003,#5004,#5005,
    #5006,#5007,#5008,#5009,#5010,#5011,#5012,#5013,#5014),
  .UNSPECIFIED.,.F.,.F.,(4,1,1,1,1,1,1,1,1,1,1,1,1,1,1,1,1,1,1,1,1,1,4),
  (315.00872576033,319.0988416003,323.18895744027,327.27907328024,
    331.36918912021,335.45930496018,339.54942080015,343.63953664012,
    347.72965248009,351.81976832006,355.90988416003,360.,364.09011583997
    ,368.18023167993,372.2703475199,376.36046335987,380.45057919984,
    384.54069503981,388.63081087978,392.72092671975,396.81104255972,
    400.90115839969,404.99127423966),.QUASI_UNIFORM_KNOTS.);
#4990 = CARTESIAN_POINT('',(3.140946548318,4.714171595338));
#4991 = CARTESIAN_POINT('',(3.119516349033,4.714186899416));
#4992 = CARTESIAN_POINT('',(3.076040795215,4.71419212087));
#4993 = CARTESIAN_POINT('',(3.009158635556,4.714194094588));
#4994 = CARTESIAN_POINT('',(2.940798071788,4.714302347726));
#4995 = CARTESIAN_POINT('',(2.871101270673,4.71448259132));
#4996 = CARTESIAN_POINT('',(2.800174008554,4.71464591423));
#4997 = CARTESIAN_POINT('',(2.728025282031,4.71454842909));
#4998 = CARTESIAN_POINT('',(2.654760901037,4.714291410812));
#4999 = CARTESIAN_POINT('',(2.580662789637,4.714214108545));
#5000 = CARTESIAN_POINT('',(2.505984963591,4.714391558825));
#5001 = CARTESIAN_POINT('',(2.430971337692,4.714746631074));
#5002 = CARTESIAN_POINT('',(2.355826310622,4.715029487196));
#5003 = CARTESIAN_POINT('',(2.280683263939,4.714843335907));
#5004 = CARTESIAN_POINT('',(2.205675722551,4.714584247531));
#5005 = CARTESIAN_POINT('',(2.131008101547,4.714501270325));
#5006 = CARTESIAN_POINT('',(2.056924179442,4.714670729967));
#5007 = CARTESIAN_POINT('',(1.983677697248,4.715016823294));
#5008 = CARTESIAN_POINT('',(1.91155012797,4.715199564465));
#5009 = CARTESIAN_POINT('',(1.840646936273,4.715117235222));
#5010 = CARTESIAN_POINT('',(1.770976922105,4.715013466366));
#5011 = CARTESIAN_POINT('',(1.702645554234,4.714976867661));
#5012 = CARTESIAN_POINT('',(1.635794637341,4.715041455416));
#5013 = CARTESIAN_POINT('',(1.592340977063,4.715077074425));
#5014 = CARTESIAN_POINT('',(1.570921920072,4.715081269392));
#5015 = ( GEOMETRIC_REPRESENTATION_CONTEXT(2) 
PARAMETRIC_REPRESENTATION_CONTEXT() REPRESENTATION_CONTEXT('2D SPACE',''
  ) );
#5016 = ORIENTED_EDGE('',*,*,#5017,.F.);
#5017 = EDGE_CURVE('',#5018,#4965,#5020,.T.);
#5018 = VERTEX_POINT('',#5019);
#5019 = CARTESIAN_POINT('',(-57.07457865418,-34.11053405758,
    54.999999999999));
#5020 = SURFACE_CURVE('',#5021,(#5025,#5032),.PCURVE_S1.);
#5021 = LINE('',#5022,#5023);
#5022 = CARTESIAN_POINT('',(-57.07457865418,-34.50083767664,
    54.999999999999));
#5023 = VECTOR('',#5024,1.);
#5024 = DIRECTION('',(0.,1.,6.123233995737E-17));
#5025 = PCURVE('',#4941,#5026);
#5026 = DEFINITIONAL_REPRESENTATION('',(#5027),#5031);
#5027 = LINE('',#5028,#5029);
#5028 = CARTESIAN_POINT('',(-57.07457865418,34.50083767664));
#5029 = VECTOR('',#5030,1.);
#5030 = DIRECTION('',(0.,-1.));
#5031 = ( GEOMETRIC_REPRESENTATION_CONTEXT(2) 
PARAMETRIC_REPRESENTATION_CONTEXT() REPRESENTATION_CONTEXT('2D SPACE',''
  ) );
#5032 = PCURVE('',#4953,#5033);
#5033 = DEFINITIONAL_REPRESENTATION('',(#5034),#5037);
#5034 = B_SPLINE_CURVE_WITH_KNOTS('',1,(#5035,#5036),.UNSPECIFIED.,.F.,
  .F.,(2,2),(0.390303619055,0.925728008081),.PIECEWISE_BEZIER_KNOTS.);
#5035 = CARTESIAN_POINT('',(2.989156035013,4.73467833259));
#5036 = CARTESIAN_POINT('',(3.140946634675,4.714172470106));
#5037 = ( GEOMETRIC_REPRESENTATION_CONTEXT(2) 
PARAMETRIC_REPRESENTATION_CONTEXT() REPRESENTATION_CONTEXT('2D SPACE',''
  ) );
#5038 = ORIENTED_EDGE('',*,*,#5039,.F.);
#5039 = EDGE_CURVE('',#5040,#5018,#5042,.T.);
#5040 = VERTEX_POINT('',#5041);
#5041 = CARTESIAN_POINT('',(-57.07457865418,-34.50083767664,
    54.999999999999));
#5042 = SURFACE_CURVE('',#5043,(#5047,#5054),.PCURVE_S1.);
#5043 = LINE('',#5044,#5045);
#5044 = CARTESIAN_POINT('',(-57.07457865418,-34.50083767664,
    54.999999999999));
#5045 = VECTOR('',#5046,1.);
#5046 = DIRECTION('',(0.,1.,6.123233995737E-17));
#5047 = PCURVE('',#4941,#5048);
#5048 = DEFINITIONAL_REPRESENTATION('',(#5049),#5053);
#5049 = LINE('',#5050,#5051);
#5050 = CARTESIAN_POINT('',(-57.07457865418,34.50083767664));
#5051 = VECTOR('',#5052,1.);
#5052 = DIRECTION('',(0.,-1.));
#5053 = ( GEOMETRIC_REPRESENTATION_CONTEXT(2) 
PARAMETRIC_REPRESENTATION_CONTEXT() REPRESENTATION_CONTEXT('2D SPACE',''
  ) );
#5054 = PCURVE('',#5055,#5060);
#5055 = PLANE('',#5056);
#5056 = AXIS2_PLACEMENT_3D('',#5057,#5058,#5059);
#5057 = CARTESIAN_POINT('',(-58.53728932709,-34.50083767664,27.5));
#5058 = DIRECTION('',(0.998588434074,3.252318909175E-18,
    -5.311439855865E-02));
#5059 = DIRECTION('',(-5.311439855865E-02,3.129636159629E-34,
    -0.998588434074));
#5060 = DEFINITIONAL_REPRESENTATION('',(#5061),#5065);
#5061 = LINE('',#5062,#5063);
#5062 = CARTESIAN_POINT('',(-27.53887293468,1.925929944387E-32));
#5063 = VECTOR('',#5064,1.);
#5064 = DIRECTION('',(-6.11459064727E-17,1.));
#5065 = ( GEOMETRIC_REPRESENTATION_CONTEXT(2) 
PARAMETRIC_REPRESENTATION_CONTEXT() REPRESENTATION_CONTEXT('2D SPACE',''
  ) );
#5066 = ORIENTED_EDGE('',*,*,#5067,.F.);
#5067 = EDGE_CURVE('',#5068,#5040,#5070,.T.);
#5068 = VERTEX_POINT('',#5069);
#5069 = CARTESIAN_POINT('',(-54.50083767664,-37.07457865418,
    54.999999999999));
#5070 = SURFACE_CURVE('',#5071,(#5082,#5096),.PCURVE_S1.);
#5071 = B_SPLINE_CURVE_WITH_KNOTS('',3,(#5072,#5073,#5074,#5075,#5076,
    #5077,#5078,#5079,#5080,#5081),.UNSPECIFIED.,.F.,.F.,(4,2,2,2,4),(
    0.639545593061,0.645074947746,0.650604302431,0.656133657116,
    0.661663011801),.UNSPECIFIED.);
#5072 = CARTESIAN_POINT('',(-54.50083767664,-37.07457865418,
    54.999999999999));
#5073 = CARTESIAN_POINT('',(-54.81201364547,-37.07457865418,
    54.999999999999));
#5074 = CARTESIAN_POINT('',(-55.16188071164,-37.01005965359,
    54.999999999999));
#5075 = CARTESIAN_POINT('',(-55.77335435176,-36.76230681218,
    54.999999999999));
#5076 = CARTESIAN_POINT('',(-56.0833602235,-36.55833770597,
    54.999999999999));
#5077 = CARTESIAN_POINT('',(-56.55833770596,-36.0833602235,
    54.999999999999));
#5078 = CARTESIAN_POINT('',(-56.76230681217,-35.77335435175,
    54.999999999999));
#5079 = CARTESIAN_POINT('',(-57.01005965359,-35.16188071165,
    54.999999999999));
#5080 = CARTESIAN_POINT('',(-57.07457865418,-34.81201364547,
    54.999999999999));
#5081 = CARTESIAN_POINT('',(-57.07457865418,-34.50083767664,
    54.999999999999));
#5082 = PCURVE('',#4941,#5083);
#5083 = DEFINITIONAL_REPRESENTATION('',(#5084),#5095);
#5084 = B_SPLINE_CURVE_WITH_KNOTS('',3,(#5085,#5086,#5087,#5088,#5089,
    #5090,#5091,#5092,#5093,#5094),.UNSPECIFIED.,.F.,.F.,(4,2,2,2,4),(
    0.639545593061,0.645074947746,0.650604302431,0.656133657116,
    0.661663011801),.UNSPECIFIED.);
#5085 = CARTESIAN_POINT('',(-54.50083767664,37.074578654182));
#5086 = CARTESIAN_POINT('',(-54.81201364547,37.074578654182));
#5087 = CARTESIAN_POINT('',(-55.16188071164,37.010059653591));
#5088 = CARTESIAN_POINT('',(-55.77335435176,36.762306812183));
#5089 = CARTESIAN_POINT('',(-56.0833602235,36.558337705971));
#5090 = CARTESIAN_POINT('',(-56.55833770596,36.0833602235));
#5091 = CARTESIAN_POINT('',(-56.76230681217,35.773354351752));
#5092 = CARTESIAN_POINT('',(-57.01005965359,35.161880711655));
#5093 = CARTESIAN_POINT('',(-57.07457865418,34.812013645472));
#5094 = CARTESIAN_POINT('',(-57.07457865418,34.50083767664));
#5095 = ( GEOMETRIC_REPRESENTATION_CONTEXT(2) 
PARAMETRIC_REPRESENTATION_CONTEXT() REPRESENTATION_CONTEXT('2D SPACE',''
  ) );
#5096 = PCURVE('',#5097,#5118);
#5097 = B_SPLINE_SURFACE_WITH_KNOTS('',1,3,(
    (#5098,#5099,#5100,#5101,#5102,#5103,#5104,#5105,#5106,#5107)
    ,(#5108,#5109,#5110,#5111,#5112,#5113,#5114,#5115,#5116,#5117
  )),.UNSPECIFIED.,.F.,.F.,.F.,(2,2),(4,2,2,2,4),(0.,6.963302571621E-04)
  ,(0.639545593061,0.645074947746,0.650604302431,0.656133657116,
    0.661663011801),.UNSPECIFIED.);
#5098 = CARTESIAN_POINT('',(-54.50083767664,-37.07457865418,
    54.999999999999));
#5099 = CARTESIAN_POINT('',(-54.81201364547,-37.07457865418,
    54.999999999999));
#5100 = CARTESIAN_POINT('',(-55.16188071164,-37.01005965359,
    54.999999999999));
#5101 = CARTESIAN_POINT('',(-55.77335435176,-36.76230681218,
    54.999999999999));
#5102 = CARTESIAN_POINT('',(-56.0833602235,-36.55833770597,
    54.999999999999));
#5103 = CARTESIAN_POINT('',(-56.55833770596,-36.0833602235,
    54.999999999999));
#5104 = CARTESIAN_POINT('',(-56.76230681217,-35.77335435175,
    54.999999999999));
#5105 = CARTESIAN_POINT('',(-57.01005965359,-35.16188071165,
    54.999999999999));
#5106 = CARTESIAN_POINT('',(-57.07457865418,-34.81201364547,
    54.999999999999));
#5107 = CARTESIAN_POINT('',(-57.07457865418,-34.50083767664,
    54.999999999999));
#5108 = CARTESIAN_POINT('',(-54.50083767664,-37.07661571358,
    54.961701835855));
#5109 = CARTESIAN_POINT('',(-54.81227260969,-37.07661571358,
    54.961701835855));
#5110 = CARTESIAN_POINT('',(-55.16239109739,-37.01205077486,
    54.961701835855));
#5111 = CARTESIAN_POINT('',(-55.77437388099,-36.76409164167,
    54.961701835855));
#5112 = CARTESIAN_POINT('',(-56.08460224652,-36.55997651997,
    54.961701835855));
#5113 = CARTESIAN_POINT('',(-56.55997651997,-36.08460224652,
    54.961701835855));
#5114 = CARTESIAN_POINT('',(-56.76409164166,-35.77437388098,
    54.961701835855));
#5115 = CARTESIAN_POINT('',(-57.01205077486,-35.1623910974,
    54.961701835855));
#5116 = CARTESIAN_POINT('',(-57.07661571358,-34.81227260969,
    54.961701835855));
#5117 = CARTESIAN_POINT('',(-57.07661571358,-34.50083767664,
    54.961701835855));
#5118 = DEFINITIONAL_REPRESENTATION('',(#5119),#5123);
#5119 = LINE('',#5120,#5121);
#5120 = CARTESIAN_POINT('',(-3.497388582884E-15,0.));
#5121 = VECTOR('',#5122,1.);
#5122 = DIRECTION('',(5.489510560727E-15,1.));
#5123 = ( GEOMETRIC_REPRESENTATION_CONTEXT(2) 
PARAMETRIC_REPRESENTATION_CONTEXT() REPRESENTATION_CONTEXT('2D SPACE',''
  ) );
#5124 = ORIENTED_EDGE('',*,*,#5125,.F.);
#5125 = EDGE_CURVE('',#4933,#5068,#5126,.T.);
#5126 = SURFACE_CURVE('',#5127,(#5131,#5138),.PCURVE_S1.);
#5127 = LINE('',#5128,#5129);
#5128 = CARTESIAN_POINT('',(54.50083767664,-37.07457865418,
    54.999999999999));
#5129 = VECTOR('',#5130,1.);
#5130 = DIRECTION('',(-1.,0.,0.));
#5131 = PCURVE('',#4941,#5132);
#5132 = DEFINITIONAL_REPRESENTATION('',(#5133),#5137);
#5133 = LINE('',#5134,#5135);
#5134 = CARTESIAN_POINT('',(54.50083767664,37.074578654182));
#5135 = VECTOR('',#5136,1.);
#5136 = DIRECTION('',(-1.,-0.));
#5137 = ( GEOMETRIC_REPRESENTATION_CONTEXT(2) 
PARAMETRIC_REPRESENTATION_CONTEXT() REPRESENTATION_CONTEXT('2D SPACE',''
  ) );
#5138 = PCURVE('',#5139,#5144);
#5139 = PLANE('',#5140);
#5140 = AXIS2_PLACEMENT_3D('',#5141,#5142,#5143);
#5141 = CARTESIAN_POINT('',(54.50083767664,-38.53728932709,27.5));
#5142 = DIRECTION('',(0.,0.998588434074,-5.311439855865E-02));
#5143 = DIRECTION('',(0.,5.311439855865E-02,0.998588434074));
#5144 = DEFINITIONAL_REPRESENTATION('',(#5145),#5149);
#5145 = LINE('',#5146,#5147);
#5146 = CARTESIAN_POINT('',(27.538872934683,0.));
#5147 = VECTOR('',#5148,1.);
#5148 = DIRECTION('',(0.,-1.));
#5149 = ( GEOMETRIC_REPRESENTATION_CONTEXT(2) 
PARAMETRIC_REPRESENTATION_CONTEXT() REPRESENTATION_CONTEXT('2D SPACE',''
  ) );
#5150 = FACE_BOUND('',#5151,.T.);
#5151 = EDGE_LOOP('',(#5152,#5181,#5234,#5256,#5284,#5342));
#5152 = ORIENTED_EDGE('',*,*,#5153,.F.);
#5153 = EDGE_CURVE('',#5154,#5156,#5158,.T.);
#5154 = VERTEX_POINT('',#5155);
#5155 = CARTESIAN_POINT('',(-57.07457865418,33.575109969669,
    54.999999999999));
#5156 = VERTEX_POINT('',#5157);
#5157 = CARTESIAN_POINT('',(-57.07457865418,34.110534057552,
    54.999999999999));
#5158 = SURFACE_CURVE('',#5159,(#5163,#5170),.PCURVE_S1.);
#5159 = LINE('',#5160,#5161);
#5160 = CARTESIAN_POINT('',(-57.07457865418,-34.50083767664,
    54.999999999999));
#5161 = VECTOR('',#5162,1.);
#5162 = DIRECTION('',(0.,1.,6.123233995737E-17));
#5163 = PCURVE('',#4941,#5164);
#5164 = DEFINITIONAL_REPRESENTATION('',(#5165),#5169);
#5165 = LINE('',#5166,#5167);
#5166 = CARTESIAN_POINT('',(-57.07457865418,34.50083767664));
#5167 = VECTOR('',#5168,1.);
#5168 = DIRECTION('',(0.,-1.));
#5169 = ( GEOMETRIC_REPRESENTATION_CONTEXT(2) 
PARAMETRIC_REPRESENTATION_CONTEXT() REPRESENTATION_CONTEXT('2D SPACE',''
  ) );
#5170 = PCURVE('',#5171,#5176);
#5171 = TOROIDAL_SURFACE('',#5172,3.49633868825,2.002502573822);
#5172 = AXIS2_PLACEMENT_3D('',#5173,#5174,#5175);
#5173 = CARTESIAN_POINT('',(-53.57449140496,33.572737058739,
    52.998337408943));
#5174 = DIRECTION('',(8.931133292043E-05,-5.574615628358E-05,
    -0.999999994458));
#5175 = DIRECTION('',(0.999999996012,-5.470972571426E-21,
    8.931133305921E-05));
#5176 = DEFINITIONAL_REPRESENTATION('',(#5177),#5180);
#5177 = B_SPLINE_CURVE_WITH_KNOTS('',1,(#5178,#5179),.UNSPECIFIED.,.F.,
  .F.,(2,2),(68.075947646309,68.611371734191),.PIECEWISE_BEZIER_KNOTS.);
#5178 = CARTESIAN_POINT('',(3.142238758542,4.714172470206));
#5179 = CARTESIAN_POINT('',(3.29402927216,4.734678332591));
#5180 = ( GEOMETRIC_REPRESENTATION_CONTEXT(2) 
PARAMETRIC_REPRESENTATION_CONTEXT() REPRESENTATION_CONTEXT('2D SPACE',''
  ) );
#5181 = ORIENTED_EDGE('',*,*,#5182,.F.);
#5182 = EDGE_CURVE('',#5183,#5154,#5185,.T.);
#5183 = VERTEX_POINT('',#5184);
#5184 = CARTESIAN_POINT('',(-53.57510966855,37.074578654182,
    54.999999999999));
#5185 = SURFACE_CURVE('',#5186,(#5194,#5205),.PCURVE_S1.);
#5186 = B_SPLINE_CURVE_WITH_KNOTS('',3,(#5187,#5188,#5189,#5190,#5191,
    #5192,#5193),.UNSPECIFIED.,.F.,.F.,(4,1,1,1,4),(315.00872576033,
    337.50436288016,360.,382.49563711983,404.99127423966),
  .UNSPECIFIED.);
#5187 = CARTESIAN_POINT('',(-53.57510996966,37.074576902717,55.));
#5188 = CARTESIAN_POINT('',(-53.98758890622,37.074576902717,55.));
#5189 = CARTESIAN_POINT('',(-54.87860263168,36.925103185676,55.));
#5190 = CARTESIAN_POINT('',(-56.12358067064,36.123580670646,55.));
#5191 = CARTESIAN_POINT('',(-56.92510318567,34.878602631681,55.));
#5192 = CARTESIAN_POINT('',(-57.07457690271,33.987588906228,55.));
#5193 = CARTESIAN_POINT('',(-57.07457690271,33.575109969669,55.));
#5194 = PCURVE('',#4941,#5195);
#5195 = DEFINITIONAL_REPRESENTATION('',(#5196),#5204);
#5196 = B_SPLINE_CURVE_WITH_KNOTS('',3,(#5197,#5198,#5199,#5200,#5201,
    #5202,#5203),.UNSPECIFIED.,.F.,.F.,(4,1,1,1,4),(315.00872576033,
    337.50436288016,360.,382.49563711983,404.99127423966),
  .UNSPECIFIED.);
#5197 = CARTESIAN_POINT('',(-53.57510996966,-37.07457690271));
#5198 = CARTESIAN_POINT('',(-53.98758890622,-37.07457690271));
#5199 = CARTESIAN_POINT('',(-54.87860263168,-36.92510318567));
#5200 = CARTESIAN_POINT('',(-56.12358067064,-36.12358067064));
#5201 = CARTESIAN_POINT('',(-56.92510318567,-34.87860263168));
#5202 = CARTESIAN_POINT('',(-57.07457690271,-33.98758890622));
#5203 = CARTESIAN_POINT('',(-57.07457690271,-33.57510996966));
#5204 = ( GEOMETRIC_REPRESENTATION_CONTEXT(2) 
PARAMETRIC_REPRESENTATION_CONTEXT() REPRESENTATION_CONTEXT('2D SPACE',''
  ) );
#5205 = PCURVE('',#5171,#5206);
#5206 = DEFINITIONAL_REPRESENTATION('',(#5207),#5233);
#5207 = B_SPLINE_CURVE_WITH_KNOTS('',3,(#5208,#5209,#5210,#5211,#5212,
    #5213,#5214,#5215,#5216,#5217,#5218,#5219,#5220,#5221,#5222,#5223,
    #5224,#5225,#5226,#5227,#5228,#5229,#5230,#5231,#5232),
  .UNSPECIFIED.,.F.,.F.,(4,1,1,1,1,1,1,1,1,1,1,1,1,1,1,1,1,1,1,1,1,1,4),
  (315.00872576033,319.0988416003,323.18895744027,327.27907328024,
    331.36918912021,335.45930496018,339.54942080015,343.63953664012,
    347.72965248009,351.81976832006,355.90988416003,360.,364.09011583997
    ,368.18023167993,372.2703475199,376.36046335987,380.45057919984,
    384.54069503981,388.63081087978,392.72092671975,396.81104255972,
    400.90115839969,404.99127423966),.QUASI_UNIFORM_KNOTS.);
#5208 = CARTESIAN_POINT('',(4.712263387103,4.715081269393));
#5209 = CARTESIAN_POINT('',(4.690844330112,4.715077074426));
#5210 = CARTESIAN_POINT('',(4.647390669834,4.715041455418));
#5211 = CARTESIAN_POINT('',(4.580539752941,4.714976867663));
#5212 = CARTESIAN_POINT('',(4.512208385071,4.715013466368));
#5213 = CARTESIAN_POINT('',(4.442538370903,4.715117235225));
#5214 = CARTESIAN_POINT('',(4.371635179207,4.715199564469));
#5215 = CARTESIAN_POINT('',(4.299507609929,4.715016823297));
#5216 = CARTESIAN_POINT('',(4.226261127735,4.714670729971));
#5217 = CARTESIAN_POINT('',(4.15217720563,4.714501270329));
#5218 = CARTESIAN_POINT('',(4.077509584627,4.714584247535));
#5219 = CARTESIAN_POINT('',(4.002502043239,4.714843335912));
#5220 = CARTESIAN_POINT('',(3.927358996557,4.7150294872));
#5221 = CARTESIAN_POINT('',(3.852213969488,4.714746631078));
#5222 = CARTESIAN_POINT('',(3.777200343588,4.71439155883));
#5223 = CARTESIAN_POINT('',(3.702522517543,4.71421410855));
#5224 = CARTESIAN_POINT('',(3.628424406144,4.714291410817));
#5225 = CARTESIAN_POINT('',(3.55516002515,4.714548429094));
#5226 = CARTESIAN_POINT('',(3.483011298627,4.714645914234));
#5227 = CARTESIAN_POINT('',(3.412084036509,4.714482591324));
#5228 = CARTESIAN_POINT('',(3.342387235394,4.71430234773));
#5229 = CARTESIAN_POINT('',(3.274026671627,4.714194094591));
#5230 = CARTESIAN_POINT('',(3.207144511968,4.714192120873));
#5231 = CARTESIAN_POINT('',(3.163668958151,4.714186899418));
#5232 = CARTESIAN_POINT('',(3.142238758865,4.71417159534));
#5233 = ( GEOMETRIC_REPRESENTATION_CONTEXT(2) 
PARAMETRIC_REPRESENTATION_CONTEXT() REPRESENTATION_CONTEXT('2D SPACE',''
  ) );
#5234 = ORIENTED_EDGE('',*,*,#5235,.F.);
#5235 = EDGE_CURVE('',#5236,#5183,#5238,.T.);
#5236 = VERTEX_POINT('',#5237);
#5237 = CARTESIAN_POINT('',(-54.12791854613,37.074578654182,
    54.999999999999));
#5238 = SURFACE_CURVE('',#5239,(#5243,#5250),.PCURVE_S1.);
#5239 = LINE('',#5240,#5241);
#5240 = CARTESIAN_POINT('',(-54.50083767664,37.074578654182,
    54.999999999999));
#5241 = VECTOR('',#5242,1.);
#5242 = DIRECTION('',(1.,0.,0.));
#5243 = PCURVE('',#4941,#5244);
#5244 = DEFINITIONAL_REPRESENTATION('',(#5245),#5249);
#5245 = LINE('',#5246,#5247);
#5246 = CARTESIAN_POINT('',(-54.50083767664,-37.07457865418));
#5247 = VECTOR('',#5248,1.);
#5248 = DIRECTION('',(1.,0.));
#5249 = ( GEOMETRIC_REPRESENTATION_CONTEXT(2) 
PARAMETRIC_REPRESENTATION_CONTEXT() REPRESENTATION_CONTEXT('2D SPACE',''
  ) );
#5250 = PCURVE('',#5171,#5251);
#5251 = DEFINITIONAL_REPRESENTATION('',(#5252),#5255);
#5252 = B_SPLINE_CURVE_WITH_KNOTS('',1,(#5253,#5254),.UNSPECIFIED.,.F.,
  .F.,(2,2),(0.372919130506,0.925728008081),.PIECEWISE_BEZIER_KNOTS.);
#5253 = CARTESIAN_POINT('',(4.555691360169,4.736774176195));
#5254 = CARTESIAN_POINT('',(4.712263473155,4.715082144287));
#5255 = ( GEOMETRIC_REPRESENTATION_CONTEXT(2) 
PARAMETRIC_REPRESENTATION_CONTEXT() REPRESENTATION_CONTEXT('2D SPACE',''
  ) );
#5256 = ORIENTED_EDGE('',*,*,#5257,.F.);
#5257 = EDGE_CURVE('',#5258,#5236,#5260,.T.);
#5258 = VERTEX_POINT('',#5259);
#5259 = CARTESIAN_POINT('',(-54.50083767664,37.074578654182,
    54.999999999999));
#5260 = SURFACE_CURVE('',#5261,(#5265,#5272),.PCURVE_S1.);
#5261 = LINE('',#5262,#5263);
#5262 = CARTESIAN_POINT('',(-54.50083767664,37.074578654182,
    54.999999999999));
#5263 = VECTOR('',#5264,1.);
#5264 = DIRECTION('',(1.,0.,0.));
#5265 = PCURVE('',#4941,#5266);
#5266 = DEFINITIONAL_REPRESENTATION('',(#5267),#5271);
#5267 = LINE('',#5268,#5269);
#5268 = CARTESIAN_POINT('',(-54.50083767664,-37.07457865418));
#5269 = VECTOR('',#5270,1.);
#5270 = DIRECTION('',(1.,0.));
#5271 = ( GEOMETRIC_REPRESENTATION_CONTEXT(2) 
PARAMETRIC_REPRESENTATION_CONTEXT() REPRESENTATION_CONTEXT('2D SPACE',''
  ) );
#5272 = PCURVE('',#5273,#5278);
#5273 = PLANE('',#5274);
#5274 = AXIS2_PLACEMENT_3D('',#5275,#5276,#5277);
#5275 = CARTESIAN_POINT('',(-54.50083767664,38.537289327091,27.5));
#5276 = DIRECTION('',(0.,-0.998588434074,-5.311439855866E-02));
#5277 = DIRECTION('',(0.,5.311439855866E-02,-0.998588434074));
#5278 = DEFINITIONAL_REPRESENTATION('',(#5279),#5283);
#5279 = LINE('',#5280,#5281);
#5280 = CARTESIAN_POINT('',(-27.53887293468,0.));
#5281 = VECTOR('',#5282,1.);
#5282 = DIRECTION('',(0.,1.));
#5283 = ( GEOMETRIC_REPRESENTATION_CONTEXT(2) 
PARAMETRIC_REPRESENTATION_CONTEXT() REPRESENTATION_CONTEXT('2D SPACE',''
  ) );
#5284 = ORIENTED_EDGE('',*,*,#5285,.F.);
#5285 = EDGE_CURVE('',#5286,#5258,#5288,.T.);
#5286 = VERTEX_POINT('',#5287);
#5287 = CARTESIAN_POINT('',(-57.07457865418,34.50083767664,
    54.999999999999));
#5288 = SURFACE_CURVE('',#5289,(#5300,#5314),.PCURVE_S1.);
#5289 = B_SPLINE_CURVE_WITH_KNOTS('',3,(#5290,#5291,#5292,#5293,#5294,
    #5295,#5296,#5297,#5298,#5299),.UNSPECIFIED.,.F.,.F.,(4,2,2,2,4),(
    0.838336988199,0.843866342884,0.849395697569,0.854925052254,
    0.860454406939),.UNSPECIFIED.);
#5290 = CARTESIAN_POINT('',(-57.07457865418,34.50083767664,
    54.999999999999));
#5291 = CARTESIAN_POINT('',(-57.07457865418,34.812013645483,
    54.999999999999));
#5292 = CARTESIAN_POINT('',(-57.01005965359,35.16188071164,
    54.999999999999));
#5293 = CARTESIAN_POINT('',(-56.76230681217,35.773354351767,
    54.999999999999));
#5294 = CARTESIAN_POINT('',(-56.55833770596,36.083360223505,
    54.999999999999));
#5295 = CARTESIAN_POINT('',(-56.0833602235,36.558337705966,
    54.999999999999));
#5296 = CARTESIAN_POINT('',(-55.77335435175,36.762306812175,
    54.999999999999));
#5297 = CARTESIAN_POINT('',(-55.16188071164,37.010059653598,
    54.999999999999));
#5298 = CARTESIAN_POINT('',(-54.81201364547,37.074578654182,
    54.999999999999));
#5299 = CARTESIAN_POINT('',(-54.50083767664,37.074578654182,
    54.999999999999));
#5300 = PCURVE('',#4941,#5301);
#5301 = DEFINITIONAL_REPRESENTATION('',(#5302),#5313);
#5302 = B_SPLINE_CURVE_WITH_KNOTS('',3,(#5303,#5304,#5305,#5306,#5307,
    #5308,#5309,#5310,#5311,#5312),.UNSPECIFIED.,.F.,.F.,(4,2,2,2,4),(
    0.838336988199,0.843866342884,0.849395697569,0.854925052254,
    0.860454406939),.UNSPECIFIED.);
#5303 = CARTESIAN_POINT('',(-57.07457865418,-34.50083767664));
#5304 = CARTESIAN_POINT('',(-57.07457865418,-34.81201364548));
#5305 = CARTESIAN_POINT('',(-57.01005965359,-35.16188071164));
#5306 = CARTESIAN_POINT('',(-56.76230681217,-35.77335435176));
#5307 = CARTESIAN_POINT('',(-56.55833770596,-36.0833602235));
#5308 = CARTESIAN_POINT('',(-56.0833602235,-36.55833770596));
#5309 = CARTESIAN_POINT('',(-55.77335435175,-36.76230681217));
#5310 = CARTESIAN_POINT('',(-55.16188071164,-37.01005965359));
#5311 = CARTESIAN_POINT('',(-54.81201364547,-37.07457865418));
#5312 = CARTESIAN_POINT('',(-54.50083767664,-37.07457865418));
#5313 = ( GEOMETRIC_REPRESENTATION_CONTEXT(2) 
PARAMETRIC_REPRESENTATION_CONTEXT() REPRESENTATION_CONTEXT('2D SPACE',''
  ) );
#5314 = PCURVE('',#5315,#5336);
#5315 = B_SPLINE_SURFACE_WITH_KNOTS('',1,3,(
    (#5316,#5317,#5318,#5319,#5320,#5321,#5322,#5323,#5324,#5325)
    ,(#5326,#5327,#5328,#5329,#5330,#5331,#5332,#5333,#5334,#5335
  )),.UNSPECIFIED.,.F.,.F.,.F.,(2,2),(4,2,2,2,4),(0.,6.962765332456E-04)
  ,(0.838336988199,0.843866342884,0.849395697569,0.854925052254,
    0.860454406939),.UNSPECIFIED.);
#5316 = CARTESIAN_POINT('',(-57.07457865418,34.50083767664,
    54.999999999999));
#5317 = CARTESIAN_POINT('',(-57.07457865418,34.812013645483,
    54.999999999999));
#5318 = CARTESIAN_POINT('',(-57.01005965359,35.16188071164,
    54.999999999999));
#5319 = CARTESIAN_POINT('',(-56.76230681217,35.773354351767,
    54.999999999999));
#5320 = CARTESIAN_POINT('',(-56.55833770596,36.083360223505,
    54.999999999999));
#5321 = CARTESIAN_POINT('',(-56.0833602235,36.558337705966,
    54.999999999999));
#5322 = CARTESIAN_POINT('',(-55.77335435175,36.762306812175,
    54.999999999999));
#5323 = CARTESIAN_POINT('',(-55.16188071164,37.010059653598,
    54.999999999999));
#5324 = CARTESIAN_POINT('',(-54.81201364547,37.074578654182,
    54.999999999999));
#5325 = CARTESIAN_POINT('',(-54.50083767664,37.074578654182,
    54.999999999999));
#5326 = CARTESIAN_POINT('',(-57.07661555641,34.50083767664,
    54.961704790671));
#5327 = CARTESIAN_POINT('',(-57.07661555641,34.812272589722,
    54.961704790671));
#5328 = CARTESIAN_POINT('',(-57.01205062124,35.16239105801,
    54.961704790671));
#5329 = CARTESIAN_POINT('',(-56.76409150395,35.774373802341,
    54.961704790671));
#5330 = CARTESIAN_POINT('',(-56.55997639353,36.084602150699,
    54.961704790671));
#5331 = CARTESIAN_POINT('',(-56.08460215069,36.559976393535,
    54.961704790671));
#5332 = CARTESIAN_POINT('',(-55.77437380233,36.764091503958,
    54.961704790671));
#5333 = CARTESIAN_POINT('',(-55.16239105801,37.012050621247,
    54.961704790671));
#5334 = CARTESIAN_POINT('',(-54.81227258971,37.076615556415,
    54.961704790671));
#5335 = CARTESIAN_POINT('',(-54.50083767664,37.076615556415,
    54.961704790671));
#5336 = DEFINITIONAL_REPRESENTATION('',(#5337),#5341);
#5337 = LINE('',#5338,#5339);
#5338 = CARTESIAN_POINT('',(-1.102167599557E-15,0.));
#5339 = VECTOR('',#5340,1.);
#5340 = DIRECTION('',(1.224632168423E-15,1.));
#5341 = ( GEOMETRIC_REPRESENTATION_CONTEXT(2) 
PARAMETRIC_REPRESENTATION_CONTEXT() REPRESENTATION_CONTEXT('2D SPACE',''
  ) );
#5342 = ORIENTED_EDGE('',*,*,#5343,.F.);
#5343 = EDGE_CURVE('',#5156,#5286,#5344,.T.);
#5344 = SURFACE_CURVE('',#5345,(#5349,#5356),.PCURVE_S1.);
#5345 = LINE('',#5346,#5347);
#5346 = CARTESIAN_POINT('',(-57.07457865418,-34.50083767664,
    54.999999999999));
#5347 = VECTOR('',#5348,1.);
#5348 = DIRECTION('',(0.,1.,6.123233995737E-17));
#5349 = PCURVE('',#4941,#5350);
#5350 = DEFINITIONAL_REPRESENTATION('',(#5351),#5355);
#5351 = LINE('',#5352,#5353);
#5352 = CARTESIAN_POINT('',(-57.07457865418,34.50083767664));
#5353 = VECTOR('',#5354,1.);
#5354 = DIRECTION('',(0.,-1.));
#5355 = ( GEOMETRIC_REPRESENTATION_CONTEXT(2) 
PARAMETRIC_REPRESENTATION_CONTEXT() REPRESENTATION_CONTEXT('2D SPACE',''
  ) );
#5356 = PCURVE('',#5357,#5362);
#5357 = PLANE('',#5358);
#5358 = AXIS2_PLACEMENT_3D('',#5359,#5360,#5361);
#5359 = CARTESIAN_POINT('',(-58.53728932709,-34.50083767664,27.5));
#5360 = DIRECTION('',(0.998588434074,3.252318909175E-18,
    -5.311439855865E-02));
#5361 = DIRECTION('',(-5.311439855865E-02,3.129636159629E-34,
    -0.998588434074));
#5362 = DEFINITIONAL_REPRESENTATION('',(#5363),#5367);
#5363 = LINE('',#5364,#5365);
#5364 = CARTESIAN_POINT('',(-27.53887293468,1.925929944387E-32));
#5365 = VECTOR('',#5366,1.);
#5366 = DIRECTION('',(-6.11459064727E-17,1.));
#5367 = ( GEOMETRIC_REPRESENTATION_CONTEXT(2) 
PARAMETRIC_REPRESENTATION_CONTEXT() REPRESENTATION_CONTEXT('2D SPACE',''
  ) );
#5368 = FACE_BOUND('',#5369,.T.);
#5369 = EDGE_LOOP('',(#5370,#5399,#5452,#5474,#5502,#5560));
#5370 = ORIENTED_EDGE('',*,*,#5371,.F.);
#5371 = EDGE_CURVE('',#5372,#5374,#5376,.T.);
#5372 = VERTEX_POINT('',#5373);
#5373 = CARTESIAN_POINT('',(53.575109969669,37.074578654182,
    54.999999999999));
#5374 = VERTEX_POINT('',#5375);
#5375 = CARTESIAN_POINT('',(54.110534057545,37.074578654182,
    54.999999999999));
#5376 = SURFACE_CURVE('',#5377,(#5381,#5388),.PCURVE_S1.);
#5377 = LINE('',#5378,#5379);
#5378 = CARTESIAN_POINT('',(-54.50083767664,37.074578654182,
    54.999999999999));
#5379 = VECTOR('',#5380,1.);
#5380 = DIRECTION('',(1.,0.,0.));
#5381 = PCURVE('',#4941,#5382);
#5382 = DEFINITIONAL_REPRESENTATION('',(#5383),#5387);
#5383 = LINE('',#5384,#5385);
#5384 = CARTESIAN_POINT('',(-54.50083767664,-37.07457865418));
#5385 = VECTOR('',#5386,1.);
#5386 = DIRECTION('',(1.,0.));
#5387 = ( GEOMETRIC_REPRESENTATION_CONTEXT(2) 
PARAMETRIC_REPRESENTATION_CONTEXT() REPRESENTATION_CONTEXT('2D SPACE',''
  ) );
#5388 = PCURVE('',#5389,#5394);
#5389 = TOROIDAL_SURFACE('',#5390,3.49633868825,2.002502573822);
#5390 = AXIS2_PLACEMENT_3D('',#5391,#5392,#5393);
#5391 = CARTESIAN_POINT('',(53.572737058739,33.574491404968,
    52.998337408943));
#5392 = DIRECTION('',(-5.574615628596E-05,-8.93113329235E-05,
    -0.999999994458));
#5393 = DIRECTION('',(-3.308722450212E-24,0.999999996012,
    -8.931133306227E-05));
#5394 = DEFINITIONAL_REPRESENTATION('',(#5395),#5398);
#5395 = B_SPLINE_CURVE_WITH_KNOTS('',1,(#5396,#5397),.UNSPECIFIED.,.F.,
  .F.,(2,2),(108.0759476463,108.61137173418),.PIECEWISE_BEZIER_KNOTS.);
#5396 = CARTESIAN_POINT('',(6.461049519875E-04,4.714172470206));
#5397 = CARTESIAN_POINT('',(0.152436618569,4.73467833259));
#5398 = ( GEOMETRIC_REPRESENTATION_CONTEXT(2) 
PARAMETRIC_REPRESENTATION_CONTEXT() REPRESENTATION_CONTEXT('2D SPACE',''
  ) );
#5399 = ORIENTED_EDGE('',*,*,#5400,.F.);
#5400 = EDGE_CURVE('',#5401,#5372,#5403,.T.);
#5401 = VERTEX_POINT('',#5402);
#5402 = CARTESIAN_POINT('',(57.074578654182,33.575109668559,
    54.999999999999));
#5403 = SURFACE_CURVE('',#5404,(#5412,#5423),.PCURVE_S1.);
#5404 = B_SPLINE_CURVE_WITH_KNOTS('',3,(#5405,#5406,#5407,#5408,#5409,
    #5410,#5411),.UNSPECIFIED.,.F.,.F.,(4,1,1,1,4),(315.00872576033,
    337.50436288016,360.,382.49563711983,404.99127423966),
  .UNSPECIFIED.);
#5405 = CARTESIAN_POINT('',(57.074576902717,33.575109969669,55.));
#5406 = CARTESIAN_POINT('',(57.074576902717,33.987588906228,55.));
#5407 = CARTESIAN_POINT('',(56.925103185676,34.878602631681,55.));
#5408 = CARTESIAN_POINT('',(56.123580670645,36.123580670646,55.));
#5409 = CARTESIAN_POINT('',(54.878602631681,36.925103185676,55.));
#5410 = CARTESIAN_POINT('',(53.987588906228,37.074576902717,55.));
#5411 = CARTESIAN_POINT('',(53.575109969669,37.074576902717,55.));
#5412 = PCURVE('',#4941,#5413);
#5413 = DEFINITIONAL_REPRESENTATION('',(#5414),#5422);
#5414 = B_SPLINE_CURVE_WITH_KNOTS('',3,(#5415,#5416,#5417,#5418,#5419,
    #5420,#5421),.UNSPECIFIED.,.F.,.F.,(4,1,1,1,4),(315.00872576033,
    337.50436288016,360.,382.49563711983,404.99127423966),
  .UNSPECIFIED.);
#5415 = CARTESIAN_POINT('',(57.074576902717,-33.57510996966));
#5416 = CARTESIAN_POINT('',(57.074576902717,-33.98758890622));
#5417 = CARTESIAN_POINT('',(56.925103185676,-34.87860263168));
#5418 = CARTESIAN_POINT('',(56.123580670645,-36.12358067064));
#5419 = CARTESIAN_POINT('',(54.878602631681,-36.92510318567));
#5420 = CARTESIAN_POINT('',(53.987588906228,-37.07457690271));
#5421 = CARTESIAN_POINT('',(53.575109969669,-37.07457690271));
#5422 = ( GEOMETRIC_REPRESENTATION_CONTEXT(2) 
PARAMETRIC_REPRESENTATION_CONTEXT() REPRESENTATION_CONTEXT('2D SPACE',''
  ) );
#5423 = PCURVE('',#5389,#5424);
#5424 = DEFINITIONAL_REPRESENTATION('',(#5425),#5451);
#5425 = B_SPLINE_CURVE_WITH_KNOTS('',3,(#5426,#5427,#5428,#5429,#5430,
    #5431,#5432,#5433,#5434,#5435,#5436,#5437,#5438,#5439,#5440,#5441,
    #5442,#5443,#5444,#5445,#5446,#5447,#5448,#5449,#5450),
  .UNSPECIFIED.,.F.,.F.,(4,1,1,1,1,1,1,1,1,1,1,1,1,1,1,1,1,1,1,1,1,1,4),
  (315.00872576033,319.0988416003,323.18895744027,327.27907328024,
    331.36918912021,335.45930496018,339.54942080015,343.63953664012,
    347.72965248009,351.81976832006,355.90988416003,360.,364.09011583997
    ,368.18023167993,372.2703475199,376.36046335987,380.45057919984,
    384.54069503981,388.63081087978,392.72092671975,396.81104255972,
    400.90115839969,404.99127423966),.QUASI_UNIFORM_KNOTS.);
#5426 = CARTESIAN_POINT('',(1.570670733513,4.715081269393));
#5427 = CARTESIAN_POINT('',(1.549251676522,4.715077074426));
#5428 = CARTESIAN_POINT('',(1.505798016244,4.715041455418));
#5429 = CARTESIAN_POINT('',(1.438947099352,4.714976867663));
#5430 = CARTESIAN_POINT('',(1.370615731481,4.715013466368));
#5431 = CARTESIAN_POINT('',(1.300945717313,4.715117235225));
#5432 = CARTESIAN_POINT('',(1.230042525617,4.715199564469));
#5433 = CARTESIAN_POINT('',(1.157914956339,4.715016823297));
#5434 = CARTESIAN_POINT('',(1.084668474145,4.714670729971));
#5435 = CARTESIAN_POINT('',(1.010584552041,4.714501270329));
#5436 = CARTESIAN_POINT('',(0.935916931037,4.714584247535));
#5437 = CARTESIAN_POINT('',(0.86090938965,4.714843335912));
#5438 = CARTESIAN_POINT('',(0.785766342967,4.7150294872));
#5439 = CARTESIAN_POINT('',(0.710621315898,4.714746631078));
#5440 = CARTESIAN_POINT('',(0.635607689999,4.71439155883));
#5441 = CARTESIAN_POINT('',(0.560929863953,4.71421410855));
#5442 = CARTESIAN_POINT('',(0.486831752554,4.714291410817));
#5443 = CARTESIAN_POINT('',(0.41356737156,4.714548429094));
#5444 = CARTESIAN_POINT('',(0.341418645038,4.714645914234));
#5445 = CARTESIAN_POINT('',(0.270491382919,4.714482591324));
#5446 = CARTESIAN_POINT('',(0.200794581805,4.71430234773));
#5447 = CARTESIAN_POINT('',(0.132434018037,4.714194094591));
#5448 = CARTESIAN_POINT('',(6.555185837817E-02,4.714192120873));
#5449 = CARTESIAN_POINT('',(2.207630456083E-02,4.714186899418));
#5450 = CARTESIAN_POINT('',(6.46105275321E-04,4.71417159534));
#5451 = ( GEOMETRIC_REPRESENTATION_CONTEXT(2) 
PARAMETRIC_REPRESENTATION_CONTEXT() REPRESENTATION_CONTEXT('2D SPACE',''
  ) );
#5452 = ORIENTED_EDGE('',*,*,#5453,.F.);
#5453 = EDGE_CURVE('',#5454,#5401,#5456,.T.);
#5454 = VERTEX_POINT('',#5455);
#5455 = CARTESIAN_POINT('',(57.074578654182,34.127918546123,
    54.999999999999));
#5456 = SURFACE_CURVE('',#5457,(#5461,#5468),.PCURVE_S1.);
#5457 = LINE('',#5458,#5459);
#5458 = CARTESIAN_POINT('',(57.074578654182,34.50083767664,
    54.999999999999));
#5459 = VECTOR('',#5460,1.);
#5460 = DIRECTION('',(0.,-1.,-6.123233995737E-17));
#5461 = PCURVE('',#4941,#5462);
#5462 = DEFINITIONAL_REPRESENTATION('',(#5463),#5467);
#5463 = LINE('',#5464,#5465);
#5464 = CARTESIAN_POINT('',(57.074578654182,-34.50083767664));
#5465 = VECTOR('',#5466,1.);
#5466 = DIRECTION('',(0.,1.));
#5467 = ( GEOMETRIC_REPRESENTATION_CONTEXT(2) 
PARAMETRIC_REPRESENTATION_CONTEXT() REPRESENTATION_CONTEXT('2D SPACE',''
  ) );
#5468 = PCURVE('',#5389,#5469);
#5469 = DEFINITIONAL_REPRESENTATION('',(#5470),#5473);
#5470 = B_SPLINE_CURVE_WITH_KNOTS('',1,(#5471,#5472),.UNSPECIFIED.,.F.,
  .F.,(2,2),(0.372919130517,0.925728008081),.PIECEWISE_BEZIER_KNOTS.);
#5471 = CARTESIAN_POINT('',(1.414098706582,4.736774176194));
#5472 = CARTESIAN_POINT('',(1.570670819565,4.715082144287));
#5473 = ( GEOMETRIC_REPRESENTATION_CONTEXT(2) 
PARAMETRIC_REPRESENTATION_CONTEXT() REPRESENTATION_CONTEXT('2D SPACE',''
  ) );
#5474 = ORIENTED_EDGE('',*,*,#5475,.F.);
#5475 = EDGE_CURVE('',#5476,#5454,#5478,.T.);
#5476 = VERTEX_POINT('',#5477);
#5477 = CARTESIAN_POINT('',(57.074578654182,34.50083767664,
    54.999999999999));
#5478 = SURFACE_CURVE('',#5479,(#5483,#5490),.PCURVE_S1.);
#5479 = LINE('',#5480,#5481);
#5480 = CARTESIAN_POINT('',(57.074578654182,34.50083767664,
    54.999999999999));
#5481 = VECTOR('',#5482,1.);
#5482 = DIRECTION('',(0.,-1.,-6.123233995737E-17));
#5483 = PCURVE('',#4941,#5484);
#5484 = DEFINITIONAL_REPRESENTATION('',(#5485),#5489);
#5485 = LINE('',#5486,#5487);
#5486 = CARTESIAN_POINT('',(57.074578654182,-34.50083767664));
#5487 = VECTOR('',#5488,1.);
#5488 = DIRECTION('',(0.,1.));
#5489 = ( GEOMETRIC_REPRESENTATION_CONTEXT(2) 
PARAMETRIC_REPRESENTATION_CONTEXT() REPRESENTATION_CONTEXT('2D SPACE',''
  ) );
#5490 = PCURVE('',#5491,#5496);
#5491 = PLANE('',#5492);
#5492 = AXIS2_PLACEMENT_3D('',#5493,#5494,#5495);
#5493 = CARTESIAN_POINT('',(58.537289327091,34.50083767664,27.5));
#5494 = DIRECTION('',(-0.998588434074,3.252318909175E-18,
    -5.311439855865E-02));
#5495 = DIRECTION('',(-5.311439855865E-02,0.,0.998588434074));
#5496 = DEFINITIONAL_REPRESENTATION('',(#5497),#5501);
#5497 = LINE('',#5498,#5499);
#5498 = CARTESIAN_POINT('',(27.538872934683,-3.851859888774E-33));
#5499 = VECTOR('',#5500,1.);
#5500 = DIRECTION('',(-6.11459064727E-17,-1.));
#5501 = ( GEOMETRIC_REPRESENTATION_CONTEXT(2) 
PARAMETRIC_REPRESENTATION_CONTEXT() REPRESENTATION_CONTEXT('2D SPACE',''
  ) );
#5502 = ORIENTED_EDGE('',*,*,#5503,.F.);
#5503 = EDGE_CURVE('',#5504,#5476,#5506,.T.);
#5504 = VERTEX_POINT('',#5505);
#5505 = CARTESIAN_POINT('',(54.50083767664,37.074578654182,
    54.999999999999));
#5506 = SURFACE_CURVE('',#5507,(#5518,#5532),.PCURVE_S1.);
#5507 = B_SPLINE_CURVE_WITH_KNOTS('',3,(#5508,#5509,#5510,#5511,#5512,
    #5513,#5514,#5515,#5516,#5517),.UNSPECIFIED.,.F.,.F.,(4,2,2,2,4),(
    0.139545593061,0.145074947746,0.150604302431,0.156133657116,
    0.161663011801),.UNSPECIFIED.);
#5508 = CARTESIAN_POINT('',(54.50083767664,37.074578654182,
    54.999999999999));
#5509 = CARTESIAN_POINT('',(54.81201364548,37.074578654182,
    54.999999999999));
#5510 = CARTESIAN_POINT('',(55.161880711644,37.010059653596,
    54.999999999999));
#5511 = CARTESIAN_POINT('',(55.773354351763,36.762306812178,
    54.999999999999));
#5512 = CARTESIAN_POINT('',(56.083360223505,36.558337705961,
    54.999999999999));
#5513 = CARTESIAN_POINT('',(56.558337705966,36.08336022351,
    54.999999999999));
#5514 = CARTESIAN_POINT('',(56.76230681216,35.7733543518,54.999999999999
    ));
#5515 = CARTESIAN_POINT('',(57.010059653613,35.161880711606,
    54.999999999999));
#5516 = CARTESIAN_POINT('',(57.074578654182,34.812013645508,
    54.999999999999));
#5517 = CARTESIAN_POINT('',(57.074578654182,34.50083767664,
    54.999999999999));
#5518 = PCURVE('',#4941,#5519);
#5519 = DEFINITIONAL_REPRESENTATION('',(#5520),#5531);
#5520 = B_SPLINE_CURVE_WITH_KNOTS('',3,(#5521,#5522,#5523,#5524,#5525,
    #5526,#5527,#5528,#5529,#5530),.UNSPECIFIED.,.F.,.F.,(4,2,2,2,4),(
    0.139545593061,0.145074947746,0.150604302431,0.156133657116,
    0.161663011801),.UNSPECIFIED.);
#5521 = CARTESIAN_POINT('',(54.50083767664,-37.07457865418));
#5522 = CARTESIAN_POINT('',(54.81201364548,-37.07457865418));
#5523 = CARTESIAN_POINT('',(55.161880711644,-37.01005965359));
#5524 = CARTESIAN_POINT('',(55.773354351763,-36.76230681217));
#5525 = CARTESIAN_POINT('',(56.083360223505,-36.55833770596));
#5526 = CARTESIAN_POINT('',(56.558337705966,-36.08336022351));
#5527 = CARTESIAN_POINT('',(56.76230681216,-35.7733543518));
#5528 = CARTESIAN_POINT('',(57.010059653613,-35.1618807116));
#5529 = CARTESIAN_POINT('',(57.074578654182,-34.8120136455));
#5530 = CARTESIAN_POINT('',(57.074578654182,-34.50083767664));
#5531 = ( GEOMETRIC_REPRESENTATION_CONTEXT(2) 
PARAMETRIC_REPRESENTATION_CONTEXT() REPRESENTATION_CONTEXT('2D SPACE',''
  ) );
#5532 = PCURVE('',#5533,#5554);
#5533 = B_SPLINE_SURFACE_WITH_KNOTS('',1,3,(
    (#5534,#5535,#5536,#5537,#5538,#5539,#5540,#5541,#5542,#5543)
    ,(#5544,#5545,#5546,#5547,#5548,#5549,#5550,#5551,#5552,#5553
  )),.UNSPECIFIED.,.F.,.F.,.F.,(2,2),(4,2,2,2,4),(0.,6.962765332452E-04)
  ,(0.139545593061,0.145074947746,0.150604302431,0.156133657116,
    0.161663011801),.UNSPECIFIED.);
#5534 = CARTESIAN_POINT('',(54.50083767664,37.074578654182,
    54.999999999999));
#5535 = CARTESIAN_POINT('',(54.81201364548,37.074578654182,
    54.999999999999));
#5536 = CARTESIAN_POINT('',(55.161880711644,37.010059653596,
    54.999999999999));
#5537 = CARTESIAN_POINT('',(55.773354351763,36.762306812178,
    54.999999999999));
#5538 = CARTESIAN_POINT('',(56.083360223505,36.558337705961,
    54.999999999999));
#5539 = CARTESIAN_POINT('',(56.558337705966,36.08336022351,
    54.999999999999));
#5540 = CARTESIAN_POINT('',(56.76230681216,35.7733543518,54.999999999999
    ));
#5541 = CARTESIAN_POINT('',(57.010059653613,35.161880711606,
    54.999999999999));
#5542 = CARTESIAN_POINT('',(57.074578654182,34.812013645508,
    54.999999999999));
#5543 = CARTESIAN_POINT('',(57.074578654182,34.50083767664,
    54.999999999999));
#5544 = CARTESIAN_POINT('',(54.50083767664,37.076615556415,
    54.961704790671));
#5545 = CARTESIAN_POINT('',(54.812272589719,37.076615556415,
    54.961704790671));
#5546 = CARTESIAN_POINT('',(55.162391058014,37.012050621244,
    54.961704790671));
#5547 = CARTESIAN_POINT('',(55.774373802337,36.76409150396,
    54.961704790671));
#5548 = CARTESIAN_POINT('',(56.084602150699,36.55997639353,
    54.961704790671));
#5549 = CARTESIAN_POINT('',(56.559976393535,36.084602150704,
    54.961704790671));
#5550 = CARTESIAN_POINT('',(56.764091503943,35.774373802375,
    54.961704790671));
#5551 = CARTESIAN_POINT('',(57.012050621262,35.162391057976,
    54.961704790671));
#5552 = CARTESIAN_POINT('',(57.076615556415,34.812272589747,
    54.961704790671));
#5553 = CARTESIAN_POINT('',(57.076615556415,34.50083767664,
    54.961704790671));
#5554 = DEFINITIONAL_REPRESENTATION('',(#5555),#5559);
#5555 = LINE('',#5556,#5557);
#5556 = CARTESIAN_POINT('',(2.787857293873E-16,0.));
#5557 = VECTOR('',#5558,1.);
#5558 = DIRECTION('',(-2.14110147661E-15,1.));
#5559 = ( GEOMETRIC_REPRESENTATION_CONTEXT(2) 
PARAMETRIC_REPRESENTATION_CONTEXT() REPRESENTATION_CONTEXT('2D SPACE',''
  ) );
#5560 = ORIENTED_EDGE('',*,*,#5561,.F.);
#5561 = EDGE_CURVE('',#5374,#5504,#5562,.T.);
#5562 = SURFACE_CURVE('',#5563,(#5567,#5574),.PCURVE_S1.);
#5563 = LINE('',#5564,#5565);
#5564 = CARTESIAN_POINT('',(-54.50083767664,37.074578654182,
    54.999999999999));
#5565 = VECTOR('',#5566,1.);
#5566 = DIRECTION('',(1.,0.,0.));
#5567 = PCURVE('',#4941,#5568);
#5568 = DEFINITIONAL_REPRESENTATION('',(#5569),#5573);
#5569 = LINE('',#5570,#5571);
#5570 = CARTESIAN_POINT('',(-54.50083767664,-37.07457865418));
#5571 = VECTOR('',#5572,1.);
#5572 = DIRECTION('',(1.,0.));
#5573 = ( GEOMETRIC_REPRESENTATION_CONTEXT(2) 
PARAMETRIC_REPRESENTATION_CONTEXT() REPRESENTATION_CONTEXT('2D SPACE',''
  ) );
#5574 = PCURVE('',#5575,#5580);
#5575 = PLANE('',#5576);
#5576 = AXIS2_PLACEMENT_3D('',#5577,#5578,#5579);
#5577 = CARTESIAN_POINT('',(-54.50083767664,38.537289327091,27.5));
#5578 = DIRECTION('',(0.,-0.998588434074,-5.311439855866E-02));
#5579 = DIRECTION('',(0.,5.311439855866E-02,-0.998588434074));
#5580 = DEFINITIONAL_REPRESENTATION('',(#5581),#5585);
#5581 = LINE('',#5582,#5583);
#5582 = CARTESIAN_POINT('',(-27.53887293468,0.));
#5583 = VECTOR('',#5584,1.);
#5584 = DIRECTION('',(0.,1.));
#5585 = ( GEOMETRIC_REPRESENTATION_CONTEXT(2) 
PARAMETRIC_REPRESENTATION_CONTEXT() REPRESENTATION_CONTEXT('2D SPACE',''
  ) );
#5586 = FACE_BOUND('',#5587,.T.);
#5587 = EDGE_LOOP('',(#5588,#5648,#5670,#5698,#5756,#5784));
#5588 = ORIENTED_EDGE('',*,*,#5589,.F.);
#5589 = EDGE_CURVE('',#5590,#5592,#5594,.T.);
#5590 = VERTEX_POINT('',#5591);
#5591 = CARTESIAN_POINT('',(53.575109668559,-37.07457865418,
    54.999999999999));
#5592 = VERTEX_POINT('',#5593);
#5593 = CARTESIAN_POINT('',(57.074578654182,-33.57510996966,
    54.999999999999));
#5594 = SURFACE_CURVE('',#5595,(#5603,#5614),.PCURVE_S1.);
#5595 = B_SPLINE_CURVE_WITH_KNOTS('',3,(#5596,#5597,#5598,#5599,#5600,
    #5601,#5602),.UNSPECIFIED.,.F.,.F.,(4,1,1,1,4),(315.00872576033,
    337.50436288016,360.,382.49563711983,404.99127423966),
  .UNSPECIFIED.);
#5596 = CARTESIAN_POINT('',(53.575109969669,-37.07457690271,55.));
#5597 = CARTESIAN_POINT('',(53.987588906228,-37.07457690271,55.));
#5598 = CARTESIAN_POINT('',(54.878602631681,-36.92510318567,55.));
#5599 = CARTESIAN_POINT('',(56.123580670645,-36.12358067064,55.));
#5600 = CARTESIAN_POINT('',(56.925103185676,-34.87860263168,55.));
#5601 = CARTESIAN_POINT('',(57.074576902717,-33.98758890622,55.));
#5602 = CARTESIAN_POINT('',(57.074576902717,-33.57510996966,55.));
#5603 = PCURVE('',#4941,#5604);
#5604 = DEFINITIONAL_REPRESENTATION('',(#5605),#5613);
#5605 = B_SPLINE_CURVE_WITH_KNOTS('',3,(#5606,#5607,#5608,#5609,#5610,
    #5611,#5612),.UNSPECIFIED.,.F.,.F.,(4,1,1,1,4),(315.00872576033,
    337.50436288016,360.,382.49563711983,404.99127423966),
  .UNSPECIFIED.);
#5606 = CARTESIAN_POINT('',(53.575109969669,37.074576902717));
#5607 = CARTESIAN_POINT('',(53.987588906228,37.074576902717));
#5608 = CARTESIAN_POINT('',(54.878602631681,36.925103185676));
#5609 = CARTESIAN_POINT('',(56.123580670645,36.123580670646));
#5610 = CARTESIAN_POINT('',(56.925103185676,34.878602631681));
#5611 = CARTESIAN_POINT('',(57.074576902717,33.987588906228));
#5612 = CARTESIAN_POINT('',(57.074576902717,33.575109969669));
#5613 = ( GEOMETRIC_REPRESENTATION_CONTEXT(2) 
PARAMETRIC_REPRESENTATION_CONTEXT() REPRESENTATION_CONTEXT('2D SPACE',''
  ) );
#5614 = PCURVE('',#5615,#5620);
#5615 = TOROIDAL_SURFACE('',#5616,3.49633868825,2.002502573822);
#5616 = AXIS2_PLACEMENT_3D('',#5617,#5618,#5619);
#5617 = CARTESIAN_POINT('',(53.574491404968,-33.57273705873,
    52.998337408943));
#5618 = DIRECTION('',(-8.93113329223E-05,5.574615628942E-05,
    -0.999999994458));
#5619 = DIRECTION('',(0.999999996012,5.472626932651E-21,
    -8.931133306107E-05));
#5620 = DEFINITIONAL_REPRESENTATION('',(#5621),#5647);
#5621 = B_SPLINE_CURVE_WITH_KNOTS('',3,(#5622,#5623,#5624,#5625,#5626,
    #5627,#5628,#5629,#5630,#5631,#5632,#5633,#5634,#5635,#5636,#5637,
    #5638,#5639,#5640,#5641,#5642,#5643,#5644,#5645,#5646),
  .UNSPECIFIED.,.F.,.F.,(4,1,1,1,1,1,1,1,1,1,1,1,1,1,1,1,1,1,1,1,1,1,4),
  (315.00872576033,319.0988416003,323.18895744027,327.27907328024,
    331.36918912021,335.45930496018,339.54942080015,343.63953664012,
    347.72965248009,351.81976832006,355.90988416003,360.,364.09011583997
    ,368.18023167993,372.2703475199,376.36046335987,380.45057919984,
    384.54069503981,388.63081087978,392.72092671975,396.81104255972,
    400.90115839969,404.99127423966),.QUASI_UNIFORM_KNOTS.);
#5622 = CARTESIAN_POINT('',(1.570670733513,4.715081269393));
#5623 = CARTESIAN_POINT('',(1.549251676522,4.715077074426));
#5624 = CARTESIAN_POINT('',(1.505798016244,4.715041455418));
#5625 = CARTESIAN_POINT('',(1.438947099352,4.714976867663));
#5626 = CARTESIAN_POINT('',(1.370615731481,4.715013466368));
#5627 = CARTESIAN_POINT('',(1.300945717313,4.715117235225));
#5628 = CARTESIAN_POINT('',(1.230042525617,4.715199564469));
#5629 = CARTESIAN_POINT('',(1.157914956339,4.715016823297));
#5630 = CARTESIAN_POINT('',(1.084668474145,4.714670729971));
#5631 = CARTESIAN_POINT('',(1.010584552041,4.714501270329));
#5632 = CARTESIAN_POINT('',(0.935916931037,4.714584247535));
#5633 = CARTESIAN_POINT('',(0.86090938965,4.714843335912));
#5634 = CARTESIAN_POINT('',(0.785766342967,4.7150294872));
#5635 = CARTESIAN_POINT('',(0.710621315898,4.714746631078));
#5636 = CARTESIAN_POINT('',(0.635607689999,4.71439155883));
#5637 = CARTESIAN_POINT('',(0.560929863953,4.71421410855));
#5638 = CARTESIAN_POINT('',(0.486831752554,4.714291410817));
#5639 = CARTESIAN_POINT('',(0.41356737156,4.714548429094));
#5640 = CARTESIAN_POINT('',(0.341418645038,4.714645914234));
#5641 = CARTESIAN_POINT('',(0.270491382919,4.714482591324));
#5642 = CARTESIAN_POINT('',(0.200794581805,4.71430234773));
#5643 = CARTESIAN_POINT('',(0.132434018037,4.714194094591));
#5644 = CARTESIAN_POINT('',(6.555185837817E-02,4.714192120873));
#5645 = CARTESIAN_POINT('',(2.207630456083E-02,4.714186899418));
#5646 = CARTESIAN_POINT('',(6.46105275319E-04,4.71417159534));
#5647 = ( GEOMETRIC_REPRESENTATION_CONTEXT(2) 
PARAMETRIC_REPRESENTATION_CONTEXT() REPRESENTATION_CONTEXT('2D SPACE',''
  ) );
#5648 = ORIENTED_EDGE('',*,*,#5649,.F.);
#5649 = EDGE_CURVE('',#5650,#5590,#5652,.T.);
#5650 = VERTEX_POINT('',#5651);
#5651 = CARTESIAN_POINT('',(54.127918546123,-37.07457865418,
    54.999999999999));
#5652 = SURFACE_CURVE('',#5653,(#5657,#5664),.PCURVE_S1.);
#5653 = LINE('',#5654,#5655);
#5654 = CARTESIAN_POINT('',(54.50083767664,-37.07457865418,
    54.999999999999));
#5655 = VECTOR('',#5656,1.);
#5656 = DIRECTION('',(-1.,0.,0.));
#5657 = PCURVE('',#4941,#5658);
#5658 = DEFINITIONAL_REPRESENTATION('',(#5659),#5663);
#5659 = LINE('',#5660,#5661);
#5660 = CARTESIAN_POINT('',(54.50083767664,37.074578654182));
#5661 = VECTOR('',#5662,1.);
#5662 = DIRECTION('',(-1.,-0.));
#5663 = ( GEOMETRIC_REPRESENTATION_CONTEXT(2) 
PARAMETRIC_REPRESENTATION_CONTEXT() REPRESENTATION_CONTEXT('2D SPACE',''
  ) );
#5664 = PCURVE('',#5615,#5665);
#5665 = DEFINITIONAL_REPRESENTATION('',(#5666),#5669);
#5666 = B_SPLINE_CURVE_WITH_KNOTS('',1,(#5667,#5668),.UNSPECIFIED.,.F.,
  .F.,(2,2),(0.372919130517,0.925728008081),.PIECEWISE_BEZIER_KNOTS.);
#5667 = CARTESIAN_POINT('',(1.414098706582,4.736774176194));
#5668 = CARTESIAN_POINT('',(1.570670819565,4.715082144287));
#5669 = ( GEOMETRIC_REPRESENTATION_CONTEXT(2) 
PARAMETRIC_REPRESENTATION_CONTEXT() REPRESENTATION_CONTEXT('2D SPACE',''
  ) );
#5670 = ORIENTED_EDGE('',*,*,#5671,.F.);
#5671 = EDGE_CURVE('',#5672,#5650,#5674,.T.);
#5672 = VERTEX_POINT('',#5673);
#5673 = CARTESIAN_POINT('',(54.50083767664,-37.07457865418,
    54.999999999999));
#5674 = SURFACE_CURVE('',#5675,(#5679,#5686),.PCURVE_S1.);
#5675 = LINE('',#5676,#5677);
#5676 = CARTESIAN_POINT('',(54.50083767664,-37.07457865418,
    54.999999999999));
#5677 = VECTOR('',#5678,1.);
#5678 = DIRECTION('',(-1.,0.,0.));
#5679 = PCURVE('',#4941,#5680);
#5680 = DEFINITIONAL_REPRESENTATION('',(#5681),#5685);
#5681 = LINE('',#5682,#5683);
#5682 = CARTESIAN_POINT('',(54.50083767664,37.074578654182));
#5683 = VECTOR('',#5684,1.);
#5684 = DIRECTION('',(-1.,-0.));
#5685 = ( GEOMETRIC_REPRESENTATION_CONTEXT(2) 
PARAMETRIC_REPRESENTATION_CONTEXT() REPRESENTATION_CONTEXT('2D SPACE',''
  ) );
#5686 = PCURVE('',#5687,#5692);
#5687 = PLANE('',#5688);
#5688 = AXIS2_PLACEMENT_3D('',#5689,#5690,#5691);
#5689 = CARTESIAN_POINT('',(54.50083767664,-38.53728932709,27.5));
#5690 = DIRECTION('',(0.,0.998588434074,-5.311439855865E-02));
#5691 = DIRECTION('',(0.,5.311439855865E-02,0.998588434074));
#5692 = DEFINITIONAL_REPRESENTATION('',(#5693),#5697);
#5693 = LINE('',#5694,#5695);
#5694 = CARTESIAN_POINT('',(27.538872934683,0.));
#5695 = VECTOR('',#5696,1.);
#5696 = DIRECTION('',(0.,-1.));
#5697 = ( GEOMETRIC_REPRESENTATION_CONTEXT(2) 
PARAMETRIC_REPRESENTATION_CONTEXT() REPRESENTATION_CONTEXT('2D SPACE',''
  ) );
#5698 = ORIENTED_EDGE('',*,*,#5699,.F.);
#5699 = EDGE_CURVE('',#5700,#5672,#5702,.T.);
#5700 = VERTEX_POINT('',#5701);
#5701 = CARTESIAN_POINT('',(57.074578654182,-34.50083767664,
    54.999999999999));
#5702 = SURFACE_CURVE('',#5703,(#5714,#5728),.PCURVE_S1.);
#5703 = B_SPLINE_CURVE_WITH_KNOTS('',3,(#5704,#5705,#5706,#5707,#5708,
    #5709,#5710,#5711,#5712,#5713),.UNSPECIFIED.,.F.,.F.,(4,2,2,2,4),(
    0.338336988199,0.343866342884,0.349395697569,0.354925052254,
    0.360454406939),.UNSPECIFIED.);
#5704 = CARTESIAN_POINT('',(57.074578654182,-34.50083767664,
    54.999999999999));
#5705 = CARTESIAN_POINT('',(57.074578654182,-34.81201364551,
    54.999999999999));
#5706 = CARTESIAN_POINT('',(57.010059653611,-35.1618807116,
    54.999999999999));
#5707 = CARTESIAN_POINT('',(56.762306812163,-35.7733543518,
    54.999999999999));
#5708 = CARTESIAN_POINT('',(56.558337705961,-36.0833602235,
    54.999999999999));
#5709 = CARTESIAN_POINT('',(56.083360223511,-36.55833770596,
    54.999999999999));
#5710 = CARTESIAN_POINT('',(55.773354351763,-36.76230681217,
    54.999999999999));
#5711 = CARTESIAN_POINT('',(55.161880711644,-37.0100596536,
    54.999999999999));
#5712 = CARTESIAN_POINT('',(54.81201364548,-37.07457865418,
    54.999999999999));
#5713 = CARTESIAN_POINT('',(54.50083767664,-37.07457865418,
    54.999999999999));
#5714 = PCURVE('',#4941,#5715);
#5715 = DEFINITIONAL_REPRESENTATION('',(#5716),#5727);
#5716 = B_SPLINE_CURVE_WITH_KNOTS('',3,(#5717,#5718,#5719,#5720,#5721,
    #5722,#5723,#5724,#5725,#5726),.UNSPECIFIED.,.F.,.F.,(4,2,2,2,4),(
    0.338336988199,0.343866342884,0.349395697569,0.354925052254,
    0.360454406939),.UNSPECIFIED.);
#5717 = CARTESIAN_POINT('',(57.074578654182,34.50083767664));
#5718 = CARTESIAN_POINT('',(57.074578654182,34.81201364551));
#5719 = CARTESIAN_POINT('',(57.010059653611,35.161880711604));
#5720 = CARTESIAN_POINT('',(56.762306812163,35.773354351803));
#5721 = CARTESIAN_POINT('',(56.558337705961,36.083360223505));
#5722 = CARTESIAN_POINT('',(56.083360223511,36.558337705966));
#5723 = CARTESIAN_POINT('',(55.773354351763,36.762306812171));
#5724 = CARTESIAN_POINT('',(55.161880711644,37.010059653603));
#5725 = CARTESIAN_POINT('',(54.81201364548,37.074578654182));
#5726 = CARTESIAN_POINT('',(54.50083767664,37.074578654182));
#5727 = ( GEOMETRIC_REPRESENTATION_CONTEXT(2) 
PARAMETRIC_REPRESENTATION_CONTEXT() REPRESENTATION_CONTEXT('2D SPACE',''
  ) );
#5728 = PCURVE('',#5729,#5750);
#5729 = B_SPLINE_SURFACE_WITH_KNOTS('',1,3,(
    (#5730,#5731,#5732,#5733,#5734,#5735,#5736,#5737,#5738,#5739)
    ,(#5740,#5741,#5742,#5743,#5744,#5745,#5746,#5747,#5748,#5749
  )),.UNSPECIFIED.,.F.,.F.,.F.,(2,2),(4,2,2,2,4),(0.,6.962765332449E-04)
  ,(0.338336988199,0.343866342884,0.349395697569,0.354925052254,
    0.360454406939),.UNSPECIFIED.);
#5730 = CARTESIAN_POINT('',(57.074578654182,-34.50083767664,
    54.999999999999));
#5731 = CARTESIAN_POINT('',(57.074578654182,-34.81201364551,
    54.999999999999));
#5732 = CARTESIAN_POINT('',(57.010059653611,-35.1618807116,
    54.999999999999));
#5733 = CARTESIAN_POINT('',(56.762306812163,-35.7733543518,
    54.999999999999));
#5734 = CARTESIAN_POINT('',(56.558337705961,-36.0833602235,
    54.999999999999));
#5735 = CARTESIAN_POINT('',(56.083360223511,-36.55833770596,
    54.999999999999));
#5736 = CARTESIAN_POINT('',(55.773354351763,-36.76230681217,
    54.999999999999));
#5737 = CARTESIAN_POINT('',(55.161880711644,-37.0100596536,
    54.999999999999));
#5738 = CARTESIAN_POINT('',(54.81201364548,-37.07457865418,
    54.999999999999));
#5739 = CARTESIAN_POINT('',(54.50083767664,-37.07457865418,
    54.999999999999));
#5740 = CARTESIAN_POINT('',(57.076615556415,-34.50083767664,
    54.961704790671));
#5741 = CARTESIAN_POINT('',(57.076615556415,-34.81227258974,
    54.961704790671));
#5742 = CARTESIAN_POINT('',(57.012050621259,-35.16239105797,
    54.961704790671));
#5743 = CARTESIAN_POINT('',(56.764091503946,-35.77437380237,
    54.961704790671));
#5744 = CARTESIAN_POINT('',(56.55997639353,-36.08460215069,
    54.961704790671));
#5745 = CARTESIAN_POINT('',(56.084602150705,-36.55997639353,
    54.961704790671));
#5746 = CARTESIAN_POINT('',(55.774373802337,-36.76409150395,
    54.961704790671));
#5747 = CARTESIAN_POINT('',(55.162391058014,-37.01205062125,
    54.961704790671));
#5748 = CARTESIAN_POINT('',(54.812272589719,-37.07661555641,
    54.961704790671));
#5749 = CARTESIAN_POINT('',(54.50083767664,-37.07661555641,
    54.961704790671));
#5750 = DEFINITIONAL_REPRESENTATION('',(#5751),#5755);
#5751 = LINE('',#5752,#5753);
#5752 = CARTESIAN_POINT('',(3.920690117381E-17,0.));
#5753 = VECTOR('',#5754,1.);
#5754 = DIRECTION('',(-3.524717324072E-16,1.));
#5755 = ( GEOMETRIC_REPRESENTATION_CONTEXT(2) 
PARAMETRIC_REPRESENTATION_CONTEXT() REPRESENTATION_CONTEXT('2D SPACE',''
  ) );
#5756 = ORIENTED_EDGE('',*,*,#5757,.F.);
#5757 = EDGE_CURVE('',#5758,#5700,#5760,.T.);
#5758 = VERTEX_POINT('',#5759);
#5759 = CARTESIAN_POINT('',(57.074578654182,-34.11053405755,
    54.999999999999));
#5760 = SURFACE_CURVE('',#5761,(#5765,#5772),.PCURVE_S1.);
#5761 = LINE('',#5762,#5763);
#5762 = CARTESIAN_POINT('',(57.074578654182,34.50083767664,
    54.999999999999));
#5763 = VECTOR('',#5764,1.);
#5764 = DIRECTION('',(0.,-1.,-6.123233995737E-17));
#5765 = PCURVE('',#4941,#5766);
#5766 = DEFINITIONAL_REPRESENTATION('',(#5767),#5771);
#5767 = LINE('',#5768,#5769);
#5768 = CARTESIAN_POINT('',(57.074578654182,-34.50083767664));
#5769 = VECTOR('',#5770,1.);
#5770 = DIRECTION('',(0.,1.));
#5771 = ( GEOMETRIC_REPRESENTATION_CONTEXT(2) 
PARAMETRIC_REPRESENTATION_CONTEXT() REPRESENTATION_CONTEXT('2D SPACE',''
  ) );
#5772 = PCURVE('',#5773,#5778);
#5773 = PLANE('',#5774);
#5774 = AXIS2_PLACEMENT_3D('',#5775,#5776,#5777);
#5775 = CARTESIAN_POINT('',(58.537289327091,34.50083767664,27.5));
#5776 = DIRECTION('',(-0.998588434074,3.252318909175E-18,
    -5.311439855865E-02));
#5777 = DIRECTION('',(-5.311439855865E-02,0.,0.998588434074));
#5778 = DEFINITIONAL_REPRESENTATION('',(#5779),#5783);
#5779 = LINE('',#5780,#5781);
#5780 = CARTESIAN_POINT('',(27.538872934683,-3.851859888774E-33));
#5781 = VECTOR('',#5782,1.);
#5782 = DIRECTION('',(-6.11459064727E-17,-1.));
#5783 = ( GEOMETRIC_REPRESENTATION_CONTEXT(2) 
PARAMETRIC_REPRESENTATION_CONTEXT() REPRESENTATION_CONTEXT('2D SPACE',''
  ) );
#5784 = ORIENTED_EDGE('',*,*,#5785,.F.);
#5785 = EDGE_CURVE('',#5592,#5758,#5786,.T.);
#5786 = SURFACE_CURVE('',#5787,(#5791,#5798),.PCURVE_S1.);
#5787 = LINE('',#5788,#5789);
#5788 = CARTESIAN_POINT('',(57.074578654182,34.50083767664,
    54.999999999999));
#5789 = VECTOR('',#5790,1.);
#5790 = DIRECTION('',(0.,-1.,-6.123233995737E-17));
#5791 = PCURVE('',#4941,#5792);
#5792 = DEFINITIONAL_REPRESENTATION('',(#5793),#5797);
#5793 = LINE('',#5794,#5795);
#5794 = CARTESIAN_POINT('',(57.074578654182,-34.50083767664));
#5795 = VECTOR('',#5796,1.);
#5796 = DIRECTION('',(0.,1.));
#5797 = ( GEOMETRIC_REPRESENTATION_CONTEXT(2) 
PARAMETRIC_REPRESENTATION_CONTEXT() REPRESENTATION_CONTEXT('2D SPACE',''
  ) );
#5798 = PCURVE('',#5615,#5799);
#5799 = DEFINITIONAL_REPRESENTATION('',(#5800),#5803);
#5800 = B_SPLINE_CURVE_WITH_KNOTS('',1,(#5801,#5802),.UNSPECIFIED.,.F.,
  .F.,(2,2),(68.075947646309,68.611371734192),.PIECEWISE_BEZIER_KNOTS.);
#5801 = CARTESIAN_POINT('',(6.461049519814E-04,4.714172470206));
#5802 = CARTESIAN_POINT('',(0.152436618571,4.734678332591));
#5803 = ( GEOMETRIC_REPRESENTATION_CONTEXT(2) 
PARAMETRIC_REPRESENTATION_CONTEXT() REPRESENTATION_CONTEXT('2D SPACE',''
  ) );
#5804 = FACE_BOUND('',#5805,.T.);
#5805 = EDGE_LOOP('',(#5806,#5872,#5900,#5964,#5987,#6051,#6074,#6138));
#5806 = ORIENTED_EDGE('',*,*,#5807,.T.);
#5807 = EDGE_CURVE('',#5808,#5810,#5812,.T.);
#5808 = VERTEX_POINT('',#5809);
#5809 = CARTESIAN_POINT('',(54.50083767664,37.274609119791,
    54.999999999999));
#5810 = VERTEX_POINT('',#5811);
#5811 = CARTESIAN_POINT('',(57.274609119791,34.50083767664,
    54.999999999999));
#5812 = SURFACE_CURVE('',#5813,(#5824,#5838),.PCURVE_S1.);
#5813 = B_SPLINE_CURVE_WITH_KNOTS('',3,(#5814,#5815,#5816,#5817,#5818,
    #5819,#5820,#5821,#5822,#5823),.UNSPECIFIED.,.F.,.F.,(4,2,2,2,4),(
    0.139545593061,0.145074947746,0.150604302431,0.156133657116,
    0.161663011801),.UNSPECIFIED.);
#5814 = CARTESIAN_POINT('',(54.50083767664,37.274609119791,
    54.999999999999));
#5815 = CARTESIAN_POINT('',(54.837442817208,37.274609119791,
    54.999999999999));
#5816 = CARTESIAN_POINT('',(55.211998395394,37.205579192671,
    54.999999999999));
#5817 = CARTESIAN_POINT('',(55.873467734589,36.937569386104,
    54.999999999999));
#5818 = CARTESIAN_POINT('',(56.2053215385,36.719262188318,
    54.999999999999));
#5819 = CARTESIAN_POINT('',(56.719262188323,36.205321538505,
    54.999999999999));
#5820 = CARTESIAN_POINT('',(56.937569386087,35.873467734624,
    54.999999999999));
#5821 = CARTESIAN_POINT('',(57.205579192689,35.211998395359,
    54.999999999999));
#5822 = CARTESIAN_POINT('',(57.274609119791,34.837442817235,
    54.999999999999));
#5823 = CARTESIAN_POINT('',(57.274609119791,34.50083767664,
    54.999999999999));
#5824 = PCURVE('',#4941,#5825);
#5825 = DEFINITIONAL_REPRESENTATION('',(#5826),#5837);
#5826 = B_SPLINE_CURVE_WITH_KNOTS('',3,(#5827,#5828,#5829,#5830,#5831,
    #5832,#5833,#5834,#5835,#5836),.UNSPECIFIED.,.F.,.F.,(4,2,2,2,4),(
    0.139545593061,0.145074947746,0.150604302431,0.156133657116,
    0.161663011801),.UNSPECIFIED.);
#5827 = CARTESIAN_POINT('',(54.50083767664,-37.27460911979));
#5828 = CARTESIAN_POINT('',(54.837442817208,-37.27460911979));
#5829 = CARTESIAN_POINT('',(55.211998395394,-37.20557919267));
#5830 = CARTESIAN_POINT('',(55.873467734589,-36.9375693861));
#5831 = CARTESIAN_POINT('',(56.2053215385,-36.71926218831));
#5832 = CARTESIAN_POINT('',(56.719262188323,-36.2053215385));
#5833 = CARTESIAN_POINT('',(56.937569386087,-35.87346773462));
#5834 = CARTESIAN_POINT('',(57.205579192689,-35.21199839535));
#5835 = CARTESIAN_POINT('',(57.274609119791,-34.83744281723));
#5836 = CARTESIAN_POINT('',(57.274609119791,-34.50083767664));
#5837 = ( GEOMETRIC_REPRESENTATION_CONTEXT(2) 
PARAMETRIC_REPRESENTATION_CONTEXT() REPRESENTATION_CONTEXT('2D SPACE',''
  ) );
#5838 = PCURVE('',#5839,#5844);
#5839 = TOROIDAL_SURFACE('',#5840,2.774276478083,2.000177970678);
#5840 = AXIS2_PLACEMENT_3D('',#5841,#5842,#5843);
#5841 = CARTESIAN_POINT('',(54.500007998675,34.500007998673,
    52.999798442837));
#5842 = DIRECTION('',(6.761409780996E-16,4.268750211067E-15,1.));
#5843 = DIRECTION('',(0.707106781186,0.707106781187,-3.49656609209E-15)
  );
#5844 = DEFINITIONAL_REPRESENTATION('',(#5845),#5871);
#5845 = B_SPLINE_CURVE_WITH_KNOTS('',3,(#5846,#5847,#5848,#5849,#5850,
    #5851,#5852,#5853,#5854,#5855,#5856,#5857,#5858,#5859,#5860,#5861,
    #5862,#5863,#5864,#5865,#5866,#5867,#5868,#5869,#5870),
  .UNSPECIFIED.,.F.,.F.,(4,1,1,1,1,1,1,1,1,1,1,1,1,1,1,1,1,1,1,1,1,1,4),
  (0.139545593061,0.140550930277,0.141556267492,0.142561604708,
    0.143566941923,0.144572279138,0.145577616354,0.146582953569,
    0.147588290785,0.148593628,0.149598965216,0.150604302431,
    0.151609639646,0.152614976862,0.153620314077,0.154625651293,
    0.155630988508,0.156636325723,0.157641662939,0.158647000154,
    0.15965233737,0.160657674585,0.161663011801),.QUASI_UNIFORM_KNOTS.);
#5846 = CARTESIAN_POINT('',(7.068284444553,1.570633959618));
#5847 = CARTESIAN_POINT('',(7.04623045289,1.570649578646));
#5848 = CARTESIAN_POINT('',(7.001203877713,1.570844088092));
#5849 = CARTESIAN_POINT('',(6.931656979194,1.571267358285));
#5850 = CARTESIAN_POINT('',(6.860833348365,1.571337968383));
#5851 = CARTESIAN_POINT('',(6.789527815927,1.571012255159));
#5852 = CARTESIAN_POINT('',(6.718366950748,1.570479637577));
#5853 = CARTESIAN_POINT('',(6.64839707845,1.570452924971));
#5854 = CARTESIAN_POINT('',(6.576102091702,1.571000903072));
#5855 = CARTESIAN_POINT('',(6.502641449323,1.571317630805));
#5856 = CARTESIAN_POINT('',(6.42876243268,1.571183465755));
#5857 = CARTESIAN_POINT('',(6.355146810524,1.570676099953));
#5858 = CARTESIAN_POINT('',(6.28318530718,1.570247519125));
#5859 = CARTESIAN_POINT('',(6.211223803836,1.570676099951));
#5860 = CARTESIAN_POINT('',(6.137608181684,1.571183465752));
#5861 = CARTESIAN_POINT('',(6.063729165042,1.571317630803));
#5862 = CARTESIAN_POINT('',(5.990268522665,1.571000903071));
#5863 = CARTESIAN_POINT('',(5.917973535914,1.570452924972));
#5864 = CARTESIAN_POINT('',(5.848003663607,1.570479637577));
#5865 = CARTESIAN_POINT('',(5.776842798427,1.571012255157));
#5866 = CARTESIAN_POINT('',(5.705537265992,1.57133796838));
#5867 = CARTESIAN_POINT('',(5.634713635166,1.571267358283));
#5868 = CARTESIAN_POINT('',(5.565166736649,1.570844088093));
#5869 = CARTESIAN_POINT('',(5.520140161471,1.570649578647));
#5870 = CARTESIAN_POINT('',(5.498086169806,1.570633959619));
#5871 = ( GEOMETRIC_REPRESENTATION_CONTEXT(2) 
PARAMETRIC_REPRESENTATION_CONTEXT() REPRESENTATION_CONTEXT('2D SPACE',''
  ) );
#5872 = ORIENTED_EDGE('',*,*,#5873,.T.);
#5873 = EDGE_CURVE('',#5810,#5874,#5876,.T.);
#5874 = VERTEX_POINT('',#5875);
#5875 = CARTESIAN_POINT('',(57.274609119791,-34.50083767664,
    54.999999999999));
#5876 = SURFACE_CURVE('',#5877,(#5881,#5888),.PCURVE_S1.);
#5877 = LINE('',#5878,#5879);
#5878 = CARTESIAN_POINT('',(57.274609119791,34.50083767664,
    54.999999999999));
#5879 = VECTOR('',#5880,1.);
#5880 = DIRECTION('',(0.,-1.,-6.123233995737E-17));
#5881 = PCURVE('',#4941,#5882);
#5882 = DEFINITIONAL_REPRESENTATION('',(#5883),#5887);
#5883 = LINE('',#5884,#5885);
#5884 = CARTESIAN_POINT('',(57.274609119791,-34.50083767664));
#5885 = VECTOR('',#5886,1.);
#5886 = DIRECTION('',(0.,1.));
#5887 = ( GEOMETRIC_REPRESENTATION_CONTEXT(2) 
PARAMETRIC_REPRESENTATION_CONTEXT() REPRESENTATION_CONTEXT('2D SPACE',''
  ) );
#5888 = PCURVE('',#5889,#5894);
#5889 = CYLINDRICAL_SURFACE('',#5890,1.999998217696);
#5890 = AXIS2_PLACEMENT_3D('',#5891,#5892,#5893);
#5891 = CARTESIAN_POINT('',(57.274609119791,34.50083767664,
    53.000001782303));
#5892 = DIRECTION('',(0.,-1.,-6.123233995737E-17));
#5893 = DIRECTION('',(0.,6.123233995737E-17,-1.));
#5894 = DEFINITIONAL_REPRESENTATION('',(#5895),#5899);
#5895 = LINE('',#5896,#5897);
#5896 = CARTESIAN_POINT('',(3.14159265359,0.));
#5897 = VECTOR('',#5898,1.);
#5898 = DIRECTION('',(0.,1.));
#5899 = ( GEOMETRIC_REPRESENTATION_CONTEXT(2) 
PARAMETRIC_REPRESENTATION_CONTEXT() REPRESENTATION_CONTEXT('2D SPACE',''
  ) );
#5900 = ORIENTED_EDGE('',*,*,#5901,.T.);
#5901 = EDGE_CURVE('',#5874,#5902,#5904,.T.);
#5902 = VERTEX_POINT('',#5903);
#5903 = CARTESIAN_POINT('',(54.50083767664,-37.27460911979,
    54.999999999999));
#5904 = SURFACE_CURVE('',#5905,(#5916,#5930),.PCURVE_S1.);
#5905 = B_SPLINE_CURVE_WITH_KNOTS('',3,(#5906,#5907,#5908,#5909,#5910,
    #5911,#5912,#5913,#5914,#5915),.UNSPECIFIED.,.F.,.F.,(4,2,2,2,4),(
    0.338336988199,0.343866342884,0.349395697569,0.354925052254,
    0.360454406939),.UNSPECIFIED.);
#5906 = CARTESIAN_POINT('',(57.274609119791,-34.50083767664,
    54.999999999999));
#5907 = CARTESIAN_POINT('',(57.274609119791,-34.83744281723,
    54.999999999999));
#5908 = CARTESIAN_POINT('',(57.205579192686,-35.21199839535,
    54.999999999999));
#5909 = CARTESIAN_POINT('',(56.937569386089,-35.87346773462,
    54.999999999999));
#5910 = CARTESIAN_POINT('',(56.719262188317,-36.2053215385,
    54.999999999999));
#5911 = CARTESIAN_POINT('',(56.205321538506,-36.71926218831,
    54.999999999999));
#5912 = CARTESIAN_POINT('',(55.873467734589,-36.93756938609,
    54.999999999999));
#5913 = CARTESIAN_POINT('',(55.211998395394,-37.20557919267,
    54.999999999999));
#5914 = CARTESIAN_POINT('',(54.837442817209,-37.27460911979,
    54.999999999999));
#5915 = CARTESIAN_POINT('',(54.50083767664,-37.27460911979,
    54.999999999999));
#5916 = PCURVE('',#4941,#5917);
#5917 = DEFINITIONAL_REPRESENTATION('',(#5918),#5929);
#5918 = B_SPLINE_CURVE_WITH_KNOTS('',3,(#5919,#5920,#5921,#5922,#5923,
    #5924,#5925,#5926,#5927,#5928),.UNSPECIFIED.,.F.,.F.,(4,2,2,2,4),(
    0.338336988199,0.343866342884,0.349395697569,0.354925052254,
    0.360454406939),.UNSPECIFIED.);
#5919 = CARTESIAN_POINT('',(57.274609119791,34.50083767664));
#5920 = CARTESIAN_POINT('',(57.274609119791,34.837442817239));
#5921 = CARTESIAN_POINT('',(57.205579192686,35.211998395354));
#5922 = CARTESIAN_POINT('',(56.937569386089,35.873467734629));
#5923 = CARTESIAN_POINT('',(56.719262188317,36.205321538506));
#5924 = CARTESIAN_POINT('',(56.205321538506,36.719262188317));
#5925 = CARTESIAN_POINT('',(55.873467734589,36.937569386097));
#5926 = CARTESIAN_POINT('',(55.211998395394,37.205579192679));
#5927 = CARTESIAN_POINT('',(54.837442817209,37.274609119791));
#5928 = CARTESIAN_POINT('',(54.50083767664,37.274609119791));
#5929 = ( GEOMETRIC_REPRESENTATION_CONTEXT(2) 
PARAMETRIC_REPRESENTATION_CONTEXT() REPRESENTATION_CONTEXT('2D SPACE',''
  ) );
#5930 = PCURVE('',#5931,#5936);
#5931 = TOROIDAL_SURFACE('',#5932,2.774276478085,2.000177970678);
#5932 = AXIS2_PLACEMENT_3D('',#5933,#5934,#5935);
#5933 = CARTESIAN_POINT('',(54.500007998673,-34.50000799867,
    52.999798442837));
#5934 = DIRECTION('',(2.139660784231E-15,-1.572434084017E-15,1.));
#5935 = DIRECTION('',(0.707106781187,-0.707106781187,-2.624847453746E-15
    ));
#5936 = DEFINITIONAL_REPRESENTATION('',(#5937),#5963);
#5937 = B_SPLINE_CURVE_WITH_KNOTS('',3,(#5938,#5939,#5940,#5941,#5942,
    #5943,#5944,#5945,#5946,#5947,#5948,#5949,#5950,#5951,#5952,#5953,
    #5954,#5955,#5956,#5957,#5958,#5959,#5960,#5961,#5962),
  .UNSPECIFIED.,.F.,.F.,(4,1,1,1,1,1,1,1,1,1,1,1,1,1,1,1,1,1,1,1,1,1,4),
  (0.338336988199,0.339342325415,0.34034766263,0.341352999846,
    0.342358337061,0.343363674277,0.344369011492,0.345374348707,
    0.346379685923,0.347385023138,0.348390360354,0.349395697569,
    0.350401034784,0.351406372,0.352411709215,0.353417046431,
    0.354422383646,0.355427720862,0.356433058077,0.357438395292,
    0.358443732508,0.359449069723,0.360454406939),
  .QUASI_UNIFORM_KNOTS.);
#5938 = CARTESIAN_POINT('',(0.785099137373,1.570633959619));
#5939 = CARTESIAN_POINT('',(0.763045145708,1.570649578647));
#5940 = CARTESIAN_POINT('',(0.718018570529,1.570844088092));
#5941 = CARTESIAN_POINT('',(0.648471672013,1.571267358283));
#5942 = CARTESIAN_POINT('',(0.577648041187,1.571337968381));
#5943 = CARTESIAN_POINT('',(0.506342508753,1.571012255158));
#5944 = CARTESIAN_POINT('',(0.435181643572,1.570479637578));
#5945 = CARTESIAN_POINT('',(0.365211771265,1.570452924971));
#5946 = CARTESIAN_POINT('',(0.292916784514,1.571000903071));
#5947 = CARTESIAN_POINT('',(0.219456142136,1.571317630802));
#5948 = CARTESIAN_POINT('',(0.145577125495,1.571183465753));
#5949 = CARTESIAN_POINT('',(7.196150334285E-02,1.570676099952));
#5950 = CARTESIAN_POINT('',(1.272131823169E-13,1.570247519125));
#5951 = CARTESIAN_POINT('',(-7.196150334383E-02,1.570676099953));
#5952 = CARTESIAN_POINT('',(-0.145577125498,1.571183465755));
#5953 = CARTESIAN_POINT('',(-0.219456142142,1.571317630806));
#5954 = CARTESIAN_POINT('',(-0.292916784521,1.571000903073));
#5955 = CARTESIAN_POINT('',(-0.365211771269,1.570452924972));
#5956 = CARTESIAN_POINT('',(-0.435181643568,1.570479637576));
#5957 = CARTESIAN_POINT('',(-0.506342508747,1.571012255158));
#5958 = CARTESIAN_POINT('',(-0.577648041185,1.571337968381));
#5959 = CARTESIAN_POINT('',(-0.648471672014,1.571267358285));
#5960 = CARTESIAN_POINT('',(-0.718018570533,1.570844088093));
#5961 = CARTESIAN_POINT('',(-0.76304514571,1.570649578647));
#5962 = CARTESIAN_POINT('',(-0.785099137373,1.570633959619));
#5963 = ( GEOMETRIC_REPRESENTATION_CONTEXT(2) 
PARAMETRIC_REPRESENTATION_CONTEXT() REPRESENTATION_CONTEXT('2D SPACE',''
  ) );
#5964 = ORIENTED_EDGE('',*,*,#5965,.T.);
#5965 = EDGE_CURVE('',#5902,#5966,#5968,.T.);
#5966 = VERTEX_POINT('',#5967);
#5967 = CARTESIAN_POINT('',(-54.50083767664,-37.27460911979,
    54.999999999999));
#5968 = SURFACE_CURVE('',#5969,(#5973,#5980),.PCURVE_S1.);
#5969 = LINE('',#5970,#5971);
#5970 = CARTESIAN_POINT('',(54.50083767664,-37.27460911979,
    54.999999999999));
#5971 = VECTOR('',#5972,1.);
#5972 = DIRECTION('',(-1.,0.,0.));
#5973 = PCURVE('',#4941,#5974);
#5974 = DEFINITIONAL_REPRESENTATION('',(#5975),#5979);
#5975 = LINE('',#5976,#5977);
#5976 = CARTESIAN_POINT('',(54.50083767664,37.274609119791));
#5977 = VECTOR('',#5978,1.);
#5978 = DIRECTION('',(-1.,-0.));
#5979 = ( GEOMETRIC_REPRESENTATION_CONTEXT(2) 
PARAMETRIC_REPRESENTATION_CONTEXT() REPRESENTATION_CONTEXT('2D SPACE',''
  ) );
#5980 = PCURVE('',#3316,#5981);
#5981 = DEFINITIONAL_REPRESENTATION('',(#5982),#5986);
#5982 = LINE('',#5983,#5984);
#5983 = CARTESIAN_POINT('',(6.28318530718,0.));
#5984 = VECTOR('',#5985,1.);
#5985 = DIRECTION('',(0.,1.));
#5986 = ( GEOMETRIC_REPRESENTATION_CONTEXT(2) 
PARAMETRIC_REPRESENTATION_CONTEXT() REPRESENTATION_CONTEXT('2D SPACE',''
  ) );
#5987 = ORIENTED_EDGE('',*,*,#5988,.T.);
#5988 = EDGE_CURVE('',#5966,#5989,#5991,.T.);
#5989 = VERTEX_POINT('',#5990);
#5990 = CARTESIAN_POINT('',(-57.27460911979,-34.50083767664,
    54.999999999999));
#5991 = SURFACE_CURVE('',#5992,(#6003,#6017),.PCURVE_S1.);
#5992 = B_SPLINE_CURVE_WITH_KNOTS('',3,(#5993,#5994,#5995,#5996,#5997,
    #5998,#5999,#6000,#6001,#6002),.UNSPECIFIED.,.F.,.F.,(4,2,2,2,4),(
    0.639545593061,0.645074947746,0.650604302431,0.656133657116,
    0.661663011801),.UNSPECIFIED.);
#5993 = CARTESIAN_POINT('',(-54.50083767664,-37.27460911979,
    54.999999999999));
#5994 = CARTESIAN_POINT('',(-54.8374428172,-37.27460911979,
    54.999999999999));
#5995 = CARTESIAN_POINT('',(-55.21199839539,-37.20557919266,
    54.999999999999));
#5996 = CARTESIAN_POINT('',(-55.87346773458,-36.93756938611,
    54.999999999999));
#5997 = CARTESIAN_POINT('',(-56.2053215385,-36.71926218832,
    54.999999999999));
#5998 = CARTESIAN_POINT('',(-56.71926218832,-36.2053215385,
    54.999999999999));
#5999 = CARTESIAN_POINT('',(-56.9375693861,-35.87346773458,
    54.999999999999));
#6000 = CARTESIAN_POINT('',(-57.20557919266,-35.2119983954,
    54.999999999999));
#6001 = CARTESIAN_POINT('',(-57.27460911979,-34.8374428172,
    54.999999999999));
#6002 = CARTESIAN_POINT('',(-57.27460911979,-34.50083767664,
    54.999999999999));
#6003 = PCURVE('',#4941,#6004);
#6004 = DEFINITIONAL_REPRESENTATION('',(#6005),#6016);
#6005 = B_SPLINE_CURVE_WITH_KNOTS('',3,(#6006,#6007,#6008,#6009,#6010,
    #6011,#6012,#6013,#6014,#6015),.UNSPECIFIED.,.F.,.F.,(4,2,2,2,4),(
    0.639545593061,0.645074947746,0.650604302431,0.656133657116,
    0.661663011801),.UNSPECIFIED.);
#6006 = CARTESIAN_POINT('',(-54.50083767664,37.274609119791));
#6007 = CARTESIAN_POINT('',(-54.8374428172,37.274609119791));
#6008 = CARTESIAN_POINT('',(-55.21199839539,37.205579192664));
#6009 = CARTESIAN_POINT('',(-55.87346773458,36.937569386112));
#6010 = CARTESIAN_POINT('',(-56.2053215385,36.719262188322));
#6011 = CARTESIAN_POINT('',(-56.71926218832,36.2053215385));
#6012 = CARTESIAN_POINT('',(-56.9375693861,35.873467734581));
#6013 = CARTESIAN_POINT('',(-57.20557919266,35.211998395402));
#6014 = CARTESIAN_POINT('',(-57.27460911979,34.837442817203));
#6015 = CARTESIAN_POINT('',(-57.27460911979,34.50083767664));
#6016 = ( GEOMETRIC_REPRESENTATION_CONTEXT(2) 
PARAMETRIC_REPRESENTATION_CONTEXT() REPRESENTATION_CONTEXT('2D SPACE',''
  ) );
#6017 = PCURVE('',#6018,#6023);
#6018 = TOROIDAL_SURFACE('',#6019,2.774276478069,2.000177970677);
#6019 = AXIS2_PLACEMENT_3D('',#6020,#6021,#6022);
#6020 = CARTESIAN_POINT('',(-54.50000799868,-34.50000799868,
    52.999798442838));
#6021 = DIRECTION('',(7.13244265876E-16,1.268579455024E-15,1.));
#6022 = DIRECTION('',(-0.707106781187,-0.707106781187,1.401360992165E-15
    ));
#6023 = DEFINITIONAL_REPRESENTATION('',(#6024),#6050);
#6024 = B_SPLINE_CURVE_WITH_KNOTS('',3,(#6025,#6026,#6027,#6028,#6029,
    #6030,#6031,#6032,#6033,#6034,#6035,#6036,#6037,#6038,#6039,#6040,
    #6041,#6042,#6043,#6044,#6045,#6046,#6047,#6048,#6049),
  .UNSPECIFIED.,.F.,.F.,(4,1,1,1,1,1,1,1,1,1,1,1,1,1,1,1,1,1,1,1,1,1,4),
  (0.639545593061,0.640550930277,0.641556267492,0.642561604708,
    0.643566941923,0.644572279138,0.645577616354,0.646582953569,
    0.647588290785,0.648593628,0.649598965216,0.650604302431,
    0.651609639646,0.652614976862,0.653620314077,0.654625651293,
    0.655630988508,0.656636325723,0.657641662939,0.658647000154,
    0.65965233737,0.660657674585,0.661663011801),.QUASI_UNIFORM_KNOTS.);
#6025 = CARTESIAN_POINT('',(7.068284444558,1.570633959617));
#6026 = CARTESIAN_POINT('',(7.046230452894,1.570649578645));
#6027 = CARTESIAN_POINT('',(7.001203877717,1.570844088092));
#6028 = CARTESIAN_POINT('',(6.931656979198,1.571267358286));
#6029 = CARTESIAN_POINT('',(6.860833348368,1.571337968384));
#6030 = CARTESIAN_POINT('',(6.78952781593,1.571012255161));
#6031 = CARTESIAN_POINT('',(6.71836695075,1.570479637579));
#6032 = CARTESIAN_POINT('',(6.648397078452,1.570452924971));
#6033 = CARTESIAN_POINT('',(6.576102091704,1.571000903071));
#6034 = CARTESIAN_POINT('',(6.502641449326,1.571317630804));
#6035 = CARTESIAN_POINT('',(6.428762432681,1.571183465755));
#6036 = CARTESIAN_POINT('',(6.355146810525,1.570676099954));
#6037 = CARTESIAN_POINT('',(6.28318530718,1.570247519126));
#6038 = CARTESIAN_POINT('',(6.211223803834,1.570676099954));
#6039 = CARTESIAN_POINT('',(6.137608181678,1.571183465756));
#6040 = CARTESIAN_POINT('',(6.063729165033,1.571317630806));
#6041 = CARTESIAN_POINT('',(5.990268522655,1.571000903073));
#6042 = CARTESIAN_POINT('',(5.917973535907,1.570452924972));
#6043 = CARTESIAN_POINT('',(5.84800366361,1.570479637578));
#6044 = CARTESIAN_POINT('',(5.77684279843,1.57101225516));
#6045 = CARTESIAN_POINT('',(5.705537265992,1.571337968384));
#6046 = CARTESIAN_POINT('',(5.634713635161,1.571267358286));
#6047 = CARTESIAN_POINT('',(5.565166736642,1.570844088092));
#6048 = CARTESIAN_POINT('',(5.520140161464,1.570649578646));
#6049 = CARTESIAN_POINT('',(5.498086169802,1.570633959618));
#6050 = ( GEOMETRIC_REPRESENTATION_CONTEXT(2) 
PARAMETRIC_REPRESENTATION_CONTEXT() REPRESENTATION_CONTEXT('2D SPACE',''
  ) );
#6051 = ORIENTED_EDGE('',*,*,#6052,.T.);
#6052 = EDGE_CURVE('',#5989,#6053,#6055,.T.);
#6053 = VERTEX_POINT('',#6054);
#6054 = CARTESIAN_POINT('',(-57.27460911979,34.50083767664,
    54.999999999999));
#6055 = SURFACE_CURVE('',#6056,(#6060,#6067),.PCURVE_S1.);
#6056 = LINE('',#6057,#6058);
#6057 = CARTESIAN_POINT('',(-57.27460911979,-34.50083767664,
    54.999999999999));
#6058 = VECTOR('',#6059,1.);
#6059 = DIRECTION('',(0.,1.,6.123233995737E-17));
#6060 = PCURVE('',#4941,#6061);
#6061 = DEFINITIONAL_REPRESENTATION('',(#6062),#6066);
#6062 = LINE('',#6063,#6064);
#6063 = CARTESIAN_POINT('',(-57.27460911979,34.50083767664));
#6064 = VECTOR('',#6065,1.);
#6065 = DIRECTION('',(0.,-1.));
#6066 = ( GEOMETRIC_REPRESENTATION_CONTEXT(2) 
PARAMETRIC_REPRESENTATION_CONTEXT() REPRESENTATION_CONTEXT('2D SPACE',''
  ) );
#6067 = PCURVE('',#4254,#6068);
#6068 = DEFINITIONAL_REPRESENTATION('',(#6069),#6073);
#6069 = LINE('',#6070,#6071);
#6070 = CARTESIAN_POINT('',(6.28318530718,0.));
#6071 = VECTOR('',#6072,1.);
#6072 = DIRECTION('',(0.,1.));
#6073 = ( GEOMETRIC_REPRESENTATION_CONTEXT(2) 
PARAMETRIC_REPRESENTATION_CONTEXT() REPRESENTATION_CONTEXT('2D SPACE',''
  ) );
#6074 = ORIENTED_EDGE('',*,*,#6075,.T.);
#6075 = EDGE_CURVE('',#6053,#6076,#6078,.T.);
#6076 = VERTEX_POINT('',#6077);
#6077 = CARTESIAN_POINT('',(-54.50083767664,37.274609119791,
    54.999999999999));
#6078 = SURFACE_CURVE('',#6079,(#6090,#6104),.PCURVE_S1.);
#6079 = B_SPLINE_CURVE_WITH_KNOTS('',3,(#6080,#6081,#6082,#6083,#6084,
    #6085,#6086,#6087,#6088,#6089),.UNSPECIFIED.,.F.,.F.,(4,2,2,2,4),(
    0.838336988199,0.843866342884,0.849395697569,0.854925052254,
    0.860454406939),.UNSPECIFIED.);
#6080 = CARTESIAN_POINT('',(-57.27460911979,34.50083767664,
    54.999999999999));
#6081 = CARTESIAN_POINT('',(-57.27460911979,34.837442817212,
    54.999999999999));
#6082 = CARTESIAN_POINT('',(-57.20557919267,35.211998395389,
    54.999999999999));
#6083 = CARTESIAN_POINT('',(-56.9375693861,35.873467734594,
    54.999999999999));
#6084 = CARTESIAN_POINT('',(-56.71926218832,36.2053215385,
    54.999999999999));
#6085 = CARTESIAN_POINT('',(-56.2053215385,36.719262188322,
    54.999999999999));
#6086 = CARTESIAN_POINT('',(-55.87346773458,36.937569386102,
    54.999999999999));
#6087 = CARTESIAN_POINT('',(-55.21199839539,37.205579192674,
    54.999999999999));
#6088 = CARTESIAN_POINT('',(-54.8374428172,37.274609119791,
    54.999999999999));
#6089 = CARTESIAN_POINT('',(-54.50083767664,37.274609119791,
    54.999999999999));
#6090 = PCURVE('',#4941,#6091);
#6091 = DEFINITIONAL_REPRESENTATION('',(#6092),#6103);
#6092 = B_SPLINE_CURVE_WITH_KNOTS('',3,(#6093,#6094,#6095,#6096,#6097,
    #6098,#6099,#6100,#6101,#6102),.UNSPECIFIED.,.F.,.F.,(4,2,2,2,4),(
    0.838336988199,0.843866342884,0.849395697569,0.854925052254,
    0.860454406939),.UNSPECIFIED.);
#6093 = CARTESIAN_POINT('',(-57.27460911979,-34.50083767664));
#6094 = CARTESIAN_POINT('',(-57.27460911979,-34.83744281721));
#6095 = CARTESIAN_POINT('',(-57.20557919267,-35.21199839538));
#6096 = CARTESIAN_POINT('',(-56.9375693861,-35.87346773459));
#6097 = CARTESIAN_POINT('',(-56.71926218832,-36.2053215385));
#6098 = CARTESIAN_POINT('',(-56.2053215385,-36.71926218832));
#6099 = CARTESIAN_POINT('',(-55.87346773458,-36.9375693861));
#6100 = CARTESIAN_POINT('',(-55.21199839539,-37.20557919267));
#6101 = CARTESIAN_POINT('',(-54.8374428172,-37.27460911979));
#6102 = CARTESIAN_POINT('',(-54.50083767664,-37.27460911979));
#6103 = ( GEOMETRIC_REPRESENTATION_CONTEXT(2) 
PARAMETRIC_REPRESENTATION_CONTEXT() REPRESENTATION_CONTEXT('2D SPACE',''
  ) );
#6104 = PCURVE('',#6105,#6110);
#6105 = TOROIDAL_SURFACE('',#6106,2.774276478073,2.000177970677);
#6106 = AXIS2_PLACEMENT_3D('',#6107,#6108,#6109);
#6107 = CARTESIAN_POINT('',(-54.50000799868,34.500007998683,
    52.999798442838));
#6108 = DIRECTION('',(-2.669249955805E-15,4.65562064698E-15,1.));
#6109 = DIRECTION('',(-0.707106781187,0.707106781186,-5.179465674543E-15
    ));
#6110 = DEFINITIONAL_REPRESENTATION('',(#6111),#6137);
#6111 = B_SPLINE_CURVE_WITH_KNOTS('',3,(#6112,#6113,#6114,#6115,#6116,
    #6117,#6118,#6119,#6120,#6121,#6122,#6123,#6124,#6125,#6126,#6127,
    #6128,#6129,#6130,#6131,#6132,#6133,#6134,#6135,#6136),
  .UNSPECIFIED.,.F.,.F.,(4,1,1,1,1,1,1,1,1,1,1,1,1,1,1,1,1,1,1,1,1,1,4),
  (0.838336988199,0.839342325415,0.84034766263,0.841352999846,
    0.842358337061,0.843363674277,0.844369011492,0.845374348707,
    0.846379685923,0.847385023138,0.848390360354,0.849395697569,
    0.850401034784,0.851406372,0.852411709215,0.853417046431,
    0.854422383646,0.855427720862,0.856433058077,0.857438395292,
    0.858443732508,0.859449069723,0.860454406939),
  .QUASI_UNIFORM_KNOTS.);
#6112 = CARTESIAN_POINT('',(7.068284444556,1.570633959618));
#6113 = CARTESIAN_POINT('',(7.046230452893,1.570649578646));
#6114 = CARTESIAN_POINT('',(7.001203877715,1.570844088092));
#6115 = CARTESIAN_POINT('',(6.931656979196,1.571267358285));
#6116 = CARTESIAN_POINT('',(6.860833348367,1.571337968383));
#6117 = CARTESIAN_POINT('',(6.78952781593,1.571012255159));
#6118 = CARTESIAN_POINT('',(6.71836695075,1.570479637578));
#6119 = CARTESIAN_POINT('',(6.648397078451,1.570452924972));
#6120 = CARTESIAN_POINT('',(6.576102091702,1.571000903073));
#6121 = CARTESIAN_POINT('',(6.502641449323,1.571317630805));
#6122 = CARTESIAN_POINT('',(6.42876243268,1.571183465755));
#6123 = CARTESIAN_POINT('',(6.355146810525,1.570676099954));
#6124 = CARTESIAN_POINT('',(6.28318530718,1.570247519126));
#6125 = CARTESIAN_POINT('',(6.211223803835,1.570676099953));
#6126 = CARTESIAN_POINT('',(6.137608181679,1.571183465755));
#6127 = CARTESIAN_POINT('',(6.063729165035,1.571317630806));
#6128 = CARTESIAN_POINT('',(5.990268522656,1.571000903073));
#6129 = CARTESIAN_POINT('',(5.917973535908,1.570452924973));
#6130 = CARTESIAN_POINT('',(5.84800366361,1.570479637577));
#6131 = CARTESIAN_POINT('',(5.77684279843,1.571012255159));
#6132 = CARTESIAN_POINT('',(5.705537265992,1.571337968383));
#6133 = CARTESIAN_POINT('',(5.634713635162,1.571267358285));
#6134 = CARTESIAN_POINT('',(5.565166736643,1.570844088092));
#6135 = CARTESIAN_POINT('',(5.520140161466,1.570649578646));
#6136 = CARTESIAN_POINT('',(5.498086169803,1.570633959618));
#6137 = ( GEOMETRIC_REPRESENTATION_CONTEXT(2) 
PARAMETRIC_REPRESENTATION_CONTEXT() REPRESENTATION_CONTEXT('2D SPACE',''
  ) );
#6138 = ORIENTED_EDGE('',*,*,#6139,.T.);
#6139 = EDGE_CURVE('',#6076,#5808,#6140,.T.);
#6140 = SURFACE_CURVE('',#6141,(#6145,#6152),.PCURVE_S1.);
#6141 = LINE('',#6142,#6143);
#6142 = CARTESIAN_POINT('',(-54.50083767664,37.274609119791,
    54.999999999999));
#6143 = VECTOR('',#6144,1.);
#6144 = DIRECTION('',(1.,0.,0.));
#6145 = PCURVE('',#4941,#6146);
#6146 = DEFINITIONAL_REPRESENTATION('',(#6147),#6151);
#6147 = LINE('',#6148,#6149);
#6148 = CARTESIAN_POINT('',(-54.50083767664,-37.27460911979));
#6149 = VECTOR('',#6150,1.);
#6150 = DIRECTION('',(1.,0.));
#6151 = ( GEOMETRIC_REPRESENTATION_CONTEXT(2) 
PARAMETRIC_REPRESENTATION_CONTEXT() REPRESENTATION_CONTEXT('2D SPACE',''
  ) );
#6152 = PCURVE('',#679,#6153);
#6153 = DEFINITIONAL_REPRESENTATION('',(#6154),#6158);
#6154 = LINE('',#6155,#6156);
#6155 = CARTESIAN_POINT('',(3.14159265359,0.));
#6156 = VECTOR('',#6157,1.);
#6157 = DIRECTION('',(0.,1.));
#6158 = ( GEOMETRIC_REPRESENTATION_CONTEXT(2) 
PARAMETRIC_REPRESENTATION_CONTEXT() REPRESENTATION_CONTEXT('2D SPACE',''
  ) );
#6159 = FACE_BOUND('',#6160,.T.);
#6160 = EDGE_LOOP('',(#6161,#6186,#6209,#6232));
#6161 = ORIENTED_EDGE('',*,*,#6162,.T.);
#6162 = EDGE_CURVE('',#6163,#6165,#6167,.T.);
#6163 = VERTEX_POINT('',#6164);
#6164 = CARTESIAN_POINT('',(-37.27460911979,-17.27460911979,55.));
#6165 = VERTEX_POINT('',#6166);
#6166 = CARTESIAN_POINT('',(37.274609119791,-17.27460911979,55.));
#6167 = SURFACE_CURVE('',#6168,(#6172,#6179),.PCURVE_S1.);
#6168 = LINE('',#6169,#6170);
#6169 = CARTESIAN_POINT('',(0.,-17.27460911979,55.));
#6170 = VECTOR('',#6171,1.);
#6171 = DIRECTION('',(1.,0.,0.));
#6172 = PCURVE('',#4941,#6173);
#6173 = DEFINITIONAL_REPRESENTATION('',(#6174),#6178);
#6174 = LINE('',#6175,#6176);
#6175 = CARTESIAN_POINT('',(0.,17.274609119791));
#6176 = VECTOR('',#6177,1.);
#6177 = DIRECTION('',(1.,0.));
#6178 = ( GEOMETRIC_REPRESENTATION_CONTEXT(2) 
PARAMETRIC_REPRESENTATION_CONTEXT() REPRESENTATION_CONTEXT('2D SPACE',''
  ) );
#6179 = PCURVE('',#4861,#6180);
#6180 = DEFINITIONAL_REPRESENTATION('',(#6181),#6185);
#6181 = LINE('',#6182,#6183);
#6182 = CARTESIAN_POINT('',(171.53430108163,3.469446951954E-15));
#6183 = VECTOR('',#6184,1.);
#6184 = DIRECTION('',(0.,1.));
#6185 = ( GEOMETRIC_REPRESENTATION_CONTEXT(2) 
PARAMETRIC_REPRESENTATION_CONTEXT() REPRESENTATION_CONTEXT('2D SPACE',''
  ) );
#6186 = ORIENTED_EDGE('',*,*,#6187,.T.);
#6187 = EDGE_CURVE('',#6165,#6188,#6190,.T.);
#6188 = VERTEX_POINT('',#6189);
#6189 = CARTESIAN_POINT('',(37.274609119791,17.274609119791,55.));
#6190 = SURFACE_CURVE('',#6191,(#6195,#6202),.PCURVE_S1.);
#6191 = LINE('',#6192,#6193);
#6192 = CARTESIAN_POINT('',(37.274609119791,-3.367778697655E-15,55.));
#6193 = VECTOR('',#6194,1.);
#6194 = DIRECTION('',(0.,1.,6.123233995737E-17));
#6195 = PCURVE('',#4941,#6196);
#6196 = DEFINITIONAL_REPRESENTATION('',(#6197),#6201);
#6197 = LINE('',#6198,#6199);
#6198 = CARTESIAN_POINT('',(37.274609119791,0.));
#6199 = VECTOR('',#6200,1.);
#6200 = DIRECTION('',(0.,-1.));
#6201 = ( GEOMETRIC_REPRESENTATION_CONTEXT(2) 
PARAMETRIC_REPRESENTATION_CONTEXT() REPRESENTATION_CONTEXT('2D SPACE',''
  ) );
#6202 = PCURVE('',#4833,#6203);
#6203 = DEFINITIONAL_REPRESENTATION('',(#6204),#6208);
#6204 = LINE('',#6205,#6206);
#6205 = CARTESIAN_POINT('',(171.53430108163,1.108451679146E-13));
#6206 = VECTOR('',#6207,1.);
#6207 = DIRECTION('',(6.123233995737E-17,1.));
#6208 = ( GEOMETRIC_REPRESENTATION_CONTEXT(2) 
PARAMETRIC_REPRESENTATION_CONTEXT() REPRESENTATION_CONTEXT('2D SPACE',''
  ) );
#6209 = ORIENTED_EDGE('',*,*,#6210,.T.);
#6210 = EDGE_CURVE('',#6188,#6211,#6213,.T.);
#6211 = VERTEX_POINT('',#6212);
#6212 = CARTESIAN_POINT('',(-37.27460911979,17.274609119791,55.));
#6213 = SURFACE_CURVE('',#6214,(#6218,#6225),.PCURVE_S1.);
#6214 = LINE('',#6215,#6216);
#6215 = CARTESIAN_POINT('',(0.,17.274609119791,55.));
#6216 = VECTOR('',#6217,1.);
#6217 = DIRECTION('',(-1.,0.,0.));
#6218 = PCURVE('',#4941,#6219);
#6219 = DEFINITIONAL_REPRESENTATION('',(#6220),#6224);
#6220 = LINE('',#6221,#6222);
#6221 = CARTESIAN_POINT('',(0.,-17.27460911979));
#6222 = VECTOR('',#6223,1.);
#6223 = DIRECTION('',(-1.,-0.));
#6224 = ( GEOMETRIC_REPRESENTATION_CONTEXT(2) 
PARAMETRIC_REPRESENTATION_CONTEXT() REPRESENTATION_CONTEXT('2D SPACE',''
  ) );
#6225 = PCURVE('',#4915,#6226);
#6226 = DEFINITIONAL_REPRESENTATION('',(#6227),#6231);
#6227 = LINE('',#6228,#6229);
#6228 = CARTESIAN_POINT('',(-171.5343010816,0.));
#6229 = VECTOR('',#6230,1.);
#6230 = DIRECTION('',(0.,-1.));
#6231 = ( GEOMETRIC_REPRESENTATION_CONTEXT(2) 
PARAMETRIC_REPRESENTATION_CONTEXT() REPRESENTATION_CONTEXT('2D SPACE',''
  ) );
#6232 = ORIENTED_EDGE('',*,*,#6233,.T.);
#6233 = EDGE_CURVE('',#6211,#6163,#6234,.T.);
#6234 = SURFACE_CURVE('',#6235,(#6239,#6246),.PCURVE_S1.);
#6235 = LINE('',#6236,#6237);
#6236 = CARTESIAN_POINT('',(-37.27460911979,-3.367778697655E-15,55.));
#6237 = VECTOR('',#6238,1.);
#6238 = DIRECTION('',(0.,-1.,-6.123233995737E-17));
#6239 = PCURVE('',#4941,#6240);
#6240 = DEFINITIONAL_REPRESENTATION('',(#6241),#6245);
#6241 = LINE('',#6242,#6243);
#6242 = CARTESIAN_POINT('',(-37.27460911979,-0.));
#6243 = VECTOR('',#6244,1.);
#6244 = DIRECTION('',(0.,1.));
#6245 = ( GEOMETRIC_REPRESENTATION_CONTEXT(2) 
PARAMETRIC_REPRESENTATION_CONTEXT() REPRESENTATION_CONTEXT('2D SPACE',''
  ) );
#6246 = PCURVE('',#4889,#6247);
#6247 = DEFINITIONAL_REPRESENTATION('',(#6248),#6252);
#6248 = LINE('',#6249,#6250);
#6249 = CARTESIAN_POINT('',(-171.5343010816,1.143146148666E-13));
#6250 = VECTOR('',#6251,1.);
#6251 = DIRECTION('',(6.123233995737E-17,-1.));
#6252 = ( GEOMETRIC_REPRESENTATION_CONTEXT(2) 
PARAMETRIC_REPRESENTATION_CONTEXT() REPRESENTATION_CONTEXT('2D SPACE',''
  ) );
#6253 = ADVANCED_FACE('',(#6254),#5055,.F.);
#6254 = FACE_BOUND('',#6255,.T.);
#6255 = EDGE_LOOP('',(#6256,#6280,#6300));
#6256 = ORIENTED_EDGE('',*,*,#6257,.T.);
#6257 = EDGE_CURVE('',#5018,#6258,#6260,.T.);
#6258 = VERTEX_POINT('',#6259);
#6259 = CARTESIAN_POINT('',(-57.07476001463,-34.50083767664,
    54.996590294702));
#6260 = SURFACE_CURVE('',#6261,(#6266,#6274),.PCURVE_S1.);
#6261 = B_SPLINE_CURVE_WITH_KNOTS('',3,(#6262,#6263,#6264,#6265),
  .UNSPECIFIED.,.F.,.F.,(4,4),(8.043542221324E-05,4.707539753815E-04),
  .PIECEWISE_BEZIER_KNOTS.);
#6262 = CARTESIAN_POINT('',(-57.07457865418,-34.11053405758,
    54.999999999999));
#6263 = CARTESIAN_POINT('',(-57.0746024943,-34.24064123635,
    54.999551788823));
#6264 = CARTESIAN_POINT('',(-57.07464864188,-34.3707447763,
    54.998684181425));
#6265 = CARTESIAN_POINT('',(-57.07476001463,-34.50083767664,
    54.996590294702));
#6266 = PCURVE('',#5055,#6267);
#6267 = DEFINITIONAL_REPRESENTATION('',(#6268),#6273);
#6268 = B_SPLINE_CURVE_WITH_KNOTS('',3,(#6269,#6270,#6271,#6272),
  .UNSPECIFIED.,.F.,.F.,(4,4),(8.043542221324E-05,4.707539753815E-04),
  .PIECEWISE_BEZIER_KNOTS.);
#6269 = CARTESIAN_POINT('',(-27.53887293468,0.390303619055));
#6270 = CARTESIAN_POINT('',(-27.53842408993,0.260196440284));
#6271 = CARTESIAN_POINT('',(-27.53755525611,0.130092900336));
#6272 = CARTESIAN_POINT('',(-27.53545840955,0.));
#6273 = ( GEOMETRIC_REPRESENTATION_CONTEXT(2) 
PARAMETRIC_REPRESENTATION_CONTEXT() REPRESENTATION_CONTEXT('2D SPACE',''
  ) );
#6274 = PCURVE('',#4953,#6275);
#6275 = DEFINITIONAL_REPRESENTATION('',(#6276),#6279);
#6276 = B_SPLINE_CURVE_WITH_KNOTS('',1,(#6277,#6278),.UNSPECIFIED.,.F.,
  .F.,(2,2),(8.043542221324E-05,4.707539753815E-04),
  .PIECEWISE_BEZIER_KNOTS.);
#6277 = CARTESIAN_POINT('',(2.989156035013,4.73467833259));
#6278 = CARTESIAN_POINT('',(2.882422705536,4.774692650677));
#6279 = ( GEOMETRIC_REPRESENTATION_CONTEXT(2) 
PARAMETRIC_REPRESENTATION_CONTEXT() REPRESENTATION_CONTEXT('2D SPACE',''
  ) );
#6280 = ORIENTED_EDGE('',*,*,#6281,.T.);
#6281 = EDGE_CURVE('',#6258,#5040,#6282,.T.);
#6282 = SURFACE_CURVE('',#6283,(#6287,#6294),.PCURVE_S1.);
#6283 = LINE('',#6284,#6285);
#6284 = CARTESIAN_POINT('',(-58.53728932709,-34.50083767664,27.5));
#6285 = VECTOR('',#6286,1.);
#6286 = DIRECTION('',(5.311439855865E-02,-6.006989935472E-16,
    0.998588434074));
#6287 = PCURVE('',#5055,#6288);
#6288 = DEFINITIONAL_REPRESENTATION('',(#6289),#6293);
#6289 = LINE('',#6290,#6291);
#6290 = CARTESIAN_POINT('',(3.547698789226E-15,-6.137133922186E-34));
#6291 = VECTOR('',#6292,1.);
#6292 = DIRECTION('',(-1.,-6.006989935472E-16));
#6293 = ( GEOMETRIC_REPRESENTATION_CONTEXT(2) 
PARAMETRIC_REPRESENTATION_CONTEXT() REPRESENTATION_CONTEXT('2D SPACE',''
  ) );
#6294 = PCURVE('',#5097,#6295);
#6295 = DEFINITIONAL_REPRESENTATION('',(#6296),#6299);
#6296 = B_SPLINE_CURVE_WITH_KNOTS('',1,(#6297,#6298),.UNSPECIFIED.,.F.,
  .F.,(2,2),(27.535458409558,27.538872934683),.PIECEWISE_BEZIER_KNOTS.);
#6297 = CARTESIAN_POINT('',(6.199464176914E-05,0.661663011801));
#6298 = CARTESIAN_POINT('',(-1.296848863071E-16,0.661663011801));
#6299 = ( GEOMETRIC_REPRESENTATION_CONTEXT(2) 
PARAMETRIC_REPRESENTATION_CONTEXT() REPRESENTATION_CONTEXT('2D SPACE',''
  ) );
#6300 = ORIENTED_EDGE('',*,*,#5039,.T.);
#6301 = ADVANCED_FACE('',(#6302),#5575,.F.);
#6302 = FACE_BOUND('',#6303,.T.);
#6303 = EDGE_LOOP('',(#6304,#6328,#6329));
#6304 = ORIENTED_EDGE('',*,*,#6305,.T.);
#6305 = EDGE_CURVE('',#6306,#5374,#6308,.T.);
#6306 = VERTEX_POINT('',#6307);
#6307 = CARTESIAN_POINT('',(54.50083767664,37.07476001463,
    54.996590294702));
#6308 = SURFACE_CURVE('',#6309,(#6314,#6322),.PCURVE_S1.);
#6309 = B_SPLINE_CURVE_WITH_KNOTS('',3,(#6310,#6311,#6312,#6313),
  .UNSPECIFIED.,.F.,.F.,(4,4),(5.020568485008E-05,4.405242380573E-04),
  .PIECEWISE_BEZIER_KNOTS.);
#6310 = CARTESIAN_POINT('',(54.50083767664,37.07476001463,
    54.996590294702));
#6311 = CARTESIAN_POINT('',(54.370744776291,37.074648641886,
    54.998684181426));
#6312 = CARTESIAN_POINT('',(54.240641236329,37.074602494301,
    54.999551788823));
#6313 = CARTESIAN_POINT('',(54.110534057545,37.074578654182,
    54.999999999999));
#6314 = PCURVE('',#5575,#6315);
#6315 = DEFINITIONAL_REPRESENTATION('',(#6316),#6321);
#6316 = B_SPLINE_CURVE_WITH_KNOTS('',3,(#6317,#6318,#6319,#6320),
  .UNSPECIFIED.,.F.,.F.,(4,4),(5.020568485008E-05,4.405242380573E-04),
  .PIECEWISE_BEZIER_KNOTS.);
#6317 = CARTESIAN_POINT('',(-27.53545840955,109.00167535328));
#6318 = CARTESIAN_POINT('',(-27.53755525612,108.87158245293));
#6319 = CARTESIAN_POINT('',(-27.53842408993,108.74147891296));
#6320 = CARTESIAN_POINT('',(-27.53887293468,108.61137173418));
#6321 = ( GEOMETRIC_REPRESENTATION_CONTEXT(2) 
PARAMETRIC_REPRESENTATION_CONTEXT() REPRESENTATION_CONTEXT('2D SPACE',''
  ) );
#6322 = PCURVE('',#5389,#6323);
#6323 = DEFINITIONAL_REPRESENTATION('',(#6324),#6327);
#6324 = B_SPLINE_CURVE_WITH_KNOTS('',1,(#6325,#6326),.UNSPECIFIED.,.F.,
  .F.,(2,2),(5.020568485008E-05,4.405242380573E-04),
  .PIECEWISE_BEZIER_KNOTS.);
#6325 = CARTESIAN_POINT('',(0.259169948056,4.77469265068));
#6326 = CARTESIAN_POINT('',(0.152436618569,4.73467833259));
#6327 = ( GEOMETRIC_REPRESENTATION_CONTEXT(2) 
PARAMETRIC_REPRESENTATION_CONTEXT() REPRESENTATION_CONTEXT('2D SPACE',''
  ) );
#6328 = ORIENTED_EDGE('',*,*,#5561,.T.);
#6329 = ORIENTED_EDGE('',*,*,#6330,.F.);
#6330 = EDGE_CURVE('',#6306,#5504,#6331,.T.);
#6331 = SURFACE_CURVE('',#6332,(#6336,#6343),.PCURVE_S1.);
#6332 = LINE('',#6333,#6334);
#6333 = CARTESIAN_POINT('',(54.50083767664,38.537289327091,27.5));
#6334 = VECTOR('',#6335,1.);
#6335 = DIRECTION('',(0.,-5.311439855866E-02,0.998588434074));
#6336 = PCURVE('',#5575,#6337);
#6337 = DEFINITIONAL_REPRESENTATION('',(#6338),#6342);
#6338 = LINE('',#6339,#6340);
#6339 = CARTESIAN_POINT('',(0.,109.00167535328));
#6340 = VECTOR('',#6341,1.);
#6341 = DIRECTION('',(-1.,0.));
#6342 = ( GEOMETRIC_REPRESENTATION_CONTEXT(2) 
PARAMETRIC_REPRESENTATION_CONTEXT() REPRESENTATION_CONTEXT('2D SPACE',''
  ) );
#6343 = PCURVE('',#5533,#6344);
#6344 = DEFINITIONAL_REPRESENTATION('',(#6345),#6348);
#6345 = B_SPLINE_CURVE_WITH_KNOTS('',1,(#6346,#6347),.UNSPECIFIED.,.F.,
  .F.,(2,2),(27.535458409559,27.538872934683),.PIECEWISE_BEZIER_KNOTS.);
#6346 = CARTESIAN_POINT('',(6.199464176182E-05,0.139545593061));
#6347 = CARTESIAN_POINT('',(1.426516083877E-17,0.139545593061));
#6348 = ( GEOMETRIC_REPRESENTATION_CONTEXT(2) 
PARAMETRIC_REPRESENTATION_CONTEXT() REPRESENTATION_CONTEXT('2D SPACE',''
  ) );
#6349 = ADVANCED_FACE('',(#6350),#5687,.F.);
#6350 = FACE_BOUND('',#6351,.T.);
#6351 = EDGE_LOOP('',(#6352,#6376,#6396));
#6352 = ORIENTED_EDGE('',*,*,#6353,.T.);
#6353 = EDGE_CURVE('',#5650,#6354,#6356,.T.);
#6354 = VERTEX_POINT('',#6355);
#6355 = CARTESIAN_POINT('',(54.50083767664,-37.07475973622,
    54.996595528964));
#6356 = SURFACE_CURVE('',#6357,(#6362,#6370),.PCURVE_S1.);
#6357 = B_SPLINE_CURVE_WITH_KNOTS('',3,(#6358,#6359,#6360,#6361),
  .UNSPECIFIED.,.F.,.F.,(4,4),(6.810559420571E-05,4.410403079841E-04),
  .PIECEWISE_BEZIER_KNOTS.);
#6358 = CARTESIAN_POINT('',(54.127918546123,-37.07457865418,
    54.999999999999));
#6359 = CARTESIAN_POINT('',(54.252230907118,-37.07460444515,
    54.999515111427));
#6360 = CARTESIAN_POINT('',(54.376539458841,-37.0746522418,
    54.998616500411));
#6361 = CARTESIAN_POINT('',(54.50083767664,-37.07475973622,
    54.996595528964));
#6362 = PCURVE('',#5687,#6363);
#6363 = DEFINITIONAL_REPRESENTATION('',(#6364),#6369);
#6364 = B_SPLINE_CURVE_WITH_KNOTS('',3,(#6365,#6366,#6367,#6368),
  .UNSPECIFIED.,.F.,.F.,(4,4),(6.810559420571E-05,4.410403079841E-04),
  .PIECEWISE_BEZIER_KNOTS.);
#6365 = CARTESIAN_POINT('',(27.538872934683,-0.372919130517));
#6366 = CARTESIAN_POINT('',(27.538387360691,-0.248606769522));
#6367 = CARTESIAN_POINT('',(27.537487479434,-0.124298217799));
#6368 = CARTESIAN_POINT('',(27.535463651219,0.));
#6369 = ( GEOMETRIC_REPRESENTATION_CONTEXT(2) 
PARAMETRIC_REPRESENTATION_CONTEXT() REPRESENTATION_CONTEXT('2D SPACE',''
  ) );
#6370 = PCURVE('',#5615,#6371);
#6371 = DEFINITIONAL_REPRESENTATION('',(#6372),#6375);
#6372 = B_SPLINE_CURVE_WITH_KNOTS('',1,(#6373,#6374),.UNSPECIFIED.,.F.,
  .F.,(2,2),(6.810559420571E-05,4.410403079841E-04),
  .PIECEWISE_BEZIER_KNOTS.);
#6373 = CARTESIAN_POINT('',(1.414098706582,4.736774176194));
#6374 = CARTESIAN_POINT('',(1.312241259895,4.775340222076));
#6375 = ( GEOMETRIC_REPRESENTATION_CONTEXT(2) 
PARAMETRIC_REPRESENTATION_CONTEXT() REPRESENTATION_CONTEXT('2D SPACE',''
  ) );
#6376 = ORIENTED_EDGE('',*,*,#6377,.T.);
#6377 = EDGE_CURVE('',#6354,#5672,#6378,.T.);
#6378 = SURFACE_CURVE('',#6379,(#6383,#6390),.PCURVE_S1.);
#6379 = LINE('',#6380,#6381);
#6380 = CARTESIAN_POINT('',(54.50083767664,-38.53728932709,27.5));
#6381 = VECTOR('',#6382,1.);
#6382 = DIRECTION('',(-5.631040869099E-31,5.311439855865E-02,
    0.998588434074));
#6383 = PCURVE('',#5687,#6384);
#6384 = DEFINITIONAL_REPRESENTATION('',(#6385),#6389);
#6385 = LINE('',#6386,#6387);
#6386 = CARTESIAN_POINT('',(0.,0.));
#6387 = VECTOR('',#6388,1.);
#6388 = DIRECTION('',(1.,-5.631040869099E-31));
#6389 = ( GEOMETRIC_REPRESENTATION_CONTEXT(2) 
PARAMETRIC_REPRESENTATION_CONTEXT() REPRESENTATION_CONTEXT('2D SPACE',''
  ) );
#6390 = PCURVE('',#5729,#6391);
#6391 = DEFINITIONAL_REPRESENTATION('',(#6392),#6395);
#6392 = B_SPLINE_CURVE_WITH_KNOTS('',1,(#6393,#6394),.UNSPECIFIED.,.F.,
  .F.,(2,2),(27.535463651219,27.538872934683),.PIECEWISE_BEZIER_KNOTS.);
#6393 = CARTESIAN_POINT('',(6.189947337078E-05,0.360454406939));
#6394 = CARTESIAN_POINT('',(-2.166682145844E-16,0.360454406939));
#6395 = ( GEOMETRIC_REPRESENTATION_CONTEXT(2) 
PARAMETRIC_REPRESENTATION_CONTEXT() REPRESENTATION_CONTEXT('2D SPACE',''
  ) );
#6396 = ORIENTED_EDGE('',*,*,#5671,.T.);
#6397 = ADVANCED_FACE('',(#6398),#5773,.F.);
#6398 = FACE_BOUND('',#6399,.T.);
#6399 = EDGE_LOOP('',(#6400,#6424,#6425));
#6400 = ORIENTED_EDGE('',*,*,#6401,.T.);
#6401 = EDGE_CURVE('',#6402,#5758,#6404,.T.);
#6402 = VERTEX_POINT('',#6403);
#6403 = CARTESIAN_POINT('',(57.07476001463,-34.50083767664,
    54.996590294702));
#6404 = SURFACE_CURVE('',#6405,(#6410,#6418),.PCURVE_S1.);
#6405 = B_SPLINE_CURVE_WITH_KNOTS('',3,(#6406,#6407,#6408,#6409),
  .UNSPECIFIED.,.F.,.F.,(4,4),(5.020568485008E-05,4.4052423805E-04),
  .PIECEWISE_BEZIER_KNOTS.);
#6406 = CARTESIAN_POINT('',(57.07476001463,-34.50083767664,
    54.996590294702));
#6407 = CARTESIAN_POINT('',(57.074648641886,-34.37074477629,
    54.998684181426));
#6408 = CARTESIAN_POINT('',(57.074602494301,-34.24064123633,
    54.999551788823));
#6409 = CARTESIAN_POINT('',(57.074578654182,-34.11053405755,
    54.999999999999));
#6410 = PCURVE('',#5773,#6411);
#6411 = DEFINITIONAL_REPRESENTATION('',(#6412),#6417);
#6412 = B_SPLINE_CURVE_WITH_KNOTS('',3,(#6413,#6414,#6415,#6416),
  .UNSPECIFIED.,.F.,.F.,(4,4),(5.020568485008E-05,4.4052423805E-04),
  .PIECEWISE_BEZIER_KNOTS.);
#6413 = CARTESIAN_POINT('',(27.535458409559,-69.00167535328));
#6414 = CARTESIAN_POINT('',(27.53755525612,-68.87158245293));
#6415 = CARTESIAN_POINT('',(27.538424089933,-68.74147891297));
#6416 = CARTESIAN_POINT('',(27.538872934683,-68.61137173419));
#6417 = ( GEOMETRIC_REPRESENTATION_CONTEXT(2) 
PARAMETRIC_REPRESENTATION_CONTEXT() REPRESENTATION_CONTEXT('2D SPACE',''
  ) );
#6418 = PCURVE('',#5615,#6419);
#6419 = DEFINITIONAL_REPRESENTATION('',(#6420),#6423);
#6420 = B_SPLINE_CURVE_WITH_KNOTS('',1,(#6421,#6422),.UNSPECIFIED.,.F.,
  .F.,(2,2),(5.020568485008E-05,4.4052423805E-04),
  .PIECEWISE_BEZIER_KNOTS.);
#6421 = CARTESIAN_POINT('',(0.259169948056,4.77469265068));
#6422 = CARTESIAN_POINT('',(0.152436618571,4.734678332591));
#6423 = ( GEOMETRIC_REPRESENTATION_CONTEXT(2) 
PARAMETRIC_REPRESENTATION_CONTEXT() REPRESENTATION_CONTEXT('2D SPACE',''
  ) );
#6424 = ORIENTED_EDGE('',*,*,#5757,.T.);
#6425 = ORIENTED_EDGE('',*,*,#6426,.F.);
#6426 = EDGE_CURVE('',#6402,#5700,#6427,.T.);
#6427 = SURFACE_CURVE('',#6428,(#6432,#6439),.PCURVE_S1.);
#6428 = LINE('',#6429,#6430);
#6429 = CARTESIAN_POINT('',(58.537289327091,-34.50083767664,27.5));
#6430 = VECTOR('',#6431,1.);
#6431 = DIRECTION('',(-5.311439855865E-02,-6.11459064727E-17,
    0.998588434074));
#6432 = PCURVE('',#5773,#6433);
#6433 = DEFINITIONAL_REPRESENTATION('',(#6434),#6438);
#6434 = LINE('',#6435,#6436);
#6435 = CARTESIAN_POINT('',(0.,-69.00167535328));
#6436 = VECTOR('',#6437,1.);
#6437 = DIRECTION('',(1.,-6.11459064727E-17));
#6438 = ( GEOMETRIC_REPRESENTATION_CONTEXT(2) 
PARAMETRIC_REPRESENTATION_CONTEXT() REPRESENTATION_CONTEXT('2D SPACE',''
  ) );
#6439 = PCURVE('',#5729,#6440);
#6440 = DEFINITIONAL_REPRESENTATION('',(#6441),#6444);
#6441 = B_SPLINE_CURVE_WITH_KNOTS('',1,(#6442,#6443),.UNSPECIFIED.,.F.,
  .F.,(2,2),(27.535458409559,27.538872934683),.PIECEWISE_BEZIER_KNOTS.);
#6442 = CARTESIAN_POINT('',(6.199464176174E-05,0.338336988199));
#6443 = CARTESIAN_POINT('',(-8.689946455651E-17,0.338336988199));
#6444 = ( GEOMETRIC_REPRESENTATION_CONTEXT(2) 
PARAMETRIC_REPRESENTATION_CONTEXT() REPRESENTATION_CONTEXT('2D SPACE',''
  ) );
#6445 = ADVANCED_FACE('',(#6446),#6105,.F.);
#6446 = FACE_BOUND('',#6447,.F.);
#6447 = EDGE_LOOP('',(#6448,#6469,#6470,#6491));
#6448 = ORIENTED_EDGE('',*,*,#6449,.T.);
#6449 = EDGE_CURVE('',#4216,#6053,#6450,.T.);
#6450 = SURFACE_CURVE('',#6451,(#6456,#6462),.PCURVE_S1.);
#6451 = CIRCLE('',#6452,1.999998217696);
#6452 = AXIS2_PLACEMENT_3D('',#6453,#6454,#6455);
#6453 = CARTESIAN_POINT('',(-57.27460911979,34.50083767664,
    53.000001782303));
#6454 = DIRECTION('',(0.,1.,6.123233995737E-17));
#6455 = DIRECTION('',(2.187598666851E-15,6.123233995737E-17,-1.));
#6456 = PCURVE('',#6105,#6457);
#6457 = DEFINITIONAL_REPRESENTATION('',(#6458),#6461);
#6458 = B_SPLINE_CURVE_WITH_KNOTS('',1,(#6459,#6460),.UNSPECIFIED.,.F.,
  .F.,(2,2),(1.588249492312,3.14159265359),.PIECEWISE_BEZIER_KNOTS.);
#6459 = CARTESIAN_POINT('',(7.068409690365,1.755197012888E-02));
#6460 = CARTESIAN_POINT('',(7.068284444556,1.570633959618));
#6461 = ( GEOMETRIC_REPRESENTATION_CONTEXT(2) 
PARAMETRIC_REPRESENTATION_CONTEXT() REPRESENTATION_CONTEXT('2D SPACE',''
  ) );
#6462 = PCURVE('',#4254,#6463);
#6463 = DEFINITIONAL_REPRESENTATION('',(#6464),#6468);
#6464 = LINE('',#6465,#6466);
#6465 = CARTESIAN_POINT('',(3.14159265359,69.00167535328));
#6466 = VECTOR('',#6467,1.);
#6467 = DIRECTION('',(1.,0.));
#6468 = ( GEOMETRIC_REPRESENTATION_CONTEXT(2) 
PARAMETRIC_REPRESENTATION_CONTEXT() REPRESENTATION_CONTEXT('2D SPACE',''
  ) );
#6469 = ORIENTED_EDGE('',*,*,#6075,.T.);
#6470 = ORIENTED_EDGE('',*,*,#6471,.F.);
#6471 = EDGE_CURVE('',#664,#6076,#6472,.T.);
#6472 = SURFACE_CURVE('',#6473,(#6478,#6484),.PCURVE_S1.);
#6473 = CIRCLE('',#6474,1.999998217696);
#6474 = AXIS2_PLACEMENT_3D('',#6475,#6476,#6477);
#6475 = CARTESIAN_POINT('',(-54.50083767664,37.274609119791,
    53.000001782303));
#6476 = DIRECTION('',(1.,0.,0.));
#6477 = DIRECTION('',(0.,0.,-1.));
#6478 = PCURVE('',#6105,#6479);
#6479 = DEFINITIONAL_REPRESENTATION('',(#6480),#6483);
#6480 = B_SPLINE_CURVE_WITH_KNOTS('',1,(#6481,#6482),.UNSPECIFIED.,.F.,
  .F.,(2,2),(1.588249492312,3.14159265359),.PIECEWISE_BEZIER_KNOTS.);
#6481 = CARTESIAN_POINT('',(5.497960923994,1.755197012888E-02));
#6482 = CARTESIAN_POINT('',(5.498086169803,1.570633959618));
#6483 = ( GEOMETRIC_REPRESENTATION_CONTEXT(2) 
PARAMETRIC_REPRESENTATION_CONTEXT() REPRESENTATION_CONTEXT('2D SPACE',''
  ) );
#6484 = PCURVE('',#679,#6485);
#6485 = DEFINITIONAL_REPRESENTATION('',(#6486),#6490);
#6486 = LINE('',#6487,#6488);
#6487 = CARTESIAN_POINT('',(8.881784197001E-16,-3.907985046681E-13));
#6488 = VECTOR('',#6489,1.);
#6489 = DIRECTION('',(1.,0.));
#6490 = ( GEOMETRIC_REPRESENTATION_CONTEXT(2) 
PARAMETRIC_REPRESENTATION_CONTEXT() REPRESENTATION_CONTEXT('2D SPACE',''
  ) );
#6491 = ORIENTED_EDGE('',*,*,#6492,.F.);
#6492 = EDGE_CURVE('',#4216,#664,#6493,.T.);
#6493 = SURFACE_CURVE('',#6494,(#6505,#6534),.PCURVE_S1.);
#6494 = B_SPLINE_CURVE_WITH_KNOTS('',3,(#6495,#6496,#6497,#6498,#6499,
    #6500,#6501,#6502,#6503,#6504),.UNSPECIFIED.,.F.,.F.,(4,2,2,2,4),(
    0.838336988199,0.843866342884,0.849395697569,0.854925052254,
    0.860454406939),.UNSPECIFIED.);
#6495 = CARTESIAN_POINT('',(-59.27430272807,34.50083767664,
    53.034906564073));
#6496 = CARTESIAN_POINT('',(-59.27430272807,35.091656854126,
    53.034906564073));
#6497 = CARTESIAN_POINT('',(-59.16017731546,35.71302213471,
    53.034906564073));
#6498 = CARTESIAN_POINT('',(-58.68965973787,36.87429573912,
    53.034906564073));
#6499 = CARTESIAN_POINT('',(-58.32801542399,37.424562124247,
    53.034906564073));
#6500 = CARTESIAN_POINT('',(-57.42456212424,38.328015423996,
    53.034906564073));
#6501 = CARTESIAN_POINT('',(-56.87429573912,38.689659737876,
    53.034906564073));
#6502 = CARTESIAN_POINT('',(-55.71302213471,39.160177315467,
    53.034906564073));
#6503 = CARTESIAN_POINT('',(-55.09165685412,39.274302728071,
    53.034906564073));
#6504 = CARTESIAN_POINT('',(-54.50083767664,39.274302728071,
    53.034906564073));
#6505 = PCURVE('',#6105,#6506);
#6506 = DEFINITIONAL_REPRESENTATION('',(#6507),#6533);
#6507 = B_SPLINE_CURVE_WITH_KNOTS('',3,(#6508,#6509,#6510,#6511,#6512,
    #6513,#6514,#6515,#6516,#6517,#6518,#6519,#6520,#6521,#6522,#6523,
    #6524,#6525,#6526,#6527,#6528,#6529,#6530,#6531,#6532),
  .UNSPECIFIED.,.F.,.F.,(4,1,1,1,1,1,1,1,1,1,1,1,1,1,1,1,1,1,1,1,1,1,4),
  (0.838336988199,0.839342325415,0.84034766263,0.841352999846,
    0.842358337061,0.843363674277,0.844369011492,0.845374348707,
    0.846379685923,0.847385023138,0.848390360354,0.849395697569,
    0.850401034784,0.851406372,0.852411709215,0.853417046431,
    0.854422383646,0.855427720862,0.856433058077,0.857438395292,
    0.858443732508,0.859449069723,0.860454406939),
  .QUASI_UNIFORM_KNOTS.);
#6508 = CARTESIAN_POINT('',(7.068409690365,1.755209711072E-02));
#6509 = CARTESIAN_POINT('',(7.045909871511,1.755219766369E-02));
#6510 = CARTESIAN_POINT('',(7.000486343977,1.755397655605E-02));
#6511 = CARTESIAN_POINT('',(6.931283717247,1.755788118008E-02));
#6512 = CARTESIAN_POINT('',(6.861219500802,1.755823714444E-02));
#6513 = CARTESIAN_POINT('',(6.790494499536,1.75547670539E-02));
#6514 = CARTESIAN_POINT('',(6.719268392516,1.754941304923E-02));
#6515 = CARTESIAN_POINT('',(6.647716954552,1.754895357095E-02));
#6516 = CARTESIAN_POINT('',(6.575399502875,1.755440100879E-02));
#6517 = CARTESIAN_POINT('',(6.502578761672,1.755746536655E-02));
#6518 = CARTESIAN_POINT('',(6.4294598456,1.755596376863E-02));
#6519 = CARTESIAN_POINT('',(6.356236986931,1.755073198196E-02));
#6520 = CARTESIAN_POINT('',(6.28318530718,1.754636826649E-02));
#6521 = CARTESIAN_POINT('',(6.210133627428,1.755073198196E-02));
#6522 = CARTESIAN_POINT('',(6.136910768759,1.755596376864E-02));
#6523 = CARTESIAN_POINT('',(6.063791852687,1.755746536655E-02));
#6524 = CARTESIAN_POINT('',(5.990971111484,1.75544010088E-02));
#6525 = CARTESIAN_POINT('',(5.918653659807,1.754895357096E-02));
#6526 = CARTESIAN_POINT('',(5.847102221844,1.754941304924E-02));
#6527 = CARTESIAN_POINT('',(5.775876114823,1.75547670539E-02));
#6528 = CARTESIAN_POINT('',(5.705151113557,1.755823714446E-02));
#6529 = CARTESIAN_POINT('',(5.635086897112,1.755788118009E-02));
#6530 = CARTESIAN_POINT('',(5.565884270382,1.755397655606E-02));
#6531 = CARTESIAN_POINT('',(5.520460742848,1.75521976637E-02));
#6532 = CARTESIAN_POINT('',(5.497960923994,1.755209711073E-02));
#6533 = ( GEOMETRIC_REPRESENTATION_CONTEXT(2) 
PARAMETRIC_REPRESENTATION_CONTEXT() REPRESENTATION_CONTEXT('2D SPACE',''
  ) );
#6534 = PCURVE('',#707,#6535);
#6535 = DEFINITIONAL_REPRESENTATION('',(#6536),#6562);
#6536 = B_SPLINE_CURVE_WITH_KNOTS('',3,(#6537,#6538,#6539,#6540,#6541,
    #6542,#6543,#6544,#6545,#6546,#6547,#6548,#6549,#6550,#6551,#6552,
    #6553,#6554,#6555,#6556,#6557,#6558,#6559,#6560,#6561),
  .UNSPECIFIED.,.F.,.F.,(4,1,1,1,1,1,1,1,1,1,1,1,1,1,1,1,1,1,1,1,1,1,4),
  (0.838336988199,0.839342325415,0.84034766263,0.841352999846,
    0.842358337061,0.843363674277,0.844369011492,0.845374348707,
    0.846379685923,0.847385023138,0.848390360354,0.849395697569,
    0.850401034784,0.851406372,0.852411709215,0.853417046431,
    0.854422383646,0.855427720862,0.856433058077,0.857438395292,
    0.858443732508,0.859449069723,0.860454406939),
  .QUASI_UNIFORM_KNOTS.);
#6537 = CARTESIAN_POINT('',(-0.785298007277,4.578018546582E-06));
#6538 = CARTESIAN_POINT('',(-0.7627965324,4.239296886731E-06));
#6539 = CARTESIAN_POINT('',(-0.717369549555,4.323863061897E-07));
#6540 = CARTESIAN_POINT('',(-0.648161335783,-7.710243268373E-06));
#6541 = CARTESIAN_POINT('',(-0.578091148638,-8.767562426601E-06));
#6542 = CARTESIAN_POINT('',(-0.507359831972,-2.18702319303E-06));
#6543 = CARTESIAN_POINT('',(-0.4361271078,8.182301527462E-06));
#6544 = CARTESIAN_POINT('',(-0.364568804203,8.854355470903E-06));
#6545 = CARTESIAN_POINT('',(-0.292244224308,-2.185058958227E-06));
#6546 = CARTESIAN_POINT('',(-0.219416142642,-8.43660288506E-06));
#6547 = CARTESIAN_POINT('',(-0.14628973214,-5.567507745977E-06));
#6548 = CARTESIAN_POINT('',(-7.3059286847E-02,4.767407360866E-06));
#6549 = CARTESIAN_POINT('',(-2.402921863557E-14,1.342867464937E-05));
#6550 = CARTESIAN_POINT('',(7.305928684696E-02,4.76740736286E-06));
#6551 = CARTESIAN_POINT('',(0.14628973214,-5.567507759906E-06));
#6552 = CARTESIAN_POINT('',(0.219416142642,-8.436602885589E-06));
#6553 = CARTESIAN_POINT('',(0.292244224308,-2.185058963112E-06));
#6554 = CARTESIAN_POINT('',(0.364568804203,8.854355466691E-06));
#6555 = CARTESIAN_POINT('',(0.4361271078,8.182301521011E-06));
#6556 = CARTESIAN_POINT('',(0.507359831972,-2.187023200221E-06));
#6557 = CARTESIAN_POINT('',(0.578091148638,-8.767562435008E-06));
#6558 = CARTESIAN_POINT('',(0.648161335783,-7.710243277313E-06));
#6559 = CARTESIAN_POINT('',(0.717369549555,4.323862965026E-07));
#6560 = CARTESIAN_POINT('',(0.7627965324,4.239296876419E-06));
#6561 = CARTESIAN_POINT('',(0.785298007277,4.578018535886E-06));
#6562 = ( GEOMETRIC_REPRESENTATION_CONTEXT(2) 
PARAMETRIC_REPRESENTATION_CONTEXT() REPRESENTATION_CONTEXT('2D SPACE',''
  ) );
#6563 = ADVANCED_FACE('',(#6564),#707,.F.);
#6564 = FACE_BOUND('',#6565,.F.);
#6565 = EDGE_LOOP('',(#6566,#6567,#6568,#6569));
#6566 = ORIENTED_EDGE('',*,*,#691,.T.);
#6567 = ORIENTED_EDGE('',*,*,#2303,.T.);
#6568 = ORIENTED_EDGE('',*,*,#4215,.F.);
#6569 = ORIENTED_EDGE('',*,*,#6492,.T.);
#6570 = ADVANCED_FACE('',(#6571),#5315,.F.);
#6571 = FACE_BOUND('',#6572,.F.);
#6572 = EDGE_LOOP('',(#6573,#6595,#6596,#6618));
#6573 = ORIENTED_EDGE('',*,*,#6574,.T.);
#6574 = EDGE_CURVE('',#6575,#5258,#6577,.T.);
#6575 = VERTEX_POINT('',#6576);
#6576 = CARTESIAN_POINT('',(-54.50083767664,37.074759736223,
    54.996595528964));
#6577 = SURFACE_CURVE('',#6578,(#6582,#6588),.PCURVE_S1.);
#6578 = LINE('',#6579,#6580);
#6579 = CARTESIAN_POINT('',(-54.50083767664,38.537289327091,27.5));
#6580 = VECTOR('',#6581,1.);
#6581 = DIRECTION('',(0.,-5.311439855866E-02,0.998588434074));
#6582 = PCURVE('',#5315,#6583);
#6583 = DEFINITIONAL_REPRESENTATION('',(#6584),#6587);
#6584 = B_SPLINE_CURVE_WITH_KNOTS('',1,(#6585,#6586),.UNSPECIFIED.,.F.,
  .F.,(2,2),(27.535463651219,27.538872934683),.PIECEWISE_BEZIER_KNOTS.);
#6585 = CARTESIAN_POINT('',(6.189947336916E-05,0.860454406939));
#6586 = CARTESIAN_POINT('',(-4.842745335874E-17,0.860454406939));
#6587 = ( GEOMETRIC_REPRESENTATION_CONTEXT(2) 
PARAMETRIC_REPRESENTATION_CONTEXT() REPRESENTATION_CONTEXT('2D SPACE',''
  ) );
#6588 = PCURVE('',#5273,#6589);
#6589 = DEFINITIONAL_REPRESENTATION('',(#6590),#6594);
#6590 = LINE('',#6591,#6592);
#6591 = CARTESIAN_POINT('',(0.,-3.907985046681E-13));
#6592 = VECTOR('',#6593,1.);
#6593 = DIRECTION('',(-1.,0.));
#6594 = ( GEOMETRIC_REPRESENTATION_CONTEXT(2) 
PARAMETRIC_REPRESENTATION_CONTEXT() REPRESENTATION_CONTEXT('2D SPACE',''
  ) );
#6595 = ORIENTED_EDGE('',*,*,#5285,.F.);
#6596 = ORIENTED_EDGE('',*,*,#6597,.F.);
#6597 = EDGE_CURVE('',#6598,#5286,#6600,.T.);
#6598 = VERTEX_POINT('',#6599);
#6599 = CARTESIAN_POINT('',(-57.07476001463,34.50083767664,
    54.996590294703));
#6600 = SURFACE_CURVE('',#6601,(#6605,#6611),.PCURVE_S1.);
#6601 = LINE('',#6602,#6603);
#6602 = CARTESIAN_POINT('',(-58.53728932709,34.50083767664,27.5));
#6603 = VECTOR('',#6604,1.);
#6604 = DIRECTION('',(5.311439855865E-02,-6.11459064727E-17,
    0.998588434074));
#6605 = PCURVE('',#5315,#6606);
#6606 = DEFINITIONAL_REPRESENTATION('',(#6607),#6610);
#6607 = B_SPLINE_CURVE_WITH_KNOTS('',1,(#6608,#6609),.UNSPECIFIED.,.F.,
  .F.,(2,2),(27.535458409559,27.538872934683),.PIECEWISE_BEZIER_KNOTS.);
#6608 = CARTESIAN_POINT('',(6.199464175265E-05,0.838336988199));
#6609 = CARTESIAN_POINT('',(-8.236529719152E-17,0.838336988199));
#6610 = ( GEOMETRIC_REPRESENTATION_CONTEXT(2) 
PARAMETRIC_REPRESENTATION_CONTEXT() REPRESENTATION_CONTEXT('2D SPACE',''
  ) );
#6611 = PCURVE('',#5357,#6612);
#6612 = DEFINITIONAL_REPRESENTATION('',(#6613),#6617);
#6613 = LINE('',#6614,#6615);
#6614 = CARTESIAN_POINT('',(2.159501382606E-32,69.00167535328));
#6615 = VECTOR('',#6616,1.);
#6616 = DIRECTION('',(-1.,-6.11459064727E-17));
#6617 = ( GEOMETRIC_REPRESENTATION_CONTEXT(2) 
PARAMETRIC_REPRESENTATION_CONTEXT() REPRESENTATION_CONTEXT('2D SPACE',''
  ) );
#6618 = ORIENTED_EDGE('',*,*,#6619,.F.);
#6619 = EDGE_CURVE('',#6575,#6598,#6620,.T.);
#6620 = SURFACE_CURVE('',#6621,(#6627,#6656),.PCURVE_S1.);
#6621 = B_SPLINE_CURVE_WITH_KNOTS('',3,(#6622,#6623,#6624,#6625,#6626),
  .UNSPECIFIED.,.F.,.F.,(4,1,4),(2.013475237726E-16,2.02396575542E-03,
    4.047931510841E-03),.UNSPECIFIED.);
#6622 = CARTESIAN_POINT('',(-54.50083767664,37.074759736223,
    54.996595528964));
#6623 = CARTESIAN_POINT('',(-55.1755228511,37.075343211125,
    54.985625786213));
#6624 = CARTESIAN_POINT('',(-56.51873154077,36.51937913313,
    54.938255087496));
#6625 = CARTESIAN_POINT('',(-57.07533785982,35.175810338088,
    54.985726394437));
#6626 = CARTESIAN_POINT('',(-57.07476001463,34.50083767664,
    54.996590294702));
#6627 = PCURVE('',#5315,#6628);
#6628 = DEFINITIONAL_REPRESENTATION('',(#6629),#6655);
#6629 = B_SPLINE_CURVE_WITH_KNOTS('',3,(#6630,#6631,#6632,#6633,#6634,
    #6635,#6636,#6637,#6638,#6639,#6640,#6641,#6642,#6643,#6644,#6645,
    #6646,#6647,#6648,#6649,#6650,#6651,#6652,#6653,#6654),
  .UNSPECIFIED.,.F.,.F.,(4,1,1,1,1,1,1,1,1,1,1,1,1,1,1,1,1,1,1,1,1,1,4),
  (2.013475237726E-16,1.839968868566E-04,3.67993773713E-04,
    5.519906605694E-04,7.359875474258E-04,9.199844342821E-04,
    1.103981321139E-03,1.287978207995E-03,1.471975094851E-03,
    1.655971981708E-03,1.839968868564E-03,2.02396575542E-03,
    2.207962642277E-03,2.391959529133E-03,2.57595641599E-03,
    2.759953302846E-03,2.943950189702E-03,3.127947076559E-03,
    3.311943963415E-03,3.495940850272E-03,3.679937737128E-03,
    3.863934623984E-03,4.047931510841E-03),.QUASI_UNIFORM_KNOTS.);
#6630 = CARTESIAN_POINT('',(6.189947336921E-05,0.860454406939));
#6631 = CARTESIAN_POINT('',(8.010168743744E-05,0.860091500867));
#6632 = CARTESIAN_POINT('',(1.204310908493E-04,0.859382414288));
#6633 = CARTESIAN_POINT('',(1.892585653988E-04,0.858353390815));
#6634 = CARTESIAN_POINT('',(2.626995791266E-04,0.857342182433));
#6635 = CARTESIAN_POINT('',(3.380082602856E-04,0.856336271383));
#6636 = CARTESIAN_POINT('',(4.127524374974E-04,0.855324013987));
#6637 = CARTESIAN_POINT('',(4.856366164536E-04,0.854294562906));
#6638 = CARTESIAN_POINT('',(5.533451965838E-04,0.853305382576));
#6639 = CARTESIAN_POINT('',(6.113441775039E-04,0.852331539583));
#6640 = CARTESIAN_POINT('',(6.561975023682E-04,0.851363856141));
#6641 = CARTESIAN_POINT('',(6.848756489155E-04,0.850392947292));
#6642 = CARTESIAN_POINT('',(6.949304486324E-04,0.849397267595));
#6643 = CARTESIAN_POINT('',(6.846110389473E-04,0.848401403195));
#6644 = CARTESIAN_POINT('',(6.556881153772E-04,0.847430357688));
#6645 = CARTESIAN_POINT('',(6.10619376431E-04,0.84646248829));
#6646 = CARTESIAN_POINT('',(5.524463184572E-04,0.845488439548));
#6647 = CARTESIAN_POINT('',(4.846165567823E-04,0.844499046268));
#6648 = CARTESIAN_POINT('',(4.116745387977E-04,0.843469310306));
#6649 = CARTESIAN_POINT('',(3.369558865087E-04,0.842456668393));
#6650 = CARTESIAN_POINT('',(2.6176451015E-04,0.841450405014));
#6651 = CARTESIAN_POINT('',(1.885428162829E-04,0.840438829457));
#6652 = CARTESIAN_POINT('',(1.200471757039E-04,0.839409420914));
#6653 = CARTESIAN_POINT('',(8.00220326454E-05,0.838700048076));
#6654 = CARTESIAN_POINT('',(6.199464176009E-05,0.838336988199));
#6655 = ( GEOMETRIC_REPRESENTATION_CONTEXT(2) 
PARAMETRIC_REPRESENTATION_CONTEXT() REPRESENTATION_CONTEXT('2D SPACE',''
  ) );
#6656 = PCURVE('',#5171,#6657);
#6657 = DEFINITIONAL_REPRESENTATION('',(#6658),#6684);
#6658 = B_SPLINE_CURVE_WITH_KNOTS('',3,(#6659,#6660,#6661,#6662,#6663,
    #6664,#6665,#6666,#6667,#6668,#6669,#6670,#6671,#6672,#6673,#6674,
    #6675,#6676,#6677,#6678,#6679,#6680,#6681,#6682,#6683),
  .UNSPECIFIED.,.F.,.F.,(4,1,1,1,1,1,1,1,1,1,1,1,1,1,1,1,1,1,1,1,1,1,4),
  (2.013475237726E-16,1.839968868566E-04,3.67993773713E-04,
    5.519906605694E-04,7.359875474258E-04,9.199844342821E-04,
    1.103981321139E-03,1.287978207995E-03,1.471975094851E-03,
    1.655971981708E-03,1.839968868564E-03,2.02396575542E-03,
    2.207962642277E-03,2.391959529133E-03,2.57595641599E-03,
    2.759953302846E-03,2.943950189702E-03,3.127947076559E-03,
    3.311943963415E-03,3.495940850272E-03,3.679937737128E-03,
    3.863934623984E-03,4.047931510841E-03),.QUASI_UNIFORM_KNOTS.);
#6659 = CARTESIAN_POINT('',(4.453833913485,4.775340222076));
#6660 = CARTESIAN_POINT('',(4.437469138497,4.783210283077));
#6661 = CARTESIAN_POINT('',(4.404849951028,4.798192328806));
#6662 = CARTESIAN_POINT('',(4.356215396128,4.818489556398));
#6663 = CARTESIAN_POINT('',(4.307833516189,4.836722126833));
#6664 = CARTESIAN_POINT('',(4.259679175299,4.852956437881));
#6665 = CARTESIAN_POINT('',(4.211732882829,4.867227141591));
#6666 = CARTESIAN_POINT('',(4.163979048843,4.879532721922));
#6667 = CARTESIAN_POINT('',(4.11640219965,4.889836943362));
#6668 = CARTESIAN_POINT('',(4.068984009457,4.898069725944));
#6669 = CARTESIAN_POINT('',(4.021700392451,4.90412903591));
#6670 = CARTESIAN_POINT('',(3.974518469796,4.907883319832));
#6671 = CARTESIAN_POINT('',(3.927394551041,4.909174521666));
#6672 = CARTESIAN_POINT('',(3.880268350951,4.907822089808));
#6673 = CARTESIAN_POINT('',(3.83308006984,4.904007103212));
#6674 = CARTESIAN_POINT('',(3.785786463032,4.897887937315));
#6675 = CARTESIAN_POINT('',(3.738355056415,4.889596295744));
#6676 = CARTESIAN_POINT('',(3.690762124001,4.879234188573));
#6677 = CARTESIAN_POINT('',(3.64298964884,4.86687150434));
#6678 = CARTESIAN_POINT('',(3.595022406272,4.852544123539));
#6679 = CARTESIAN_POINT('',(3.54684498603,4.836253052138));
#6680 = CARTESIAN_POINT('',(3.498437989916,4.817962982042));
#6681 = CARTESIAN_POINT('',(3.449776288638,4.797606740293));
#6682 = CARTESIAN_POINT('',(3.417137541277,4.782583738107));
#6683 = CARTESIAN_POINT('',(3.400762601645,4.77469265068));
#6684 = ( GEOMETRIC_REPRESENTATION_CONTEXT(2) 
PARAMETRIC_REPRESENTATION_CONTEXT() REPRESENTATION_CONTEXT('2D SPACE',''
  ) );
#6685 = ADVANCED_FACE('',(#6686),#4254,.F.);
#6686 = FACE_BOUND('',#6687,.F.);
#6687 = EDGE_LOOP('',(#6688,#6689,#6690,#6711));
#6688 = ORIENTED_EDGE('',*,*,#6449,.F.);
#6689 = ORIENTED_EDGE('',*,*,#4238,.F.);
#6690 = ORIENTED_EDGE('',*,*,#6691,.T.);
#6691 = EDGE_CURVE('',#4239,#5989,#6692,.T.);
#6692 = SURFACE_CURVE('',#6693,(#6698,#6705),.PCURVE_S1.);
#6693 = CIRCLE('',#6694,1.999998217696);
#6694 = AXIS2_PLACEMENT_3D('',#6695,#6696,#6697);
#6695 = CARTESIAN_POINT('',(-57.27460911979,-34.50083767664,
    53.000001782303));
#6696 = DIRECTION('',(1.015832056309E-14,1.,6.123233995737E-17));
#6697 = DIRECTION('',(2.187598666851E-15,6.123233995735E-17,-1.));
#6698 = PCURVE('',#4254,#6699);
#6699 = DEFINITIONAL_REPRESENTATION('',(#6700),#6704);
#6700 = LINE('',#6701,#6702);
#6701 = CARTESIAN_POINT('',(3.14159265359,4.311157819544E-14));
#6702 = VECTOR('',#6703,1.);
#6703 = DIRECTION('',(1.,-1.372284154859E-14));
#6704 = ( GEOMETRIC_REPRESENTATION_CONTEXT(2) 
PARAMETRIC_REPRESENTATION_CONTEXT() REPRESENTATION_CONTEXT('2D SPACE',''
  ) );
#6705 = PCURVE('',#6018,#6706);
#6706 = DEFINITIONAL_REPRESENTATION('',(#6707),#6710);
#6707 = B_SPLINE_CURVE_WITH_KNOTS('',1,(#6708,#6709),.UNSPECIFIED.,.F.,
  .F.,(2,2),(1.588249492312,3.14159265359),.PIECEWISE_BEZIER_KNOTS.);
#6708 = CARTESIAN_POINT('',(5.497960923993,1.755197012882E-02));
#6709 = CARTESIAN_POINT('',(5.498086169802,1.570633959618));
#6710 = ( GEOMETRIC_REPRESENTATION_CONTEXT(2) 
PARAMETRIC_REPRESENTATION_CONTEXT() REPRESENTATION_CONTEXT('2D SPACE',''
  ) );
#6711 = ORIENTED_EDGE('',*,*,#6052,.T.);
#6712 = ADVANCED_FACE('',(#6713),#5357,.F.);
#6713 = FACE_BOUND('',#6714,.T.);
#6714 = EDGE_LOOP('',(#6715,#6737,#6738));
#6715 = ORIENTED_EDGE('',*,*,#6716,.T.);
#6716 = EDGE_CURVE('',#6598,#5156,#6717,.T.);
#6717 = SURFACE_CURVE('',#6718,(#6723,#6731),.PCURVE_S1.);
#6718 = B_SPLINE_CURVE_WITH_KNOTS('',3,(#6719,#6720,#6721,#6722),
  .UNSPECIFIED.,.F.,.F.,(4,4),(5.020568485009E-05,4.405242380509E-04),
  .PIECEWISE_BEZIER_KNOTS.);
#6719 = CARTESIAN_POINT('',(-57.07476001463,34.50083767664,
    54.996590294702));
#6720 = CARTESIAN_POINT('',(-57.07464864188,34.370744776293,
    54.998684181426));
#6721 = CARTESIAN_POINT('',(-57.0746024943,34.240641236334,
    54.999551788823));
#6722 = CARTESIAN_POINT('',(-57.07457865418,34.110534057552,
    54.999999999999));
#6723 = PCURVE('',#5357,#6724);
#6724 = DEFINITIONAL_REPRESENTATION('',(#6725),#6730);
#6725 = B_SPLINE_CURVE_WITH_KNOTS('',3,(#6726,#6727,#6728,#6729),
  .UNSPECIFIED.,.F.,.F.,(4,4),(5.020568485009E-05,4.405242380509E-04),
  .PIECEWISE_BEZIER_KNOTS.);
#6726 = CARTESIAN_POINT('',(-27.53545840955,69.00167535328));
#6727 = CARTESIAN_POINT('',(-27.53755525612,68.871582452933));
#6728 = CARTESIAN_POINT('',(-27.53842408993,68.741478912973));
#6729 = CARTESIAN_POINT('',(-27.53887293468,68.611371734191));
#6730 = ( GEOMETRIC_REPRESENTATION_CONTEXT(2) 
PARAMETRIC_REPRESENTATION_CONTEXT() REPRESENTATION_CONTEXT('2D SPACE',''
  ) );
#6731 = PCURVE('',#5171,#6732);
#6732 = DEFINITIONAL_REPRESENTATION('',(#6733),#6736);
#6733 = B_SPLINE_CURVE_WITH_KNOTS('',1,(#6734,#6735),.UNSPECIFIED.,.F.,
  .F.,(2,2),(5.020568485009E-05,4.405242380509E-04),
  .PIECEWISE_BEZIER_KNOTS.);
#6734 = CARTESIAN_POINT('',(3.400762601645,4.77469265068));
#6735 = CARTESIAN_POINT('',(3.29402927216,4.734678332591));
#6736 = ( GEOMETRIC_REPRESENTATION_CONTEXT(2) 
PARAMETRIC_REPRESENTATION_CONTEXT() REPRESENTATION_CONTEXT('2D SPACE',''
  ) );
#6737 = ORIENTED_EDGE('',*,*,#5343,.T.);
#6738 = ORIENTED_EDGE('',*,*,#6597,.F.);
#6739 = ADVANCED_FACE('',(#6740),#6018,.F.);
#6740 = FACE_BOUND('',#6741,.F.);
#6741 = EDGE_LOOP('',(#6742,#6763,#6764,#6765));
#6742 = ORIENTED_EDGE('',*,*,#6743,.T.);
#6743 = EDGE_CURVE('',#3278,#5966,#6744,.T.);
#6744 = SURFACE_CURVE('',#6745,(#6750,#6756),.PCURVE_S1.);
#6745 = CIRCLE('',#6746,1.999998217696);
#6746 = AXIS2_PLACEMENT_3D('',#6747,#6748,#6749);
#6747 = CARTESIAN_POINT('',(-54.50083767664,-37.27460911979,
    53.000001782303));
#6748 = DIRECTION('',(-1.,0.,0.));
#6749 = DIRECTION('',(0.,4.375197333702E-15,-1.));
#6750 = PCURVE('',#6018,#6751);
#6751 = DEFINITIONAL_REPRESENTATION('',(#6752),#6755);
#6752 = B_SPLINE_CURVE_WITH_KNOTS('',1,(#6753,#6754),.UNSPECIFIED.,.F.,
  .F.,(2,2),(1.588249492312,3.14159265359),.PIECEWISE_BEZIER_KNOTS.);
#6753 = CARTESIAN_POINT('',(7.068409690366,1.755197012877E-02));
#6754 = CARTESIAN_POINT('',(7.068284444558,1.570633959617));
#6755 = ( GEOMETRIC_REPRESENTATION_CONTEXT(2) 
PARAMETRIC_REPRESENTATION_CONTEXT() REPRESENTATION_CONTEXT('2D SPACE',''
  ) );
#6756 = PCURVE('',#3316,#6757);
#6757 = DEFINITIONAL_REPRESENTATION('',(#6758),#6762);
#6758 = LINE('',#6759,#6760);
#6759 = CARTESIAN_POINT('',(3.14159265359,109.00167535328));
#6760 = VECTOR('',#6761,1.);
#6761 = DIRECTION('',(1.,0.));
#6762 = ( GEOMETRIC_REPRESENTATION_CONTEXT(2) 
PARAMETRIC_REPRESENTATION_CONTEXT() REPRESENTATION_CONTEXT('2D SPACE',''
  ) );
#6763 = ORIENTED_EDGE('',*,*,#5988,.T.);
#6764 = ORIENTED_EDGE('',*,*,#6691,.F.);
#6765 = ORIENTED_EDGE('',*,*,#6766,.F.);
#6766 = EDGE_CURVE('',#3278,#4239,#6767,.T.);
#6767 = SURFACE_CURVE('',#6768,(#6779,#6808),.PCURVE_S1.);
#6768 = B_SPLINE_CURVE_WITH_KNOTS('',3,(#6769,#6770,#6771,#6772,#6773,
    #6774,#6775,#6776,#6777,#6778),.UNSPECIFIED.,.F.,.F.,(4,2,2,2,4),(
    0.639545593061,0.645074947746,0.650604302431,0.656133657116,
    0.661663011801),.UNSPECIFIED.);
#6769 = CARTESIAN_POINT('',(-54.50083767664,-39.27430272807,
    53.034906564072));
#6770 = CARTESIAN_POINT('',(-55.09165685412,-39.27430272807,
    53.034906564072));
#6771 = CARTESIAN_POINT('',(-55.7130221347,-39.16017731545,
    53.034906564073));
#6772 = CARTESIAN_POINT('',(-56.87429573912,-38.68965973788,
    53.034906564073));
#6773 = CARTESIAN_POINT('',(-57.42456212424,-38.32801542399,
    53.034906564073));
#6774 = CARTESIAN_POINT('',(-58.32801542399,-37.42456212424,
    53.034906564073));
#6775 = CARTESIAN_POINT('',(-58.68965973787,-36.87429573911,
    53.034906564073));
#6776 = CARTESIAN_POINT('',(-59.16017731546,-35.71302213471,
    53.034906564073));
#6777 = CARTESIAN_POINT('',(-59.27430272807,-35.09165685412,
    53.034906564073));
#6778 = CARTESIAN_POINT('',(-59.27430272807,-34.50083767664,
    53.034906564073));
#6779 = PCURVE('',#6018,#6780);
#6780 = DEFINITIONAL_REPRESENTATION('',(#6781),#6807);
#6781 = B_SPLINE_CURVE_WITH_KNOTS('',3,(#6782,#6783,#6784,#6785,#6786,
    #6787,#6788,#6789,#6790,#6791,#6792,#6793,#6794,#6795,#6796,#6797,
    #6798,#6799,#6800,#6801,#6802,#6803,#6804,#6805,#6806),
  .UNSPECIFIED.,.F.,.F.,(4,1,1,1,1,1,1,1,1,1,1,1,1,1,1,1,1,1,1,1,1,1,4),
  (0.639545593061,0.640550930277,0.641556267492,0.642561604708,
    0.643566941923,0.644572279138,0.645577616354,0.646582953569,
    0.647588290785,0.648593628,0.649598965216,0.650604302431,
    0.651609639646,0.652614976862,0.653620314077,0.654625651293,
    0.655630988508,0.656636325723,0.657641662939,0.658647000154,
    0.65965233737,0.660657674585,0.661663011801),.QUASI_UNIFORM_KNOTS.);
#6782 = CARTESIAN_POINT('',(7.068409690366,1.755209711061E-02));
#6783 = CARTESIAN_POINT('',(7.045909871512,1.755219766358E-02));
#6784 = CARTESIAN_POINT('',(7.000486343978,1.755397655595E-02));
#6785 = CARTESIAN_POINT('',(6.931283717247,1.755788118E-02));
#6786 = CARTESIAN_POINT('',(6.861219500803,1.755823714439E-02));
#6787 = CARTESIAN_POINT('',(6.790494499536,1.755476705386E-02));
#6788 = CARTESIAN_POINT('',(6.719268392516,1.754941304919E-02));
#6789 = CARTESIAN_POINT('',(6.647716954552,1.754895357087E-02));
#6790 = CARTESIAN_POINT('',(6.575399502875,1.75544010087E-02));
#6791 = CARTESIAN_POINT('',(6.502578761673,1.755746536646E-02));
#6792 = CARTESIAN_POINT('',(6.429459845601,1.755596376857E-02));
#6793 = CARTESIAN_POINT('',(6.356236986931,1.75507319819E-02));
#6794 = CARTESIAN_POINT('',(6.28318530718,1.754636826643E-02));
#6795 = CARTESIAN_POINT('',(6.210133627428,1.755073198189E-02));
#6796 = CARTESIAN_POINT('',(6.136910768759,1.755596376858E-02));
#6797 = CARTESIAN_POINT('',(6.063791852686,1.755746536649E-02));
#6798 = CARTESIAN_POINT('',(5.990971111484,1.755440100874E-02));
#6799 = CARTESIAN_POINT('',(5.918653659807,1.75489535709E-02));
#6800 = CARTESIAN_POINT('',(5.847102221843,1.754941304917E-02));
#6801 = CARTESIAN_POINT('',(5.775876114823,1.755476705384E-02));
#6802 = CARTESIAN_POINT('',(5.705151113556,1.755823714439E-02));
#6803 = CARTESIAN_POINT('',(5.635086897112,1.755788118003E-02));
#6804 = CARTESIAN_POINT('',(5.565884270381,1.7553976556E-02));
#6805 = CARTESIAN_POINT('',(5.520460742847,1.755219766364E-02));
#6806 = CARTESIAN_POINT('',(5.497960923993,1.755209711066E-02));
#6807 = ( GEOMETRIC_REPRESENTATION_CONTEXT(2) 
PARAMETRIC_REPRESENTATION_CONTEXT() REPRESENTATION_CONTEXT('2D SPACE',''
  ) );
#6808 = PCURVE('',#2790,#6809);
#6809 = DEFINITIONAL_REPRESENTATION('',(#6810),#6836);
#6810 = B_SPLINE_CURVE_WITH_KNOTS('',3,(#6811,#6812,#6813,#6814,#6815,
    #6816,#6817,#6818,#6819,#6820,#6821,#6822,#6823,#6824,#6825,#6826,
    #6827,#6828,#6829,#6830,#6831,#6832,#6833,#6834,#6835),
  .UNSPECIFIED.,.F.,.F.,(4,1,1,1,1,1,1,1,1,1,1,1,1,1,1,1,1,1,1,1,1,1,4),
  (0.639545593061,0.640550930277,0.641556267492,0.642561604708,
    0.643566941923,0.644572279138,0.645577616354,0.646582953569,
    0.647588290785,0.648593628,0.649598965216,0.650604302431,
    0.651609639646,0.652614976862,0.653620314077,0.654625651293,
    0.655630988508,0.656636325723,0.657641662939,0.658647000154,
    0.65965233737,0.660657674585,0.661663011801),.QUASI_UNIFORM_KNOTS.);
#6811 = CARTESIAN_POINT('',(-0.785298007277,4.57801860898E-06));
#6812 = CARTESIAN_POINT('',(-0.7627965324,4.239296954272E-06));
#6813 = CARTESIAN_POINT('',(-0.717369549555,4.323863614405E-07));
#6814 = CARTESIAN_POINT('',(-0.648161335783,-7.710243264817E-06));
#6815 = CARTESIAN_POINT('',(-0.578091148638,-8.767562473722E-06));
#6816 = CARTESIAN_POINT('',(-0.507359831972,-2.187023254877E-06));
#6817 = CARTESIAN_POINT('',(-0.4361271078,8.182301450024E-06));
#6818 = CARTESIAN_POINT('',(-0.364568804203,8.854355496393E-06));
#6819 = CARTESIAN_POINT('',(-0.292244224308,-2.18505892491E-06));
#6820 = CARTESIAN_POINT('',(-0.219416142642,-8.43660284708E-06));
#6821 = CARTESIAN_POINT('',(-0.146289732141,-5.567507756277E-06));
#6822 = CARTESIAN_POINT('',(-7.305928684725E-02,4.767407340695E-06));
#6823 = CARTESIAN_POINT('',(1.217636589634E-14,1.342867462449E-05));
#6824 = CARTESIAN_POINT('',(7.305928684722E-02,4.767407366657E-06));
#6825 = CARTESIAN_POINT('',(0.146289732141,-5.567507763377E-06));
#6826 = CARTESIAN_POINT('',(0.219416142642,-8.436602893635E-06));
#6827 = CARTESIAN_POINT('',(0.292244224308,-2.185058978222E-06));
#6828 = CARTESIAN_POINT('',(0.364568804203,8.854355450158E-06));
#6829 = CARTESIAN_POINT('',(0.4361271078,8.182301518491E-06));
#6830 = CARTESIAN_POINT('',(0.507359831972,-2.187023212632E-06));
#6831 = CARTESIAN_POINT('',(0.578091148638,-8.767562445752E-06));
#6832 = CARTESIAN_POINT('',(0.648161335783,-7.710243288429E-06));
#6833 = CARTESIAN_POINT('',(0.717369549555,4.323862891115E-07));
#6834 = CARTESIAN_POINT('',(0.7627965324,4.239296867252E-06));
#6835 = CARTESIAN_POINT('',(0.785298007277,4.578018523811E-06));
#6836 = ( GEOMETRIC_REPRESENTATION_CONTEXT(2) 
PARAMETRIC_REPRESENTATION_CONTEXT() REPRESENTATION_CONTEXT('2D SPACE',''
  ) );
#6837 = ADVANCED_FACE('',(#6838),#2790,.F.);
#6838 = FACE_BOUND('',#6839,.F.);
#6839 = EDGE_LOOP('',(#6840,#6841,#6842,#6843));
#6840 = ORIENTED_EDGE('',*,*,#4266,.T.);
#6841 = ORIENTED_EDGE('',*,*,#2775,.T.);
#6842 = ORIENTED_EDGE('',*,*,#3277,.F.);
#6843 = ORIENTED_EDGE('',*,*,#6766,.T.);
#6844 = ADVANCED_FACE('',(#6845),#5097,.F.);
#6845 = FACE_BOUND('',#6846,.F.);
#6846 = EDGE_LOOP('',(#6847,#6848,#6849,#6871));
#6847 = ORIENTED_EDGE('',*,*,#6281,.T.);
#6848 = ORIENTED_EDGE('',*,*,#5067,.F.);
#6849 = ORIENTED_EDGE('',*,*,#6850,.F.);
#6850 = EDGE_CURVE('',#6851,#5068,#6853,.T.);
#6851 = VERTEX_POINT('',#6852);
#6852 = CARTESIAN_POINT('',(-54.50083767664,-37.07475973622,
    54.996595528965));
#6853 = SURFACE_CURVE('',#6854,(#6858,#6864),.PCURVE_S1.);
#6854 = LINE('',#6855,#6856);
#6855 = CARTESIAN_POINT('',(-54.50083767664,-38.53728932709,27.5));
#6856 = VECTOR('',#6857,1.);
#6857 = DIRECTION('',(0.,5.311439855865E-02,0.998588434074));
#6858 = PCURVE('',#5097,#6859);
#6859 = DEFINITIONAL_REPRESENTATION('',(#6860),#6863);
#6860 = B_SPLINE_CURVE_WITH_KNOTS('',1,(#6861,#6862),.UNSPECIFIED.,.F.,
  .F.,(2,2),(27.53546365122,27.538872934683),.PIECEWISE_BEZIER_KNOTS.);
#6861 = CARTESIAN_POINT('',(6.189947334918E-05,0.639545593061));
#6862 = CARTESIAN_POINT('',(-1.894294177914E-16,0.639545593061));
#6863 = ( GEOMETRIC_REPRESENTATION_CONTEXT(2) 
PARAMETRIC_REPRESENTATION_CONTEXT() REPRESENTATION_CONTEXT('2D SPACE',''
  ) );
#6864 = PCURVE('',#5139,#6865);
#6865 = DEFINITIONAL_REPRESENTATION('',(#6866),#6870);
#6866 = LINE('',#6867,#6868);
#6867 = CARTESIAN_POINT('',(0.,-109.0016753532));
#6868 = VECTOR('',#6869,1.);
#6869 = DIRECTION('',(1.,0.));
#6870 = ( GEOMETRIC_REPRESENTATION_CONTEXT(2) 
PARAMETRIC_REPRESENTATION_CONTEXT() REPRESENTATION_CONTEXT('2D SPACE',''
  ) );
#6871 = ORIENTED_EDGE('',*,*,#6872,.F.);
#6872 = EDGE_CURVE('',#6258,#6851,#6873,.T.);
#6873 = SURFACE_CURVE('',#6874,(#6880,#6909),.PCURVE_S1.);
#6874 = B_SPLINE_CURVE_WITH_KNOTS('',3,(#6875,#6876,#6877,#6878,#6879),
  .UNSPECIFIED.,.F.,.F.,(4,1,4),(2.775557561563E-17,2.023964452225E-03,
    4.047928904451E-03),.UNSPECIFIED.);
#6875 = CARTESIAN_POINT('',(-57.07476001463,-34.50083767664,
    54.996590294702));
#6876 = CARTESIAN_POINT('',(-57.07533761489,-35.17552424029,
    54.985730999271));
#6877 = CARTESIAN_POINT('',(-56.5193820069,-36.51872864094,
    54.938255159036));
#6878 = CARTESIAN_POINT('',(-55.17580899159,-37.07534345858,
    54.985621133838));
#6879 = CARTESIAN_POINT('',(-54.50083767664,-37.07475973622,
    54.996595528965));
#6880 = PCURVE('',#5097,#6881);
#6881 = DEFINITIONAL_REPRESENTATION('',(#6882),#6908);
#6882 = B_SPLINE_CURVE_WITH_KNOTS('',3,(#6883,#6884,#6885,#6886,#6887,
    #6888,#6889,#6890,#6891,#6892,#6893,#6894,#6895,#6896,#6897,#6898,
    #6899,#6900,#6901,#6902,#6903,#6904,#6905,#6906,#6907),
  .UNSPECIFIED.,.F.,.F.,(4,1,1,1,1,1,1,1,1,1,1,1,1,1,1,1,1,1,1,1,1,1,4),
  (2.775557561563E-17,1.839967683842E-04,3.679935367683E-04,
    5.519903051524E-04,7.359870735365E-04,9.199838419206E-04,
    1.103980610305E-03,1.287977378689E-03,1.471974147073E-03,
    1.655970915457E-03,1.839967683841E-03,2.023964452225E-03,
    2.20796122061E-03,2.391957988994E-03,2.575954757378E-03,
    2.759951525762E-03,2.943948294146E-03,3.12794506253E-03,
    3.311941830914E-03,3.495938599298E-03,3.679935367682E-03,
    3.863932136067E-03,4.047928904451E-03),.QUASI_UNIFORM_KNOTS.);
#6883 = CARTESIAN_POINT('',(6.199464176918E-05,0.661663011801));
#6884 = CARTESIAN_POINT('',(8.001429855538E-05,0.661300105006));
#6885 = CARTESIAN_POINT('',(1.200276199261E-04,0.660591016985));
#6886 = CARTESIAN_POINT('',(1.885146705499E-04,0.659561991555));
#6887 = CARTESIAN_POINT('',(2.61735558987E-04,0.658550781653));
#6888 = CARTESIAN_POINT('',(3.369310202292E-04,0.657544869622));
#6889 = CARTESIAN_POINT('',(4.1165549485E-04,0.656532611688));
#6890 = CARTESIAN_POINT('',(4.846001082459E-04,0.655503160997));
#6891 = CARTESIAN_POINT('',(5.524358514482E-04,0.65451398164));
#6892 = CARTESIAN_POINT('',(6.106153662652E-04,0.653540139792));
#6893 = CARTESIAN_POINT('',(6.556892436363E-04,0.652572457512));
#6894 = CARTESIAN_POINT('',(6.846146219147E-04,0.651601549608));
#6895 = CARTESIAN_POINT('',(6.949300071384E-04,0.65060587026));
#6896 = CARTESIAN_POINT('',(6.848712263378E-04,0.649610005529));
#6897 = CARTESIAN_POINT('',(6.561956447807E-04,0.648638959098));
#6898 = CARTESIAN_POINT('',(6.113476157162E-04,0.647671088557));
#6899 = CARTESIAN_POINT('',(5.533552762718E-04,0.646697038689));
#6900 = CARTESIAN_POINT('',(4.856528697608E-04,0.645707644457));
#6901 = CARTESIAN_POINT('',(4.127714659421E-04,0.644677908116));
#6902 = CARTESIAN_POINT('',(3.38033259255E-04,0.643665266745));
#6903 = CARTESIAN_POINT('',(2.627287600791E-04,0.642659004342));
#6904 = CARTESIAN_POINT('',(1.892869675371E-04,0.641647430289));
#6905 = CARTESIAN_POINT('',(1.204508398511E-04,0.64061802367));
#6906 = CARTESIAN_POINT('',(8.010950012922E-05,0.639908652238));
#6907 = CARTESIAN_POINT('',(6.189947334922E-05,0.639545593061));
#6908 = ( GEOMETRIC_REPRESENTATION_CONTEXT(2) 
PARAMETRIC_REPRESENTATION_CONTEXT() REPRESENTATION_CONTEXT('2D SPACE',''
  ) );
#6909 = PCURVE('',#4953,#6910);
#6910 = DEFINITIONAL_REPRESENTATION('',(#6911),#6937);
#6911 = B_SPLINE_CURVE_WITH_KNOTS('',3,(#6912,#6913,#6914,#6915,#6916,
    #6917,#6918,#6919,#6920,#6921,#6922,#6923,#6924,#6925,#6926,#6927,
    #6928,#6929,#6930,#6931,#6932,#6933,#6934,#6935,#6936),
  .UNSPECIFIED.,.F.,.F.,(4,1,1,1,1,1,1,1,1,1,1,1,1,1,1,1,1,1,1,1,1,1,4),
  (2.775557561563E-17,1.839967683842E-04,3.679935367683E-04,
    5.519903051524E-04,7.359870735365E-04,9.199838419206E-04,
    1.103980610305E-03,1.287977378689E-03,1.471974147073E-03,
    1.655970915457E-03,1.839967683841E-03,2.023964452225E-03,
    2.20796122061E-03,2.391957988994E-03,2.575954757378E-03,
    2.759951525762E-03,2.943948294146E-03,3.12794506253E-03,
    3.311941830914E-03,3.495938599298E-03,3.679935367682E-03,
    3.863932136067E-03,4.047928904451E-03),.QUASI_UNIFORM_KNOTS.);
#6912 = CARTESIAN_POINT('',(2.882422705536,4.774692650677));
#6913 = CARTESIAN_POINT('',(2.866054695913,4.782580395914));
#6914 = CARTESIAN_POINT('',(2.833429411621,4.797598285943));
#6915 = CARTESIAN_POINT('',(2.784786798177,4.817950636733));
#6916 = CARTESIAN_POINT('',(2.736397916003,4.836239628082));
#6917 = CARTESIAN_POINT('',(2.688237597878,4.852531557773));
#6918 = CARTESIAN_POINT('',(2.640286316436,4.866860955429));
#6919 = CARTESIAN_POINT('',(2.592528437657,4.879226161385));
#6920 = CARTESIAN_POINT('',(2.544948435293,4.889590782511));
#6921 = CARTESIAN_POINT('',(2.497527922489,4.897884573696));
#6922 = CARTESIAN_POINT('',(2.450242744653,4.904005335399));
#6923 = CARTESIAN_POINT('',(2.40305994805,4.907821354451));
#6924 = CARTESIAN_POINT('',(2.355935763418,4.909174425874));
#6925 = CARTESIAN_POINT('',(2.308809825863,4.907883866967));
#6926 = CARTESIAN_POINT('',(2.261622415835,4.904130624479));
#6927 = CARTESIAN_POINT('',(2.214330367774,4.898072923809));
#6928 = CARTESIAN_POINT('',(2.166901282639,4.889842307768));
#6929 = CARTESIAN_POINT('',(2.119311503255,4.879540619659));
#6930 = CARTESIAN_POINT('',(2.071543073661,4.867237582));
#6931 = CARTESIAN_POINT('',(2.023580821571,4.852968916936));
#6932 = CARTESIAN_POINT('',(1.975409380539,4.836735486243));
#6933 = CARTESIAN_POINT('',(1.927009388787,4.818501859004));
#6934 = CARTESIAN_POINT('',(1.878355747979,4.798200762037));
#6935 = CARTESIAN_POINT('',(1.845723098369,4.78321361828));
#6936 = CARTESIAN_POINT('',(1.829351393692,4.775340222073));
#6937 = ( GEOMETRIC_REPRESENTATION_CONTEXT(2) 
PARAMETRIC_REPRESENTATION_CONTEXT() REPRESENTATION_CONTEXT('2D SPACE',''
  ) );
#6938 = ADVANCED_FACE('',(#6939),#3316,.F.);
#6939 = FACE_BOUND('',#6940,.F.);
#6940 = EDGE_LOOP('',(#6941,#6942,#6943,#6964));
#6941 = ORIENTED_EDGE('',*,*,#6743,.F.);
#6942 = ORIENTED_EDGE('',*,*,#3300,.F.);
#6943 = ORIENTED_EDGE('',*,*,#6944,.T.);
#6944 = EDGE_CURVE('',#3301,#5902,#6945,.T.);
#6945 = SURFACE_CURVE('',#6946,(#6951,#6958),.PCURVE_S1.);
#6946 = CIRCLE('',#6947,1.999998217696);
#6947 = AXIS2_PLACEMENT_3D('',#6948,#6949,#6950);
#6948 = CARTESIAN_POINT('',(54.50083767664,-37.27460911979,
    53.000001782303));
#6949 = DIRECTION('',(-1.,0.,-5.639000690332E-31));
#6950 = DIRECTION('',(5.639000690332E-31,4.375197333702E-15,-1.));
#6951 = PCURVE('',#3316,#6952);
#6952 = DEFINITIONAL_REPRESENTATION('',(#6953),#6957);
#6953 = LINE('',#6954,#6955);
#6954 = CARTESIAN_POINT('',(3.14159265359,0.));
#6955 = VECTOR('',#6956,1.);
#6956 = DIRECTION('',(1.,0.));
#6957 = ( GEOMETRIC_REPRESENTATION_CONTEXT(2) 
PARAMETRIC_REPRESENTATION_CONTEXT() REPRESENTATION_CONTEXT('2D SPACE',''
  ) );
#6958 = PCURVE('',#5931,#6959);
#6959 = DEFINITIONAL_REPRESENTATION('',(#6960),#6963);
#6960 = B_SPLINE_CURVE_WITH_KNOTS('',1,(#6961,#6962),.UNSPECIFIED.,.F.,
  .F.,(2,2),(1.588249492312,3.14159265359),.PIECEWISE_BEZIER_KNOTS.);
#6961 = CARTESIAN_POINT('',(-0.785224383184,1.755197012944E-02));
#6962 = CARTESIAN_POINT('',(-0.785099137373,1.570633959619));
#6963 = ( GEOMETRIC_REPRESENTATION_CONTEXT(2) 
PARAMETRIC_REPRESENTATION_CONTEXT() REPRESENTATION_CONTEXT('2D SPACE',''
  ) );
#6964 = ORIENTED_EDGE('',*,*,#5965,.T.);
#6965 = ADVANCED_FACE('',(#6966),#5139,.F.);
#6966 = FACE_BOUND('',#6967,.T.);
#6967 = EDGE_LOOP('',(#6968,#6990,#6991));
#6968 = ORIENTED_EDGE('',*,*,#6969,.T.);
#6969 = EDGE_CURVE('',#6851,#4933,#6970,.T.);
#6970 = SURFACE_CURVE('',#6971,(#6976,#6984),.PCURVE_S1.);
#6971 = B_SPLINE_CURVE_WITH_KNOTS('',3,(#6972,#6973,#6974,#6975),
  .UNSPECIFIED.,.F.,.F.,(4,4),(5.020598625161E-05,4.231406995097E-04),
  .PIECEWISE_BEZIER_KNOTS.);
#6972 = CARTESIAN_POINT('',(-54.50083767664,-37.07475973622,
    54.996595528965));
#6973 = CARTESIAN_POINT('',(-54.37653945901,-37.0746522418,
    54.99861650041));
#6974 = CARTESIAN_POINT('',(-54.25223090746,-37.07460444515,
    54.999515111426));
#6975 = CARTESIAN_POINT('',(-54.12791854664,-37.07457865418,
    54.999999999999));
#6976 = PCURVE('',#5139,#6977);
#6977 = DEFINITIONAL_REPRESENTATION('',(#6978),#6983);
#6978 = B_SPLINE_CURVE_WITH_KNOTS('',3,(#6979,#6980,#6981,#6982),
  .UNSPECIFIED.,.F.,.F.,(4,4),(5.020598625161E-05,4.231406995097E-04),
  .PIECEWISE_BEZIER_KNOTS.);
#6979 = CARTESIAN_POINT('',(27.53546365122,-109.0016753532));
#6980 = CARTESIAN_POINT('',(27.537487479433,-108.8773771356));
#6981 = CARTESIAN_POINT('',(27.538387360691,-108.7530685841));
#6982 = CARTESIAN_POINT('',(27.538872934683,-108.6287562232));
#6983 = ( GEOMETRIC_REPRESENTATION_CONTEXT(2) 
PARAMETRIC_REPRESENTATION_CONTEXT() REPRESENTATION_CONTEXT('2D SPACE',''
  ) );
#6984 = PCURVE('',#4953,#6985);
#6985 = DEFINITIONAL_REPRESENTATION('',(#6986),#6989);
#6986 = B_SPLINE_CURVE_WITH_KNOTS('',1,(#6987,#6988),.UNSPECIFIED.,.F.,
  .F.,(2,2),(5.020598625161E-05,4.231406995097E-04),
  .PIECEWISE_BEZIER_KNOTS.);
#6987 = CARTESIAN_POINT('',(1.829351393692,4.775340222073));
#6988 = CARTESIAN_POINT('',(1.727493947149,4.736774176233));
#6989 = ( GEOMETRIC_REPRESENTATION_CONTEXT(2) 
PARAMETRIC_REPRESENTATION_CONTEXT() REPRESENTATION_CONTEXT('2D SPACE',''
  ) );
#6990 = ORIENTED_EDGE('',*,*,#5125,.T.);
#6991 = ORIENTED_EDGE('',*,*,#6850,.F.);
#6992 = ADVANCED_FACE('',(#6993),#5931,.F.);
#6993 = FACE_BOUND('',#6994,.F.);
#6994 = EDGE_LOOP('',(#6995,#7018,#7019,#7020));
#6995 = ORIENTED_EDGE('',*,*,#6996,.T.);
#6996 = EDGE_CURVE('',#6997,#5874,#6999,.T.);
#6997 = VERTEX_POINT('',#6998);
#6998 = CARTESIAN_POINT('',(59.274171617855,-34.5008376635,
    53.034904021508));
#6999 = SURFACE_CURVE('',#7000,(#7005,#7011),.PCURVE_S1.);
#7000 = CIRCLE('',#7001,1.999998217696);
#7001 = AXIS2_PLACEMENT_3D('',#7002,#7003,#7004);
#7002 = CARTESIAN_POINT('',(57.274609119791,-34.50083767664,
    53.000001782303));
#7003 = DIRECTION('',(0.,-1.,-6.123233995737E-17));
#7004 = DIRECTION('',(-2.187598666851E-15,6.123233995737E-17,-1.));
#7005 = PCURVE('',#5931,#7006);
#7006 = DEFINITIONAL_REPRESENTATION('',(#7007),#7010);
#7007 = B_SPLINE_CURVE_WITH_KNOTS('',1,(#7008,#7009),.UNSPECIFIED.,.F.,
  .F.,(2,2),(1.588249492312,3.14159265359),.PIECEWISE_BEZIER_KNOTS.);
#7008 = CARTESIAN_POINT('',(0.785224383184,1.755197012945E-02));
#7009 = CARTESIAN_POINT('',(0.785099137373,1.570633959619));
#7010 = ( GEOMETRIC_REPRESENTATION_CONTEXT(2) 
PARAMETRIC_REPRESENTATION_CONTEXT() REPRESENTATION_CONTEXT('2D SPACE',''
  ) );
#7011 = PCURVE('',#5889,#7012);
#7012 = DEFINITIONAL_REPRESENTATION('',(#7013),#7017);
#7013 = LINE('',#7014,#7015);
#7014 = CARTESIAN_POINT('',(-1.998401444325E-15,69.00167535328));
#7015 = VECTOR('',#7016,1.);
#7016 = DIRECTION('',(1.,0.));
#7017 = ( GEOMETRIC_REPRESENTATION_CONTEXT(2) 
PARAMETRIC_REPRESENTATION_CONTEXT() REPRESENTATION_CONTEXT('2D SPACE',''
  ) );
#7018 = ORIENTED_EDGE('',*,*,#5901,.T.);
#7019 = ORIENTED_EDGE('',*,*,#6944,.F.);
#7020 = ORIENTED_EDGE('',*,*,#7021,.F.);
#7021 = EDGE_CURVE('',#6997,#3301,#7022,.T.);
#7022 = SURFACE_CURVE('',#7023,(#7034,#7063),.PCURVE_S1.);
#7023 = B_SPLINE_CURVE_WITH_KNOTS('',3,(#7024,#7025,#7026,#7027,#7028,
    #7029,#7030,#7031,#7032,#7033),.UNSPECIFIED.,.F.,.F.,(4,2,2,2,4),(
    0.338336988199,0.343866342884,0.349395697569,0.354925052254,
    0.360454406939),.UNSPECIFIED.);
#7024 = CARTESIAN_POINT('',(59.274302728071,-34.50083767664,
    53.034906564073));
#7025 = CARTESIAN_POINT('',(59.274302728071,-35.09165685413,
    53.034906564073));
#7026 = CARTESIAN_POINT('',(59.160177315469,-35.7130221347,
    53.034906564073));
#7027 = CARTESIAN_POINT('',(58.689659737873,-36.87429573913,
    53.034906564073));
#7028 = CARTESIAN_POINT('',(58.328015423996,-37.42456212424,
    53.034906564073));
#7029 = CARTESIAN_POINT('',(57.424562124248,-38.32801542399,
    53.034906564073));
#7030 = CARTESIAN_POINT('',(56.87429573912,-38.68965973787,
    53.034906564073));
#7031 = CARTESIAN_POINT('',(55.713022134711,-39.16017731547,
    53.034906564073));
#7032 = CARTESIAN_POINT('',(55.091656854126,-39.27430272807,
    53.034906564072));
#7033 = CARTESIAN_POINT('',(54.50083767664,-39.27430272807,
    53.034906564072));
#7034 = PCURVE('',#5931,#7035);
#7035 = DEFINITIONAL_REPRESENTATION('',(#7036),#7062);
#7036 = B_SPLINE_CURVE_WITH_KNOTS('',3,(#7037,#7038,#7039,#7040,#7041,
    #7042,#7043,#7044,#7045,#7046,#7047,#7048,#7049,#7050,#7051,#7052,
    #7053,#7054,#7055,#7056,#7057,#7058,#7059,#7060,#7061),
  .UNSPECIFIED.,.F.,.F.,(4,1,1,1,1,1,1,1,1,1,1,1,1,1,1,1,1,1,1,1,1,1,4),
  (0.338336988199,0.339342325415,0.34034766263,0.341352999846,
    0.342358337061,0.343363674277,0.344369011492,0.345374348707,
    0.346379685923,0.347385023138,0.348390360354,0.349395697569,
    0.350401034784,0.351406372,0.352411709215,0.353417046431,
    0.354422383646,0.355427720862,0.356433058077,0.357438395292,
    0.358443732508,0.359449069723,0.360454406939),
  .QUASI_UNIFORM_KNOTS.);
#7037 = CARTESIAN_POINT('',(0.785224383184,1.755209711129E-02));
#7038 = CARTESIAN_POINT('',(0.76272456433,1.755219766426E-02));
#7039 = CARTESIAN_POINT('',(0.717301036795,1.755397655662E-02));
#7040 = CARTESIAN_POINT('',(0.648098410065,1.755788118064E-02));
#7041 = CARTESIAN_POINT('',(0.578034193621,1.7558237145E-02));
#7042 = CARTESIAN_POINT('',(0.507309192356,1.755476705444E-02));
#7043 = CARTESIAN_POINT('',(0.436083085335,1.754941304978E-02));
#7044 = CARTESIAN_POINT('',(0.364531647371,1.754895357149E-02));
#7045 = CARTESIAN_POINT('',(0.292214195693,1.755440100932E-02));
#7046 = CARTESIAN_POINT('',(0.219393454491,1.755746536707E-02));
#7047 = CARTESIAN_POINT('',(0.146274538419,1.755596376916E-02));
#7048 = CARTESIAN_POINT('',(7.305167975117E-02,1.755073198249E-02));
#7049 = CARTESIAN_POINT('',(-3.036561426463E-14,1.754636826702E-02));
#7050 = CARTESIAN_POINT('',(-7.305167975134E-02,1.755073198249E-02));
#7051 = CARTESIAN_POINT('',(-0.14627453842,1.755596376918E-02));
#7052 = CARTESIAN_POINT('',(-0.219393454492,1.755746536709E-02));
#7053 = CARTESIAN_POINT('',(-0.292214195694,1.755440100935E-02));
#7054 = CARTESIAN_POINT('',(-0.364531647371,1.75489535715E-02));
#7055 = CARTESIAN_POINT('',(-0.436083085335,1.754941304976E-02));
#7056 = CARTESIAN_POINT('',(-0.507309192355,1.755476705441E-02));
#7057 = CARTESIAN_POINT('',(-0.578034193621,1.755823714496E-02));
#7058 = CARTESIAN_POINT('',(-0.648098410066,1.75578811806E-02));
#7059 = CARTESIAN_POINT('',(-0.717301036796,1.755397655657E-02));
#7060 = CARTESIAN_POINT('',(-0.76272456433,1.755219766421E-02));
#7061 = CARTESIAN_POINT('',(-0.785224383184,1.755209711124E-02));
#7062 = ( GEOMETRIC_REPRESENTATION_CONTEXT(2) 
PARAMETRIC_REPRESENTATION_CONTEXT() REPRESENTATION_CONTEXT('2D SPACE',''
  ) );
#7063 = PCURVE('',#2121,#7064);
#7064 = DEFINITIONAL_REPRESENTATION('',(#7065),#7091);
#7065 = B_SPLINE_CURVE_WITH_KNOTS('',3,(#7066,#7067,#7068,#7069,#7070,
    #7071,#7072,#7073,#7074,#7075,#7076,#7077,#7078,#7079,#7080,#7081,
    #7082,#7083,#7084,#7085,#7086,#7087,#7088,#7089,#7090),
  .UNSPECIFIED.,.F.,.F.,(4,1,1,1,1,1,1,1,1,1,1,1,1,1,1,1,1,1,1,1,1,1,4),
  (0.338336988199,0.339342325415,0.34034766263,0.341352999846,
    0.342358337061,0.343363674277,0.344369011492,0.345374348707,
    0.346379685923,0.347385023138,0.348390360354,0.349395697569,
    0.350401034784,0.351406372,0.352411709215,0.353417046431,
    0.354422383646,0.355427720862,0.356433058077,0.357438395292,
    0.358443732508,0.359449069723,0.360454406939),
  .QUASI_UNIFORM_KNOTS.);
#7066 = CARTESIAN_POINT('',(-0.785298007277,4.578018517795E-06));
#7067 = CARTESIAN_POINT('',(-0.762796532399,4.239296863144E-06));
#7068 = CARTESIAN_POINT('',(-0.717369549554,4.323862916094E-07));
#7069 = CARTESIAN_POINT('',(-0.648161335782,-7.710243273897E-06));
#7070 = CARTESIAN_POINT('',(-0.578091148638,-8.767562435961E-06));
#7071 = CARTESIAN_POINT('',(-0.507359831972,-2.187023198977E-06));
#7072 = CARTESIAN_POINT('',(-0.436127107801,8.182301507026E-06));
#7073 = CARTESIAN_POINT('',(-0.364568804202,8.854355468862E-06));
#7074 = CARTESIAN_POINT('',(-0.292244224307,-2.185058948583E-06));
#7075 = CARTESIAN_POINT('',(-0.219416142641,-8.436602867204E-06));
#7076 = CARTESIAN_POINT('',(-0.14628973214,-5.567507748243E-06));
#7077 = CARTESIAN_POINT('',(-7.305928684683E-02,4.767407359498E-06));
#7078 = CARTESIAN_POINT('',(1.685893995497E-14,1.342867464096E-05));
#7079 = CARTESIAN_POINT('',(7.305928684697E-02,4.7674073402E-06));
#7080 = CARTESIAN_POINT('',(0.14628973214,-5.567507795608E-06));
#7081 = CARTESIAN_POINT('',(0.219416142641,-8.436602931255E-06));
#7082 = CARTESIAN_POINT('',(0.292244224307,-2.185059028595E-06));
#7083 = CARTESIAN_POINT('',(0.364568804202,8.854355422295E-06));
#7084 = CARTESIAN_POINT('',(0.4361271078,8.182301501033E-06));
#7085 = CARTESIAN_POINT('',(0.507359831972,-2.187023168773E-06));
#7086 = CARTESIAN_POINT('',(0.578091148638,-8.767562402528E-06));
#7087 = CARTESIAN_POINT('',(0.648161335783,-7.710243231848E-06));
#7088 = CARTESIAN_POINT('',(0.717369549555,4.323863373296E-07));
#7089 = CARTESIAN_POINT('',(0.7627965324,4.239296916053E-06));
#7090 = CARTESIAN_POINT('',(0.785298007277,4.578018576427E-06));
#7091 = ( GEOMETRIC_REPRESENTATION_CONTEXT(2) 
PARAMETRIC_REPRESENTATION_CONTEXT() REPRESENTATION_CONTEXT('2D SPACE',''
  ) );
#7092 = ADVANCED_FACE('',(#7093),#2121,.F.);
#7093 = FACE_BOUND('',#7094,.F.);
#7094 = EDGE_LOOP('',(#7095,#7096,#7097,#7118));
#7095 = ORIENTED_EDGE('',*,*,#3328,.T.);
#7096 = ORIENTED_EDGE('',*,*,#2104,.T.);
#7097 = ORIENTED_EDGE('',*,*,#7098,.F.);
#7098 = EDGE_CURVE('',#6997,#2105,#7099,.T.);
#7099 = SURFACE_CURVE('',#7100,(#7104,#7111),.PCURVE_S1.);
#7100 = LINE('',#7101,#7102);
#7101 = CARTESIAN_POINT('',(59.73716659684,-34.50083767664,
    26.517453282036));
#7102 = VECTOR('',#7103,1.);
#7103 = DIRECTION('',(1.745240643728E-02,6.122301397541E-17,
    -0.999847695156));
#7104 = PCURVE('',#2121,#7105);
#7105 = DEFINITIONAL_REPRESENTATION('',(#7106),#7110);
#7106 = LINE('',#7107,#7108);
#7107 = CARTESIAN_POINT('',(-0.785306140843,26.517456467088));
#7108 = VECTOR('',#7109,1.);
#7109 = DIRECTION('',(-3.067250197899E-07,1.));
#7110 = ( GEOMETRIC_REPRESENTATION_CONTEXT(2) 
PARAMETRIC_REPRESENTATION_CONTEXT() REPRESENTATION_CONTEXT('2D SPACE',''
  ) );
#7111 = PCURVE('',#2149,#7112);
#7112 = DEFINITIONAL_REPRESENTATION('',(#7113),#7117);
#7113 = LINE('',#7114,#7115);
#7114 = CARTESIAN_POINT('',(-4.152887274243E-34,-69.00167535328));
#7115 = VECTOR('',#7116,1.);
#7116 = DIRECTION('',(1.,6.122301397541E-17));
#7117 = ( GEOMETRIC_REPRESENTATION_CONTEXT(2) 
PARAMETRIC_REPRESENTATION_CONTEXT() REPRESENTATION_CONTEXT('2D SPACE',''
  ) );
#7118 = ORIENTED_EDGE('',*,*,#7021,.T.);
#7119 = ADVANCED_FACE('',(#7120),#5729,.F.);
#7120 = FACE_BOUND('',#7121,.F.);
#7121 = EDGE_LOOP('',(#7122,#7123,#7124,#7125));
#7122 = ORIENTED_EDGE('',*,*,#6377,.T.);
#7123 = ORIENTED_EDGE('',*,*,#5699,.F.);
#7124 = ORIENTED_EDGE('',*,*,#6426,.F.);
#7125 = ORIENTED_EDGE('',*,*,#7126,.F.);
#7126 = EDGE_CURVE('',#6354,#6402,#7127,.T.);
#7127 = SURFACE_CURVE('',#7128,(#7134,#7163),.PCURVE_S1.);
#7128 = B_SPLINE_CURVE_WITH_KNOTS('',3,(#7129,#7130,#7131,#7132,#7133),
  .UNSPECIFIED.,.F.,.F.,(4,1,4),(0.,2.023965755421E-03,
    4.047931510841E-03),.UNSPECIFIED.);
#7129 = CARTESIAN_POINT('',(54.50083767664,-37.07475973622,
    54.996595528964));
#7130 = CARTESIAN_POINT('',(55.175522851103,-37.07534321112,
    54.985625786213));
#7131 = CARTESIAN_POINT('',(56.518731540774,-36.51937913313,
    54.938255087496));
#7132 = CARTESIAN_POINT('',(57.075337859826,-35.17581033808,
    54.985726394437));
#7133 = CARTESIAN_POINT('',(57.07476001463,-34.50083767664,
    54.996590294702));
#7134 = PCURVE('',#5729,#7135);
#7135 = DEFINITIONAL_REPRESENTATION('',(#7136),#7162);
#7136 = B_SPLINE_CURVE_WITH_KNOTS('',3,(#7137,#7138,#7139,#7140,#7141,
    #7142,#7143,#7144,#7145,#7146,#7147,#7148,#7149,#7150,#7151,#7152,
    #7153,#7154,#7155,#7156,#7157,#7158,#7159,#7160,#7161),
  .UNSPECIFIED.,.F.,.F.,(4,1,1,1,1,1,1,1,1,1,1,1,1,1,1,1,1,1,1,1,1,1,4),
  (0.,1.839968868564E-04,3.679937737128E-04,5.519906605692E-04,
    7.359875474257E-04,9.199844342821E-04,1.103981321138E-03,
    1.287978207995E-03,1.471975094851E-03,1.655971981708E-03,
    1.839968868564E-03,2.023965755421E-03,2.207962642277E-03,
    2.391959529133E-03,2.57595641599E-03,2.759953302846E-03,
    2.943950189703E-03,3.127947076559E-03,3.311943963415E-03,
    3.495940850272E-03,3.679937737128E-03,3.863934623985E-03,
    4.047931510841E-03),.QUASI_UNIFORM_KNOTS.);
#7137 = CARTESIAN_POINT('',(6.189947337094E-05,0.360454406939));
#7138 = CARTESIAN_POINT('',(8.010168743927E-05,0.360091500867));
#7139 = CARTESIAN_POINT('',(1.204310908507E-04,0.359382414288));
#7140 = CARTESIAN_POINT('',(1.892585653987E-04,0.358353390815));
#7141 = CARTESIAN_POINT('',(2.626995791269E-04,0.357342182433));
#7142 = CARTESIAN_POINT('',(3.380082602852E-04,0.356336271383));
#7143 = CARTESIAN_POINT('',(4.12752437498E-04,0.355324013987));
#7144 = CARTESIAN_POINT('',(4.85636616456E-04,0.354294562906));
#7145 = CARTESIAN_POINT('',(5.533451965856E-04,0.353305382576));
#7146 = CARTESIAN_POINT('',(6.113441775055E-04,0.352331539583));
#7147 = CARTESIAN_POINT('',(6.561975023675E-04,0.351363856141));
#7148 = CARTESIAN_POINT('',(6.848756489154E-04,0.350392947292));
#7149 = CARTESIAN_POINT('',(6.949304486341E-04,0.349397267595));
#7150 = CARTESIAN_POINT('',(6.846110389483E-04,0.348401403195));
#7151 = CARTESIAN_POINT('',(6.556881153781E-04,0.347430357688));
#7152 = CARTESIAN_POINT('',(6.106193764294E-04,0.34646248829));
#7153 = CARTESIAN_POINT('',(5.524463184561E-04,0.345488439548));
#7154 = CARTESIAN_POINT('',(4.846165567826E-04,0.344499046268));
#7155 = CARTESIAN_POINT('',(4.116745387995E-04,0.343469310306));
#7156 = CARTESIAN_POINT('',(3.369558865087E-04,0.342456668393));
#7157 = CARTESIAN_POINT('',(2.617645101472E-04,0.341450405014));
#7158 = CARTESIAN_POINT('',(1.885428162806E-04,0.340438829457));
#7159 = CARTESIAN_POINT('',(1.200471757045E-04,0.339409420914));
#7160 = CARTESIAN_POINT('',(8.002203264718E-05,0.338700048076));
#7161 = CARTESIAN_POINT('',(6.199464176183E-05,0.338336988199));
#7162 = ( GEOMETRIC_REPRESENTATION_CONTEXT(2) 
PARAMETRIC_REPRESENTATION_CONTEXT() REPRESENTATION_CONTEXT('2D SPACE',''
  ) );
#7163 = PCURVE('',#5615,#7164);
#7164 = DEFINITIONAL_REPRESENTATION('',(#7165),#7191);
#7165 = B_SPLINE_CURVE_WITH_KNOTS('',3,(#7166,#7167,#7168,#7169,#7170,
    #7171,#7172,#7173,#7174,#7175,#7176,#7177,#7178,#7179,#7180,#7181,
    #7182,#7183,#7184,#7185,#7186,#7187,#7188,#7189,#7190),
  .UNSPECIFIED.,.F.,.F.,(4,1,1,1,1,1,1,1,1,1,1,1,1,1,1,1,1,1,1,1,1,1,4),
  (0.,1.839968868564E-04,3.679937737128E-04,5.519906605692E-04,
    7.359875474257E-04,9.199844342821E-04,1.103981321138E-03,
    1.287978207995E-03,1.471975094851E-03,1.655971981708E-03,
    1.839968868564E-03,2.023965755421E-03,2.207962642277E-03,
    2.391959529133E-03,2.57595641599E-03,2.759953302846E-03,
    2.943950189703E-03,3.127947076559E-03,3.311943963415E-03,
    3.495940850272E-03,3.679937737128E-03,3.863934623985E-03,
    4.047931510841E-03),.QUASI_UNIFORM_KNOTS.);
#7166 = CARTESIAN_POINT('',(1.312241259895,4.775340222076));
#7167 = CARTESIAN_POINT('',(1.295876484907,4.783210283077));
#7168 = CARTESIAN_POINT('',(1.263257297438,4.798192328806));
#7169 = CARTESIAN_POINT('',(1.214622742538,4.818489556398));
#7170 = CARTESIAN_POINT('',(1.1662408626,4.836722126833));
#7171 = CARTESIAN_POINT('',(1.118086521709,4.852956437881));
#7172 = CARTESIAN_POINT('',(1.070140229239,4.867227141591));
#7173 = CARTESIAN_POINT('',(1.022386395254,4.879532721922));
#7174 = CARTESIAN_POINT('',(0.97480954606,4.889836943363));
#7175 = CARTESIAN_POINT('',(0.927391355868,4.898069725944));
#7176 = CARTESIAN_POINT('',(0.880107738862,4.90412903591));
#7177 = CARTESIAN_POINT('',(0.832925816206,4.907883319832));
#7178 = CARTESIAN_POINT('',(0.785801897451,4.909174521666));
#7179 = CARTESIAN_POINT('',(0.738675697361,4.907822089808));
#7180 = CARTESIAN_POINT('',(0.691487416251,4.904007103212));
#7181 = CARTESIAN_POINT('',(0.644193809442,4.897887937315));
#7182 = CARTESIAN_POINT('',(0.596762402826,4.889596295744));
#7183 = CARTESIAN_POINT('',(0.549169470411,4.879234188573));
#7184 = CARTESIAN_POINT('',(0.50139699525,4.86687150434));
#7185 = CARTESIAN_POINT('',(0.453429752682,4.852544123539));
#7186 = CARTESIAN_POINT('',(0.40525233244,4.836253052138));
#7187 = CARTESIAN_POINT('',(0.356845336326,4.817962982042));
#7188 = CARTESIAN_POINT('',(0.308183635048,4.797606740293));
#7189 = CARTESIAN_POINT('',(0.275544887687,4.782583738107));
#7190 = CARTESIAN_POINT('',(0.259169948056,4.77469265068));
#7191 = ( GEOMETRIC_REPRESENTATION_CONTEXT(2) 
PARAMETRIC_REPRESENTATION_CONTEXT() REPRESENTATION_CONTEXT('2D SPACE',''
  ) );
#7192 = ADVANCED_FACE('',(#7193),#5889,.F.);
#7193 = FACE_BOUND('',#7194,.F.);
#7194 = EDGE_LOOP('',(#7195,#7196,#7219,#7240));
#7195 = ORIENTED_EDGE('',*,*,#6996,.F.);
#7196 = ORIENTED_EDGE('',*,*,#7197,.F.);
#7197 = EDGE_CURVE('',#7198,#6997,#7200,.T.);
#7198 = VERTEX_POINT('',#7199);
#7199 = CARTESIAN_POINT('',(59.274171617856,34.500837663508,
    53.034904021508));
#7200 = SURFACE_CURVE('',#7201,(#7205,#7212),.PCURVE_S1.);
#7201 = LINE('',#7202,#7203);
#7202 = CARTESIAN_POINT('',(59.274302728071,34.50083767664,
    53.034906564073));
#7203 = VECTOR('',#7204,1.);
#7204 = DIRECTION('',(0.,-1.,-6.123233995737E-17));
#7205 = PCURVE('',#5889,#7206);
#7206 = DEFINITIONAL_REPRESENTATION('',(#7207),#7211);
#7207 = LINE('',#7208,#7209);
#7208 = CARTESIAN_POINT('',(1.588249619315,-1.5550995516E-22));
#7209 = VECTOR('',#7210,1.);
#7210 = DIRECTION('',(-5.14873539224E-17,1.));
#7211 = ( GEOMETRIC_REPRESENTATION_CONTEXT(2) 
PARAMETRIC_REPRESENTATION_CONTEXT() REPRESENTATION_CONTEXT('2D SPACE',''
  ) );
#7212 = PCURVE('',#2149,#7213);
#7213 = DEFINITIONAL_REPRESENTATION('',(#7214),#7218);
#7214 = LINE('',#7215,#7216);
#7215 = CARTESIAN_POINT('',(-26.52149263382,3.659266894336E-33));
#7216 = VECTOR('',#7217,1.);
#7217 = DIRECTION('',(6.122301397541E-17,-1.));
#7218 = ( GEOMETRIC_REPRESENTATION_CONTEXT(2) 
PARAMETRIC_REPRESENTATION_CONTEXT() REPRESENTATION_CONTEXT('2D SPACE',''
  ) );
#7219 = ORIENTED_EDGE('',*,*,#7220,.T.);
#7220 = EDGE_CURVE('',#7198,#5810,#7221,.T.);
#7221 = SURFACE_CURVE('',#7222,(#7227,#7234),.PCURVE_S1.);
#7222 = CIRCLE('',#7223,1.999998217696);
#7223 = AXIS2_PLACEMENT_3D('',#7224,#7225,#7226);
#7224 = CARTESIAN_POINT('',(57.274609119791,34.50083767664,
    53.000001782303));
#7225 = DIRECTION('',(-1.015832056309E-14,-1.,-6.123233995737E-17));
#7226 = DIRECTION('',(-2.187598666851E-15,6.123233995739E-17,-1.));
#7227 = PCURVE('',#5889,#7228);
#7228 = DEFINITIONAL_REPRESENTATION('',(#7229),#7233);
#7229 = LINE('',#7230,#7231);
#7230 = CARTESIAN_POINT('',(-2.886579864025E-15,4.311157819544E-14));
#7231 = VECTOR('',#7232,1.);
#7232 = DIRECTION('',(1.,-1.372284154859E-14));
#7233 = ( GEOMETRIC_REPRESENTATION_CONTEXT(2) 
PARAMETRIC_REPRESENTATION_CONTEXT() REPRESENTATION_CONTEXT('2D SPACE',''
  ) );
#7234 = PCURVE('',#5839,#7235);
#7235 = DEFINITIONAL_REPRESENTATION('',(#7236),#7239);
#7236 = B_SPLINE_CURVE_WITH_KNOTS('',1,(#7237,#7238),.UNSPECIFIED.,.F.,
  .F.,(2,2),(1.588249492312,3.14159265359),.PIECEWISE_BEZIER_KNOTS.);
#7237 = CARTESIAN_POINT('',(5.497960923995,1.755197012944E-02));
#7238 = CARTESIAN_POINT('',(5.498086169806,1.570633959619));
#7239 = ( GEOMETRIC_REPRESENTATION_CONTEXT(2) 
PARAMETRIC_REPRESENTATION_CONTEXT() REPRESENTATION_CONTEXT('2D SPACE',''
  ) );
#7240 = ORIENTED_EDGE('',*,*,#5873,.T.);
#7241 = ADVANCED_FACE('',(#7242,#7297,#7352,#7407,#7462,#7517,#7572),
  #2149,.F.);
#7242 = FACE_BOUND('',#7243,.T.);
#7243 = EDGE_LOOP('',(#7244,#7275));
#7244 = ORIENTED_EDGE('',*,*,#7245,.T.);
#7245 = EDGE_CURVE('',#7246,#7248,#7250,.T.);
#7246 = VERTEX_POINT('',#7247);
#7247 = CARTESIAN_POINT('',(59.802917651159,-8.5,22.750577902889));
#7248 = VERTEX_POINT('',#7249);
#7249 = CARTESIAN_POINT('',(59.759286635066,-8.5,25.25019714078));
#7250 = SURFACE_CURVE('',#7251,(#7256,#7263),.PCURVE_S1.);
#7251 = CIRCLE('',#7252,1.25);
#7252 = AXIS2_PLACEMENT_3D('',#7253,#7254,#7255);
#7253 = CARTESIAN_POINT('',(59.781102143113,-8.5,24.000387521835));
#7254 = DIRECTION('',(0.999847695156,-1.068651684042E-18,
    1.745240643728E-02));
#7255 = DIRECTION('',(1.745240643728E-02,6.01853107621E-36,
    -0.999847695156));
#7256 = PCURVE('',#2149,#7257);
#7257 = DEFINITIONAL_REPRESENTATION('',(#7258),#7262);
#7258 = CIRCLE('',#7259,1.25);
#7259 = AXIS2_PLACEMENT_2D('',#7260,#7261);
#7260 = CARTESIAN_POINT('',(2.517449179905,-43.00083767664));
#7261 = DIRECTION('',(1.,0.));
#7262 = ( GEOMETRIC_REPRESENTATION_CONTEXT(2) 
PARAMETRIC_REPRESENTATION_CONTEXT() REPRESENTATION_CONTEXT('2D SPACE',''
  ) );
#7263 = PCURVE('',#7264,#7269);
#7264 = CYLINDRICAL_SURFACE('',#7265,1.25);
#7265 = AXIS2_PLACEMENT_3D('',#7266,#7267,#7268);
#7266 = CARTESIAN_POINT('',(241.12888639772,-8.5,27.165824870587));
#7267 = DIRECTION('',(-0.999847695156,1.068651684042E-18,
    -1.745240643728E-02));
#7268 = DIRECTION('',(-1.745240643728E-02,0.,0.999847695156));
#7269 = DEFINITIONAL_REPRESENTATION('',(#7270),#7274);
#7270 = LINE('',#7271,#7272);
#7271 = CARTESIAN_POINT('',(3.14159265359,181.37540860785));
#7272 = VECTOR('',#7273,1.);
#7273 = DIRECTION('',(-1.,0.));
#7274 = ( GEOMETRIC_REPRESENTATION_CONTEXT(2) 
PARAMETRIC_REPRESENTATION_CONTEXT() REPRESENTATION_CONTEXT('2D SPACE',''
  ) );
#7275 = ORIENTED_EDGE('',*,*,#7276,.T.);
#7276 = EDGE_CURVE('',#7248,#7246,#7277,.T.);
#7277 = SURFACE_CURVE('',#7278,(#7283,#7290),.PCURVE_S1.);
#7278 = CIRCLE('',#7279,1.25);
#7279 = AXIS2_PLACEMENT_3D('',#7280,#7281,#7282);
#7280 = CARTESIAN_POINT('',(59.781102143113,-8.5,24.000387521835));
#7281 = DIRECTION('',(0.999847695156,-1.068651684042E-18,
    1.745240643728E-02));
#7282 = DIRECTION('',(1.745240643728E-02,6.01853107621E-36,
    -0.999847695156));
#7283 = PCURVE('',#2149,#7284);
#7284 = DEFINITIONAL_REPRESENTATION('',(#7285),#7289);
#7285 = CIRCLE('',#7286,1.25);
#7286 = AXIS2_PLACEMENT_2D('',#7287,#7288);
#7287 = CARTESIAN_POINT('',(2.517449179905,-43.00083767664));
#7288 = DIRECTION('',(1.,0.));
#7289 = ( GEOMETRIC_REPRESENTATION_CONTEXT(2) 
PARAMETRIC_REPRESENTATION_CONTEXT() REPRESENTATION_CONTEXT('2D SPACE',''
  ) );
#7290 = PCURVE('',#7264,#7291);
#7291 = DEFINITIONAL_REPRESENTATION('',(#7292),#7296);
#7292 = LINE('',#7293,#7294);
#7293 = CARTESIAN_POINT('',(9.424777960769,181.37540860785));
#7294 = VECTOR('',#7295,1.);
#7295 = DIRECTION('',(-1.,0.));
#7296 = ( GEOMETRIC_REPRESENTATION_CONTEXT(2) 
PARAMETRIC_REPRESENTATION_CONTEXT() REPRESENTATION_CONTEXT('2D SPACE',''
  ) );
#7297 = FACE_BOUND('',#7298,.T.);
#7298 = EDGE_LOOP('',(#7299,#7330));
#7299 = ORIENTED_EDGE('',*,*,#7300,.T.);
#7300 = EDGE_CURVE('',#7301,#7303,#7305,.T.);
#7301 = VERTEX_POINT('',#7302);
#7302 = CARTESIAN_POINT('',(59.663298399661,-8.5,30.74935946414));
#7303 = VERTEX_POINT('',#7304);
#7304 = CARTESIAN_POINT('',(59.619667383568,-8.5,33.248978702031));
#7305 = SURFACE_CURVE('',#7306,(#7311,#7318),.PCURVE_S1.);
#7306 = CIRCLE('',#7307,1.25);
#7307 = AXIS2_PLACEMENT_3D('',#7308,#7309,#7310);
#7308 = CARTESIAN_POINT('',(59.641482891615,-8.5,31.999169083086));
#7309 = DIRECTION('',(0.999847695156,-1.068651684042E-18,
    1.745240643728E-02));
#7310 = DIRECTION('',(1.745240643728E-02,6.01853107621E-36,
    -0.999847695156));
#7311 = PCURVE('',#2149,#7312);
#7312 = DEFINITIONAL_REPRESENTATION('',(#7313),#7317);
#7313 = CIRCLE('',#7314,1.25);
#7314 = AXIS2_PLACEMENT_2D('',#7315,#7316);
#7315 = CARTESIAN_POINT('',(-5.482550820095,-43.00083767664));
#7316 = DIRECTION('',(1.,0.));
#7317 = ( GEOMETRIC_REPRESENTATION_CONTEXT(2) 
PARAMETRIC_REPRESENTATION_CONTEXT() REPRESENTATION_CONTEXT('2D SPACE',''
  ) );
#7318 = PCURVE('',#7319,#7324);
#7319 = CYLINDRICAL_SURFACE('',#7320,1.25);
#7320 = AXIS2_PLACEMENT_3D('',#7321,#7322,#7323);
#7321 = CARTESIAN_POINT('',(240.98926714623,-8.5,35.164606431839));
#7322 = DIRECTION('',(-0.999847695156,1.068651684042E-18,
    -1.745240643728E-02));
#7323 = DIRECTION('',(-1.745240643728E-02,0.,0.999847695156));
#7324 = DEFINITIONAL_REPRESENTATION('',(#7325),#7329);
#7325 = LINE('',#7326,#7327);
#7326 = CARTESIAN_POINT('',(3.14159265359,181.37540860785));
#7327 = VECTOR('',#7328,1.);
#7328 = DIRECTION('',(-1.,0.));
#7329 = ( GEOMETRIC_REPRESENTATION_CONTEXT(2) 
PARAMETRIC_REPRESENTATION_CONTEXT() REPRESENTATION_CONTEXT('2D SPACE',''
  ) );
#7330 = ORIENTED_EDGE('',*,*,#7331,.T.);
#7331 = EDGE_CURVE('',#7303,#7301,#7332,.T.);
#7332 = SURFACE_CURVE('',#7333,(#7338,#7345),.PCURVE_S1.);
#7333 = CIRCLE('',#7334,1.25);
#7334 = AXIS2_PLACEMENT_3D('',#7335,#7336,#7337);
#7335 = CARTESIAN_POINT('',(59.641482891615,-8.5,31.999169083086));
#7336 = DIRECTION('',(0.999847695156,-1.068651684042E-18,
    1.745240643728E-02));
#7337 = DIRECTION('',(1.745240643728E-02,6.01853107621E-36,
    -0.999847695156));
#7338 = PCURVE('',#2149,#7339);
#7339 = DEFINITIONAL_REPRESENTATION('',(#7340),#7344);
#7340 = CIRCLE('',#7341,1.25);
#7341 = AXIS2_PLACEMENT_2D('',#7342,#7343);
#7342 = CARTESIAN_POINT('',(-5.482550820095,-43.00083767664));
#7343 = DIRECTION('',(1.,0.));
#7344 = ( GEOMETRIC_REPRESENTATION_CONTEXT(2) 
PARAMETRIC_REPRESENTATION_CONTEXT() REPRESENTATION_CONTEXT('2D SPACE',''
  ) );
#7345 = PCURVE('',#7319,#7346);
#7346 = DEFINITIONAL_REPRESENTATION('',(#7347),#7351);
#7347 = LINE('',#7348,#7349);
#7348 = CARTESIAN_POINT('',(9.424777960769,181.37540860785));
#7349 = VECTOR('',#7350,1.);
#7350 = DIRECTION('',(-1.,0.));
#7351 = ( GEOMETRIC_REPRESENTATION_CONTEXT(2) 
PARAMETRIC_REPRESENTATION_CONTEXT() REPRESENTATION_CONTEXT('2D SPACE',''
  ) );
#7352 = FACE_BOUND('',#7353,.T.);
#7353 = EDGE_LOOP('',(#7354,#7385));
#7354 = ORIENTED_EDGE('',*,*,#7355,.T.);
#7355 = EDGE_CURVE('',#7356,#7358,#7360,.T.);
#7356 = VERTEX_POINT('',#7357);
#7357 = CARTESIAN_POINT('',(59.942536902658,8.5,14.751796341638));
#7358 = VERTEX_POINT('',#7359);
#7359 = CARTESIAN_POINT('',(59.898905886564,8.5,17.251415579529));
#7360 = SURFACE_CURVE('',#7361,(#7366,#7373),.PCURVE_S1.);
#7361 = CIRCLE('',#7362,1.25);
#7362 = AXIS2_PLACEMENT_3D('',#7363,#7364,#7365);
#7363 = CARTESIAN_POINT('',(59.920721394611,8.5,16.001605960584));
#7364 = DIRECTION('',(0.999847695156,-1.068651684042E-18,
    1.745240643728E-02));
#7365 = DIRECTION('',(1.745240643728E-02,6.01853107621E-36,
    -0.999847695156));
#7366 = PCURVE('',#2149,#7367);
#7367 = DEFINITIONAL_REPRESENTATION('',(#7368),#7372);
#7368 = CIRCLE('',#7369,1.25);
#7369 = AXIS2_PLACEMENT_2D('',#7370,#7371);
#7370 = CARTESIAN_POINT('',(10.517449179905,-26.00083767664));
#7371 = DIRECTION('',(1.,0.));
#7372 = ( GEOMETRIC_REPRESENTATION_CONTEXT(2) 
PARAMETRIC_REPRESENTATION_CONTEXT() REPRESENTATION_CONTEXT('2D SPACE',''
  ) );
#7373 = PCURVE('',#7374,#7379);
#7374 = CYLINDRICAL_SURFACE('',#7375,1.25);
#7375 = AXIS2_PLACEMENT_3D('',#7376,#7377,#7378);
#7376 = CARTESIAN_POINT('',(241.26850564922,8.5,19.167043309336));
#7377 = DIRECTION('',(-0.999847695156,1.068651684042E-18,
    -1.745240643728E-02));
#7378 = DIRECTION('',(-1.745240643728E-02,0.,0.999847695156));
#7379 = DEFINITIONAL_REPRESENTATION('',(#7380),#7384);
#7380 = LINE('',#7381,#7382);
#7381 = CARTESIAN_POINT('',(3.14159265359,181.37540860785));
#7382 = VECTOR('',#7383,1.);
#7383 = DIRECTION('',(-1.,0.));
#7384 = ( GEOMETRIC_REPRESENTATION_CONTEXT(2) 
PARAMETRIC_REPRESENTATION_CONTEXT() REPRESENTATION_CONTEXT('2D SPACE',''
  ) );
#7385 = ORIENTED_EDGE('',*,*,#7386,.T.);
#7386 = EDGE_CURVE('',#7358,#7356,#7387,.T.);
#7387 = SURFACE_CURVE('',#7388,(#7393,#7400),.PCURVE_S1.);
#7388 = CIRCLE('',#7389,1.25);
#7389 = AXIS2_PLACEMENT_3D('',#7390,#7391,#7392);
#7390 = CARTESIAN_POINT('',(59.920721394611,8.5,16.001605960584));
#7391 = DIRECTION('',(0.999847695156,-1.068651684042E-18,
    1.745240643728E-02));
#7392 = DIRECTION('',(1.745240643728E-02,6.01853107621E-36,
    -0.999847695156));
#7393 = PCURVE('',#2149,#7394);
#7394 = DEFINITIONAL_REPRESENTATION('',(#7395),#7399);
#7395 = CIRCLE('',#7396,1.25);
#7396 = AXIS2_PLACEMENT_2D('',#7397,#7398);
#7397 = CARTESIAN_POINT('',(10.517449179905,-26.00083767664));
#7398 = DIRECTION('',(1.,0.));
#7399 = ( GEOMETRIC_REPRESENTATION_CONTEXT(2) 
PARAMETRIC_REPRESENTATION_CONTEXT() REPRESENTATION_CONTEXT('2D SPACE',''
  ) );
#7400 = PCURVE('',#7374,#7401);
#7401 = DEFINITIONAL_REPRESENTATION('',(#7402),#7406);
#7402 = LINE('',#7403,#7404);
#7403 = CARTESIAN_POINT('',(9.424777960769,181.37540860785));
#7404 = VECTOR('',#7405,1.);
#7405 = DIRECTION('',(-1.,0.));
#7406 = ( GEOMETRIC_REPRESENTATION_CONTEXT(2) 
PARAMETRIC_REPRESENTATION_CONTEXT() REPRESENTATION_CONTEXT('2D SPACE',''
  ) );
#7407 = FACE_BOUND('',#7408,.T.);
#7408 = EDGE_LOOP('',(#7409,#7440));
#7409 = ORIENTED_EDGE('',*,*,#7410,.T.);
#7410 = EDGE_CURVE('',#7411,#7413,#7415,.T.);
#7411 = VERTEX_POINT('',#7412);
#7412 = CARTESIAN_POINT('',(59.802917651159,8.5,22.750577902889));
#7413 = VERTEX_POINT('',#7414);
#7414 = CARTESIAN_POINT('',(59.759286635066,8.5,25.25019714078));
#7415 = SURFACE_CURVE('',#7416,(#7421,#7428),.PCURVE_S1.);
#7416 = CIRCLE('',#7417,1.25);
#7417 = AXIS2_PLACEMENT_3D('',#7418,#7419,#7420);
#7418 = CARTESIAN_POINT('',(59.781102143113,8.5,24.000387521835));
#7419 = DIRECTION('',(0.999847695156,-1.068651684042E-18,
    1.745240643728E-02));
#7420 = DIRECTION('',(1.745240643728E-02,6.01853107621E-36,
    -0.999847695156));
#7421 = PCURVE('',#2149,#7422);
#7422 = DEFINITIONAL_REPRESENTATION('',(#7423),#7427);
#7423 = CIRCLE('',#7424,1.25);
#7424 = AXIS2_PLACEMENT_2D('',#7425,#7426);
#7425 = CARTESIAN_POINT('',(2.517449179905,-26.00083767664));
#7426 = DIRECTION('',(1.,0.));
#7427 = ( GEOMETRIC_REPRESENTATION_CONTEXT(2) 
PARAMETRIC_REPRESENTATION_CONTEXT() REPRESENTATION_CONTEXT('2D SPACE',''
  ) );
#7428 = PCURVE('',#7429,#7434);
#7429 = CYLINDRICAL_SURFACE('',#7430,1.25);
#7430 = AXIS2_PLACEMENT_3D('',#7431,#7432,#7433);
#7431 = CARTESIAN_POINT('',(241.12888639772,8.5,27.165824870587));
#7432 = DIRECTION('',(-0.999847695156,1.068651684042E-18,
    -1.745240643728E-02));
#7433 = DIRECTION('',(-1.745240643728E-02,0.,0.999847695156));
#7434 = DEFINITIONAL_REPRESENTATION('',(#7435),#7439);
#7435 = LINE('',#7436,#7437);
#7436 = CARTESIAN_POINT('',(3.14159265359,181.37540860785));
#7437 = VECTOR('',#7438,1.);
#7438 = DIRECTION('',(-1.,0.));
#7439 = ( GEOMETRIC_REPRESENTATION_CONTEXT(2) 
PARAMETRIC_REPRESENTATION_CONTEXT() REPRESENTATION_CONTEXT('2D SPACE',''
  ) );
#7440 = ORIENTED_EDGE('',*,*,#7441,.T.);
#7441 = EDGE_CURVE('',#7413,#7411,#7442,.T.);
#7442 = SURFACE_CURVE('',#7443,(#7448,#7455),.PCURVE_S1.);
#7443 = CIRCLE('',#7444,1.25);
#7444 = AXIS2_PLACEMENT_3D('',#7445,#7446,#7447);
#7445 = CARTESIAN_POINT('',(59.781102143113,8.5,24.000387521835));
#7446 = DIRECTION('',(0.999847695156,-1.068651684042E-18,
    1.745240643728E-02));
#7447 = DIRECTION('',(1.745240643728E-02,6.01853107621E-36,
    -0.999847695156));
#7448 = PCURVE('',#2149,#7449);
#7449 = DEFINITIONAL_REPRESENTATION('',(#7450),#7454);
#7450 = CIRCLE('',#7451,1.25);
#7451 = AXIS2_PLACEMENT_2D('',#7452,#7453);
#7452 = CARTESIAN_POINT('',(2.517449179905,-26.00083767664));
#7453 = DIRECTION('',(1.,0.));
#7454 = ( GEOMETRIC_REPRESENTATION_CONTEXT(2) 
PARAMETRIC_REPRESENTATION_CONTEXT() REPRESENTATION_CONTEXT('2D SPACE',''
  ) );
#7455 = PCURVE('',#7429,#7456);
#7456 = DEFINITIONAL_REPRESENTATION('',(#7457),#7461);
#7457 = LINE('',#7458,#7459);
#7458 = CARTESIAN_POINT('',(9.424777960769,181.37540860785));
#7459 = VECTOR('',#7460,1.);
#7460 = DIRECTION('',(-1.,0.));
#7461 = ( GEOMETRIC_REPRESENTATION_CONTEXT(2) 
PARAMETRIC_REPRESENTATION_CONTEXT() REPRESENTATION_CONTEXT('2D SPACE',''
  ) );
#7462 = FACE_BOUND('',#7463,.T.);
#7463 = EDGE_LOOP('',(#7464,#7495));
#7464 = ORIENTED_EDGE('',*,*,#7465,.T.);
#7465 = EDGE_CURVE('',#7466,#7468,#7470,.T.);
#7466 = VERTEX_POINT('',#7467);
#7467 = CARTESIAN_POINT('',(59.663298399661,8.5,30.74935946414));
#7468 = VERTEX_POINT('',#7469);
#7469 = CARTESIAN_POINT('',(59.619667383568,8.5,33.248978702031));
#7470 = SURFACE_CURVE('',#7471,(#7476,#7483),.PCURVE_S1.);
#7471 = CIRCLE('',#7472,1.25);
#7472 = AXIS2_PLACEMENT_3D('',#7473,#7474,#7475);
#7473 = CARTESIAN_POINT('',(59.641482891615,8.5,31.999169083086));
#7474 = DIRECTION('',(0.999847695156,-1.068651684042E-18,
    1.745240643728E-02));
#7475 = DIRECTION('',(1.745240643728E-02,6.01853107621E-36,
    -0.999847695156));
#7476 = PCURVE('',#2149,#7477);
#7477 = DEFINITIONAL_REPRESENTATION('',(#7478),#7482);
#7478 = CIRCLE('',#7479,1.25);
#7479 = AXIS2_PLACEMENT_2D('',#7480,#7481);
#7480 = CARTESIAN_POINT('',(-5.482550820095,-26.00083767664));
#7481 = DIRECTION('',(1.,0.));
#7482 = ( GEOMETRIC_REPRESENTATION_CONTEXT(2) 
PARAMETRIC_REPRESENTATION_CONTEXT() REPRESENTATION_CONTEXT('2D SPACE',''
  ) );
#7483 = PCURVE('',#7484,#7489);
#7484 = CYLINDRICAL_SURFACE('',#7485,1.25);
#7485 = AXIS2_PLACEMENT_3D('',#7486,#7487,#7488);
#7486 = CARTESIAN_POINT('',(240.98926714623,8.5,35.164606431839));
#7487 = DIRECTION('',(-0.999847695156,1.068651684042E-18,
    -1.745240643728E-02));
#7488 = DIRECTION('',(-1.745240643728E-02,0.,0.999847695156));
#7489 = DEFINITIONAL_REPRESENTATION('',(#7490),#7494);
#7490 = LINE('',#7491,#7492);
#7491 = CARTESIAN_POINT('',(3.14159265359,181.37540860785));
#7492 = VECTOR('',#7493,1.);
#7493 = DIRECTION('',(-1.,0.));
#7494 = ( GEOMETRIC_REPRESENTATION_CONTEXT(2) 
PARAMETRIC_REPRESENTATION_CONTEXT() REPRESENTATION_CONTEXT('2D SPACE',''
  ) );
#7495 = ORIENTED_EDGE('',*,*,#7496,.T.);
#7496 = EDGE_CURVE('',#7468,#7466,#7497,.T.);
#7497 = SURFACE_CURVE('',#7498,(#7503,#7510),.PCURVE_S1.);
#7498 = CIRCLE('',#7499,1.25);
#7499 = AXIS2_PLACEMENT_3D('',#7500,#7501,#7502);
#7500 = CARTESIAN_POINT('',(59.641482891615,8.5,31.999169083086));
#7501 = DIRECTION('',(0.999847695156,-1.068651684042E-18,
    1.745240643728E-02));
#7502 = DIRECTION('',(1.745240643728E-02,6.01853107621E-36,
    -0.999847695156));
#7503 = PCURVE('',#2149,#7504);
#7504 = DEFINITIONAL_REPRESENTATION('',(#7505),#7509);
#7505 = CIRCLE('',#7506,1.25);
#7506 = AXIS2_PLACEMENT_2D('',#7507,#7508);
#7507 = CARTESIAN_POINT('',(-5.482550820095,-26.00083767664));
#7508 = DIRECTION('',(1.,0.));
#7509 = ( GEOMETRIC_REPRESENTATION_CONTEXT(2) 
PARAMETRIC_REPRESENTATION_CONTEXT() REPRESENTATION_CONTEXT('2D SPACE',''
  ) );
#7510 = PCURVE('',#7484,#7511);
#7511 = DEFINITIONAL_REPRESENTATION('',(#7512),#7516);
#7512 = LINE('',#7513,#7514);
#7513 = CARTESIAN_POINT('',(9.424777960769,181.37540860785));
#7514 = VECTOR('',#7515,1.);
#7515 = DIRECTION('',(-1.,0.));
#7516 = ( GEOMETRIC_REPRESENTATION_CONTEXT(2) 
PARAMETRIC_REPRESENTATION_CONTEXT() REPRESENTATION_CONTEXT('2D SPACE',''
  ) );
#7517 = FACE_BOUND('',#7518,.T.);
#7518 = EDGE_LOOP('',(#7519,#7550));
#7519 = ORIENTED_EDGE('',*,*,#7520,.T.);
#7520 = EDGE_CURVE('',#7521,#7523,#7525,.T.);
#7521 = VERTEX_POINT('',#7522);
#7522 = CARTESIAN_POINT('',(59.942536902658,-8.5,14.751796341638));
#7523 = VERTEX_POINT('',#7524);
#7524 = CARTESIAN_POINT('',(59.898905886564,-8.5,17.251415579529));
#7525 = SURFACE_CURVE('',#7526,(#7531,#7538),.PCURVE_S1.);
#7526 = CIRCLE('',#7527,1.25);
#7527 = AXIS2_PLACEMENT_3D('',#7528,#7529,#7530);
#7528 = CARTESIAN_POINT('',(59.920721394611,-8.5,16.001605960584));
#7529 = DIRECTION('',(0.999847695156,-1.068651684042E-18,
    1.745240643728E-02));
#7530 = DIRECTION('',(1.745240643728E-02,6.01853107621E-36,
    -0.999847695156));
#7531 = PCURVE('',#2149,#7532);
#7532 = DEFINITIONAL_REPRESENTATION('',(#7533),#7537);
#7533 = CIRCLE('',#7534,1.25);
#7534 = AXIS2_PLACEMENT_2D('',#7535,#7536);
#7535 = CARTESIAN_POINT('',(10.517449179905,-43.00083767664));
#7536 = DIRECTION('',(1.,0.));
#7537 = ( GEOMETRIC_REPRESENTATION_CONTEXT(2) 
PARAMETRIC_REPRESENTATION_CONTEXT() REPRESENTATION_CONTEXT('2D SPACE',''
  ) );
#7538 = PCURVE('',#7539,#7544);
#7539 = CYLINDRICAL_SURFACE('',#7540,1.25);
#7540 = AXIS2_PLACEMENT_3D('',#7541,#7542,#7543);
#7541 = CARTESIAN_POINT('',(241.26850564922,-8.5,19.167043309336));
#7542 = DIRECTION('',(-0.999847695156,1.068651684042E-18,
    -1.745240643728E-02));
#7543 = DIRECTION('',(-1.745240643728E-02,0.,0.999847695156));
#7544 = DEFINITIONAL_REPRESENTATION('',(#7545),#7549);
#7545 = LINE('',#7546,#7547);
#7546 = CARTESIAN_POINT('',(3.14159265359,181.37540860785));
#7547 = VECTOR('',#7548,1.);
#7548 = DIRECTION('',(-1.,0.));
#7549 = ( GEOMETRIC_REPRESENTATION_CONTEXT(2) 
PARAMETRIC_REPRESENTATION_CONTEXT() REPRESENTATION_CONTEXT('2D SPACE',''
  ) );
#7550 = ORIENTED_EDGE('',*,*,#7551,.T.);
#7551 = EDGE_CURVE('',#7523,#7521,#7552,.T.);
#7552 = SURFACE_CURVE('',#7553,(#7558,#7565),.PCURVE_S1.);
#7553 = CIRCLE('',#7554,1.25);
#7554 = AXIS2_PLACEMENT_3D('',#7555,#7556,#7557);
#7555 = CARTESIAN_POINT('',(59.920721394611,-8.5,16.001605960584));
#7556 = DIRECTION('',(0.999847695156,-1.068651684042E-18,
    1.745240643728E-02));
#7557 = DIRECTION('',(1.745240643728E-02,6.01853107621E-36,
    -0.999847695156));
#7558 = PCURVE('',#2149,#7559);
#7559 = DEFINITIONAL_REPRESENTATION('',(#7560),#7564);
#7560 = CIRCLE('',#7561,1.25);
#7561 = AXIS2_PLACEMENT_2D('',#7562,#7563);
#7562 = CARTESIAN_POINT('',(10.517449179905,-43.00083767664));
#7563 = DIRECTION('',(1.,0.));
#7564 = ( GEOMETRIC_REPRESENTATION_CONTEXT(2) 
PARAMETRIC_REPRESENTATION_CONTEXT() REPRESENTATION_CONTEXT('2D SPACE',''
  ) );
#7565 = PCURVE('',#7539,#7566);
#7566 = DEFINITIONAL_REPRESENTATION('',(#7567),#7571);
#7567 = LINE('',#7568,#7569);
#7568 = CARTESIAN_POINT('',(9.424777960769,181.37540860785));
#7569 = VECTOR('',#7570,1.);
#7570 = DIRECTION('',(-1.,0.));
#7571 = ( GEOMETRIC_REPRESENTATION_CONTEXT(2) 
PARAMETRIC_REPRESENTATION_CONTEXT() REPRESENTATION_CONTEXT('2D SPACE',''
  ) );
#7572 = FACE_BOUND('',#7573,.T.);
#7573 = EDGE_LOOP('',(#7574,#7575,#7596,#7597));
#7574 = ORIENTED_EDGE('',*,*,#7197,.F.);
#7575 = ORIENTED_EDGE('',*,*,#7576,.T.);
#7576 = EDGE_CURVE('',#7198,#2134,#7577,.T.);
#7577 = SURFACE_CURVE('',#7578,(#7582,#7589),.PCURVE_S1.);
#7578 = LINE('',#7579,#7580);
#7579 = CARTESIAN_POINT('',(59.73716659684,34.50083767664,
    26.517453282036));
#7580 = VECTOR('',#7581,1.);
#7581 = DIRECTION('',(1.745240643728E-02,-1.160641252118E-16,
    -0.999847695156));
#7582 = PCURVE('',#2149,#7583);
#7583 = DEFINITIONAL_REPRESENTATION('',(#7584),#7588);
#7584 = LINE('',#7585,#7586);
#7585 = CARTESIAN_POINT('',(0.,0.));
#7586 = VECTOR('',#7587,1.);
#7587 = DIRECTION('',(1.,-1.160641252118E-16));
#7588 = ( GEOMETRIC_REPRESENTATION_CONTEXT(2) 
PARAMETRIC_REPRESENTATION_CONTEXT() REPRESENTATION_CONTEXT('2D SPACE',''
  ) );
#7589 = PCURVE('',#651,#7590);
#7590 = DEFINITIONAL_REPRESENTATION('',(#7591),#7595);
#7591 = LINE('',#7592,#7593);
#7592 = CARTESIAN_POINT('',(0.785306140843,26.517456467088));
#7593 = VECTOR('',#7594,1.);
#7594 = DIRECTION('',(3.067250181045E-07,1.));
#7595 = ( GEOMETRIC_REPRESENTATION_CONTEXT(2) 
PARAMETRIC_REPRESENTATION_CONTEXT() REPRESENTATION_CONTEXT('2D SPACE',''
  ) );
#7596 = ORIENTED_EDGE('',*,*,#2133,.T.);
#7597 = ORIENTED_EDGE('',*,*,#7098,.F.);
#7598 = ADVANCED_FACE('',(#7599),#5491,.F.);
#7599 = FACE_BOUND('',#7600,.T.);
#7600 = EDGE_LOOP('',(#7601,#7625,#7645));
#7601 = ORIENTED_EDGE('',*,*,#7602,.T.);
#7602 = EDGE_CURVE('',#5454,#7603,#7605,.T.);
#7603 = VERTEX_POINT('',#7604);
#7604 = CARTESIAN_POINT('',(57.074759736223,34.50083767664,
    54.996595528964));
#7605 = SURFACE_CURVE('',#7606,(#7611,#7619),.PCURVE_S1.);
#7606 = B_SPLINE_CURVE_WITH_KNOTS('',3,(#7607,#7608,#7609,#7610),
  .UNSPECIFIED.,.F.,.F.,(4,4),(6.810559421165E-05,4.410403079899E-04),
  .PIECEWISE_BEZIER_KNOTS.);
#7607 = CARTESIAN_POINT('',(57.074578654182,34.127918546123,
    54.999999999999));
#7608 = CARTESIAN_POINT('',(57.074604445153,34.252230907118,
    54.999515111427));
#7609 = CARTESIAN_POINT('',(57.074652241804,34.376539458841,
    54.998616500411));
#7610 = CARTESIAN_POINT('',(57.074759736223,34.50083767664,
    54.996595528964));
#7611 = PCURVE('',#5491,#7612);
#7612 = DEFINITIONAL_REPRESENTATION('',(#7613),#7618);
#7613 = B_SPLINE_CURVE_WITH_KNOTS('',3,(#7614,#7615,#7616,#7617),
  .UNSPECIFIED.,.F.,.F.,(4,4),(6.810559421165E-05,4.410403079899E-04),
  .PIECEWISE_BEZIER_KNOTS.);
#7614 = CARTESIAN_POINT('',(27.538872934683,-0.372919130517));
#7615 = CARTESIAN_POINT('',(27.538387360691,-0.248606769522));
#7616 = CARTESIAN_POINT('',(27.537487479434,-0.124298217798));
#7617 = CARTESIAN_POINT('',(27.535463651219,0.));
#7618 = ( GEOMETRIC_REPRESENTATION_CONTEXT(2) 
PARAMETRIC_REPRESENTATION_CONTEXT() REPRESENTATION_CONTEXT('2D SPACE',''
  ) );
#7619 = PCURVE('',#5389,#7620);
#7620 = DEFINITIONAL_REPRESENTATION('',(#7621),#7624);
#7621 = B_SPLINE_CURVE_WITH_KNOTS('',1,(#7622,#7623),.UNSPECIFIED.,.F.,
  .F.,(2,2),(6.810559421165E-05,4.410403079899E-04),
  .PIECEWISE_BEZIER_KNOTS.);
#7622 = CARTESIAN_POINT('',(1.414098706582,4.736774176194));
#7623 = CARTESIAN_POINT('',(1.312241259895,4.775340222076));
#7624 = ( GEOMETRIC_REPRESENTATION_CONTEXT(2) 
PARAMETRIC_REPRESENTATION_CONTEXT() REPRESENTATION_CONTEXT('2D SPACE',''
  ) );
#7625 = ORIENTED_EDGE('',*,*,#7626,.T.);
#7626 = EDGE_CURVE('',#7603,#5476,#7627,.T.);
#7627 = SURFACE_CURVE('',#7628,(#7632,#7639),.PCURVE_S1.);
#7628 = LINE('',#7629,#7630);
#7629 = CARTESIAN_POINT('',(58.537289327091,34.50083767664,27.5));
#7630 = VECTOR('',#7631,1.);
#7631 = DIRECTION('',(-5.311439855865E-02,4.784071806018E-16,
    0.998588434074));
#7632 = PCURVE('',#5491,#7633);
#7633 = DEFINITIONAL_REPRESENTATION('',(#7634),#7638);
#7634 = LINE('',#7635,#7636);
#7635 = CARTESIAN_POINT('',(0.,0.));
#7636 = VECTOR('',#7637,1.);
#7637 = DIRECTION('',(1.,4.784071806018E-16));
#7638 = ( GEOMETRIC_REPRESENTATION_CONTEXT(2) 
PARAMETRIC_REPRESENTATION_CONTEXT() REPRESENTATION_CONTEXT('2D SPACE',''
  ) );
#7639 = PCURVE('',#5533,#7640);
#7640 = DEFINITIONAL_REPRESENTATION('',(#7641),#7644);
#7641 = B_SPLINE_CURVE_WITH_KNOTS('',1,(#7642,#7643),.UNSPECIFIED.,.F.,
  .F.,(2,2),(27.535463651219,27.538872934683),.PIECEWISE_BEZIER_KNOTS.);
#7642 = CARTESIAN_POINT('',(6.189947337071E-05,0.161663011801));
#7643 = CARTESIAN_POINT('',(-7.420332525438E-17,0.161663011801));
#7644 = ( GEOMETRIC_REPRESENTATION_CONTEXT(2) 
PARAMETRIC_REPRESENTATION_CONTEXT() REPRESENTATION_CONTEXT('2D SPACE',''
  ) );
#7645 = ORIENTED_EDGE('',*,*,#5475,.T.);
#7646 = ADVANCED_FACE('',(#7647),#5839,.F.);
#7647 = FACE_BOUND('',#7648,.F.);
#7648 = EDGE_LOOP('',(#7649,#7670,#7671,#7672));
#7649 = ORIENTED_EDGE('',*,*,#7650,.T.);
#7650 = EDGE_CURVE('',#636,#5808,#7651,.T.);
#7651 = SURFACE_CURVE('',#7652,(#7657,#7663),.PCURVE_S1.);
#7652 = CIRCLE('',#7653,1.999998217696);
#7653 = AXIS2_PLACEMENT_3D('',#7654,#7655,#7656);
#7654 = CARTESIAN_POINT('',(54.50083767664,37.274609119791,
    53.000001782303));
#7655 = DIRECTION('',(1.,0.,0.));
#7656 = DIRECTION('',(0.,0.,-1.));
#7657 = PCURVE('',#5839,#7658);
#7658 = DEFINITIONAL_REPRESENTATION('',(#7659),#7662);
#7659 = B_SPLINE_CURVE_WITH_KNOTS('',1,(#7660,#7661),.UNSPECIFIED.,.F.,
  .F.,(2,2),(1.588249492312,3.14159265359),.PIECEWISE_BEZIER_KNOTS.);
#7660 = CARTESIAN_POINT('',(7.068409690364,1.755197012944E-02));
#7661 = CARTESIAN_POINT('',(7.068284444553,1.570633959618));
#7662 = ( GEOMETRIC_REPRESENTATION_CONTEXT(2) 
PARAMETRIC_REPRESENTATION_CONTEXT() REPRESENTATION_CONTEXT('2D SPACE',''
  ) );
#7663 = PCURVE('',#679,#7664);
#7664 = DEFINITIONAL_REPRESENTATION('',(#7665),#7669);
#7665 = LINE('',#7666,#7667);
#7666 = CARTESIAN_POINT('',(8.881784197001E-16,109.00167535328));
#7667 = VECTOR('',#7668,1.);
#7668 = DIRECTION('',(1.,0.));
#7669 = ( GEOMETRIC_REPRESENTATION_CONTEXT(2) 
PARAMETRIC_REPRESENTATION_CONTEXT() REPRESENTATION_CONTEXT('2D SPACE',''
  ) );
#7670 = ORIENTED_EDGE('',*,*,#5807,.T.);
#7671 = ORIENTED_EDGE('',*,*,#7220,.F.);
#7672 = ORIENTED_EDGE('',*,*,#7673,.F.);
#7673 = EDGE_CURVE('',#636,#7198,#7674,.T.);
#7674 = SURFACE_CURVE('',#7675,(#7686,#7715),.PCURVE_S1.);
#7675 = B_SPLINE_CURVE_WITH_KNOTS('',3,(#7676,#7677,#7678,#7679,#7680,
    #7681,#7682,#7683,#7684,#7685),.UNSPECIFIED.,.F.,.F.,(4,2,2,2,4),(
    0.139545593061,0.145074947746,0.150604302431,0.156133657116,
    0.161663011801),.UNSPECIFIED.);
#7676 = CARTESIAN_POINT('',(54.50083767664,39.274302728071,
    53.034906564073));
#7677 = CARTESIAN_POINT('',(55.091656854126,39.274302728071,
    53.034906564073));
#7678 = CARTESIAN_POINT('',(55.71302213471,39.160177315464,
    53.034906564073));
#7679 = CARTESIAN_POINT('',(56.87429573912,38.689659737878,
    53.034906564073));
#7680 = CARTESIAN_POINT('',(57.424562124242,38.328015423993,
    53.034906564073));
#7681 = CARTESIAN_POINT('',(58.328015424001,37.42456212425,
    53.034906564073));
#7682 = CARTESIAN_POINT('',(58.689659737871,36.87429573913,
    53.034906564073));
#7683 = CARTESIAN_POINT('',(59.160177315472,35.7130221347,
    53.034906564073));
#7684 = CARTESIAN_POINT('',(59.274302728071,35.091656854134,
    53.034906564073));
#7685 = CARTESIAN_POINT('',(59.274302728071,34.50083767664,
    53.034906564073));
#7686 = PCURVE('',#5839,#7687);
#7687 = DEFINITIONAL_REPRESENTATION('',(#7688),#7714);
#7688 = B_SPLINE_CURVE_WITH_KNOTS('',3,(#7689,#7690,#7691,#7692,#7693,
    #7694,#7695,#7696,#7697,#7698,#7699,#7700,#7701,#7702,#7703,#7704,
    #7705,#7706,#7707,#7708,#7709,#7710,#7711,#7712,#7713),
  .UNSPECIFIED.,.F.,.F.,(4,1,1,1,1,1,1,1,1,1,1,1,1,1,1,1,1,1,1,1,1,1,4),
  (0.139545593061,0.140550930277,0.141556267492,0.142561604708,
    0.143566941923,0.144572279138,0.145577616354,0.146582953569,
    0.147588290785,0.148593628,0.149598965216,0.150604302431,
    0.151609639646,0.152614976862,0.153620314077,0.154625651293,
    0.155630988508,0.156636325723,0.157641662939,0.158647000154,
    0.15965233737,0.160657674585,0.161663011801),.QUASI_UNIFORM_KNOTS.);
#7689 = CARTESIAN_POINT('',(7.068409690363,1.755209711128E-02));
#7690 = CARTESIAN_POINT('',(7.04590987151,1.755219766425E-02));
#7691 = CARTESIAN_POINT('',(7.000486343976,1.755397655661E-02));
#7692 = CARTESIAN_POINT('',(6.931283717245,1.755788118064E-02));
#7693 = CARTESIAN_POINT('',(6.861219500801,1.755823714501E-02));
#7694 = CARTESIAN_POINT('',(6.790494499534,1.755476705445E-02));
#7695 = CARTESIAN_POINT('',(6.719268392514,1.754941304978E-02));
#7696 = CARTESIAN_POINT('',(6.647716954551,1.754895357148E-02));
#7697 = CARTESIAN_POINT('',(6.575399502874,1.755440100933E-02));
#7698 = CARTESIAN_POINT('',(6.502578761672,1.755746536709E-02));
#7699 = CARTESIAN_POINT('',(6.4294598456,1.755596376919E-02));
#7700 = CARTESIAN_POINT('',(6.356236986931,1.755073198251E-02));
#7701 = CARTESIAN_POINT('',(6.28318530718,1.754636826702E-02));
#7702 = CARTESIAN_POINT('',(6.210133627428,1.755073198247E-02));
#7703 = CARTESIAN_POINT('',(6.13691076876,1.755596376915E-02));
#7704 = CARTESIAN_POINT('',(6.063791852688,1.755746536706E-02));
#7705 = CARTESIAN_POINT('',(5.990971111486,1.755440100932E-02));
#7706 = CARTESIAN_POINT('',(5.918653659809,1.754895357149E-02));
#7707 = CARTESIAN_POINT('',(5.847102221844,1.754941304977E-02));
#7708 = CARTESIAN_POINT('',(5.775876114824,1.755476705444E-02));
#7709 = CARTESIAN_POINT('',(5.705151113558,1.755823714499E-02));
#7710 = CARTESIAN_POINT('',(5.635086897114,1.755788118064E-02));
#7711 = CARTESIAN_POINT('',(5.565884270384,1.755397655662E-02));
#7712 = CARTESIAN_POINT('',(5.52046074285,1.755219766426E-02));
#7713 = CARTESIAN_POINT('',(5.497960923995,1.755209711129E-02));
#7714 = ( GEOMETRIC_REPRESENTATION_CONTEXT(2) 
PARAMETRIC_REPRESENTATION_CONTEXT() REPRESENTATION_CONTEXT('2D SPACE',''
  ) );
#7715 = PCURVE('',#651,#7716);
#7716 = DEFINITIONAL_REPRESENTATION('',(#7717),#7743);
#7717 = B_SPLINE_CURVE_WITH_KNOTS('',3,(#7718,#7719,#7720,#7721,#7722,
    #7723,#7724,#7725,#7726,#7727,#7728,#7729,#7730,#7731,#7732,#7733,
    #7734,#7735,#7736,#7737,#7738,#7739,#7740,#7741,#7742),
  .UNSPECIFIED.,.F.,.F.,(4,1,1,1,1,1,1,1,1,1,1,1,1,1,1,1,1,1,1,1,1,1,4),
  (0.139545593061,0.140550930277,0.141556267492,0.142561604708,
    0.143566941923,0.144572279138,0.145577616354,0.146582953569,
    0.147588290785,0.148593628,0.149598965216,0.150604302431,
    0.151609639646,0.152614976862,0.153620314077,0.154625651293,
    0.155630988508,0.156636325723,0.157641662939,0.158647000154,
    0.15965233737,0.160657674585,0.161663011801),.QUASI_UNIFORM_KNOTS.);
#7718 = CARTESIAN_POINT('',(-0.785298007277,4.578018550502E-06));
#7719 = CARTESIAN_POINT('',(-0.7627965324,4.239296890144E-06));
#7720 = CARTESIAN_POINT('',(-0.717369549555,4.323863056624E-07));
#7721 = CARTESIAN_POINT('',(-0.648161335783,-7.710243278622E-06));
#7722 = CARTESIAN_POINT('',(-0.578091148638,-8.767562445521E-06));
#7723 = CARTESIAN_POINT('',(-0.507359831972,-2.187023214322E-06));
#7724 = CARTESIAN_POINT('',(-0.4361271078,8.182301512225E-06));
#7725 = CARTESIAN_POINT('',(-0.364568804203,8.854355481331E-06));
#7726 = CARTESIAN_POINT('',(-0.292244224308,-2.185058957369E-06));
#7727 = CARTESIAN_POINT('',(-0.219416142642,-8.436602900874E-06));
#7728 = CARTESIAN_POINT('',(-0.146289732141,-5.567507797132E-06));
#7729 = CARTESIAN_POINT('',(-7.305928684727E-02,4.767407319652E-06));
#7730 = CARTESIAN_POINT('',(7.025255541202E-15,1.342867464002E-05));
#7731 = CARTESIAN_POINT('',(7.305928684694E-02,4.767407401479E-06));
#7732 = CARTESIAN_POINT('',(0.14628973214,-5.567507711581E-06));
#7733 = CARTESIAN_POINT('',(0.219416142641,-8.436602848988E-06));
#7734 = CARTESIAN_POINT('',(0.292244224307,-2.185058952562E-06));
#7735 = CARTESIAN_POINT('',(0.364568804202,8.854355453E-06));
#7736 = CARTESIAN_POINT('',(0.436127107801,8.18230151685E-06));
#7737 = CARTESIAN_POINT('',(0.507359831973,-2.187023186356E-06));
#7738 = CARTESIAN_POINT('',(0.578091148638,-8.76756240892E-06));
#7739 = CARTESIAN_POINT('',(0.648161335783,-7.710243270793E-06));
#7740 = CARTESIAN_POINT('',(0.717369549554,4.323862994777E-07));
#7741 = CARTESIAN_POINT('',(0.7627965324,4.239296873686E-06));
#7742 = CARTESIAN_POINT('',(0.785298007277,4.578018529235E-06));
#7743 = ( GEOMETRIC_REPRESENTATION_CONTEXT(2) 
PARAMETRIC_REPRESENTATION_CONTEXT() REPRESENTATION_CONTEXT('2D SPACE',''
  ) );
#7744 = ADVANCED_FACE('',(#7745),#651,.F.);
#7745 = FACE_BOUND('',#7746,.F.);
#7746 = EDGE_LOOP('',(#7747,#7748,#7749,#7750));
#7747 = ORIENTED_EDGE('',*,*,#7576,.T.);
#7748 = ORIENTED_EDGE('',*,*,#2161,.T.);
#7749 = ORIENTED_EDGE('',*,*,#635,.F.);
#7750 = ORIENTED_EDGE('',*,*,#7673,.T.);
#7751 = ADVANCED_FACE('',(#7752),#5533,.F.);
#7752 = FACE_BOUND('',#7753,.F.);
#7753 = EDGE_LOOP('',(#7754,#7755,#7756,#7757));
#7754 = ORIENTED_EDGE('',*,*,#7626,.T.);
#7755 = ORIENTED_EDGE('',*,*,#5503,.F.);
#7756 = ORIENTED_EDGE('',*,*,#6330,.F.);
#7757 = ORIENTED_EDGE('',*,*,#7758,.F.);
#7758 = EDGE_CURVE('',#7603,#6306,#7759,.T.);
#7759 = SURFACE_CURVE('',#7760,(#7766,#7795),.PCURVE_S1.);
#7760 = B_SPLINE_CURVE_WITH_KNOTS('',3,(#7761,#7762,#7763,#7764,#7765),
  .UNSPECIFIED.,.F.,.F.,(4,1,4),(0.,2.023965755421E-03,
    4.047931510843E-03),.UNSPECIFIED.);
#7761 = CARTESIAN_POINT('',(57.074759736223,34.50083767664,
    54.996595528964));
#7762 = CARTESIAN_POINT('',(57.075343211125,35.175522851103,
    54.985625786213));
#7763 = CARTESIAN_POINT('',(56.519379133132,36.518731540772,
    54.938255087496));
#7764 = CARTESIAN_POINT('',(55.175810338088,37.075337859826,
    54.985726394437));
#7765 = CARTESIAN_POINT('',(54.50083767664,37.07476001463,
    54.996590294702));
#7766 = PCURVE('',#5533,#7767);
#7767 = DEFINITIONAL_REPRESENTATION('',(#7768),#7794);
#7768 = B_SPLINE_CURVE_WITH_KNOTS('',3,(#7769,#7770,#7771,#7772,#7773,
    #7774,#7775,#7776,#7777,#7778,#7779,#7780,#7781,#7782,#7783,#7784,
    #7785,#7786,#7787,#7788,#7789,#7790,#7791,#7792,#7793),
  .UNSPECIFIED.,.F.,.F.,(4,1,1,1,1,1,1,1,1,1,1,1,1,1,1,1,1,1,1,1,1,1,4),
  (0.,1.839968868565E-04,3.67993773713E-04,5.519906605695E-04,
    7.35987547426E-04,9.199844342824E-04,1.103981321139E-03,
    1.287978207995E-03,1.471975094852E-03,1.655971981708E-03,
    1.839968868565E-03,2.023965755421E-03,2.207962642278E-03,
    2.391959529134E-03,2.575956415991E-03,2.759953302847E-03,
    2.943950189704E-03,3.12794707656E-03,3.311943963417E-03,
    3.495940850273E-03,3.67993773713E-03,3.863934623986E-03,
    4.047931510843E-03),.QUASI_UNIFORM_KNOTS.);
#7769 = CARTESIAN_POINT('',(6.189947337096E-05,0.161663011801));
#7770 = CARTESIAN_POINT('',(8.010168743867E-05,0.161300105729));
#7771 = CARTESIAN_POINT('',(1.204310908487E-04,0.16059101915));
#7772 = CARTESIAN_POINT('',(1.892585653951E-04,0.159561995677));
#7773 = CARTESIAN_POINT('',(2.62699579123E-04,0.158550787295));
#7774 = CARTESIAN_POINT('',(3.380082602835E-04,0.157544876245));
#7775 = CARTESIAN_POINT('',(4.127524374984E-04,0.156532618849));
#7776 = CARTESIAN_POINT('',(4.856366164534E-04,0.155503167768));
#7777 = CARTESIAN_POINT('',(5.533451965805E-04,0.154513987438));
#7778 = CARTESIAN_POINT('',(6.113441774991E-04,0.153540144445));
#7779 = CARTESIAN_POINT('',(6.561975023631E-04,0.152572461003));
#7780 = CARTESIAN_POINT('',(6.848756489131E-04,0.151601552154));
#7781 = CARTESIAN_POINT('',(6.94930448633E-04,0.150605872457));
#7782 = CARTESIAN_POINT('',(6.846110389486E-04,0.149610008057));
#7783 = CARTESIAN_POINT('',(6.5568811538E-04,0.14863896255));
#7784 = CARTESIAN_POINT('',(6.106193764322E-04,0.147671093152));
#7785 = CARTESIAN_POINT('',(5.524463184587E-04,0.14669704441));
#7786 = CARTESIAN_POINT('',(4.846165567824E-04,0.14570765113));
#7787 = CARTESIAN_POINT('',(4.116745387987E-04,0.144677915168));
#7788 = CARTESIAN_POINT('',(3.369558865106E-04,0.143665273255));
#7789 = CARTESIAN_POINT('',(2.617645101522E-04,0.142659009876));
#7790 = CARTESIAN_POINT('',(1.885428162854E-04,0.141647434319));
#7791 = CARTESIAN_POINT('',(1.20047175706E-04,0.140618025776));
#7792 = CARTESIAN_POINT('',(8.002203264725E-05,0.139908652938));
#7793 = CARTESIAN_POINT('',(6.199464176185E-05,0.139545593061));
#7794 = ( GEOMETRIC_REPRESENTATION_CONTEXT(2) 
PARAMETRIC_REPRESENTATION_CONTEXT() REPRESENTATION_CONTEXT('2D SPACE',''
  ) );
#7795 = PCURVE('',#5389,#7796);
#7796 = DEFINITIONAL_REPRESENTATION('',(#7797),#7823);
#7797 = B_SPLINE_CURVE_WITH_KNOTS('',3,(#7798,#7799,#7800,#7801,#7802,
    #7803,#7804,#7805,#7806,#7807,#7808,#7809,#7810,#7811,#7812,#7813,
    #7814,#7815,#7816,#7817,#7818,#7819,#7820,#7821,#7822),
  .UNSPECIFIED.,.F.,.F.,(4,1,1,1,1,1,1,1,1,1,1,1,1,1,1,1,1,1,1,1,1,1,4),
  (0.,1.839968868565E-04,3.67993773713E-04,5.519906605695E-04,
    7.35987547426E-04,9.199844342824E-04,1.103981321139E-03,
    1.287978207995E-03,1.471975094852E-03,1.655971981708E-03,
    1.839968868565E-03,2.023965755421E-03,2.207962642278E-03,
    2.391959529134E-03,2.575956415991E-03,2.759953302847E-03,
    2.943950189704E-03,3.12794707656E-03,3.311943963417E-03,
    3.495940850273E-03,3.67993773713E-03,3.863934623986E-03,
    4.047931510843E-03),.QUASI_UNIFORM_KNOTS.);
#7798 = CARTESIAN_POINT('',(1.312241259895,4.775340222076));
#7799 = CARTESIAN_POINT('',(1.295876484907,4.783210283077));
#7800 = CARTESIAN_POINT('',(1.263257297438,4.798192328806));
#7801 = CARTESIAN_POINT('',(1.214622742538,4.818489556398));
#7802 = CARTESIAN_POINT('',(1.1662408626,4.836722126833));
#7803 = CARTESIAN_POINT('',(1.118086521709,4.852956437881));
#7804 = CARTESIAN_POINT('',(1.070140229239,4.867227141591));
#7805 = CARTESIAN_POINT('',(1.022386395254,4.879532721922));
#7806 = CARTESIAN_POINT('',(0.97480954606,4.889836943363));
#7807 = CARTESIAN_POINT('',(0.927391355868,4.898069725944));
#7808 = CARTESIAN_POINT('',(0.880107738862,4.90412903591));
#7809 = CARTESIAN_POINT('',(0.832925816207,4.907883319832));
#7810 = CARTESIAN_POINT('',(0.785801897451,4.909174521666));
#7811 = CARTESIAN_POINT('',(0.738675697361,4.907822089808));
#7812 = CARTESIAN_POINT('',(0.691487416251,4.904007103212));
#7813 = CARTESIAN_POINT('',(0.644193809443,4.897887937315));
#7814 = CARTESIAN_POINT('',(0.596762402826,4.889596295743));
#7815 = CARTESIAN_POINT('',(0.549169470411,4.879234188573));
#7816 = CARTESIAN_POINT('',(0.50139699525,4.86687150434));
#7817 = CARTESIAN_POINT('',(0.453429752682,4.852544123539));
#7818 = CARTESIAN_POINT('',(0.40525233244,4.836253052138));
#7819 = CARTESIAN_POINT('',(0.356845336326,4.817962982042));
#7820 = CARTESIAN_POINT('',(0.308183635048,4.797606740293));
#7821 = CARTESIAN_POINT('',(0.275544887687,4.782583738107));
#7822 = CARTESIAN_POINT('',(0.259169948056,4.77469265068));
#7823 = ( GEOMETRIC_REPRESENTATION_CONTEXT(2) 
PARAMETRIC_REPRESENTATION_CONTEXT() REPRESENTATION_CONTEXT('2D SPACE',''
  ) );
#7824 = ADVANCED_FACE('',(#7825),#679,.F.);
#7825 = FACE_BOUND('',#7826,.F.);
#7826 = EDGE_LOOP('',(#7827,#7828,#7829,#7830));
#7827 = ORIENTED_EDGE('',*,*,#7650,.F.);
#7828 = ORIENTED_EDGE('',*,*,#663,.F.);
#7829 = ORIENTED_EDGE('',*,*,#6471,.T.);
#7830 = ORIENTED_EDGE('',*,*,#6139,.T.);
#7831 = ADVANCED_FACE('',(#7832),#5273,.F.);
#7832 = FACE_BOUND('',#7833,.T.);
#7833 = EDGE_LOOP('',(#7834,#7856,#7857));
#7834 = ORIENTED_EDGE('',*,*,#7835,.T.);
#7835 = EDGE_CURVE('',#5236,#6575,#7836,.T.);
#7836 = SURFACE_CURVE('',#7837,(#7842,#7850),.PCURVE_S1.);
#7837 = B_SPLINE_CURVE_WITH_KNOTS('',3,(#7838,#7839,#7840,#7841),
  .UNSPECIFIED.,.F.,.F.,(4,4),(6.810559420861E-05,4.410403079764E-04),
  .PIECEWISE_BEZIER_KNOTS.);
#7838 = CARTESIAN_POINT('',(-54.12791854613,37.074578654182,
    54.999999999999));
#7839 = CARTESIAN_POINT('',(-54.25223090712,37.074604445153,
    54.999515111427));
#7840 = CARTESIAN_POINT('',(-54.37653945884,37.074652241804,
    54.998616500411));
#7841 = CARTESIAN_POINT('',(-54.50083767664,37.074759736223,
    54.996595528964));
#7842 = PCURVE('',#5273,#7843);
#7843 = DEFINITIONAL_REPRESENTATION('',(#7844),#7849);
#7844 = B_SPLINE_CURVE_WITH_KNOTS('',3,(#7845,#7846,#7847,#7848),
  .UNSPECIFIED.,.F.,.F.,(4,4),(6.810559420861E-05,4.410403079764E-04),
  .PIECEWISE_BEZIER_KNOTS.);
#7845 = CARTESIAN_POINT('',(-27.53887293468,0.372919130506));
#7846 = CARTESIAN_POINT('',(-27.53838736069,0.248606769514));
#7847 = CARTESIAN_POINT('',(-27.53748747943,0.124298217795));
#7848 = CARTESIAN_POINT('',(-27.53546365121,-3.907985046681E-13));
#7849 = ( GEOMETRIC_REPRESENTATION_CONTEXT(2) 
PARAMETRIC_REPRESENTATION_CONTEXT() REPRESENTATION_CONTEXT('2D SPACE',''
  ) );
#7850 = PCURVE('',#5171,#7851);
#7851 = DEFINITIONAL_REPRESENTATION('',(#7852),#7855);
#7852 = B_SPLINE_CURVE_WITH_KNOTS('',1,(#7853,#7854),.UNSPECIFIED.,.F.,
  .F.,(2,2),(6.810559420861E-05,4.410403079764E-04),
  .PIECEWISE_BEZIER_KNOTS.);
#7853 = CARTESIAN_POINT('',(4.555691360169,4.736774176195));
#7854 = CARTESIAN_POINT('',(4.453833913484,4.775340222076));
#7855 = ( GEOMETRIC_REPRESENTATION_CONTEXT(2) 
PARAMETRIC_REPRESENTATION_CONTEXT() REPRESENTATION_CONTEXT('2D SPACE',''
  ) );
#7856 = ORIENTED_EDGE('',*,*,#6574,.T.);
#7857 = ORIENTED_EDGE('',*,*,#5257,.T.);
#7858 = ADVANCED_FACE('',(#7859),#5615,.F.);
#7859 = FACE_BOUND('',#7860,.F.);
#7860 = EDGE_LOOP('',(#7861,#7862,#7863,#7864,#7865,#7866));
#7861 = ORIENTED_EDGE('',*,*,#5649,.F.);
#7862 = ORIENTED_EDGE('',*,*,#6353,.T.);
#7863 = ORIENTED_EDGE('',*,*,#7126,.T.);
#7864 = ORIENTED_EDGE('',*,*,#6401,.T.);
#7865 = ORIENTED_EDGE('',*,*,#5785,.F.);
#7866 = ORIENTED_EDGE('',*,*,#5589,.F.);
#7867 = ADVANCED_FACE('',(#7868),#5389,.F.);
#7868 = FACE_BOUND('',#7869,.F.);
#7869 = EDGE_LOOP('',(#7870,#7871,#7872,#7873,#7874,#7875));
#7870 = ORIENTED_EDGE('',*,*,#5453,.F.);
#7871 = ORIENTED_EDGE('',*,*,#7602,.T.);
#7872 = ORIENTED_EDGE('',*,*,#7758,.T.);
#7873 = ORIENTED_EDGE('',*,*,#6305,.T.);
#7874 = ORIENTED_EDGE('',*,*,#5371,.F.);
#7875 = ORIENTED_EDGE('',*,*,#5400,.F.);
#7876 = ADVANCED_FACE('',(#7877),#5171,.F.);
#7877 = FACE_BOUND('',#7878,.F.);
#7878 = EDGE_LOOP('',(#7879,#7880,#7881,#7882,#7883,#7884));
#7879 = ORIENTED_EDGE('',*,*,#5235,.F.);
#7880 = ORIENTED_EDGE('',*,*,#7835,.T.);
#7881 = ORIENTED_EDGE('',*,*,#6619,.T.);
#7882 = ORIENTED_EDGE('',*,*,#6716,.T.);
#7883 = ORIENTED_EDGE('',*,*,#5153,.F.);
#7884 = ORIENTED_EDGE('',*,*,#5182,.F.);
#7885 = ADVANCED_FACE('',(#7886),#4953,.F.);
#7886 = FACE_BOUND('',#7887,.F.);
#7887 = EDGE_LOOP('',(#7888,#7889,#7890,#7891,#7892,#7893));
#7888 = ORIENTED_EDGE('',*,*,#5017,.F.);
#7889 = ORIENTED_EDGE('',*,*,#6257,.T.);
#7890 = ORIENTED_EDGE('',*,*,#6872,.T.);
#7891 = ORIENTED_EDGE('',*,*,#6969,.T.);
#7892 = ORIENTED_EDGE('',*,*,#4930,.F.);
#7893 = ORIENTED_EDGE('',*,*,#4964,.F.);
#7894 = ADVANCED_FACE('',(#7895),#1901,.T.);
#7895 = FACE_BOUND('',#7896,.T.);
#7896 = EDGE_LOOP('',(#7897,#7920,#7943,#7964,#7965,#7986,#7987,#8008));
#7897 = ORIENTED_EDGE('',*,*,#7898,.F.);
#7898 = EDGE_CURVE('',#7899,#1812,#7901,.T.);
#7899 = VERTEX_POINT('',#7900);
#7900 = CARTESIAN_POINT('',(59.274302728071,45.960028571052,
    54.999999999999));
#7901 = SURFACE_CURVE('',#7902,(#7906,#7913),.PCURVE_S1.);
#7902 = LINE('',#7903,#7904);
#7903 = CARTESIAN_POINT('',(59.274302728071,45.480014285526,27.5));
#7904 = VECTOR('',#7905,1.);
#7905 = DIRECTION('',(0.,-1.745240643728E-02,-0.999847695156));
#7906 = PCURVE('',#1901,#7907);
#7907 = DEFINITIONAL_REPRESENTATION('',(#7908),#7912);
#7908 = LINE('',#7909,#7910);
#7909 = CARTESIAN_POINT('',(-1.500228492066,124.27630272807));
#7910 = VECTOR('',#7911,1.);
#7911 = DIRECTION('',(-1.,0.));
#7912 = ( GEOMETRIC_REPRESENTATION_CONTEXT(2) 
PARAMETRIC_REPRESENTATION_CONTEXT() REPRESENTATION_CONTEXT('2D SPACE',''
  ) );
#7913 = PCURVE('',#1827,#7914);
#7914 = DEFINITIONAL_REPRESENTATION('',(#7915),#7919);
#7915 = LINE('',#7916,#7917);
#7916 = CARTESIAN_POINT('',(10.979176608886,-25.53490656407));
#7917 = VECTOR('',#7918,1.);
#7918 = DIRECTION('',(-1.745240643728E-02,-0.999847695156));
#7919 = ( GEOMETRIC_REPRESENTATION_CONTEXT(2) 
PARAMETRIC_REPRESENTATION_CONTEXT() REPRESENTATION_CONTEXT('2D SPACE',''
  ) );
#7920 = ORIENTED_EDGE('',*,*,#7921,.T.);
#7921 = EDGE_CURVE('',#7899,#7922,#7924,.T.);
#7922 = VERTEX_POINT('',#7923);
#7923 = CARTESIAN_POINT('',(-54.50083767664,45.960028571052,
    54.999999999999));
#7924 = SURFACE_CURVE('',#7925,(#7929,#7936),.PCURVE_S1.);
#7925 = LINE('',#7926,#7927);
#7926 = CARTESIAN_POINT('',(59.276302728071,45.960028571052,
    54.999999999999));
#7927 = VECTOR('',#7928,1.);
#7928 = DIRECTION('',(-1.,0.,0.));
#7929 = PCURVE('',#1901,#7930);
#7930 = DEFINITIONAL_REPRESENTATION('',(#7931),#7935);
#7931 = LINE('',#7932,#7933);
#7932 = CARTESIAN_POINT('',(26.003960529141,124.27830272807));
#7933 = VECTOR('',#7934,1.);
#7934 = DIRECTION('',(0.,-1.));
#7935 = ( GEOMETRIC_REPRESENTATION_CONTEXT(2) 
PARAMETRIC_REPRESENTATION_CONTEXT() REPRESENTATION_CONTEXT('2D SPACE',''
  ) );
#7936 = PCURVE('',#1799,#7937);
#7937 = DEFINITIONAL_REPRESENTATION('',(#7938),#7942);
#7938 = LINE('',#7939,#7940);
#7939 = CARTESIAN_POINT('',(0.,0.960028571052));
#7940 = VECTOR('',#7941,1.);
#7941 = DIRECTION('',(-1.,0.));
#7942 = ( GEOMETRIC_REPRESENTATION_CONTEXT(2) 
PARAMETRIC_REPRESENTATION_CONTEXT() REPRESENTATION_CONTEXT('2D SPACE',''
  ) );
#7943 = ORIENTED_EDGE('',*,*,#7944,.T.);
#7944 = EDGE_CURVE('',#7922,#1733,#7945,.T.);
#7945 = SURFACE_CURVE('',#7946,(#7950,#7957),.PCURVE_S1.);
#7946 = LINE('',#7947,#7948);
#7947 = CARTESIAN_POINT('',(-54.50083767664,45.480014285526,27.5));
#7948 = VECTOR('',#7949,1.);
#7949 = DIRECTION('',(0.,-1.745240643728E-02,-0.999847695156));
#7950 = PCURVE('',#1901,#7951);
#7951 = DEFINITIONAL_REPRESENTATION('',(#7952),#7956);
#7952 = LINE('',#7953,#7954);
#7953 = CARTESIAN_POINT('',(-1.500228492066,10.50116232336));
#7954 = VECTOR('',#7955,1.);
#7955 = DIRECTION('',(-1.,0.));
#7956 = ( GEOMETRIC_REPRESENTATION_CONTEXT(2) 
PARAMETRIC_REPRESENTATION_CONTEXT() REPRESENTATION_CONTEXT('2D SPACE',''
  ) );
#7957 = PCURVE('',#1771,#7958);
#7958 = DEFINITIONAL_REPRESENTATION('',(#7959),#7963);
#7959 = LINE('',#7960,#7961);
#7960 = CARTESIAN_POINT('',(6.205711557455,-25.53490656407));
#7961 = VECTOR('',#7962,1.);
#7962 = DIRECTION('',(-1.745240643728E-02,-0.999847695156));
#7963 = ( GEOMETRIC_REPRESENTATION_CONTEXT(2) 
PARAMETRIC_REPRESENTATION_CONTEXT() REPRESENTATION_CONTEXT('2D SPACE',''
  ) );
#7964 = ORIENTED_EDGE('',*,*,#2439,.F.);
#7965 = ORIENTED_EDGE('',*,*,#7966,.T.);
#7966 = EDGE_CURVE('',#2412,#4717,#7967,.T.);
#7967 = SURFACE_CURVE('',#7968,(#7972,#7979),.PCURVE_S1.);
#7968 = LINE('',#7969,#7970);
#7969 = CARTESIAN_POINT('',(-65.50635162569,45.506351625691,
    29.008865207497));
#7970 = VECTOR('',#7971,1.);
#7971 = DIRECTION('',(-1.744974916068E-02,1.744974916068E-02,
    0.999695459882));
#7972 = PCURVE('',#1901,#7973);
#7973 = DEFINITIONAL_REPRESENTATION('',(#7974),#7978);
#7974 = LINE('',#7975,#7976);
#7975 = CARTESIAN_POINT('',(8.866557917118E-03,-0.504351625691));
#7976 = VECTOR('',#7977,1.);
#7977 = DIRECTION('',(0.999847741536,-1.744974916068E-02));
#7978 = ( GEOMETRIC_REPRESENTATION_CONTEXT(2) 
PARAMETRIC_REPRESENTATION_CONTEXT() REPRESENTATION_CONTEXT('2D SPACE',''
  ) );
#7979 = PCURVE('',#2427,#7980);
#7980 = DEFINITIONAL_REPRESENTATION('',(#7981),#7985);
#7981 = LINE('',#7982,#7983);
#7982 = CARTESIAN_POINT('',(-8.866557917118E-03,-0.508042140146));
#7983 = VECTOR('',#7984,1.);
#7984 = DIRECTION('',(-0.999847741536,1.744974916068E-02));
#7985 = ( GEOMETRIC_REPRESENTATION_CONTEXT(2) 
PARAMETRIC_REPRESENTATION_CONTEXT() REPRESENTATION_CONTEXT('2D SPACE',''
  ) );
#7986 = ORIENTED_EDGE('',*,*,#4716,.T.);
#7987 = ORIENTED_EDGE('',*,*,#7988,.F.);
#7988 = EDGE_CURVE('',#1886,#4719,#7989,.T.);
#7989 = SURFACE_CURVE('',#7990,(#7994,#8001),.PCURVE_S1.);
#7990 = LINE('',#7991,#7992);
#7991 = CARTESIAN_POINT('',(65.506351625691,45.506351625691,
    29.008865207497));
#7992 = VECTOR('',#7993,1.);
#7993 = DIRECTION('',(1.744974916068E-02,1.744974916068E-02,
    0.999695459882));
#7994 = PCURVE('',#1901,#7995);
#7995 = DEFINITIONAL_REPRESENTATION('',(#7996),#8000);
#7996 = LINE('',#7997,#7998);
#7997 = CARTESIAN_POINT('',(8.866557917118E-03,130.50835162569));
#7998 = VECTOR('',#7999,1.);
#7999 = DIRECTION('',(0.999847741536,1.744974916068E-02));
#8000 = ( GEOMETRIC_REPRESENTATION_CONTEXT(2) 
PARAMETRIC_REPRESENTATION_CONTEXT() REPRESENTATION_CONTEXT('2D SPACE',''
  ) );
#8001 = PCURVE('',#1929,#8002);
#8002 = DEFINITIONAL_REPRESENTATION('',(#8003),#8007);
#8003 = LINE('',#8004,#8005);
#8004 = CARTESIAN_POINT('',(-8.866557917118E-03,-0.508042140146));
#8005 = VECTOR('',#8006,1.);
#8006 = DIRECTION('',(-0.999847741536,1.744974916068E-02));
#8007 = ( GEOMETRIC_REPRESENTATION_CONTEXT(2) 
PARAMETRIC_REPRESENTATION_CONTEXT() REPRESENTATION_CONTEXT('2D SPACE',''
  ) );
#8008 = ORIENTED_EDGE('',*,*,#1885,.F.);
#8009 = ADVANCED_FACE('',(#8010),#2008,.F.);
#8010 = FACE_BOUND('',#8011,.T.);
#8011 = EDGE_LOOP('',(#8012,#8037,#8058,#8059,#8080,#8081,#8102,#8103));
#8012 = ORIENTED_EDGE('',*,*,#8013,.F.);
#8013 = EDGE_CURVE('',#8014,#8016,#8018,.T.);
#8014 = VERTEX_POINT('',#8015);
#8015 = CARTESIAN_POINT('',(59.274302728071,-45.96002857105,
    54.999999999999));
#8016 = VERTEX_POINT('',#8017);
#8017 = CARTESIAN_POINT('',(-54.50083767664,-45.96002857105,
    54.999999999999));
#8018 = SURFACE_CURVE('',#8019,(#8023,#8030),.PCURVE_S1.);
#8019 = LINE('',#8020,#8021);
#8020 = CARTESIAN_POINT('',(59.276302728071,-45.96002857105,
    54.999999999999));
#8021 = VECTOR('',#8022,1.);
#8022 = DIRECTION('',(-1.,0.,0.));
#8023 = PCURVE('',#2008,#8024);
#8024 = DEFINITIONAL_REPRESENTATION('',(#8025),#8029);
#8025 = LINE('',#8026,#8027);
#8026 = CARTESIAN_POINT('',(26.003960529141,124.27830272807));
#8027 = VECTOR('',#8028,1.);
#8028 = DIRECTION('',(0.,-1.));
#8029 = ( GEOMETRIC_REPRESENTATION_CONTEXT(2) 
PARAMETRIC_REPRESENTATION_CONTEXT() REPRESENTATION_CONTEXT('2D SPACE',''
  ) );
#8030 = PCURVE('',#3878,#8031);
#8031 = DEFINITIONAL_REPRESENTATION('',(#8032),#8036);
#8032 = LINE('',#8033,#8034);
#8033 = CARTESIAN_POINT('',(0.,-0.960028571052));
#8034 = VECTOR('',#8035,1.);
#8035 = DIRECTION('',(1.,0.));
#8036 = ( GEOMETRIC_REPRESENTATION_CONTEXT(2) 
PARAMETRIC_REPRESENTATION_CONTEXT() REPRESENTATION_CONTEXT('2D SPACE',''
  ) );
#8037 = ORIENTED_EDGE('',*,*,#8038,.T.);
#8038 = EDGE_CURVE('',#8014,#1993,#8039,.T.);
#8039 = SURFACE_CURVE('',#8040,(#8044,#8051),.PCURVE_S1.);
#8040 = LINE('',#8041,#8042);
#8041 = CARTESIAN_POINT('',(59.274302728071,-45.48001428552,27.5));
#8042 = VECTOR('',#8043,1.);
#8043 = DIRECTION('',(0.,1.745240643728E-02,-0.999847695156));
#8044 = PCURVE('',#2008,#8045);
#8045 = DEFINITIONAL_REPRESENTATION('',(#8046),#8050);
#8046 = LINE('',#8047,#8048);
#8047 = CARTESIAN_POINT('',(-1.500228492066,124.27630272807));
#8048 = VECTOR('',#8049,1.);
#8049 = DIRECTION('',(-1.,0.));
#8050 = ( GEOMETRIC_REPRESENTATION_CONTEXT(2) 
PARAMETRIC_REPRESENTATION_CONTEXT() REPRESENTATION_CONTEXT('2D SPACE',''
  ) );
#8051 = PCURVE('',#3850,#8052);
#8052 = DEFINITIONAL_REPRESENTATION('',(#8053),#8057);
#8053 = LINE('',#8054,#8055);
#8054 = CARTESIAN_POINT('',(-79.98085196216,-25.53490656407));
#8055 = VECTOR('',#8056,1.);
#8056 = DIRECTION('',(1.745240643728E-02,-0.999847695156));
#8057 = ( GEOMETRIC_REPRESENTATION_CONTEXT(2) 
PARAMETRIC_REPRESENTATION_CONTEXT() REPRESENTATION_CONTEXT('2D SPACE',''
  ) );
#8058 = ORIENTED_EDGE('',*,*,#1992,.T.);
#8059 = ORIENTED_EDGE('',*,*,#8060,.T.);
#8060 = EDGE_CURVE('',#1970,#4770,#8061,.T.);
#8061 = SURFACE_CURVE('',#8062,(#8066,#8073),.PCURVE_S1.);
#8062 = LINE('',#8063,#8064);
#8063 = CARTESIAN_POINT('',(65.478329435457,-45.47832943545,
    27.403475004167));
#8064 = VECTOR('',#8065,1.);
#8065 = DIRECTION('',(1.744974916068E-02,-1.744974916068E-02,
    0.999695459882));
#8066 = PCURVE('',#2008,#8067);
#8067 = DEFINITIONAL_REPRESENTATION('',(#8068),#8072);
#8068 = LINE('',#8069,#8070);
#8069 = CARTESIAN_POINT('',(-1.596768191363,130.48032943545));
#8070 = VECTOR('',#8071,1.);
#8071 = DIRECTION('',(0.999847741536,1.744974916068E-02));
#8072 = ( GEOMETRIC_REPRESENTATION_CONTEXT(2) 
PARAMETRIC_REPRESENTATION_CONTEXT() REPRESENTATION_CONTEXT('2D SPACE',''
  ) );
#8073 = PCURVE('',#1929,#8074);
#8074 = DEFINITIONAL_REPRESENTATION('',(#8075),#8079);
#8075 = LINE('',#8076,#8077);
#8076 = CARTESIAN_POINT('',(1.596768191363,-91.49272320129));
#8077 = VECTOR('',#8078,1.);
#8078 = DIRECTION('',(-0.999847741536,-1.744974916068E-02));
#8079 = ( GEOMETRIC_REPRESENTATION_CONTEXT(2) 
PARAMETRIC_REPRESENTATION_CONTEXT() REPRESENTATION_CONTEXT('2D SPACE',''
  ) );
#8080 = ORIENTED_EDGE('',*,*,#4769,.F.);
#8081 = ORIENTED_EDGE('',*,*,#8082,.F.);
#8082 = EDGE_CURVE('',#2656,#4747,#8083,.T.);
#8083 = SURFACE_CURVE('',#8084,(#8088,#8095),.PCURVE_S1.);
#8084 = LINE('',#8085,#8086);
#8085 = CARTESIAN_POINT('',(-65.47832943545,-45.47832943545,
    27.403475004167));
#8086 = VECTOR('',#8087,1.);
#8087 = DIRECTION('',(-1.744974916068E-02,-1.744974916068E-02,
    0.999695459882));
#8088 = PCURVE('',#2008,#8089);
#8089 = DEFINITIONAL_REPRESENTATION('',(#8090),#8094);
#8090 = LINE('',#8091,#8092);
#8091 = CARTESIAN_POINT('',(-1.596768191363,-0.476329435456));
#8092 = VECTOR('',#8093,1.);
#8093 = DIRECTION('',(0.999847741536,-1.744974916068E-02));
#8094 = ( GEOMETRIC_REPRESENTATION_CONTEXT(2) 
PARAMETRIC_REPRESENTATION_CONTEXT() REPRESENTATION_CONTEXT('2D SPACE',''
  ) );
#8095 = PCURVE('',#2427,#8096);
#8096 = DEFINITIONAL_REPRESENTATION('',(#8097),#8101);
#8097 = LINE('',#8098,#8099);
#8098 = CARTESIAN_POINT('',(1.596768191363,-91.49272320129));
#8099 = VECTOR('',#8100,1.);
#8100 = DIRECTION('',(-0.999847741536,-1.744974916068E-02));
#8101 = ( GEOMETRIC_REPRESENTATION_CONTEXT(2) 
PARAMETRIC_REPRESENTATION_CONTEXT() REPRESENTATION_CONTEXT('2D SPACE',''
  ) );
#8102 = ORIENTED_EDGE('',*,*,#2655,.T.);
#8103 = ORIENTED_EDGE('',*,*,#8104,.F.);
#8104 = EDGE_CURVE('',#8016,#2633,#8105,.T.);
#8105 = SURFACE_CURVE('',#8106,(#8110,#8117),.PCURVE_S1.);
#8106 = LINE('',#8107,#8108);
#8107 = CARTESIAN_POINT('',(-54.50083767664,-45.48001428552,27.5));
#8108 = VECTOR('',#8109,1.);
#8109 = DIRECTION('',(0.,1.745240643728E-02,-0.999847695156));
#8110 = PCURVE('',#2008,#8111);
#8111 = DEFINITIONAL_REPRESENTATION('',(#8112),#8116);
#8112 = LINE('',#8113,#8114);
#8113 = CARTESIAN_POINT('',(-1.500228492066,10.50116232336));
#8114 = VECTOR('',#8115,1.);
#8115 = DIRECTION('',(-1.,0.));
#8116 = ( GEOMETRIC_REPRESENTATION_CONTEXT(2) 
PARAMETRIC_REPRESENTATION_CONTEXT() REPRESENTATION_CONTEXT('2D SPACE',''
  ) );
#8117 = PCURVE('',#3904,#8118);
#8118 = DEFINITIONAL_REPRESENTATION('',(#8119),#8123);
#8119 = LINE('',#8120,#8121);
#8120 = CARTESIAN_POINT('',(-84.75431701359,-25.53490656407));
#8121 = VECTOR('',#8122,1.);
#8122 = DIRECTION('',(1.745240643728E-02,-0.999847695156));
#8123 = ( GEOMETRIC_REPRESENTATION_CONTEXT(2) 
PARAMETRIC_REPRESENTATION_CONTEXT() REPRESENTATION_CONTEXT('2D SPACE',''
  ) );
#8124 = ADVANCED_FACE('',(#8125),#1929,.T.);
#8125 = FACE_BOUND('',#8126,.T.);
#8126 = EDGE_LOOP('',(#8127,#8155,#8156,#8157,#8158,#8159,#8160,#8188));
#8127 = ORIENTED_EDGE('',*,*,#8128,.F.);
#8128 = EDGE_CURVE('',#1914,#8129,#8131,.T.);
#8129 = VERTEX_POINT('',#8130);
#8130 = CARTESIAN_POINT('',(65.960028571052,39.274302728071,
    54.999999999999));
#8131 = SURFACE_CURVE('',#8132,(#8136,#8143),.PCURVE_S1.);
#8132 = LINE('',#8133,#8134);
#8133 = CARTESIAN_POINT('',(65.480014285526,39.274302728071,27.5));
#8134 = VECTOR('',#8135,1.);
#8135 = DIRECTION('',(1.745240643728E-02,0.,0.999847695156));
#8136 = PCURVE('',#1929,#8137);
#8137 = DEFINITIONAL_REPRESENTATION('',(#8138),#8142);
#8138 = LINE('',#8139,#8140);
#8139 = CARTESIAN_POINT('',(1.500228492066,-6.740091037766));
#8140 = VECTOR('',#8141,1.);
#8141 = DIRECTION('',(-1.,0.));
#8142 = ( GEOMETRIC_REPRESENTATION_CONTEXT(2) 
PARAMETRIC_REPRESENTATION_CONTEXT() REPRESENTATION_CONTEXT('2D SPACE',''
  ) );
#8143 = PCURVE('',#8144,#8149);
#8144 = PLANE('',#8145);
#8145 = AXIS2_PLACEMENT_3D('',#8146,#8147,#8148);
#8146 = CARTESIAN_POINT('',(-54.50083767664,39.274302728071,
    53.034906564073));
#8147 = DIRECTION('',(0.,1.,0.));
#8148 = DIRECTION('',(-1.,0.,0.));
#8149 = DEFINITIONAL_REPRESENTATION('',(#8150),#8154);
#8150 = LINE('',#8151,#8152);
#8151 = CARTESIAN_POINT('',(-119.9808519621,-25.53490656407));
#8152 = VECTOR('',#8153,1.);
#8153 = DIRECTION('',(-1.745240643728E-02,0.999847695156));
#8154 = ( GEOMETRIC_REPRESENTATION_CONTEXT(2) 
PARAMETRIC_REPRESENTATION_CONTEXT() REPRESENTATION_CONTEXT('2D SPACE',''
  ) );
#8155 = ORIENTED_EDGE('',*,*,#1913,.F.);
#8156 = ORIENTED_EDGE('',*,*,#7988,.T.);
#8157 = ORIENTED_EDGE('',*,*,#4792,.T.);
#8158 = ORIENTED_EDGE('',*,*,#8060,.F.);
#8159 = ORIENTED_EDGE('',*,*,#1969,.F.);
#8160 = ORIENTED_EDGE('',*,*,#8161,.T.);
#8161 = EDGE_CURVE('',#1942,#8162,#8164,.T.);
#8162 = VERTEX_POINT('',#8163);
#8163 = CARTESIAN_POINT('',(65.960028571052,-34.50083767664,
    54.999999999999));
#8164 = SURFACE_CURVE('',#8165,(#8169,#8176),.PCURVE_S1.);
#8165 = LINE('',#8166,#8167);
#8166 = CARTESIAN_POINT('',(65.480014285526,-34.50083767664,27.5));
#8167 = VECTOR('',#8168,1.);
#8168 = DIRECTION('',(1.745240643728E-02,0.,0.999847695156));
#8169 = PCURVE('',#1929,#8170);
#8170 = DEFINITIONAL_REPRESENTATION('',(#8171),#8175);
#8171 = LINE('',#8172,#8173);
#8172 = CARTESIAN_POINT('',(1.500228492066,-80.51523144247));
#8173 = VECTOR('',#8174,1.);
#8174 = DIRECTION('',(-1.,0.));
#8175 = ( GEOMETRIC_REPRESENTATION_CONTEXT(2) 
PARAMETRIC_REPRESENTATION_CONTEXT() REPRESENTATION_CONTEXT('2D SPACE',''
  ) );
#8176 = PCURVE('',#8177,#8182);
#8177 = PLANE('',#8178);
#8178 = AXIS2_PLACEMENT_3D('',#8179,#8180,#8181);
#8179 = CARTESIAN_POINT('',(-59.27430272807,-34.50083767664,
    53.034906564073));
#8180 = DIRECTION('',(0.,1.,0.));
#8181 = DIRECTION('',(-1.,0.,0.));
#8182 = DEFINITIONAL_REPRESENTATION('',(#8183),#8187);
#8183 = LINE('',#8184,#8185);
#8184 = CARTESIAN_POINT('',(-124.7543170135,-25.53490656407));
#8185 = VECTOR('',#8186,1.);
#8186 = DIRECTION('',(-1.745240643728E-02,0.999847695156));
#8187 = ( GEOMETRIC_REPRESENTATION_CONTEXT(2) 
PARAMETRIC_REPRESENTATION_CONTEXT() REPRESENTATION_CONTEXT('2D SPACE',''
  ) );
#8188 = ORIENTED_EDGE('',*,*,#8189,.F.);
#8189 = EDGE_CURVE('',#8129,#8162,#8190,.T.);
#8190 = SURFACE_CURVE('',#8191,(#8195,#8202),.PCURVE_S1.);
#8191 = LINE('',#8192,#8193);
#8192 = CARTESIAN_POINT('',(65.960028571052,39.276302728071,
    54.999999999999));
#8193 = VECTOR('',#8194,1.);
#8194 = DIRECTION('',(0.,-1.,0.));
#8195 = PCURVE('',#1929,#8196);
#8196 = DEFINITIONAL_REPRESENTATION('',(#8197),#8201);
#8197 = LINE('',#8198,#8199);
#8198 = CARTESIAN_POINT('',(-26.00396052914,-6.738091037765));
#8199 = VECTOR('',#8200,1.);
#8200 = DIRECTION('',(-0.,-1.));
#8201 = ( GEOMETRIC_REPRESENTATION_CONTEXT(2) 
PARAMETRIC_REPRESENTATION_CONTEXT() REPRESENTATION_CONTEXT('2D SPACE',''
  ) );
#8202 = PCURVE('',#8203,#8208);
#8203 = PLANE('',#8204);
#8204 = AXIS2_PLACEMENT_3D('',#8205,#8206,#8207);
#8205 = CARTESIAN_POINT('',(65.,39.276302728071,54.999999999999));
#8206 = DIRECTION('',(0.,0.,1.));
#8207 = DIRECTION('',(1.,0.,-0.));
#8208 = DEFINITIONAL_REPRESENTATION('',(#8209),#8213);
#8209 = LINE('',#8210,#8211);
#8210 = CARTESIAN_POINT('',(0.960028571052,0.));
#8211 = VECTOR('',#8212,1.);
#8212 = DIRECTION('',(0.,-1.));
#8213 = ( GEOMETRIC_REPRESENTATION_CONTEXT(2) 
PARAMETRIC_REPRESENTATION_CONTEXT() REPRESENTATION_CONTEXT('2D SPACE',''
  ) );
#8214 = ADVANCED_FACE('',(#8215),#2427,.F.);
#8215 = FACE_BOUND('',#8216,.T.);
#8216 = EDGE_LOOP('',(#8217,#8218,#8241,#8264,#8285,#8286,#8287,#8288));
#8217 = ORIENTED_EDGE('',*,*,#2411,.T.);
#8218 = ORIENTED_EDGE('',*,*,#8219,.T.);
#8219 = EDGE_CURVE('',#2384,#8220,#8222,.T.);
#8220 = VERTEX_POINT('',#8221);
#8221 = CARTESIAN_POINT('',(-65.96002857105,39.274302728071,
    54.999999999999));
#8222 = SURFACE_CURVE('',#8223,(#8227,#8234),.PCURVE_S1.);
#8223 = LINE('',#8224,#8225);
#8224 = CARTESIAN_POINT('',(-65.48001428552,39.274302728071,27.5));
#8225 = VECTOR('',#8226,1.);
#8226 = DIRECTION('',(-1.745240643728E-02,0.,0.999847695156));
#8227 = PCURVE('',#2427,#8228);
#8228 = DEFINITIONAL_REPRESENTATION('',(#8229),#8233);
#8229 = LINE('',#8230,#8231);
#8230 = CARTESIAN_POINT('',(1.500228492066,-6.740091037766));
#8231 = VECTOR('',#8232,1.);
#8232 = DIRECTION('',(-1.,0.));
#8233 = ( GEOMETRIC_REPRESENTATION_CONTEXT(2) 
PARAMETRIC_REPRESENTATION_CONTEXT() REPRESENTATION_CONTEXT('2D SPACE',''
  ) );
#8234 = PCURVE('',#4679,#8235);
#8235 = DEFINITIONAL_REPRESENTATION('',(#8236),#8240);
#8236 = LINE('',#8237,#8238);
#8237 = CARTESIAN_POINT('',(10.979176608886,-25.53490656407));
#8238 = VECTOR('',#8239,1.);
#8239 = DIRECTION('',(1.745240643728E-02,0.999847695156));
#8240 = ( GEOMETRIC_REPRESENTATION_CONTEXT(2) 
PARAMETRIC_REPRESENTATION_CONTEXT() REPRESENTATION_CONTEXT('2D SPACE',''
  ) );
#8241 = ORIENTED_EDGE('',*,*,#8242,.T.);
#8242 = EDGE_CURVE('',#8220,#8243,#8245,.T.);
#8243 = VERTEX_POINT('',#8244);
#8244 = CARTESIAN_POINT('',(-65.96002857105,-34.50083767664,
    54.999999999999));
#8245 = SURFACE_CURVE('',#8246,(#8250,#8257),.PCURVE_S1.);
#8246 = LINE('',#8247,#8248);
#8247 = CARTESIAN_POINT('',(-65.96002857105,39.276302728071,
    54.999999999999));
#8248 = VECTOR('',#8249,1.);
#8249 = DIRECTION('',(0.,-1.,0.));
#8250 = PCURVE('',#2427,#8251);
#8251 = DEFINITIONAL_REPRESENTATION('',(#8252),#8256);
#8252 = LINE('',#8253,#8254);
#8253 = CARTESIAN_POINT('',(-26.00396052914,-6.738091037765));
#8254 = VECTOR('',#8255,1.);
#8255 = DIRECTION('',(0.,-1.));
#8256 = ( GEOMETRIC_REPRESENTATION_CONTEXT(2) 
PARAMETRIC_REPRESENTATION_CONTEXT() REPRESENTATION_CONTEXT('2D SPACE',''
  ) );
#8257 = PCURVE('',#4653,#8258);
#8258 = DEFINITIONAL_REPRESENTATION('',(#8259),#8263);
#8259 = LINE('',#8260,#8261);
#8260 = CARTESIAN_POINT('',(0.960028571052,0.));
#8261 = VECTOR('',#8262,1.);
#8262 = DIRECTION('',(0.,-1.));
#8263 = ( GEOMETRIC_REPRESENTATION_CONTEXT(2) 
PARAMETRIC_REPRESENTATION_CONTEXT() REPRESENTATION_CONTEXT('2D SPACE',''
  ) );
#8264 = ORIENTED_EDGE('',*,*,#8265,.F.);
#8265 = EDGE_CURVE('',#2679,#8243,#8266,.T.);
#8266 = SURFACE_CURVE('',#8267,(#8271,#8278),.PCURVE_S1.);
#8267 = LINE('',#8268,#8269);
#8268 = CARTESIAN_POINT('',(-65.48001428552,-34.50083767664,27.5));
#8269 = VECTOR('',#8270,1.);
#8270 = DIRECTION('',(-1.745240643728E-02,0.,0.999847695156));
#8271 = PCURVE('',#2427,#8272);
#8272 = DEFINITIONAL_REPRESENTATION('',(#8273),#8277);
#8273 = LINE('',#8274,#8275);
#8274 = CARTESIAN_POINT('',(1.500228492066,-80.51523144247));
#8275 = VECTOR('',#8276,1.);
#8276 = DIRECTION('',(-1.,0.));
#8277 = ( GEOMETRIC_REPRESENTATION_CONTEXT(2) 
PARAMETRIC_REPRESENTATION_CONTEXT() REPRESENTATION_CONTEXT('2D SPACE',''
  ) );
#8278 = PCURVE('',#4625,#8279);
#8279 = DEFINITIONAL_REPRESENTATION('',(#8280),#8284);
#8280 = LINE('',#8281,#8282);
#8281 = CARTESIAN_POINT('',(6.205711557455,-25.53490656407));
#8282 = VECTOR('',#8283,1.);
#8283 = DIRECTION('',(1.745240643728E-02,0.999847695156));
#8284 = ( GEOMETRIC_REPRESENTATION_CONTEXT(2) 
PARAMETRIC_REPRESENTATION_CONTEXT() REPRESENTATION_CONTEXT('2D SPACE',''
  ) );
#8285 = ORIENTED_EDGE('',*,*,#2678,.T.);
#8286 = ORIENTED_EDGE('',*,*,#8082,.T.);
#8287 = ORIENTED_EDGE('',*,*,#4746,.F.);
#8288 = ORIENTED_EDGE('',*,*,#7966,.F.);
#8289 = ADVANCED_FACE('',(#8290),#4625,.T.);
#8290 = FACE_BOUND('',#8291,.T.);
#8291 = EDGE_LOOP('',(#8292,#8293,#8294));
#8292 = ORIENTED_EDGE('',*,*,#4609,.T.);
#8293 = ORIENTED_EDGE('',*,*,#8265,.T.);
#8294 = ORIENTED_EDGE('',*,*,#8295,.T.);
#8295 = EDGE_CURVE('',#8243,#4610,#8296,.T.);
#8296 = SURFACE_CURVE('',#8297,(#8301,#8308),.PCURVE_S1.);
#8297 = LINE('',#8298,#8299);
#8298 = CARTESIAN_POINT('',(-65.,-34.50083767664,54.999999999999));
#8299 = VECTOR('',#8300,1.);
#8300 = DIRECTION('',(1.,0.,0.));
#8301 = PCURVE('',#4625,#8302);
#8302 = DEFINITIONAL_REPRESENTATION('',(#8303),#8307);
#8303 = LINE('',#8304,#8305);
#8304 = CARTESIAN_POINT('',(5.725697271929,1.965093435927));
#8305 = VECTOR('',#8306,1.);
#8306 = DIRECTION('',(-1.,0.));
#8307 = ( GEOMETRIC_REPRESENTATION_CONTEXT(2) 
PARAMETRIC_REPRESENTATION_CONTEXT() REPRESENTATION_CONTEXT('2D SPACE',''
  ) );
#8308 = PCURVE('',#4653,#8309);
#8309 = DEFINITIONAL_REPRESENTATION('',(#8310),#8314);
#8310 = LINE('',#8311,#8312);
#8311 = CARTESIAN_POINT('',(0.,-73.77714040471));
#8312 = VECTOR('',#8313,1.);
#8313 = DIRECTION('',(-1.,0.));
#8314 = ( GEOMETRIC_REPRESENTATION_CONTEXT(2) 
PARAMETRIC_REPRESENTATION_CONTEXT() REPRESENTATION_CONTEXT('2D SPACE',''
  ) );
#8315 = ADVANCED_FACE('',(#8316),#4653,.T.);
#8316 = FACE_BOUND('',#8317,.T.);
#8317 = EDGE_LOOP('',(#8318,#8319,#8320,#8321));
#8318 = ORIENTED_EDGE('',*,*,#4637,.T.);
#8319 = ORIENTED_EDGE('',*,*,#8295,.F.);
#8320 = ORIENTED_EDGE('',*,*,#8242,.F.);
#8321 = ORIENTED_EDGE('',*,*,#8322,.T.);
#8322 = EDGE_CURVE('',#8220,#4638,#8323,.T.);
#8323 = SURFACE_CURVE('',#8324,(#8328,#8335),.PCURVE_S1.);
#8324 = LINE('',#8325,#8326);
#8325 = CARTESIAN_POINT('',(-65.,39.274302728071,54.999999999999));
#8326 = VECTOR('',#8327,1.);
#8327 = DIRECTION('',(1.,0.,0.));
#8328 = PCURVE('',#4653,#8329);
#8329 = DEFINITIONAL_REPRESENTATION('',(#8330),#8334);
#8330 = LINE('',#8331,#8332);
#8331 = CARTESIAN_POINT('',(0.,-2.000000000002E-03));
#8332 = VECTOR('',#8333,1.);
#8333 = DIRECTION('',(-1.,0.));
#8334 = ( GEOMETRIC_REPRESENTATION_CONTEXT(2) 
PARAMETRIC_REPRESENTATION_CONTEXT() REPRESENTATION_CONTEXT('2D SPACE',''
  ) );
#8335 = PCURVE('',#4679,#8336);
#8336 = DEFINITIONAL_REPRESENTATION('',(#8337),#8341);
#8337 = LINE('',#8338,#8339);
#8338 = CARTESIAN_POINT('',(10.49916232336,1.965093435927));
#8339 = VECTOR('',#8340,1.);
#8340 = DIRECTION('',(-1.,0.));
#8341 = ( GEOMETRIC_REPRESENTATION_CONTEXT(2) 
PARAMETRIC_REPRESENTATION_CONTEXT() REPRESENTATION_CONTEXT('2D SPACE',''
  ) );
#8342 = ADVANCED_FACE('',(#8343),#4679,.F.);
#8343 = FACE_BOUND('',#8344,.T.);
#8344 = EDGE_LOOP('',(#8345,#8346,#8347));
#8345 = ORIENTED_EDGE('',*,*,#8322,.F.);
#8346 = ORIENTED_EDGE('',*,*,#8219,.F.);
#8347 = ORIENTED_EDGE('',*,*,#4665,.F.);
#8348 = ADVANCED_FACE('',(#8349),#8177,.T.);
#8349 = FACE_BOUND('',#8350,.T.);
#8350 = EDGE_LOOP('',(#8351,#8352,#8375));
#8351 = ORIENTED_EDGE('',*,*,#8161,.F.);
#8352 = ORIENTED_EDGE('',*,*,#8353,.F.);
#8353 = EDGE_CURVE('',#8354,#1942,#8356,.T.);
#8354 = VERTEX_POINT('',#8355);
#8355 = CARTESIAN_POINT('',(64.039971428948,-34.50083767664,
    54.999999999999));
#8356 = SURFACE_CURVE('',#8357,(#8361,#8368),.PCURVE_S1.);
#8357 = LINE('',#8358,#8359);
#8358 = CARTESIAN_POINT('',(64.519985714474,-34.50083767664,27.5));
#8359 = VECTOR('',#8360,1.);
#8360 = DIRECTION('',(1.745240643728E-02,0.,-0.999847695156));
#8361 = PCURVE('',#8177,#8362);
#8362 = DEFINITIONAL_REPRESENTATION('',(#8363),#8367);
#8363 = LINE('',#8364,#8365);
#8364 = CARTESIAN_POINT('',(-123.7942884425,-25.53490656407));
#8365 = VECTOR('',#8366,1.);
#8366 = DIRECTION('',(-1.745240643728E-02,-0.999847695156));
#8367 = ( GEOMETRIC_REPRESENTATION_CONTEXT(2) 
PARAMETRIC_REPRESENTATION_CONTEXT() REPRESENTATION_CONTEXT('2D SPACE',''
  ) );
#8368 = PCURVE('',#1957,#8369);
#8369 = DEFINITIONAL_REPRESENTATION('',(#8370),#8374);
#8370 = LINE('',#8371,#8372);
#8371 = CARTESIAN_POINT('',(0.,-73.77714040471));
#8372 = VECTOR('',#8373,1.);
#8373 = DIRECTION('',(-1.,0.));
#8374 = ( GEOMETRIC_REPRESENTATION_CONTEXT(2) 
PARAMETRIC_REPRESENTATION_CONTEXT() REPRESENTATION_CONTEXT('2D SPACE',''
  ) );
#8375 = ORIENTED_EDGE('',*,*,#8376,.F.);
#8376 = EDGE_CURVE('',#8162,#8354,#8377,.T.);
#8377 = SURFACE_CURVE('',#8378,(#8382,#8389),.PCURVE_S1.);
#8378 = LINE('',#8379,#8380);
#8379 = CARTESIAN_POINT('',(65.,-34.50083767664,54.999999999999));
#8380 = VECTOR('',#8381,1.);
#8381 = DIRECTION('',(-1.,0.,0.));
#8382 = PCURVE('',#8177,#8383);
#8383 = DEFINITIONAL_REPRESENTATION('',(#8384),#8388);
#8384 = LINE('',#8385,#8386);
#8385 = CARTESIAN_POINT('',(-124.274302728,1.965093435927));
#8386 = VECTOR('',#8387,1.);
#8387 = DIRECTION('',(1.,0.));
#8388 = ( GEOMETRIC_REPRESENTATION_CONTEXT(2) 
PARAMETRIC_REPRESENTATION_CONTEXT() REPRESENTATION_CONTEXT('2D SPACE',''
  ) );
#8389 = PCURVE('',#8203,#8390);
#8390 = DEFINITIONAL_REPRESENTATION('',(#8391),#8395);
#8391 = LINE('',#8392,#8393);
#8392 = CARTESIAN_POINT('',(0.,-73.77714040471));
#8393 = VECTOR('',#8394,1.);
#8394 = DIRECTION('',(-1.,0.));
#8395 = ( GEOMETRIC_REPRESENTATION_CONTEXT(2) 
PARAMETRIC_REPRESENTATION_CONTEXT() REPRESENTATION_CONTEXT('2D SPACE',''
  ) );
#8396 = ADVANCED_FACE('',(#8397),#8203,.F.);
#8397 = FACE_BOUND('',#8398,.T.);
#8398 = EDGE_LOOP('',(#8399,#8400,#8401,#8424));
#8399 = ORIENTED_EDGE('',*,*,#8189,.T.);
#8400 = ORIENTED_EDGE('',*,*,#8376,.T.);
#8401 = ORIENTED_EDGE('',*,*,#8402,.F.);
#8402 = EDGE_CURVE('',#8403,#8354,#8405,.T.);
#8403 = VERTEX_POINT('',#8404);
#8404 = CARTESIAN_POINT('',(64.039971428948,39.274302728071,
    54.999999999999));
#8405 = SURFACE_CURVE('',#8406,(#8410,#8417),.PCURVE_S1.);
#8406 = LINE('',#8407,#8408);
#8407 = CARTESIAN_POINT('',(64.039971428948,39.276302728071,
    54.999999999999));
#8408 = VECTOR('',#8409,1.);
#8409 = DIRECTION('',(0.,-1.,0.));
#8410 = PCURVE('',#8203,#8411);
#8411 = DEFINITIONAL_REPRESENTATION('',(#8412),#8416);
#8412 = LINE('',#8413,#8414);
#8413 = CARTESIAN_POINT('',(-0.960028571052,0.));
#8414 = VECTOR('',#8415,1.);
#8415 = DIRECTION('',(0.,-1.));
#8416 = ( GEOMETRIC_REPRESENTATION_CONTEXT(2) 
PARAMETRIC_REPRESENTATION_CONTEXT() REPRESENTATION_CONTEXT('2D SPACE',''
  ) );
#8417 = PCURVE('',#1957,#8418);
#8418 = DEFINITIONAL_REPRESENTATION('',(#8419),#8423);
#8419 = LINE('',#8420,#8421);
#8420 = CARTESIAN_POINT('',(27.504189021207,0.));
#8421 = VECTOR('',#8422,1.);
#8422 = DIRECTION('',(0.,-1.));
#8423 = ( GEOMETRIC_REPRESENTATION_CONTEXT(2) 
PARAMETRIC_REPRESENTATION_CONTEXT() REPRESENTATION_CONTEXT('2D SPACE',''
  ) );
#8424 = ORIENTED_EDGE('',*,*,#8425,.F.);
#8425 = EDGE_CURVE('',#8129,#8403,#8426,.T.);
#8426 = SURFACE_CURVE('',#8427,(#8431,#8438),.PCURVE_S1.);
#8427 = LINE('',#8428,#8429);
#8428 = CARTESIAN_POINT('',(65.,39.274302728071,54.999999999999));
#8429 = VECTOR('',#8430,1.);
#8430 = DIRECTION('',(-1.,0.,0.));
#8431 = PCURVE('',#8203,#8432);
#8432 = DEFINITIONAL_REPRESENTATION('',(#8433),#8437);
#8433 = LINE('',#8434,#8435);
#8434 = CARTESIAN_POINT('',(0.,-2.000000000002E-03));
#8435 = VECTOR('',#8436,1.);
#8436 = DIRECTION('',(-1.,0.));
#8437 = ( GEOMETRIC_REPRESENTATION_CONTEXT(2) 
PARAMETRIC_REPRESENTATION_CONTEXT() REPRESENTATION_CONTEXT('2D SPACE',''
  ) );
#8438 = PCURVE('',#8144,#8439);
#8439 = DEFINITIONAL_REPRESENTATION('',(#8440),#8444);
#8440 = LINE('',#8441,#8442);
#8441 = CARTESIAN_POINT('',(-119.5008376766,1.965093435927));
#8442 = VECTOR('',#8443,1.);
#8443 = DIRECTION('',(1.,0.));
#8444 = ( GEOMETRIC_REPRESENTATION_CONTEXT(2) 
PARAMETRIC_REPRESENTATION_CONTEXT() REPRESENTATION_CONTEXT('2D SPACE',''
  ) );
#8445 = ADVANCED_FACE('',(#8446,#8472,#8498,#8524,#8550,#8576,#8602),
  #1957,.F.);
#8446 = FACE_BOUND('',#8447,.T.);
#8447 = EDGE_LOOP('',(#8448));
#8448 = ORIENTED_EDGE('',*,*,#8449,.T.);
#8449 = EDGE_CURVE('',#8450,#8450,#8452,.T.);
#8450 = VERTEX_POINT('',#8451);
#8451 = CARTESIAN_POINT('',(64.557794163583,-8.5,25.333955401249));
#8452 = SURFACE_CURVE('',#8453,(#8458,#8465),.PCURVE_S1.);
#8453 = CIRCLE('',#8454,1.25);
#8454 = AXIS2_PLACEMENT_3D('',#8455,#8456,#8457);
#8455 = CARTESIAN_POINT('',(64.579609671629,-8.5,24.084145782304));
#8456 = DIRECTION('',(-0.999847695156,0.,-1.745240643728E-02));
#8457 = DIRECTION('',(-1.745240643728E-02,0.,0.999847695156));
#8458 = PCURVE('',#1957,#8459);
#8459 = DEFINITIONAL_REPRESENTATION('',(#8460),#8464);
#8460 = CIRCLE('',#8461,1.25);
#8461 = AXIS2_PLACEMENT_2D('',#8462,#8463);
#8462 = CARTESIAN_POINT('',(-3.416374548087,-47.77630272807));
#8463 = DIRECTION('',(1.,0.));
#8464 = ( GEOMETRIC_REPRESENTATION_CONTEXT(2) 
PARAMETRIC_REPRESENTATION_CONTEXT() REPRESENTATION_CONTEXT('2D SPACE',''
  ) );
#8465 = PCURVE('',#7264,#8466);
#8466 = DEFINITIONAL_REPRESENTATION('',(#8467),#8471);
#8467 = LINE('',#8468,#8469);
#8468 = CARTESIAN_POINT('',(0.,176.57617013207));
#8469 = VECTOR('',#8470,1.);
#8470 = DIRECTION('',(1.,0.));
#8471 = ( GEOMETRIC_REPRESENTATION_CONTEXT(2) 
PARAMETRIC_REPRESENTATION_CONTEXT() REPRESENTATION_CONTEXT('2D SPACE',''
  ) );
#8472 = FACE_BOUND('',#8473,.T.);
#8473 = EDGE_LOOP('',(#8474));
#8474 = ORIENTED_EDGE('',*,*,#8475,.T.);
#8475 = EDGE_CURVE('',#8476,#8476,#8478,.T.);
#8476 = VERTEX_POINT('',#8477);
#8477 = CARTESIAN_POINT('',(64.418174912084,-8.5,33.3327369625));
#8478 = SURFACE_CURVE('',#8479,(#8484,#8491),.PCURVE_S1.);
#8479 = CIRCLE('',#8480,1.25);
#8480 = AXIS2_PLACEMENT_3D('',#8481,#8482,#8483);
#8481 = CARTESIAN_POINT('',(64.439990420131,-8.5,32.082927343555));
#8482 = DIRECTION('',(-0.999847695156,0.,-1.745240643728E-02));
#8483 = DIRECTION('',(-1.745240643728E-02,0.,0.999847695156));
#8484 = PCURVE('',#1957,#8485);
#8485 = DEFINITIONAL_REPRESENTATION('',(#8486),#8490);
#8486 = CIRCLE('',#8487,1.25);
#8487 = AXIS2_PLACEMENT_2D('',#8488,#8489);
#8488 = CARTESIAN_POINT('',(4.583625451913,-47.77630272807));
#8489 = DIRECTION('',(1.,0.));
#8490 = ( GEOMETRIC_REPRESENTATION_CONTEXT(2) 
PARAMETRIC_REPRESENTATION_CONTEXT() REPRESENTATION_CONTEXT('2D SPACE',''
  ) );
#8491 = PCURVE('',#7319,#8492);
#8492 = DEFINITIONAL_REPRESENTATION('',(#8493),#8497);
#8493 = LINE('',#8494,#8495);
#8494 = CARTESIAN_POINT('',(0.,176.57617013207));
#8495 = VECTOR('',#8496,1.);
#8496 = DIRECTION('',(1.,0.));
#8497 = ( GEOMETRIC_REPRESENTATION_CONTEXT(2) 
PARAMETRIC_REPRESENTATION_CONTEXT() REPRESENTATION_CONTEXT('2D SPACE',''
  ) );
#8498 = FACE_BOUND('',#8499,.T.);
#8499 = EDGE_LOOP('',(#8500));
#8500 = ORIENTED_EDGE('',*,*,#8501,.T.);
#8501 = EDGE_CURVE('',#8502,#8502,#8504,.T.);
#8502 = VERTEX_POINT('',#8503);
#8503 = CARTESIAN_POINT('',(64.697413415081,8.5,17.335173839998));
#8504 = SURFACE_CURVE('',#8505,(#8510,#8517),.PCURVE_S1.);
#8505 = CIRCLE('',#8506,1.25);
#8506 = AXIS2_PLACEMENT_3D('',#8507,#8508,#8509);
#8507 = CARTESIAN_POINT('',(64.719228923128,8.5,16.085364221052));
#8508 = DIRECTION('',(-0.999847695156,0.,-1.745240643728E-02));
#8509 = DIRECTION('',(-1.745240643728E-02,0.,0.999847695156));
#8510 = PCURVE('',#1957,#8511);
#8511 = DEFINITIONAL_REPRESENTATION('',(#8512),#8516);
#8512 = CIRCLE('',#8513,1.25);
#8513 = AXIS2_PLACEMENT_2D('',#8514,#8515);
#8514 = CARTESIAN_POINT('',(-11.41637454808,-30.77630272807));
#8515 = DIRECTION('',(1.,0.));
#8516 = ( GEOMETRIC_REPRESENTATION_CONTEXT(2) 
PARAMETRIC_REPRESENTATION_CONTEXT() REPRESENTATION_CONTEXT('2D SPACE',''
  ) );
#8517 = PCURVE('',#7374,#8518);
#8518 = DEFINITIONAL_REPRESENTATION('',(#8519),#8523);
#8519 = LINE('',#8520,#8521);
#8520 = CARTESIAN_POINT('',(0.,176.57617013207));
#8521 = VECTOR('',#8522,1.);
#8522 = DIRECTION('',(1.,0.));
#8523 = ( GEOMETRIC_REPRESENTATION_CONTEXT(2) 
PARAMETRIC_REPRESENTATION_CONTEXT() REPRESENTATION_CONTEXT('2D SPACE',''
  ) );
#8524 = FACE_BOUND('',#8525,.T.);
#8525 = EDGE_LOOP('',(#8526));
#8526 = ORIENTED_EDGE('',*,*,#8527,.T.);
#8527 = EDGE_CURVE('',#8528,#8528,#8530,.T.);
#8528 = VERTEX_POINT('',#8529);
#8529 = CARTESIAN_POINT('',(64.557794163583,8.5,25.333955401249));
#8530 = SURFACE_CURVE('',#8531,(#8536,#8543),.PCURVE_S1.);
#8531 = CIRCLE('',#8532,1.25);
#8532 = AXIS2_PLACEMENT_3D('',#8533,#8534,#8535);
#8533 = CARTESIAN_POINT('',(64.579609671629,8.5,24.084145782304));
#8534 = DIRECTION('',(-0.999847695156,0.,-1.745240643728E-02));
#8535 = DIRECTION('',(-1.745240643728E-02,0.,0.999847695156));
#8536 = PCURVE('',#1957,#8537);
#8537 = DEFINITIONAL_REPRESENTATION('',(#8538),#8542);
#8538 = CIRCLE('',#8539,1.25);
#8539 = AXIS2_PLACEMENT_2D('',#8540,#8541);
#8540 = CARTESIAN_POINT('',(-3.416374548087,-30.77630272807));
#8541 = DIRECTION('',(1.,0.));
#8542 = ( GEOMETRIC_REPRESENTATION_CONTEXT(2) 
PARAMETRIC_REPRESENTATION_CONTEXT() REPRESENTATION_CONTEXT('2D SPACE',''
  ) );
#8543 = PCURVE('',#7429,#8544);
#8544 = DEFINITIONAL_REPRESENTATION('',(#8545),#8549);
#8545 = LINE('',#8546,#8547);
#8546 = CARTESIAN_POINT('',(0.,176.57617013207));
#8547 = VECTOR('',#8548,1.);
#8548 = DIRECTION('',(1.,0.));
#8549 = ( GEOMETRIC_REPRESENTATION_CONTEXT(2) 
PARAMETRIC_REPRESENTATION_CONTEXT() REPRESENTATION_CONTEXT('2D SPACE',''
  ) );
#8550 = FACE_BOUND('',#8551,.T.);
#8551 = EDGE_LOOP('',(#8552));
#8552 = ORIENTED_EDGE('',*,*,#8553,.T.);
#8553 = EDGE_CURVE('',#8554,#8554,#8556,.T.);
#8554 = VERTEX_POINT('',#8555);
#8555 = CARTESIAN_POINT('',(64.418174912084,8.5,33.3327369625));
#8556 = SURFACE_CURVE('',#8557,(#8562,#8569),.PCURVE_S1.);
#8557 = CIRCLE('',#8558,1.25);
#8558 = AXIS2_PLACEMENT_3D('',#8559,#8560,#8561);
#8559 = CARTESIAN_POINT('',(64.439990420131,8.5,32.082927343555));
#8560 = DIRECTION('',(-0.999847695156,0.,-1.745240643728E-02));
#8561 = DIRECTION('',(-1.745240643728E-02,0.,0.999847695156));
#8562 = PCURVE('',#1957,#8563);
#8563 = DEFINITIONAL_REPRESENTATION('',(#8564),#8568);
#8564 = CIRCLE('',#8565,1.25);
#8565 = AXIS2_PLACEMENT_2D('',#8566,#8567);
#8566 = CARTESIAN_POINT('',(4.583625451913,-30.77630272807));
#8567 = DIRECTION('',(1.,0.));
#8568 = ( GEOMETRIC_REPRESENTATION_CONTEXT(2) 
PARAMETRIC_REPRESENTATION_CONTEXT() REPRESENTATION_CONTEXT('2D SPACE',''
  ) );
#8569 = PCURVE('',#7484,#8570);
#8570 = DEFINITIONAL_REPRESENTATION('',(#8571),#8575);
#8571 = LINE('',#8572,#8573);
#8572 = CARTESIAN_POINT('',(0.,176.57617013207));
#8573 = VECTOR('',#8574,1.);
#8574 = DIRECTION('',(1.,0.));
#8575 = ( GEOMETRIC_REPRESENTATION_CONTEXT(2) 
PARAMETRIC_REPRESENTATION_CONTEXT() REPRESENTATION_CONTEXT('2D SPACE',''
  ) );
#8576 = FACE_BOUND('',#8577,.T.);
#8577 = EDGE_LOOP('',(#8578));
#8578 = ORIENTED_EDGE('',*,*,#8579,.T.);
#8579 = EDGE_CURVE('',#8580,#8580,#8582,.T.);
#8580 = VERTEX_POINT('',#8581);
#8581 = CARTESIAN_POINT('',(64.697413415081,-8.5,17.335173839998));
#8582 = SURFACE_CURVE('',#8583,(#8588,#8595),.PCURVE_S1.);
#8583 = CIRCLE('',#8584,1.25);
#8584 = AXIS2_PLACEMENT_3D('',#8585,#8586,#8587);
#8585 = CARTESIAN_POINT('',(64.719228923128,-8.5,16.085364221052));
#8586 = DIRECTION('',(-0.999847695156,0.,-1.745240643728E-02));
#8587 = DIRECTION('',(-1.745240643728E-02,0.,0.999847695156));
#8588 = PCURVE('',#1957,#8589);
#8589 = DEFINITIONAL_REPRESENTATION('',(#8590),#8594);
#8590 = CIRCLE('',#8591,1.25);
#8591 = AXIS2_PLACEMENT_2D('',#8592,#8593);
#8592 = CARTESIAN_POINT('',(-11.41637454808,-47.77630272807));
#8593 = DIRECTION('',(1.,0.));
#8594 = ( GEOMETRIC_REPRESENTATION_CONTEXT(2) 
PARAMETRIC_REPRESENTATION_CONTEXT() REPRESENTATION_CONTEXT('2D SPACE',''
  ) );
#8595 = PCURVE('',#7539,#8596);
#8596 = DEFINITIONAL_REPRESENTATION('',(#8597),#8601);
#8597 = LINE('',#8598,#8599);
#8598 = CARTESIAN_POINT('',(0.,176.57617013207));
#8599 = VECTOR('',#8600,1.);
#8600 = DIRECTION('',(1.,0.));
#8601 = ( GEOMETRIC_REPRESENTATION_CONTEXT(2) 
PARAMETRIC_REPRESENTATION_CONTEXT() REPRESENTATION_CONTEXT('2D SPACE',''
  ) );
#8602 = FACE_BOUND('',#8603,.T.);
#8603 = EDGE_LOOP('',(#8604,#8605,#8606,#8607));
#8604 = ORIENTED_EDGE('',*,*,#8402,.T.);
#8605 = ORIENTED_EDGE('',*,*,#8353,.T.);
#8606 = ORIENTED_EDGE('',*,*,#1941,.F.);
#8607 = ORIENTED_EDGE('',*,*,#8608,.F.);
#8608 = EDGE_CURVE('',#8403,#1914,#8609,.T.);
#8609 = SURFACE_CURVE('',#8610,(#8614,#8621),.PCURVE_S1.);
#8610 = LINE('',#8611,#8612);
#8611 = CARTESIAN_POINT('',(64.519985714474,39.274302728071,27.5));
#8612 = VECTOR('',#8613,1.);
#8613 = DIRECTION('',(1.745240643728E-02,0.,-0.999847695156));
#8614 = PCURVE('',#1957,#8615);
#8615 = DEFINITIONAL_REPRESENTATION('',(#8616),#8620);
#8616 = LINE('',#8617,#8618);
#8617 = CARTESIAN_POINT('',(0.,-2.000000000002E-03));
#8618 = VECTOR('',#8619,1.);
#8619 = DIRECTION('',(-1.,0.));
#8620 = ( GEOMETRIC_REPRESENTATION_CONTEXT(2) 
PARAMETRIC_REPRESENTATION_CONTEXT() REPRESENTATION_CONTEXT('2D SPACE',''
  ) );
#8621 = PCURVE('',#8144,#8622);
#8622 = DEFINITIONAL_REPRESENTATION('',(#8623),#8627);
#8623 = LINE('',#8624,#8625);
#8624 = CARTESIAN_POINT('',(-119.0208233911,-25.53490656407));
#8625 = VECTOR('',#8626,1.);
#8626 = DIRECTION('',(-1.745240643728E-02,-0.999847695156));
#8627 = ( GEOMETRIC_REPRESENTATION_CONTEXT(2) 
PARAMETRIC_REPRESENTATION_CONTEXT() REPRESENTATION_CONTEXT('2D SPACE',''
  ) );
#8628 = ADVANCED_FACE('',(#8629),#8144,.F.);
#8629 = FACE_BOUND('',#8630,.T.);
#8630 = EDGE_LOOP('',(#8631,#8632,#8633));
#8631 = ORIENTED_EDGE('',*,*,#8425,.T.);
#8632 = ORIENTED_EDGE('',*,*,#8608,.T.);
#8633 = ORIENTED_EDGE('',*,*,#8128,.T.);
#8634 = ADVANCED_FACE('',(#8635),#3878,.T.);
#8635 = FACE_BOUND('',#8636,.T.);
#8636 = EDGE_LOOP('',(#8637,#8638,#8659,#8660));
#8637 = ORIENTED_EDGE('',*,*,#8013,.T.);
#8638 = ORIENTED_EDGE('',*,*,#8639,.F.);
#8639 = EDGE_CURVE('',#3863,#8016,#8640,.T.);
#8640 = SURFACE_CURVE('',#8641,(#8645,#8652),.PCURVE_S1.);
#8641 = LINE('',#8642,#8643);
#8642 = CARTESIAN_POINT('',(-54.50083767664,-45.,54.999999999999));
#8643 = VECTOR('',#8644,1.);
#8644 = DIRECTION('',(0.,-1.,0.));
#8645 = PCURVE('',#3878,#8646);
#8646 = DEFINITIONAL_REPRESENTATION('',(#8647),#8651);
#8647 = LINE('',#8648,#8649);
#8648 = CARTESIAN_POINT('',(113.77714040471,0.));
#8649 = VECTOR('',#8650,1.);
#8650 = DIRECTION('',(0.,-1.));
#8651 = ( GEOMETRIC_REPRESENTATION_CONTEXT(2) 
PARAMETRIC_REPRESENTATION_CONTEXT() REPRESENTATION_CONTEXT('2D SPACE',''
  ) );
#8652 = PCURVE('',#3904,#8653);
#8653 = DEFINITIONAL_REPRESENTATION('',(#8654),#8658);
#8654 = LINE('',#8655,#8656);
#8655 = CARTESIAN_POINT('',(-84.27430272807,1.965093435927));
#8656 = VECTOR('',#8657,1.);
#8657 = DIRECTION('',(-1.,0.));
#8658 = ( GEOMETRIC_REPRESENTATION_CONTEXT(2) 
PARAMETRIC_REPRESENTATION_CONTEXT() REPRESENTATION_CONTEXT('2D SPACE',''
  ) );
#8659 = ORIENTED_EDGE('',*,*,#3862,.F.);
#8660 = ORIENTED_EDGE('',*,*,#8661,.T.);
#8661 = EDGE_CURVE('',#3835,#8014,#8662,.T.);
#8662 = SURFACE_CURVE('',#8663,(#8667,#8674),.PCURVE_S1.);
#8663 = LINE('',#8664,#8665);
#8664 = CARTESIAN_POINT('',(59.274302728071,-45.,54.999999999999));
#8665 = VECTOR('',#8666,1.);
#8666 = DIRECTION('',(0.,-1.,0.));
#8667 = PCURVE('',#3878,#8668);
#8668 = DEFINITIONAL_REPRESENTATION('',(#8669),#8673);
#8669 = LINE('',#8670,#8671);
#8670 = CARTESIAN_POINT('',(2.000000000002E-03,0.));
#8671 = VECTOR('',#8672,1.);
#8672 = DIRECTION('',(0.,-1.));
#8673 = ( GEOMETRIC_REPRESENTATION_CONTEXT(2) 
PARAMETRIC_REPRESENTATION_CONTEXT() REPRESENTATION_CONTEXT('2D SPACE',''
  ) );
#8674 = PCURVE('',#3850,#8675);
#8675 = DEFINITIONAL_REPRESENTATION('',(#8676),#8680);
#8676 = LINE('',#8677,#8678);
#8677 = CARTESIAN_POINT('',(-79.50083767664,1.965093435927));
#8678 = VECTOR('',#8679,1.);
#8679 = DIRECTION('',(-1.,0.));
#8680 = ( GEOMETRIC_REPRESENTATION_CONTEXT(2) 
PARAMETRIC_REPRESENTATION_CONTEXT() REPRESENTATION_CONTEXT('2D SPACE',''
  ) );
#8681 = ADVANCED_FACE('',(#8682),#3904,.T.);
#8682 = FACE_BOUND('',#8683,.T.);
#8683 = EDGE_LOOP('',(#8684,#8685,#8686));
#8684 = ORIENTED_EDGE('',*,*,#8104,.T.);
#8685 = ORIENTED_EDGE('',*,*,#3890,.T.);
#8686 = ORIENTED_EDGE('',*,*,#8639,.T.);
#8687 = ADVANCED_FACE('',(#8688),#3850,.F.);
#8688 = FACE_BOUND('',#8689,.T.);
#8689 = EDGE_LOOP('',(#8690,#8691,#8692));
#8690 = ORIENTED_EDGE('',*,*,#8038,.F.);
#8691 = ORIENTED_EDGE('',*,*,#8661,.F.);
#8692 = ORIENTED_EDGE('',*,*,#3834,.F.);
#8693 = ADVANCED_FACE('',(#8694),#1771,.T.);
#8694 = FACE_BOUND('',#8695,.T.);
#8695 = EDGE_LOOP('',(#8696,#8697,#8718));
#8696 = ORIENTED_EDGE('',*,*,#7944,.F.);
#8697 = ORIENTED_EDGE('',*,*,#8698,.F.);
#8698 = EDGE_CURVE('',#1756,#7922,#8699,.T.);
#8699 = SURFACE_CURVE('',#8700,(#8704,#8711),.PCURVE_S1.);
#8700 = LINE('',#8701,#8702);
#8701 = CARTESIAN_POINT('',(-54.50083767664,45.,54.999999999999));
#8702 = VECTOR('',#8703,1.);
#8703 = DIRECTION('',(0.,1.,0.));
#8704 = PCURVE('',#1771,#8705);
#8705 = DEFINITIONAL_REPRESENTATION('',(#8706),#8710);
#8706 = LINE('',#8707,#8708);
#8707 = CARTESIAN_POINT('',(5.725697271929,1.965093435927));
#8708 = VECTOR('',#8709,1.);
#8709 = DIRECTION('',(1.,0.));
#8710 = ( GEOMETRIC_REPRESENTATION_CONTEXT(2) 
PARAMETRIC_REPRESENTATION_CONTEXT() REPRESENTATION_CONTEXT('2D SPACE',''
  ) );
#8711 = PCURVE('',#1799,#8712);
#8712 = DEFINITIONAL_REPRESENTATION('',(#8713),#8717);
#8713 = LINE('',#8714,#8715);
#8714 = CARTESIAN_POINT('',(-113.7771404047,0.));
#8715 = VECTOR('',#8716,1.);
#8716 = DIRECTION('',(0.,1.));
#8717 = ( GEOMETRIC_REPRESENTATION_CONTEXT(2) 
PARAMETRIC_REPRESENTATION_CONTEXT() REPRESENTATION_CONTEXT('2D SPACE',''
  ) );
#8718 = ORIENTED_EDGE('',*,*,#1755,.F.);
#8719 = ADVANCED_FACE('',(#8720),#1799,.F.);
#8720 = FACE_BOUND('',#8721,.T.);
#8721 = EDGE_LOOP('',(#8722,#8723,#8724,#8725));
#8722 = ORIENTED_EDGE('',*,*,#1783,.T.);
#8723 = ORIENTED_EDGE('',*,*,#8698,.T.);
#8724 = ORIENTED_EDGE('',*,*,#7921,.F.);
#8725 = ORIENTED_EDGE('',*,*,#8726,.F.);
#8726 = EDGE_CURVE('',#1784,#7899,#8727,.T.);
#8727 = SURFACE_CURVE('',#8728,(#8732,#8739),.PCURVE_S1.);
#8728 = LINE('',#8729,#8730);
#8729 = CARTESIAN_POINT('',(59.274302728071,45.,54.999999999999));
#8730 = VECTOR('',#8731,1.);
#8731 = DIRECTION('',(0.,1.,0.));
#8732 = PCURVE('',#1799,#8733);
#8733 = DEFINITIONAL_REPRESENTATION('',(#8734),#8738);
#8734 = LINE('',#8735,#8736);
#8735 = CARTESIAN_POINT('',(-2.000000000002E-03,0.));
#8736 = VECTOR('',#8737,1.);
#8737 = DIRECTION('',(0.,1.));
#8738 = ( GEOMETRIC_REPRESENTATION_CONTEXT(2) 
PARAMETRIC_REPRESENTATION_CONTEXT() REPRESENTATION_CONTEXT('2D SPACE',''
  ) );
#8739 = PCURVE('',#1827,#8740);
#8740 = DEFINITIONAL_REPRESENTATION('',(#8741),#8745);
#8741 = LINE('',#8742,#8743);
#8742 = CARTESIAN_POINT('',(10.49916232336,1.965093435927));
#8743 = VECTOR('',#8744,1.);
#8744 = DIRECTION('',(1.,0.));
#8745 = ( GEOMETRIC_REPRESENTATION_CONTEXT(2) 
PARAMETRIC_REPRESENTATION_CONTEXT() REPRESENTATION_CONTEXT('2D SPACE',''
  ) );
#8746 = ADVANCED_FACE('',(#8747),#1827,.F.);
#8747 = FACE_BOUND('',#8748,.T.);
#8748 = EDGE_LOOP('',(#8749,#8750,#8751));
#8749 = ORIENTED_EDGE('',*,*,#1811,.T.);
#8750 = ORIENTED_EDGE('',*,*,#8726,.T.);
#8751 = ORIENTED_EDGE('',*,*,#7898,.T.);
#8752 = ADVANCED_FACE('',(#8753),#4833,.T.);
#8753 = FACE_BOUND('',#8754,.T.);
#8754 = EDGE_LOOP('',(#8755,#8756,#8777,#8778));
#8755 = ORIENTED_EDGE('',*,*,#4815,.T.);
#8756 = ORIENTED_EDGE('',*,*,#8757,.F.);
#8757 = EDGE_CURVE('',#6188,#4818,#8758,.T.);
#8758 = SURFACE_CURVE('',#8759,(#8763,#8770),.PCURVE_S1.);
#8759 = LINE('',#8760,#8761);
#8760 = CARTESIAN_POINT('',(37.274609119791,17.274609119791,
    -116.5343010816));
#8761 = VECTOR('',#8762,1.);
#8762 = DIRECTION('',(0.,-6.123233995737E-17,1.));
#8763 = PCURVE('',#4833,#8764);
#8764 = DEFINITIONAL_REPRESENTATION('',(#8765),#8769);
#8765 = LINE('',#8766,#8767);
#8766 = CARTESIAN_POINT('',(0.,17.274609119791));
#8767 = VECTOR('',#8768,1.);
#8768 = DIRECTION('',(1.,-6.123233995737E-17));
#8769 = ( GEOMETRIC_REPRESENTATION_CONTEXT(2) 
PARAMETRIC_REPRESENTATION_CONTEXT() REPRESENTATION_CONTEXT('2D SPACE',''
  ) );
#8770 = PCURVE('',#4915,#8771);
#8771 = DEFINITIONAL_REPRESENTATION('',(#8772),#8776);
#8772 = LINE('',#8773,#8774);
#8773 = CARTESIAN_POINT('',(0.,37.274609119791));
#8774 = VECTOR('',#8775,1.);
#8775 = DIRECTION('',(-1.,0.));
#8776 = ( GEOMETRIC_REPRESENTATION_CONTEXT(2) 
PARAMETRIC_REPRESENTATION_CONTEXT() REPRESENTATION_CONTEXT('2D SPACE',''
  ) );
#8777 = ORIENTED_EDGE('',*,*,#6187,.F.);
#8778 = ORIENTED_EDGE('',*,*,#8779,.T.);
#8779 = EDGE_CURVE('',#6165,#4816,#8780,.T.);
#8780 = SURFACE_CURVE('',#8781,(#8785,#8792),.PCURVE_S1.);
#8781 = LINE('',#8782,#8783);
#8782 = CARTESIAN_POINT('',(37.274609119791,-17.27460911979,
    -116.5343010816));
#8783 = VECTOR('',#8784,1.);
#8784 = DIRECTION('',(0.,-6.123233995737E-17,1.));
#8785 = PCURVE('',#4833,#8786);
#8786 = DEFINITIONAL_REPRESENTATION('',(#8787),#8791);
#8787 = LINE('',#8788,#8789);
#8788 = CARTESIAN_POINT('',(0.,-17.27460911979));
#8789 = VECTOR('',#8790,1.);
#8790 = DIRECTION('',(1.,-6.123233995737E-17));
#8791 = ( GEOMETRIC_REPRESENTATION_CONTEXT(2) 
PARAMETRIC_REPRESENTATION_CONTEXT() REPRESENTATION_CONTEXT('2D SPACE',''
  ) );
#8792 = PCURVE('',#4861,#8793);
#8793 = DEFINITIONAL_REPRESENTATION('',(#8794),#8798);
#8794 = LINE('',#8795,#8796);
#8795 = CARTESIAN_POINT('',(0.,37.274609119791));
#8796 = VECTOR('',#8797,1.);
#8797 = DIRECTION('',(1.,0.));
#8798 = ( GEOMETRIC_REPRESENTATION_CONTEXT(2) 
PARAMETRIC_REPRESENTATION_CONTEXT() REPRESENTATION_CONTEXT('2D SPACE',''
  ) );
#8799 = ADVANCED_FACE('',(#8800),#4915,.T.);
#8800 = FACE_BOUND('',#8801,.T.);
#8801 = EDGE_LOOP('',(#8802,#8803,#8824,#8825));
#8802 = ORIENTED_EDGE('',*,*,#4901,.T.);
#8803 = ORIENTED_EDGE('',*,*,#8804,.F.);
#8804 = EDGE_CURVE('',#6211,#4874,#8805,.T.);
#8805 = SURFACE_CURVE('',#8806,(#8810,#8817),.PCURVE_S1.);
#8806 = LINE('',#8807,#8808);
#8807 = CARTESIAN_POINT('',(-37.27460911979,17.274609119791,
    -116.5343010816));
#8808 = VECTOR('',#8809,1.);
#8809 = DIRECTION('',(0.,-6.123233995737E-17,1.));
#8810 = PCURVE('',#4915,#8811);
#8811 = DEFINITIONAL_REPRESENTATION('',(#8812),#8816);
#8812 = LINE('',#8813,#8814);
#8813 = CARTESIAN_POINT('',(0.,-37.27460911979));
#8814 = VECTOR('',#8815,1.);
#8815 = DIRECTION('',(-1.,0.));
#8816 = ( GEOMETRIC_REPRESENTATION_CONTEXT(2) 
PARAMETRIC_REPRESENTATION_CONTEXT() REPRESENTATION_CONTEXT('2D SPACE',''
  ) );
#8817 = PCURVE('',#4889,#8818);
#8818 = DEFINITIONAL_REPRESENTATION('',(#8819),#8823);
#8819 = LINE('',#8820,#8821);
#8820 = CARTESIAN_POINT('',(0.,17.274609119791));
#8821 = VECTOR('',#8822,1.);
#8822 = DIRECTION('',(-1.,-6.123233995737E-17));
#8823 = ( GEOMETRIC_REPRESENTATION_CONTEXT(2) 
PARAMETRIC_REPRESENTATION_CONTEXT() REPRESENTATION_CONTEXT('2D SPACE',''
  ) );
#8824 = ORIENTED_EDGE('',*,*,#6210,.F.);
#8825 = ORIENTED_EDGE('',*,*,#8757,.T.);
#8826 = ADVANCED_FACE('',(#8827),#4889,.T.);
#8827 = FACE_BOUND('',#8828,.T.);
#8828 = EDGE_LOOP('',(#8829,#8830,#8851,#8852));
#8829 = ORIENTED_EDGE('',*,*,#4873,.T.);
#8830 = ORIENTED_EDGE('',*,*,#8831,.F.);
#8831 = EDGE_CURVE('',#6163,#4846,#8832,.T.);
#8832 = SURFACE_CURVE('',#8833,(#8837,#8844),.PCURVE_S1.);
#8833 = LINE('',#8834,#8835);
#8834 = CARTESIAN_POINT('',(-37.27460911979,-17.27460911979,
    -116.5343010816));
#8835 = VECTOR('',#8836,1.);
#8836 = DIRECTION('',(0.,-6.123233995737E-17,1.));
#8837 = PCURVE('',#4889,#8838);
#8838 = DEFINITIONAL_REPRESENTATION('',(#8839),#8843);
#8839 = LINE('',#8840,#8841);
#8840 = CARTESIAN_POINT('',(0.,-17.27460911979));
#8841 = VECTOR('',#8842,1.);
#8842 = DIRECTION('',(-1.,-6.123233995737E-17));
#8843 = ( GEOMETRIC_REPRESENTATION_CONTEXT(2) 
PARAMETRIC_REPRESENTATION_CONTEXT() REPRESENTATION_CONTEXT('2D SPACE',''
  ) );
#8844 = PCURVE('',#4861,#8845);
#8845 = DEFINITIONAL_REPRESENTATION('',(#8846),#8850);
#8846 = LINE('',#8847,#8848);
#8847 = CARTESIAN_POINT('',(0.,-37.27460911979));
#8848 = VECTOR('',#8849,1.);
#8849 = DIRECTION('',(1.,0.));
#8850 = ( GEOMETRIC_REPRESENTATION_CONTEXT(2) 
PARAMETRIC_REPRESENTATION_CONTEXT() REPRESENTATION_CONTEXT('2D SPACE',''
  ) );
#8851 = ORIENTED_EDGE('',*,*,#6233,.F.);
#8852 = ORIENTED_EDGE('',*,*,#8804,.T.);
#8853 = ADVANCED_FACE('',(#8854),#4861,.T.);
#8854 = FACE_BOUND('',#8855,.T.);
#8855 = EDGE_LOOP('',(#8856,#8857,#8858,#8859));
#8856 = ORIENTED_EDGE('',*,*,#4845,.T.);
#8857 = ORIENTED_EDGE('',*,*,#8779,.F.);
#8858 = ORIENTED_EDGE('',*,*,#6162,.F.);
#8859 = ORIENTED_EDGE('',*,*,#8831,.T.);
#8860 = ADVANCED_FACE('',(#8861),#3010,.T.);
#8861 = FACE_BOUND('',#8862,.T.);
#8862 = EDGE_LOOP('',(#8863,#8864,#8885,#8886));
#8863 = ORIENTED_EDGE('',*,*,#4339,.T.);
#8864 = ORIENTED_EDGE('',*,*,#8865,.F.);
#8865 = EDGE_CURVE('',#4542,#4312,#8866,.T.);
#8866 = SURFACE_CURVE('',#8867,(#8871,#8878),.PCURVE_S1.);
#8867 = LINE('',#8868,#8869);
#8868 = CARTESIAN_POINT('',(-174.5343010816,-14.,8.6));
#8869 = VECTOR('',#8870,1.);
#8870 = DIRECTION('',(1.,0.,0.));
#8871 = PCURVE('',#3010,#8872);
#8872 = DEFINITIONAL_REPRESENTATION('',(#8873),#8877);
#8873 = LINE('',#8874,#8875);
#8874 = CARTESIAN_POINT('',(-6.3,0.));
#8875 = VECTOR('',#8876,1.);
#8876 = DIRECTION('',(0.,1.));
#8877 = ( GEOMETRIC_REPRESENTATION_CONTEXT(2) 
PARAMETRIC_REPRESENTATION_CONTEXT() REPRESENTATION_CONTEXT('2D SPACE',''
  ) );
#8878 = PCURVE('',#4327,#8879);
#8879 = DEFINITIONAL_REPRESENTATION('',(#8880),#8884);
#8880 = LINE('',#8881,#8882);
#8881 = CARTESIAN_POINT('',(-8.,0.));
#8882 = VECTOR('',#8883,1.);
#8883 = DIRECTION('',(0.,1.));
#8884 = ( GEOMETRIC_REPRESENTATION_CONTEXT(2) 
PARAMETRIC_REPRESENTATION_CONTEXT() REPRESENTATION_CONTEXT('2D SPACE',''
  ) );
#8885 = ORIENTED_EDGE('',*,*,#4541,.F.);
#8886 = ORIENTED_EDGE('',*,*,#2996,.T.);
#8887 = ADVANCED_FACE('',(#8888),#4327,.F.);
#8888 = FACE_BOUND('',#8889,.T.);
#8889 = EDGE_LOOP('',(#8890,#8911,#8912,#8913));
#8890 = ORIENTED_EDGE('',*,*,#8891,.F.);
#8891 = EDGE_CURVE('',#4565,#4289,#8892,.T.);
#8892 = SURFACE_CURVE('',#8893,(#8897,#8904),.PCURVE_S1.);
#8893 = LINE('',#8894,#8895);
#8894 = CARTESIAN_POINT('',(-174.5343010816,-30.,8.6));
#8895 = VECTOR('',#8896,1.);
#8896 = DIRECTION('',(1.,0.,0.));
#8897 = PCURVE('',#4327,#8898);
#8898 = DEFINITIONAL_REPRESENTATION('',(#8899),#8903);
#8899 = LINE('',#8900,#8901);
#8900 = CARTESIAN_POINT('',(8.,0.));
#8901 = VECTOR('',#8902,1.);
#8902 = DIRECTION('',(0.,1.));
#8903 = ( GEOMETRIC_REPRESENTATION_CONTEXT(2) 
PARAMETRIC_REPRESENTATION_CONTEXT() REPRESENTATION_CONTEXT('2D SPACE',''
  ) );
#8904 = PCURVE('',#2740,#8905);
#8905 = DEFINITIONAL_REPRESENTATION('',(#8906),#8910);
#8906 = LINE('',#8907,#8908);
#8907 = CARTESIAN_POINT('',(-6.3,0.));
#8908 = VECTOR('',#8909,1.);
#8909 = DIRECTION('',(0.,1.));
#8910 = ( GEOMETRIC_REPRESENTATION_CONTEXT(2) 
PARAMETRIC_REPRESENTATION_CONTEXT() REPRESENTATION_CONTEXT('2D SPACE',''
  ) );
#8911 = ORIENTED_EDGE('',*,*,#4564,.T.);
#8912 = ORIENTED_EDGE('',*,*,#8865,.T.);
#8913 = ORIENTED_EDGE('',*,*,#4311,.F.);
#8914 = ADVANCED_FACE('',(#8915),#2740,.F.);
#8915 = FACE_BOUND('',#8916,.T.);
#8916 = EDGE_LOOP('',(#8917,#8918,#8919,#8920));
#8917 = ORIENTED_EDGE('',*,*,#2724,.F.);
#8918 = ORIENTED_EDGE('',*,*,#4587,.T.);
#8919 = ORIENTED_EDGE('',*,*,#8891,.T.);
#8920 = ORIENTED_EDGE('',*,*,#4288,.F.);
#8921 = ADVANCED_FACE('',(#8922),#3390,.F.);
#8922 = FACE_BOUND('',#8923,.F.);
#8923 = EDGE_LOOP('',(#8924,#8945,#8946,#8967));
#8924 = ORIENTED_EDGE('',*,*,#8925,.F.);
#8925 = EDGE_CURVE('',#3744,#3374,#8926,.T.);
#8926 = SURFACE_CURVE('',#8927,(#8931,#8938),.PCURVE_S1.);
#8927 = LINE('',#8928,#8929);
#8928 = CARTESIAN_POINT('',(7.,-210.9867586496,13.25));
#8929 = VECTOR('',#8930,1.);
#8930 = DIRECTION('',(0.,1.,-6.123233995737E-17));
#8931 = PCURVE('',#3390,#8932);
#8932 = DEFINITIONAL_REPRESENTATION('',(#8933),#8937);
#8933 = LINE('',#8934,#8935);
#8934 = CARTESIAN_POINT('',(-1.570796326795,0.));
#8935 = VECTOR('',#8936,1.);
#8936 = DIRECTION('',(0.,1.));
#8937 = ( GEOMETRIC_REPRESENTATION_CONTEXT(2) 
PARAMETRIC_REPRESENTATION_CONTEXT() REPRESENTATION_CONTEXT('2D SPACE',''
  ) );
#8938 = PCURVE('',#2900,#8939);
#8939 = DEFINITIONAL_REPRESENTATION('',(#8940),#8944);
#8940 = LINE('',#8941,#8942);
#8941 = CARTESIAN_POINT('',(-8.625,-3.813471318904E-48));
#8942 = VECTOR('',#8943,1.);
#8943 = DIRECTION('',(6.123233995737E-17,1.));
#8944 = ( GEOMETRIC_REPRESENTATION_CONTEXT(2) 
PARAMETRIC_REPRESENTATION_CONTEXT() REPRESENTATION_CONTEXT('2D SPACE',''
  ) );
#8945 = ORIENTED_EDGE('',*,*,#3766,.F.);
#8946 = ORIENTED_EDGE('',*,*,#8947,.T.);
#8947 = EDGE_CURVE('',#3767,#3351,#8948,.T.);
#8948 = SURFACE_CURVE('',#8949,(#8953,#8960),.PCURVE_S1.);
#8949 = LINE('',#8950,#8951);
#8950 = CARTESIAN_POINT('',(18.,-210.9867586496,13.25));
#8951 = VECTOR('',#8952,1.);
#8952 = DIRECTION('',(0.,1.,-6.123233995737E-17));
#8953 = PCURVE('',#3390,#8954);
#8954 = DEFINITIONAL_REPRESENTATION('',(#8955),#8959);
#8955 = LINE('',#8956,#8957);
#8956 = CARTESIAN_POINT('',(1.570796326795,0.));
#8957 = VECTOR('',#8958,1.);
#8958 = DIRECTION('',(-9.251917260479E-17,1.));
#8959 = ( GEOMETRIC_REPRESENTATION_CONTEXT(2) 
PARAMETRIC_REPRESENTATION_CONTEXT() REPRESENTATION_CONTEXT('2D SPACE',''
  ) );
#8960 = PCURVE('',#2064,#8961);
#8961 = DEFINITIONAL_REPRESENTATION('',(#8962),#8966);
#8962 = LINE('',#8963,#8964);
#8963 = CARTESIAN_POINT('',(8.625,0.));
#8964 = VECTOR('',#8965,1.);
#8965 = DIRECTION('',(-6.123233995737E-17,1.));
#8966 = ( GEOMETRIC_REPRESENTATION_CONTEXT(2) 
PARAMETRIC_REPRESENTATION_CONTEXT() REPRESENTATION_CONTEXT('2D SPACE',''
  ) );
#8967 = ORIENTED_EDGE('',*,*,#3373,.T.);
#8968 = ADVANCED_FACE('',(#8969),#2900,.T.);
#8969 = FACE_BOUND('',#8970,.T.);
#8970 = EDGE_LOOP('',(#8971,#8972,#8973,#8974));
#8971 = ORIENTED_EDGE('',*,*,#3424,.T.);
#8972 = ORIENTED_EDGE('',*,*,#8925,.F.);
#8973 = ORIENTED_EDGE('',*,*,#3743,.F.);
#8974 = ORIENTED_EDGE('',*,*,#2886,.T.);
#8975 = ADVANCED_FACE('',(#8976),#2064,.T.);
#8976 = FACE_BOUND('',#8977,.T.);
#8977 = EDGE_LOOP('',(#8978,#8979,#8980,#8981));
#8978 = ORIENTED_EDGE('',*,*,#3350,.T.);
#8979 = ORIENTED_EDGE('',*,*,#2048,.T.);
#8980 = ORIENTED_EDGE('',*,*,#3812,.F.);
#8981 = ORIENTED_EDGE('',*,*,#8947,.T.);
#8982 = ADVANCED_FACE('',(#8983),#2851,.F.);
#8983 = FACE_BOUND('',#8984,.T.);
#8984 = EDGE_LOOP('',(#8985,#8986,#8987,#9008));
#8985 = ORIENTED_EDGE('',*,*,#2835,.F.);
#8986 = ORIENTED_EDGE('',*,*,#3721,.T.);
#8987 = ORIENTED_EDGE('',*,*,#8988,.T.);
#8988 = EDGE_CURVE('',#3699,#3447,#8989,.T.);
#8989 = SURFACE_CURVE('',#8990,(#8994,#9001),.PCURVE_S1.);
#8990 = LINE('',#8991,#8992);
#8991 = CARTESIAN_POINT('',(2.85,-177.7367586496,47.4608));
#8992 = VECTOR('',#8993,1.);
#8993 = DIRECTION('',(0.,1.,0.));
#8994 = PCURVE('',#2851,#8995);
#8995 = DEFINITIONAL_REPRESENTATION('',(#8996),#9000);
#8996 = LINE('',#8997,#8998);
#8997 = CARTESIAN_POINT('',(-25.7304,0.));
#8998 = VECTOR('',#8999,1.);
#8999 = DIRECTION('',(0.,1.));
#9000 = ( GEOMETRIC_REPRESENTATION_CONTEXT(2) 
PARAMETRIC_REPRESENTATION_CONTEXT() REPRESENTATION_CONTEXT('2D SPACE',''
  ) );
#9001 = PCURVE('',#3485,#9002);
#9002 = DEFINITIONAL_REPRESENTATION('',(#9003),#9007);
#9003 = LINE('',#9004,#9005);
#9004 = CARTESIAN_POINT('',(-7.85,0.));
#9005 = VECTOR('',#9006,1.);
#9006 = DIRECTION('',(0.,1.));
#9007 = ( GEOMETRIC_REPRESENTATION_CONTEXT(2) 
PARAMETRIC_REPRESENTATION_CONTEXT() REPRESENTATION_CONTEXT('2D SPACE',''
  ) );
#9008 = ORIENTED_EDGE('',*,*,#3446,.F.);
#9009 = ADVANCED_FACE('',(#9010),#3485,.T.);
#9010 = FACE_BOUND('',#9011,.T.);
#9011 = EDGE_LOOP('',(#9012,#9013,#9014,#9015));
#9012 = ORIENTED_EDGE('',*,*,#3469,.T.);
#9013 = ORIENTED_EDGE('',*,*,#8988,.F.);
#9014 = ORIENTED_EDGE('',*,*,#3698,.F.);
#9015 = ORIENTED_EDGE('',*,*,#9016,.T.);
#9016 = EDGE_CURVE('',#3676,#3470,#9017,.T.);
#9017 = SURFACE_CURVE('',#9018,(#9022,#9029),.PCURVE_S1.);
#9018 = LINE('',#9019,#9020);
#9019 = CARTESIAN_POINT('',(-12.85,-177.7367586496,47.4608));
#9020 = VECTOR('',#9021,1.);
#9021 = DIRECTION('',(0.,1.,0.));
#9022 = PCURVE('',#3485,#9023);
#9023 = DEFINITIONAL_REPRESENTATION('',(#9024),#9028);
#9024 = LINE('',#9025,#9026);
#9025 = CARTESIAN_POINT('',(7.85,0.));
#9026 = VECTOR('',#9027,1.);
#9027 = DIRECTION('',(0.,1.));
#9028 = ( GEOMETRIC_REPRESENTATION_CONTEXT(2) 
PARAMETRIC_REPRESENTATION_CONTEXT() REPRESENTATION_CONTEXT('2D SPACE',''
  ) );
#9029 = PCURVE('',#2559,#9030);
#9030 = DEFINITIONAL_REPRESENTATION('',(#9031),#9035);
#9031 = LINE('',#9032,#9033);
#9032 = CARTESIAN_POINT('',(-25.7304,0.));
#9033 = VECTOR('',#9034,1.);
#9034 = DIRECTION('',(0.,1.));
#9035 = ( GEOMETRIC_REPRESENTATION_CONTEXT(2) 
PARAMETRIC_REPRESENTATION_CONTEXT() REPRESENTATION_CONTEXT('2D SPACE',''
  ) );
#9036 = ADVANCED_FACE('',(#9037),#2559,.T.);
#9037 = FACE_BOUND('',#9038,.T.);
#9038 = EDGE_LOOP('',(#9039,#9040,#9041,#9042));
#9039 = ORIENTED_EDGE('',*,*,#3497,.T.);
#9040 = ORIENTED_EDGE('',*,*,#9016,.F.);
#9041 = ORIENTED_EDGE('',*,*,#3675,.F.);
#9042 = ORIENTED_EDGE('',*,*,#2545,.T.);
#9043 = ADVANCED_FACE('',(#9044),#4181,.T.);
#9044 = FACE_BOUND('',#9045,.T.);
#9045 = EDGE_LOOP('',(#9046,#9047,#9068,#9069));
#9046 = ORIENTED_EDGE('',*,*,#4165,.T.);
#9047 = ORIENTED_EDGE('',*,*,#9048,.F.);
#9048 = EDGE_CURVE('',#4497,#4143,#9049,.T.);
#9049 = SURFACE_CURVE('',#9050,(#9054,#9061),.PCURVE_S1.);
#9050 = LINE('',#9051,#9052);
#9051 = CARTESIAN_POINT('',(-233.7367586496,-2.5,10.7));
#9052 = VECTOR('',#9053,1.);
#9053 = DIRECTION('',(1.,9.637352644316E-17,3.743313582987E-32));
#9054 = PCURVE('',#4181,#9055);
#9055 = DEFINITIONAL_REPRESENTATION('',(#9056),#9060);
#9056 = LINE('',#9057,#9058);
#9057 = CARTESIAN_POINT('',(-9.999999999999E-02,-19.5));
#9058 = VECTOR('',#9059,1.);
#9059 = DIRECTION('',(-1.,9.637352644316E-17));
#9060 = ( GEOMETRIC_REPRESENTATION_CONTEXT(2) 
PARAMETRIC_REPRESENTATION_CONTEXT() REPRESENTATION_CONTEXT('2D SPACE',''
  ) );
#9061 = PCURVE('',#2961,#9062);
#9062 = DEFINITIONAL_REPRESENTATION('',(#9063),#9067);
#9063 = LINE('',#9064,#9065);
#9064 = CARTESIAN_POINT('',(4.279844320861E-32,7.35));
#9065 = VECTOR('',#9066,1.);
#9066 = DIRECTION('',(1.,3.743313582987E-32));
#9067 = ( GEOMETRIC_REPRESENTATION_CONTEXT(2) 
PARAMETRIC_REPRESENTATION_CONTEXT() REPRESENTATION_CONTEXT('2D SPACE',''
  ) );
#9068 = ORIENTED_EDGE('',*,*,#4494,.F.);
#9069 = ORIENTED_EDGE('',*,*,#9070,.T.);
#9070 = EDGE_CURVE('',#4495,#4166,#9071,.T.);
#9071 = SURFACE_CURVE('',#9072,(#9076,#9083),.PCURVE_S1.);
#9072 = LINE('',#9073,#9074);
#9073 = CARTESIAN_POINT('',(-233.8367586496,21.95,10.7));
#9074 = VECTOR('',#9075,1.);
#9075 = DIRECTION('',(1.,6.123233995737E-17,6.123233995737E-17));
#9076 = PCURVE('',#4181,#9077);
#9077 = DEFINITIONAL_REPRESENTATION('',(#9078),#9082);
#9078 = LINE('',#9079,#9080);
#9079 = CARTESIAN_POINT('',(0.,4.95));
#9080 = VECTOR('',#9081,1.);
#9081 = DIRECTION('',(-1.,6.123233995737E-17));
#9082 = ( GEOMETRIC_REPRESENTATION_CONTEXT(2) 
PARAMETRIC_REPRESENTATION_CONTEXT() REPRESENTATION_CONTEXT('2D SPACE',''
  ) );
#9083 = PCURVE('',#2371,#9084);
#9084 = DEFINITIONAL_REPRESENTATION('',(#9085),#9089);
#9085 = LINE('',#9086,#9087);
#9086 = CARTESIAN_POINT('',(-7.35,5.098616525426E-33));
#9087 = VECTOR('',#9088,1.);
#9088 = DIRECTION('',(-6.123233995737E-17,1.));
#9089 = ( GEOMETRIC_REPRESENTATION_CONTEXT(2) 
PARAMETRIC_REPRESENTATION_CONTEXT() REPRESENTATION_CONTEXT('2D SPACE',''
  ) );
#9090 = ADVANCED_FACE('',(#9091),#2371,.T.);
#9091 = FACE_BOUND('',#9092,.T.);
#9092 = EDGE_LOOP('',(#9093,#9094,#9095,#9096));
#9093 = ORIENTED_EDGE('',*,*,#4193,.T.);
#9094 = ORIENTED_EDGE('',*,*,#9070,.F.);
#9095 = ORIENTED_EDGE('',*,*,#4692,.F.);
#9096 = ORIENTED_EDGE('',*,*,#2355,.T.);
#9097 = ADVANCED_FACE('',(#9098),#2961,.F.);
#9098 = FACE_BOUND('',#9099,.T.);
#9099 = EDGE_LOOP('',(#9100,#9101,#9102,#9103));
#9100 = ORIENTED_EDGE('',*,*,#2945,.F.);
#9101 = ORIENTED_EDGE('',*,*,#4519,.T.);
#9102 = ORIENTED_EDGE('',*,*,#9048,.T.);
#9103 = ORIENTED_EDGE('',*,*,#4142,.F.);
#9104 = ADVANCED_FACE('',(#9105),#2510,.F.);
#9105 = FACE_BOUND('',#9106,.T.);
#9106 = EDGE_LOOP('',(#9107,#9108,#9109,#9130));
#9107 = ORIENTED_EDGE('',*,*,#2494,.F.);
#9108 = ORIENTED_EDGE('',*,*,#3651,.T.);
#9109 = ORIENTED_EDGE('',*,*,#9110,.T.);
#9110 = EDGE_CURVE('',#3652,#3182,#9111,.T.);
#9111 = SURFACE_CURVE('',#9112,(#9116,#9123),.PCURVE_S1.);
#9112 = LINE('',#9113,#9114);
#9113 = CARTESIAN_POINT('',(-17.,-177.7367586496,9.6132));
#9114 = VECTOR('',#9115,1.);
#9115 = DIRECTION('',(0.,1.,0.));
#9116 = PCURVE('',#2510,#9117);
#9117 = DEFINITIONAL_REPRESENTATION('',(#9118),#9122);
#9118 = LINE('',#9119,#9120);
#9119 = CARTESIAN_POINT('',(-6.8066,0.));
#9120 = VECTOR('',#9121,1.);
#9121 = DIRECTION('',(0.,1.));
#9122 = ( GEOMETRIC_REPRESENTATION_CONTEXT(2) 
PARAMETRIC_REPRESENTATION_CONTEXT() REPRESENTATION_CONTEXT('2D SPACE',''
  ) );
#9123 = PCURVE('',#3221,#9124);
#9124 = DEFINITIONAL_REPRESENTATION('',(#9125),#9129);
#9125 = LINE('',#9126,#9127);
#9126 = CARTESIAN_POINT('',(1.570796326795,0.));
#9127 = VECTOR('',#9128,1.);
#9128 = DIRECTION('',(0.,1.));
#9129 = ( GEOMETRIC_REPRESENTATION_CONTEXT(2) 
PARAMETRIC_REPRESENTATION_CONTEXT() REPRESENTATION_CONTEXT('2D SPACE',''
  ) );
#9130 = ORIENTED_EDGE('',*,*,#3181,.F.);
#9131 = ADVANCED_FACE('',(#9132),#3221,.F.);
#9132 = FACE_BOUND('',#9133,.F.);
#9133 = EDGE_LOOP('',(#9134,#9155,#9156,#9157));
#9134 = ORIENTED_EDGE('',*,*,#9135,.F.);
#9135 = EDGE_CURVE('',#3918,#3205,#9136,.T.);
#9136 = SURFACE_CURVE('',#9137,(#9141,#9148),.PCURVE_S1.);
#9137 = LINE('',#9138,#9139);
#9138 = CARTESIAN_POINT('',(-21.,-177.7367586496,9.6132));
#9139 = VECTOR('',#9140,1.);
#9140 = DIRECTION('',(0.,1.,0.));
#9141 = PCURVE('',#3221,#9142);
#9142 = DEFINITIONAL_REPRESENTATION('',(#9143),#9147);
#9143 = LINE('',#9144,#9145);
#9144 = CARTESIAN_POINT('',(-1.570796326795,0.));
#9145 = VECTOR('',#9146,1.);
#9146 = DIRECTION('',(0.,1.));
#9147 = ( GEOMETRIC_REPRESENTATION_CONTEXT(2) 
PARAMETRIC_REPRESENTATION_CONTEXT() REPRESENTATION_CONTEXT('2D SPACE',''
  ) );
#9148 = PCURVE('',#2620,#9149);
#9149 = DEFINITIONAL_REPRESENTATION('',(#9150),#9154);
#9150 = LINE('',#9151,#9152);
#9151 = CARTESIAN_POINT('',(6.8066,0.));
#9152 = VECTOR('',#9153,1.);
#9153 = DIRECTION('',(0.,1.));
#9154 = ( GEOMETRIC_REPRESENTATION_CONTEXT(2) 
PARAMETRIC_REPRESENTATION_CONTEXT() REPRESENTATION_CONTEXT('2D SPACE',''
  ) );
#9155 = ORIENTED_EDGE('',*,*,#3940,.F.);
#9156 = ORIENTED_EDGE('',*,*,#9110,.T.);
#9157 = ORIENTED_EDGE('',*,*,#3204,.T.);
#9158 = ADVANCED_FACE('',(#9159),#2620,.F.);
#9159 = FACE_BOUND('',#9160,.T.);
#9160 = EDGE_LOOP('',(#9161,#9162,#9163,#9164));
#9161 = ORIENTED_EDGE('',*,*,#9135,.F.);
#9162 = ORIENTED_EDGE('',*,*,#3917,.T.);
#9163 = ORIENTED_EDGE('',*,*,#2604,.F.);
#9164 = ORIENTED_EDGE('',*,*,#3255,.F.);
#9165 = ADVANCED_FACE('',(#9166),#763,.T.);
#9166 = FACE_BOUND('',#9167,.T.);
#9167 = EDGE_LOOP('',(#9168,#9169,#9170,#9171));
#9168 = ORIENTED_EDGE('',*,*,#747,.T.);
#9169 = ORIENTED_EDGE('',*,*,#2281,.T.);
#9170 = ORIENTED_EDGE('',*,*,#1709,.T.);
#9171 = ORIENTED_EDGE('',*,*,#9172,.T.);
#9172 = EDGE_CURVE('',#1687,#748,#9173,.T.);
#9173 = SURFACE_CURVE('',#9174,(#9178,#9185),.PCURVE_S1.);
#9174 = LINE('',#9175,#9176);
#9175 = CARTESIAN_POINT('',(-19.,177.73675864966,9.6));
#9176 = VECTOR('',#9177,1.);
#9177 = DIRECTION('',(0.,-1.,0.));
#9178 = PCURVE('',#763,#9179);
#9179 = DEFINITIONAL_REPRESENTATION('',(#9180),#9184);
#9180 = LINE('',#9181,#9182);
#9181 = CARTESIAN_POINT('',(-6.8,0.));
#9182 = VECTOR('',#9183,1.);
#9183 = DIRECTION('',(0.,-1.));
#9184 = ( GEOMETRIC_REPRESENTATION_CONTEXT(2) 
PARAMETRIC_REPRESENTATION_CONTEXT() REPRESENTATION_CONTEXT('2D SPACE',''
  ) );
#9185 = PCURVE('',#791,#9186);
#9186 = DEFINITIONAL_REPRESENTATION('',(#9187),#9191);
#9187 = LINE('',#9188,#9189);
#9188 = CARTESIAN_POINT('',(1.,0.));
#9189 = VECTOR('',#9190,1.);
#9190 = DIRECTION('',(0.,-1.));
#9191 = ( GEOMETRIC_REPRESENTATION_CONTEXT(2) 
PARAMETRIC_REPRESENTATION_CONTEXT() REPRESENTATION_CONTEXT('2D SPACE',''
  ) );
#9192 = ADVANCED_FACE('',(#9193),#819,.F.);
#9193 = FACE_BOUND('',#9194,.T.);
#9194 = EDGE_LOOP('',(#9195,#9216,#9217,#9218));
#9195 = ORIENTED_EDGE('',*,*,#9196,.F.);
#9196 = EDGE_CURVE('',#1664,#776,#9197,.T.);
#9197 = SURFACE_CURVE('',#9198,(#9202,#9209),.PCURVE_S1.);
#9198 = LINE('',#9199,#9200);
#9199 = CARTESIAN_POINT('',(-17.,177.73675864966,9.6));
#9200 = VECTOR('',#9201,1.);
#9201 = DIRECTION('',(0.,-1.,0.));
#9202 = PCURVE('',#819,#9203);
#9203 = DEFINITIONAL_REPRESENTATION('',(#9204),#9208);
#9204 = LINE('',#9205,#9206);
#9205 = CARTESIAN_POINT('',(-6.8,0.));
#9206 = VECTOR('',#9207,1.);
#9207 = DIRECTION('',(0.,-1.));
#9208 = ( GEOMETRIC_REPRESENTATION_CONTEXT(2) 
PARAMETRIC_REPRESENTATION_CONTEXT() REPRESENTATION_CONTEXT('2D SPACE',''
  ) );
#9209 = PCURVE('',#791,#9210);
#9210 = DEFINITIONAL_REPRESENTATION('',(#9211),#9215);
#9211 = LINE('',#9212,#9213);
#9212 = CARTESIAN_POINT('',(-1.,0.));
#9213 = VECTOR('',#9214,1.);
#9214 = DIRECTION('',(0.,-1.));
#9215 = ( GEOMETRIC_REPRESENTATION_CONTEXT(2) 
PARAMETRIC_REPRESENTATION_CONTEXT() REPRESENTATION_CONTEXT('2D SPACE',''
  ) );
#9216 = ORIENTED_EDGE('',*,*,#1663,.F.);
#9217 = ORIENTED_EDGE('',*,*,#2256,.F.);
#9218 = ORIENTED_EDGE('',*,*,#803,.F.);
#9219 = ADVANCED_FACE('',(#9220),#791,.T.);
#9220 = FACE_BOUND('',#9221,.T.);
#9221 = EDGE_LOOP('',(#9222,#9223,#9224,#9225));
#9222 = ORIENTED_EDGE('',*,*,#775,.T.);
#9223 = ORIENTED_EDGE('',*,*,#9172,.F.);
#9224 = ORIENTED_EDGE('',*,*,#1686,.T.);
#9225 = ORIENTED_EDGE('',*,*,#9196,.T.);
#9226 = ADVANCED_FACE('',(#9227),#875,.T.);
#9227 = FACE_BOUND('',#9228,.T.);
#9228 = EDGE_LOOP('',(#9229,#9230,#9231,#9232));
#9229 = ORIENTED_EDGE('',*,*,#859,.T.);
#9230 = ORIENTED_EDGE('',*,*,#2234,.T.);
#9231 = ORIENTED_EDGE('',*,*,#1617,.T.);
#9232 = ORIENTED_EDGE('',*,*,#9233,.T.);
#9233 = EDGE_CURVE('',#1595,#860,#9234,.T.);
#9234 = SURFACE_CURVE('',#9235,(#9239,#9246),.PCURVE_S1.);
#9235 = LINE('',#9236,#9237);
#9236 = CARTESIAN_POINT('',(-14.,177.73675864966,9.6));
#9237 = VECTOR('',#9238,1.);
#9238 = DIRECTION('',(0.,-1.,0.));
#9239 = PCURVE('',#875,#9240);
#9240 = DEFINITIONAL_REPRESENTATION('',(#9241),#9245);
#9241 = LINE('',#9242,#9243);
#9242 = CARTESIAN_POINT('',(-6.8,0.));
#9243 = VECTOR('',#9244,1.);
#9244 = DIRECTION('',(0.,-1.));
#9245 = ( GEOMETRIC_REPRESENTATION_CONTEXT(2) 
PARAMETRIC_REPRESENTATION_CONTEXT() REPRESENTATION_CONTEXT('2D SPACE',''
  ) );
#9246 = PCURVE('',#903,#9247);
#9247 = DEFINITIONAL_REPRESENTATION('',(#9248),#9252);
#9248 = LINE('',#9249,#9250);
#9249 = CARTESIAN_POINT('',(1.,0.));
#9250 = VECTOR('',#9251,1.);
#9251 = DIRECTION('',(0.,-1.));
#9252 = ( GEOMETRIC_REPRESENTATION_CONTEXT(2) 
PARAMETRIC_REPRESENTATION_CONTEXT() REPRESENTATION_CONTEXT('2D SPACE',''
  ) );
#9253 = ADVANCED_FACE('',(#9254),#931,.F.);
#9254 = FACE_BOUND('',#9255,.T.);
#9255 = EDGE_LOOP('',(#9256,#9277,#9278,#9279));
#9256 = ORIENTED_EDGE('',*,*,#9257,.F.);
#9257 = EDGE_CURVE('',#1572,#888,#9258,.T.);
#9258 = SURFACE_CURVE('',#9259,(#9263,#9270),.PCURVE_S1.);
#9259 = LINE('',#9260,#9261);
#9260 = CARTESIAN_POINT('',(-12.,177.73675864966,9.6));
#9261 = VECTOR('',#9262,1.);
#9262 = DIRECTION('',(0.,-1.,0.));
#9263 = PCURVE('',#931,#9264);
#9264 = DEFINITIONAL_REPRESENTATION('',(#9265),#9269);
#9265 = LINE('',#9266,#9267);
#9266 = CARTESIAN_POINT('',(-6.8,0.));
#9267 = VECTOR('',#9268,1.);
#9268 = DIRECTION('',(0.,-1.));
#9269 = ( GEOMETRIC_REPRESENTATION_CONTEXT(2) 
PARAMETRIC_REPRESENTATION_CONTEXT() REPRESENTATION_CONTEXT('2D SPACE',''
  ) );
#9270 = PCURVE('',#903,#9271);
#9271 = DEFINITIONAL_REPRESENTATION('',(#9272),#9276);
#9272 = LINE('',#9273,#9274);
#9273 = CARTESIAN_POINT('',(-1.,0.));
#9274 = VECTOR('',#9275,1.);
#9275 = DIRECTION('',(0.,-1.));
#9276 = ( GEOMETRIC_REPRESENTATION_CONTEXT(2) 
PARAMETRIC_REPRESENTATION_CONTEXT() REPRESENTATION_CONTEXT('2D SPACE',''
  ) );
#9277 = ORIENTED_EDGE('',*,*,#1571,.F.);
#9278 = ORIENTED_EDGE('',*,*,#2210,.F.);
#9279 = ORIENTED_EDGE('',*,*,#915,.F.);
#9280 = ADVANCED_FACE('',(#9281),#903,.T.);
#9281 = FACE_BOUND('',#9282,.T.);
#9282 = EDGE_LOOP('',(#9283,#9284,#9285,#9286));
#9283 = ORIENTED_EDGE('',*,*,#887,.T.);
#9284 = ORIENTED_EDGE('',*,*,#9233,.F.);
#9285 = ORIENTED_EDGE('',*,*,#1594,.T.);
#9286 = ORIENTED_EDGE('',*,*,#9257,.T.);
#9287 = ADVANCED_FACE('',(#9288),#3166,.F.);
#9288 = FACE_BOUND('',#9289,.F.);
#9289 = EDGE_LOOP('',(#9290,#9291,#9311,#9312));
#9290 = ORIENTED_EDGE('',*,*,#3625,.F.);
#9291 = ORIENTED_EDGE('',*,*,#9292,.F.);
#9292 = EDGE_CURVE('',#3150,#3626,#9293,.T.);
#9293 = SEAM_CURVE('',#9294,(#9297,#9304),.PCURVE_S1.);
#9294 = B_SPLINE_CURVE_WITH_KNOTS('',1,(#9295,#9296),.UNSPECIFIED.,.F.,
  .F.,(2,2),(175.93675864966,180.73599712544),.PIECEWISE_BEZIER_KNOTS.);
#9295 = CARTESIAN_POINT('',(-5.,-39.36491856516,47.843528733817));
#9296 = CARTESIAN_POINT('',(-5.,-44.16342609368,47.927286994286));
#9297 = PCURVE('',#3166,#9298);
#9298 = DEFINITIONAL_REPRESENTATION('',(#9299),#9303);
#9299 = LINE('',#9300,#9301);
#9300 = CARTESIAN_POINT('',(0.,0.));
#9301 = VECTOR('',#9302,1.);
#9302 = DIRECTION('',(0.,1.));
#9303 = ( GEOMETRIC_REPRESENTATION_CONTEXT(2) 
PARAMETRIC_REPRESENTATION_CONTEXT() REPRESENTATION_CONTEXT('2D SPACE',''
  ) );
#9304 = PCURVE('',#3166,#9305);
#9305 = DEFINITIONAL_REPRESENTATION('',(#9306),#9310);
#9306 = LINE('',#9307,#9308);
#9307 = CARTESIAN_POINT('',(6.28318530718,0.));
#9308 = VECTOR('',#9309,1.);
#9309 = DIRECTION('',(0.,1.));
#9310 = ( GEOMETRIC_REPRESENTATION_CONTEXT(2) 
PARAMETRIC_REPRESENTATION_CONTEXT() REPRESENTATION_CONTEXT('2D SPACE',''
  ) );
#9311 = ORIENTED_EDGE('',*,*,#3149,.T.);
#9312 = ORIENTED_EDGE('',*,*,#9292,.T.);
#9313 = ADVANCED_FACE('',(#9314),#373,.F.);
#9314 = FACE_BOUND('',#9315,.F.);
#9315 = EDGE_LOOP('',(#9316,#9317,#9337,#9338));
#9316 = ORIENTED_EDGE('',*,*,#1245,.T.);
#9317 = ORIENTED_EDGE('',*,*,#9318,.T.);
#9318 = EDGE_CURVE('',#1246,#357,#9319,.T.);
#9319 = SEAM_CURVE('',#9320,(#9323,#9330),.PCURVE_S1.);
#9320 = B_SPLINE_CURVE_WITH_KNOTS('',1,(#9321,#9322),.UNSPECIFIED.,.F.,
  .F.,(2,2),(92.456068539998,97.258232364232),.PIECEWISE_BEZIER_KNOTS.);
#9321 = CARTESIAN_POINT('',(-5.,44.146688047143,48.886209038249));
#9322 = CARTESIAN_POINT('',(-5.,39.34525561572,48.970018353088));
#9323 = PCURVE('',#373,#9324);
#9324 = DEFINITIONAL_REPRESENTATION('',(#9325),#9329);
#9325 = LINE('',#9326,#9327);
#9326 = CARTESIAN_POINT('',(9.424777960769,0.));
#9327 = VECTOR('',#9328,1.);
#9328 = DIRECTION('',(0.,1.));
#9329 = ( GEOMETRIC_REPRESENTATION_CONTEXT(2) 
PARAMETRIC_REPRESENTATION_CONTEXT() REPRESENTATION_CONTEXT('2D SPACE',''
  ) );
#9330 = PCURVE('',#373,#9331);
#9331 = DEFINITIONAL_REPRESENTATION('',(#9332),#9336);
#9332 = LINE('',#9333,#9334);
#9333 = CARTESIAN_POINT('',(3.14159265359,0.));
#9334 = VECTOR('',#9335,1.);
#9335 = DIRECTION('',(0.,1.));
#9336 = ( GEOMETRIC_REPRESENTATION_CONTEXT(2) 
PARAMETRIC_REPRESENTATION_CONTEXT() REPRESENTATION_CONTEXT('2D SPACE',''
  ) );
#9337 = ORIENTED_EDGE('',*,*,#356,.T.);
#9338 = ORIENTED_EDGE('',*,*,#9318,.F.);
#9339 = ADVANCED_FACE('',(#9340),#3135,.F.);
#9340 = FACE_BOUND('',#9341,.F.);
#9341 = EDGE_LOOP('',(#9342,#9343,#9363,#9364));
#9342 = ORIENTED_EDGE('',*,*,#3599,.F.);
#9343 = ORIENTED_EDGE('',*,*,#9344,.T.);
#9344 = EDGE_CURVE('',#3600,#3119,#9345,.T.);
#9345 = SEAM_CURVE('',#9346,(#9349,#9356),.PCURVE_S1.);
#9346 = B_SPLINE_CURVE_WITH_KNOTS('',1,(#9347,#9348),.UNSPECIFIED.,.F.,
  .F.,(2,2),(172.73752017388,177.53675864966),.PIECEWISE_BEZIER_KNOTS.);
#9347 = CARTESIAN_POINT('',(-46.69725561427,-44.16342609368,
    47.927286994285));
#9348 = CARTESIAN_POINT('',(-46.69725561427,-39.36491856516,
    47.843528733817));
#9349 = PCURVE('',#3135,#9350);
#9350 = DEFINITIONAL_REPRESENTATION('',(#9351),#9355);
#9351 = LINE('',#9352,#9353);
#9352 = CARTESIAN_POINT('',(9.424777960769,0.));
#9353 = VECTOR('',#9354,1.);
#9354 = DIRECTION('',(0.,1.));
#9355 = ( GEOMETRIC_REPRESENTATION_CONTEXT(2) 
PARAMETRIC_REPRESENTATION_CONTEXT() REPRESENTATION_CONTEXT('2D SPACE',''
  ) );
#9356 = PCURVE('',#3135,#9357);
#9357 = DEFINITIONAL_REPRESENTATION('',(#9358),#9362);
#9358 = LINE('',#9359,#9360);
#9359 = CARTESIAN_POINT('',(3.14159265359,0.));
#9360 = VECTOR('',#9361,1.);
#9361 = DIRECTION('',(0.,1.));
#9362 = ( GEOMETRIC_REPRESENTATION_CONTEXT(2) 
PARAMETRIC_REPRESENTATION_CONTEXT() REPRESENTATION_CONTEXT('2D SPACE',''
  ) );
#9363 = ORIENTED_EDGE('',*,*,#3118,.T.);
#9364 = ORIENTED_EDGE('',*,*,#9344,.F.);
#9365 = ADVANCED_FACE('',(#9366),#3104,.F.);
#9366 = FACE_BOUND('',#9367,.F.);
#9367 = EDGE_LOOP('',(#9368,#9369,#9389,#9390));
#9368 = ORIENTED_EDGE('',*,*,#3573,.F.);
#9369 = ORIENTED_EDGE('',*,*,#9370,.T.);
#9370 = EDGE_CURVE('',#3574,#3088,#9371,.T.);
#9371 = SEAM_CURVE('',#9372,(#9375,#9382),.PCURVE_S1.);
#9372 = B_SPLINE_CURVE_WITH_KNOTS('',1,(#9373,#9374),.UNSPECIFIED.,.F.,
  .F.,(2,2),(172.73752017388,177.53675864966),.PIECEWISE_BEZIER_KNOTS.);
#9373 = CARTESIAN_POINT('',(46.697255614274,-44.16342609368,
    47.927286994285));
#9374 = CARTESIAN_POINT('',(46.697255614274,-39.36491856516,
    47.843528733817));
#9375 = PCURVE('',#3104,#9376);
#9376 = DEFINITIONAL_REPRESENTATION('',(#9377),#9381);
#9377 = LINE('',#9378,#9379);
#9378 = CARTESIAN_POINT('',(9.424777960769,0.));
#9379 = VECTOR('',#9380,1.);
#9380 = DIRECTION('',(0.,1.));
#9381 = ( GEOMETRIC_REPRESENTATION_CONTEXT(2) 
PARAMETRIC_REPRESENTATION_CONTEXT() REPRESENTATION_CONTEXT('2D SPACE',''
  ) );
#9382 = PCURVE('',#3104,#9383);
#9383 = DEFINITIONAL_REPRESENTATION('',(#9384),#9388);
#9384 = LINE('',#9385,#9386);
#9385 = CARTESIAN_POINT('',(3.14159265359,0.));
#9386 = VECTOR('',#9387,1.);
#9387 = DIRECTION('',(0.,1.));
#9388 = ( GEOMETRIC_REPRESENTATION_CONTEXT(2) 
PARAMETRIC_REPRESENTATION_CONTEXT() REPRESENTATION_CONTEXT('2D SPACE',''
  ) );
#9389 = ORIENTED_EDGE('',*,*,#3087,.T.);
#9390 = ORIENTED_EDGE('',*,*,#9370,.F.);
#9391 = ADVANCED_FACE('',(#9392),#3073,.F.);
#9392 = FACE_BOUND('',#9393,.F.);
#9393 = EDGE_LOOP('',(#9394,#9395,#9415,#9416));
#9394 = ORIENTED_EDGE('',*,*,#3547,.F.);
#9395 = ORIENTED_EDGE('',*,*,#9396,.T.);
#9396 = EDGE_CURVE('',#3548,#3057,#9397,.T.);
#9397 = SEAM_CURVE('',#9398,(#9401,#9408),.PCURVE_S1.);
#9398 = B_SPLINE_CURVE_WITH_KNOTS('',1,(#9399,#9400),.UNSPECIFIED.,.F.,
  .F.,(2,2),(172.73752017388,177.53675864966),.PIECEWISE_BEZIER_KNOTS.);
#9399 = CARTESIAN_POINT('',(47.367923127272,-44.83409360667,
    9.504770907651));
#9400 = CARTESIAN_POINT('',(47.367923127272,-40.03558607816,
    9.421012647182));
#9401 = PCURVE('',#3073,#9402);
#9402 = DEFINITIONAL_REPRESENTATION('',(#9403),#9407);
#9403 = LINE('',#9404,#9405);
#9404 = CARTESIAN_POINT('',(9.424777960769,0.));
#9405 = VECTOR('',#9406,1.);
#9406 = DIRECTION('',(0.,1.));
#9407 = ( GEOMETRIC_REPRESENTATION_CONTEXT(2) 
PARAMETRIC_REPRESENTATION_CONTEXT() REPRESENTATION_CONTEXT('2D SPACE',''
  ) );
#9408 = PCURVE('',#3073,#9409);
#9409 = DEFINITIONAL_REPRESENTATION('',(#9410),#9414);
#9410 = LINE('',#9411,#9412);
#9411 = CARTESIAN_POINT('',(3.14159265359,0.));
#9412 = VECTOR('',#9413,1.);
#9413 = DIRECTION('',(0.,1.));
#9414 = ( GEOMETRIC_REPRESENTATION_CONTEXT(2) 
PARAMETRIC_REPRESENTATION_CONTEXT() REPRESENTATION_CONTEXT('2D SPACE',''
  ) );
#9415 = ORIENTED_EDGE('',*,*,#3056,.T.);
#9416 = ORIENTED_EDGE('',*,*,#9396,.F.);
#9417 = ADVANCED_FACE('',(#9418),#3042,.F.);
#9418 = FACE_BOUND('',#9419,.F.);
#9419 = EDGE_LOOP('',(#9420,#9421,#9441,#9442));
#9420 = ORIENTED_EDGE('',*,*,#3521,.F.);
#9421 = ORIENTED_EDGE('',*,*,#9422,.T.);
#9422 = EDGE_CURVE('',#3522,#3026,#9423,.T.);
#9423 = SEAM_CURVE('',#9424,(#9427,#9434),.PCURVE_S1.);
#9424 = B_SPLINE_CURVE_WITH_KNOTS('',1,(#9425,#9426),.UNSPECIFIED.,.F.,
  .F.,(2,2),(172.73752017388,177.53675864966),.PIECEWISE_BEZIER_KNOTS.);
#9425 = CARTESIAN_POINT('',(-47.36792312727,-44.83409360667,
    9.504770907651));
#9426 = CARTESIAN_POINT('',(-47.36792312727,-40.03558607816,
    9.421012647182));
#9427 = PCURVE('',#3042,#9428);
#9428 = DEFINITIONAL_REPRESENTATION('',(#9429),#9433);
#9429 = LINE('',#9430,#9431);
#9430 = CARTESIAN_POINT('',(9.424777960769,0.));
#9431 = VECTOR('',#9432,1.);
#9432 = DIRECTION('',(0.,1.));
#9433 = ( GEOMETRIC_REPRESENTATION_CONTEXT(2) 
PARAMETRIC_REPRESENTATION_CONTEXT() REPRESENTATION_CONTEXT('2D SPACE',''
  ) );
#9434 = PCURVE('',#3042,#9435);
#9435 = DEFINITIONAL_REPRESENTATION('',(#9436),#9440);
#9436 = LINE('',#9437,#9438);
#9437 = CARTESIAN_POINT('',(3.14159265359,0.));
#9438 = VECTOR('',#9439,1.);
#9439 = DIRECTION('',(0.,1.));
#9440 = ( GEOMETRIC_REPRESENTATION_CONTEXT(2) 
PARAMETRIC_REPRESENTATION_CONTEXT() REPRESENTATION_CONTEXT('2D SPACE',''
  ) );
#9441 = ORIENTED_EDGE('',*,*,#3025,.T.);
#9442 = ORIENTED_EDGE('',*,*,#9422,.F.);
#9443 = ADVANCED_FACE('',(#9444),#511,.F.);
#9444 = FACE_BOUND('',#9445,.T.);
#9445 = EDGE_LOOP('',(#9446,#9467,#9468,#9489));
#9446 = ORIENTED_EDGE('',*,*,#9447,.F.);
#9447 = EDGE_CURVE('',#1365,#468,#9448,.T.);
#9448 = SURFACE_CURVE('',#9449,(#9453,#9460),.PCURVE_S1.);
#9449 = LINE('',#9450,#9451);
#9450 = CARTESIAN_POINT('',(24.,177.73675864966,26.8));
#9451 = VECTOR('',#9452,1.);
#9452 = DIRECTION('',(0.,-1.,0.));
#9453 = PCURVE('',#511,#9454);
#9454 = DEFINITIONAL_REPRESENTATION('',(#9455),#9459);
#9455 = LINE('',#9456,#9457);
#9456 = CARTESIAN_POINT('',(-6.,0.));
#9457 = VECTOR('',#9458,1.);
#9458 = DIRECTION('',(0.,-1.));
#9459 = ( GEOMETRIC_REPRESENTATION_CONTEXT(2) 
PARAMETRIC_REPRESENTATION_CONTEXT() REPRESENTATION_CONTEXT('2D SPACE',''
  ) );
#9460 = PCURVE('',#483,#9461);
#9461 = DEFINITIONAL_REPRESENTATION('',(#9462),#9466);
#9462 = LINE('',#9463,#9464);
#9463 = CARTESIAN_POINT('',(15.4,0.));
#9464 = VECTOR('',#9465,1.);
#9465 = DIRECTION('',(0.,-1.));
#9466 = ( GEOMETRIC_REPRESENTATION_CONTEXT(2) 
PARAMETRIC_REPRESENTATION_CONTEXT() REPRESENTATION_CONTEXT('2D SPACE',''
  ) );
#9467 = ORIENTED_EDGE('',*,*,#1364,.F.);
#9468 = ORIENTED_EDGE('',*,*,#9469,.T.);
#9469 = EDGE_CURVE('',#1342,#496,#9470,.T.);
#9470 = SURFACE_CURVE('',#9471,(#9475,#9482),.PCURVE_S1.);
#9471 = LINE('',#9472,#9473);
#9472 = CARTESIAN_POINT('',(36.,177.73675864966,26.8));
#9473 = VECTOR('',#9474,1.);
#9474 = DIRECTION('',(0.,-1.,0.));
#9475 = PCURVE('',#511,#9476);
#9476 = DEFINITIONAL_REPRESENTATION('',(#9477),#9481);
#9477 = LINE('',#9478,#9479);
#9478 = CARTESIAN_POINT('',(6.,0.));
#9479 = VECTOR('',#9480,1.);
#9480 = DIRECTION('',(0.,-1.));
#9481 = ( GEOMETRIC_REPRESENTATION_CONTEXT(2) 
PARAMETRIC_REPRESENTATION_CONTEXT() REPRESENTATION_CONTEXT('2D SPACE',''
  ) );
#9482 = PCURVE('',#539,#9483);
#9483 = DEFINITIONAL_REPRESENTATION('',(#9484),#9488);
#9484 = LINE('',#9485,#9486);
#9485 = CARTESIAN_POINT('',(15.4,0.));
#9486 = VECTOR('',#9487,1.);
#9487 = DIRECTION('',(0.,-1.));
#9488 = ( GEOMETRIC_REPRESENTATION_CONTEXT(2) 
PARAMETRIC_REPRESENTATION_CONTEXT() REPRESENTATION_CONTEXT('2D SPACE',''
  ) );
#9489 = ORIENTED_EDGE('',*,*,#495,.F.);
#9490 = ADVANCED_FACE('',(#9491),#539,.T.);
#9491 = FACE_BOUND('',#9492,.T.);
#9492 = EDGE_LOOP('',(#9493,#9514,#9515,#9516));
#9493 = ORIENTED_EDGE('',*,*,#9494,.F.);
#9494 = EDGE_CURVE('',#524,#1319,#9495,.T.);
#9495 = SURFACE_CURVE('',#9496,(#9500,#9507),.PCURVE_S1.);
#9496 = LINE('',#9497,#9498);
#9497 = CARTESIAN_POINT('',(36.,177.73675864966,8.6));
#9498 = VECTOR('',#9499,1.);
#9499 = DIRECTION('',(0.,1.,0.));
#9500 = PCURVE('',#539,#9501);
#9501 = DEFINITIONAL_REPRESENTATION('',(#9502),#9506);
#9502 = LINE('',#9503,#9504);
#9503 = CARTESIAN_POINT('',(-2.8,0.));
#9504 = VECTOR('',#9505,1.);
#9505 = DIRECTION('',(0.,1.));
#9506 = ( GEOMETRIC_REPRESENTATION_CONTEXT(2) 
PARAMETRIC_REPRESENTATION_CONTEXT() REPRESENTATION_CONTEXT('2D SPACE',''
  ) );
#9507 = PCURVE('',#567,#9508);
#9508 = DEFINITIONAL_REPRESENTATION('',(#9509),#9513);
#9509 = LINE('',#9510,#9511);
#9510 = CARTESIAN_POINT('',(18.5,-6.238649958194));
#9511 = VECTOR('',#9512,1.);
#9512 = DIRECTION('',(0.,1.));
#9513 = ( GEOMETRIC_REPRESENTATION_CONTEXT(2) 
PARAMETRIC_REPRESENTATION_CONTEXT() REPRESENTATION_CONTEXT('2D SPACE',''
  ) );
#9514 = ORIENTED_EDGE('',*,*,#523,.T.);
#9515 = ORIENTED_EDGE('',*,*,#9469,.F.);
#9516 = ORIENTED_EDGE('',*,*,#1341,.T.);
#9517 = ADVANCED_FACE('',(#9518),#483,.F.);
#9518 = FACE_BOUND('',#9519,.T.);
#9519 = EDGE_LOOP('',(#9520,#9521,#9542,#9543));
#9520 = ORIENTED_EDGE('',*,*,#467,.F.);
#9521 = ORIENTED_EDGE('',*,*,#9522,.T.);
#9522 = EDGE_CURVE('',#440,#1388,#9523,.T.);
#9523 = SURFACE_CURVE('',#9524,(#9528,#9535),.PCURVE_S1.);
#9524 = LINE('',#9525,#9526);
#9525 = CARTESIAN_POINT('',(24.,177.73675864966,8.6));
#9526 = VECTOR('',#9527,1.);
#9527 = DIRECTION('',(0.,1.,0.));
#9528 = PCURVE('',#483,#9529);
#9529 = DEFINITIONAL_REPRESENTATION('',(#9530),#9534);
#9530 = LINE('',#9531,#9532);
#9531 = CARTESIAN_POINT('',(-2.8,0.));
#9532 = VECTOR('',#9533,1.);
#9533 = DIRECTION('',(0.,1.));
#9534 = ( GEOMETRIC_REPRESENTATION_CONTEXT(2) 
PARAMETRIC_REPRESENTATION_CONTEXT() REPRESENTATION_CONTEXT('2D SPACE',''
  ) );
#9535 = PCURVE('',#455,#9536);
#9536 = DEFINITIONAL_REPRESENTATION('',(#9537),#9541);
#9537 = LINE('',#9538,#9539);
#9538 = CARTESIAN_POINT('',(6.5,-6.238649958194));
#9539 = VECTOR('',#9540,1.);
#9540 = DIRECTION('',(0.,1.));
#9541 = ( GEOMETRIC_REPRESENTATION_CONTEXT(2) 
PARAMETRIC_REPRESENTATION_CONTEXT() REPRESENTATION_CONTEXT('2D SPACE',''
  ) );
#9542 = ORIENTED_EDGE('',*,*,#1387,.F.);
#9543 = ORIENTED_EDGE('',*,*,#9447,.T.);
#9544 = ADVANCED_FACE('',(#9545),#1069,.F.);
#9545 = FACE_BOUND('',#9546,.T.);
#9546 = EDGE_LOOP('',(#9547,#9568,#9569,#9590));
#9547 = ORIENTED_EDGE('',*,*,#9548,.F.);
#9548 = EDGE_CURVE('',#1457,#1028,#9549,.T.);
#9549 = SURFACE_CURVE('',#9550,(#9554,#9561),.PCURVE_S1.);
#9550 = LINE('',#9551,#9552);
#9551 = CARTESIAN_POINT('',(-1.,177.73675864966,26.8));
#9552 = VECTOR('',#9553,1.);
#9553 = DIRECTION('',(0.,-1.,0.));
#9554 = PCURVE('',#1069,#9555);
#9555 = DEFINITIONAL_REPRESENTATION('',(#9556),#9560);
#9556 = LINE('',#9557,#9558);
#9557 = CARTESIAN_POINT('',(-6.,0.));
#9558 = VECTOR('',#9559,1.);
#9559 = DIRECTION('',(0.,-1.));
#9560 = ( GEOMETRIC_REPRESENTATION_CONTEXT(2) 
PARAMETRIC_REPRESENTATION_CONTEXT() REPRESENTATION_CONTEXT('2D SPACE',''
  ) );
#9561 = PCURVE('',#1043,#9562);
#9562 = DEFINITIONAL_REPRESENTATION('',(#9563),#9567);
#9563 = LINE('',#9564,#9565);
#9564 = CARTESIAN_POINT('',(-15.4,0.));
#9565 = VECTOR('',#9566,1.);
#9566 = DIRECTION('',(0.,-1.));
#9567 = ( GEOMETRIC_REPRESENTATION_CONTEXT(2) 
PARAMETRIC_REPRESENTATION_CONTEXT() REPRESENTATION_CONTEXT('2D SPACE',''
  ) );
#9568 = ORIENTED_EDGE('',*,*,#1456,.F.);
#9569 = ORIENTED_EDGE('',*,*,#9570,.T.);
#9570 = EDGE_CURVE('',#1434,#410,#9571,.T.);
#9571 = SURFACE_CURVE('',#9572,(#9576,#9583),.PCURVE_S1.);
#9572 = LINE('',#9573,#9574);
#9573 = CARTESIAN_POINT('',(11.,177.73675864966,26.8));
#9574 = VECTOR('',#9575,1.);
#9575 = DIRECTION('',(0.,-1.,0.));
#9576 = PCURVE('',#1069,#9577);
#9577 = DEFINITIONAL_REPRESENTATION('',(#9578),#9582);
#9578 = LINE('',#9579,#9580);
#9579 = CARTESIAN_POINT('',(6.,0.));
#9580 = VECTOR('',#9581,1.);
#9581 = DIRECTION('',(0.,-1.));
#9582 = ( GEOMETRIC_REPRESENTATION_CONTEXT(2) 
PARAMETRIC_REPRESENTATION_CONTEXT() REPRESENTATION_CONTEXT('2D SPACE',''
  ) );
#9583 = PCURVE('',#427,#9584);
#9584 = DEFINITIONAL_REPRESENTATION('',(#9585),#9589);
#9585 = LINE('',#9586,#9587);
#9586 = CARTESIAN_POINT('',(-15.4,0.));
#9587 = VECTOR('',#9588,1.);
#9588 = DIRECTION('',(0.,-1.));
#9589 = ( GEOMETRIC_REPRESENTATION_CONTEXT(2) 
PARAMETRIC_REPRESENTATION_CONTEXT() REPRESENTATION_CONTEXT('2D SPACE',''
  ) );
#9590 = ORIENTED_EDGE('',*,*,#1055,.F.);
#9591 = ADVANCED_FACE('',(#9592),#427,.F.);
#9592 = FACE_BOUND('',#9593,.T.);
#9593 = EDGE_LOOP('',(#9594,#9595,#9616,#9617));
#9594 = ORIENTED_EDGE('',*,*,#1433,.F.);
#9595 = ORIENTED_EDGE('',*,*,#9596,.T.);
#9596 = EDGE_CURVE('',#1411,#412,#9597,.T.);
#9597 = SURFACE_CURVE('',#9598,(#9602,#9609),.PCURVE_S1.);
#9598 = LINE('',#9599,#9600);
#9599 = CARTESIAN_POINT('',(11.,177.73675864966,8.6));
#9600 = VECTOR('',#9601,1.);
#9601 = DIRECTION('',(0.,-1.,0.));
#9602 = PCURVE('',#427,#9603);
#9603 = DEFINITIONAL_REPRESENTATION('',(#9604),#9608);
#9604 = LINE('',#9605,#9606);
#9605 = CARTESIAN_POINT('',(2.8,0.));
#9606 = VECTOR('',#9607,1.);
#9607 = DIRECTION('',(0.,-1.));
#9608 = ( GEOMETRIC_REPRESENTATION_CONTEXT(2) 
PARAMETRIC_REPRESENTATION_CONTEXT() REPRESENTATION_CONTEXT('2D SPACE',''
  ) );
#9609 = PCURVE('',#455,#9610);
#9610 = DEFINITIONAL_REPRESENTATION('',(#9611),#9615);
#9611 = LINE('',#9612,#9613);
#9612 = CARTESIAN_POINT('',(-6.5,-6.238649958194));
#9613 = VECTOR('',#9614,1.);
#9614 = DIRECTION('',(0.,-1.));
#9615 = ( GEOMETRIC_REPRESENTATION_CONTEXT(2) 
PARAMETRIC_REPRESENTATION_CONTEXT() REPRESENTATION_CONTEXT('2D SPACE',''
  ) );
#9616 = ORIENTED_EDGE('',*,*,#409,.F.);
#9617 = ORIENTED_EDGE('',*,*,#9570,.F.);
#9618 = ADVANCED_FACE('',(#9619),#1043,.T.);
#9619 = FACE_BOUND('',#9620,.T.);
#9620 = EDGE_LOOP('',(#9621,#9642,#9643,#9644));
#9621 = ORIENTED_EDGE('',*,*,#9622,.F.);
#9622 = EDGE_CURVE('',#1480,#1000,#9623,.T.);
#9623 = SURFACE_CURVE('',#9624,(#9628,#9635),.PCURVE_S1.);
#9624 = LINE('',#9625,#9626);
#9625 = CARTESIAN_POINT('',(-1.,177.73675864966,8.6));
#9626 = VECTOR('',#9627,1.);
#9627 = DIRECTION('',(0.,-1.,0.));
#9628 = PCURVE('',#1043,#9629);
#9629 = DEFINITIONAL_REPRESENTATION('',(#9630),#9634);
#9630 = LINE('',#9631,#9632);
#9631 = CARTESIAN_POINT('',(2.8,0.));
#9632 = VECTOR('',#9633,1.);
#9633 = DIRECTION('',(0.,-1.));
#9634 = ( GEOMETRIC_REPRESENTATION_CONTEXT(2) 
PARAMETRIC_REPRESENTATION_CONTEXT() REPRESENTATION_CONTEXT('2D SPACE',''
  ) );
#9635 = PCURVE('',#1015,#9636);
#9636 = DEFINITIONAL_REPRESENTATION('',(#9637),#9641);
#9637 = LINE('',#9638,#9639);
#9638 = CARTESIAN_POINT('',(-18.5,-6.238649958194));
#9639 = VECTOR('',#9640,1.);
#9640 = DIRECTION('',(0.,-1.));
#9641 = ( GEOMETRIC_REPRESENTATION_CONTEXT(2) 
PARAMETRIC_REPRESENTATION_CONTEXT() REPRESENTATION_CONTEXT('2D SPACE',''
  ) );
#9642 = ORIENTED_EDGE('',*,*,#1479,.T.);
#9643 = ORIENTED_EDGE('',*,*,#9548,.T.);
#9644 = ORIENTED_EDGE('',*,*,#1027,.T.);
#9645 = ADVANCED_FACE('',(#9646),#320,.F.);
#9646 = FACE_BOUND('',#9647,.F.);
#9647 = EDGE_LOOP('',(#9648,#9649,#9669,#9670,#9671));
#9648 = ORIENTED_EDGE('',*,*,#1219,.T.);
#9649 = ORIENTED_EDGE('',*,*,#9650,.T.);
#9650 = EDGE_CURVE('',#1220,#304,#9651,.T.);
#9651 = SEAM_CURVE('',#9652,(#9655,#9662),.PCURVE_S1.);
#9652 = B_SPLINE_CURVE_WITH_KNOTS('',1,(#9653,#9654),.UNSPECIFIED.,.F.,
  .F.,(2,2),(170.33752017388,175.13675864966),.PIECEWISE_BEZIER_KNOTS.);
#9653 = CARTESIAN_POINT('',(-6.4224,44.457110194283,31.10213613923));
#9654 = CARTESIAN_POINT('',(-6.4224,39.658602665767,31.018377878761));
#9655 = PCURVE('',#320,#9656);
#9656 = DEFINITIONAL_REPRESENTATION('',(#9657),#9661);
#9657 = LINE('',#9658,#9659);
#9658 = CARTESIAN_POINT('',(6.28318530718,0.));
#9659 = VECTOR('',#9660,1.);
#9660 = DIRECTION('',(0.,1.));
#9661 = ( GEOMETRIC_REPRESENTATION_CONTEXT(2) 
PARAMETRIC_REPRESENTATION_CONTEXT() REPRESENTATION_CONTEXT('2D SPACE',''
  ) );
#9662 = PCURVE('',#320,#9663);
#9663 = DEFINITIONAL_REPRESENTATION('',(#9664),#9668);
#9664 = LINE('',#9665,#9666);
#9665 = CARTESIAN_POINT('',(0.,0.));
#9666 = VECTOR('',#9667,1.);
#9667 = DIRECTION('',(0.,1.));
#9668 = ( GEOMETRIC_REPRESENTATION_CONTEXT(2) 
PARAMETRIC_REPRESENTATION_CONTEXT() REPRESENTATION_CONTEXT('2D SPACE',''
  ) );
#9669 = ORIENTED_EDGE('',*,*,#332,.T.);
#9670 = ORIENTED_EDGE('',*,*,#301,.T.);
#9671 = ORIENTED_EDGE('',*,*,#9650,.F.);
#9672 = ADVANCED_FACE('',(#9673),#265,.F.);
#9673 = FACE_BOUND('',#9674,.F.);
#9674 = EDGE_LOOP('',(#9675,#9676,#9696,#9697,#9698));
#9675 = ORIENTED_EDGE('',*,*,#1193,.T.);
#9676 = ORIENTED_EDGE('',*,*,#9677,.T.);
#9677 = EDGE_CURVE('',#1194,#249,#9678,.T.);
#9678 = SEAM_CURVE('',#9679,(#9682,#9689),.PCURVE_S1.);
#9679 = B_SPLINE_CURVE_WITH_KNOTS('',1,(#9680,#9681),.UNSPECIFIED.,.F.,
  .F.,(2,2),(170.33752017388,175.13675864966),.PIECEWISE_BEZIER_KNOTS.);
#9680 = CARTESIAN_POINT('',(41.4224,44.457110194283,31.10213613923));
#9681 = CARTESIAN_POINT('',(41.4224,39.658602665767,31.018377878761));
#9682 = PCURVE('',#265,#9683);
#9683 = DEFINITIONAL_REPRESENTATION('',(#9684),#9688);
#9684 = LINE('',#9685,#9686);
#9685 = CARTESIAN_POINT('',(6.28318530718,0.));
#9686 = VECTOR('',#9687,1.);
#9687 = DIRECTION('',(0.,1.));
#9688 = ( GEOMETRIC_REPRESENTATION_CONTEXT(2) 
PARAMETRIC_REPRESENTATION_CONTEXT() REPRESENTATION_CONTEXT('2D SPACE',''
  ) );
#9689 = PCURVE('',#265,#9690);
#9690 = DEFINITIONAL_REPRESENTATION('',(#9691),#9695);
#9691 = LINE('',#9692,#9693);
#9692 = CARTESIAN_POINT('',(0.,0.));
#9693 = VECTOR('',#9694,1.);
#9694 = DIRECTION('',(0.,1.));
#9695 = ( GEOMETRIC_REPRESENTATION_CONTEXT(2) 
PARAMETRIC_REPRESENTATION_CONTEXT() REPRESENTATION_CONTEXT('2D SPACE',''
  ) );
#9696 = ORIENTED_EDGE('',*,*,#277,.T.);
#9697 = ORIENTED_EDGE('',*,*,#246,.T.);
#9698 = ORIENTED_EDGE('',*,*,#9677,.F.);
#9699 = ADVANCED_FACE('',(#9700),#210,.F.);
#9700 = FACE_BOUND('',#9701,.F.);
#9701 = EDGE_LOOP('',(#9702,#9703,#9723,#9724,#9725));
#9702 = ORIENTED_EDGE('',*,*,#1167,.T.);
#9703 = ORIENTED_EDGE('',*,*,#9704,.T.);
#9704 = EDGE_CURVE('',#1168,#194,#9705,.T.);
#9705 = SEAM_CURVE('',#9706,(#9709,#9716),.PCURVE_S1.);
#9706 = B_SPLINE_CURVE_WITH_KNOTS('',1,(#9707,#9708),.UNSPECIFIED.,.F.,
  .F.,(2,2),(176.57617013207,181.37540860785),.PIECEWISE_BEZIER_KNOTS.);
#9707 = CARTESIAN_POINT('',(45.,44.658685488634,19.553895260174));
#9708 = CARTESIAN_POINT('',(45.,39.860177960118,19.470136999705));
#9709 = PCURVE('',#210,#9710);
#9710 = DEFINITIONAL_REPRESENTATION('',(#9711),#9715);
#9711 = LINE('',#9712,#9713);
#9712 = CARTESIAN_POINT('',(6.28318530718,0.));
#9713 = VECTOR('',#9714,1.);
#9714 = DIRECTION('',(0.,1.));
#9715 = ( GEOMETRIC_REPRESENTATION_CONTEXT(2) 
PARAMETRIC_REPRESENTATION_CONTEXT() REPRESENTATION_CONTEXT('2D SPACE',''
  ) );
#9716 = PCURVE('',#210,#9717);
#9717 = DEFINITIONAL_REPRESENTATION('',(#9718),#9722);
#9718 = LINE('',#9719,#9720);
#9719 = CARTESIAN_POINT('',(0.,0.));
#9720 = VECTOR('',#9721,1.);
#9721 = DIRECTION('',(0.,1.));
#9722 = ( GEOMETRIC_REPRESENTATION_CONTEXT(2) 
PARAMETRIC_REPRESENTATION_CONTEXT() REPRESENTATION_CONTEXT('2D SPACE',''
  ) );
#9723 = ORIENTED_EDGE('',*,*,#222,.T.);
#9724 = ORIENTED_EDGE('',*,*,#191,.T.);
#9725 = ORIENTED_EDGE('',*,*,#9704,.F.);
#9726 = ADVANCED_FACE('',(#9727),#155,.F.);
#9727 = FACE_BOUND('',#9728,.F.);
#9728 = EDGE_LOOP('',(#9729,#9730,#9750,#9751,#9752));
#9729 = ORIENTED_EDGE('',*,*,#1141,.T.);
#9730 = ORIENTED_EDGE('',*,*,#9731,.T.);
#9731 = EDGE_CURVE('',#1142,#139,#9732,.T.);
#9732 = SEAM_CURVE('',#9733,(#9736,#9743),.PCURVE_S1.);
#9733 = B_SPLINE_CURVE_WITH_KNOTS('',1,(#9734,#9735),.UNSPECIFIED.,.F.,
  .F.,(2,2),(176.57617013207,181.37540860785),.PIECEWISE_BEZIER_KNOTS.);
#9734 = CARTESIAN_POINT('',(-10.,44.658685488634,19.553895260174));
#9735 = CARTESIAN_POINT('',(-10.,39.860177960118,19.470136999705));
#9736 = PCURVE('',#155,#9737);
#9737 = DEFINITIONAL_REPRESENTATION('',(#9738),#9742);
#9738 = LINE('',#9739,#9740);
#9739 = CARTESIAN_POINT('',(6.28318530718,0.));
#9740 = VECTOR('',#9741,1.);
#9741 = DIRECTION('',(0.,1.));
#9742 = ( GEOMETRIC_REPRESENTATION_CONTEXT(2) 
PARAMETRIC_REPRESENTATION_CONTEXT() REPRESENTATION_CONTEXT('2D SPACE',''
  ) );
#9743 = PCURVE('',#155,#9744);
#9744 = DEFINITIONAL_REPRESENTATION('',(#9745),#9749);
#9745 = LINE('',#9746,#9747);
#9746 = CARTESIAN_POINT('',(0.,0.));
#9747 = VECTOR('',#9748,1.);
#9748 = DIRECTION('',(0.,1.));
#9749 = ( GEOMETRIC_REPRESENTATION_CONTEXT(2) 
PARAMETRIC_REPRESENTATION_CONTEXT() REPRESENTATION_CONTEXT('2D SPACE',''
  ) );
#9750 = ORIENTED_EDGE('',*,*,#167,.T.);
#9751 = ORIENTED_EDGE('',*,*,#136,.T.);
#9752 = ORIENTED_EDGE('',*,*,#9731,.F.);
#9753 = ADVANCED_FACE('',(#9754),#1015,.F.);
#9754 = FACE_BOUND('',#9755,.T.);
#9755 = EDGE_LOOP('',(#9756,#9777,#9778,#9779));
#9756 = ORIENTED_EDGE('',*,*,#9757,.F.);
#9757 = EDGE_CURVE('',#1503,#972,#9758,.T.);
#9758 = SURFACE_CURVE('',#9759,(#9763,#9770),.PCURVE_S1.);
#9759 = LINE('',#9760,#9761);
#9760 = CARTESIAN_POINT('',(-5.,183.97540860785,8.6));
#9761 = VECTOR('',#9762,1.);
#9762 = DIRECTION('',(0.,-1.,0.));
#9763 = PCURVE('',#1015,#9764);
#9764 = DEFINITIONAL_REPRESENTATION('',(#9765),#9769);
#9765 = LINE('',#9766,#9767);
#9766 = CARTESIAN_POINT('',(-22.5,0.));
#9767 = VECTOR('',#9768,1.);
#9768 = DIRECTION('',(0.,-1.));
#9769 = ( GEOMETRIC_REPRESENTATION_CONTEXT(2) 
PARAMETRIC_REPRESENTATION_CONTEXT() REPRESENTATION_CONTEXT('2D SPACE',''
  ) );
#9770 = PCURVE('',#987,#9771);
#9771 = DEFINITIONAL_REPRESENTATION('',(#9772),#9776);
#9772 = LINE('',#9773,#9774);
#9773 = CARTESIAN_POINT('',(6.3,0.));
#9774 = VECTOR('',#9775,1.);
#9775 = DIRECTION('',(0.,-1.));
#9776 = ( GEOMETRIC_REPRESENTATION_CONTEXT(2) 
PARAMETRIC_REPRESENTATION_CONTEXT() REPRESENTATION_CONTEXT('2D SPACE',''
  ) );
#9777 = ORIENTED_EDGE('',*,*,#1502,.F.);
#9778 = ORIENTED_EDGE('',*,*,#9622,.T.);
#9779 = ORIENTED_EDGE('',*,*,#999,.F.);
#9780 = ADVANCED_FACE('',(#9781),#987,.F.);
#9781 = FACE_BOUND('',#9782,.T.);
#9782 = EDGE_LOOP('',(#9783,#9784,#9785,#9786));
#9783 = ORIENTED_EDGE('',*,*,#2188,.F.);
#9784 = ORIENTED_EDGE('',*,*,#1525,.F.);
#9785 = ORIENTED_EDGE('',*,*,#9757,.T.);
#9786 = ORIENTED_EDGE('',*,*,#971,.F.);
#9787 = ADVANCED_FACE('',(#9788),#455,.F.);
#9788 = FACE_BOUND('',#9789,.T.);
#9789 = EDGE_LOOP('',(#9790,#9791,#9792,#9793));
#9790 = ORIENTED_EDGE('',*,*,#439,.F.);
#9791 = ORIENTED_EDGE('',*,*,#9596,.F.);
#9792 = ORIENTED_EDGE('',*,*,#1410,.F.);
#9793 = ORIENTED_EDGE('',*,*,#9522,.F.);
#9794 = ADVANCED_FACE('',(#9795),#595,.T.);
#9795 = FACE_BOUND('',#9796,.T.);
#9796 = EDGE_LOOP('',(#9797,#9798,#9819,#9820));
#9797 = ORIENTED_EDGE('',*,*,#579,.T.);
#9798 = ORIENTED_EDGE('',*,*,#9799,.F.);
#9799 = EDGE_CURVE('',#1294,#552,#9800,.T.);
#9800 = SURFACE_CURVE('',#9801,(#9805,#9812),.PCURVE_S1.);
#9801 = LINE('',#9802,#9803);
#9802 = CARTESIAN_POINT('',(40.,183.97540860785,8.6));
#9803 = VECTOR('',#9804,1.);
#9804 = DIRECTION('',(0.,-1.,0.));
#9805 = PCURVE('',#595,#9806);
#9806 = DEFINITIONAL_REPRESENTATION('',(#9807),#9811);
#9807 = LINE('',#9808,#9809);
#9808 = CARTESIAN_POINT('',(6.3,0.));
#9809 = VECTOR('',#9810,1.);
#9810 = DIRECTION('',(0.,-1.));
#9811 = ( GEOMETRIC_REPRESENTATION_CONTEXT(2) 
PARAMETRIC_REPRESENTATION_CONTEXT() REPRESENTATION_CONTEXT('2D SPACE',''
  ) );
#9812 = PCURVE('',#567,#9813);
#9813 = DEFINITIONAL_REPRESENTATION('',(#9814),#9818);
#9814 = LINE('',#9815,#9816);
#9815 = CARTESIAN_POINT('',(22.5,0.));
#9816 = VECTOR('',#9817,1.);
#9817 = DIRECTION('',(0.,-1.));
#9818 = ( GEOMETRIC_REPRESENTATION_CONTEXT(2) 
PARAMETRIC_REPRESENTATION_CONTEXT() REPRESENTATION_CONTEXT('2D SPACE',''
  ) );
#9819 = ORIENTED_EDGE('',*,*,#1293,.T.);
#9820 = ORIENTED_EDGE('',*,*,#1863,.T.);
#9821 = ADVANCED_FACE('',(#9822),#567,.F.);
#9822 = FACE_BOUND('',#9823,.T.);
#9823 = EDGE_LOOP('',(#9824,#9825,#9826,#9827));
#9824 = ORIENTED_EDGE('',*,*,#9494,.T.);
#9825 = ORIENTED_EDGE('',*,*,#1318,.F.);
#9826 = ORIENTED_EDGE('',*,*,#9799,.T.);
#9827 = ORIENTED_EDGE('',*,*,#551,.F.);
#9828 = ADVANCED_FACE('',(#9829),#4128,.F.);
#9829 = FACE_BOUND('',#9830,.F.);
#9830 = EDGE_LOOP('',(#9831,#9832,#9852,#9853));
#9831 = ORIENTED_EDGE('',*,*,#4468,.F.);
#9832 = ORIENTED_EDGE('',*,*,#9833,.T.);
#9833 = EDGE_CURVE('',#4469,#4112,#9834,.T.);
#9834 = SEAM_CURVE('',#9835,(#9838,#9845),.PCURVE_S1.);
#9835 = B_SPLINE_CURVE_WITH_KNOTS('',1,(#9836,#9837),.UNSPECIFIED.,.F.,
  .F.,(2,2),(166.57617013207,171.37540860785),.PIECEWISE_BEZIER_KNOTS.);
#9836 = CARTESIAN_POINT('',(-64.10563715585,2.308235192882E-15,
    51.238013025268));
#9837 = CARTESIAN_POINT('',(-59.30712962733,2.313363907161E-15,
    51.154254764799));
#9838 = PCURVE('',#4128,#9839);
#9839 = DEFINITIONAL_REPRESENTATION('',(#9840),#9844);
#9840 = LINE('',#9841,#9842);
#9841 = CARTESIAN_POINT('',(9.424777960769,0.));
#9842 = VECTOR('',#9843,1.);
#9843 = DIRECTION('',(0.,1.));
#9844 = ( GEOMETRIC_REPRESENTATION_CONTEXT(2) 
PARAMETRIC_REPRESENTATION_CONTEXT() REPRESENTATION_CONTEXT('2D SPACE',''
  ) );
#9845 = PCURVE('',#4128,#9846);
#9846 = DEFINITIONAL_REPRESENTATION('',(#9847),#9851);
#9847 = LINE('',#9848,#9849);
#9848 = CARTESIAN_POINT('',(3.14159265359,0.));
#9849 = VECTOR('',#9850,1.);
#9850 = DIRECTION('',(0.,1.));
#9851 = ( GEOMETRIC_REPRESENTATION_CONTEXT(2) 
PARAMETRIC_REPRESENTATION_CONTEXT() REPRESENTATION_CONTEXT('2D SPACE',''
  ) );
#9852 = ORIENTED_EDGE('',*,*,#4111,.T.);
#9853 = ORIENTED_EDGE('',*,*,#9833,.F.);
#9854 = ADVANCED_FACE('',(#9855),#4097,.F.);
#9855 = FACE_BOUND('',#9856,.F.);
#9856 = EDGE_LOOP('',(#9857,#9858,#9878,#9879));
#9857 = ORIENTED_EDGE('',*,*,#4442,.F.);
#9858 = ORIENTED_EDGE('',*,*,#9859,.T.);
#9859 = EDGE_CURVE('',#4443,#4081,#9860,.T.);
#9860 = SEAM_CURVE('',#9861,(#9864,#9871),.PCURVE_S1.);
#9861 = B_SPLINE_CURVE_WITH_KNOTS('',1,(#9862,#9863),.UNSPECIFIED.,.F.,
  .F.,(2,2),(176.57617013207,181.37540860785),.PIECEWISE_BEZIER_KNOTS.);
#9862 = CARTESIAN_POINT('',(-64.13617886711,16.,49.488279558744));
#9863 = CARTESIAN_POINT('',(-59.3376713386,16.,49.404521298275));
#9864 = PCURVE('',#4097,#9865);
#9865 = DEFINITIONAL_REPRESENTATION('',(#9866),#9870);
#9866 = LINE('',#9867,#9868);
#9867 = CARTESIAN_POINT('',(9.424777960769,0.));
#9868 = VECTOR('',#9869,1.);
#9869 = DIRECTION('',(0.,1.));
#9870 = ( GEOMETRIC_REPRESENTATION_CONTEXT(2) 
PARAMETRIC_REPRESENTATION_CONTEXT() REPRESENTATION_CONTEXT('2D SPACE',''
  ) );
#9871 = PCURVE('',#4097,#9872);
#9872 = DEFINITIONAL_REPRESENTATION('',(#9873),#9877);
#9873 = LINE('',#9874,#9875);
#9874 = CARTESIAN_POINT('',(3.14159265359,0.));
#9875 = VECTOR('',#9876,1.);
#9876 = DIRECTION('',(0.,1.));
#9877 = ( GEOMETRIC_REPRESENTATION_CONTEXT(2) 
PARAMETRIC_REPRESENTATION_CONTEXT() REPRESENTATION_CONTEXT('2D SPACE',''
  ) );
#9878 = ORIENTED_EDGE('',*,*,#4080,.T.);
#9879 = ORIENTED_EDGE('',*,*,#9859,.F.);
#9880 = ADVANCED_FACE('',(#9881),#4066,.F.);
#9881 = FACE_BOUND('',#9882,.F.);
#9882 = EDGE_LOOP('',(#9883,#9884,#9904,#9905));
#9883 = ORIENTED_EDGE('',*,*,#4416,.F.);
#9884 = ORIENTED_EDGE('',*,*,#9885,.T.);
#9885 = EDGE_CURVE('',#4417,#4050,#9886,.T.);
#9886 = SEAM_CURVE('',#9887,(#9890,#9897),.PCURVE_S1.);
#9887 = B_SPLINE_CURVE_WITH_KNOTS('',1,(#9888,#9889),.UNSPECIFIED.,.F.,
  .F.,(2,2),(176.57617013207,181.37540860785),.PIECEWISE_BEZIER_KNOTS.);
#9888 = CARTESIAN_POINT('',(-64.69465587311,-16.,17.49315331374));
#9889 = CARTESIAN_POINT('',(-59.89614834459,-16.,17.409395053271));
#9890 = PCURVE('',#4066,#9891);
#9891 = DEFINITIONAL_REPRESENTATION('',(#9892),#9896);
#9892 = LINE('',#9893,#9894);
#9893 = CARTESIAN_POINT('',(9.424777960769,0.));
#9894 = VECTOR('',#9895,1.);
#9895 = DIRECTION('',(0.,1.));
#9896 = ( GEOMETRIC_REPRESENTATION_CONTEXT(2) 
PARAMETRIC_REPRESENTATION_CONTEXT() REPRESENTATION_CONTEXT('2D SPACE',''
  ) );
#9897 = PCURVE('',#4066,#9898);
#9898 = DEFINITIONAL_REPRESENTATION('',(#9899),#9903);
#9899 = LINE('',#9900,#9901);
#9900 = CARTESIAN_POINT('',(3.14159265359,0.));
#9901 = VECTOR('',#9902,1.);
#9902 = DIRECTION('',(0.,1.));
#9903 = ( GEOMETRIC_REPRESENTATION_CONTEXT(2) 
PARAMETRIC_REPRESENTATION_CONTEXT() REPRESENTATION_CONTEXT('2D SPACE',''
  ) );
#9904 = ORIENTED_EDGE('',*,*,#4049,.T.);
#9905 = ORIENTED_EDGE('',*,*,#9885,.F.);
#9906 = ADVANCED_FACE('',(#9907),#4035,.F.);
#9907 = FACE_BOUND('',#9908,.F.);
#9908 = EDGE_LOOP('',(#9909,#9910,#9930,#9931));
#9909 = ORIENTED_EDGE('',*,*,#4390,.F.);
#9910 = ORIENTED_EDGE('',*,*,#9911,.T.);
#9911 = EDGE_CURVE('',#4391,#4019,#9912,.T.);
#9912 = SEAM_CURVE('',#9913,(#9916,#9923),.PCURVE_S1.);
#9913 = B_SPLINE_CURVE_WITH_KNOTS('',1,(#9914,#9915),.UNSPECIFIED.,.F.,
  .F.,(2,2),(176.57617013207,181.37540860785),.PIECEWISE_BEZIER_KNOTS.);
#9914 = CARTESIAN_POINT('',(-64.69465587311,16.,17.49315331374));
#9915 = CARTESIAN_POINT('',(-59.89614834459,16.,17.409395053271));
#9916 = PCURVE('',#4035,#9917);
#9917 = DEFINITIONAL_REPRESENTATION('',(#9918),#9922);
#9918 = LINE('',#9919,#9920);
#9919 = CARTESIAN_POINT('',(9.424777960769,0.));
#9920 = VECTOR('',#9921,1.);
#9921 = DIRECTION('',(0.,1.));
#9922 = ( GEOMETRIC_REPRESENTATION_CONTEXT(2) 
PARAMETRIC_REPRESENTATION_CONTEXT() REPRESENTATION_CONTEXT('2D SPACE',''
  ) );
#9923 = PCURVE('',#4035,#9924);
#9924 = DEFINITIONAL_REPRESENTATION('',(#9925),#9929);
#9925 = LINE('',#9926,#9927);
#9926 = CARTESIAN_POINT('',(3.14159265359,0.));
#9927 = VECTOR('',#9928,1.);
#9928 = DIRECTION('',(0.,1.));
#9929 = ( GEOMETRIC_REPRESENTATION_CONTEXT(2) 
PARAMETRIC_REPRESENTATION_CONTEXT() REPRESENTATION_CONTEXT('2D SPACE',''
  ) );
#9930 = ORIENTED_EDGE('',*,*,#4018,.T.);
#9931 = ORIENTED_EDGE('',*,*,#9911,.F.);
#9932 = ADVANCED_FACE('',(#9933),#4004,.F.);
#9933 = FACE_BOUND('',#9934,.F.);
#9934 = EDGE_LOOP('',(#9935,#9936,#9956,#9957));
#9935 = ORIENTED_EDGE('',*,*,#4364,.F.);
#9936 = ORIENTED_EDGE('',*,*,#9937,.T.);
#9937 = EDGE_CURVE('',#4365,#3988,#9938,.T.);
#9938 = SEAM_CURVE('',#9939,(#9942,#9949),.PCURVE_S1.);
#9939 = B_SPLINE_CURVE_WITH_KNOTS('',1,(#9940,#9941),.UNSPECIFIED.,.F.,
  .F.,(2,2),(176.57617013207,181.37540860785),.PIECEWISE_BEZIER_KNOTS.);
#9940 = CARTESIAN_POINT('',(-64.13617886711,-16.,49.488279558744));
#9941 = CARTESIAN_POINT('',(-59.3376713386,-16.,49.404521298275));
#9942 = PCURVE('',#4004,#9943);
#9943 = DEFINITIONAL_REPRESENTATION('',(#9944),#9948);
#9944 = LINE('',#9945,#9946);
#9945 = CARTESIAN_POINT('',(9.424777960769,0.));
#9946 = VECTOR('',#9947,1.);
#9947 = DIRECTION('',(0.,1.));
#9948 = ( GEOMETRIC_REPRESENTATION_CONTEXT(2) 
PARAMETRIC_REPRESENTATION_CONTEXT() REPRESENTATION_CONTEXT('2D SPACE',''
  ) );
#9949 = PCURVE('',#4004,#9950);
#9950 = DEFINITIONAL_REPRESENTATION('',(#9951),#9955);
#9951 = LINE('',#9952,#9953);
#9952 = CARTESIAN_POINT('',(3.14159265359,0.));
#9953 = VECTOR('',#9954,1.);
#9954 = DIRECTION('',(0.,1.));
#9955 = ( GEOMETRIC_REPRESENTATION_CONTEXT(2) 
PARAMETRIC_REPRESENTATION_CONTEXT() REPRESENTATION_CONTEXT('2D SPACE',''
  ) );
#9956 = ORIENTED_EDGE('',*,*,#3987,.T.);
#9957 = ORIENTED_EDGE('',*,*,#9937,.F.);
#9958 = ADVANCED_FACE('',(#9959),#7539,.F.);
#9959 = FACE_BOUND('',#9960,.F.);
#9960 = EDGE_LOOP('',(#9961,#9962,#9982,#9983,#9984));
#9961 = ORIENTED_EDGE('',*,*,#8579,.T.);
#9962 = ORIENTED_EDGE('',*,*,#9963,.T.);
#9963 = EDGE_CURVE('',#8580,#7523,#9964,.T.);
#9964 = SEAM_CURVE('',#9965,(#9968,#9975),.PCURVE_S1.);
#9965 = B_SPLINE_CURVE_WITH_KNOTS('',1,(#9966,#9967),.UNSPECIFIED.,.F.,
  .F.,(2,2),(176.57617013207,181.37540860785),.PIECEWISE_BEZIER_KNOTS.);
#9966 = CARTESIAN_POINT('',(64.697413415081,-8.5,17.335173839998));
#9967 = CARTESIAN_POINT('',(59.898905886564,-8.5,17.251415579529));
#9968 = PCURVE('',#7539,#9969);
#9969 = DEFINITIONAL_REPRESENTATION('',(#9970),#9974);
#9970 = LINE('',#9971,#9972);
#9971 = CARTESIAN_POINT('',(6.28318530718,0.));
#9972 = VECTOR('',#9973,1.);
#9973 = DIRECTION('',(0.,1.));
#9974 = ( GEOMETRIC_REPRESENTATION_CONTEXT(2) 
PARAMETRIC_REPRESENTATION_CONTEXT() REPRESENTATION_CONTEXT('2D SPACE',''
  ) );
#9975 = PCURVE('',#7539,#9976);
#9976 = DEFINITIONAL_REPRESENTATION('',(#9977),#9981);
#9977 = LINE('',#9978,#9979);
#9978 = CARTESIAN_POINT('',(0.,0.));
#9979 = VECTOR('',#9980,1.);
#9980 = DIRECTION('',(0.,1.));
#9981 = ( GEOMETRIC_REPRESENTATION_CONTEXT(2) 
PARAMETRIC_REPRESENTATION_CONTEXT() REPRESENTATION_CONTEXT('2D SPACE',''
  ) );
#9982 = ORIENTED_EDGE('',*,*,#7551,.T.);
#9983 = ORIENTED_EDGE('',*,*,#7520,.T.);
#9984 = ORIENTED_EDGE('',*,*,#9963,.F.);
#9985 = ADVANCED_FACE('',(#9986),#7484,.F.);
#9986 = FACE_BOUND('',#9987,.F.);
#9987 = EDGE_LOOP('',(#9988,#9989,#10009,#10010,#10011));
#9988 = ORIENTED_EDGE('',*,*,#8553,.T.);
#9989 = ORIENTED_EDGE('',*,*,#9990,.T.);
#9990 = EDGE_CURVE('',#8554,#7468,#9991,.T.);
#9991 = SEAM_CURVE('',#9992,(#9995,#10002),.PCURVE_S1.);
#9992 = B_SPLINE_CURVE_WITH_KNOTS('',1,(#9993,#9994),.UNSPECIFIED.,.F.,
  .F.,(2,2),(176.57617013207,181.37540860785),.PIECEWISE_BEZIER_KNOTS.);
#9993 = CARTESIAN_POINT('',(64.418174912084,8.5,33.3327369625));
#9994 = CARTESIAN_POINT('',(59.619667383568,8.5,33.248978702031));
#9995 = PCURVE('',#7484,#9996);
#9996 = DEFINITIONAL_REPRESENTATION('',(#9997),#10001);
#9997 = LINE('',#9998,#9999);
#9998 = CARTESIAN_POINT('',(6.28318530718,0.));
#9999 = VECTOR('',#10000,1.);
#10000 = DIRECTION('',(0.,1.));
#10001 = ( GEOMETRIC_REPRESENTATION_CONTEXT(2) 
PARAMETRIC_REPRESENTATION_CONTEXT() REPRESENTATION_CONTEXT('2D SPACE',''
  ) );
#10002 = PCURVE('',#7484,#10003);
#10003 = DEFINITIONAL_REPRESENTATION('',(#10004),#10008);
#10004 = LINE('',#10005,#10006);
#10005 = CARTESIAN_POINT('',(0.,0.));
#10006 = VECTOR('',#10007,1.);
#10007 = DIRECTION('',(0.,1.));
#10008 = ( GEOMETRIC_REPRESENTATION_CONTEXT(2) 
PARAMETRIC_REPRESENTATION_CONTEXT() REPRESENTATION_CONTEXT('2D SPACE',''
  ) );
#10009 = ORIENTED_EDGE('',*,*,#7496,.T.);
#10010 = ORIENTED_EDGE('',*,*,#7465,.T.);
#10011 = ORIENTED_EDGE('',*,*,#9990,.F.);
#10012 = ADVANCED_FACE('',(#10013),#7429,.F.);
#10013 = FACE_BOUND('',#10014,.F.);
#10014 = EDGE_LOOP('',(#10015,#10016,#10036,#10037,#10038));
#10015 = ORIENTED_EDGE('',*,*,#8527,.T.);
#10016 = ORIENTED_EDGE('',*,*,#10017,.T.);
#10017 = EDGE_CURVE('',#8528,#7413,#10018,.T.);
#10018 = SEAM_CURVE('',#10019,(#10022,#10029),.PCURVE_S1.);
#10019 = B_SPLINE_CURVE_WITH_KNOTS('',1,(#10020,#10021),.UNSPECIFIED.,
  .F.,.F.,(2,2),(176.57617013207,181.37540860785),
  .PIECEWISE_BEZIER_KNOTS.);
#10020 = CARTESIAN_POINT('',(64.557794163583,8.5,25.333955401249));
#10021 = CARTESIAN_POINT('',(59.759286635066,8.5,25.25019714078));
#10022 = PCURVE('',#7429,#10023);
#10023 = DEFINITIONAL_REPRESENTATION('',(#10024),#10028);
#10024 = LINE('',#10025,#10026);
#10025 = CARTESIAN_POINT('',(6.28318530718,0.));
#10026 = VECTOR('',#10027,1.);
#10027 = DIRECTION('',(0.,1.));
#10028 = ( GEOMETRIC_REPRESENTATION_CONTEXT(2) 
PARAMETRIC_REPRESENTATION_CONTEXT() REPRESENTATION_CONTEXT('2D SPACE',''
  ) );
#10029 = PCURVE('',#7429,#10030);
#10030 = DEFINITIONAL_REPRESENTATION('',(#10031),#10035);
#10031 = LINE('',#10032,#10033);
#10032 = CARTESIAN_POINT('',(0.,0.));
#10033 = VECTOR('',#10034,1.);
#10034 = DIRECTION('',(0.,1.));
#10035 = ( GEOMETRIC_REPRESENTATION_CONTEXT(2) 
PARAMETRIC_REPRESENTATION_CONTEXT() REPRESENTATION_CONTEXT('2D SPACE',''
  ) );
#10036 = ORIENTED_EDGE('',*,*,#7441,.T.);
#10037 = ORIENTED_EDGE('',*,*,#7410,.T.);
#10038 = ORIENTED_EDGE('',*,*,#10017,.F.);
#10039 = ADVANCED_FACE('',(#10040),#7374,.F.);
#10040 = FACE_BOUND('',#10041,.F.);
#10041 = EDGE_LOOP('',(#10042,#10043,#10063,#10064,#10065));
#10042 = ORIENTED_EDGE('',*,*,#8501,.T.);
#10043 = ORIENTED_EDGE('',*,*,#10044,.T.);
#10044 = EDGE_CURVE('',#8502,#7358,#10045,.T.);
#10045 = SEAM_CURVE('',#10046,(#10049,#10056),.PCURVE_S1.);
#10046 = B_SPLINE_CURVE_WITH_KNOTS('',1,(#10047,#10048),.UNSPECIFIED.,
  .F.,.F.,(2,2),(176.57617013207,181.37540860785),
  .PIECEWISE_BEZIER_KNOTS.);
#10047 = CARTESIAN_POINT('',(64.697413415081,8.5,17.335173839998));
#10048 = CARTESIAN_POINT('',(59.898905886564,8.5,17.251415579529));
#10049 = PCURVE('',#7374,#10050);
#10050 = DEFINITIONAL_REPRESENTATION('',(#10051),#10055);
#10051 = LINE('',#10052,#10053);
#10052 = CARTESIAN_POINT('',(6.28318530718,0.));
#10053 = VECTOR('',#10054,1.);
#10054 = DIRECTION('',(0.,1.));
#10055 = ( GEOMETRIC_REPRESENTATION_CONTEXT(2) 
PARAMETRIC_REPRESENTATION_CONTEXT() REPRESENTATION_CONTEXT('2D SPACE',''
  ) );
#10056 = PCURVE('',#7374,#10057);
#10057 = DEFINITIONAL_REPRESENTATION('',(#10058),#10062);
#10058 = LINE('',#10059,#10060);
#10059 = CARTESIAN_POINT('',(0.,0.));
#10060 = VECTOR('',#10061,1.);
#10061 = DIRECTION('',(0.,1.));
#10062 = ( GEOMETRIC_REPRESENTATION_CONTEXT(2) 
PARAMETRIC_REPRESENTATION_CONTEXT() REPRESENTATION_CONTEXT('2D SPACE',''
  ) );
#10063 = ORIENTED_EDGE('',*,*,#7386,.T.);
#10064 = ORIENTED_EDGE('',*,*,#7355,.T.);
#10065 = ORIENTED_EDGE('',*,*,#10044,.F.);
#10066 = ADVANCED_FACE('',(#10067),#7319,.F.);
#10067 = FACE_BOUND('',#10068,.F.);
#10068 = EDGE_LOOP('',(#10069,#10070,#10090,#10091,#10092));
#10069 = ORIENTED_EDGE('',*,*,#8475,.T.);
#10070 = ORIENTED_EDGE('',*,*,#10071,.T.);
#10071 = EDGE_CURVE('',#8476,#7303,#10072,.T.);
#10072 = SEAM_CURVE('',#10073,(#10076,#10083),.PCURVE_S1.);
#10073 = B_SPLINE_CURVE_WITH_KNOTS('',1,(#10074,#10075),.UNSPECIFIED.,
  .F.,.F.,(2,2),(176.57617013207,181.37540860785),
  .PIECEWISE_BEZIER_KNOTS.);
#10074 = CARTESIAN_POINT('',(64.418174912084,-8.5,33.3327369625));
#10075 = CARTESIAN_POINT('',(59.619667383568,-8.5,33.248978702031));
#10076 = PCURVE('',#7319,#10077);
#10077 = DEFINITIONAL_REPRESENTATION('',(#10078),#10082);
#10078 = LINE('',#10079,#10080);
#10079 = CARTESIAN_POINT('',(6.28318530718,0.));
#10080 = VECTOR('',#10081,1.);
#10081 = DIRECTION('',(0.,1.));
#10082 = ( GEOMETRIC_REPRESENTATION_CONTEXT(2) 
PARAMETRIC_REPRESENTATION_CONTEXT() REPRESENTATION_CONTEXT('2D SPACE',''
  ) );
#10083 = PCURVE('',#7319,#10084);
#10084 = DEFINITIONAL_REPRESENTATION('',(#10085),#10089);
#10085 = LINE('',#10086,#10087);
#10086 = CARTESIAN_POINT('',(0.,0.));
#10087 = VECTOR('',#10088,1.);
#10088 = DIRECTION('',(0.,1.));
#10089 = ( GEOMETRIC_REPRESENTATION_CONTEXT(2) 
PARAMETRIC_REPRESENTATION_CONTEXT() REPRESENTATION_CONTEXT('2D SPACE',''
  ) );
#10090 = ORIENTED_EDGE('',*,*,#7331,.T.);
#10091 = ORIENTED_EDGE('',*,*,#7300,.T.);
#10092 = ORIENTED_EDGE('',*,*,#10071,.F.);
#10093 = ADVANCED_FACE('',(#10094),#7264,.F.);
#10094 = FACE_BOUND('',#10095,.F.);
#10095 = EDGE_LOOP('',(#10096,#10097,#10117,#10118,#10119));
#10096 = ORIENTED_EDGE('',*,*,#8449,.T.);
#10097 = ORIENTED_EDGE('',*,*,#10098,.T.);
#10098 = EDGE_CURVE('',#8450,#7248,#10099,.T.);
#10099 = SEAM_CURVE('',#10100,(#10103,#10110),.PCURVE_S1.);
#10100 = B_SPLINE_CURVE_WITH_KNOTS('',1,(#10101,#10102),.UNSPECIFIED.,
  .F.,.F.,(2,2),(176.57617013207,181.37540860785),
  .PIECEWISE_BEZIER_KNOTS.);
#10101 = CARTESIAN_POINT('',(64.557794163583,-8.5,25.333955401249));
#10102 = CARTESIAN_POINT('',(59.759286635066,-8.5,25.25019714078));
#10103 = PCURVE('',#7264,#10104);
#10104 = DEFINITIONAL_REPRESENTATION('',(#10105),#10109);
#10105 = LINE('',#10106,#10107);
#10106 = CARTESIAN_POINT('',(6.28318530718,0.));
#10107 = VECTOR('',#10108,1.);
#10108 = DIRECTION('',(0.,1.));
#10109 = ( GEOMETRIC_REPRESENTATION_CONTEXT(2) 
PARAMETRIC_REPRESENTATION_CONTEXT() REPRESENTATION_CONTEXT('2D SPACE',''
  ) );
#10110 = PCURVE('',#7264,#10111);
#10111 = DEFINITIONAL_REPRESENTATION('',(#10112),#10116);
#10112 = LINE('',#10113,#10114);
#10113 = CARTESIAN_POINT('',(0.,0.));
#10114 = VECTOR('',#10115,1.);
#10115 = DIRECTION('',(0.,1.));
#10116 = ( GEOMETRIC_REPRESENTATION_CONTEXT(2) 
PARAMETRIC_REPRESENTATION_CONTEXT() REPRESENTATION_CONTEXT('2D SPACE',''
  ) );
#10117 = ORIENTED_EDGE('',*,*,#7276,.T.);
#10118 = ORIENTED_EDGE('',*,*,#7245,.T.);
#10119 = ORIENTED_EDGE('',*,*,#10098,.F.);
#10120 = ADVANCED_FACE('',(#10121),#100,.F.);
#10121 = FACE_BOUND('',#10122,.F.);
#10122 = EDGE_LOOP('',(#10123,#10124,#10144,#10145,#10146));
#10123 = ORIENTED_EDGE('',*,*,#1115,.T.);
#10124 = ORIENTED_EDGE('',*,*,#10125,.T.);
#10125 = EDGE_CURVE('',#1116,#84,#10126,.T.);
#10126 = SEAM_CURVE('',#10127,(#10130,#10137),.PCURVE_S1.);
#10127 = B_SPLINE_CURVE_WITH_KNOTS('',1,(#10128,#10129),.UNSPECIFIED.,
  .F.,.F.,(2,2),(177.87106600625,182.67030448203),
  .PIECEWISE_BEZIER_KNOTS.);
#10128 = CARTESIAN_POINT('',(45.,44.336593091887,38.006556311377));
#10129 = CARTESIAN_POINT('',(45.,39.53808556337,37.922798050908));
#10130 = PCURVE('',#100,#10131);
#10131 = DEFINITIONAL_REPRESENTATION('',(#10132),#10136);
#10132 = LINE('',#10133,#10134);
#10133 = CARTESIAN_POINT('',(6.28318530718,0.));
#10134 = VECTOR('',#10135,1.);
#10135 = DIRECTION('',(0.,1.));
#10136 = ( GEOMETRIC_REPRESENTATION_CONTEXT(2) 
PARAMETRIC_REPRESENTATION_CONTEXT() REPRESENTATION_CONTEXT('2D SPACE',''
  ) );
#10137 = PCURVE('',#100,#10138);
#10138 = DEFINITIONAL_REPRESENTATION('',(#10139),#10143);
#10139 = LINE('',#10140,#10141);
#10140 = CARTESIAN_POINT('',(0.,0.));
#10141 = VECTOR('',#10142,1.);
#10142 = DIRECTION('',(0.,1.));
#10143 = ( GEOMETRIC_REPRESENTATION_CONTEXT(2) 
PARAMETRIC_REPRESENTATION_CONTEXT() REPRESENTATION_CONTEXT('2D SPACE',''
  ) );
#10144 = ORIENTED_EDGE('',*,*,#112,.T.);
#10145 = ORIENTED_EDGE('',*,*,#81,.T.);
#10146 = ORIENTED_EDGE('',*,*,#10125,.F.);
#10147 = ADVANCED_FACE('',(#10148),#45,.F.);
#10148 = FACE_BOUND('',#10149,.F.);
#10149 = EDGE_LOOP('',(#10150,#10151,#10171,#10172,#10173));
#10150 = ORIENTED_EDGE('',*,*,#1084,.T.);
#10151 = ORIENTED_EDGE('',*,*,#10152,.T.);
#10152 = EDGE_CURVE('',#1085,#24,#10153,.T.);
#10153 = SEAM_CURVE('',#10154,(#10157,#10164),.PCURVE_S1.);
#10154 = B_SPLINE_CURVE_WITH_KNOTS('',1,(#10155,#10156),.UNSPECIFIED.,
  .F.,.F.,(2,2),(177.87106600625,182.67030448203),
  .PIECEWISE_BEZIER_KNOTS.);
#10155 = CARTESIAN_POINT('',(-10.,44.336593091887,38.006556311377));
#10156 = CARTESIAN_POINT('',(-10.,39.53808556337,37.922798050908));
#10157 = PCURVE('',#45,#10158);
#10158 = DEFINITIONAL_REPRESENTATION('',(#10159),#10163);
#10159 = LINE('',#10160,#10161);
#10160 = CARTESIAN_POINT('',(6.28318530718,0.));
#10161 = VECTOR('',#10162,1.);
#10162 = DIRECTION('',(0.,1.));
#10163 = ( GEOMETRIC_REPRESENTATION_CONTEXT(2) 
PARAMETRIC_REPRESENTATION_CONTEXT() REPRESENTATION_CONTEXT('2D SPACE',''
  ) );
#10164 = PCURVE('',#45,#10165);
#10165 = DEFINITIONAL_REPRESENTATION('',(#10166),#10170);
#10166 = LINE('',#10167,#10168);
#10167 = CARTESIAN_POINT('',(0.,0.));
#10168 = VECTOR('',#10169,1.);
#10169 = DIRECTION('',(0.,1.));
#10170 = ( GEOMETRIC_REPRESENTATION_CONTEXT(2) 
PARAMETRIC_REPRESENTATION_CONTEXT() REPRESENTATION_CONTEXT('2D SPACE',''
  ) );
#10171 = ORIENTED_EDGE('',*,*,#57,.T.);
#10172 = ORIENTED_EDGE('',*,*,#21,.T.);
#10173 = ORIENTED_EDGE('',*,*,#10152,.F.);
#10174 = ( GEOMETRIC_REPRESENTATION_CONTEXT(3) 
GLOBAL_UNCERTAINTY_ASSIGNED_CONTEXT((#10178)) 
GLOBAL_UNIT_ASSIGNED_CONTEXT((#10175,#10176,#10177)) 
REPRESENTATION_CONTEXT('Context #1',
  '3D Context with UNIT and UNCERTAINTY') );
#10175 = ( LENGTH_UNIT() NAMED_UNIT(*) SI_UNIT(.MILLI.,.METRE.) );
#10176 = ( NAMED_UNIT(*) PLANE_ANGLE_UNIT() SI_UNIT($,.RADIAN.) );
#10177 = ( NAMED_UNIT(*) SI_UNIT($,.STERADIAN.) SOLID_ANGLE_UNIT() );
#10178 = UNCERTAINTY_MEASURE_WITH_UNIT(LENGTH_MEASURE(5.E-04),#10175,
  'distance_accuracy_value','confusion accuracy');
#10179 = PRODUCT_RELATED_PRODUCT_CATEGORY('part',$,(#7));
ENDSEC;
END-ISO-10303-21;
