ISO-10303-21;
HEADER;
FILE_DESCRIPTION(('Open CASCADE Model'),'2;1');
FILE_NAME('Open CASCADE Shape Model','2026-09-02T18:40:46',('Author'),(
    'Open CASCADE'),'Open CASCADE STEP processor 7.9','Open CASCADE 7.9'
  ,'Unknown');
FILE_SCHEMA(('AUTOMOTIVE_DESIGN { 1 0 10303 214 1 1 1 1 }'));
ENDSEC;
DATA;
#1 = APPLICATION_PROTOCOL_DEFINITION('international standard',
  'automotive_design',2000,#2);
#2 = APPLICATION_CONTEXT(
  'core data for automotive mechanical design processes');
#3 = SHAPE_DEFINITION_REPRESENTATION(#4,#10);
#4 = PRODUCT_DEFINITION_SHAPE('','',#5);
#5 = PRODUCT_DEFINITION('design','',#6,#9);
#6 = PRODUCT_DEFINITION_FORMATION('','',#7);
#7 = PRODUCT('Open CASCADE STEP translator 7.9 1',
  'Open CASCADE STEP translator 7.9 1','',(#8));
#8 = PRODUCT_CONTEXT('',#2,'mechanical');
#9 = PRODUCT_DEFINITION_CONTEXT('part definition',#2,'design');
#10 = ADVANCED_BREP_SHAPE_REPRESENTATION('',(#11,#15),#8533);
#11 = AXIS2_PLACEMENT_3D('',#12,#13,#14);
#12 = CARTESIAN_POINT('',(0.,0.,0.));
#13 = DIRECTION('',(0.,0.,1.));
#14 = DIRECTION('',(1.,0.,-0.));
#15 = MANIFOLD_SOLID_BREP('',#16);
#16 = CLOSED_SHELL('',(#17,#193,#364,#916,#1138,#1350,#1632,#1841,#2050,
    #2249,#2461,#2567,#2668,#2769,#2870,#3209,#3768,#3817,#3866,#3894,
    #3943,#3992,#4020,#4069,#4119,#4146,#4218,#4245,#4272,#4388,#4504,
    #4620,#4736,#4858,#4989,#5065,#5138,#5185,#5201,#5323,#5399,#5477,
    #5548,#5650,#5666,#5808,#5902,#5951,#6001,#6050,#6131,#6253,#6384,
    #6460,#6533,#6580,#6596,#6650,#6704,#6758,#6812,#6866,#6893,#6947,
    #6974,#7028,#7055,#7109,#7136,#7165,#7194,#7201,#7208,#7215,#7222,
    #7229,#7236,#7243,#7250,#7322,#7370,#7398,#7426,#7498,#7569,#7641,
    #7712,#7740,#7768,#7840,#7888,#7960,#8008,#8036,#8064,#8136,#8207,
    #8279,#8350,#8378,#8406,#8455,#8526));
#17 = ADVANCED_FACE('',(#18),#32,.F.);
#18 = FACE_BOUND('',#19,.T.);
#19 = EDGE_LOOP('',(#20,#55,#83,#111,#139,#167));
#20 = ORIENTED_EDGE('',*,*,#21,.T.);
#21 = EDGE_CURVE('',#22,#24,#26,.T.);
#22 = VERTEX_POINT('',#23);
#23 = CARTESIAN_POINT('',(57.,29.679797622181,4.));
#24 = VERTEX_POINT('',#25);
#25 = CARTESIAN_POINT('',(57.,29.679797622181,2.4));
#26 = SURFACE_CURVE('',#27,(#31,#43),.PCURVE_S1.);
#27 = LINE('',#28,#29);
#28 = CARTESIAN_POINT('',(57.,29.679797622181,4.002));
#29 = VECTOR('',#30,1.);
#30 = DIRECTION('',(3.153195929581E-32,6.123233995737E-17,-1.));
#31 = PCURVE('',#32,#37);
#32 = PLANE('',#33);
#33 = AXIS2_PLACEMENT_3D('',#34,#35,#36);
#34 = CARTESIAN_POINT('',(57.,-3.430235684412E-16,5.602));
#35 = DIRECTION('',(1.,9.376883653929E-17,3.727364457219E-32));
#36 = DIRECTION('',(-9.376883653929E-17,1.,0.));
#37 = DEFINITIONAL_REPRESENTATION('',(#38),#42);
#38 = LINE('',#39,#40);
#39 = CARTESIAN_POINT('',(29.679797622181,-1.6));
#40 = VECTOR('',#41,1.);
#41 = DIRECTION('',(6.123233995737E-17,-1.));
#42 = ( GEOMETRIC_REPRESENTATION_CONTEXT(2) 
PARAMETRIC_REPRESENTATION_CONTEXT() REPRESENTATION_CONTEXT('2D SPACE',''
  ) );
#43 = PCURVE('',#44,#49);
#44 = CYLINDRICAL_SURFACE('',#45,1.6);
#45 = AXIS2_PLACEMENT_3D('',#46,#47,#48);
#46 = CARTESIAN_POINT('',(55.4,29.679797622181,4.002));
#47 = DIRECTION('',(3.153195929581E-32,6.123233995737E-17,-1.));
#48 = DIRECTION('',(0.,1.,6.123233995737E-17));
#49 = DEFINITIONAL_REPRESENTATION('',(#50),#54);
#50 = LINE('',#51,#52);
#51 = CARTESIAN_POINT('',(1.570796326795,0.));
#52 = VECTOR('',#53,1.);
#53 = DIRECTION('',(0.,1.));
#54 = ( GEOMETRIC_REPRESENTATION_CONTEXT(2) 
PARAMETRIC_REPRESENTATION_CONTEXT() REPRESENTATION_CONTEXT('2D SPACE',''
  ) );
#55 = ORIENTED_EDGE('',*,*,#56,.T.);
#56 = EDGE_CURVE('',#24,#57,#59,.T.);
#57 = VERTEX_POINT('',#58);
#58 = CARTESIAN_POINT('',(57.,9.175,2.4));
#59 = SURFACE_CURVE('',#60,(#64,#71),.PCURVE_S1.);
#60 = LINE('',#61,#62);
#61 = CARTESIAN_POINT('',(57.,9.175,2.4));
#62 = VECTOR('',#63,1.);
#63 = DIRECTION('',(9.376883653929E-17,-1.,-6.123233995737E-17));
#64 = PCURVE('',#32,#65);
#65 = DEFINITIONAL_REPRESENTATION('',(#66),#70);
#66 = LINE('',#67,#68);
#67 = CARTESIAN_POINT('',(9.175,-3.202));
#68 = VECTOR('',#69,1.);
#69 = DIRECTION('',(-1.,-6.123233995737E-17));
#70 = ( GEOMETRIC_REPRESENTATION_CONTEXT(2) 
PARAMETRIC_REPRESENTATION_CONTEXT() REPRESENTATION_CONTEXT('2D SPACE',''
  ) );
#71 = PCURVE('',#72,#77);
#72 = CYLINDRICAL_SURFACE('',#73,2.4);
#73 = AXIS2_PLACEMENT_3D('',#74,#75,#76);
#74 = CARTESIAN_POINT('',(54.6,-3.72002823592E-16,2.4));
#75 = DIRECTION('',(-9.376883653929E-17,1.,6.123233995737E-17));
#76 = DIRECTION('',(-1.,-9.376883653929E-17,0.));
#77 = DEFINITIONAL_REPRESENTATION('',(#78),#82);
#78 = LINE('',#79,#80);
#79 = CARTESIAN_POINT('',(3.14159265359,9.175));
#80 = VECTOR('',#81,1.);
#81 = DIRECTION('',(0.,-1.));
#82 = ( GEOMETRIC_REPRESENTATION_CONTEXT(2) 
PARAMETRIC_REPRESENTATION_CONTEXT() REPRESENTATION_CONTEXT('2D SPACE',''
  ) );
#83 = ORIENTED_EDGE('',*,*,#84,.F.);
#84 = EDGE_CURVE('',#85,#57,#87,.T.);
#85 = VERTEX_POINT('',#86);
#86 = CARTESIAN_POINT('',(57.,9.175,5.6));
#87 = SURFACE_CURVE('',#88,(#92,#99),.PCURVE_S1.);
#88 = LINE('',#89,#90);
#89 = CARTESIAN_POINT('',(57.,9.175,8.175));
#90 = VECTOR('',#91,1.);
#91 = DIRECTION('',(5.717125950305E-32,-2.121985903336E-16,-1.));
#92 = PCURVE('',#32,#93);
#93 = DEFINITIONAL_REPRESENTATION('',(#94),#98);
#94 = LINE('',#95,#96);
#95 = CARTESIAN_POINT('',(9.175,2.573));
#96 = VECTOR('',#97,1.);
#97 = DIRECTION('',(-2.121985903336E-16,-1.));
#98 = ( GEOMETRIC_REPRESENTATION_CONTEXT(2) 
PARAMETRIC_REPRESENTATION_CONTEXT() REPRESENTATION_CONTEXT('2D SPACE',''
  ) );
#99 = PCURVE('',#100,#105);
#100 = PLANE('',#101);
#101 = AXIS2_PLACEMENT_3D('',#102,#103,#104);
#102 = CARTESIAN_POINT('',(238.38006434534,9.175,8.175));
#103 = DIRECTION('',(-9.376883653929E-17,1.,-2.121985903336E-16));
#104 = DIRECTION('',(0.,2.121985903336E-16,1.));
#105 = DEFINITIONAL_REPRESENTATION('',(#106),#110);
#106 = LINE('',#107,#108);
#107 = CARTESIAN_POINT('',(-3.769404172501E-30,-181.3800643453));
#108 = VECTOR('',#109,1.);
#109 = DIRECTION('',(-1.,5.717125950305E-32));
#110 = ( GEOMETRIC_REPRESENTATION_CONTEXT(2) 
PARAMETRIC_REPRESENTATION_CONTEXT() REPRESENTATION_CONTEXT('2D SPACE',''
  ) );
#111 = ORIENTED_EDGE('',*,*,#112,.F.);
#112 = EDGE_CURVE('',#113,#85,#115,.T.);
#113 = VERTEX_POINT('',#114);
#114 = CARTESIAN_POINT('',(57.,32.,5.6));
#115 = SURFACE_CURVE('',#116,(#120,#127),.PCURVE_S1.);
#116 = LINE('',#117,#118);
#117 = CARTESIAN_POINT('',(57.,-3.429011037613E-16,5.6));
#118 = VECTOR('',#119,1.);
#119 = DIRECTION('',(9.376883653929E-17,-1.,-6.123233995737E-17));
#120 = PCURVE('',#32,#121);
#121 = DEFINITIONAL_REPRESENTATION('',(#122),#126);
#122 = LINE('',#123,#124);
#123 = CARTESIAN_POINT('',(1.22464679915E-19,-2.000000000001E-03));
#124 = VECTOR('',#125,1.);
#125 = DIRECTION('',(-1.,-6.123233995737E-17));
#126 = ( GEOMETRIC_REPRESENTATION_CONTEXT(2) 
PARAMETRIC_REPRESENTATION_CONTEXT() REPRESENTATION_CONTEXT('2D SPACE',''
  ) );
#127 = PCURVE('',#128,#133);
#128 = PLANE('',#129);
#129 = AXIS2_PLACEMENT_3D('',#130,#131,#132);
#130 = CARTESIAN_POINT('',(-1.765789720565E-31,-3.429011037613E-16,5.6)
  );
#131 = DIRECTION('',(-3.153195929581E-32,-6.123233995737E-17,1.));
#132 = DIRECTION('',(1.,-1.930775651123E-48,3.153195929581E-32));
#133 = DEFINITIONAL_REPRESENTATION('',(#134),#138);
#134 = LINE('',#135,#136);
#135 = CARTESIAN_POINT('',(57.,-2.771186490923E-61));
#136 = VECTOR('',#137,1.);
#137 = DIRECTION('',(9.376883653929E-17,-1.));
#138 = ( GEOMETRIC_REPRESENTATION_CONTEXT(2) 
PARAMETRIC_REPRESENTATION_CONTEXT() REPRESENTATION_CONTEXT('2D SPACE',''
  ) );
#139 = ORIENTED_EDGE('',*,*,#140,.T.);
#140 = EDGE_CURVE('',#113,#141,#143,.T.);
#141 = VERTEX_POINT('',#142);
#142 = CARTESIAN_POINT('',(57.,32.,4.));
#143 = SURFACE_CURVE('',#144,(#148,#155),.PCURVE_S1.);
#144 = LINE('',#145,#146);
#145 = CARTESIAN_POINT('',(57.,32.,5.602));
#146 = VECTOR('',#147,1.);
#147 = DIRECTION('',(3.153195929581E-32,6.123233995737E-17,-1.));
#148 = PCURVE('',#32,#149);
#149 = DEFINITIONAL_REPRESENTATION('',(#150),#154);
#150 = LINE('',#151,#152);
#151 = CARTESIAN_POINT('',(32.,-1.118434011236E-46));
#152 = VECTOR('',#153,1.);
#153 = DIRECTION('',(6.123233995737E-17,-1.));
#154 = ( GEOMETRIC_REPRESENTATION_CONTEXT(2) 
PARAMETRIC_REPRESENTATION_CONTEXT() REPRESENTATION_CONTEXT('2D SPACE',''
  ) );
#155 = PCURVE('',#156,#161);
#156 = PLANE('',#157);
#157 = AXIS2_PLACEMENT_3D('',#158,#159,#160);
#158 = CARTESIAN_POINT('',(57.7,32.,5.602));
#159 = DIRECTION('',(4.237579322456E-64,-1.,-6.123233995737E-17));
#160 = DIRECTION('',(0.,6.123233995737E-17,-1.));
#161 = DEFINITIONAL_REPRESENTATION('',(#162),#166);
#162 = LINE('',#163,#164);
#163 = CARTESIAN_POINT('',(0.,-0.7));
#164 = VECTOR('',#165,1.);
#165 = DIRECTION('',(1.,3.153195929581E-32));
#166 = ( GEOMETRIC_REPRESENTATION_CONTEXT(2) 
PARAMETRIC_REPRESENTATION_CONTEXT() REPRESENTATION_CONTEXT('2D SPACE',''
  ) );
#167 = ORIENTED_EDGE('',*,*,#168,.T.);
#168 = EDGE_CURVE('',#141,#22,#169,.T.);
#169 = SURFACE_CURVE('',#170,(#174,#181),.PCURVE_S1.);
#170 = LINE('',#171,#172);
#171 = CARTESIAN_POINT('',(57.,33.339898811091,4.));
#172 = VECTOR('',#173,1.);
#173 = DIRECTION('',(-9.115745035929E-64,-1.,-6.123233995737E-17));
#174 = PCURVE('',#32,#175);
#175 = DEFINITIONAL_REPRESENTATION('',(#176),#180);
#176 = LINE('',#177,#178);
#177 = CARTESIAN_POINT('',(33.339898811091,-1.602));
#178 = VECTOR('',#179,1.);
#179 = DIRECTION('',(-1.,-6.123233995737E-17));
#180 = ( GEOMETRIC_REPRESENTATION_CONTEXT(2) 
PARAMETRIC_REPRESENTATION_CONTEXT() REPRESENTATION_CONTEXT('2D SPACE',''
  ) );
#181 = PCURVE('',#182,#187);
#182 = PLANE('',#183);
#183 = AXIS2_PLACEMENT_3D('',#184,#185,#186);
#184 = CARTESIAN_POINT('',(-2.482339034905E-02,-2.449293598293E-16,4.));
#185 = DIRECTION('',(-3.153195929581E-32,-6.123233995737E-17,1.));
#186 = DIRECTION('',(1.,-1.930775651123E-48,3.153195929581E-32));
#187 = DEFINITIONAL_REPRESENTATION('',(#188),#192);
#188 = LINE('',#189,#190);
#189 = CARTESIAN_POINT('',(57.024823390349,33.339898811091));
#190 = VECTOR('',#191,1.);
#191 = DIRECTION('',(-5.773305189422E-63,-1.));
#192 = ( GEOMETRIC_REPRESENTATION_CONTEXT(2) 
PARAMETRIC_REPRESENTATION_CONTEXT() REPRESENTATION_CONTEXT('2D SPACE',''
  ) );
#193 = ADVANCED_FACE('',(#194),#208,.F.);
#194 = FACE_BOUND('',#195,.T.);
#195 = EDGE_LOOP('',(#196,#231,#259,#287,#315,#343));
#196 = ORIENTED_EDGE('',*,*,#197,.F.);
#197 = EDGE_CURVE('',#198,#200,#202,.T.);
#198 = VERTEX_POINT('',#199);
#199 = CARTESIAN_POINT('',(57.,-4.175,2.4));
#200 = VERTEX_POINT('',#201);
#201 = CARTESIAN_POINT('',(57.,-4.175,5.6));
#202 = SURFACE_CURVE('',#203,(#207,#219),.PCURVE_S1.);
#203 = LINE('',#204,#205);
#204 = CARTESIAN_POINT('',(57.,-4.175,8.175));
#205 = VECTOR('',#206,1.);
#206 = DIRECTION('',(-4.722245203762E-32,1.060992951668E-16,1.));
#207 = PCURVE('',#208,#213);
#208 = PLANE('',#209);
#209 = AXIS2_PLACEMENT_3D('',#210,#211,#212);
#210 = CARTESIAN_POINT('',(57.,-3.430235684412E-16,5.602));
#211 = DIRECTION('',(1.,9.376883653929E-17,3.727364457219E-32));
#212 = DIRECTION('',(-9.376883653929E-17,1.,0.));
#213 = DEFINITIONAL_REPRESENTATION('',(#214),#218);
#214 = LINE('',#215,#216);
#215 = CARTESIAN_POINT('',(-4.175,2.573));
#216 = VECTOR('',#217,1.);
#217 = DIRECTION('',(1.060992951668E-16,1.));
#218 = ( GEOMETRIC_REPRESENTATION_CONTEXT(2) 
PARAMETRIC_REPRESENTATION_CONTEXT() REPRESENTATION_CONTEXT('2D SPACE',''
  ) );
#219 = PCURVE('',#220,#225);
#220 = PLANE('',#221);
#221 = AXIS2_PLACEMENT_3D('',#222,#223,#224);
#222 = CARTESIAN_POINT('',(238.38006434534,-4.175,8.175));
#223 = DIRECTION('',(9.376883653929E-17,-1.,1.060992951668E-16));
#224 = DIRECTION('',(0.,-1.060992951668E-16,-1.));
#225 = DEFINITIONAL_REPRESENTATION('',(#226),#230);
#226 = LINE('',#227,#228);
#227 = CARTESIAN_POINT('',(1.790466981938E-30,-181.3800643453));
#228 = VECTOR('',#229,1.);
#229 = DIRECTION('',(-1.,-4.722245203762E-32));
#230 = ( GEOMETRIC_REPRESENTATION_CONTEXT(2) 
PARAMETRIC_REPRESENTATION_CONTEXT() REPRESENTATION_CONTEXT('2D SPACE',''
  ) );
#231 = ORIENTED_EDGE('',*,*,#232,.T.);
#232 = EDGE_CURVE('',#198,#233,#235,.T.);
#233 = VERTEX_POINT('',#234);
#234 = CARTESIAN_POINT('',(57.,-29.67979762218,2.4));
#235 = SURFACE_CURVE('',#236,(#240,#247),.PCURVE_S1.);
#236 = LINE('',#237,#238);
#237 = CARTESIAN_POINT('',(57.,-29.67979762218,2.4));
#238 = VECTOR('',#239,1.);
#239 = DIRECTION('',(9.376883653929E-17,-1.,-6.123233995737E-17));
#240 = PCURVE('',#208,#241);
#241 = DEFINITIONAL_REPRESENTATION('',(#242),#246);
#242 = LINE('',#243,#244);
#243 = CARTESIAN_POINT('',(-29.67979762218,-3.202));
#244 = VECTOR('',#245,1.);
#245 = DIRECTION('',(-1.,-6.123233995737E-17));
#246 = ( GEOMETRIC_REPRESENTATION_CONTEXT(2) 
PARAMETRIC_REPRESENTATION_CONTEXT() REPRESENTATION_CONTEXT('2D SPACE',''
  ) );
#247 = PCURVE('',#248,#253);
#248 = CYLINDRICAL_SURFACE('',#249,2.4);
#249 = AXIS2_PLACEMENT_3D('',#250,#251,#252);
#250 = CARTESIAN_POINT('',(54.6,-3.72002823592E-16,2.4));
#251 = DIRECTION('',(-9.376883653929E-17,1.,6.123233995737E-17));
#252 = DIRECTION('',(-1.,-9.376883653929E-17,0.));
#253 = DEFINITIONAL_REPRESENTATION('',(#254),#258);
#254 = LINE('',#255,#256);
#255 = CARTESIAN_POINT('',(3.14159265359,-29.67979762218));
#256 = VECTOR('',#257,1.);
#257 = DIRECTION('',(1.741198720447E-17,-1.));
#258 = ( GEOMETRIC_REPRESENTATION_CONTEXT(2) 
PARAMETRIC_REPRESENTATION_CONTEXT() REPRESENTATION_CONTEXT('2D SPACE',''
  ) );
#259 = ORIENTED_EDGE('',*,*,#260,.F.);
#260 = EDGE_CURVE('',#261,#233,#263,.T.);
#261 = VERTEX_POINT('',#262);
#262 = CARTESIAN_POINT('',(57.,-29.67979762218,4.));
#263 = SURFACE_CURVE('',#264,(#268,#275),.PCURVE_S1.);
#264 = LINE('',#265,#266);
#265 = CARTESIAN_POINT('',(57.,-29.67979762218,4.002));
#266 = VECTOR('',#267,1.);
#267 = DIRECTION('',(3.153195929581E-32,6.123233995737E-17,-1.));
#268 = PCURVE('',#208,#269);
#269 = DEFINITIONAL_REPRESENTATION('',(#270),#274);
#270 = LINE('',#271,#272);
#271 = CARTESIAN_POINT('',(-29.67979762218,-1.6));
#272 = VECTOR('',#273,1.);
#273 = DIRECTION('',(6.123233995737E-17,-1.));
#274 = ( GEOMETRIC_REPRESENTATION_CONTEXT(2) 
PARAMETRIC_REPRESENTATION_CONTEXT() REPRESENTATION_CONTEXT('2D SPACE',''
  ) );
#275 = PCURVE('',#276,#281);
#276 = CYLINDRICAL_SURFACE('',#277,1.6);
#277 = AXIS2_PLACEMENT_3D('',#278,#279,#280);
#278 = CARTESIAN_POINT('',(55.4,-29.67979762218,4.002));
#279 = DIRECTION('',(3.153195929581E-32,6.123233995737E-17,-1.));
#280 = DIRECTION('',(0.,1.,6.123233995737E-17));
#281 = DEFINITIONAL_REPRESENTATION('',(#282),#286);
#282 = LINE('',#283,#284);
#283 = CARTESIAN_POINT('',(1.570796326795,0.));
#284 = VECTOR('',#285,1.);
#285 = DIRECTION('',(0.,1.));
#286 = ( GEOMETRIC_REPRESENTATION_CONTEXT(2) 
PARAMETRIC_REPRESENTATION_CONTEXT() REPRESENTATION_CONTEXT('2D SPACE',''
  ) );
#287 = ORIENTED_EDGE('',*,*,#288,.F.);
#288 = EDGE_CURVE('',#289,#261,#291,.T.);
#289 = VERTEX_POINT('',#290);
#290 = CARTESIAN_POINT('',(57.,-32.,4.));
#291 = SURFACE_CURVE('',#292,(#296,#303),.PCURVE_S1.);
#292 = LINE('',#293,#294);
#293 = CARTESIAN_POINT('',(57.,-33.33989881109,4.));
#294 = VECTOR('',#295,1.);
#295 = DIRECTION('',(9.115745035929E-64,1.,6.123233995737E-17));
#296 = PCURVE('',#208,#297);
#297 = DEFINITIONAL_REPRESENTATION('',(#298),#302);
#298 = LINE('',#299,#300);
#299 = CARTESIAN_POINT('',(-33.33989881109,-1.602));
#300 = VECTOR('',#301,1.);
#301 = DIRECTION('',(1.,6.123233995737E-17));
#302 = ( GEOMETRIC_REPRESENTATION_CONTEXT(2) 
PARAMETRIC_REPRESENTATION_CONTEXT() REPRESENTATION_CONTEXT('2D SPACE',''
  ) );
#303 = PCURVE('',#304,#309);
#304 = PLANE('',#305);
#305 = AXIS2_PLACEMENT_3D('',#306,#307,#308);
#306 = CARTESIAN_POINT('',(-2.482339034905E-02,-2.449293598293E-16,4.));
#307 = DIRECTION('',(-3.153195929581E-32,-6.123233995737E-17,1.));
#308 = DIRECTION('',(1.,-1.930775651123E-48,3.153195929581E-32));
#309 = DEFINITIONAL_REPRESENTATION('',(#310),#314);
#310 = LINE('',#311,#312);
#311 = CARTESIAN_POINT('',(57.024823390349,-33.33989881109));
#312 = VECTOR('',#313,1.);
#313 = DIRECTION('',(5.773305189422E-63,1.));
#314 = ( GEOMETRIC_REPRESENTATION_CONTEXT(2) 
PARAMETRIC_REPRESENTATION_CONTEXT() REPRESENTATION_CONTEXT('2D SPACE',''
  ) );
#315 = ORIENTED_EDGE('',*,*,#316,.F.);
#316 = EDGE_CURVE('',#317,#289,#319,.T.);
#317 = VERTEX_POINT('',#318);
#318 = CARTESIAN_POINT('',(57.,-32.,5.6));
#319 = SURFACE_CURVE('',#320,(#324,#331),.PCURVE_S1.);
#320 = LINE('',#321,#322);
#321 = CARTESIAN_POINT('',(57.,-32.,5.602));
#322 = VECTOR('',#323,1.);
#323 = DIRECTION('',(3.153195929581E-32,6.123233995737E-17,-1.));
#324 = PCURVE('',#208,#325);
#325 = DEFINITIONAL_REPRESENTATION('',(#326),#330);
#326 = LINE('',#327,#328);
#327 = CARTESIAN_POINT('',(-32.,1.118434011236E-46));
#328 = VECTOR('',#329,1.);
#329 = DIRECTION('',(6.123233995737E-17,-1.));
#330 = ( GEOMETRIC_REPRESENTATION_CONTEXT(2) 
PARAMETRIC_REPRESENTATION_CONTEXT() REPRESENTATION_CONTEXT('2D SPACE',''
  ) );
#331 = PCURVE('',#332,#337);
#332 = PLANE('',#333);
#333 = AXIS2_PLACEMENT_3D('',#334,#335,#336);
#334 = CARTESIAN_POINT('',(57.7,-32.,5.602));
#335 = DIRECTION('',(4.237579322456E-64,-1.,-6.123233995737E-17));
#336 = DIRECTION('',(0.,6.123233995737E-17,-1.));
#337 = DEFINITIONAL_REPRESENTATION('',(#338),#342);
#338 = LINE('',#339,#340);
#339 = CARTESIAN_POINT('',(0.,-0.7));
#340 = VECTOR('',#341,1.);
#341 = DIRECTION('',(1.,3.153195929581E-32));
#342 = ( GEOMETRIC_REPRESENTATION_CONTEXT(2) 
PARAMETRIC_REPRESENTATION_CONTEXT() REPRESENTATION_CONTEXT('2D SPACE',''
  ) );
#343 = ORIENTED_EDGE('',*,*,#344,.F.);
#344 = EDGE_CURVE('',#200,#317,#345,.T.);
#345 = SURFACE_CURVE('',#346,(#350,#357),.PCURVE_S1.);
#346 = LINE('',#347,#348);
#347 = CARTESIAN_POINT('',(57.,-3.429011037613E-16,5.6));
#348 = VECTOR('',#349,1.);
#349 = DIRECTION('',(9.376883653929E-17,-1.,-6.123233995737E-17));
#350 = PCURVE('',#208,#351);
#351 = DEFINITIONAL_REPRESENTATION('',(#352),#356);
#352 = LINE('',#353,#354);
#353 = CARTESIAN_POINT('',(1.22464679915E-19,-2.000000000001E-03));
#354 = VECTOR('',#355,1.);
#355 = DIRECTION('',(-1.,-6.123233995737E-17));
#356 = ( GEOMETRIC_REPRESENTATION_CONTEXT(2) 
PARAMETRIC_REPRESENTATION_CONTEXT() REPRESENTATION_CONTEXT('2D SPACE',''
  ) );
#357 = PCURVE('',#128,#358);
#358 = DEFINITIONAL_REPRESENTATION('',(#359),#363);
#359 = LINE('',#360,#361);
#360 = CARTESIAN_POINT('',(57.,-2.771186490923E-61));
#361 = VECTOR('',#362,1.);
#362 = DIRECTION('',(9.376883653929E-17,-1.));
#363 = ( GEOMETRIC_REPRESENTATION_CONTEXT(2) 
PARAMETRIC_REPRESENTATION_CONTEXT() REPRESENTATION_CONTEXT('2D SPACE',''
  ) );
#364 = ADVANCED_FACE('',(#365),#379,.F.);
#365 = FACE_BOUND('',#366,.T.);
#366 = EDGE_LOOP('',(#367,#397,#420,#448,#471,#494,#522,#551,#579,#607,
    #635,#664,#692,#720,#748,#777,#805,#833,#861,#890));
#367 = ORIENTED_EDGE('',*,*,#368,.F.);
#368 = EDGE_CURVE('',#369,#371,#373,.T.);
#369 = VERTEX_POINT('',#370);
#370 = CARTESIAN_POINT('',(54.6,-4.175,-2.55645019322E-16));
#371 = VERTEX_POINT('',#372);
#372 = CARTESIAN_POINT('',(54.6,-28.16250488128,-1.724456072942E-15));
#373 = SURFACE_CURVE('',#374,(#378,#390),.PCURVE_S1.);
#374 = LINE('',#375,#376);
#375 = CARTESIAN_POINT('',(54.6,-4.175,-2.55645019322E-16));
#376 = VECTOR('',#377,1.);
#377 = DIRECTION('',(9.376883653929E-17,-1.,-6.123233995737E-17));
#378 = PCURVE('',#379,#384);
#379 = PLANE('',#380);
#380 = AXIS2_PLACEMENT_3D('',#381,#382,#383);
#381 = CARTESIAN_POINT('',(0.,0.,0.));
#382 = DIRECTION('',(3.153195929581E-32,6.123233995737E-17,-1.));
#383 = DIRECTION('',(1.,-1.930775651123E-48,3.153195929581E-32));
#384 = DEFINITIONAL_REPRESENTATION('',(#385),#389);
#385 = LINE('',#386,#387);
#386 = CARTESIAN_POINT('',(54.6,4.175));
#387 = VECTOR('',#388,1.);
#388 = DIRECTION('',(9.376883653929E-17,1.));
#389 = ( GEOMETRIC_REPRESENTATION_CONTEXT(2) 
PARAMETRIC_REPRESENTATION_CONTEXT() REPRESENTATION_CONTEXT('2D SPACE',''
  ) );
#390 = PCURVE('',#248,#391);
#391 = DEFINITIONAL_REPRESENTATION('',(#392),#396);
#392 = LINE('',#393,#394);
#393 = CARTESIAN_POINT('',(4.712388980385,-4.175));
#394 = VECTOR('',#395,1.);
#395 = DIRECTION('',(0.,-1.));
#396 = ( GEOMETRIC_REPRESENTATION_CONTEXT(2) 
PARAMETRIC_REPRESENTATION_CONTEXT() REPRESENTATION_CONTEXT('2D SPACE',''
  ) );
#397 = ORIENTED_EDGE('',*,*,#398,.F.);
#398 = EDGE_CURVE('',#399,#369,#401,.T.);
#399 = VERTEX_POINT('',#400);
#400 = CARTESIAN_POINT('',(59.4,-4.175,-1.27822509661E-16));
#401 = SURFACE_CURVE('',#402,(#406,#413),.PCURVE_S1.);
#402 = LINE('',#403,#404);
#403 = CARTESIAN_POINT('',(238.38006434534,-4.175,-1.27822509661E-16));
#404 = VECTOR('',#405,1.);
#405 = DIRECTION('',(-1.,-9.376883653929E-17,-3.727364457219E-32));
#406 = PCURVE('',#379,#407);
#407 = DEFINITIONAL_REPRESENTATION('',(#408),#412);
#408 = LINE('',#409,#410);
#409 = CARTESIAN_POINT('',(238.38006434534,4.175));
#410 = VECTOR('',#411,1.);
#411 = DIRECTION('',(-1.,9.376883653929E-17));
#412 = ( GEOMETRIC_REPRESENTATION_CONTEXT(2) 
PARAMETRIC_REPRESENTATION_CONTEXT() REPRESENTATION_CONTEXT('2D SPACE',''
  ) );
#413 = PCURVE('',#220,#414);
#414 = DEFINITIONAL_REPRESENTATION('',(#415),#419);
#415 = LINE('',#416,#417);
#416 = CARTESIAN_POINT('',(8.175,-1.951956024717E-33));
#417 = VECTOR('',#418,1.);
#418 = DIRECTION('',(4.722245203762E-32,-1.));
#419 = ( GEOMETRIC_REPRESENTATION_CONTEXT(2) 
PARAMETRIC_REPRESENTATION_CONTEXT() REPRESENTATION_CONTEXT('2D SPACE',''
  ) );
#420 = ORIENTED_EDGE('',*,*,#421,.F.);
#421 = EDGE_CURVE('',#422,#399,#424,.T.);
#422 = VERTEX_POINT('',#423);
#423 = CARTESIAN_POINT('',(59.4,9.175,5.618067191089E-16));
#424 = SURFACE_CURVE('',#425,(#429,#436),.PCURVE_S1.);
#425 = LINE('',#426,#427);
#426 = CARTESIAN_POINT('',(59.4,0.,0.));
#427 = VECTOR('',#428,1.);
#428 = DIRECTION('',(8.80570292374E-17,-1.,-6.123233995737E-17));
#429 = PCURVE('',#379,#430);
#430 = DEFINITIONAL_REPRESENTATION('',(#431),#435);
#431 = LINE('',#432,#433);
#432 = CARTESIAN_POINT('',(59.4,2.917038411497E-61));
#433 = VECTOR('',#434,1.);
#434 = DIRECTION('',(8.80570292374E-17,1.));
#435 = ( GEOMETRIC_REPRESENTATION_CONTEXT(2) 
PARAMETRIC_REPRESENTATION_CONTEXT() REPRESENTATION_CONTEXT('2D SPACE',''
  ) );
#436 = PCURVE('',#437,#442);
#437 = PLANE('',#438);
#438 = AXIS2_PLACEMENT_3D('',#439,#440,#441);
#439 = CARTESIAN_POINT('',(59.4,1.224646799147E-16,-2.));
#440 = DIRECTION('',(-1.,-8.80570292374E-17,-3.692389724571E-32));
#441 = DIRECTION('',(8.80570292374E-17,-1.,0.));
#442 = DEFINITIONAL_REPRESENTATION('',(#443),#447);
#443 = LINE('',#444,#445);
#444 = CARTESIAN_POINT('',(1.224646799147E-16,2.));
#445 = VECTOR('',#446,1.);
#446 = DIRECTION('',(1.,-6.123233995737E-17));
#447 = ( GEOMETRIC_REPRESENTATION_CONTEXT(2) 
PARAMETRIC_REPRESENTATION_CONTEXT() REPRESENTATION_CONTEXT('2D SPACE',''
  ) );
#448 = ORIENTED_EDGE('',*,*,#449,.T.);
#449 = EDGE_CURVE('',#422,#450,#452,.T.);
#450 = VERTEX_POINT('',#451);
#451 = CARTESIAN_POINT('',(54.6,9.175,5.618067191089E-16));
#452 = SURFACE_CURVE('',#453,(#457,#464),.PCURVE_S1.);
#453 = LINE('',#454,#455);
#454 = CARTESIAN_POINT('',(238.38006434534,9.175,5.618067191089E-16));
#455 = VECTOR('',#456,1.);
#456 = DIRECTION('',(-1.,-9.376883653929E-17,-3.727364457219E-32));
#457 = PCURVE('',#379,#458);
#458 = DEFINITIONAL_REPRESENTATION('',(#459),#463);
#459 = LINE('',#460,#461);
#460 = CARTESIAN_POINT('',(238.38006434534,-9.175));
#461 = VECTOR('',#462,1.);
#462 = DIRECTION('',(-1.,9.376883653929E-17));
#463 = ( GEOMETRIC_REPRESENTATION_CONTEXT(2) 
PARAMETRIC_REPRESENTATION_CONTEXT() REPRESENTATION_CONTEXT('2D SPACE',''
  ) );
#464 = PCURVE('',#100,#465);
#465 = DEFINITIONAL_REPRESENTATION('',(#466),#470);
#466 = LINE('',#467,#468);
#467 = CARTESIAN_POINT('',(-8.175,-3.903912049434E-33));
#468 = VECTOR('',#469,1.);
#469 = DIRECTION('',(-5.717125950305E-32,-1.));
#470 = ( GEOMETRIC_REPRESENTATION_CONTEXT(2) 
PARAMETRIC_REPRESENTATION_CONTEXT() REPRESENTATION_CONTEXT('2D SPACE',''
  ) );
#471 = ORIENTED_EDGE('',*,*,#472,.F.);
#472 = EDGE_CURVE('',#473,#450,#475,.T.);
#473 = VERTEX_POINT('',#474);
#474 = CARTESIAN_POINT('',(54.6,28.162504881287,1.724456072942E-15));
#475 = SURFACE_CURVE('',#476,(#480,#487),.PCURVE_S1.);
#476 = LINE('',#477,#478);
#477 = CARTESIAN_POINT('',(54.6,29.679797622181,1.817363457867E-15));
#478 = VECTOR('',#479,1.);
#479 = DIRECTION('',(9.376883653929E-17,-1.,-6.123233995737E-17));
#480 = PCURVE('',#379,#481);
#481 = DEFINITIONAL_REPRESENTATION('',(#482),#486);
#482 = LINE('',#483,#484);
#483 = CARTESIAN_POINT('',(54.6,-29.67979762218));
#484 = VECTOR('',#485,1.);
#485 = DIRECTION('',(9.376883653929E-17,1.));
#486 = ( GEOMETRIC_REPRESENTATION_CONTEXT(2) 
PARAMETRIC_REPRESENTATION_CONTEXT() REPRESENTATION_CONTEXT('2D SPACE',''
  ) );
#487 = PCURVE('',#72,#488);
#488 = DEFINITIONAL_REPRESENTATION('',(#489),#493);
#489 = LINE('',#490,#491);
#490 = CARTESIAN_POINT('',(4.712388980385,29.679797622181));
#491 = VECTOR('',#492,1.);
#492 = DIRECTION('',(0.,-1.));
#493 = ( GEOMETRIC_REPRESENTATION_CONTEXT(2) 
PARAMETRIC_REPRESENTATION_CONTEXT() REPRESENTATION_CONTEXT('2D SPACE',''
  ) );
#494 = ORIENTED_EDGE('',*,*,#495,.T.);
#495 = EDGE_CURVE('',#473,#496,#498,.T.);
#496 = VERTEX_POINT('',#497);
#497 = CARTESIAN_POINT('',(51.615667421878,26.119190488725,
    1.599339151417E-15));
#498 = SURFACE_CURVE('',#499,(#503,#510),.PCURVE_S1.);
#499 = LINE('',#500,#501);
#500 = CARTESIAN_POINT('',(4.298426329666,-6.278002923571,
    -3.844168092695E-16));
#501 = VECTOR('',#502,1.);
#502 = DIRECTION('',(-0.825126486137,-0.564948034668,-3.459309011707E-17
    ));
#503 = PCURVE('',#379,#504);
#504 = DEFINITIONAL_REPRESENTATION('',(#505),#509);
#505 = LINE('',#506,#507);
#506 = CARTESIAN_POINT('',(4.298426329666,6.278002923571));
#507 = VECTOR('',#508,1.);
#508 = DIRECTION('',(-0.825126486137,0.564948034668));
#509 = ( GEOMETRIC_REPRESENTATION_CONTEXT(2) 
PARAMETRIC_REPRESENTATION_CONTEXT() REPRESENTATION_CONTEXT('2D SPACE',''
  ) );
#510 = PCURVE('',#511,#516);
#511 = CYLINDRICAL_SURFACE('',#512,2.4);
#512 = AXIS2_PLACEMENT_3D('',#513,#514,#515);
#513 = CARTESIAN_POINT('',(4.298426329666,-6.278002923571,2.4));
#514 = DIRECTION('',(-0.825126486137,-0.564948034668,-3.459309011707E-17
    ));
#515 = DIRECTION('',(0.564948034668,-0.825126486137,0.));
#516 = DEFINITIONAL_REPRESENTATION('',(#517),#521);
#517 = LINE('',#518,#519);
#518 = CARTESIAN_POINT('',(4.712388980385,-7.105427357601E-15));
#519 = VECTOR('',#520,1.);
#520 = DIRECTION('',(-4.911379809892E-16,1.));
#521 = ( GEOMETRIC_REPRESENTATION_CONTEXT(2) 
PARAMETRIC_REPRESENTATION_CONTEXT() REPRESENTATION_CONTEXT('2D SPACE',''
  ) );
#522 = ORIENTED_EDGE('',*,*,#523,.T.);
#523 = EDGE_CURVE('',#496,#524,#526,.T.);
#524 = VERTEX_POINT('',#525);
#525 = CARTESIAN_POINT('',(41.6,31.4,1.922695474661E-15));
#526 = SURFACE_CURVE('',#527,(#532,#539),.PCURVE_S1.);
#527 = CIRCLE('',#528,6.4);
#528 = AXIS2_PLACEMENT_3D('',#529,#530,#531);
#529 = CARTESIAN_POINT('',(48.,31.4,1.734723475977E-15));
#530 = DIRECTION('',(3.153195929581E-32,6.123233995737E-17,-1.));
#531 = DIRECTION('',(0.,1.,6.123233995737E-17));
#532 = PCURVE('',#379,#533);
#533 = DEFINITIONAL_REPRESENTATION('',(#534),#538);
#534 = CIRCLE('',#535,6.4);
#535 = AXIS2_PLACEMENT_2D('',#536,#537);
#536 = CARTESIAN_POINT('',(48.,-31.4));
#537 = DIRECTION('',(4.861730685829E-63,-1.));
#538 = ( GEOMETRIC_REPRESENTATION_CONTEXT(2) 
PARAMETRIC_REPRESENTATION_CONTEXT() REPRESENTATION_CONTEXT('2D SPACE',''
  ) );
#539 = PCURVE('',#540,#545);
#540 = TOROIDAL_SURFACE('',#541,6.4,2.4);
#541 = AXIS2_PLACEMENT_3D('',#542,#543,#544);
#542 = CARTESIAN_POINT('',(48.,31.4,2.4));
#543 = DIRECTION('',(3.153195929581E-32,6.123233995737E-17,-1.));
#544 = DIRECTION('',(0.,1.,6.123233995737E-17));
#545 = DEFINITIONAL_REPRESENTATION('',(#546),#550);
#546 = LINE('',#547,#548);
#547 = CARTESIAN_POINT('',(-4.440892098501E-16,1.570796326795));
#548 = VECTOR('',#549,1.);
#549 = DIRECTION('',(1.,7.15888054926E-16));
#550 = ( GEOMETRIC_REPRESENTATION_CONTEXT(2) 
PARAMETRIC_REPRESENTATION_CONTEXT() REPRESENTATION_CONTEXT('2D SPACE',''
  ) );
#551 = ORIENTED_EDGE('',*,*,#552,.T.);
#552 = EDGE_CURVE('',#524,#553,#555,.T.);
#553 = VERTEX_POINT('',#554);
#554 = CARTESIAN_POINT('',(41.6,34.6,2.118638962525E-15));
#555 = SURFACE_CURVE('',#556,(#560,#567),.PCURVE_S1.);
#556 = LINE('',#557,#558);
#557 = CARTESIAN_POINT('',(41.6,-8.032026708672E-47,1.311729506706E-30)
  );
#558 = VECTOR('',#559,1.);
#559 = DIRECTION('',(-3.038581678643E-64,1.,6.123233995737E-17));
#560 = PCURVE('',#379,#561);
#561 = DEFINITIONAL_REPRESENTATION('',(#562),#566);
#562 = LINE('',#563,#564);
#563 = CARTESIAN_POINT('',(41.6,-1.458519205749E-61));
#564 = VECTOR('',#565,1.);
#565 = DIRECTION('',(4.557872517965E-63,-1.));
#566 = ( GEOMETRIC_REPRESENTATION_CONTEXT(2) 
PARAMETRIC_REPRESENTATION_CONTEXT() REPRESENTATION_CONTEXT('2D SPACE',''
  ) );
#567 = PCURVE('',#568,#573);
#568 = CYLINDRICAL_SURFACE('',#569,2.4);
#569 = AXIS2_PLACEMENT_3D('',#570,#571,#572);
#570 = CARTESIAN_POINT('',(41.6,-1.469576158977E-16,2.4));
#571 = DIRECTION('',(-3.038581678643E-64,1.,6.123233995737E-17));
#572 = DIRECTION('',(0.,-6.123233995737E-17,1.));
#573 = DEFINITIONAL_REPRESENTATION('',(#574),#578);
#574 = LINE('',#575,#576);
#575 = CARTESIAN_POINT('',(3.14159265359,0.));
#576 = VECTOR('',#577,1.);
#577 = DIRECTION('',(0.,1.));
#578 = ( GEOMETRIC_REPRESENTATION_CONTEXT(2) 
PARAMETRIC_REPRESENTATION_CONTEXT() REPRESENTATION_CONTEXT('2D SPACE',''
  ) );
#579 = ORIENTED_EDGE('',*,*,#580,.T.);
#580 = EDGE_CURVE('',#553,#581,#583,.T.);
#581 = VERTEX_POINT('',#582);
#582 = CARTESIAN_POINT('',(-41.6,34.6,2.118638962525E-15));
#583 = SURFACE_CURVE('',#584,(#588,#595),.PCURVE_S1.);
#584 = LINE('',#585,#586);
#585 = CARTESIAN_POINT('',(-4.212030334652E-15,34.6,2.118638962525E-15)
  );
#586 = VECTOR('',#587,1.);
#587 = DIRECTION('',(-1.,-1.217349807703E-16,-3.898607702304E-32));
#588 = PCURVE('',#379,#589);
#589 = DEFINITIONAL_REPRESENTATION('',(#590),#594);
#590 = LINE('',#591,#592);
#591 = CARTESIAN_POINT('',(-4.212030334652E-15,-34.6));
#592 = VECTOR('',#593,1.);
#593 = DIRECTION('',(-1.,1.217349807703E-16));
#594 = ( GEOMETRIC_REPRESENTATION_CONTEXT(2) 
PARAMETRIC_REPRESENTATION_CONTEXT() REPRESENTATION_CONTEXT('2D SPACE',''
  ) );
#595 = PCURVE('',#596,#601);
#596 = CYLINDRICAL_SURFACE('',#597,2.4);
#597 = AXIS2_PLACEMENT_3D('',#598,#599,#600);
#598 = CARTESIAN_POINT('',(-4.212030334652E-15,34.6,2.4));
#599 = DIRECTION('',(-1.,-1.217349807703E-16,-3.898607702304E-32));
#600 = DIRECTION('',(1.217349807703E-16,-1.,0.));
#601 = DEFINITIONAL_REPRESENTATION('',(#602),#606);
#602 = LINE('',#603,#604);
#603 = CARTESIAN_POINT('',(4.712388980385,0.));
#604 = VECTOR('',#605,1.);
#605 = DIRECTION('',(0.,1.));
#606 = ( GEOMETRIC_REPRESENTATION_CONTEXT(2) 
PARAMETRIC_REPRESENTATION_CONTEXT() REPRESENTATION_CONTEXT('2D SPACE',''
  ) );
#607 = ORIENTED_EDGE('',*,*,#608,.F.);
#608 = EDGE_CURVE('',#609,#581,#611,.T.);
#609 = VERTEX_POINT('',#610);
#610 = CARTESIAN_POINT('',(-41.6,31.4,1.922695474661E-15));
#611 = SURFACE_CURVE('',#612,(#616,#623),.PCURVE_S1.);
#612 = LINE('',#613,#614);
#613 = CARTESIAN_POINT('',(-41.6,31.4,1.922695474661E-15));
#614 = VECTOR('',#615,1.);
#615 = DIRECTION('',(-3.038581678643E-64,1.,6.123233995737E-17));
#616 = PCURVE('',#379,#617);
#617 = DEFINITIONAL_REPRESENTATION('',(#618),#622);
#618 = LINE('',#619,#620);
#619 = CARTESIAN_POINT('',(-41.6,-31.4));
#620 = VECTOR('',#621,1.);
#621 = DIRECTION('',(4.557872517965E-63,-1.));
#622 = ( GEOMETRIC_REPRESENTATION_CONTEXT(2) 
PARAMETRIC_REPRESENTATION_CONTEXT() REPRESENTATION_CONTEXT('2D SPACE',''
  ) );
#623 = PCURVE('',#624,#629);
#624 = CYLINDRICAL_SURFACE('',#625,2.4);
#625 = AXIS2_PLACEMENT_3D('',#626,#627,#628);
#626 = CARTESIAN_POINT('',(-41.6,33.4,2.4));
#627 = DIRECTION('',(3.038581678643E-64,-1.,-6.123233995737E-17));
#628 = DIRECTION('',(0.,6.123233995737E-17,-1.));
#629 = DEFINITIONAL_REPRESENTATION('',(#630),#634);
#630 = LINE('',#631,#632);
#631 = CARTESIAN_POINT('',(6.28318530718,2.));
#632 = VECTOR('',#633,1.);
#633 = DIRECTION('',(0.,-1.));
#634 = ( GEOMETRIC_REPRESENTATION_CONTEXT(2) 
PARAMETRIC_REPRESENTATION_CONTEXT() REPRESENTATION_CONTEXT('2D SPACE',''
  ) );
#635 = ORIENTED_EDGE('',*,*,#636,.T.);
#636 = EDGE_CURVE('',#609,#637,#639,.T.);
#637 = VERTEX_POINT('',#638);
#638 = CARTESIAN_POINT('',(-51.61566742187,26.119190488725,
    1.599339151417E-15));
#639 = SURFACE_CURVE('',#640,(#645,#652),.PCURVE_S1.);
#640 = CIRCLE('',#641,6.4);
#641 = AXIS2_PLACEMENT_3D('',#642,#643,#644);
#642 = CARTESIAN_POINT('',(-48.,31.4,1.734723475977E-15));
#643 = DIRECTION('',(3.153195929581E-32,6.123233995737E-17,-1.));
#644 = DIRECTION('',(0.,1.,6.123233995737E-17));
#645 = PCURVE('',#379,#646);
#646 = DEFINITIONAL_REPRESENTATION('',(#647),#651);
#647 = CIRCLE('',#648,6.4);
#648 = AXIS2_PLACEMENT_2D('',#649,#650);
#649 = CARTESIAN_POINT('',(-48.,-31.4));
#650 = DIRECTION('',(4.861730685829E-63,-1.));
#651 = ( GEOMETRIC_REPRESENTATION_CONTEXT(2) 
PARAMETRIC_REPRESENTATION_CONTEXT() REPRESENTATION_CONTEXT('2D SPACE',''
  ) );
#652 = PCURVE('',#653,#658);
#653 = TOROIDAL_SURFACE('',#654,6.4,2.4);
#654 = AXIS2_PLACEMENT_3D('',#655,#656,#657);
#655 = CARTESIAN_POINT('',(-48.,31.4,2.4));
#656 = DIRECTION('',(3.153195929581E-32,6.123233995737E-17,-1.));
#657 = DIRECTION('',(0.,1.,6.123233995737E-17));
#658 = DEFINITIONAL_REPRESENTATION('',(#659),#663);
#659 = LINE('',#660,#661);
#660 = CARTESIAN_POINT('',(0.,1.570796326795));
#661 = VECTOR('',#662,1.);
#662 = DIRECTION('',(1.,1.022697221323E-16));
#663 = ( GEOMETRIC_REPRESENTATION_CONTEXT(2) 
PARAMETRIC_REPRESENTATION_CONTEXT() REPRESENTATION_CONTEXT('2D SPACE',''
  ) );
#664 = ORIENTED_EDGE('',*,*,#665,.F.);
#665 = EDGE_CURVE('',#666,#637,#668,.T.);
#666 = VERTEX_POINT('',#667);
#667 = CARTESIAN_POINT('',(-54.6,28.162504881287,1.724456072942E-15));
#668 = SURFACE_CURVE('',#669,(#673,#680),.PCURVE_S1.);
#669 = LINE('',#670,#671);
#670 = CARTESIAN_POINT('',(-55.85195842773,29.019696433272,
    1.776943917462E-15));
#671 = VECTOR('',#672,1.);
#672 = DIRECTION('',(0.825126486137,-0.564948034668,-3.459309011707E-17)
  );
#673 = PCURVE('',#379,#674);
#674 = DEFINITIONAL_REPRESENTATION('',(#675),#679);
#675 = LINE('',#676,#677);
#676 = CARTESIAN_POINT('',(-55.85195842773,-29.01969643327));
#677 = VECTOR('',#678,1.);
#678 = DIRECTION('',(0.825126486137,0.564948034668));
#679 = ( GEOMETRIC_REPRESENTATION_CONTEXT(2) 
PARAMETRIC_REPRESENTATION_CONTEXT() REPRESENTATION_CONTEXT('2D SPACE',''
  ) );
#680 = PCURVE('',#681,#686);
#681 = CYLINDRICAL_SURFACE('',#682,2.4);
#682 = AXIS2_PLACEMENT_3D('',#683,#684,#685);
#683 = CARTESIAN_POINT('',(-53.7338129248,27.569443460999,2.4));
#684 = DIRECTION('',(-0.825126486137,0.564948034668,3.459309011707E-17)
  );
#685 = DIRECTION('',(-0.564948034668,-0.825126486137,3.08148791102E-33)
  );
#686 = DEFINITIONAL_REPRESENTATION('',(#687),#691);
#687 = LINE('',#688,#689);
#688 = CARTESIAN_POINT('',(4.712388980385,2.567055522415));
#689 = VECTOR('',#690,1.);
#690 = DIRECTION('',(0.,-1.));
#691 = ( GEOMETRIC_REPRESENTATION_CONTEXT(2) 
PARAMETRIC_REPRESENTATION_CONTEXT() REPRESENTATION_CONTEXT('2D SPACE',''
  ) );
#692 = ORIENTED_EDGE('',*,*,#693,.T.);
#693 = EDGE_CURVE('',#666,#694,#696,.T.);
#694 = VERTEX_POINT('',#695);
#695 = CARTESIAN_POINT('',(-54.6,-28.16250488128,-1.724456072942E-15));
#696 = SURFACE_CURVE('',#697,(#701,#708),.PCURVE_S1.);
#697 = LINE('',#698,#699);
#698 = CARTESIAN_POINT('',(-54.6,-5.119778475045E-15,-2.035140993642E-30
    ));
#699 = VECTOR('',#700,1.);
#700 = DIRECTION('',(9.376883653929E-17,-1.,-6.123233995737E-17));
#701 = PCURVE('',#379,#702);
#702 = DEFINITIONAL_REPRESENTATION('',(#703),#707);
#703 = LINE('',#704,#705);
#704 = CARTESIAN_POINT('',(-54.6,5.119778475045E-15));
#705 = VECTOR('',#706,1.);
#706 = DIRECTION('',(9.376883653929E-17,1.));
#707 = ( GEOMETRIC_REPRESENTATION_CONTEXT(2) 
PARAMETRIC_REPRESENTATION_CONTEXT() REPRESENTATION_CONTEXT('2D SPACE',''
  ) );
#708 = PCURVE('',#709,#714);
#709 = CYLINDRICAL_SURFACE('',#710,2.4);
#710 = AXIS2_PLACEMENT_3D('',#711,#712,#713);
#711 = CARTESIAN_POINT('',(-54.6,-5.266736090943E-15,2.4));
#712 = DIRECTION('',(9.376883653929E-17,-1.,-6.123233995737E-17));
#713 = DIRECTION('',(1.,9.376883653929E-17,0.));
#714 = DEFINITIONAL_REPRESENTATION('',(#715),#719);
#715 = LINE('',#716,#717);
#716 = CARTESIAN_POINT('',(4.712388980385,0.));
#717 = VECTOR('',#718,1.);
#718 = DIRECTION('',(0.,1.));
#719 = ( GEOMETRIC_REPRESENTATION_CONTEXT(2) 
PARAMETRIC_REPRESENTATION_CONTEXT() REPRESENTATION_CONTEXT('2D SPACE',''
  ) );
#720 = ORIENTED_EDGE('',*,*,#721,.T.);
#721 = EDGE_CURVE('',#694,#722,#724,.T.);
#722 = VERTEX_POINT('',#723);
#723 = CARTESIAN_POINT('',(-51.61566742187,-26.11919048872,
    -1.599339151417E-15));
#724 = SURFACE_CURVE('',#725,(#729,#736),.PCURVE_S1.);
#725 = LINE('',#726,#727);
#726 = CARTESIAN_POINT('',(-4.298426329666,6.278002923571,
    3.844168092695E-16));
#727 = VECTOR('',#728,1.);
#728 = DIRECTION('',(0.825126486137,0.564948034668,3.459309011707E-17));
#729 = PCURVE('',#379,#730);
#730 = DEFINITIONAL_REPRESENTATION('',(#731),#735);
#731 = LINE('',#732,#733);
#732 = CARTESIAN_POINT('',(-4.298426329666,-6.278002923571));
#733 = VECTOR('',#734,1.);
#734 = DIRECTION('',(0.825126486137,-0.564948034668));
#735 = ( GEOMETRIC_REPRESENTATION_CONTEXT(2) 
PARAMETRIC_REPRESENTATION_CONTEXT() REPRESENTATION_CONTEXT('2D SPACE',''
  ) );
#736 = PCURVE('',#737,#742);
#737 = CYLINDRICAL_SURFACE('',#738,2.4);
#738 = AXIS2_PLACEMENT_3D('',#739,#740,#741);
#739 = CARTESIAN_POINT('',(-4.298426329666,6.278002923571,2.4));
#740 = DIRECTION('',(0.825126486137,0.564948034668,3.459309011707E-17));
#741 = DIRECTION('',(-0.564948034668,0.825126486137,0.));
#742 = DEFINITIONAL_REPRESENTATION('',(#743),#747);
#743 = LINE('',#744,#745);
#744 = CARTESIAN_POINT('',(4.712388980385,-7.105427357601E-15));
#745 = VECTOR('',#746,1.);
#746 = DIRECTION('',(-4.911379809892E-16,1.));
#747 = ( GEOMETRIC_REPRESENTATION_CONTEXT(2) 
PARAMETRIC_REPRESENTATION_CONTEXT() REPRESENTATION_CONTEXT('2D SPACE',''
  ) );
#748 = ORIENTED_EDGE('',*,*,#749,.T.);
#749 = EDGE_CURVE('',#722,#750,#752,.T.);
#750 = VERTEX_POINT('',#751);
#751 = CARTESIAN_POINT('',(-41.6,-31.4,-1.922695474661E-15));
#752 = SURFACE_CURVE('',#753,(#758,#765),.PCURVE_S1.);
#753 = CIRCLE('',#754,6.4);
#754 = AXIS2_PLACEMENT_3D('',#755,#756,#757);
#755 = CARTESIAN_POINT('',(-48.,-31.4,-1.734723475977E-15));
#756 = DIRECTION('',(3.153195929581E-32,6.123233995737E-17,-1.));
#757 = DIRECTION('',(0.,1.,6.123233995737E-17));
#758 = PCURVE('',#379,#759);
#759 = DEFINITIONAL_REPRESENTATION('',(#760),#764);
#760 = CIRCLE('',#761,6.4);
#761 = AXIS2_PLACEMENT_2D('',#762,#763);
#762 = CARTESIAN_POINT('',(-48.,31.4));
#763 = DIRECTION('',(4.861730685829E-63,-1.));
#764 = ( GEOMETRIC_REPRESENTATION_CONTEXT(2) 
PARAMETRIC_REPRESENTATION_CONTEXT() REPRESENTATION_CONTEXT('2D SPACE',''
  ) );
#765 = PCURVE('',#766,#771);
#766 = TOROIDAL_SURFACE('',#767,6.4,2.4);
#767 = AXIS2_PLACEMENT_3D('',#768,#769,#770);
#768 = CARTESIAN_POINT('',(-48.,-31.4,2.4));
#769 = DIRECTION('',(3.153195929581E-32,6.123233995737E-17,-1.));
#770 = DIRECTION('',(0.,1.,6.123233995737E-17));
#771 = DEFINITIONAL_REPRESENTATION('',(#772),#776);
#772 = LINE('',#773,#774);
#773 = CARTESIAN_POINT('',(-6.28318530718,1.570796326795));
#774 = VECTOR('',#775,1.);
#775 = DIRECTION('',(1.,7.15888054926E-16));
#776 = ( GEOMETRIC_REPRESENTATION_CONTEXT(2) 
PARAMETRIC_REPRESENTATION_CONTEXT() REPRESENTATION_CONTEXT('2D SPACE',''
  ) );
#777 = ORIENTED_EDGE('',*,*,#778,.T.);
#778 = EDGE_CURVE('',#750,#779,#781,.T.);
#779 = VERTEX_POINT('',#780);
#780 = CARTESIAN_POINT('',(-41.6,-34.6,-2.118638962525E-15));
#781 = SURFACE_CURVE('',#782,(#786,#793),.PCURVE_S1.);
#782 = LINE('',#783,#784);
#783 = CARTESIAN_POINT('',(-41.6,8.032026708672E-47,-1.311729506706E-30)
  );
#784 = VECTOR('',#785,1.);
#785 = DIRECTION('',(3.038581678643E-64,-1.,-6.123233995737E-17));
#786 = PCURVE('',#379,#787);
#787 = DEFINITIONAL_REPRESENTATION('',(#788),#792);
#788 = LINE('',#789,#790);
#789 = CARTESIAN_POINT('',(-41.6,1.458519205749E-61));
#790 = VECTOR('',#791,1.);
#791 = DIRECTION('',(-4.557872517965E-63,1.));
#792 = ( GEOMETRIC_REPRESENTATION_CONTEXT(2) 
PARAMETRIC_REPRESENTATION_CONTEXT() REPRESENTATION_CONTEXT('2D SPACE',''
  ) );
#793 = PCURVE('',#794,#799);
#794 = CYLINDRICAL_SURFACE('',#795,2.4);
#795 = AXIS2_PLACEMENT_3D('',#796,#797,#798);
#796 = CARTESIAN_POINT('',(-41.6,-1.469576158977E-16,2.4));
#797 = DIRECTION('',(3.038581678643E-64,-1.,-6.123233995737E-17));
#798 = DIRECTION('',(0.,6.123233995737E-17,-1.));
#799 = DEFINITIONAL_REPRESENTATION('',(#800),#804);
#800 = LINE('',#801,#802);
#801 = CARTESIAN_POINT('',(6.28318530718,0.));
#802 = VECTOR('',#803,1.);
#803 = DIRECTION('',(0.,1.));
#804 = ( GEOMETRIC_REPRESENTATION_CONTEXT(2) 
PARAMETRIC_REPRESENTATION_CONTEXT() REPRESENTATION_CONTEXT('2D SPACE',''
  ) );
#805 = ORIENTED_EDGE('',*,*,#806,.F.);
#806 = EDGE_CURVE('',#807,#779,#809,.T.);
#807 = VERTEX_POINT('',#808);
#808 = CARTESIAN_POINT('',(41.6,-34.6,-2.118638962525E-15));
#809 = SURFACE_CURVE('',#810,(#814,#821),.PCURVE_S1.);
#810 = LINE('',#811,#812);
#811 = CARTESIAN_POINT('',(42.4,-34.6,-2.118638962525E-15));
#812 = VECTOR('',#813,1.);
#813 = DIRECTION('',(-1.,-1.217349807703E-16,-3.898607702304E-32));
#814 = PCURVE('',#379,#815);
#815 = DEFINITIONAL_REPRESENTATION('',(#816),#820);
#816 = LINE('',#817,#818);
#817 = CARTESIAN_POINT('',(42.4,34.6));
#818 = VECTOR('',#819,1.);
#819 = DIRECTION('',(-1.,1.217349807703E-16));
#820 = ( GEOMETRIC_REPRESENTATION_CONTEXT(2) 
PARAMETRIC_REPRESENTATION_CONTEXT() REPRESENTATION_CONTEXT('2D SPACE',''
  ) );
#821 = PCURVE('',#822,#827);
#822 = CYLINDRICAL_SURFACE('',#823,2.4);
#823 = AXIS2_PLACEMENT_3D('',#824,#825,#826);
#824 = CARTESIAN_POINT('',(6.646729950058E-15,-34.6,2.4));
#825 = DIRECTION('',(1.,1.217349807703E-16,3.898607702304E-32));
#826 = DIRECTION('',(-1.217349807703E-16,1.,0.));
#827 = DEFINITIONAL_REPRESENTATION('',(#828),#832);
#828 = LINE('',#829,#830);
#829 = CARTESIAN_POINT('',(4.712388980385,42.4));
#830 = VECTOR('',#831,1.);
#831 = DIRECTION('',(4.270088556251E-17,-1.));
#832 = ( GEOMETRIC_REPRESENTATION_CONTEXT(2) 
PARAMETRIC_REPRESENTATION_CONTEXT() REPRESENTATION_CONTEXT('2D SPACE',''
  ) );
#833 = ORIENTED_EDGE('',*,*,#834,.F.);
#834 = EDGE_CURVE('',#835,#807,#837,.T.);
#835 = VERTEX_POINT('',#836);
#836 = CARTESIAN_POINT('',(41.6,-31.4,-1.922695474661E-15));
#837 = SURFACE_CURVE('',#838,(#842,#849),.PCURVE_S1.);
#838 = LINE('',#839,#840);
#839 = CARTESIAN_POINT('',(41.6,-31.4,-1.922695474661E-15));
#840 = VECTOR('',#841,1.);
#841 = DIRECTION('',(3.038581678643E-64,-1.,-6.123233995737E-17));
#842 = PCURVE('',#379,#843);
#843 = DEFINITIONAL_REPRESENTATION('',(#844),#848);
#844 = LINE('',#845,#846);
#845 = CARTESIAN_POINT('',(41.6,31.4));
#846 = VECTOR('',#847,1.);
#847 = DIRECTION('',(-4.557872517965E-63,1.));
#848 = ( GEOMETRIC_REPRESENTATION_CONTEXT(2) 
PARAMETRIC_REPRESENTATION_CONTEXT() REPRESENTATION_CONTEXT('2D SPACE',''
  ) );
#849 = PCURVE('',#850,#855);
#850 = CYLINDRICAL_SURFACE('',#851,2.4);
#851 = AXIS2_PLACEMENT_3D('',#852,#853,#854);
#852 = CARTESIAN_POINT('',(41.6,-33.4,2.4));
#853 = DIRECTION('',(-3.038581678643E-64,1.,6.123233995737E-17));
#854 = DIRECTION('',(0.,-6.123233995737E-17,1.));
#855 = DEFINITIONAL_REPRESENTATION('',(#856),#860);
#856 = LINE('',#857,#858);
#857 = CARTESIAN_POINT('',(3.14159265359,2.));
#858 = VECTOR('',#859,1.);
#859 = DIRECTION('',(0.,-1.));
#860 = ( GEOMETRIC_REPRESENTATION_CONTEXT(2) 
PARAMETRIC_REPRESENTATION_CONTEXT() REPRESENTATION_CONTEXT('2D SPACE',''
  ) );
#861 = ORIENTED_EDGE('',*,*,#862,.T.);
#862 = EDGE_CURVE('',#835,#863,#865,.T.);
#863 = VERTEX_POINT('',#864);
#864 = CARTESIAN_POINT('',(51.615667421878,-26.11919048872,
    -1.599339151417E-15));
#865 = SURFACE_CURVE('',#866,(#871,#878),.PCURVE_S1.);
#866 = CIRCLE('',#867,6.4);
#867 = AXIS2_PLACEMENT_3D('',#868,#869,#870);
#868 = CARTESIAN_POINT('',(48.,-31.4,-1.734723475977E-15));
#869 = DIRECTION('',(3.153195929581E-32,6.123233995737E-17,-1.));
#870 = DIRECTION('',(0.,1.,6.123233995737E-17));
#871 = PCURVE('',#379,#872);
#872 = DEFINITIONAL_REPRESENTATION('',(#873),#877);
#873 = CIRCLE('',#874,6.4);
#874 = AXIS2_PLACEMENT_2D('',#875,#876);
#875 = CARTESIAN_POINT('',(48.,31.4));
#876 = DIRECTION('',(4.861730685829E-63,-1.));
#877 = ( GEOMETRIC_REPRESENTATION_CONTEXT(2) 
PARAMETRIC_REPRESENTATION_CONTEXT() REPRESENTATION_CONTEXT('2D SPACE',''
  ) );
#878 = PCURVE('',#879,#884);
#879 = TOROIDAL_SURFACE('',#880,6.4,2.4);
#880 = AXIS2_PLACEMENT_3D('',#881,#882,#883);
#881 = CARTESIAN_POINT('',(48.,-31.4,2.4));
#882 = DIRECTION('',(3.153195929581E-32,6.123233995737E-17,-1.));
#883 = DIRECTION('',(0.,1.,6.123233995737E-17));
#884 = DEFINITIONAL_REPRESENTATION('',(#885),#889);
#885 = LINE('',#886,#887);
#886 = CARTESIAN_POINT('',(0.,1.570796326795));
#887 = VECTOR('',#888,1.);
#888 = DIRECTION('',(1.,-4.090788885291E-16));
#889 = ( GEOMETRIC_REPRESENTATION_CONTEXT(2) 
PARAMETRIC_REPRESENTATION_CONTEXT() REPRESENTATION_CONTEXT('2D SPACE',''
  ) );
#890 = ORIENTED_EDGE('',*,*,#891,.F.);
#891 = EDGE_CURVE('',#371,#863,#892,.T.);
#892 = SURFACE_CURVE('',#893,(#897,#904),.PCURVE_S1.);
#893 = LINE('',#894,#895);
#894 = CARTESIAN_POINT('',(55.851958427735,-29.01969643327,
    -1.776943917462E-15));
#895 = VECTOR('',#896,1.);
#896 = DIRECTION('',(-0.825126486137,0.564948034668,3.459309011707E-17)
  );
#897 = PCURVE('',#379,#898);
#898 = DEFINITIONAL_REPRESENTATION('',(#899),#903);
#899 = LINE('',#900,#901);
#900 = CARTESIAN_POINT('',(55.851958427735,29.019696433272));
#901 = VECTOR('',#902,1.);
#902 = DIRECTION('',(-0.825126486137,-0.564948034668));
#903 = ( GEOMETRIC_REPRESENTATION_CONTEXT(2) 
PARAMETRIC_REPRESENTATION_CONTEXT() REPRESENTATION_CONTEXT('2D SPACE',''
  ) );
#904 = PCURVE('',#905,#910);
#905 = CYLINDRICAL_SURFACE('',#906,2.4);
#906 = AXIS2_PLACEMENT_3D('',#907,#908,#909);
#907 = CARTESIAN_POINT('',(53.733812924806,-27.56944346099,2.4));
#908 = DIRECTION('',(0.825126486137,-0.564948034668,-3.459309011707E-17)
  );
#909 = DIRECTION('',(0.564948034668,0.825126486137,-3.08148791102E-33));
#910 = DEFINITIONAL_REPRESENTATION('',(#911),#915);
#911 = LINE('',#912,#913);
#912 = CARTESIAN_POINT('',(4.712388980385,2.567055522415));
#913 = VECTOR('',#914,1.);
#914 = DIRECTION('',(0.,-1.));
#915 = ( GEOMETRIC_REPRESENTATION_CONTEXT(2) 
PARAMETRIC_REPRESENTATION_CONTEXT() REPRESENTATION_CONTEXT('2D SPACE',''
  ) );
#916 = ADVANCED_FACE('',(#917),#931,.T.);
#917 = FACE_BOUND('',#918,.T.);
#918 = EDGE_LOOP('',(#919,#954,#977,#1005,#1033,#1061,#1084,#1112));
#919 = ORIENTED_EDGE('',*,*,#920,.T.);
#920 = EDGE_CURVE('',#921,#923,#925,.T.);
#921 = VERTEX_POINT('',#922);
#922 = CARTESIAN_POINT('',(-57.,-29.67979762218,4.));
#923 = VERTEX_POINT('',#924);
#924 = CARTESIAN_POINT('',(-57.,-29.67979762218,2.4));
#925 = SURFACE_CURVE('',#926,(#930,#942),.PCURVE_S1.);
#926 = LINE('',#927,#928);
#927 = CARTESIAN_POINT('',(-57.,-29.67979762218,4.002));
#928 = VECTOR('',#929,1.);
#929 = DIRECTION('',(3.153195929581E-32,6.123233995737E-17,-1.));
#930 = PCURVE('',#931,#936);
#931 = PLANE('',#932);
#932 = AXIS2_PLACEMENT_3D('',#933,#934,#935);
#933 = CARTESIAN_POINT('',(-57.,-1.422081137626E-14,5.602));
#934 = DIRECTION('',(1.,9.376883653929E-17,3.727364457219E-32));
#935 = DIRECTION('',(-9.376883653929E-17,1.,0.));
#936 = DEFINITIONAL_REPRESENTATION('',(#937),#941);
#937 = LINE('',#938,#939);
#938 = CARTESIAN_POINT('',(-29.67979762218,-1.6));
#939 = VECTOR('',#940,1.);
#940 = DIRECTION('',(6.123233995737E-17,-1.));
#941 = ( GEOMETRIC_REPRESENTATION_CONTEXT(2) 
PARAMETRIC_REPRESENTATION_CONTEXT() REPRESENTATION_CONTEXT('2D SPACE',''
  ) );
#942 = PCURVE('',#943,#948);
#943 = CYLINDRICAL_SURFACE('',#944,1.6);
#944 = AXIS2_PLACEMENT_3D('',#945,#946,#947);
#945 = CARTESIAN_POINT('',(-55.4,-29.67979762218,4.002));
#946 = DIRECTION('',(3.153195929581E-32,6.123233995737E-17,-1.));
#947 = DIRECTION('',(0.,1.,6.123233995737E-17));
#948 = DEFINITIONAL_REPRESENTATION('',(#949),#953);
#949 = LINE('',#950,#951);
#950 = CARTESIAN_POINT('',(4.712388980385,0.));
#951 = VECTOR('',#952,1.);
#952 = DIRECTION('',(0.,1.));
#953 = ( GEOMETRIC_REPRESENTATION_CONTEXT(2) 
PARAMETRIC_REPRESENTATION_CONTEXT() REPRESENTATION_CONTEXT('2D SPACE',''
  ) );
#954 = ORIENTED_EDGE('',*,*,#955,.F.);
#955 = EDGE_CURVE('',#956,#923,#958,.T.);
#956 = VERTEX_POINT('',#957);
#957 = CARTESIAN_POINT('',(-57.,29.679797622181,2.4));
#958 = SURFACE_CURVE('',#959,(#963,#970),.PCURVE_S1.);
#959 = LINE('',#960,#961);
#960 = CARTESIAN_POINT('',(-57.,-1.402474542371E-14,2.4));
#961 = VECTOR('',#962,1.);
#962 = DIRECTION('',(9.376883653929E-17,-1.,-6.123233995737E-17));
#963 = PCURVE('',#931,#964);
#964 = DEFINITIONAL_REPRESENTATION('',(#965),#969);
#965 = LINE('',#966,#967);
#966 = CARTESIAN_POINT('',(1.960659525435E-16,-3.202));
#967 = VECTOR('',#968,1.);
#968 = DIRECTION('',(-1.,-6.123233995737E-17));
#969 = ( GEOMETRIC_REPRESENTATION_CONTEXT(2) 
PARAMETRIC_REPRESENTATION_CONTEXT() REPRESENTATION_CONTEXT('2D SPACE',''
  ) );
#970 = PCURVE('',#709,#971);
#971 = DEFINITIONAL_REPRESENTATION('',(#972),#976);
#972 = LINE('',#973,#974);
#973 = CARTESIAN_POINT('',(3.14159265359,7.105427357601E-15));
#974 = VECTOR('',#975,1.);
#975 = DIRECTION('',(0.,1.));
#976 = ( GEOMETRIC_REPRESENTATION_CONTEXT(2) 
PARAMETRIC_REPRESENTATION_CONTEXT() REPRESENTATION_CONTEXT('2D SPACE',''
  ) );
#977 = ORIENTED_EDGE('',*,*,#978,.F.);
#978 = EDGE_CURVE('',#979,#956,#981,.T.);
#979 = VERTEX_POINT('',#980);
#980 = CARTESIAN_POINT('',(-57.,29.679797622181,4.));
#981 = SURFACE_CURVE('',#982,(#986,#993),.PCURVE_S1.);
#982 = LINE('',#983,#984);
#983 = CARTESIAN_POINT('',(-57.,29.679797622181,4.002));
#984 = VECTOR('',#985,1.);
#985 = DIRECTION('',(3.153195929581E-32,6.123233995737E-17,-1.));
#986 = PCURVE('',#931,#987);
#987 = DEFINITIONAL_REPRESENTATION('',(#988),#992);
#988 = LINE('',#989,#990);
#989 = CARTESIAN_POINT('',(29.679797622181,-1.6));
#990 = VECTOR('',#991,1.);
#991 = DIRECTION('',(6.123233995737E-17,-1.));
#992 = ( GEOMETRIC_REPRESENTATION_CONTEXT(2) 
PARAMETRIC_REPRESENTATION_CONTEXT() REPRESENTATION_CONTEXT('2D SPACE',''
  ) );
#993 = PCURVE('',#994,#999);
#994 = CYLINDRICAL_SURFACE('',#995,1.6);
#995 = AXIS2_PLACEMENT_3D('',#996,#997,#998);
#996 = CARTESIAN_POINT('',(-55.4,29.679797622181,4.002));
#997 = DIRECTION('',(3.153195929581E-32,6.123233995737E-17,-1.));
#998 = DIRECTION('',(0.,1.,6.123233995737E-17));
#999 = DEFINITIONAL_REPRESENTATION('',(#1000),#1004);
#1000 = LINE('',#1001,#1002);
#1001 = CARTESIAN_POINT('',(4.712388980385,0.));
#1002 = VECTOR('',#1003,1.);
#1003 = DIRECTION('',(0.,1.));
#1004 = ( GEOMETRIC_REPRESENTATION_CONTEXT(2) 
PARAMETRIC_REPRESENTATION_CONTEXT() REPRESENTATION_CONTEXT('2D SPACE',''
  ) );
#1005 = ORIENTED_EDGE('',*,*,#1006,.F.);
#1006 = EDGE_CURVE('',#1007,#979,#1009,.T.);
#1007 = VERTEX_POINT('',#1008);
#1008 = CARTESIAN_POINT('',(-57.,32.,4.));
#1009 = SURFACE_CURVE('',#1010,(#1014,#1021),.PCURVE_S1.);
#1010 = LINE('',#1011,#1012);
#1011 = CARTESIAN_POINT('',(-57.,33.339898811091,4.));
#1012 = VECTOR('',#1013,1.);
#1013 = DIRECTION('',(-9.115745035929E-64,-1.,-6.123233995737E-17));
#1014 = PCURVE('',#931,#1015);
#1015 = DEFINITIONAL_REPRESENTATION('',(#1016),#1020);
#1016 = LINE('',#1017,#1018);
#1017 = CARTESIAN_POINT('',(33.339898811091,-1.602));
#1018 = VECTOR('',#1019,1.);
#1019 = DIRECTION('',(-1.,-6.123233995737E-17));
#1020 = ( GEOMETRIC_REPRESENTATION_CONTEXT(2) 
PARAMETRIC_REPRESENTATION_CONTEXT() REPRESENTATION_CONTEXT('2D SPACE',''
  ) );
#1021 = PCURVE('',#1022,#1027);
#1022 = PLANE('',#1023);
#1023 = AXIS2_PLACEMENT_3D('',#1024,#1025,#1026);
#1024 = CARTESIAN_POINT('',(-2.482339034905E-02,-2.449293598293E-16,4.)
  );
#1025 = DIRECTION('',(-3.153195929581E-32,-6.123233995737E-17,1.));
#1026 = DIRECTION('',(1.,-1.930775651123E-48,3.153195929581E-32));
#1027 = DEFINITIONAL_REPRESENTATION('',(#1028),#1032);
#1028 = LINE('',#1029,#1030);
#1029 = CARTESIAN_POINT('',(-56.97517660965,33.339898811091));
#1030 = VECTOR('',#1031,1.);
#1031 = DIRECTION('',(-5.773305189422E-63,-1.));
#1032 = ( GEOMETRIC_REPRESENTATION_CONTEXT(2) 
PARAMETRIC_REPRESENTATION_CONTEXT() REPRESENTATION_CONTEXT('2D SPACE',''
  ) );
#1033 = ORIENTED_EDGE('',*,*,#1034,.T.);
#1034 = EDGE_CURVE('',#1007,#1035,#1037,.T.);
#1035 = VERTEX_POINT('',#1036);
#1036 = CARTESIAN_POINT('',(-57.,32.,5.6));
#1037 = SURFACE_CURVE('',#1038,(#1042,#1049),.PCURVE_S1.);
#1038 = LINE('',#1039,#1040);
#1039 = CARTESIAN_POINT('',(-57.,32.,5.602));
#1040 = VECTOR('',#1041,1.);
#1041 = DIRECTION('',(-3.153195929581E-32,-6.123233995737E-17,1.));
#1042 = PCURVE('',#931,#1043);
#1043 = DEFINITIONAL_REPRESENTATION('',(#1044),#1048);
#1044 = LINE('',#1045,#1046);
#1045 = CARTESIAN_POINT('',(32.,-1.118434011236E-46));
#1046 = VECTOR('',#1047,1.);
#1047 = DIRECTION('',(-6.123233995737E-17,1.));
#1048 = ( GEOMETRIC_REPRESENTATION_CONTEXT(2) 
PARAMETRIC_REPRESENTATION_CONTEXT() REPRESENTATION_CONTEXT('2D SPACE',''
  ) );
#1049 = PCURVE('',#1050,#1055);
#1050 = PLANE('',#1051);
#1051 = AXIS2_PLACEMENT_3D('',#1052,#1053,#1054);
#1052 = CARTESIAN_POINT('',(-57.7,32.,5.602));
#1053 = DIRECTION('',(-4.237579322456E-64,1.,6.123233995737E-17));
#1054 = DIRECTION('',(0.,-6.123233995737E-17,1.));
#1055 = DEFINITIONAL_REPRESENTATION('',(#1056),#1060);
#1056 = LINE('',#1057,#1058);
#1057 = CARTESIAN_POINT('',(0.,0.7));
#1058 = VECTOR('',#1059,1.);
#1059 = DIRECTION('',(1.,-3.153195929581E-32));
#1060 = ( GEOMETRIC_REPRESENTATION_CONTEXT(2) 
PARAMETRIC_REPRESENTATION_CONTEXT() REPRESENTATION_CONTEXT('2D SPACE',''
  ) );
#1061 = ORIENTED_EDGE('',*,*,#1062,.T.);
#1062 = EDGE_CURVE('',#1035,#1063,#1065,.T.);
#1063 = VERTEX_POINT('',#1064);
#1064 = CARTESIAN_POINT('',(-57.,-32.,5.6));
#1065 = SURFACE_CURVE('',#1066,(#1070,#1077),.PCURVE_S1.);
#1066 = LINE('',#1067,#1068);
#1067 = CARTESIAN_POINT('',(-57.,-1.422068891158E-14,5.6));
#1068 = VECTOR('',#1069,1.);
#1069 = DIRECTION('',(9.376883653929E-17,-1.,-6.123233995737E-17));
#1070 = PCURVE('',#931,#1071);
#1071 = DEFINITIONAL_REPRESENTATION('',(#1072),#1076);
#1072 = LINE('',#1073,#1074);
#1073 = CARTESIAN_POINT('',(1.224646798984E-19,-2.000000000001E-03));
#1074 = VECTOR('',#1075,1.);
#1075 = DIRECTION('',(-1.,-6.123233995737E-17));
#1076 = ( GEOMETRIC_REPRESENTATION_CONTEXT(2) 
PARAMETRIC_REPRESENTATION_CONTEXT() REPRESENTATION_CONTEXT('2D SPACE',''
  ) );
#1077 = PCURVE('',#128,#1078);
#1078 = DEFINITIONAL_REPRESENTATION('',(#1079),#1083);
#1079 = LINE('',#1080,#1081);
#1080 = CARTESIAN_POINT('',(-57.,-1.387778780781E-14));
#1081 = VECTOR('',#1082,1.);
#1082 = DIRECTION('',(9.376883653929E-17,-1.));
#1083 = ( GEOMETRIC_REPRESENTATION_CONTEXT(2) 
PARAMETRIC_REPRESENTATION_CONTEXT() REPRESENTATION_CONTEXT('2D SPACE',''
  ) );
#1084 = ORIENTED_EDGE('',*,*,#1085,.F.);
#1085 = EDGE_CURVE('',#1086,#1063,#1088,.T.);
#1086 = VERTEX_POINT('',#1087);
#1087 = CARTESIAN_POINT('',(-57.,-32.,4.));
#1088 = SURFACE_CURVE('',#1089,(#1093,#1100),.PCURVE_S1.);
#1089 = LINE('',#1090,#1091);
#1090 = CARTESIAN_POINT('',(-57.,-32.,5.602));
#1091 = VECTOR('',#1092,1.);
#1092 = DIRECTION('',(-3.153195929581E-32,-6.123233995737E-17,1.));
#1093 = PCURVE('',#931,#1094);
#1094 = DEFINITIONAL_REPRESENTATION('',(#1095),#1099);
#1095 = LINE('',#1096,#1097);
#1096 = CARTESIAN_POINT('',(-32.,1.118434011236E-46));
#1097 = VECTOR('',#1098,1.);
#1098 = DIRECTION('',(-6.123233995737E-17,1.));
#1099 = ( GEOMETRIC_REPRESENTATION_CONTEXT(2) 
PARAMETRIC_REPRESENTATION_CONTEXT() REPRESENTATION_CONTEXT('2D SPACE',''
  ) );
#1100 = PCURVE('',#1101,#1106);
#1101 = PLANE('',#1102);
#1102 = AXIS2_PLACEMENT_3D('',#1103,#1104,#1105);
#1103 = CARTESIAN_POINT('',(-57.7,-32.,5.602));
#1104 = DIRECTION('',(-4.237579322456E-64,1.,6.123233995737E-17));
#1105 = DIRECTION('',(0.,-6.123233995737E-17,1.));
#1106 = DEFINITIONAL_REPRESENTATION('',(#1107),#1111);
#1107 = LINE('',#1108,#1109);
#1108 = CARTESIAN_POINT('',(0.,0.7));
#1109 = VECTOR('',#1110,1.);
#1110 = DIRECTION('',(1.,-3.153195929581E-32));
#1111 = ( GEOMETRIC_REPRESENTATION_CONTEXT(2) 
PARAMETRIC_REPRESENTATION_CONTEXT() REPRESENTATION_CONTEXT('2D SPACE',''
  ) );
#1112 = ORIENTED_EDGE('',*,*,#1113,.T.);
#1113 = EDGE_CURVE('',#1086,#921,#1114,.T.);
#1114 = SURFACE_CURVE('',#1115,(#1119,#1126),.PCURVE_S1.);
#1115 = LINE('',#1116,#1117);
#1116 = CARTESIAN_POINT('',(-57.,-33.33989881109,4.));
#1117 = VECTOR('',#1118,1.);
#1118 = DIRECTION('',(9.115745035929E-64,1.,6.123233995737E-17));
#1119 = PCURVE('',#931,#1120);
#1120 = DEFINITIONAL_REPRESENTATION('',(#1121),#1125);
#1121 = LINE('',#1122,#1123);
#1122 = CARTESIAN_POINT('',(-33.33989881109,-1.602));
#1123 = VECTOR('',#1124,1.);
#1124 = DIRECTION('',(1.,6.123233995737E-17));
#1125 = ( GEOMETRIC_REPRESENTATION_CONTEXT(2) 
PARAMETRIC_REPRESENTATION_CONTEXT() REPRESENTATION_CONTEXT('2D SPACE',''
  ) );
#1126 = PCURVE('',#1127,#1132);
#1127 = PLANE('',#1128);
#1128 = AXIS2_PLACEMENT_3D('',#1129,#1130,#1131);
#1129 = CARTESIAN_POINT('',(-2.482339034905E-02,-2.449293598293E-16,4.)
  );
#1130 = DIRECTION('',(-3.153195929581E-32,-6.123233995737E-17,1.));
#1131 = DIRECTION('',(1.,-1.930775651123E-48,3.153195929581E-32));
#1132 = DEFINITIONAL_REPRESENTATION('',(#1133),#1137);
#1133 = LINE('',#1134,#1135);
#1134 = CARTESIAN_POINT('',(-56.97517660965,-33.33989881109));
#1135 = VECTOR('',#1136,1.);
#1136 = DIRECTION('',(5.773305189422E-63,1.));
#1137 = ( GEOMETRIC_REPRESENTATION_CONTEXT(2) 
PARAMETRIC_REPRESENTATION_CONTEXT() REPRESENTATION_CONTEXT('2D SPACE',''
  ) );
#1138 = ADVANCED_FACE('',(#1139),#1153,.F.);
#1139 = FACE_BOUND('',#1140,.T.);
#1140 = EDGE_LOOP('',(#1141,#1176,#1199,#1227,#1250,#1278,#1301,#1329));
#1141 = ORIENTED_EDGE('',*,*,#1142,.T.);
#1142 = EDGE_CURVE('',#1143,#1145,#1147,.T.);
#1143 = VERTEX_POINT('',#1144);
#1144 = CARTESIAN_POINT('',(42.4,-37.,4.));
#1145 = VERTEX_POINT('',#1146);
#1146 = CARTESIAN_POINT('',(42.4,-37.,2.4));
#1147 = SURFACE_CURVE('',#1148,(#1152,#1164),.PCURVE_S1.);
#1148 = LINE('',#1149,#1150);
#1149 = CARTESIAN_POINT('',(42.4,-37.,4.002));
#1150 = VECTOR('',#1151,1.);
#1151 = DIRECTION('',(3.153195929581E-32,6.123233995737E-17,-1.));
#1152 = PCURVE('',#1153,#1158);
#1153 = PLANE('',#1154);
#1154 = AXIS2_PLACEMENT_3D('',#1155,#1156,#1157);
#1155 = CARTESIAN_POINT('',(6.938893903907E-15,-37.,5.602));
#1156 = DIRECTION('',(1.217349807703E-16,-1.,-6.123233995737E-17));
#1157 = DIRECTION('',(1.,1.217349807703E-16,0.));
#1158 = DEFINITIONAL_REPRESENTATION('',(#1159),#1163);
#1159 = LINE('',#1160,#1161);
#1160 = CARTESIAN_POINT('',(42.4,-1.6));
#1161 = VECTOR('',#1162,1.);
#1162 = DIRECTION('',(3.898607702304E-32,-1.));
#1163 = ( GEOMETRIC_REPRESENTATION_CONTEXT(2) 
PARAMETRIC_REPRESENTATION_CONTEXT() REPRESENTATION_CONTEXT('2D SPACE',''
  ) );
#1164 = PCURVE('',#1165,#1170);
#1165 = CYLINDRICAL_SURFACE('',#1166,1.6);
#1166 = AXIS2_PLACEMENT_3D('',#1167,#1168,#1169);
#1167 = CARTESIAN_POINT('',(42.4,-35.4,4.002));
#1168 = DIRECTION('',(3.153195929581E-32,6.123233995737E-17,-1.));
#1169 = DIRECTION('',(0.,1.,6.123233995737E-17));
#1170 = DEFINITIONAL_REPRESENTATION('',(#1171),#1175);
#1171 = LINE('',#1172,#1173);
#1172 = CARTESIAN_POINT('',(3.14159265359,-8.881784197001E-16));
#1173 = VECTOR('',#1174,1.);
#1174 = DIRECTION('',(0.,1.));
#1175 = ( GEOMETRIC_REPRESENTATION_CONTEXT(2) 
PARAMETRIC_REPRESENTATION_CONTEXT() REPRESENTATION_CONTEXT('2D SPACE',''
  ) );
#1176 = ORIENTED_EDGE('',*,*,#1177,.T.);
#1177 = EDGE_CURVE('',#1145,#1178,#1180,.T.);
#1178 = VERTEX_POINT('',#1179);
#1179 = CARTESIAN_POINT('',(-42.4,-37.,2.4));
#1180 = SURFACE_CURVE('',#1181,(#1185,#1192),.PCURVE_S1.);
#1181 = LINE('',#1182,#1183);
#1182 = CARTESIAN_POINT('',(-42.4,-37.,2.4));
#1183 = VECTOR('',#1184,1.);
#1184 = DIRECTION('',(-1.,-1.217349807703E-16,-3.898607702304E-32));
#1185 = PCURVE('',#1153,#1186);
#1186 = DEFINITIONAL_REPRESENTATION('',(#1187),#1191);
#1187 = LINE('',#1188,#1189);
#1188 = CARTESIAN_POINT('',(-42.4,-3.202));
#1189 = VECTOR('',#1190,1.);
#1190 = DIRECTION('',(-1.,-3.898607702304E-32));
#1191 = ( GEOMETRIC_REPRESENTATION_CONTEXT(2) 
PARAMETRIC_REPRESENTATION_CONTEXT() REPRESENTATION_CONTEXT('2D SPACE',''
  ) );
#1192 = PCURVE('',#822,#1193);
#1193 = DEFINITIONAL_REPRESENTATION('',(#1194),#1198);
#1194 = LINE('',#1195,#1196);
#1195 = CARTESIAN_POINT('',(3.14159265359,-42.4));
#1196 = VECTOR('',#1197,1.);
#1197 = DIRECTION('',(0.,-1.));
#1198 = ( GEOMETRIC_REPRESENTATION_CONTEXT(2) 
PARAMETRIC_REPRESENTATION_CONTEXT() REPRESENTATION_CONTEXT('2D SPACE',''
  ) );
#1199 = ORIENTED_EDGE('',*,*,#1200,.F.);
#1200 = EDGE_CURVE('',#1201,#1178,#1203,.T.);
#1201 = VERTEX_POINT('',#1202);
#1202 = CARTESIAN_POINT('',(-42.4,-37.,4.));
#1203 = SURFACE_CURVE('',#1204,(#1208,#1215),.PCURVE_S1.);
#1204 = LINE('',#1205,#1206);
#1205 = CARTESIAN_POINT('',(-42.4,-37.,4.002));
#1206 = VECTOR('',#1207,1.);
#1207 = DIRECTION('',(3.153195929581E-32,6.123233995737E-17,-1.));
#1208 = PCURVE('',#1153,#1209);
#1209 = DEFINITIONAL_REPRESENTATION('',(#1210),#1214);
#1210 = LINE('',#1211,#1212);
#1211 = CARTESIAN_POINT('',(-42.4,-1.6));
#1212 = VECTOR('',#1213,1.);
#1213 = DIRECTION('',(3.898607702304E-32,-1.));
#1214 = ( GEOMETRIC_REPRESENTATION_CONTEXT(2) 
PARAMETRIC_REPRESENTATION_CONTEXT() REPRESENTATION_CONTEXT('2D SPACE',''
  ) );
#1215 = PCURVE('',#1216,#1221);
#1216 = CYLINDRICAL_SURFACE('',#1217,1.6);
#1217 = AXIS2_PLACEMENT_3D('',#1218,#1219,#1220);
#1218 = CARTESIAN_POINT('',(-42.4,-35.4,4.002));
#1219 = DIRECTION('',(3.153195929581E-32,6.123233995737E-17,-1.));
#1220 = DIRECTION('',(0.,1.,6.123233995737E-17));
#1221 = DEFINITIONAL_REPRESENTATION('',(#1222),#1226);
#1222 = LINE('',#1223,#1224);
#1223 = CARTESIAN_POINT('',(3.14159265359,-8.881784197001E-16));
#1224 = VECTOR('',#1225,1.);
#1225 = DIRECTION('',(0.,1.));
#1226 = ( GEOMETRIC_REPRESENTATION_CONTEXT(2) 
PARAMETRIC_REPRESENTATION_CONTEXT() REPRESENTATION_CONTEXT('2D SPACE',''
  ) );
#1227 = ORIENTED_EDGE('',*,*,#1228,.T.);
#1228 = EDGE_CURVE('',#1201,#1229,#1231,.T.);
#1229 = VERTEX_POINT('',#1230);
#1230 = CARTESIAN_POINT('',(-52.,-37.,4.));
#1231 = SURFACE_CURVE('',#1232,(#1236,#1243),.PCURVE_S1.);
#1232 = LINE('',#1233,#1234);
#1233 = CARTESIAN_POINT('',(-49.7,-37.,4.));
#1234 = VECTOR('',#1235,1.);
#1235 = DIRECTION('',(-1.,3.153071978519E-49,-3.153195929581E-32));
#1236 = PCURVE('',#1153,#1237);
#1237 = DEFINITIONAL_REPRESENTATION('',(#1238),#1242);
#1238 = LINE('',#1239,#1240);
#1239 = CARTESIAN_POINT('',(-49.7,-1.602));
#1240 = VECTOR('',#1241,1.);
#1241 = DIRECTION('',(-1.,-3.898607702304E-32));
#1242 = ( GEOMETRIC_REPRESENTATION_CONTEXT(2) 
PARAMETRIC_REPRESENTATION_CONTEXT() REPRESENTATION_CONTEXT('2D SPACE',''
  ) );
#1243 = PCURVE('',#1127,#1244);
#1244 = DEFINITIONAL_REPRESENTATION('',(#1245),#1249);
#1245 = LINE('',#1246,#1247);
#1246 = CARTESIAN_POINT('',(-49.67517660965,-37.));
#1247 = VECTOR('',#1248,1.);
#1248 = DIRECTION('',(-1.,-1.615468453271E-48));
#1249 = ( GEOMETRIC_REPRESENTATION_CONTEXT(2) 
PARAMETRIC_REPRESENTATION_CONTEXT() REPRESENTATION_CONTEXT('2D SPACE',''
  ) );
#1250 = ORIENTED_EDGE('',*,*,#1251,.F.);
#1251 = EDGE_CURVE('',#1252,#1229,#1254,.T.);
#1252 = VERTEX_POINT('',#1253);
#1253 = CARTESIAN_POINT('',(-52.,-37.,5.6));
#1254 = SURFACE_CURVE('',#1255,(#1259,#1266),.PCURVE_S1.);
#1255 = LINE('',#1256,#1257);
#1256 = CARTESIAN_POINT('',(-52.,-37.,5.602));
#1257 = VECTOR('',#1258,1.);
#1258 = DIRECTION('',(3.153195929581E-32,6.123233995737E-17,-1.));
#1259 = PCURVE('',#1153,#1260);
#1260 = DEFINITIONAL_REPRESENTATION('',(#1261),#1265);
#1261 = LINE('',#1262,#1263);
#1262 = CARTESIAN_POINT('',(-52.,4.746782168701E-32));
#1263 = VECTOR('',#1264,1.);
#1264 = DIRECTION('',(3.898607702304E-32,-1.));
#1265 = ( GEOMETRIC_REPRESENTATION_CONTEXT(2) 
PARAMETRIC_REPRESENTATION_CONTEXT() REPRESENTATION_CONTEXT('2D SPACE',''
  ) );
#1266 = PCURVE('',#1267,#1272);
#1267 = PLANE('',#1268);
#1268 = AXIS2_PLACEMENT_3D('',#1269,#1270,#1271);
#1269 = CARTESIAN_POINT('',(-52.,-37.7,5.602));
#1270 = DIRECTION('',(-1.,1.930775651123E-48,-3.153195929581E-32));
#1271 = DIRECTION('',(-3.153195929581E-32,0.,1.));
#1272 = DEFINITIONAL_REPRESENTATION('',(#1273),#1277);
#1273 = LINE('',#1274,#1275);
#1274 = CARTESIAN_POINT('',(0.,0.7));
#1275 = VECTOR('',#1276,1.);
#1276 = DIRECTION('',(-1.,6.123233995737E-17));
#1277 = ( GEOMETRIC_REPRESENTATION_CONTEXT(2) 
PARAMETRIC_REPRESENTATION_CONTEXT() REPRESENTATION_CONTEXT('2D SPACE',''
  ) );
#1278 = ORIENTED_EDGE('',*,*,#1279,.F.);
#1279 = EDGE_CURVE('',#1280,#1252,#1282,.T.);
#1280 = VERTEX_POINT('',#1281);
#1281 = CARTESIAN_POINT('',(52.,-37.,5.6));
#1282 = SURFACE_CURVE('',#1283,(#1287,#1294),.PCURVE_S1.);
#1283 = LINE('',#1284,#1285);
#1284 = CARTESIAN_POINT('',(6.938893903907E-15,-37.,5.6));
#1285 = VECTOR('',#1286,1.);
#1286 = DIRECTION('',(-1.,-1.217349807703E-16,-3.898607702304E-32));
#1287 = PCURVE('',#1153,#1288);
#1288 = DEFINITIONAL_REPRESENTATION('',(#1289),#1293);
#1289 = LINE('',#1290,#1291);
#1290 = CARTESIAN_POINT('',(0.,-2.000000000001E-03));
#1291 = VECTOR('',#1292,1.);
#1292 = DIRECTION('',(-1.,-3.898607702304E-32));
#1293 = ( GEOMETRIC_REPRESENTATION_CONTEXT(2) 
PARAMETRIC_REPRESENTATION_CONTEXT() REPRESENTATION_CONTEXT('2D SPACE',''
  ) );
#1294 = PCURVE('',#128,#1295);
#1295 = DEFINITIONAL_REPRESENTATION('',(#1296),#1300);
#1296 = LINE('',#1297,#1298);
#1297 = CARTESIAN_POINT('',(6.938893903907E-15,-37.));
#1298 = VECTOR('',#1299,1.);
#1299 = DIRECTION('',(-1.,-1.217349807703E-16));
#1300 = ( GEOMETRIC_REPRESENTATION_CONTEXT(2) 
PARAMETRIC_REPRESENTATION_CONTEXT() REPRESENTATION_CONTEXT('2D SPACE',''
  ) );
#1301 = ORIENTED_EDGE('',*,*,#1302,.T.);
#1302 = EDGE_CURVE('',#1280,#1303,#1305,.T.);
#1303 = VERTEX_POINT('',#1304);
#1304 = CARTESIAN_POINT('',(52.,-37.,4.));
#1305 = SURFACE_CURVE('',#1306,(#1310,#1317),.PCURVE_S1.);
#1306 = LINE('',#1307,#1308);
#1307 = CARTESIAN_POINT('',(52.,-37.,5.602));
#1308 = VECTOR('',#1309,1.);
#1309 = DIRECTION('',(3.153195929581E-32,6.123233995737E-17,-1.));
#1310 = PCURVE('',#1153,#1311);
#1311 = DEFINITIONAL_REPRESENTATION('',(#1312),#1316);
#1312 = LINE('',#1313,#1314);
#1313 = CARTESIAN_POINT('',(52.,-4.746782168701E-32));
#1314 = VECTOR('',#1315,1.);
#1315 = DIRECTION('',(3.898607702304E-32,-1.));
#1316 = ( GEOMETRIC_REPRESENTATION_CONTEXT(2) 
PARAMETRIC_REPRESENTATION_CONTEXT() REPRESENTATION_CONTEXT('2D SPACE',''
  ) );
#1317 = PCURVE('',#1318,#1323);
#1318 = PLANE('',#1319);
#1319 = AXIS2_PLACEMENT_3D('',#1320,#1321,#1322);
#1320 = CARTESIAN_POINT('',(52.,-37.7,5.602));
#1321 = DIRECTION('',(-1.,1.930775651123E-48,-3.153195929581E-32));
#1322 = DIRECTION('',(-3.153195929581E-32,0.,1.));
#1323 = DEFINITIONAL_REPRESENTATION('',(#1324),#1328);
#1324 = LINE('',#1325,#1326);
#1325 = CARTESIAN_POINT('',(0.,0.7));
#1326 = VECTOR('',#1327,1.);
#1327 = DIRECTION('',(-1.,6.123233995737E-17));
#1328 = ( GEOMETRIC_REPRESENTATION_CONTEXT(2) 
PARAMETRIC_REPRESENTATION_CONTEXT() REPRESENTATION_CONTEXT('2D SPACE',''
  ) );
#1329 = ORIENTED_EDGE('',*,*,#1330,.F.);
#1330 = EDGE_CURVE('',#1143,#1303,#1331,.T.);
#1331 = SURFACE_CURVE('',#1332,(#1336,#1343),.PCURVE_S1.);
#1332 = LINE('',#1333,#1334);
#1333 = CARTESIAN_POINT('',(49.7,-37.,4.));
#1334 = VECTOR('',#1335,1.);
#1335 = DIRECTION('',(1.,-3.153071978519E-49,3.153195929581E-32));
#1336 = PCURVE('',#1153,#1337);
#1337 = DEFINITIONAL_REPRESENTATION('',(#1338),#1342);
#1338 = LINE('',#1339,#1340);
#1339 = CARTESIAN_POINT('',(49.7,-1.602));
#1340 = VECTOR('',#1341,1.);
#1341 = DIRECTION('',(1.,3.898607702304E-32));
#1342 = ( GEOMETRIC_REPRESENTATION_CONTEXT(2) 
PARAMETRIC_REPRESENTATION_CONTEXT() REPRESENTATION_CONTEXT('2D SPACE',''
  ) );
#1343 = PCURVE('',#304,#1344);
#1344 = DEFINITIONAL_REPRESENTATION('',(#1345),#1349);
#1345 = LINE('',#1346,#1347);
#1346 = CARTESIAN_POINT('',(49.724823390349,-37.));
#1347 = VECTOR('',#1348,1.);
#1348 = DIRECTION('',(1.,1.615468453271E-48));
#1349 = ( GEOMETRIC_REPRESENTATION_CONTEXT(2) 
PARAMETRIC_REPRESENTATION_CONTEXT() REPRESENTATION_CONTEXT('2D SPACE',''
  ) );
#1350 = ADVANCED_FACE('',(#1351),#437,.F.);
#1351 = FACE_BOUND('',#1352,.T.);
#1352 = EDGE_LOOP('',(#1353,#1378,#1430,#1458,#1486,#1514,#1566,#1589,
    #1610,#1611));
#1353 = ORIENTED_EDGE('',*,*,#1354,.T.);
#1354 = EDGE_CURVE('',#1355,#1357,#1359,.T.);
#1355 = VERTEX_POINT('',#1356);
#1356 = CARTESIAN_POINT('',(59.4,-4.175,5.6));
#1357 = VERTEX_POINT('',#1358);
#1358 = CARTESIAN_POINT('',(59.4,-33.53423439881,5.6));
#1359 = SURFACE_CURVE('',#1360,(#1364,#1371),.PCURVE_S1.);
#1360 = LINE('',#1361,#1362);
#1361 = CARTESIAN_POINT('',(59.4,-3.429011037613E-16,5.6));
#1362 = VECTOR('',#1363,1.);
#1363 = DIRECTION('',(8.80570292374E-17,-1.,-6.123233995737E-17));
#1364 = PCURVE('',#437,#1365);
#1365 = DEFINITIONAL_REPRESENTATION('',(#1366),#1370);
#1366 = LINE('',#1367,#1368);
#1367 = CARTESIAN_POINT('',(4.65365783676E-16,7.6));
#1368 = VECTOR('',#1369,1.);
#1369 = DIRECTION('',(1.,-6.123233995737E-17));
#1370 = ( GEOMETRIC_REPRESENTATION_CONTEXT(2) 
PARAMETRIC_REPRESENTATION_CONTEXT() REPRESENTATION_CONTEXT('2D SPACE',''
  ) );
#1371 = PCURVE('',#128,#1372);
#1372 = DEFINITIONAL_REPRESENTATION('',(#1373),#1377);
#1373 = LINE('',#1374,#1375);
#1374 = CARTESIAN_POINT('',(59.4,-2.887868027382E-61));
#1375 = VECTOR('',#1376,1.);
#1376 = DIRECTION('',(8.80570292374E-17,-1.));
#1377 = ( GEOMETRIC_REPRESENTATION_CONTEXT(2) 
PARAMETRIC_REPRESENTATION_CONTEXT() REPRESENTATION_CONTEXT('2D SPACE',''
  ) );
#1378 = ORIENTED_EDGE('',*,*,#1379,.T.);
#1379 = EDGE_CURVE('',#1357,#1380,#1382,.T.);
#1380 = VERTEX_POINT('',#1381);
#1381 = CARTESIAN_POINT('',(59.4,-31.80476460731,4.4));
#1382 = SURFACE_CURVE('',#1383,(#1388,#1396),.PCURVE_S1.);
#1383 = B_SPLINE_CURVE_WITH_KNOTS('',3,(#1384,#1385,#1386,#1387),
  .UNSPECIFIED.,.F.,.F.,(4,4),(0.,2.105009681614E-03),
  .PIECEWISE_BEZIER_KNOTS.);
#1384 = CARTESIAN_POINT('',(59.4,-33.53423439881,5.6));
#1385 = CARTESIAN_POINT('',(59.4,-32.92739892365,5.243734752328));
#1386 = CARTESIAN_POINT('',(59.4,-32.35967211929,4.831105117388));
#1387 = CARTESIAN_POINT('',(59.4,-31.80476460731,4.4));
#1388 = PCURVE('',#437,#1389);
#1389 = DEFINITIONAL_REPRESENTATION('',(#1390),#1395);
#1390 = B_SPLINE_CURVE_WITH_KNOTS('',3,(#1391,#1392,#1393,#1394),
  .UNSPECIFIED.,.F.,.F.,(4,4),(0.,2.105009681614E-03),
  .PIECEWISE_BEZIER_KNOTS.);
#1391 = CARTESIAN_POINT('',(33.534234398812,7.6));
#1392 = CARTESIAN_POINT('',(32.927398923656,7.243734752328));
#1393 = CARTESIAN_POINT('',(32.359672119293,6.831105117388));
#1394 = CARTESIAN_POINT('',(31.804764607319,6.4));
#1395 = ( GEOMETRIC_REPRESENTATION_CONTEXT(2) 
PARAMETRIC_REPRESENTATION_CONTEXT() REPRESENTATION_CONTEXT('2D SPACE',''
  ) );
#1396 = PCURVE('',#1397,#1402);
#1397 = CONICAL_SURFACE('',#1398,4.2,0.785398163397);
#1398 = AXIS2_PLACEMENT_3D('',#1399,#1400,#1401);
#1399 = CARTESIAN_POINT('',(56.,-36.,5.6));
#1400 = DIRECTION('',(0.,0.,-1.));
#1401 = DIRECTION('',(-1.,0.,0.));
#1402 = DEFINITIONAL_REPRESENTATION('',(#1403),#1429);
#1403 = B_SPLINE_CURVE_WITH_KNOTS('',3,(#1404,#1405,#1406,#1407,#1408,
    #1409,#1410,#1411,#1412,#1413,#1414,#1415,#1416,#1417,#1418,#1419,
    #1420,#1421,#1422,#1423,#1424,#1425,#1426,#1427,#1428),
  .UNSPECIFIED.,.F.,.F.,(4,1,1,1,1,1,1,1,1,1,1,1,1,1,1,1,1,1,1,1,1,1,4),
  (0.,9.568225825516E-05,1.913645165103E-04,2.870467747655E-04,
    3.827290330206E-04,4.784112912758E-04,5.74093549531E-04,
    6.697758077861E-04,7.654580660413E-04,8.611403242965E-04,
    9.568225825516E-04,1.052504840807E-03,1.148187099062E-03,
    1.243869357317E-03,1.339551615572E-03,1.435233873827E-03,
    1.530916132083E-03,1.626598390338E-03,1.722280648593E-03,
    1.817962906848E-03,1.913645165103E-03,2.009327423358E-03,
    2.105009681614E-03),.QUASI_UNIFORM_KNOTS.);
#1404 = CARTESIAN_POINT('',(2.514136880667,1.7763568394E-15));
#1405 = CARTESIAN_POINT('',(2.508820348776,1.619399763553E-02));
#1406 = CARTESIAN_POINT('',(2.498341419908,4.882861511147E-02));
#1407 = CARTESIAN_POINT('',(2.483071408778,9.848853499895E-02));
#1408 = CARTESIAN_POINT('',(2.468235729753,0.148824010906));
#1409 = CARTESIAN_POINT('',(2.453820428994,0.199804581674));
#1410 = CARTESIAN_POINT('',(2.439811694096,0.25140100841));
#1411 = CARTESIAN_POINT('',(2.426195908005,0.303585402491));
#1412 = CARTESIAN_POINT('',(2.412959689553,0.356331117182));
#1413 = CARTESIAN_POINT('',(2.40008992774,0.409612703227));
#1414 = CARTESIAN_POINT('',(2.387573808966,0.463405848479));
#1415 = CARTESIAN_POINT('',(2.375398838498,0.517687323391));
#1416 = CARTESIAN_POINT('',(2.363552856756,0.572434926846));
#1417 = CARTESIAN_POINT('',(2.35202405116,0.627627434068));
#1418 = CARTESIAN_POINT('',(2.340800964122,0.683244546311));
#1419 = CARTESIAN_POINT('',(2.329872497728,0.739266842562));
#1420 = CARTESIAN_POINT('',(2.319227915601,0.79567573321));
#1421 = CARTESIAN_POINT('',(2.308856842439,0.8524534159));
#1422 = CARTESIAN_POINT('',(2.298749261301,0.909582832979));
#1423 = CARTESIAN_POINT('',(2.288895510206,0.967047632635));
#1424 = CARTESIAN_POINT('',(2.279286273687,1.024832125813));
#1425 = CARTESIAN_POINT('',(2.26991258699,1.082921268302));
#1426 = CARTESIAN_POINT('',(2.260765788032,1.141300558));
#1427 = CARTESIAN_POINT('',(2.254813702902,1.180404357761));
#1428 = CARTESIAN_POINT('',(2.251872714914,1.2));
#1429 = ( GEOMETRIC_REPRESENTATION_CONTEXT(2) 
PARAMETRIC_REPRESENTATION_CONTEXT() REPRESENTATION_CONTEXT('2D SPACE',''
  ) );
#1430 = ORIENTED_EDGE('',*,*,#1431,.T.);
#1431 = EDGE_CURVE('',#1380,#1432,#1434,.T.);
#1432 = VERTEX_POINT('',#1433);
#1433 = CARTESIAN_POINT('',(59.4,-31.80476460731,-0.8));
#1434 = SURFACE_CURVE('',#1435,(#1439,#1446),.PCURVE_S1.);
#1435 = LINE('',#1436,#1437);
#1436 = CARTESIAN_POINT('',(59.4,-31.80476460731,5.602));
#1437 = VECTOR('',#1438,1.);
#1438 = DIRECTION('',(3.153195929581E-32,6.123233995737E-17,-1.));
#1439 = PCURVE('',#437,#1440);
#1440 = DEFINITIONAL_REPRESENTATION('',(#1441),#1445);
#1441 = LINE('',#1442,#1443);
#1442 = CARTESIAN_POINT('',(31.804764607319,7.602));
#1443 = VECTOR('',#1444,1.);
#1444 = DIRECTION('',(-6.123233995737E-17,-1.));
#1445 = ( GEOMETRIC_REPRESENTATION_CONTEXT(2) 
PARAMETRIC_REPRESENTATION_CONTEXT() REPRESENTATION_CONTEXT('2D SPACE',''
  ) );
#1446 = PCURVE('',#1447,#1452);
#1447 = CYLINDRICAL_SURFACE('',#1448,5.4);
#1448 = AXIS2_PLACEMENT_3D('',#1449,#1450,#1451);
#1449 = CARTESIAN_POINT('',(56.,-36.,5.602));
#1450 = DIRECTION('',(3.153195929581E-32,6.123233995737E-17,-1.));
#1451 = DIRECTION('',(0.,1.,6.123233995737E-17));
#1452 = DEFINITIONAL_REPRESENTATION('',(#1453),#1457);
#1453 = LINE('',#1454,#1455);
#1454 = CARTESIAN_POINT('',(0.681076388119,0.));
#1455 = VECTOR('',#1456,1.);
#1456 = DIRECTION('',(0.,1.));
#1457 = ( GEOMETRIC_REPRESENTATION_CONTEXT(2) 
PARAMETRIC_REPRESENTATION_CONTEXT() REPRESENTATION_CONTEXT('2D SPACE',''
  ) );
#1458 = ORIENTED_EDGE('',*,*,#1459,.T.);
#1459 = EDGE_CURVE('',#1432,#1460,#1462,.T.);
#1460 = VERTEX_POINT('',#1461);
#1461 = CARTESIAN_POINT('',(59.4,31.804764607319,-0.8));
#1462 = SURFACE_CURVE('',#1463,(#1467,#1474),.PCURVE_S1.);
#1463 = LINE('',#1464,#1465);
#1464 = CARTESIAN_POINT('',(59.4,31.804764607319,-0.8));
#1465 = VECTOR('',#1466,1.);
#1466 = DIRECTION('',(-8.80570292374E-17,1.,6.123233995737E-17));
#1467 = PCURVE('',#437,#1468);
#1468 = DEFINITIONAL_REPRESENTATION('',(#1469),#1473);
#1469 = LINE('',#1470,#1471);
#1470 = CARTESIAN_POINT('',(-31.80476460731,1.2));
#1471 = VECTOR('',#1472,1.);
#1472 = DIRECTION('',(-1.,6.123233995737E-17));
#1473 = ( GEOMETRIC_REPRESENTATION_CONTEXT(2) 
PARAMETRIC_REPRESENTATION_CONTEXT() REPRESENTATION_CONTEXT('2D SPACE',''
  ) );
#1474 = PCURVE('',#1475,#1480);
#1475 = PLANE('',#1476);
#1476 = AXIS2_PLACEMENT_3D('',#1477,#1478,#1479);
#1477 = CARTESIAN_POINT('',(58.2,5.247383781531E-15,-2.));
#1478 = DIRECTION('',(0.707106781187,1.055635253167E-16,-0.707106781187)
  );
#1479 = DIRECTION('',(-8.80570292374E-17,1.,6.123233995737E-17));
#1480 = DEFINITIONAL_REPRESENTATION('',(#1481),#1485);
#1481 = LINE('',#1482,#1483);
#1482 = CARTESIAN_POINT('',(31.804764607319,1.697056274848));
#1483 = VECTOR('',#1484,1.);
#1484 = DIRECTION('',(1.,-3.08148791102E-32));
#1485 = ( GEOMETRIC_REPRESENTATION_CONTEXT(2) 
PARAMETRIC_REPRESENTATION_CONTEXT() REPRESENTATION_CONTEXT('2D SPACE',''
  ) );
#1486 = ORIENTED_EDGE('',*,*,#1487,.F.);
#1487 = EDGE_CURVE('',#1488,#1460,#1490,.T.);
#1488 = VERTEX_POINT('',#1489);
#1489 = CARTESIAN_POINT('',(59.4,31.804764607319,4.4));
#1490 = SURFACE_CURVE('',#1491,(#1495,#1502),.PCURVE_S1.);
#1491 = LINE('',#1492,#1493);
#1492 = CARTESIAN_POINT('',(59.4,31.804764607319,5.602));
#1493 = VECTOR('',#1494,1.);
#1494 = DIRECTION('',(3.153195929581E-32,6.123233995737E-17,-1.));
#1495 = PCURVE('',#437,#1496);
#1496 = DEFINITIONAL_REPRESENTATION('',(#1497),#1501);
#1497 = LINE('',#1498,#1499);
#1498 = CARTESIAN_POINT('',(-31.80476460731,7.602));
#1499 = VECTOR('',#1500,1.);
#1500 = DIRECTION('',(-6.123233995737E-17,-1.));
#1501 = ( GEOMETRIC_REPRESENTATION_CONTEXT(2) 
PARAMETRIC_REPRESENTATION_CONTEXT() REPRESENTATION_CONTEXT('2D SPACE',''
  ) );
#1502 = PCURVE('',#1503,#1508);
#1503 = CYLINDRICAL_SURFACE('',#1504,5.4);
#1504 = AXIS2_PLACEMENT_3D('',#1505,#1506,#1507);
#1505 = CARTESIAN_POINT('',(56.,36.,5.602));
#1506 = DIRECTION('',(3.153195929581E-32,6.123233995737E-17,-1.));
#1507 = DIRECTION('',(0.,1.,6.123233995737E-17));
#1508 = DEFINITIONAL_REPRESENTATION('',(#1509),#1513);
#1509 = LINE('',#1510,#1511);
#1510 = CARTESIAN_POINT('',(2.460516265471,0.));
#1511 = VECTOR('',#1512,1.);
#1512 = DIRECTION('',(0.,1.));
#1513 = ( GEOMETRIC_REPRESENTATION_CONTEXT(2) 
PARAMETRIC_REPRESENTATION_CONTEXT() REPRESENTATION_CONTEXT('2D SPACE',''
  ) );
#1514 = ORIENTED_EDGE('',*,*,#1515,.T.);
#1515 = EDGE_CURVE('',#1488,#1516,#1518,.T.);
#1516 = VERTEX_POINT('',#1517);
#1517 = CARTESIAN_POINT('',(59.4,33.534234398813,5.6));
#1518 = SURFACE_CURVE('',#1519,(#1524,#1532),.PCURVE_S1.);
#1519 = B_SPLINE_CURVE_WITH_KNOTS('',3,(#1520,#1521,#1522,#1523),
  .UNSPECIFIED.,.F.,.F.,(4,4),(0.,2.105009681614E-03),
  .PIECEWISE_BEZIER_KNOTS.);
#1520 = CARTESIAN_POINT('',(59.4,31.804764607319,4.4));
#1521 = CARTESIAN_POINT('',(59.4,32.359672119293,4.831105117388));
#1522 = CARTESIAN_POINT('',(59.4,32.927398923656,5.243734752328));
#1523 = CARTESIAN_POINT('',(59.4,33.534234398813,5.6));
#1524 = PCURVE('',#437,#1525);
#1525 = DEFINITIONAL_REPRESENTATION('',(#1526),#1531);
#1526 = B_SPLINE_CURVE_WITH_KNOTS('',3,(#1527,#1528,#1529,#1530),
  .UNSPECIFIED.,.F.,.F.,(4,4),(0.,2.105009681614E-03),
  .PIECEWISE_BEZIER_KNOTS.);
#1527 = CARTESIAN_POINT('',(-31.80476460731,6.4));
#1528 = CARTESIAN_POINT('',(-32.35967211929,6.831105117388));
#1529 = CARTESIAN_POINT('',(-32.92739892365,7.243734752328));
#1530 = CARTESIAN_POINT('',(-33.53423439881,7.6));
#1531 = ( GEOMETRIC_REPRESENTATION_CONTEXT(2) 
PARAMETRIC_REPRESENTATION_CONTEXT() REPRESENTATION_CONTEXT('2D SPACE',''
  ) );
#1532 = PCURVE('',#1533,#1538);
#1533 = CONICAL_SURFACE('',#1534,5.4,0.785398163397);
#1534 = AXIS2_PLACEMENT_3D('',#1535,#1536,#1537);
#1535 = CARTESIAN_POINT('',(56.,36.,4.4));
#1536 = DIRECTION('',(0.,0.,-1.));
#1537 = DIRECTION('',(-1.,0.,0.));
#1538 = DEFINITIONAL_REPRESENTATION('',(#1539),#1565);
#1539 = B_SPLINE_CURVE_WITH_KNOTS('',3,(#1540,#1541,#1542,#1543,#1544,
    #1545,#1546,#1547,#1548,#1549,#1550,#1551,#1552,#1553,#1554,#1555,
    #1556,#1557,#1558,#1559,#1560,#1561,#1562,#1563,#1564),
  .UNSPECIFIED.,.F.,.F.,(4,1,1,1,1,1,1,1,1,1,1,1,1,1,1,1,1,1,1,1,1,1,4),
  (0.,9.568225825516E-05,1.913645165103E-04,2.870467747655E-04,
    3.827290330207E-04,4.784112912758E-04,5.74093549531E-04,
    6.697758077861E-04,7.654580660413E-04,8.611403242965E-04,
    9.568225825516E-04,1.052504840807E-03,1.148187099062E-03,
    1.243869357317E-03,1.339551615572E-03,1.435233873827E-03,
    1.530916132083E-03,1.626598390338E-03,1.722280648593E-03,
    1.817962906848E-03,1.913645165103E-03,2.009327423358E-03,
    2.105009681614E-03),.QUASI_UNIFORM_KNOTS.);
#1540 = CARTESIAN_POINT('',(4.031312592266,-4.440892098501E-15));
#1541 = CARTESIAN_POINT('',(4.028371604278,-1.959564223939E-02));
#1542 = CARTESIAN_POINT('',(4.022419519147,-5.869944200033E-02));
#1543 = CARTESIAN_POINT('',(4.01327272019,-0.117078731698));
#1544 = CARTESIAN_POINT('',(4.003899033493,-0.175167874187));
#1545 = CARTESIAN_POINT('',(3.994289796973,-0.232952367365));
#1546 = CARTESIAN_POINT('',(3.984436045878,-0.290417167021));
#1547 = CARTESIAN_POINT('',(3.97432846474,-0.3475465841));
#1548 = CARTESIAN_POINT('',(3.963957391579,-0.40432426679));
#1549 = CARTESIAN_POINT('',(3.953312809451,-0.460733157438));
#1550 = CARTESIAN_POINT('',(3.942384343058,-0.516755453689));
#1551 = CARTESIAN_POINT('',(3.931161256019,-0.572372565932));
#1552 = CARTESIAN_POINT('',(3.919632450424,-0.627565073154));
#1553 = CARTESIAN_POINT('',(3.907786468682,-0.682312676609));
#1554 = CARTESIAN_POINT('',(3.895611498213,-0.736594151521));
#1555 = CARTESIAN_POINT('',(3.88309537944,-0.790387296773));
#1556 = CARTESIAN_POINT('',(3.870225617626,-0.843668882818));
#1557 = CARTESIAN_POINT('',(3.856989399175,-0.896414597509));
#1558 = CARTESIAN_POINT('',(3.843373613084,-0.94859899159));
#1559 = CARTESIAN_POINT('',(3.829364878186,-1.000195418326));
#1560 = CARTESIAN_POINT('',(3.814949577427,-1.051175989094));
#1561 = CARTESIAN_POINT('',(3.800113898401,-1.101511465001));
#1562 = CARTESIAN_POINT('',(3.784843887271,-1.151171384889));
#1563 = CARTESIAN_POINT('',(3.774364958404,-1.183806002364));
#1564 = CARTESIAN_POINT('',(3.769048426513,-1.2));
#1565 = ( GEOMETRIC_REPRESENTATION_CONTEXT(2) 
PARAMETRIC_REPRESENTATION_CONTEXT() REPRESENTATION_CONTEXT('2D SPACE',''
  ) );
#1566 = ORIENTED_EDGE('',*,*,#1567,.T.);
#1567 = EDGE_CURVE('',#1516,#1568,#1570,.T.);
#1568 = VERTEX_POINT('',#1569);
#1569 = CARTESIAN_POINT('',(59.4,9.175,5.6));
#1570 = SURFACE_CURVE('',#1571,(#1575,#1582),.PCURVE_S1.);
#1571 = LINE('',#1572,#1573);
#1572 = CARTESIAN_POINT('',(59.4,-3.429011037613E-16,5.6));
#1573 = VECTOR('',#1574,1.);
#1574 = DIRECTION('',(8.80570292374E-17,-1.,-6.123233995737E-17));
#1575 = PCURVE('',#437,#1576);
#1576 = DEFINITIONAL_REPRESENTATION('',(#1577),#1581);
#1577 = LINE('',#1578,#1579);
#1578 = CARTESIAN_POINT('',(4.65365783676E-16,7.6));
#1579 = VECTOR('',#1580,1.);
#1580 = DIRECTION('',(1.,-6.123233995737E-17));
#1581 = ( GEOMETRIC_REPRESENTATION_CONTEXT(2) 
PARAMETRIC_REPRESENTATION_CONTEXT() REPRESENTATION_CONTEXT('2D SPACE',''
  ) );
#1582 = PCURVE('',#128,#1583);
#1583 = DEFINITIONAL_REPRESENTATION('',(#1584),#1588);
#1584 = LINE('',#1585,#1586);
#1585 = CARTESIAN_POINT('',(59.4,-2.887868027382E-61));
#1586 = VECTOR('',#1587,1.);
#1587 = DIRECTION('',(8.80570292374E-17,-1.));
#1588 = ( GEOMETRIC_REPRESENTATION_CONTEXT(2) 
PARAMETRIC_REPRESENTATION_CONTEXT() REPRESENTATION_CONTEXT('2D SPACE',''
  ) );
#1589 = ORIENTED_EDGE('',*,*,#1590,.T.);
#1590 = EDGE_CURVE('',#1568,#422,#1591,.T.);
#1591 = SURFACE_CURVE('',#1592,(#1596,#1603),.PCURVE_S1.);
#1592 = LINE('',#1593,#1594);
#1593 = CARTESIAN_POINT('',(59.4,9.175,-2.));
#1594 = VECTOR('',#1595,1.);
#1595 = DIRECTION('',(5.560947471885E-32,-2.121985903336E-16,-1.));
#1596 = PCURVE('',#437,#1597);
#1597 = DEFINITIONAL_REPRESENTATION('',(#1598),#1602);
#1598 = LINE('',#1599,#1600);
#1599 = CARTESIAN_POINT('',(-9.175,-2.98316748163E-47));
#1600 = VECTOR('',#1601,1.);
#1601 = DIRECTION('',(2.121985903336E-16,-1.));
#1602 = ( GEOMETRIC_REPRESENTATION_CONTEXT(2) 
PARAMETRIC_REPRESENTATION_CONTEXT() REPRESENTATION_CONTEXT('2D SPACE',''
  ) );
#1603 = PCURVE('',#100,#1604);
#1604 = DEFINITIONAL_REPRESENTATION('',(#1605),#1609);
#1605 = LINE('',#1606,#1607);
#1606 = CARTESIAN_POINT('',(-10.175,-178.9800643453));
#1607 = VECTOR('',#1608,1.);
#1608 = DIRECTION('',(-1.,5.560947471885E-32));
#1609 = ( GEOMETRIC_REPRESENTATION_CONTEXT(2) 
PARAMETRIC_REPRESENTATION_CONTEXT() REPRESENTATION_CONTEXT('2D SPACE',''
  ) );
#1610 = ORIENTED_EDGE('',*,*,#421,.T.);
#1611 = ORIENTED_EDGE('',*,*,#1612,.T.);
#1612 = EDGE_CURVE('',#399,#1355,#1613,.T.);
#1613 = SURFACE_CURVE('',#1614,(#1618,#1625),.PCURVE_S1.);
#1614 = LINE('',#1615,#1616);
#1615 = CARTESIAN_POINT('',(59.4,-4.175,-2.));
#1616 = VECTOR('',#1617,1.);
#1617 = DIRECTION('',(-4.626668598228E-32,1.060992951668E-16,1.));
#1618 = PCURVE('',#437,#1619);
#1619 = DEFINITIONAL_REPRESENTATION('',(#1620),#1624);
#1620 = LINE('',#1621,#1622);
#1621 = CARTESIAN_POINT('',(4.175,1.357463131968E-47));
#1622 = VECTOR('',#1623,1.);
#1623 = DIRECTION('',(-1.060992951668E-16,1.));
#1624 = ( GEOMETRIC_REPRESENTATION_CONTEXT(2) 
PARAMETRIC_REPRESENTATION_CONTEXT() REPRESENTATION_CONTEXT('2D SPACE',''
  ) );
#1625 = PCURVE('',#220,#1626);
#1626 = DEFINITIONAL_REPRESENTATION('',(#1627),#1631);
#1627 = LINE('',#1628,#1629);
#1628 = CARTESIAN_POINT('',(10.175,-178.9800643453));
#1629 = VECTOR('',#1630,1.);
#1630 = DIRECTION('',(-1.,-4.626668598228E-32));
#1631 = ( GEOMETRIC_REPRESENTATION_CONTEXT(2) 
PARAMETRIC_REPRESENTATION_CONTEXT() REPRESENTATION_CONTEXT('2D SPACE',''
  ) );
#1632 = ADVANCED_FACE('',(#1633),#1647,.F.);
#1633 = FACE_BOUND('',#1634,.T.);
#1634 = EDGE_LOOP('',(#1635,#1665,#1717,#1745,#1773,#1796));
#1635 = ORIENTED_EDGE('',*,*,#1636,.T.);
#1636 = EDGE_CURVE('',#1637,#1639,#1641,.T.);
#1637 = VERTEX_POINT('',#1638);
#1638 = CARTESIAN_POINT('',(53.534234398812,-39.4,5.6));
#1639 = VERTEX_POINT('',#1640);
#1640 = CARTESIAN_POINT('',(-53.53423439881,-39.4,5.6));
#1641 = SURFACE_CURVE('',#1642,(#1646,#1658),.PCURVE_S1.);
#1642 = LINE('',#1643,#1644);
#1643 = CARTESIAN_POINT('',(-6.938893903907E-15,-39.4,5.6));
#1644 = VECTOR('',#1645,1.);
#1645 = DIRECTION('',(-1.,-1.168163956887E-16,-3.868490054922E-32));
#1646 = PCURVE('',#1647,#1652);
#1647 = PLANE('',#1648);
#1648 = AXIS2_PLACEMENT_3D('',#1649,#1650,#1651);
#1649 = CARTESIAN_POINT('',(-6.938893903907E-15,-39.4,-2.));
#1650 = DIRECTION('',(-1.168163956887E-16,1.,6.123233995737E-17));
#1651 = DIRECTION('',(-1.,-1.168163956887E-16,0.));
#1652 = DEFINITIONAL_REPRESENTATION('',(#1653),#1657);
#1653 = LINE('',#1654,#1655);
#1654 = CARTESIAN_POINT('',(0.,7.6));
#1655 = VECTOR('',#1656,1.);
#1656 = DIRECTION('',(1.,-3.868490054922E-32));
#1657 = ( GEOMETRIC_REPRESENTATION_CONTEXT(2) 
PARAMETRIC_REPRESENTATION_CONTEXT() REPRESENTATION_CONTEXT('2D SPACE',''
  ) );
#1658 = PCURVE('',#128,#1659);
#1659 = DEFINITIONAL_REPRESENTATION('',(#1660),#1664);
#1660 = LINE('',#1661,#1662);
#1661 = CARTESIAN_POINT('',(-6.938893903907E-15,-39.4));
#1662 = VECTOR('',#1663,1.);
#1663 = DIRECTION('',(-1.,-1.168163956887E-16));
#1664 = ( GEOMETRIC_REPRESENTATION_CONTEXT(2) 
PARAMETRIC_REPRESENTATION_CONTEXT() REPRESENTATION_CONTEXT('2D SPACE',''
  ) );
#1665 = ORIENTED_EDGE('',*,*,#1666,.T.);
#1666 = EDGE_CURVE('',#1639,#1667,#1669,.T.);
#1667 = VERTEX_POINT('',#1668);
#1668 = CARTESIAN_POINT('',(-51.80476460731,-39.4,4.4));
#1669 = SURFACE_CURVE('',#1670,(#1675,#1683),.PCURVE_S1.);
#1670 = B_SPLINE_CURVE_WITH_KNOTS('',3,(#1671,#1672,#1673,#1674),
  .UNSPECIFIED.,.F.,.F.,(4,4),(0.,2.105009681614E-03),
  .PIECEWISE_BEZIER_KNOTS.);
#1671 = CARTESIAN_POINT('',(-53.53423439881,-39.4,5.6));
#1672 = CARTESIAN_POINT('',(-52.92739892365,-39.4,5.243734752328));
#1673 = CARTESIAN_POINT('',(-52.35967211929,-39.4,4.831105117388));
#1674 = CARTESIAN_POINT('',(-51.80476460731,-39.4,4.4));
#1675 = PCURVE('',#1647,#1676);
#1676 = DEFINITIONAL_REPRESENTATION('',(#1677),#1682);
#1677 = B_SPLINE_CURVE_WITH_KNOTS('',3,(#1678,#1679,#1680,#1681),
  .UNSPECIFIED.,.F.,.F.,(4,4),(0.,2.105009681614E-03),
  .PIECEWISE_BEZIER_KNOTS.);
#1678 = CARTESIAN_POINT('',(53.534234398812,7.6));
#1679 = CARTESIAN_POINT('',(52.927398923656,7.243734752328));
#1680 = CARTESIAN_POINT('',(52.359672119293,6.831105117388));
#1681 = CARTESIAN_POINT('',(51.804764607319,6.4));
#1682 = ( GEOMETRIC_REPRESENTATION_CONTEXT(2) 
PARAMETRIC_REPRESENTATION_CONTEXT() REPRESENTATION_CONTEXT('2D SPACE',''
  ) );
#1683 = PCURVE('',#1684,#1689);
#1684 = CONICAL_SURFACE('',#1685,5.4,0.785398163397);
#1685 = AXIS2_PLACEMENT_3D('',#1686,#1687,#1688);
#1686 = CARTESIAN_POINT('',(-56.,-36.,4.4));
#1687 = DIRECTION('',(0.,0.,-1.));
#1688 = DIRECTION('',(-1.,0.,0.));
#1689 = DEFINITIONAL_REPRESENTATION('',(#1690),#1716);
#1690 = B_SPLINE_CURVE_WITH_KNOTS('',3,(#1691,#1692,#1693,#1694,#1695,
    #1696,#1697,#1698,#1699,#1700,#1701,#1702,#1703,#1704,#1705,#1706,
    #1707,#1708,#1709,#1710,#1711,#1712,#1713,#1714,#1715),
  .UNSPECIFIED.,.F.,.F.,(4,1,1,1,1,1,1,1,1,1,1,1,1,1,1,1,1,1,1,1,1,1,4),
  (0.,9.568225825516E-05,1.913645165103E-04,2.870467747655E-04,
    3.827290330206E-04,4.784112912758E-04,5.74093549531E-04,
    6.697758077861E-04,7.654580660413E-04,8.611403242965E-04,
    9.568225825516E-04,1.052504840807E-03,1.148187099062E-03,
    1.243869357317E-03,1.339551615572E-03,1.435233873827E-03,
    1.530916132083E-03,1.626598390338E-03,1.722280648593E-03,
    1.817962906848E-03,1.913645165103E-03,2.009327423358E-03,
    2.105009681614E-03),.QUASI_UNIFORM_KNOTS.);
#1691 = CARTESIAN_POINT('',(4.084933207461,-1.2));
#1692 = CARTESIAN_POINT('',(4.07961667557,-1.183806002364));
#1693 = CARTESIAN_POINT('',(4.069137746703,-1.151171384889));
#1694 = CARTESIAN_POINT('',(4.053867735573,-1.101511465001));
#1695 = CARTESIAN_POINT('',(4.039032056548,-1.051175989094));
#1696 = CARTESIAN_POINT('',(4.024616755789,-1.000195418326));
#1697 = CARTESIAN_POINT('',(4.010608020891,-0.94859899159));
#1698 = CARTESIAN_POINT('',(3.9969922348,-0.896414597509));
#1699 = CARTESIAN_POINT('',(3.983756016348,-0.843668882818));
#1700 = CARTESIAN_POINT('',(3.970886254535,-0.790387296773));
#1701 = CARTESIAN_POINT('',(3.958370135761,-0.736594151521));
#1702 = CARTESIAN_POINT('',(3.946195165293,-0.682312676609));
#1703 = CARTESIAN_POINT('',(3.93434918355,-0.627565073154));
#1704 = CARTESIAN_POINT('',(3.922820377955,-0.572372565932));
#1705 = CARTESIAN_POINT('',(3.911597290917,-0.516755453689));
#1706 = CARTESIAN_POINT('',(3.900668824523,-0.460733157438));
#1707 = CARTESIAN_POINT('',(3.890024242396,-0.40432426679));
#1708 = CARTESIAN_POINT('',(3.879653169234,-0.3475465841));
#1709 = CARTESIAN_POINT('',(3.869545588096,-0.290417167021));
#1710 = CARTESIAN_POINT('',(3.859691837001,-0.232952367365));
#1711 = CARTESIAN_POINT('',(3.850082600482,-0.175167874187));
#1712 = CARTESIAN_POINT('',(3.840708913785,-0.117078731698));
#1713 = CARTESIAN_POINT('',(3.831562114827,-5.869944200033E-02));
#1714 = CARTESIAN_POINT('',(3.825610029696,-1.959564223939E-02));
#1715 = CARTESIAN_POINT('',(3.822669041709,-2.6645352591E-15));
#1716 = ( GEOMETRIC_REPRESENTATION_CONTEXT(2) 
PARAMETRIC_REPRESENTATION_CONTEXT() REPRESENTATION_CONTEXT('2D SPACE',''
  ) );
#1717 = ORIENTED_EDGE('',*,*,#1718,.T.);
#1718 = EDGE_CURVE('',#1667,#1719,#1721,.T.);
#1719 = VERTEX_POINT('',#1720);
#1720 = CARTESIAN_POINT('',(-51.80476460731,-39.4,-0.8));
#1721 = SURFACE_CURVE('',#1722,(#1726,#1733),.PCURVE_S1.);
#1722 = LINE('',#1723,#1724);
#1723 = CARTESIAN_POINT('',(-51.80476460731,-39.4,5.602));
#1724 = VECTOR('',#1725,1.);
#1725 = DIRECTION('',(3.153195929581E-32,6.123233995737E-17,-1.));
#1726 = PCURVE('',#1647,#1727);
#1727 = DEFINITIONAL_REPRESENTATION('',(#1728),#1732);
#1728 = LINE('',#1729,#1730);
#1729 = CARTESIAN_POINT('',(51.804764607319,7.602));
#1730 = VECTOR('',#1731,1.);
#1731 = DIRECTION('',(-3.868490054922E-32,-1.));
#1732 = ( GEOMETRIC_REPRESENTATION_CONTEXT(2) 
PARAMETRIC_REPRESENTATION_CONTEXT() REPRESENTATION_CONTEXT('2D SPACE',''
  ) );
#1733 = PCURVE('',#1734,#1739);
#1734 = CYLINDRICAL_SURFACE('',#1735,5.4);
#1735 = AXIS2_PLACEMENT_3D('',#1736,#1737,#1738);
#1736 = CARTESIAN_POINT('',(-56.,-36.,5.602));
#1737 = DIRECTION('',(3.153195929581E-32,6.123233995737E-17,-1.));
#1738 = DIRECTION('',(0.,1.,6.123233995737E-17));
#1739 = DEFINITIONAL_REPRESENTATION('',(#1740),#1744);
#1740 = LINE('',#1741,#1742);
#1741 = CARTESIAN_POINT('',(2.251872714914,-8.881784197001E-16));
#1742 = VECTOR('',#1743,1.);
#1743 = DIRECTION('',(0.,1.));
#1744 = ( GEOMETRIC_REPRESENTATION_CONTEXT(2) 
PARAMETRIC_REPRESENTATION_CONTEXT() REPRESENTATION_CONTEXT('2D SPACE',''
  ) );
#1745 = ORIENTED_EDGE('',*,*,#1746,.T.);
#1746 = EDGE_CURVE('',#1719,#1747,#1749,.T.);
#1747 = VERTEX_POINT('',#1748);
#1748 = CARTESIAN_POINT('',(51.804764607319,-39.4,-0.8));
#1749 = SURFACE_CURVE('',#1750,(#1754,#1761),.PCURVE_S1.);
#1750 = LINE('',#1751,#1752);
#1751 = CARTESIAN_POINT('',(51.804764607319,-39.4,-0.8));
#1752 = VECTOR('',#1753,1.);
#1753 = DIRECTION('',(1.,1.168163956887E-16,3.868490054922E-32));
#1754 = PCURVE('',#1647,#1755);
#1755 = DEFINITIONAL_REPRESENTATION('',(#1756),#1760);
#1756 = LINE('',#1757,#1758);
#1757 = CARTESIAN_POINT('',(-51.80476460731,1.2));
#1758 = VECTOR('',#1759,1.);
#1759 = DIRECTION('',(-1.,3.868490054922E-32));
#1760 = ( GEOMETRIC_REPRESENTATION_CONTEXT(2) 
PARAMETRIC_REPRESENTATION_CONTEXT() REPRESENTATION_CONTEXT('2D SPACE',''
  ) );
#1761 = PCURVE('',#1762,#1767);
#1762 = PLANE('',#1763);
#1763 = AXIS2_PLACEMENT_3D('',#1764,#1765,#1766);
#1764 = CARTESIAN_POINT('',(4.462386315307E-15,-38.2,-2.));
#1765 = DIRECTION('',(8.260166554523E-17,-0.707106781187,-0.707106781187
    ));
#1766 = DIRECTION('',(1.,1.168163956887E-16,-6.162975822039E-32));
#1767 = DEFINITIONAL_REPRESENTATION('',(#1768),#1772);
#1768 = LINE('',#1769,#1770);
#1769 = CARTESIAN_POINT('',(51.804764607319,1.697056274848));
#1770 = VECTOR('',#1771,1.);
#1771 = DIRECTION('',(1.,1.984015357598E-32));
#1772 = ( GEOMETRIC_REPRESENTATION_CONTEXT(2) 
PARAMETRIC_REPRESENTATION_CONTEXT() REPRESENTATION_CONTEXT('2D SPACE',''
  ) );
#1773 = ORIENTED_EDGE('',*,*,#1774,.F.);
#1774 = EDGE_CURVE('',#1775,#1747,#1777,.T.);
#1775 = VERTEX_POINT('',#1776);
#1776 = CARTESIAN_POINT('',(51.804764607319,-39.4,4.4));
#1777 = SURFACE_CURVE('',#1778,(#1782,#1789),.PCURVE_S1.);
#1778 = LINE('',#1779,#1780);
#1779 = CARTESIAN_POINT('',(51.804764607319,-39.4,5.602));
#1780 = VECTOR('',#1781,1.);
#1781 = DIRECTION('',(3.153195929581E-32,6.123233995737E-17,-1.));
#1782 = PCURVE('',#1647,#1783);
#1783 = DEFINITIONAL_REPRESENTATION('',(#1784),#1788);
#1784 = LINE('',#1785,#1786);
#1785 = CARTESIAN_POINT('',(-51.80476460731,7.602));
#1786 = VECTOR('',#1787,1.);
#1787 = DIRECTION('',(-3.868490054922E-32,-1.));
#1788 = ( GEOMETRIC_REPRESENTATION_CONTEXT(2) 
PARAMETRIC_REPRESENTATION_CONTEXT() REPRESENTATION_CONTEXT('2D SPACE',''
  ) );
#1789 = PCURVE('',#1447,#1790);
#1790 = DEFINITIONAL_REPRESENTATION('',(#1791),#1795);
#1791 = LINE('',#1792,#1793);
#1792 = CARTESIAN_POINT('',(4.031312592266,-8.881784197001E-16));
#1793 = VECTOR('',#1794,1.);
#1794 = DIRECTION('',(0.,1.));
#1795 = ( GEOMETRIC_REPRESENTATION_CONTEXT(2) 
PARAMETRIC_REPRESENTATION_CONTEXT() REPRESENTATION_CONTEXT('2D SPACE',''
  ) );
#1796 = ORIENTED_EDGE('',*,*,#1797,.T.);
#1797 = EDGE_CURVE('',#1775,#1637,#1798,.T.);
#1798 = SURFACE_CURVE('',#1799,(#1804,#1812),.PCURVE_S1.);
#1799 = B_SPLINE_CURVE_WITH_KNOTS('',3,(#1800,#1801,#1802,#1803),
  .UNSPECIFIED.,.F.,.F.,(4,4),(0.,2.105009681614E-03),
  .PIECEWISE_BEZIER_KNOTS.);
#1800 = CARTESIAN_POINT('',(51.804764607319,-39.4,4.4));
#1801 = CARTESIAN_POINT('',(52.359672119293,-39.4,4.831105117388));
#1802 = CARTESIAN_POINT('',(52.927398923656,-39.4,5.243734752328));
#1803 = CARTESIAN_POINT('',(53.534234398812,-39.4,5.6));
#1804 = PCURVE('',#1647,#1805);
#1805 = DEFINITIONAL_REPRESENTATION('',(#1806),#1811);
#1806 = B_SPLINE_CURVE_WITH_KNOTS('',3,(#1807,#1808,#1809,#1810),
  .UNSPECIFIED.,.F.,.F.,(4,4),(0.,2.105009681614E-03),
  .PIECEWISE_BEZIER_KNOTS.);
#1807 = CARTESIAN_POINT('',(-51.80476460731,6.4));
#1808 = CARTESIAN_POINT('',(-52.35967211929,6.831105117388));
#1809 = CARTESIAN_POINT('',(-52.92739892365,7.243734752328));
#1810 = CARTESIAN_POINT('',(-53.53423439881,7.6));
#1811 = ( GEOMETRIC_REPRESENTATION_CONTEXT(2) 
PARAMETRIC_REPRESENTATION_CONTEXT() REPRESENTATION_CONTEXT('2D SPACE',''
  ) );
#1812 = PCURVE('',#1397,#1813);
#1813 = DEFINITIONAL_REPRESENTATION('',(#1814),#1840);
#1814 = B_SPLINE_CURVE_WITH_KNOTS('',3,(#1815,#1816,#1817,#1818,#1819,
    #1820,#1821,#1822,#1823,#1824,#1825,#1826,#1827,#1828,#1829,#1830,
    #1831,#1832,#1833,#1834,#1835,#1836,#1837,#1838,#1839),
  .UNSPECIFIED.,.F.,.F.,(4,1,1,1,1,1,1,1,1,1,1,1,1,1,1,1,1,1,1,1,1,1,4),
  (0.,9.568225825516E-05,1.913645165103E-04,2.870467747655E-04,
    3.827290330206E-04,4.784112912758E-04,5.74093549531E-04,
    6.697758077861E-04,7.654580660413E-04,8.611403242965E-04,
    9.568225825516E-04,1.052504840807E-03,1.148187099062E-03,
    1.243869357317E-03,1.339551615572E-03,1.435233873827E-03,
    1.530916132083E-03,1.626598390338E-03,1.722280648593E-03,
    1.817962906848E-03,1.913645165103E-03,2.009327423358E-03,
    2.105009681614E-03),.QUASI_UNIFORM_KNOTS.);
#1815 = CARTESIAN_POINT('',(5.602108919061,1.2));
#1816 = CARTESIAN_POINT('',(5.599167931073,1.180404357761));
#1817 = CARTESIAN_POINT('',(5.593215845942,1.141300558));
#1818 = CARTESIAN_POINT('',(5.584069046985,1.082921268302));
#1819 = CARTESIAN_POINT('',(5.574695360288,1.024832125813));
#1820 = CARTESIAN_POINT('',(5.565086123768,0.967047632635));
#1821 = CARTESIAN_POINT('',(5.555232372673,0.909582832979));
#1822 = CARTESIAN_POINT('',(5.545124791535,0.8524534159));
#1823 = CARTESIAN_POINT('',(5.534753718374,0.79567573321));
#1824 = CARTESIAN_POINT('',(5.524109136246,0.739266842562));
#1825 = CARTESIAN_POINT('',(5.513180669852,0.683244546311));
#1826 = CARTESIAN_POINT('',(5.501957582814,0.627627434068));
#1827 = CARTESIAN_POINT('',(5.490428777219,0.572434926846));
#1828 = CARTESIAN_POINT('',(5.478582795477,0.517687323391));
#1829 = CARTESIAN_POINT('',(5.466407825008,0.463405848479));
#1830 = CARTESIAN_POINT('',(5.453891706235,0.409612703227));
#1831 = CARTESIAN_POINT('',(5.441021944421,0.356331117182));
#1832 = CARTESIAN_POINT('',(5.42778572597,0.303585402491));
#1833 = CARTESIAN_POINT('',(5.414169939879,0.25140100841));
#1834 = CARTESIAN_POINT('',(5.400161204981,0.199804581674));
#1835 = CARTESIAN_POINT('',(5.385745904222,0.148824010906));
#1836 = CARTESIAN_POINT('',(5.370910225196,9.848853499896E-02));
#1837 = CARTESIAN_POINT('',(5.355640214066,4.882861511147E-02));
#1838 = CARTESIAN_POINT('',(5.345161285199,1.619399763553E-02));
#1839 = CARTESIAN_POINT('',(5.339844753308,1.7763568394E-15));
#1840 = ( GEOMETRIC_REPRESENTATION_CONTEXT(2) 
PARAMETRIC_REPRESENTATION_CONTEXT() REPRESENTATION_CONTEXT('2D SPACE',''
  ) );
#1841 = ADVANCED_FACE('',(#1842),#1856,.T.);
#1842 = FACE_BOUND('',#1843,.T.);
#1843 = EDGE_LOOP('',(#1844,#1874,#1926,#1954,#1982,#2005));
#1844 = ORIENTED_EDGE('',*,*,#1845,.F.);
#1845 = EDGE_CURVE('',#1846,#1848,#1850,.T.);
#1846 = VERTEX_POINT('',#1847);
#1847 = CARTESIAN_POINT('',(-59.4,33.534234398813,5.6));
#1848 = VERTEX_POINT('',#1849);
#1849 = CARTESIAN_POINT('',(-59.4,-33.53423439881,5.6));
#1850 = SURFACE_CURVE('',#1851,(#1855,#1867),.PCURVE_S1.);
#1851 = LINE('',#1852,#1853);
#1852 = CARTESIAN_POINT('',(-59.4,-1.422068891158E-14,5.6));
#1853 = VECTOR('',#1854,1.);
#1854 = DIRECTION('',(8.80570292374E-17,-1.,-6.123233995737E-17));
#1855 = PCURVE('',#1856,#1861);
#1856 = PLANE('',#1857);
#1857 = AXIS2_PLACEMENT_3D('',#1858,#1859,#1860);
#1858 = CARTESIAN_POINT('',(-59.4,-1.37553231279E-14,-2.));
#1859 = DIRECTION('',(-1.,-8.80570292374E-17,-3.692389724571E-32));
#1860 = DIRECTION('',(8.80570292374E-17,-1.,0.));
#1861 = DEFINITIONAL_REPRESENTATION('',(#1862),#1866);
#1862 = LINE('',#1863,#1864);
#1863 = CARTESIAN_POINT('',(4.65365783676E-16,7.6));
#1864 = VECTOR('',#1865,1.);
#1865 = DIRECTION('',(1.,-6.123233995737E-17));
#1866 = ( GEOMETRIC_REPRESENTATION_CONTEXT(2) 
PARAMETRIC_REPRESENTATION_CONTEXT() REPRESENTATION_CONTEXT('2D SPACE',''
  ) );
#1867 = PCURVE('',#128,#1868);
#1868 = DEFINITIONAL_REPRESENTATION('',(#1869),#1873);
#1869 = LINE('',#1870,#1871);
#1870 = CARTESIAN_POINT('',(-59.4,-1.387778780781E-14));
#1871 = VECTOR('',#1872,1.);
#1872 = DIRECTION('',(8.80570292374E-17,-1.));
#1873 = ( GEOMETRIC_REPRESENTATION_CONTEXT(2) 
PARAMETRIC_REPRESENTATION_CONTEXT() REPRESENTATION_CONTEXT('2D SPACE',''
  ) );
#1874 = ORIENTED_EDGE('',*,*,#1875,.T.);
#1875 = EDGE_CURVE('',#1846,#1876,#1878,.T.);
#1876 = VERTEX_POINT('',#1877);
#1877 = CARTESIAN_POINT('',(-59.4,31.804764607319,4.4));
#1878 = SURFACE_CURVE('',#1879,(#1884,#1892),.PCURVE_S1.);
#1879 = B_SPLINE_CURVE_WITH_KNOTS('',3,(#1880,#1881,#1882,#1883),
  .UNSPECIFIED.,.F.,.F.,(4,4),(0.,2.105009681614E-03),
  .PIECEWISE_BEZIER_KNOTS.);
#1880 = CARTESIAN_POINT('',(-59.4,33.534234398813,5.6));
#1881 = CARTESIAN_POINT('',(-59.4,32.927398923656,5.243734752328));
#1882 = CARTESIAN_POINT('',(-59.4,32.359672119293,4.831105117388));
#1883 = CARTESIAN_POINT('',(-59.4,31.804764607319,4.4));
#1884 = PCURVE('',#1856,#1885);
#1885 = DEFINITIONAL_REPRESENTATION('',(#1886),#1891);
#1886 = B_SPLINE_CURVE_WITH_KNOTS('',3,(#1887,#1888,#1889,#1890),
  .UNSPECIFIED.,.F.,.F.,(4,4),(0.,2.105009681614E-03),
  .PIECEWISE_BEZIER_KNOTS.);
#1887 = CARTESIAN_POINT('',(-33.53423439881,7.6));
#1888 = CARTESIAN_POINT('',(-32.92739892365,7.243734752328));
#1889 = CARTESIAN_POINT('',(-32.35967211929,6.831105117388));
#1890 = CARTESIAN_POINT('',(-31.80476460731,6.4));
#1891 = ( GEOMETRIC_REPRESENTATION_CONTEXT(2) 
PARAMETRIC_REPRESENTATION_CONTEXT() REPRESENTATION_CONTEXT('2D SPACE',''
  ) );
#1892 = PCURVE('',#1893,#1898);
#1893 = CONICAL_SURFACE('',#1894,4.2,0.785398163397);
#1894 = AXIS2_PLACEMENT_3D('',#1895,#1896,#1897);
#1895 = CARTESIAN_POINT('',(-56.,36.,5.6));
#1896 = DIRECTION('',(0.,0.,-1.));
#1897 = DIRECTION('',(-1.,0.,0.));
#1898 = DEFINITIONAL_REPRESENTATION('',(#1899),#1925);
#1899 = B_SPLINE_CURVE_WITH_KNOTS('',3,(#1900,#1901,#1902,#1903,#1904,
    #1905,#1906,#1907,#1908,#1909,#1910,#1911,#1912,#1913,#1914,#1915,
    #1916,#1917,#1918,#1919,#1920,#1921,#1922,#1923,#1924),
  .UNSPECIFIED.,.F.,.F.,(4,1,1,1,1,1,1,1,1,1,1,1,1,1,1,1,1,1,1,1,1,1,4),
  (0.,9.568225825516E-05,1.913645165103E-04,2.870467747655E-04,
    3.827290330207E-04,4.784112912758E-04,5.74093549531E-04,
    6.697758077861E-04,7.654580660413E-04,8.611403242965E-04,
    9.568225825516E-04,1.052504840807E-03,1.148187099062E-03,
    1.243869357317E-03,1.339551615572E-03,1.435233873827E-03,
    1.530916132083E-03,1.626598390338E-03,1.722280648593E-03,
    1.817962906848E-03,1.913645165103E-03,2.009327423358E-03,
    2.105009681614E-03),.QUASI_UNIFORM_KNOTS.);
#1900 = CARTESIAN_POINT('',(-0.627455772923,-2.797762022055E-14));
#1901 = CARTESIAN_POINT('',(-0.632772304814,1.61939976355E-02));
#1902 = CARTESIAN_POINT('',(-0.643251233682,4.882861511145E-02));
#1903 = CARTESIAN_POINT('',(-0.658521244811,9.848853499893E-02));
#1904 = CARTESIAN_POINT('',(-0.673356923837,0.148824010906));
#1905 = CARTESIAN_POINT('',(-0.687772224596,0.199804581674));
#1906 = CARTESIAN_POINT('',(-0.701780959494,0.25140100841));
#1907 = CARTESIAN_POINT('',(-0.715396745585,0.303585402491));
#1908 = CARTESIAN_POINT('',(-0.728632964036,0.356331117182));
#1909 = CARTESIAN_POINT('',(-0.74150272585,0.409612703227));
#1910 = CARTESIAN_POINT('',(-0.754018844623,0.463405848479));
#1911 = CARTESIAN_POINT('',(-0.766193815092,0.517687323391));
#1912 = CARTESIAN_POINT('',(-0.778039796834,0.572434926846));
#1913 = CARTESIAN_POINT('',(-0.789568602429,0.627627434068));
#1914 = CARTESIAN_POINT('',(-0.800791689468,0.683244546311));
#1915 = CARTESIAN_POINT('',(-0.811720155862,0.739266842562));
#1916 = CARTESIAN_POINT('',(-0.822364737989,0.79567573321));
#1917 = CARTESIAN_POINT('',(-0.83273581115,0.8524534159));
#1918 = CARTESIAN_POINT('',(-0.842843392289,0.909582832979));
#1919 = CARTESIAN_POINT('',(-0.852697143384,0.967047632635));
#1920 = CARTESIAN_POINT('',(-0.862306379903,1.024832125813));
#1921 = CARTESIAN_POINT('',(-0.8716800666,1.082921268302));
#1922 = CARTESIAN_POINT('',(-0.880826865557,1.141300558));
#1923 = CARTESIAN_POINT('',(-0.886778950688,1.180404357761));
#1924 = CARTESIAN_POINT('',(-0.889719938676,1.2));
#1925 = ( GEOMETRIC_REPRESENTATION_CONTEXT(2) 
PARAMETRIC_REPRESENTATION_CONTEXT() REPRESENTATION_CONTEXT('2D SPACE',''
  ) );
#1926 = ORIENTED_EDGE('',*,*,#1927,.T.);
#1927 = EDGE_CURVE('',#1876,#1928,#1930,.T.);
#1928 = VERTEX_POINT('',#1929);
#1929 = CARTESIAN_POINT('',(-59.4,31.804764607319,-0.8));
#1930 = SURFACE_CURVE('',#1931,(#1935,#1942),.PCURVE_S1.);
#1931 = LINE('',#1932,#1933);
#1932 = CARTESIAN_POINT('',(-59.4,31.804764607319,5.602));
#1933 = VECTOR('',#1934,1.);
#1934 = DIRECTION('',(3.153195929581E-32,6.123233995737E-17,-1.));
#1935 = PCURVE('',#1856,#1936);
#1936 = DEFINITIONAL_REPRESENTATION('',(#1937),#1941);
#1937 = LINE('',#1938,#1939);
#1938 = CARTESIAN_POINT('',(-31.80476460731,7.602));
#1939 = VECTOR('',#1940,1.);
#1940 = DIRECTION('',(-6.123233995737E-17,-1.));
#1941 = ( GEOMETRIC_REPRESENTATION_CONTEXT(2) 
PARAMETRIC_REPRESENTATION_CONTEXT() REPRESENTATION_CONTEXT('2D SPACE',''
  ) );
#1942 = PCURVE('',#1943,#1948);
#1943 = CYLINDRICAL_SURFACE('',#1944,5.4);
#1944 = AXIS2_PLACEMENT_3D('',#1945,#1946,#1947);
#1945 = CARTESIAN_POINT('',(-56.,36.,5.602));
#1946 = DIRECTION('',(3.153195929581E-32,6.123233995737E-17,-1.));
#1947 = DIRECTION('',(0.,1.,6.123233995737E-17));
#1948 = DEFINITIONAL_REPRESENTATION('',(#1949),#1953);
#1949 = LINE('',#1950,#1951);
#1950 = CARTESIAN_POINT('',(3.822669041709,0.));
#1951 = VECTOR('',#1952,1.);
#1952 = DIRECTION('',(0.,1.));
#1953 = ( GEOMETRIC_REPRESENTATION_CONTEXT(2) 
PARAMETRIC_REPRESENTATION_CONTEXT() REPRESENTATION_CONTEXT('2D SPACE',''
  ) );
#1954 = ORIENTED_EDGE('',*,*,#1955,.T.);
#1955 = EDGE_CURVE('',#1928,#1956,#1958,.T.);
#1956 = VERTEX_POINT('',#1957);
#1957 = CARTESIAN_POINT('',(-59.4,-31.80476460731,-0.8));
#1958 = SURFACE_CURVE('',#1959,(#1963,#1970),.PCURVE_S1.);
#1959 = LINE('',#1960,#1961);
#1960 = CARTESIAN_POINT('',(-59.4,-1.382880193585E-14,-0.8));
#1961 = VECTOR('',#1962,1.);
#1962 = DIRECTION('',(8.80570292374E-17,-1.,-6.123233995737E-17));
#1963 = PCURVE('',#1856,#1964);
#1964 = DEFINITIONAL_REPRESENTATION('',(#1965),#1969);
#1965 = LINE('',#1966,#1967);
#1966 = CARTESIAN_POINT('',(7.34788079489E-17,1.2));
#1967 = VECTOR('',#1968,1.);
#1968 = DIRECTION('',(1.,-6.123233995737E-17));
#1969 = ( GEOMETRIC_REPRESENTATION_CONTEXT(2) 
PARAMETRIC_REPRESENTATION_CONTEXT() REPRESENTATION_CONTEXT('2D SPACE',''
  ) );
#1970 = PCURVE('',#1971,#1976);
#1971 = PLANE('',#1972);
#1972 = AXIS2_PLACEMENT_3D('',#1973,#1974,#1975);
#1973 = CARTESIAN_POINT('',(-59.4,-1.382880193585E-14,-0.8));
#1974 = DIRECTION('',(0.707106781187,1.896791969313E-17,0.707106781187)
  );
#1975 = DIRECTION('',(8.80570292374E-17,-1.,-6.123233995737E-17));
#1976 = DEFINITIONAL_REPRESENTATION('',(#1977),#1981);
#1977 = LINE('',#1978,#1979);
#1978 = CARTESIAN_POINT('',(0.,0.));
#1979 = VECTOR('',#1980,1.);
#1980 = DIRECTION('',(1.,2.465190328816E-32));
#1981 = ( GEOMETRIC_REPRESENTATION_CONTEXT(2) 
PARAMETRIC_REPRESENTATION_CONTEXT() REPRESENTATION_CONTEXT('2D SPACE',''
  ) );
#1982 = ORIENTED_EDGE('',*,*,#1983,.F.);
#1983 = EDGE_CURVE('',#1984,#1956,#1986,.T.);
#1984 = VERTEX_POINT('',#1985);
#1985 = CARTESIAN_POINT('',(-59.4,-31.80476460731,4.4));
#1986 = SURFACE_CURVE('',#1987,(#1991,#1998),.PCURVE_S1.);
#1987 = LINE('',#1988,#1989);
#1988 = CARTESIAN_POINT('',(-59.4,-31.80476460731,5.602));
#1989 = VECTOR('',#1990,1.);
#1990 = DIRECTION('',(3.153195929581E-32,6.123233995737E-17,-1.));
#1991 = PCURVE('',#1856,#1992);
#1992 = DEFINITIONAL_REPRESENTATION('',(#1993),#1997);
#1993 = LINE('',#1994,#1995);
#1994 = CARTESIAN_POINT('',(31.804764607319,7.602));
#1995 = VECTOR('',#1996,1.);
#1996 = DIRECTION('',(-6.123233995737E-17,-1.));
#1997 = ( GEOMETRIC_REPRESENTATION_CONTEXT(2) 
PARAMETRIC_REPRESENTATION_CONTEXT() REPRESENTATION_CONTEXT('2D SPACE',''
  ) );
#1998 = PCURVE('',#1734,#1999);
#1999 = DEFINITIONAL_REPRESENTATION('',(#2000),#2004);
#2000 = LINE('',#2001,#2002);
#2001 = CARTESIAN_POINT('',(5.602108919061,0.));
#2002 = VECTOR('',#2003,1.);
#2003 = DIRECTION('',(0.,1.));
#2004 = ( GEOMETRIC_REPRESENTATION_CONTEXT(2) 
PARAMETRIC_REPRESENTATION_CONTEXT() REPRESENTATION_CONTEXT('2D SPACE',''
  ) );
#2005 = ORIENTED_EDGE('',*,*,#2006,.T.);
#2006 = EDGE_CURVE('',#1984,#1848,#2007,.T.);
#2007 = SURFACE_CURVE('',#2008,(#2013,#2021),.PCURVE_S1.);
#2008 = B_SPLINE_CURVE_WITH_KNOTS('',3,(#2009,#2010,#2011,#2012),
  .UNSPECIFIED.,.F.,.F.,(4,4),(0.,2.105009681614E-03),
  .PIECEWISE_BEZIER_KNOTS.);
#2009 = CARTESIAN_POINT('',(-59.4,-31.80476460731,4.4));
#2010 = CARTESIAN_POINT('',(-59.4,-32.35967211929,4.831105117388));
#2011 = CARTESIAN_POINT('',(-59.4,-32.92739892365,5.243734752328));
#2012 = CARTESIAN_POINT('',(-59.4,-33.53423439881,5.6));
#2013 = PCURVE('',#1856,#2014);
#2014 = DEFINITIONAL_REPRESENTATION('',(#2015),#2020);
#2015 = B_SPLINE_CURVE_WITH_KNOTS('',3,(#2016,#2017,#2018,#2019),
  .UNSPECIFIED.,.F.,.F.,(4,4),(0.,2.105009681614E-03),
  .PIECEWISE_BEZIER_KNOTS.);
#2016 = CARTESIAN_POINT('',(31.804764607319,6.4));
#2017 = CARTESIAN_POINT('',(32.359672119293,6.831105117388));
#2018 = CARTESIAN_POINT('',(32.927398923656,7.243734752328));
#2019 = CARTESIAN_POINT('',(33.534234398812,7.6));
#2020 = ( GEOMETRIC_REPRESENTATION_CONTEXT(2) 
PARAMETRIC_REPRESENTATION_CONTEXT() REPRESENTATION_CONTEXT('2D SPACE',''
  ) );
#2021 = PCURVE('',#1684,#2022);
#2022 = DEFINITIONAL_REPRESENTATION('',(#2023),#2049);
#2023 = B_SPLINE_CURVE_WITH_KNOTS('',3,(#2024,#2025,#2026,#2027,#2028,
    #2029,#2030,#2031,#2032,#2033,#2034,#2035,#2036,#2037,#2038,#2039,
    #2040,#2041,#2042,#2043,#2044,#2045,#2046,#2047,#2048),
  .UNSPECIFIED.,.F.,.F.,(4,1,1,1,1,1,1,1,1,1,1,1,1,1,1,1,1,1,1,1,1,1,4),
  (0.,9.568225825516E-05,1.913645165103E-04,2.870467747655E-04,
    3.827290330207E-04,4.784112912758E-04,5.74093549531E-04,
    6.697758077861E-04,7.654580660413E-04,8.611403242965E-04,
    9.568225825516E-04,1.052504840807E-03,1.148187099062E-03,
    1.243869357317E-03,1.339551615572E-03,1.435233873827E-03,
    1.530916132083E-03,1.626598390338E-03,1.722280648593E-03,
    1.817962906848E-03,1.913645165103E-03,2.009327423358E-03,
    2.105009681614E-03),.QUASI_UNIFORM_KNOTS.);
#2024 = CARTESIAN_POINT('',(7.172905245855,-3.996802888651E-15));
#2025 = CARTESIAN_POINT('',(7.169964257868,-1.959564223939E-02));
#2026 = CARTESIAN_POINT('',(7.164012172737,-5.869944200033E-02));
#2027 = CARTESIAN_POINT('',(7.15486537378,-0.117078731698));
#2028 = CARTESIAN_POINT('',(7.145491687083,-0.175167874187));
#2029 = CARTESIAN_POINT('',(7.135882450563,-0.232952367365));
#2030 = CARTESIAN_POINT('',(7.126028699468,-0.290417167021));
#2031 = CARTESIAN_POINT('',(7.11592111833,-0.3475465841));
#2032 = CARTESIAN_POINT('',(7.105550045169,-0.40432426679));
#2033 = CARTESIAN_POINT('',(7.094905463041,-0.460733157438));
#2034 = CARTESIAN_POINT('',(7.083976996647,-0.516755453689));
#2035 = CARTESIAN_POINT('',(7.072753909609,-0.572372565932));
#2036 = CARTESIAN_POINT('',(7.061225104014,-0.627565073154));
#2037 = CARTESIAN_POINT('',(7.049379122271,-0.682312676609));
#2038 = CARTESIAN_POINT('',(7.037204151803,-0.736594151521));
#2039 = CARTESIAN_POINT('',(7.02468803303,-0.790387296773));
#2040 = CARTESIAN_POINT('',(7.011818271216,-0.843668882818));
#2041 = CARTESIAN_POINT('',(6.998582052765,-0.896414597509));
#2042 = CARTESIAN_POINT('',(6.984966266674,-0.94859899159));
#2043 = CARTESIAN_POINT('',(6.970957531776,-1.000195418326));
#2044 = CARTESIAN_POINT('',(6.956542231017,-1.051175989094));
#2045 = CARTESIAN_POINT('',(6.941706551991,-1.101511465001));
#2046 = CARTESIAN_POINT('',(6.926436540861,-1.151171384889));
#2047 = CARTESIAN_POINT('',(6.915957611994,-1.183806002364));
#2048 = CARTESIAN_POINT('',(6.910641080103,-1.2));
#2049 = ( GEOMETRIC_REPRESENTATION_CONTEXT(2) 
PARAMETRIC_REPRESENTATION_CONTEXT() REPRESENTATION_CONTEXT('2D SPACE',''
  ) );
#2050 = ADVANCED_FACE('',(#2051),#2065,.T.);
#2051 = FACE_BOUND('',#2052,.T.);
#2052 = EDGE_LOOP('',(#2053,#2083,#2130,#2153,#2181,#2204));
#2053 = ORIENTED_EDGE('',*,*,#2054,.F.);
#2054 = EDGE_CURVE('',#2055,#2057,#2059,.T.);
#2055 = VERTEX_POINT('',#2056);
#2056 = CARTESIAN_POINT('',(53.534234398812,39.4,5.6));
#2057 = VERTEX_POINT('',#2058);
#2058 = CARTESIAN_POINT('',(-53.53423439881,39.4,5.6));
#2059 = SURFACE_CURVE('',#2060,(#2064,#2076),.PCURVE_S1.);
#2060 = LINE('',#2061,#2062);
#2061 = CARTESIAN_POINT('',(-1.765789720565E-31,39.4,5.6));
#2062 = VECTOR('',#2063,1.);
#2063 = DIRECTION('',(-1.,-1.168163956887E-16,-3.868490054922E-32));
#2064 = PCURVE('',#2065,#2070);
#2065 = PLANE('',#2066);
#2066 = AXIS2_PLACEMENT_3D('',#2067,#2068,#2069);
#2067 = CARTESIAN_POINT('',(6.306391859162E-32,39.4,-2.));
#2068 = DIRECTION('',(-1.168163956887E-16,1.,6.123233995737E-17));
#2069 = DIRECTION('',(-1.,-1.168163956887E-16,0.));
#2070 = DEFINITIONAL_REPRESENTATION('',(#2071),#2075);
#2071 = LINE('',#2072,#2073);
#2072 = CARTESIAN_POINT('',(1.852805371223E-31,7.6));
#2073 = VECTOR('',#2074,1.);
#2074 = DIRECTION('',(1.,-3.868490054922E-32));
#2075 = ( GEOMETRIC_REPRESENTATION_CONTEXT(2) 
PARAMETRIC_REPRESENTATION_CONTEXT() REPRESENTATION_CONTEXT('2D SPACE',''
  ) );
#2076 = PCURVE('',#128,#2077);
#2077 = DEFINITIONAL_REPRESENTATION('',(#2078),#2082);
#2078 = LINE('',#2079,#2080);
#2079 = CARTESIAN_POINT('',(-5.774040883726E-47,39.4));
#2080 = VECTOR('',#2081,1.);
#2081 = DIRECTION('',(-1.,-1.168163956887E-16));
#2082 = ( GEOMETRIC_REPRESENTATION_CONTEXT(2) 
PARAMETRIC_REPRESENTATION_CONTEXT() REPRESENTATION_CONTEXT('2D SPACE',''
  ) );
#2083 = ORIENTED_EDGE('',*,*,#2084,.T.);
#2084 = EDGE_CURVE('',#2055,#2085,#2087,.T.);
#2085 = VERTEX_POINT('',#2086);
#2086 = CARTESIAN_POINT('',(51.804764607319,39.4,4.4));
#2087 = SURFACE_CURVE('',#2088,(#2093,#2101),.PCURVE_S1.);
#2088 = B_SPLINE_CURVE_WITH_KNOTS('',3,(#2089,#2090,#2091,#2092),
  .UNSPECIFIED.,.F.,.F.,(4,4),(0.,2.105009681614E-03),
  .PIECEWISE_BEZIER_KNOTS.);
#2089 = CARTESIAN_POINT('',(53.534234398812,39.4,5.6));
#2090 = CARTESIAN_POINT('',(52.927398923656,39.4,5.243734752328));
#2091 = CARTESIAN_POINT('',(52.359672119293,39.4,4.831105117388));
#2092 = CARTESIAN_POINT('',(51.804764607319,39.4,4.4));
#2093 = PCURVE('',#2065,#2094);
#2094 = DEFINITIONAL_REPRESENTATION('',(#2095),#2100);
#2095 = B_SPLINE_CURVE_WITH_KNOTS('',3,(#2096,#2097,#2098,#2099),
  .UNSPECIFIED.,.F.,.F.,(4,4),(0.,2.105009681614E-03),
  .PIECEWISE_BEZIER_KNOTS.);
#2096 = CARTESIAN_POINT('',(-53.53423439881,7.6));
#2097 = CARTESIAN_POINT('',(-52.92739892365,7.243734752328));
#2098 = CARTESIAN_POINT('',(-52.35967211929,6.831105117388));
#2099 = CARTESIAN_POINT('',(-51.80476460731,6.4));
#2100 = ( GEOMETRIC_REPRESENTATION_CONTEXT(2) 
PARAMETRIC_REPRESENTATION_CONTEXT() REPRESENTATION_CONTEXT('2D SPACE',''
  ) );
#2101 = PCURVE('',#1533,#2102);
#2102 = DEFINITIONAL_REPRESENTATION('',(#2103),#2129);
#2103 = B_SPLINE_CURVE_WITH_KNOTS('',3,(#2104,#2105,#2106,#2107,#2108,
    #2109,#2110,#2111,#2112,#2113,#2114,#2115,#2116,#2117,#2118,#2119,
    #2120,#2121,#2122,#2123,#2124,#2125,#2126,#2127,#2128),
  .UNSPECIFIED.,.F.,.F.,(4,1,1,1,1,1,1,1,1,1,1,1,1,1,1,1,1,1,1,1,1,1,4),
  (0.,9.568225825516E-05,1.913645165103E-04,2.870467747655E-04,
    3.827290330206E-04,4.784112912758E-04,5.74093549531E-04,
    6.697758077861E-04,7.654580660413E-04,8.611403242965E-04,
    9.568225825516E-04,1.052504840807E-03,1.148187099062E-03,
    1.243869357317E-03,1.339551615572E-03,1.435233873827E-03,
    1.530916132083E-03,1.626598390338E-03,1.722280648593E-03,
    1.817962906848E-03,1.913645165103E-03,2.009327423358E-03,
    2.105009681614E-03),.QUASI_UNIFORM_KNOTS.);
#2104 = CARTESIAN_POINT('',(0.943340553872,-1.2));
#2105 = CARTESIAN_POINT('',(0.938024021981,-1.183806002364));
#2106 = CARTESIAN_POINT('',(0.927545093113,-1.151171384889));
#2107 = CARTESIAN_POINT('',(0.912275081984,-1.101511465001));
#2108 = CARTESIAN_POINT('',(0.897439402958,-1.051175989094));
#2109 = CARTESIAN_POINT('',(0.883024102199,-1.000195418326));
#2110 = CARTESIAN_POINT('',(0.869015367301,-0.94859899159));
#2111 = CARTESIAN_POINT('',(0.85539958121,-0.896414597509));
#2112 = CARTESIAN_POINT('',(0.842163362759,-0.843668882818));
#2113 = CARTESIAN_POINT('',(0.829293600945,-0.790387296773));
#2114 = CARTESIAN_POINT('',(0.816777482171,-0.736594151521));
#2115 = CARTESIAN_POINT('',(0.804602511703,-0.682312676609));
#2116 = CARTESIAN_POINT('',(0.792756529961,-0.627565073154));
#2117 = CARTESIAN_POINT('',(0.781227724366,-0.572372565932));
#2118 = CARTESIAN_POINT('',(0.770004637327,-0.516755453689));
#2119 = CARTESIAN_POINT('',(0.759076170933,-0.460733157438));
#2120 = CARTESIAN_POINT('',(0.748431588806,-0.40432426679));
#2121 = CARTESIAN_POINT('',(0.738060515644,-0.3475465841));
#2122 = CARTESIAN_POINT('',(0.727952934506,-0.290417167021));
#2123 = CARTESIAN_POINT('',(0.718099183411,-0.232952367365));
#2124 = CARTESIAN_POINT('',(0.708489946892,-0.175167874187));
#2125 = CARTESIAN_POINT('',(0.699116260195,-0.117078731698));
#2126 = CARTESIAN_POINT('',(0.689969461238,-5.869944200033E-02));
#2127 = CARTESIAN_POINT('',(0.684017376107,-1.959564223939E-02));
#2128 = CARTESIAN_POINT('',(0.681076388119,-2.6645352591E-15));
#2129 = ( GEOMETRIC_REPRESENTATION_CONTEXT(2) 
PARAMETRIC_REPRESENTATION_CONTEXT() REPRESENTATION_CONTEXT('2D SPACE',''
  ) );
#2130 = ORIENTED_EDGE('',*,*,#2131,.T.);
#2131 = EDGE_CURVE('',#2085,#2132,#2134,.T.);
#2132 = VERTEX_POINT('',#2133);
#2133 = CARTESIAN_POINT('',(51.804764607319,39.4,-0.8));
#2134 = SURFACE_CURVE('',#2135,(#2139,#2146),.PCURVE_S1.);
#2135 = LINE('',#2136,#2137);
#2136 = CARTESIAN_POINT('',(51.804764607319,39.4,5.602));
#2137 = VECTOR('',#2138,1.);
#2138 = DIRECTION('',(3.153195929581E-32,6.123233995737E-17,-1.));
#2139 = PCURVE('',#2065,#2140);
#2140 = DEFINITIONAL_REPRESENTATION('',(#2141),#2145);
#2141 = LINE('',#2142,#2143);
#2142 = CARTESIAN_POINT('',(-51.80476460731,7.602));
#2143 = VECTOR('',#2144,1.);
#2144 = DIRECTION('',(-3.868490054922E-32,-1.));
#2145 = ( GEOMETRIC_REPRESENTATION_CONTEXT(2) 
PARAMETRIC_REPRESENTATION_CONTEXT() REPRESENTATION_CONTEXT('2D SPACE',''
  ) );
#2146 = PCURVE('',#1503,#2147);
#2147 = DEFINITIONAL_REPRESENTATION('',(#2148),#2152);
#2148 = LINE('',#2149,#2150);
#2149 = CARTESIAN_POINT('',(-0.889719938676,8.881784197001E-16));
#2150 = VECTOR('',#2151,1.);
#2151 = DIRECTION('',(0.,1.));
#2152 = ( GEOMETRIC_REPRESENTATION_CONTEXT(2) 
PARAMETRIC_REPRESENTATION_CONTEXT() REPRESENTATION_CONTEXT('2D SPACE',''
  ) );
#2153 = ORIENTED_EDGE('',*,*,#2154,.T.);
#2154 = EDGE_CURVE('',#2132,#2155,#2157,.T.);
#2155 = VERTEX_POINT('',#2156);
#2156 = CARTESIAN_POINT('',(-51.80476460731,39.4,-0.8));
#2157 = SURFACE_CURVE('',#2158,(#2162,#2169),.PCURVE_S1.);
#2158 = LINE('',#2159,#2160);
#2159 = CARTESIAN_POINT('',(2.522556743665E-32,39.4,-0.8));
#2160 = VECTOR('',#2161,1.);
#2161 = DIRECTION('',(-1.,-1.168163956887E-16,-3.868490054922E-32));
#2162 = PCURVE('',#2065,#2163);
#2163 = DEFINITIONAL_REPRESENTATION('',(#2164),#2168);
#2164 = LINE('',#2165,#2166);
#2165 = CARTESIAN_POINT('',(2.925482165089E-32,1.2));
#2166 = VECTOR('',#2167,1.);
#2167 = DIRECTION('',(1.,-3.868490054922E-32));
#2168 = ( GEOMETRIC_REPRESENTATION_CONTEXT(2) 
PARAMETRIC_REPRESENTATION_CONTEXT() REPRESENTATION_CONTEXT('2D SPACE',''
  ) );
#2169 = PCURVE('',#2170,#2175);
#2170 = PLANE('',#2171);
#2171 = AXIS2_PLACEMENT_3D('',#2172,#2173,#2174);
#2172 = CARTESIAN_POINT('',(2.522556743665E-32,39.4,-0.8));
#2173 = DIRECTION('',(8.260166554523E-17,-0.707106781187,0.707106781187)
  );
#2174 = DIRECTION('',(-1.,-1.168163956887E-16,-1.725633230171E-31));
#2175 = DEFINITIONAL_REPRESENTATION('',(#2176),#2180);
#2176 = LINE('',#2177,#2178);
#2177 = CARTESIAN_POINT('',(-0.,0.));
#2178 = VECTOR('',#2179,1.);
#2179 = DIRECTION('',(1.,1.35122610986E-33));
#2180 = ( GEOMETRIC_REPRESENTATION_CONTEXT(2) 
PARAMETRIC_REPRESENTATION_CONTEXT() REPRESENTATION_CONTEXT('2D SPACE',''
  ) );
#2181 = ORIENTED_EDGE('',*,*,#2182,.F.);
#2182 = EDGE_CURVE('',#2183,#2155,#2185,.T.);
#2183 = VERTEX_POINT('',#2184);
#2184 = CARTESIAN_POINT('',(-51.80476460731,39.4,4.4));
#2185 = SURFACE_CURVE('',#2186,(#2190,#2197),.PCURVE_S1.);
#2186 = LINE('',#2187,#2188);
#2187 = CARTESIAN_POINT('',(-51.80476460731,39.4,5.602));
#2188 = VECTOR('',#2189,1.);
#2189 = DIRECTION('',(3.153195929581E-32,6.123233995737E-17,-1.));
#2190 = PCURVE('',#2065,#2191);
#2191 = DEFINITIONAL_REPRESENTATION('',(#2192),#2196);
#2192 = LINE('',#2193,#2194);
#2193 = CARTESIAN_POINT('',(51.804764607319,7.602));
#2194 = VECTOR('',#2195,1.);
#2195 = DIRECTION('',(-3.868490054922E-32,-1.));
#2196 = ( GEOMETRIC_REPRESENTATION_CONTEXT(2) 
PARAMETRIC_REPRESENTATION_CONTEXT() REPRESENTATION_CONTEXT('2D SPACE',''
  ) );
#2197 = PCURVE('',#1943,#2198);
#2198 = DEFINITIONAL_REPRESENTATION('',(#2199),#2203);
#2199 = LINE('',#2200,#2201);
#2200 = CARTESIAN_POINT('',(7.172905245855,8.881784197001E-16));
#2201 = VECTOR('',#2202,1.);
#2202 = DIRECTION('',(0.,1.));
#2203 = ( GEOMETRIC_REPRESENTATION_CONTEXT(2) 
PARAMETRIC_REPRESENTATION_CONTEXT() REPRESENTATION_CONTEXT('2D SPACE',''
  ) );
#2204 = ORIENTED_EDGE('',*,*,#2205,.T.);
#2205 = EDGE_CURVE('',#2183,#2057,#2206,.T.);
#2206 = SURFACE_CURVE('',#2207,(#2212,#2220),.PCURVE_S1.);
#2207 = B_SPLINE_CURVE_WITH_KNOTS('',3,(#2208,#2209,#2210,#2211),
  .UNSPECIFIED.,.F.,.F.,(4,4),(0.,2.105009681614E-03),
  .PIECEWISE_BEZIER_KNOTS.);
#2208 = CARTESIAN_POINT('',(-51.80476460731,39.4,4.4));
#2209 = CARTESIAN_POINT('',(-52.35967211929,39.4,4.831105117388));
#2210 = CARTESIAN_POINT('',(-52.92739892365,39.4,5.243734752328));
#2211 = CARTESIAN_POINT('',(-53.53423439881,39.4,5.6));
#2212 = PCURVE('',#2065,#2213);
#2213 = DEFINITIONAL_REPRESENTATION('',(#2214),#2219);
#2214 = B_SPLINE_CURVE_WITH_KNOTS('',3,(#2215,#2216,#2217,#2218),
  .UNSPECIFIED.,.F.,.F.,(4,4),(0.,2.105009681614E-03),
  .PIECEWISE_BEZIER_KNOTS.);
#2215 = CARTESIAN_POINT('',(51.804764607319,6.4));
#2216 = CARTESIAN_POINT('',(52.359672119293,6.831105117388));
#2217 = CARTESIAN_POINT('',(52.927398923656,7.243734752328));
#2218 = CARTESIAN_POINT('',(53.534234398812,7.6));
#2219 = ( GEOMETRIC_REPRESENTATION_CONTEXT(2) 
PARAMETRIC_REPRESENTATION_CONTEXT() REPRESENTATION_CONTEXT('2D SPACE',''
  ) );
#2220 = PCURVE('',#1893,#2221);
#2221 = DEFINITIONAL_REPRESENTATION('',(#2222),#2248);
#2222 = B_SPLINE_CURVE_WITH_KNOTS('',3,(#2223,#2224,#2225,#2226,#2227,
    #2228,#2229,#2230,#2231,#2232,#2233,#2234,#2235,#2236,#2237,#2238,
    #2239,#2240,#2241,#2242,#2243,#2244,#2245,#2246,#2247),
  .UNSPECIFIED.,.F.,.F.,(4,1,1,1,1,1,1,1,1,1,1,1,1,1,1,1,1,1,1,1,1,1,4),
  (0.,9.568225825516E-05,1.913645165103E-04,2.870467747655E-04,
    3.827290330206E-04,4.784112912758E-04,5.74093549531E-04,
    6.697758077861E-04,7.654580660413E-04,8.611403242965E-04,
    9.568225825516E-04,1.052504840807E-03,1.148187099062E-03,
    1.243869357317E-03,1.339551615572E-03,1.435233873827E-03,
    1.530916132083E-03,1.626598390338E-03,1.722280648593E-03,
    1.817962906848E-03,1.913645165103E-03,2.009327423358E-03,
    2.105009681614E-03),.QUASI_UNIFORM_KNOTS.);
#2223 = CARTESIAN_POINT('',(2.460516265471,1.2));
#2224 = CARTESIAN_POINT('',(2.457575277483,1.180404357761));
#2225 = CARTESIAN_POINT('',(2.451623192352,1.141300558));
#2226 = CARTESIAN_POINT('',(2.442476393395,1.082921268302));
#2227 = CARTESIAN_POINT('',(2.433102706698,1.024832125813));
#2228 = CARTESIAN_POINT('',(2.423493470179,0.967047632635));
#2229 = CARTESIAN_POINT('',(2.413639719083,0.909582832979));
#2230 = CARTESIAN_POINT('',(2.403532137945,0.8524534159));
#2231 = CARTESIAN_POINT('',(2.393161064784,0.79567573321));
#2232 = CARTESIAN_POINT('',(2.382516482657,0.739266842562));
#2233 = CARTESIAN_POINT('',(2.371588016263,0.683244546311));
#2234 = CARTESIAN_POINT('',(2.360364929224,0.627627434068));
#2235 = CARTESIAN_POINT('',(2.348836123629,0.572434926846));
#2236 = CARTESIAN_POINT('',(2.336990141887,0.517687323391));
#2237 = CARTESIAN_POINT('',(2.324815171418,0.463405848479));
#2238 = CARTESIAN_POINT('',(2.312299052645,0.409612703227));
#2239 = CARTESIAN_POINT('',(2.299429290831,0.356331117182));
#2240 = CARTESIAN_POINT('',(2.28619307238,0.303585402491));
#2241 = CARTESIAN_POINT('',(2.272577286289,0.25140100841));
#2242 = CARTESIAN_POINT('',(2.258568551391,0.199804581674));
#2243 = CARTESIAN_POINT('',(2.244153250632,0.148824010906));
#2244 = CARTESIAN_POINT('',(2.229317571606,9.848853499896E-02));
#2245 = CARTESIAN_POINT('',(2.214047560477,4.882861511147E-02));
#2246 = CARTESIAN_POINT('',(2.203568631609,1.619399763553E-02));
#2247 = CARTESIAN_POINT('',(2.198252099718,1.33226762955E-15));
#2248 = ( GEOMETRIC_REPRESENTATION_CONTEXT(2) 
PARAMETRIC_REPRESENTATION_CONTEXT() REPRESENTATION_CONTEXT('2D SPACE',''
  ) );
#2249 = ADVANCED_FACE('',(#2250),#2264,.T.);
#2250 = FACE_BOUND('',#2251,.T.);
#2251 = EDGE_LOOP('',(#2252,#2287,#2310,#2338,#2361,#2389,#2412,#2440));
#2252 = ORIENTED_EDGE('',*,*,#2253,.T.);
#2253 = EDGE_CURVE('',#2254,#2256,#2258,.T.);
#2254 = VERTEX_POINT('',#2255);
#2255 = CARTESIAN_POINT('',(-42.4,37.,4.));
#2256 = VERTEX_POINT('',#2257);
#2257 = CARTESIAN_POINT('',(-42.4,37.,2.4));
#2258 = SURFACE_CURVE('',#2259,(#2263,#2275),.PCURVE_S1.);
#2259 = LINE('',#2260,#2261);
#2260 = CARTESIAN_POINT('',(-42.4,37.,4.002));
#2261 = VECTOR('',#2262,1.);
#2262 = DIRECTION('',(3.153195929581E-32,6.123233995737E-17,-1.));
#2263 = PCURVE('',#2264,#2269);
#2264 = PLANE('',#2265);
#2265 = AXIS2_PLACEMENT_3D('',#2266,#2267,#2268);
#2266 = CARTESIAN_POINT('',(-6.938893903907E-15,37.,5.602));
#2267 = DIRECTION('',(1.217349807703E-16,-1.,-6.123233995737E-17));
#2268 = DIRECTION('',(1.,1.217349807703E-16,0.));
#2269 = DEFINITIONAL_REPRESENTATION('',(#2270),#2274);
#2270 = LINE('',#2271,#2272);
#2271 = CARTESIAN_POINT('',(-42.4,-1.6));
#2272 = VECTOR('',#2273,1.);
#2273 = DIRECTION('',(3.898607702304E-32,-1.));
#2274 = ( GEOMETRIC_REPRESENTATION_CONTEXT(2) 
PARAMETRIC_REPRESENTATION_CONTEXT() REPRESENTATION_CONTEXT('2D SPACE',''
  ) );
#2275 = PCURVE('',#2276,#2281);
#2276 = CYLINDRICAL_SURFACE('',#2277,1.6);
#2277 = AXIS2_PLACEMENT_3D('',#2278,#2279,#2280);
#2278 = CARTESIAN_POINT('',(-42.4,35.4,4.002));
#2279 = DIRECTION('',(3.153195929581E-32,6.123233995737E-17,-1.));
#2280 = DIRECTION('',(0.,1.,6.123233995737E-17));
#2281 = DEFINITIONAL_REPRESENTATION('',(#2282),#2286);
#2282 = LINE('',#2283,#2284);
#2283 = CARTESIAN_POINT('',(6.28318530718,4.440892098501E-16));
#2284 = VECTOR('',#2285,1.);
#2285 = DIRECTION('',(0.,1.));
#2286 = ( GEOMETRIC_REPRESENTATION_CONTEXT(2) 
PARAMETRIC_REPRESENTATION_CONTEXT() REPRESENTATION_CONTEXT('2D SPACE',''
  ) );
#2287 = ORIENTED_EDGE('',*,*,#2288,.F.);
#2288 = EDGE_CURVE('',#2289,#2256,#2291,.T.);
#2289 = VERTEX_POINT('',#2290);
#2290 = CARTESIAN_POINT('',(42.4,37.,2.4));
#2291 = SURFACE_CURVE('',#2292,(#2296,#2303),.PCURVE_S1.);
#2292 = LINE('',#2293,#2294);
#2293 = CARTESIAN_POINT('',(-6.938893903907E-15,37.,2.4));
#2294 = VECTOR('',#2295,1.);
#2295 = DIRECTION('',(-1.,-1.217349807703E-16,-3.898607702304E-32));
#2296 = PCURVE('',#2264,#2297);
#2297 = DEFINITIONAL_REPRESENTATION('',(#2298),#2302);
#2298 = LINE('',#2299,#2300);
#2299 = CARTESIAN_POINT('',(0.,-3.202));
#2300 = VECTOR('',#2301,1.);
#2301 = DIRECTION('',(-1.,-3.898607702304E-32));
#2302 = ( GEOMETRIC_REPRESENTATION_CONTEXT(2) 
PARAMETRIC_REPRESENTATION_CONTEXT() REPRESENTATION_CONTEXT('2D SPACE',''
  ) );
#2303 = PCURVE('',#596,#2304);
#2304 = DEFINITIONAL_REPRESENTATION('',(#2305),#2309);
#2305 = LINE('',#2306,#2307);
#2306 = CARTESIAN_POINT('',(3.14159265359,0.));
#2307 = VECTOR('',#2308,1.);
#2308 = DIRECTION('',(0.,1.));
#2309 = ( GEOMETRIC_REPRESENTATION_CONTEXT(2) 
PARAMETRIC_REPRESENTATION_CONTEXT() REPRESENTATION_CONTEXT('2D SPACE',''
  ) );
#2310 = ORIENTED_EDGE('',*,*,#2311,.F.);
#2311 = EDGE_CURVE('',#2312,#2289,#2314,.T.);
#2312 = VERTEX_POINT('',#2313);
#2313 = CARTESIAN_POINT('',(42.4,37.,4.));
#2314 = SURFACE_CURVE('',#2315,(#2319,#2326),.PCURVE_S1.);
#2315 = LINE('',#2316,#2317);
#2316 = CARTESIAN_POINT('',(42.4,37.,4.002));
#2317 = VECTOR('',#2318,1.);
#2318 = DIRECTION('',(3.153195929581E-32,6.123233995737E-17,-1.));
#2319 = PCURVE('',#2264,#2320);
#2320 = DEFINITIONAL_REPRESENTATION('',(#2321),#2325);
#2321 = LINE('',#2322,#2323);
#2322 = CARTESIAN_POINT('',(42.4,-1.6));
#2323 = VECTOR('',#2324,1.);
#2324 = DIRECTION('',(3.898607702304E-32,-1.));
#2325 = ( GEOMETRIC_REPRESENTATION_CONTEXT(2) 
PARAMETRIC_REPRESENTATION_CONTEXT() REPRESENTATION_CONTEXT('2D SPACE',''
  ) );
#2326 = PCURVE('',#2327,#2332);
#2327 = CYLINDRICAL_SURFACE('',#2328,1.6);
#2328 = AXIS2_PLACEMENT_3D('',#2329,#2330,#2331);
#2329 = CARTESIAN_POINT('',(42.4,35.4,4.002));
#2330 = DIRECTION('',(3.153195929581E-32,6.123233995737E-17,-1.));
#2331 = DIRECTION('',(0.,1.,6.123233995737E-17));
#2332 = DEFINITIONAL_REPRESENTATION('',(#2333),#2337);
#2333 = LINE('',#2334,#2335);
#2334 = CARTESIAN_POINT('',(0.,4.440892098501E-16));
#2335 = VECTOR('',#2336,1.);
#2336 = DIRECTION('',(0.,1.));
#2337 = ( GEOMETRIC_REPRESENTATION_CONTEXT(2) 
PARAMETRIC_REPRESENTATION_CONTEXT() REPRESENTATION_CONTEXT('2D SPACE',''
  ) );
#2338 = ORIENTED_EDGE('',*,*,#2339,.T.);
#2339 = EDGE_CURVE('',#2312,#2340,#2342,.T.);
#2340 = VERTEX_POINT('',#2341);
#2341 = CARTESIAN_POINT('',(52.,37.,4.));
#2342 = SURFACE_CURVE('',#2343,(#2347,#2354),.PCURVE_S1.);
#2343 = LINE('',#2344,#2345);
#2344 = CARTESIAN_POINT('',(49.7,37.,4.));
#2345 = VECTOR('',#2346,1.);
#2346 = DIRECTION('',(1.,-3.153071978519E-49,3.153195929581E-32));
#2347 = PCURVE('',#2264,#2348);
#2348 = DEFINITIONAL_REPRESENTATION('',(#2349),#2353);
#2349 = LINE('',#2350,#2351);
#2350 = CARTESIAN_POINT('',(49.7,-1.602));
#2351 = VECTOR('',#2352,1.);
#2352 = DIRECTION('',(1.,3.898607702304E-32));
#2353 = ( GEOMETRIC_REPRESENTATION_CONTEXT(2) 
PARAMETRIC_REPRESENTATION_CONTEXT() REPRESENTATION_CONTEXT('2D SPACE',''
  ) );
#2354 = PCURVE('',#182,#2355);
#2355 = DEFINITIONAL_REPRESENTATION('',(#2356),#2360);
#2356 = LINE('',#2357,#2358);
#2357 = CARTESIAN_POINT('',(49.724823390349,37.));
#2358 = VECTOR('',#2359,1.);
#2359 = DIRECTION('',(1.,1.615468453271E-48));
#2360 = ( GEOMETRIC_REPRESENTATION_CONTEXT(2) 
PARAMETRIC_REPRESENTATION_CONTEXT() REPRESENTATION_CONTEXT('2D SPACE',''
  ) );
#2361 = ORIENTED_EDGE('',*,*,#2362,.T.);
#2362 = EDGE_CURVE('',#2340,#2363,#2365,.T.);
#2363 = VERTEX_POINT('',#2364);
#2364 = CARTESIAN_POINT('',(52.,37.,5.6));
#2365 = SURFACE_CURVE('',#2366,(#2370,#2377),.PCURVE_S1.);
#2366 = LINE('',#2367,#2368);
#2367 = CARTESIAN_POINT('',(52.,37.,5.602));
#2368 = VECTOR('',#2369,1.);
#2369 = DIRECTION('',(-3.153195929581E-32,-6.123233995737E-17,1.));
#2370 = PCURVE('',#2264,#2371);
#2371 = DEFINITIONAL_REPRESENTATION('',(#2372),#2376);
#2372 = LINE('',#2373,#2374);
#2373 = CARTESIAN_POINT('',(52.,-4.746782168701E-32));
#2374 = VECTOR('',#2375,1.);
#2375 = DIRECTION('',(-3.898607702304E-32,1.));
#2376 = ( GEOMETRIC_REPRESENTATION_CONTEXT(2) 
PARAMETRIC_REPRESENTATION_CONTEXT() REPRESENTATION_CONTEXT('2D SPACE',''
  ) );
#2377 = PCURVE('',#2378,#2383);
#2378 = PLANE('',#2379);
#2379 = AXIS2_PLACEMENT_3D('',#2380,#2381,#2382);
#2380 = CARTESIAN_POINT('',(52.,37.7,5.602));
#2381 = DIRECTION('',(1.,-1.930775651123E-48,3.153195929581E-32));
#2382 = DIRECTION('',(3.153195929581E-32,0.,-1.));
#2383 = DEFINITIONAL_REPRESENTATION('',(#2384),#2388);
#2384 = LINE('',#2385,#2386);
#2385 = CARTESIAN_POINT('',(0.,-0.7));
#2386 = VECTOR('',#2387,1.);
#2387 = DIRECTION('',(-1.,-6.123233995737E-17));
#2388 = ( GEOMETRIC_REPRESENTATION_CONTEXT(2) 
PARAMETRIC_REPRESENTATION_CONTEXT() REPRESENTATION_CONTEXT('2D SPACE',''
  ) );
#2389 = ORIENTED_EDGE('',*,*,#2390,.T.);
#2390 = EDGE_CURVE('',#2363,#2391,#2393,.T.);
#2391 = VERTEX_POINT('',#2392);
#2392 = CARTESIAN_POINT('',(-52.,37.,5.6));
#2393 = SURFACE_CURVE('',#2394,(#2398,#2405),.PCURVE_S1.);
#2394 = LINE('',#2395,#2396);
#2395 = CARTESIAN_POINT('',(-6.938893903907E-15,37.,5.6));
#2396 = VECTOR('',#2397,1.);
#2397 = DIRECTION('',(-1.,-1.217349807703E-16,-3.898607702304E-32));
#2398 = PCURVE('',#2264,#2399);
#2399 = DEFINITIONAL_REPRESENTATION('',(#2400),#2404);
#2400 = LINE('',#2401,#2402);
#2401 = CARTESIAN_POINT('',(0.,-2.000000000001E-03));
#2402 = VECTOR('',#2403,1.);
#2403 = DIRECTION('',(-1.,-3.898607702304E-32));
#2404 = ( GEOMETRIC_REPRESENTATION_CONTEXT(2) 
PARAMETRIC_REPRESENTATION_CONTEXT() REPRESENTATION_CONTEXT('2D SPACE',''
  ) );
#2405 = PCURVE('',#128,#2406);
#2406 = DEFINITIONAL_REPRESENTATION('',(#2407),#2411);
#2407 = LINE('',#2408,#2409);
#2408 = CARTESIAN_POINT('',(-6.938893903907E-15,37.));
#2409 = VECTOR('',#2410,1.);
#2410 = DIRECTION('',(-1.,-1.217349807703E-16));
#2411 = ( GEOMETRIC_REPRESENTATION_CONTEXT(2) 
PARAMETRIC_REPRESENTATION_CONTEXT() REPRESENTATION_CONTEXT('2D SPACE',''
  ) );
#2412 = ORIENTED_EDGE('',*,*,#2413,.F.);
#2413 = EDGE_CURVE('',#2414,#2391,#2416,.T.);
#2414 = VERTEX_POINT('',#2415);
#2415 = CARTESIAN_POINT('',(-52.,37.,4.));
#2416 = SURFACE_CURVE('',#2417,(#2421,#2428),.PCURVE_S1.);
#2417 = LINE('',#2418,#2419);
#2418 = CARTESIAN_POINT('',(-52.,37.,5.602));
#2419 = VECTOR('',#2420,1.);
#2420 = DIRECTION('',(-3.153195929581E-32,-6.123233995737E-17,1.));
#2421 = PCURVE('',#2264,#2422);
#2422 = DEFINITIONAL_REPRESENTATION('',(#2423),#2427);
#2423 = LINE('',#2424,#2425);
#2424 = CARTESIAN_POINT('',(-52.,4.746782168701E-32));
#2425 = VECTOR('',#2426,1.);
#2426 = DIRECTION('',(-3.898607702304E-32,1.));
#2427 = ( GEOMETRIC_REPRESENTATION_CONTEXT(2) 
PARAMETRIC_REPRESENTATION_CONTEXT() REPRESENTATION_CONTEXT('2D SPACE',''
  ) );
#2428 = PCURVE('',#2429,#2434);
#2429 = PLANE('',#2430);
#2430 = AXIS2_PLACEMENT_3D('',#2431,#2432,#2433);
#2431 = CARTESIAN_POINT('',(-52.,37.7,5.602));
#2432 = DIRECTION('',(1.,-1.930775651123E-48,3.153195929581E-32));
#2433 = DIRECTION('',(3.153195929581E-32,0.,-1.));
#2434 = DEFINITIONAL_REPRESENTATION('',(#2435),#2439);
#2435 = LINE('',#2436,#2437);
#2436 = CARTESIAN_POINT('',(0.,-0.7));
#2437 = VECTOR('',#2438,1.);
#2438 = DIRECTION('',(-1.,-6.123233995737E-17));
#2439 = ( GEOMETRIC_REPRESENTATION_CONTEXT(2) 
PARAMETRIC_REPRESENTATION_CONTEXT() REPRESENTATION_CONTEXT('2D SPACE',''
  ) );
#2440 = ORIENTED_EDGE('',*,*,#2441,.F.);
#2441 = EDGE_CURVE('',#2254,#2414,#2442,.T.);
#2442 = SURFACE_CURVE('',#2443,(#2447,#2454),.PCURVE_S1.);
#2443 = LINE('',#2444,#2445);
#2444 = CARTESIAN_POINT('',(-49.7,37.,4.));
#2445 = VECTOR('',#2446,1.);
#2446 = DIRECTION('',(-1.,3.153071978519E-49,-3.153195929581E-32));
#2447 = PCURVE('',#2264,#2448);
#2448 = DEFINITIONAL_REPRESENTATION('',(#2449),#2453);
#2449 = LINE('',#2450,#2451);
#2450 = CARTESIAN_POINT('',(-49.7,-1.602));
#2451 = VECTOR('',#2452,1.);
#2452 = DIRECTION('',(-1.,-3.898607702304E-32));
#2453 = ( GEOMETRIC_REPRESENTATION_CONTEXT(2) 
PARAMETRIC_REPRESENTATION_CONTEXT() REPRESENTATION_CONTEXT('2D SPACE',''
  ) );
#2454 = PCURVE('',#1022,#2455);
#2455 = DEFINITIONAL_REPRESENTATION('',(#2456),#2460);
#2456 = LINE('',#2457,#2458);
#2457 = CARTESIAN_POINT('',(-49.67517660965,37.));
#2458 = VECTOR('',#2459,1.);
#2459 = DIRECTION('',(-1.,-1.615468453271E-48));
#2460 = ( GEOMETRIC_REPRESENTATION_CONTEXT(2) 
PARAMETRIC_REPRESENTATION_CONTEXT() REPRESENTATION_CONTEXT('2D SPACE',''
  ) );
#2461 = ADVANCED_FACE('',(#2462),#2477,.F.);
#2462 = FACE_BOUND('',#2463,.F.);
#2463 = EDGE_LOOP('',(#2464,#2500,#2522,#2544,#2545));
#2464 = ORIENTED_EDGE('',*,*,#2465,.F.);
#2465 = EDGE_CURVE('',#2466,#2468,#2470,.T.);
#2466 = VERTEX_POINT('',#2467);
#2467 = CARTESIAN_POINT('',(-48.,30.35,-2.));
#2468 = VERTEX_POINT('',#2469);
#2469 = CARTESIAN_POINT('',(-48.,32.45,-2.));
#2470 = SURFACE_CURVE('',#2471,(#2476,#2488),.PCURVE_S1.);
#2471 = CIRCLE('',#2472,1.05);
#2472 = AXIS2_PLACEMENT_3D('',#2473,#2474,#2475);
#2473 = CARTESIAN_POINT('',(-48.,31.4,-2.));
#2474 = DIRECTION('',(3.153195929581E-32,6.123233995737E-17,-1.));
#2475 = DIRECTION('',(0.,1.,6.123233995737E-17));
#2476 = PCURVE('',#2477,#2482);
#2477 = CYLINDRICAL_SURFACE('',#2478,1.05);
#2478 = AXIS2_PLACEMENT_3D('',#2479,#2480,#2481);
#2479 = CARTESIAN_POINT('',(-48.,31.4,-2.));
#2480 = DIRECTION('',(-3.153195929581E-32,-6.123233995737E-17,1.));
#2481 = DIRECTION('',(0.,-1.,-6.123233995737E-17));
#2482 = DEFINITIONAL_REPRESENTATION('',(#2483),#2487);
#2483 = LINE('',#2484,#2485);
#2484 = CARTESIAN_POINT('',(9.424777960769,0.));
#2485 = VECTOR('',#2486,1.);
#2486 = DIRECTION('',(-1.,0.));
#2487 = ( GEOMETRIC_REPRESENTATION_CONTEXT(2) 
PARAMETRIC_REPRESENTATION_CONTEXT() REPRESENTATION_CONTEXT('2D SPACE',''
  ) );
#2488 = PCURVE('',#2489,#2494);
#2489 = PLANE('',#2490);
#2490 = AXIS2_PLACEMENT_3D('',#2491,#2492,#2493);
#2491 = CARTESIAN_POINT('',(6.306391859162E-32,1.224646799147E-16,-2.));
#2492 = DIRECTION('',(3.153195929581E-32,6.123233995737E-17,-1.));
#2493 = DIRECTION('',(1.,-1.930775651123E-48,3.153195929581E-32));
#2494 = DEFINITIONAL_REPRESENTATION('',(#2495),#2499);
#2495 = CIRCLE('',#2496,1.05);
#2496 = AXIS2_PLACEMENT_2D('',#2497,#2498);
#2497 = CARTESIAN_POINT('',(-48.,-31.4));
#2498 = DIRECTION('',(4.861730685829E-63,-1.));
#2499 = ( GEOMETRIC_REPRESENTATION_CONTEXT(2) 
PARAMETRIC_REPRESENTATION_CONTEXT() REPRESENTATION_CONTEXT('2D SPACE',''
  ) );
#2500 = ORIENTED_EDGE('',*,*,#2501,.T.);
#2501 = EDGE_CURVE('',#2466,#2502,#2504,.T.);
#2502 = VERTEX_POINT('',#2503);
#2503 = CARTESIAN_POINT('',(-48.,30.35,4.));
#2504 = SEAM_CURVE('',#2505,(#2508,#2515),.PCURVE_S1.);
#2505 = B_SPLINE_CURVE_WITH_KNOTS('',1,(#2506,#2507),.UNSPECIFIED.,.F.,
  .F.,(2,2),(0.,6.),.PIECEWISE_BEZIER_KNOTS.);
#2506 = CARTESIAN_POINT('',(-48.,30.35,-2.));
#2507 = CARTESIAN_POINT('',(-48.,30.35,4.));
#2508 = PCURVE('',#2477,#2509);
#2509 = DEFINITIONAL_REPRESENTATION('',(#2510),#2514);
#2510 = LINE('',#2511,#2512);
#2511 = CARTESIAN_POINT('',(6.28318530718,0.));
#2512 = VECTOR('',#2513,1.);
#2513 = DIRECTION('',(0.,1.));
#2514 = ( GEOMETRIC_REPRESENTATION_CONTEXT(2) 
PARAMETRIC_REPRESENTATION_CONTEXT() REPRESENTATION_CONTEXT('2D SPACE',''
  ) );
#2515 = PCURVE('',#2477,#2516);
#2516 = DEFINITIONAL_REPRESENTATION('',(#2517),#2521);
#2517 = LINE('',#2518,#2519);
#2518 = CARTESIAN_POINT('',(0.,0.));
#2519 = VECTOR('',#2520,1.);
#2520 = DIRECTION('',(0.,1.));
#2521 = ( GEOMETRIC_REPRESENTATION_CONTEXT(2) 
PARAMETRIC_REPRESENTATION_CONTEXT() REPRESENTATION_CONTEXT('2D SPACE',''
  ) );
#2522 = ORIENTED_EDGE('',*,*,#2523,.F.);
#2523 = EDGE_CURVE('',#2502,#2502,#2524,.T.);
#2524 = SURFACE_CURVE('',#2525,(#2530,#2537),.PCURVE_S1.);
#2525 = CIRCLE('',#2526,1.05);
#2526 = AXIS2_PLACEMENT_3D('',#2527,#2528,#2529);
#2527 = CARTESIAN_POINT('',(-48.,31.4,4.));
#2528 = DIRECTION('',(-3.153195929581E-32,-6.123233995737E-17,1.));
#2529 = DIRECTION('',(0.,-1.,-6.123233995737E-17));
#2530 = PCURVE('',#2477,#2531);
#2531 = DEFINITIONAL_REPRESENTATION('',(#2532),#2536);
#2532 = LINE('',#2533,#2534);
#2533 = CARTESIAN_POINT('',(0.,6.));
#2534 = VECTOR('',#2535,1.);
#2535 = DIRECTION('',(1.,0.));
#2536 = ( GEOMETRIC_REPRESENTATION_CONTEXT(2) 
PARAMETRIC_REPRESENTATION_CONTEXT() REPRESENTATION_CONTEXT('2D SPACE',''
  ) );
#2537 = PCURVE('',#1022,#2538);
#2538 = DEFINITIONAL_REPRESENTATION('',(#2539),#2543);
#2539 = CIRCLE('',#2540,1.05);
#2540 = AXIS2_PLACEMENT_2D('',#2541,#2542);
#2541 = CARTESIAN_POINT('',(-47.97517660965,31.4));
#2542 = DIRECTION('',(-4.861730685829E-63,-1.));
#2543 = ( GEOMETRIC_REPRESENTATION_CONTEXT(2) 
PARAMETRIC_REPRESENTATION_CONTEXT() REPRESENTATION_CONTEXT('2D SPACE',''
  ) );
#2544 = ORIENTED_EDGE('',*,*,#2501,.F.);
#2545 = ORIENTED_EDGE('',*,*,#2546,.F.);
#2546 = EDGE_CURVE('',#2468,#2466,#2547,.T.);
#2547 = SURFACE_CURVE('',#2548,(#2553,#2560),.PCURVE_S1.);
#2548 = CIRCLE('',#2549,1.05);
#2549 = AXIS2_PLACEMENT_3D('',#2550,#2551,#2552);
#2550 = CARTESIAN_POINT('',(-48.,31.4,-2.));
#2551 = DIRECTION('',(3.153195929581E-32,6.123233995737E-17,-1.));
#2552 = DIRECTION('',(0.,1.,6.123233995737E-17));
#2553 = PCURVE('',#2477,#2554);
#2554 = DEFINITIONAL_REPRESENTATION('',(#2555),#2559);
#2555 = LINE('',#2556,#2557);
#2556 = CARTESIAN_POINT('',(3.14159265359,0.));
#2557 = VECTOR('',#2558,1.);
#2558 = DIRECTION('',(-1.,0.));
#2559 = ( GEOMETRIC_REPRESENTATION_CONTEXT(2) 
PARAMETRIC_REPRESENTATION_CONTEXT() REPRESENTATION_CONTEXT('2D SPACE',''
  ) );
#2560 = PCURVE('',#2489,#2561);
#2561 = DEFINITIONAL_REPRESENTATION('',(#2562),#2566);
#2562 = CIRCLE('',#2563,1.05);
#2563 = AXIS2_PLACEMENT_2D('',#2564,#2565);
#2564 = CARTESIAN_POINT('',(-48.,-31.4));
#2565 = DIRECTION('',(4.861730685829E-63,-1.));
#2566 = ( GEOMETRIC_REPRESENTATION_CONTEXT(2) 
PARAMETRIC_REPRESENTATION_CONTEXT() REPRESENTATION_CONTEXT('2D SPACE',''
  ) );
#2567 = ADVANCED_FACE('',(#2568),#2583,.F.);
#2568 = FACE_BOUND('',#2569,.F.);
#2569 = EDGE_LOOP('',(#2570,#2601,#2623,#2645,#2646));
#2570 = ORIENTED_EDGE('',*,*,#2571,.F.);
#2571 = EDGE_CURVE('',#2572,#2574,#2576,.T.);
#2572 = VERTEX_POINT('',#2573);
#2573 = CARTESIAN_POINT('',(48.,30.35,-2.));
#2574 = VERTEX_POINT('',#2575);
#2575 = CARTESIAN_POINT('',(48.,32.45,-2.));
#2576 = SURFACE_CURVE('',#2577,(#2582,#2594),.PCURVE_S1.);
#2577 = CIRCLE('',#2578,1.05);
#2578 = AXIS2_PLACEMENT_3D('',#2579,#2580,#2581);
#2579 = CARTESIAN_POINT('',(48.,31.4,-2.));
#2580 = DIRECTION('',(3.153195929581E-32,6.123233995737E-17,-1.));
#2581 = DIRECTION('',(0.,1.,6.123233995737E-17));
#2582 = PCURVE('',#2583,#2588);
#2583 = CYLINDRICAL_SURFACE('',#2584,1.05);
#2584 = AXIS2_PLACEMENT_3D('',#2585,#2586,#2587);
#2585 = CARTESIAN_POINT('',(48.,31.4,-2.));
#2586 = DIRECTION('',(-3.153195929581E-32,-6.123233995737E-17,1.));
#2587 = DIRECTION('',(0.,-1.,-6.123233995737E-17));
#2588 = DEFINITIONAL_REPRESENTATION('',(#2589),#2593);
#2589 = LINE('',#2590,#2591);
#2590 = CARTESIAN_POINT('',(9.424777960769,0.));
#2591 = VECTOR('',#2592,1.);
#2592 = DIRECTION('',(-1.,0.));
#2593 = ( GEOMETRIC_REPRESENTATION_CONTEXT(2) 
PARAMETRIC_REPRESENTATION_CONTEXT() REPRESENTATION_CONTEXT('2D SPACE',''
  ) );
#2594 = PCURVE('',#2489,#2595);
#2595 = DEFINITIONAL_REPRESENTATION('',(#2596),#2600);
#2596 = CIRCLE('',#2597,1.05);
#2597 = AXIS2_PLACEMENT_2D('',#2598,#2599);
#2598 = CARTESIAN_POINT('',(48.,-31.4));
#2599 = DIRECTION('',(4.861730685829E-63,-1.));
#2600 = ( GEOMETRIC_REPRESENTATION_CONTEXT(2) 
PARAMETRIC_REPRESENTATION_CONTEXT() REPRESENTATION_CONTEXT('2D SPACE',''
  ) );
#2601 = ORIENTED_EDGE('',*,*,#2602,.T.);
#2602 = EDGE_CURVE('',#2572,#2603,#2605,.T.);
#2603 = VERTEX_POINT('',#2604);
#2604 = CARTESIAN_POINT('',(48.,30.35,4.));
#2605 = SEAM_CURVE('',#2606,(#2609,#2616),.PCURVE_S1.);
#2606 = B_SPLINE_CURVE_WITH_KNOTS('',1,(#2607,#2608),.UNSPECIFIED.,.F.,
  .F.,(2,2),(0.,6.),.PIECEWISE_BEZIER_KNOTS.);
#2607 = CARTESIAN_POINT('',(48.,30.35,-2.));
#2608 = CARTESIAN_POINT('',(48.,30.35,4.));
#2609 = PCURVE('',#2583,#2610);
#2610 = DEFINITIONAL_REPRESENTATION('',(#2611),#2615);
#2611 = LINE('',#2612,#2613);
#2612 = CARTESIAN_POINT('',(6.28318530718,0.));
#2613 = VECTOR('',#2614,1.);
#2614 = DIRECTION('',(0.,1.));
#2615 = ( GEOMETRIC_REPRESENTATION_CONTEXT(2) 
PARAMETRIC_REPRESENTATION_CONTEXT() REPRESENTATION_CONTEXT('2D SPACE',''
  ) );
#2616 = PCURVE('',#2583,#2617);
#2617 = DEFINITIONAL_REPRESENTATION('',(#2618),#2622);
#2618 = LINE('',#2619,#2620);
#2619 = CARTESIAN_POINT('',(0.,0.));
#2620 = VECTOR('',#2621,1.);
#2621 = DIRECTION('',(0.,1.));
#2622 = ( GEOMETRIC_REPRESENTATION_CONTEXT(2) 
PARAMETRIC_REPRESENTATION_CONTEXT() REPRESENTATION_CONTEXT('2D SPACE',''
  ) );
#2623 = ORIENTED_EDGE('',*,*,#2624,.F.);
#2624 = EDGE_CURVE('',#2603,#2603,#2625,.T.);
#2625 = SURFACE_CURVE('',#2626,(#2631,#2638),.PCURVE_S1.);
#2626 = CIRCLE('',#2627,1.05);
#2627 = AXIS2_PLACEMENT_3D('',#2628,#2629,#2630);
#2628 = CARTESIAN_POINT('',(48.,31.4,4.));
#2629 = DIRECTION('',(-3.153195929581E-32,-6.123233995737E-17,1.));
#2630 = DIRECTION('',(0.,-1.,-6.123233995737E-17));
#2631 = PCURVE('',#2583,#2632);
#2632 = DEFINITIONAL_REPRESENTATION('',(#2633),#2637);
#2633 = LINE('',#2634,#2635);
#2634 = CARTESIAN_POINT('',(0.,6.));
#2635 = VECTOR('',#2636,1.);
#2636 = DIRECTION('',(1.,0.));
#2637 = ( GEOMETRIC_REPRESENTATION_CONTEXT(2) 
PARAMETRIC_REPRESENTATION_CONTEXT() REPRESENTATION_CONTEXT('2D SPACE',''
  ) );
#2638 = PCURVE('',#182,#2639);
#2639 = DEFINITIONAL_REPRESENTATION('',(#2640),#2644);
#2640 = CIRCLE('',#2641,1.05);
#2641 = AXIS2_PLACEMENT_2D('',#2642,#2643);
#2642 = CARTESIAN_POINT('',(48.024823390349,31.4));
#2643 = DIRECTION('',(-4.861730685829E-63,-1.));
#2644 = ( GEOMETRIC_REPRESENTATION_CONTEXT(2) 
PARAMETRIC_REPRESENTATION_CONTEXT() REPRESENTATION_CONTEXT('2D SPACE',''
  ) );
#2645 = ORIENTED_EDGE('',*,*,#2602,.F.);
#2646 = ORIENTED_EDGE('',*,*,#2647,.F.);
#2647 = EDGE_CURVE('',#2574,#2572,#2648,.T.);
#2648 = SURFACE_CURVE('',#2649,(#2654,#2661),.PCURVE_S1.);
#2649 = CIRCLE('',#2650,1.05);
#2650 = AXIS2_PLACEMENT_3D('',#2651,#2652,#2653);
#2651 = CARTESIAN_POINT('',(48.,31.4,-2.));
#2652 = DIRECTION('',(3.153195929581E-32,6.123233995737E-17,-1.));
#2653 = DIRECTION('',(0.,1.,6.123233995737E-17));
#2654 = PCURVE('',#2583,#2655);
#2655 = DEFINITIONAL_REPRESENTATION('',(#2656),#2660);
#2656 = LINE('',#2657,#2658);
#2657 = CARTESIAN_POINT('',(3.14159265359,0.));
#2658 = VECTOR('',#2659,1.);
#2659 = DIRECTION('',(-1.,0.));
#2660 = ( GEOMETRIC_REPRESENTATION_CONTEXT(2) 
PARAMETRIC_REPRESENTATION_CONTEXT() REPRESENTATION_CONTEXT('2D SPACE',''
  ) );
#2661 = PCURVE('',#2489,#2662);
#2662 = DEFINITIONAL_REPRESENTATION('',(#2663),#2667);
#2663 = CIRCLE('',#2664,1.05);
#2664 = AXIS2_PLACEMENT_2D('',#2665,#2666);
#2665 = CARTESIAN_POINT('',(48.,-31.4));
#2666 = DIRECTION('',(4.861730685829E-63,-1.));
#2667 = ( GEOMETRIC_REPRESENTATION_CONTEXT(2) 
PARAMETRIC_REPRESENTATION_CONTEXT() REPRESENTATION_CONTEXT('2D SPACE',''
  ) );
#2668 = ADVANCED_FACE('',(#2669),#2684,.F.);
#2669 = FACE_BOUND('',#2670,.F.);
#2670 = EDGE_LOOP('',(#2671,#2702,#2724,#2746,#2747));
#2671 = ORIENTED_EDGE('',*,*,#2672,.F.);
#2672 = EDGE_CURVE('',#2673,#2675,#2677,.T.);
#2673 = VERTEX_POINT('',#2674);
#2674 = CARTESIAN_POINT('',(48.,-32.45,-2.));
#2675 = VERTEX_POINT('',#2676);
#2676 = CARTESIAN_POINT('',(48.,-30.35,-2.));
#2677 = SURFACE_CURVE('',#2678,(#2683,#2695),.PCURVE_S1.);
#2678 = CIRCLE('',#2679,1.05);
#2679 = AXIS2_PLACEMENT_3D('',#2680,#2681,#2682);
#2680 = CARTESIAN_POINT('',(48.,-31.4,-2.));
#2681 = DIRECTION('',(3.153195929581E-32,6.123233995737E-17,-1.));
#2682 = DIRECTION('',(0.,1.,6.123233995737E-17));
#2683 = PCURVE('',#2684,#2689);
#2684 = CYLINDRICAL_SURFACE('',#2685,1.05);
#2685 = AXIS2_PLACEMENT_3D('',#2686,#2687,#2688);
#2686 = CARTESIAN_POINT('',(48.,-31.4,-2.));
#2687 = DIRECTION('',(-3.153195929581E-32,-6.123233995737E-17,1.));
#2688 = DIRECTION('',(0.,-1.,-6.123233995737E-17));
#2689 = DEFINITIONAL_REPRESENTATION('',(#2690),#2694);
#2690 = LINE('',#2691,#2692);
#2691 = CARTESIAN_POINT('',(9.424777960769,-2.22044604925E-16));
#2692 = VECTOR('',#2693,1.);
#2693 = DIRECTION('',(-1.,0.));
#2694 = ( GEOMETRIC_REPRESENTATION_CONTEXT(2) 
PARAMETRIC_REPRESENTATION_CONTEXT() REPRESENTATION_CONTEXT('2D SPACE',''
  ) );
#2695 = PCURVE('',#2489,#2696);
#2696 = DEFINITIONAL_REPRESENTATION('',(#2697),#2701);
#2697 = CIRCLE('',#2698,1.05);
#2698 = AXIS2_PLACEMENT_2D('',#2699,#2700);
#2699 = CARTESIAN_POINT('',(48.,31.4));
#2700 = DIRECTION('',(4.861730685829E-63,-1.));
#2701 = ( GEOMETRIC_REPRESENTATION_CONTEXT(2) 
PARAMETRIC_REPRESENTATION_CONTEXT() REPRESENTATION_CONTEXT('2D SPACE',''
  ) );
#2702 = ORIENTED_EDGE('',*,*,#2703,.T.);
#2703 = EDGE_CURVE('',#2673,#2704,#2706,.T.);
#2704 = VERTEX_POINT('',#2705);
#2705 = CARTESIAN_POINT('',(48.,-32.45,4.));
#2706 = SEAM_CURVE('',#2707,(#2710,#2717),.PCURVE_S1.);
#2707 = B_SPLINE_CURVE_WITH_KNOTS('',1,(#2708,#2709),.UNSPECIFIED.,.F.,
  .F.,(2,2),(-2.22044604925E-16,6.),.PIECEWISE_BEZIER_KNOTS.);
#2708 = CARTESIAN_POINT('',(48.,-32.45,-2.));
#2709 = CARTESIAN_POINT('',(48.,-32.45,4.));
#2710 = PCURVE('',#2684,#2711);
#2711 = DEFINITIONAL_REPRESENTATION('',(#2712),#2716);
#2712 = LINE('',#2713,#2714);
#2713 = CARTESIAN_POINT('',(6.28318530718,0.));
#2714 = VECTOR('',#2715,1.);
#2715 = DIRECTION('',(0.,1.));
#2716 = ( GEOMETRIC_REPRESENTATION_CONTEXT(2) 
PARAMETRIC_REPRESENTATION_CONTEXT() REPRESENTATION_CONTEXT('2D SPACE',''
  ) );
#2717 = PCURVE('',#2684,#2718);
#2718 = DEFINITIONAL_REPRESENTATION('',(#2719),#2723);
#2719 = LINE('',#2720,#2721);
#2720 = CARTESIAN_POINT('',(0.,0.));
#2721 = VECTOR('',#2722,1.);
#2722 = DIRECTION('',(0.,1.));
#2723 = ( GEOMETRIC_REPRESENTATION_CONTEXT(2) 
PARAMETRIC_REPRESENTATION_CONTEXT() REPRESENTATION_CONTEXT('2D SPACE',''
  ) );
#2724 = ORIENTED_EDGE('',*,*,#2725,.F.);
#2725 = EDGE_CURVE('',#2704,#2704,#2726,.T.);
#2726 = SURFACE_CURVE('',#2727,(#2732,#2739),.PCURVE_S1.);
#2727 = CIRCLE('',#2728,1.05);
#2728 = AXIS2_PLACEMENT_3D('',#2729,#2730,#2731);
#2729 = CARTESIAN_POINT('',(48.,-31.4,4.));
#2730 = DIRECTION('',(-3.153195929581E-32,-6.123233995737E-17,1.));
#2731 = DIRECTION('',(0.,-1.,-6.123233995737E-17));
#2732 = PCURVE('',#2684,#2733);
#2733 = DEFINITIONAL_REPRESENTATION('',(#2734),#2738);
#2734 = LINE('',#2735,#2736);
#2735 = CARTESIAN_POINT('',(0.,6.));
#2736 = VECTOR('',#2737,1.);
#2737 = DIRECTION('',(1.,0.));
#2738 = ( GEOMETRIC_REPRESENTATION_CONTEXT(2) 
PARAMETRIC_REPRESENTATION_CONTEXT() REPRESENTATION_CONTEXT('2D SPACE',''
  ) );
#2739 = PCURVE('',#304,#2740);
#2740 = DEFINITIONAL_REPRESENTATION('',(#2741),#2745);
#2741 = CIRCLE('',#2742,1.05);
#2742 = AXIS2_PLACEMENT_2D('',#2743,#2744);
#2743 = CARTESIAN_POINT('',(48.024823390349,-31.4));
#2744 = DIRECTION('',(-4.861730685829E-63,-1.));
#2745 = ( GEOMETRIC_REPRESENTATION_CONTEXT(2) 
PARAMETRIC_REPRESENTATION_CONTEXT() REPRESENTATION_CONTEXT('2D SPACE',''
  ) );
#2746 = ORIENTED_EDGE('',*,*,#2703,.F.);
#2747 = ORIENTED_EDGE('',*,*,#2748,.F.);
#2748 = EDGE_CURVE('',#2675,#2673,#2749,.T.);
#2749 = SURFACE_CURVE('',#2750,(#2755,#2762),.PCURVE_S1.);
#2750 = CIRCLE('',#2751,1.05);
#2751 = AXIS2_PLACEMENT_3D('',#2752,#2753,#2754);
#2752 = CARTESIAN_POINT('',(48.,-31.4,-2.));
#2753 = DIRECTION('',(3.153195929581E-32,6.123233995737E-17,-1.));
#2754 = DIRECTION('',(0.,1.,6.123233995737E-17));
#2755 = PCURVE('',#2684,#2756);
#2756 = DEFINITIONAL_REPRESENTATION('',(#2757),#2761);
#2757 = LINE('',#2758,#2759);
#2758 = CARTESIAN_POINT('',(3.14159265359,-2.22044604925E-16));
#2759 = VECTOR('',#2760,1.);
#2760 = DIRECTION('',(-1.,0.));
#2761 = ( GEOMETRIC_REPRESENTATION_CONTEXT(2) 
PARAMETRIC_REPRESENTATION_CONTEXT() REPRESENTATION_CONTEXT('2D SPACE',''
  ) );
#2762 = PCURVE('',#2489,#2763);
#2763 = DEFINITIONAL_REPRESENTATION('',(#2764),#2768);
#2764 = CIRCLE('',#2765,1.05);
#2765 = AXIS2_PLACEMENT_2D('',#2766,#2767);
#2766 = CARTESIAN_POINT('',(48.,31.4));
#2767 = DIRECTION('',(4.861730685829E-63,-1.));
#2768 = ( GEOMETRIC_REPRESENTATION_CONTEXT(2) 
PARAMETRIC_REPRESENTATION_CONTEXT() REPRESENTATION_CONTEXT('2D SPACE',''
  ) );
#2769 = ADVANCED_FACE('',(#2770),#2785,.F.);
#2770 = FACE_BOUND('',#2771,.F.);
#2771 = EDGE_LOOP('',(#2772,#2803,#2825,#2847,#2848));
#2772 = ORIENTED_EDGE('',*,*,#2773,.F.);
#2773 = EDGE_CURVE('',#2774,#2776,#2778,.T.);
#2774 = VERTEX_POINT('',#2775);
#2775 = CARTESIAN_POINT('',(-48.,-32.45,-2.));
#2776 = VERTEX_POINT('',#2777);
#2777 = CARTESIAN_POINT('',(-48.,-30.35,-2.));
#2778 = SURFACE_CURVE('',#2779,(#2784,#2796),.PCURVE_S1.);
#2779 = CIRCLE('',#2780,1.05);
#2780 = AXIS2_PLACEMENT_3D('',#2781,#2782,#2783);
#2781 = CARTESIAN_POINT('',(-48.,-31.4,-2.));
#2782 = DIRECTION('',(3.153195929581E-32,6.123233995737E-17,-1.));
#2783 = DIRECTION('',(0.,1.,6.123233995737E-17));
#2784 = PCURVE('',#2785,#2790);
#2785 = CYLINDRICAL_SURFACE('',#2786,1.05);
#2786 = AXIS2_PLACEMENT_3D('',#2787,#2788,#2789);
#2787 = CARTESIAN_POINT('',(-48.,-31.4,-2.));
#2788 = DIRECTION('',(-3.153195929581E-32,-6.123233995737E-17,1.));
#2789 = DIRECTION('',(0.,-1.,-6.123233995737E-17));
#2790 = DEFINITIONAL_REPRESENTATION('',(#2791),#2795);
#2791 = LINE('',#2792,#2793);
#2792 = CARTESIAN_POINT('',(9.424777960769,-2.22044604925E-16));
#2793 = VECTOR('',#2794,1.);
#2794 = DIRECTION('',(-1.,0.));
#2795 = ( GEOMETRIC_REPRESENTATION_CONTEXT(2) 
PARAMETRIC_REPRESENTATION_CONTEXT() REPRESENTATION_CONTEXT('2D SPACE',''
  ) );
#2796 = PCURVE('',#2489,#2797);
#2797 = DEFINITIONAL_REPRESENTATION('',(#2798),#2802);
#2798 = CIRCLE('',#2799,1.05);
#2799 = AXIS2_PLACEMENT_2D('',#2800,#2801);
#2800 = CARTESIAN_POINT('',(-48.,31.4));
#2801 = DIRECTION('',(4.861730685829E-63,-1.));
#2802 = ( GEOMETRIC_REPRESENTATION_CONTEXT(2) 
PARAMETRIC_REPRESENTATION_CONTEXT() REPRESENTATION_CONTEXT('2D SPACE',''
  ) );
#2803 = ORIENTED_EDGE('',*,*,#2804,.T.);
#2804 = EDGE_CURVE('',#2774,#2805,#2807,.T.);
#2805 = VERTEX_POINT('',#2806);
#2806 = CARTESIAN_POINT('',(-48.,-32.45,4.));
#2807 = SEAM_CURVE('',#2808,(#2811,#2818),.PCURVE_S1.);
#2808 = B_SPLINE_CURVE_WITH_KNOTS('',1,(#2809,#2810),.UNSPECIFIED.,.F.,
  .F.,(2,2),(-2.22044604925E-16,6.),.PIECEWISE_BEZIER_KNOTS.);
#2809 = CARTESIAN_POINT('',(-48.,-32.45,-2.));
#2810 = CARTESIAN_POINT('',(-48.,-32.45,4.));
#2811 = PCURVE('',#2785,#2812);
#2812 = DEFINITIONAL_REPRESENTATION('',(#2813),#2817);
#2813 = LINE('',#2814,#2815);
#2814 = CARTESIAN_POINT('',(6.28318530718,0.));
#2815 = VECTOR('',#2816,1.);
#2816 = DIRECTION('',(0.,1.));
#2817 = ( GEOMETRIC_REPRESENTATION_CONTEXT(2) 
PARAMETRIC_REPRESENTATION_CONTEXT() REPRESENTATION_CONTEXT('2D SPACE',''
  ) );
#2818 = PCURVE('',#2785,#2819);
#2819 = DEFINITIONAL_REPRESENTATION('',(#2820),#2824);
#2820 = LINE('',#2821,#2822);
#2821 = CARTESIAN_POINT('',(0.,0.));
#2822 = VECTOR('',#2823,1.);
#2823 = DIRECTION('',(0.,1.));
#2824 = ( GEOMETRIC_REPRESENTATION_CONTEXT(2) 
PARAMETRIC_REPRESENTATION_CONTEXT() REPRESENTATION_CONTEXT('2D SPACE',''
  ) );
#2825 = ORIENTED_EDGE('',*,*,#2826,.F.);
#2826 = EDGE_CURVE('',#2805,#2805,#2827,.T.);
#2827 = SURFACE_CURVE('',#2828,(#2833,#2840),.PCURVE_S1.);
#2828 = CIRCLE('',#2829,1.05);
#2829 = AXIS2_PLACEMENT_3D('',#2830,#2831,#2832);
#2830 = CARTESIAN_POINT('',(-48.,-31.4,4.));
#2831 = DIRECTION('',(-3.153195929581E-32,-6.123233995737E-17,1.));
#2832 = DIRECTION('',(0.,-1.,-6.123233995737E-17));
#2833 = PCURVE('',#2785,#2834);
#2834 = DEFINITIONAL_REPRESENTATION('',(#2835),#2839);
#2835 = LINE('',#2836,#2837);
#2836 = CARTESIAN_POINT('',(0.,6.));
#2837 = VECTOR('',#2838,1.);
#2838 = DIRECTION('',(1.,0.));
#2839 = ( GEOMETRIC_REPRESENTATION_CONTEXT(2) 
PARAMETRIC_REPRESENTATION_CONTEXT() REPRESENTATION_CONTEXT('2D SPACE',''
  ) );
#2840 = PCURVE('',#1127,#2841);
#2841 = DEFINITIONAL_REPRESENTATION('',(#2842),#2846);
#2842 = CIRCLE('',#2843,1.05);
#2843 = AXIS2_PLACEMENT_2D('',#2844,#2845);
#2844 = CARTESIAN_POINT('',(-47.97517660965,-31.4));
#2845 = DIRECTION('',(-4.861730685829E-63,-1.));
#2846 = ( GEOMETRIC_REPRESENTATION_CONTEXT(2) 
PARAMETRIC_REPRESENTATION_CONTEXT() REPRESENTATION_CONTEXT('2D SPACE',''
  ) );
#2847 = ORIENTED_EDGE('',*,*,#2804,.F.);
#2848 = ORIENTED_EDGE('',*,*,#2849,.F.);
#2849 = EDGE_CURVE('',#2776,#2774,#2850,.T.);
#2850 = SURFACE_CURVE('',#2851,(#2856,#2863),.PCURVE_S1.);
#2851 = CIRCLE('',#2852,1.05);
#2852 = AXIS2_PLACEMENT_3D('',#2853,#2854,#2855);
#2853 = CARTESIAN_POINT('',(-48.,-31.4,-2.));
#2854 = DIRECTION('',(3.153195929581E-32,6.123233995737E-17,-1.));
#2855 = DIRECTION('',(0.,1.,6.123233995737E-17));
#2856 = PCURVE('',#2785,#2857);
#2857 = DEFINITIONAL_REPRESENTATION('',(#2858),#2862);
#2858 = LINE('',#2859,#2860);
#2859 = CARTESIAN_POINT('',(3.14159265359,-2.22044604925E-16));
#2860 = VECTOR('',#2861,1.);
#2861 = DIRECTION('',(-1.,0.));
#2862 = ( GEOMETRIC_REPRESENTATION_CONTEXT(2) 
PARAMETRIC_REPRESENTATION_CONTEXT() REPRESENTATION_CONTEXT('2D SPACE',''
  ) );
#2863 = PCURVE('',#2489,#2864);
#2864 = DEFINITIONAL_REPRESENTATION('',(#2865),#2869);
#2865 = CIRCLE('',#2866,1.05);
#2866 = AXIS2_PLACEMENT_2D('',#2867,#2868);
#2867 = CARTESIAN_POINT('',(-48.,31.4));
#2868 = DIRECTION('',(4.861730685829E-63,-1.));
#2869 = ( GEOMETRIC_REPRESENTATION_CONTEXT(2) 
PARAMETRIC_REPRESENTATION_CONTEXT() REPRESENTATION_CONTEXT('2D SPACE',''
  ) );
#2870 = ADVANCED_FACE('',(#2871,#2902,#2933,#2964,#2995,#3193,#3197,
    #3201,#3205),#2489,.T.);
#2871 = FACE_BOUND('',#2872,.T.);
#2872 = EDGE_LOOP('',(#2873));
#2873 = ORIENTED_EDGE('',*,*,#2874,.F.);
#2874 = EDGE_CURVE('',#2875,#2875,#2877,.T.);
#2875 = VERTEX_POINT('',#2876);
#2876 = CARTESIAN_POINT('',(-56.,-33.,-2.));
#2877 = SURFACE_CURVE('',#2878,(#2883,#2890),.PCURVE_S1.);
#2878 = CIRCLE('',#2879,3.);
#2879 = AXIS2_PLACEMENT_3D('',#2880,#2881,#2882);
#2880 = CARTESIAN_POINT('',(-56.,-36.,-2.));
#2881 = DIRECTION('',(3.153195929581E-32,6.123233995737E-17,-1.));
#2882 = DIRECTION('',(0.,1.,6.123233995737E-17));
#2883 = PCURVE('',#2489,#2884);
#2884 = DEFINITIONAL_REPRESENTATION('',(#2885),#2889);
#2885 = CIRCLE('',#2886,3.);
#2886 = AXIS2_PLACEMENT_2D('',#2887,#2888);
#2887 = CARTESIAN_POINT('',(-56.,36.));
#2888 = DIRECTION('',(4.861730685829E-63,-1.));
#2889 = ( GEOMETRIC_REPRESENTATION_CONTEXT(2) 
PARAMETRIC_REPRESENTATION_CONTEXT() REPRESENTATION_CONTEXT('2D SPACE',''
  ) );
#2890 = PCURVE('',#2891,#2896);
#2891 = CYLINDRICAL_SURFACE('',#2892,3.);
#2892 = AXIS2_PLACEMENT_3D('',#2893,#2894,#2895);
#2893 = CARTESIAN_POINT('',(-56.,-36.,263.4987478345));
#2894 = DIRECTION('',(3.153195929581E-32,6.123233995737E-17,-1.));
#2895 = DIRECTION('',(0.,1.,6.123233995737E-17));
#2896 = DEFINITIONAL_REPRESENTATION('',(#2897),#2901);
#2897 = LINE('',#2898,#2899);
#2898 = CARTESIAN_POINT('',(0.,265.4987478345));
#2899 = VECTOR('',#2900,1.);
#2900 = DIRECTION('',(1.,0.));
#2901 = ( GEOMETRIC_REPRESENTATION_CONTEXT(2) 
PARAMETRIC_REPRESENTATION_CONTEXT() REPRESENTATION_CONTEXT('2D SPACE',''
  ) );
#2902 = FACE_BOUND('',#2903,.T.);
#2903 = EDGE_LOOP('',(#2904));
#2904 = ORIENTED_EDGE('',*,*,#2905,.F.);
#2905 = EDGE_CURVE('',#2906,#2906,#2908,.T.);
#2906 = VERTEX_POINT('',#2907);
#2907 = CARTESIAN_POINT('',(-56.,39.,-2.));
#2908 = SURFACE_CURVE('',#2909,(#2914,#2921),.PCURVE_S1.);
#2909 = CIRCLE('',#2910,3.);
#2910 = AXIS2_PLACEMENT_3D('',#2911,#2912,#2913);
#2911 = CARTESIAN_POINT('',(-56.,36.,-2.));
#2912 = DIRECTION('',(3.153195929581E-32,6.123233995737E-17,-1.));
#2913 = DIRECTION('',(0.,1.,6.123233995737E-17));
#2914 = PCURVE('',#2489,#2915);
#2915 = DEFINITIONAL_REPRESENTATION('',(#2916),#2920);
#2916 = CIRCLE('',#2917,3.);
#2917 = AXIS2_PLACEMENT_2D('',#2918,#2919);
#2918 = CARTESIAN_POINT('',(-56.,-36.));
#2919 = DIRECTION('',(4.861730685829E-63,-1.));
#2920 = ( GEOMETRIC_REPRESENTATION_CONTEXT(2) 
PARAMETRIC_REPRESENTATION_CONTEXT() REPRESENTATION_CONTEXT('2D SPACE',''
  ) );
#2921 = PCURVE('',#2922,#2927);
#2922 = CYLINDRICAL_SURFACE('',#2923,3.);
#2923 = AXIS2_PLACEMENT_3D('',#2924,#2925,#2926);
#2924 = CARTESIAN_POINT('',(-56.,36.,263.4987478345));
#2925 = DIRECTION('',(3.153195929581E-32,6.123233995737E-17,-1.));
#2926 = DIRECTION('',(0.,1.,6.123233995737E-17));
#2927 = DEFINITIONAL_REPRESENTATION('',(#2928),#2932);
#2928 = LINE('',#2929,#2930);
#2929 = CARTESIAN_POINT('',(0.,265.4987478345));
#2930 = VECTOR('',#2931,1.);
#2931 = DIRECTION('',(1.,0.));
#2932 = ( GEOMETRIC_REPRESENTATION_CONTEXT(2) 
PARAMETRIC_REPRESENTATION_CONTEXT() REPRESENTATION_CONTEXT('2D SPACE',''
  ) );
#2933 = FACE_BOUND('',#2934,.T.);
#2934 = EDGE_LOOP('',(#2935));
#2935 = ORIENTED_EDGE('',*,*,#2936,.F.);
#2936 = EDGE_CURVE('',#2937,#2937,#2939,.T.);
#2937 = VERTEX_POINT('',#2938);
#2938 = CARTESIAN_POINT('',(56.,39.,-2.));
#2939 = SURFACE_CURVE('',#2940,(#2945,#2952),.PCURVE_S1.);
#2940 = CIRCLE('',#2941,3.);
#2941 = AXIS2_PLACEMENT_3D('',#2942,#2943,#2944);
#2942 = CARTESIAN_POINT('',(56.,36.,-2.));
#2943 = DIRECTION('',(3.153195929581E-32,6.123233995737E-17,-1.));
#2944 = DIRECTION('',(0.,1.,6.123233995737E-17));
#2945 = PCURVE('',#2489,#2946);
#2946 = DEFINITIONAL_REPRESENTATION('',(#2947),#2951);
#2947 = CIRCLE('',#2948,3.);
#2948 = AXIS2_PLACEMENT_2D('',#2949,#2950);
#2949 = CARTESIAN_POINT('',(56.,-36.));
#2950 = DIRECTION('',(4.861730685829E-63,-1.));
#2951 = ( GEOMETRIC_REPRESENTATION_CONTEXT(2) 
PARAMETRIC_REPRESENTATION_CONTEXT() REPRESENTATION_CONTEXT('2D SPACE',''
  ) );
#2952 = PCURVE('',#2953,#2958);
#2953 = CYLINDRICAL_SURFACE('',#2954,3.);
#2954 = AXIS2_PLACEMENT_3D('',#2955,#2956,#2957);
#2955 = CARTESIAN_POINT('',(56.,36.,263.4987478345));
#2956 = DIRECTION('',(3.153195929581E-32,6.123233995737E-17,-1.));
#2957 = DIRECTION('',(0.,1.,6.123233995737E-17));
#2958 = DEFINITIONAL_REPRESENTATION('',(#2959),#2963);
#2959 = LINE('',#2960,#2961);
#2960 = CARTESIAN_POINT('',(0.,265.4987478345));
#2961 = VECTOR('',#2962,1.);
#2962 = DIRECTION('',(1.,0.));
#2963 = ( GEOMETRIC_REPRESENTATION_CONTEXT(2) 
PARAMETRIC_REPRESENTATION_CONTEXT() REPRESENTATION_CONTEXT('2D SPACE',''
  ) );
#2964 = FACE_BOUND('',#2965,.T.);
#2965 = EDGE_LOOP('',(#2966));
#2966 = ORIENTED_EDGE('',*,*,#2967,.F.);
#2967 = EDGE_CURVE('',#2968,#2968,#2970,.T.);
#2968 = VERTEX_POINT('',#2969);
#2969 = CARTESIAN_POINT('',(56.,-33.,-2.));
#2970 = SURFACE_CURVE('',#2971,(#2976,#2983),.PCURVE_S1.);
#2971 = CIRCLE('',#2972,3.);
#2972 = AXIS2_PLACEMENT_3D('',#2973,#2974,#2975);
#2973 = CARTESIAN_POINT('',(56.,-36.,-2.));
#2974 = DIRECTION('',(3.153195929581E-32,6.123233995737E-17,-1.));
#2975 = DIRECTION('',(0.,1.,6.123233995737E-17));
#2976 = PCURVE('',#2489,#2977);
#2977 = DEFINITIONAL_REPRESENTATION('',(#2978),#2982);
#2978 = CIRCLE('',#2979,3.);
#2979 = AXIS2_PLACEMENT_2D('',#2980,#2981);
#2980 = CARTESIAN_POINT('',(56.,36.));
#2981 = DIRECTION('',(4.861730685829E-63,-1.));
#2982 = ( GEOMETRIC_REPRESENTATION_CONTEXT(2) 
PARAMETRIC_REPRESENTATION_CONTEXT() REPRESENTATION_CONTEXT('2D SPACE',''
  ) );
#2983 = PCURVE('',#2984,#2989);
#2984 = CYLINDRICAL_SURFACE('',#2985,3.);
#2985 = AXIS2_PLACEMENT_3D('',#2986,#2987,#2988);
#2986 = CARTESIAN_POINT('',(56.,-36.,263.4987478345));
#2987 = DIRECTION('',(3.153195929581E-32,6.123233995737E-17,-1.));
#2988 = DIRECTION('',(0.,1.,6.123233995737E-17));
#2989 = DEFINITIONAL_REPRESENTATION('',(#2990),#2994);
#2990 = LINE('',#2991,#2992);
#2991 = CARTESIAN_POINT('',(0.,265.4987478345));
#2992 = VECTOR('',#2993,1.);
#2993 = DIRECTION('',(1.,0.));
#2994 = ( GEOMETRIC_REPRESENTATION_CONTEXT(2) 
PARAMETRIC_REPRESENTATION_CONTEXT() REPRESENTATION_CONTEXT('2D SPACE',''
  ) );
#2995 = FACE_BOUND('',#2996,.T.);
#2996 = EDGE_LOOP('',(#2997,#3023,#3046,#3074,#3097,#3121,#3144,#3172));
#2997 = ORIENTED_EDGE('',*,*,#2998,.T.);
#2998 = EDGE_CURVE('',#2999,#3001,#3003,.T.);
#2999 = VERTEX_POINT('',#3000);
#3000 = CARTESIAN_POINT('',(-51.06846879762,-38.2,-2.));
#3001 = VERTEX_POINT('',#3002);
#3002 = CARTESIAN_POINT('',(-58.2,-31.06846879762,-2.));
#3003 = SURFACE_CURVE('',#3004,(#3009,#3016),.PCURVE_S1.);
#3004 = CIRCLE('',#3005,5.4);
#3005 = AXIS2_PLACEMENT_3D('',#3006,#3007,#3008);
#3006 = CARTESIAN_POINT('',(-56.,-36.,-2.));
#3007 = DIRECTION('',(3.153195929581E-32,6.123233995737E-17,-1.));
#3008 = DIRECTION('',(0.,1.,6.123233995737E-17));
#3009 = PCURVE('',#2489,#3010);
#3010 = DEFINITIONAL_REPRESENTATION('',(#3011),#3015);
#3011 = CIRCLE('',#3012,5.4);
#3012 = AXIS2_PLACEMENT_2D('',#3013,#3014);
#3013 = CARTESIAN_POINT('',(-56.,36.));
#3014 = DIRECTION('',(4.861730685829E-63,-1.));
#3015 = ( GEOMETRIC_REPRESENTATION_CONTEXT(2) 
PARAMETRIC_REPRESENTATION_CONTEXT() REPRESENTATION_CONTEXT('2D SPACE',''
  ) );
#3016 = PCURVE('',#1734,#3017);
#3017 = DEFINITIONAL_REPRESENTATION('',(#3018),#3022);
#3018 = LINE('',#3019,#3020);
#3019 = CARTESIAN_POINT('',(4.440892098501E-16,7.602));
#3020 = VECTOR('',#3021,1.);
#3021 = DIRECTION('',(1.,2.293160912969E-16));
#3022 = ( GEOMETRIC_REPRESENTATION_CONTEXT(2) 
PARAMETRIC_REPRESENTATION_CONTEXT() REPRESENTATION_CONTEXT('2D SPACE',''
  ) );
#3023 = ORIENTED_EDGE('',*,*,#3024,.T.);
#3024 = EDGE_CURVE('',#3001,#3025,#3027,.T.);
#3025 = VERTEX_POINT('',#3026);
#3026 = CARTESIAN_POINT('',(-58.2,31.068468797625,-2.));
#3027 = SURFACE_CURVE('',#3028,(#3032,#3039),.PCURVE_S1.);
#3028 = LINE('',#3029,#3030);
#3029 = CARTESIAN_POINT('',(-58.2,-5.002454421702E-15,-2.));
#3030 = VECTOR('',#3031,1.);
#3031 = DIRECTION('',(-8.80570292374E-17,1.,6.123233995737E-17));
#3032 = PCURVE('',#2489,#3033);
#3033 = DEFINITIONAL_REPRESENTATION('',(#3034),#3038);
#3034 = LINE('',#3035,#3036);
#3035 = CARTESIAN_POINT('',(-58.2,5.124919101617E-15));
#3036 = VECTOR('',#3037,1.);
#3037 = DIRECTION('',(-8.80570292374E-17,-1.));
#3038 = ( GEOMETRIC_REPRESENTATION_CONTEXT(2) 
PARAMETRIC_REPRESENTATION_CONTEXT() REPRESENTATION_CONTEXT('2D SPACE',''
  ) );
#3039 = PCURVE('',#1971,#3040);
#3040 = DEFINITIONAL_REPRESENTATION('',(#3041),#3045);
#3041 = LINE('',#3042,#3043);
#3042 = CARTESIAN_POINT('',(-8.647200271113E-15,1.697056274848));
#3043 = VECTOR('',#3044,1.);
#3044 = DIRECTION('',(-1.,-2.465190328816E-32));
#3045 = ( GEOMETRIC_REPRESENTATION_CONTEXT(2) 
PARAMETRIC_REPRESENTATION_CONTEXT() REPRESENTATION_CONTEXT('2D SPACE',''
  ) );
#3046 = ORIENTED_EDGE('',*,*,#3047,.F.);
#3047 = EDGE_CURVE('',#3048,#3025,#3050,.T.);
#3048 = VERTEX_POINT('',#3049);
#3049 = CARTESIAN_POINT('',(-51.06846879762,38.2,-2.));
#3050 = SURFACE_CURVE('',#3051,(#3056,#3067),.PCURVE_S1.);
#3051 = CIRCLE('',#3052,5.4);
#3052 = AXIS2_PLACEMENT_3D('',#3053,#3054,#3055);
#3053 = CARTESIAN_POINT('',(-56.,36.,-2.));
#3054 = DIRECTION('',(-3.153195929581E-32,-6.123233995737E-17,1.));
#3055 = DIRECTION('',(0.,1.,6.123233995737E-17));
#3056 = PCURVE('',#2489,#3057);
#3057 = DEFINITIONAL_REPRESENTATION('',(#3058),#3066);
#3058 = ( BOUNDED_CURVE() B_SPLINE_CURVE(2,(#3059,#3060,#3061,#3062,
#3063,#3064,#3065),.UNSPECIFIED.,.T.,.F.) B_SPLINE_CURVE_WITH_KNOTS((1,2
    ,2,2,2,1),(-2.094395102393,0.,2.094395102393,4.188790204786,
6.28318530718,8.377580409573),.UNSPECIFIED.) CURVE() 
GEOMETRIC_REPRESENTATION_ITEM() RATIONAL_B_SPLINE_CURVE((1.,0.5,1.,0.5,
1.,0.5,1.)) REPRESENTATION_ITEM('') );
#3059 = CARTESIAN_POINT('',(-56.,-41.4));
#3060 = CARTESIAN_POINT('',(-65.35307436087,-41.4));
#3061 = CARTESIAN_POINT('',(-60.67653718043,-33.3));
#3062 = CARTESIAN_POINT('',(-56.,-25.2));
#3063 = CARTESIAN_POINT('',(-51.32346281956,-33.3));
#3064 = CARTESIAN_POINT('',(-46.64692563912,-41.4));
#3065 = CARTESIAN_POINT('',(-56.,-41.4));
#3066 = ( GEOMETRIC_REPRESENTATION_CONTEXT(2) 
PARAMETRIC_REPRESENTATION_CONTEXT() REPRESENTATION_CONTEXT('2D SPACE',''
  ) );
#3067 = PCURVE('',#1943,#3068);
#3068 = DEFINITIONAL_REPRESENTATION('',(#3069),#3073);
#3069 = LINE('',#3070,#3071);
#3070 = CARTESIAN_POINT('',(12.566370614359,7.602));
#3071 = VECTOR('',#3072,1.);
#3072 = DIRECTION('',(-1.,0.));
#3073 = ( GEOMETRIC_REPRESENTATION_CONTEXT(2) 
PARAMETRIC_REPRESENTATION_CONTEXT() REPRESENTATION_CONTEXT('2D SPACE',''
  ) );
#3074 = ORIENTED_EDGE('',*,*,#3075,.T.);
#3075 = EDGE_CURVE('',#3048,#3076,#3078,.T.);
#3076 = VERTEX_POINT('',#3077);
#3077 = CARTESIAN_POINT('',(51.068468797625,38.2,-2.));
#3078 = SURFACE_CURVE('',#3079,(#3083,#3090),.PCURVE_S1.);
#3079 = LINE('',#3080,#3081);
#3080 = CARTESIAN_POINT('',(-4.462386315307E-15,38.2,-2.));
#3081 = VECTOR('',#3082,1.);
#3082 = DIRECTION('',(1.,1.168163956887E-16,3.868490054922E-32));
#3083 = PCURVE('',#2489,#3084);
#3084 = DEFINITIONAL_REPRESENTATION('',(#3085),#3089);
#3085 = LINE('',#3086,#3087);
#3086 = CARTESIAN_POINT('',(-4.462386315307E-15,-38.2));
#3087 = VECTOR('',#3088,1.);
#3088 = DIRECTION('',(1.,-1.168163956887E-16));
#3089 = ( GEOMETRIC_REPRESENTATION_CONTEXT(2) 
PARAMETRIC_REPRESENTATION_CONTEXT() REPRESENTATION_CONTEXT('2D SPACE',''
  ) );
#3090 = PCURVE('',#2170,#3091);
#3091 = DEFINITIONAL_REPRESENTATION('',(#3092),#3096);
#3092 = LINE('',#3093,#3094);
#3093 = CARTESIAN_POINT('',(4.602565990134E-15,1.697056274848));
#3094 = VECTOR('',#3095,1.);
#3095 = DIRECTION('',(-1.,-1.35122610986E-33));
#3096 = ( GEOMETRIC_REPRESENTATION_CONTEXT(2) 
PARAMETRIC_REPRESENTATION_CONTEXT() REPRESENTATION_CONTEXT('2D SPACE',''
  ) );
#3097 = ORIENTED_EDGE('',*,*,#3098,.T.);
#3098 = EDGE_CURVE('',#3076,#3099,#3101,.T.);
#3099 = VERTEX_POINT('',#3100);
#3100 = CARTESIAN_POINT('',(58.2,31.068468797625,-2.));
#3101 = SURFACE_CURVE('',#3102,(#3107,#3114),.PCURVE_S1.);
#3102 = CIRCLE('',#3103,5.4);
#3103 = AXIS2_PLACEMENT_3D('',#3104,#3105,#3106);
#3104 = CARTESIAN_POINT('',(56.,36.,-2.));
#3105 = DIRECTION('',(3.153195929581E-32,6.123233995737E-17,-1.));
#3106 = DIRECTION('',(0.,1.,6.123233995737E-17));
#3107 = PCURVE('',#2489,#3108);
#3108 = DEFINITIONAL_REPRESENTATION('',(#3109),#3113);
#3109 = CIRCLE('',#3110,5.4);
#3110 = AXIS2_PLACEMENT_2D('',#3111,#3112);
#3111 = CARTESIAN_POINT('',(56.,-36.));
#3112 = DIRECTION('',(4.861730685829E-63,-1.));
#3113 = ( GEOMETRIC_REPRESENTATION_CONTEXT(2) 
PARAMETRIC_REPRESENTATION_CONTEXT() REPRESENTATION_CONTEXT('2D SPACE',''
  ) );
#3114 = PCURVE('',#1503,#3115);
#3115 = DEFINITIONAL_REPRESENTATION('',(#3116),#3120);
#3116 = LINE('',#3117,#3118);
#3117 = CARTESIAN_POINT('',(-6.28318530718,7.602));
#3118 = VECTOR('',#3119,1.);
#3119 = DIRECTION('',(1.,0.));
#3120 = ( GEOMETRIC_REPRESENTATION_CONTEXT(2) 
PARAMETRIC_REPRESENTATION_CONTEXT() REPRESENTATION_CONTEXT('2D SPACE',''
  ) );
#3121 = ORIENTED_EDGE('',*,*,#3122,.T.);
#3122 = EDGE_CURVE('',#3099,#3123,#3125,.T.);
#3123 = VERTEX_POINT('',#3124);
#3124 = CARTESIAN_POINT('',(58.2,-31.06846879762,-2.));
#3125 = SURFACE_CURVE('',#3126,(#3130,#3137),.PCURVE_S1.);
#3126 = LINE('',#3127,#3128);
#3127 = CARTESIAN_POINT('',(58.2,-31.80476460731,-2.));
#3128 = VECTOR('',#3129,1.);
#3129 = DIRECTION('',(8.80570292374E-17,-1.,-6.123233995737E-17));
#3130 = PCURVE('',#2489,#3131);
#3131 = DEFINITIONAL_REPRESENTATION('',(#3132),#3136);
#3132 = LINE('',#3133,#3134);
#3133 = CARTESIAN_POINT('',(58.2,31.804764607319));
#3134 = VECTOR('',#3135,1.);
#3135 = DIRECTION('',(8.80570292374E-17,1.));
#3136 = ( GEOMETRIC_REPRESENTATION_CONTEXT(2) 
PARAMETRIC_REPRESENTATION_CONTEXT() REPRESENTATION_CONTEXT('2D SPACE',''
  ) );
#3137 = PCURVE('',#1475,#3138);
#3138 = DEFINITIONAL_REPRESENTATION('',(#3139),#3143);
#3139 = LINE('',#3140,#3141);
#3140 = CARTESIAN_POINT('',(-31.80476460731,-2.173362679614E-15));
#3141 = VECTOR('',#3142,1.);
#3142 = DIRECTION('',(-1.,3.08148791102E-32));
#3143 = ( GEOMETRIC_REPRESENTATION_CONTEXT(2) 
PARAMETRIC_REPRESENTATION_CONTEXT() REPRESENTATION_CONTEXT('2D SPACE',''
  ) );
#3144 = ORIENTED_EDGE('',*,*,#3145,.F.);
#3145 = EDGE_CURVE('',#3146,#3123,#3148,.T.);
#3146 = VERTEX_POINT('',#3147);
#3147 = CARTESIAN_POINT('',(51.068468797625,-38.2,-2.));
#3148 = SURFACE_CURVE('',#3149,(#3154,#3165),.PCURVE_S1.);
#3149 = CIRCLE('',#3150,5.4);
#3150 = AXIS2_PLACEMENT_3D('',#3151,#3152,#3153);
#3151 = CARTESIAN_POINT('',(56.,-36.,-2.));
#3152 = DIRECTION('',(-3.153195929581E-32,-6.123233995737E-17,1.));
#3153 = DIRECTION('',(0.,1.,6.123233995737E-17));
#3154 = PCURVE('',#2489,#3155);
#3155 = DEFINITIONAL_REPRESENTATION('',(#3156),#3164);
#3156 = ( BOUNDED_CURVE() B_SPLINE_CURVE(2,(#3157,#3158,#3159,#3160,
#3161,#3162,#3163),.UNSPECIFIED.,.T.,.F.) B_SPLINE_CURVE_WITH_KNOTS((1,2
    ,2,2,2,1),(-2.094395102393,0.,2.094395102393,4.188790204786,
6.28318530718,8.377580409573),.UNSPECIFIED.) CURVE() 
GEOMETRIC_REPRESENTATION_ITEM() RATIONAL_B_SPLINE_CURVE((1.,0.5,1.,0.5,
1.,0.5,1.)) REPRESENTATION_ITEM('') );
#3157 = CARTESIAN_POINT('',(56.,30.6));
#3158 = CARTESIAN_POINT('',(46.646925639128,30.6));
#3159 = CARTESIAN_POINT('',(51.323462819564,38.7));
#3160 = CARTESIAN_POINT('',(56.,46.8));
#3161 = CARTESIAN_POINT('',(60.676537180436,38.7));
#3162 = CARTESIAN_POINT('',(65.353074360872,30.6));
#3163 = CARTESIAN_POINT('',(56.,30.6));
#3164 = ( GEOMETRIC_REPRESENTATION_CONTEXT(2) 
PARAMETRIC_REPRESENTATION_CONTEXT() REPRESENTATION_CONTEXT('2D SPACE',''
  ) );
#3165 = PCURVE('',#1447,#3166);
#3166 = DEFINITIONAL_REPRESENTATION('',(#3167),#3171);
#3167 = LINE('',#3168,#3169);
#3168 = CARTESIAN_POINT('',(6.28318530718,7.602));
#3169 = VECTOR('',#3170,1.);
#3170 = DIRECTION('',(-1.,2.293160912969E-16));
#3171 = ( GEOMETRIC_REPRESENTATION_CONTEXT(2) 
PARAMETRIC_REPRESENTATION_CONTEXT() REPRESENTATION_CONTEXT('2D SPACE',''
  ) );
#3172 = ORIENTED_EDGE('',*,*,#3173,.T.);
#3173 = EDGE_CURVE('',#3146,#2999,#3174,.T.);
#3174 = SURFACE_CURVE('',#3175,(#3179,#3186),.PCURVE_S1.);
#3175 = LINE('',#3176,#3177);
#3176 = CARTESIAN_POINT('',(-51.80476460731,-38.2,-2.));
#3177 = VECTOR('',#3178,1.);
#3178 = DIRECTION('',(-1.,-1.168163956887E-16,-3.868490054922E-32));
#3179 = PCURVE('',#2489,#3180);
#3180 = DEFINITIONAL_REPRESENTATION('',(#3181),#3185);
#3181 = LINE('',#3182,#3183);
#3182 = CARTESIAN_POINT('',(-51.80476460731,38.2));
#3183 = VECTOR('',#3184,1.);
#3184 = DIRECTION('',(-1.,1.168163956887E-16));
#3185 = ( GEOMETRIC_REPRESENTATION_CONTEXT(2) 
PARAMETRIC_REPRESENTATION_CONTEXT() REPRESENTATION_CONTEXT('2D SPACE',''
  ) );
#3186 = PCURVE('',#1762,#3187);
#3187 = DEFINITIONAL_REPRESENTATION('',(#3188),#3192);
#3188 = LINE('',#3189,#3190);
#3189 = CARTESIAN_POINT('',(-51.80476460731,-6.477289281901E-15));
#3190 = VECTOR('',#3191,1.);
#3191 = DIRECTION('',(-1.,-1.984015357598E-32));
#3192 = ( GEOMETRIC_REPRESENTATION_CONTEXT(2) 
PARAMETRIC_REPRESENTATION_CONTEXT() REPRESENTATION_CONTEXT('2D SPACE',''
  ) );
#3193 = FACE_BOUND('',#3194,.T.);
#3194 = EDGE_LOOP('',(#3195,#3196));
#3195 = ORIENTED_EDGE('',*,*,#2849,.F.);
#3196 = ORIENTED_EDGE('',*,*,#2773,.F.);
#3197 = FACE_BOUND('',#3198,.T.);
#3198 = EDGE_LOOP('',(#3199,#3200));
#3199 = ORIENTED_EDGE('',*,*,#2748,.F.);
#3200 = ORIENTED_EDGE('',*,*,#2672,.F.);
#3201 = FACE_BOUND('',#3202,.T.);
#3202 = EDGE_LOOP('',(#3203,#3204));
#3203 = ORIENTED_EDGE('',*,*,#2647,.F.);
#3204 = ORIENTED_EDGE('',*,*,#2571,.F.);
#3205 = FACE_BOUND('',#3206,.T.);
#3206 = EDGE_LOOP('',(#3207,#3208));
#3207 = ORIENTED_EDGE('',*,*,#2546,.F.);
#3208 = ORIENTED_EDGE('',*,*,#2465,.F.);
#3209 = ADVANCED_FACE('',(#3210,#3644,#3675,#3706,#3737),#128,.T.);
#3210 = FACE_BOUND('',#3211,.T.);
#3211 = EDGE_LOOP('',(#3212,#3213,#3235,#3236,#3258,#3259,#3280,#3281,
    #3304,#3333,#3354,#3355,#3378,#3407,#3428,#3429,#3452,#3481,#3502,
    #3503,#3526,#3555,#3576,#3577,#3598,#3599,#3621,#3622));
#3212 = ORIENTED_EDGE('',*,*,#1845,.T.);
#3213 = ORIENTED_EDGE('',*,*,#3214,.T.);
#3214 = EDGE_CURVE('',#1848,#1639,#3215,.T.);
#3215 = SURFACE_CURVE('',#3216,(#3221,#3228),.PCURVE_S1.);
#3216 = CIRCLE('',#3217,4.2);
#3217 = AXIS2_PLACEMENT_3D('',#3218,#3219,#3220);
#3218 = CARTESIAN_POINT('',(-56.,-36.,5.6));
#3219 = DIRECTION('',(-3.153195929581E-32,-6.123233995737E-17,1.));
#3220 = DIRECTION('',(0.,-1.,-6.123233995737E-17));
#3221 = PCURVE('',#128,#3222);
#3222 = DEFINITIONAL_REPRESENTATION('',(#3223),#3227);
#3223 = CIRCLE('',#3224,4.2);
#3224 = AXIS2_PLACEMENT_2D('',#3225,#3226);
#3225 = CARTESIAN_POINT('',(-56.,-36.));
#3226 = DIRECTION('',(-4.861730685829E-63,-1.));
#3227 = ( GEOMETRIC_REPRESENTATION_CONTEXT(2) 
PARAMETRIC_REPRESENTATION_CONTEXT() REPRESENTATION_CONTEXT('2D SPACE',''
  ) );
#3228 = PCURVE('',#1684,#3229);
#3229 = DEFINITIONAL_REPRESENTATION('',(#3230),#3234);
#3230 = LINE('',#3231,#3232);
#3231 = CARTESIAN_POINT('',(10.995574287564,-1.2));
#3232 = VECTOR('',#3233,1.);
#3233 = DIRECTION('',(-1.,6.667748526529E-16));
#3234 = ( GEOMETRIC_REPRESENTATION_CONTEXT(2) 
PARAMETRIC_REPRESENTATION_CONTEXT() REPRESENTATION_CONTEXT('2D SPACE',''
  ) );
#3235 = ORIENTED_EDGE('',*,*,#1636,.F.);
#3236 = ORIENTED_EDGE('',*,*,#3237,.T.);
#3237 = EDGE_CURVE('',#1637,#1357,#3238,.T.);
#3238 = SURFACE_CURVE('',#3239,(#3244,#3251),.PCURVE_S1.);
#3239 = CIRCLE('',#3240,4.2);
#3240 = AXIS2_PLACEMENT_3D('',#3241,#3242,#3243);
#3241 = CARTESIAN_POINT('',(56.,-36.,5.6));
#3242 = DIRECTION('',(-3.153195929581E-32,-6.123233995737E-17,1.));
#3243 = DIRECTION('',(0.,-1.,-6.123233995737E-17));
#3244 = PCURVE('',#128,#3245);
#3245 = DEFINITIONAL_REPRESENTATION('',(#3246),#3250);
#3246 = CIRCLE('',#3247,4.2);
#3247 = AXIS2_PLACEMENT_2D('',#3248,#3249);
#3248 = CARTESIAN_POINT('',(56.,-36.));
#3249 = DIRECTION('',(-4.861730685829E-63,-1.));
#3250 = ( GEOMETRIC_REPRESENTATION_CONTEXT(2) 
PARAMETRIC_REPRESENTATION_CONTEXT() REPRESENTATION_CONTEXT('2D SPACE',''
  ) );
#3251 = PCURVE('',#1397,#3252);
#3252 = DEFINITIONAL_REPRESENTATION('',(#3253),#3257);
#3253 = LINE('',#3254,#3255);
#3254 = CARTESIAN_POINT('',(10.995574287564,7.998351473092E-15));
#3255 = VECTOR('',#3256,1.);
#3256 = DIRECTION('',(-1.,-1.100122379616E-15));
#3257 = ( GEOMETRIC_REPRESENTATION_CONTEXT(2) 
PARAMETRIC_REPRESENTATION_CONTEXT() REPRESENTATION_CONTEXT('2D SPACE',''
  ) );
#3258 = ORIENTED_EDGE('',*,*,#1354,.F.);
#3259 = ORIENTED_EDGE('',*,*,#3260,.F.);
#3260 = EDGE_CURVE('',#200,#1355,#3261,.T.);
#3261 = SURFACE_CURVE('',#3262,(#3266,#3273),.PCURVE_S1.);
#3262 = LINE('',#3263,#3264);
#3263 = CARTESIAN_POINT('',(3.914848925515E-16,-4.175,5.6));
#3264 = VECTOR('',#3265,1.);
#3265 = DIRECTION('',(1.,9.376883653929E-17,3.727364457219E-32));
#3266 = PCURVE('',#128,#3267);
#3267 = DEFINITIONAL_REPRESENTATION('',(#3268),#3272);
#3268 = LINE('',#3269,#3270);
#3269 = CARTESIAN_POINT('',(3.914848925515E-16,-4.175));
#3270 = VECTOR('',#3271,1.);
#3271 = DIRECTION('',(1.,9.376883653929E-17));
#3272 = ( GEOMETRIC_REPRESENTATION_CONTEXT(2) 
PARAMETRIC_REPRESENTATION_CONTEXT() REPRESENTATION_CONTEXT('2D SPACE',''
  ) );
#3273 = PCURVE('',#220,#3274);
#3274 = DEFINITIONAL_REPRESENTATION('',(#3275),#3279);
#3275 = LINE('',#3276,#3277);
#3276 = CARTESIAN_POINT('',(2.575,-238.3800643453));
#3277 = VECTOR('',#3278,1.);
#3278 = DIRECTION('',(-4.722245203762E-32,1.));
#3279 = ( GEOMETRIC_REPRESENTATION_CONTEXT(2) 
PARAMETRIC_REPRESENTATION_CONTEXT() REPRESENTATION_CONTEXT('2D SPACE',''
  ) );
#3280 = ORIENTED_EDGE('',*,*,#344,.T.);
#3281 = ORIENTED_EDGE('',*,*,#3282,.T.);
#3282 = EDGE_CURVE('',#317,#3283,#3285,.T.);
#3283 = VERTEX_POINT('',#3284);
#3284 = CARTESIAN_POINT('',(56.,-32.,5.6));
#3285 = SURFACE_CURVE('',#3286,(#3290,#3297),.PCURVE_S1.);
#3286 = LINE('',#3287,#3288);
#3287 = CARTESIAN_POINT('',(57.7,-32.,5.6));
#3288 = VECTOR('',#3289,1.);
#3289 = DIRECTION('',(-1.,1.930775651123E-48,-3.153195929581E-32));
#3290 = PCURVE('',#128,#3291);
#3291 = DEFINITIONAL_REPRESENTATION('',(#3292),#3296);
#3292 = LINE('',#3293,#3294);
#3293 = CARTESIAN_POINT('',(57.7,-32.));
#3294 = VECTOR('',#3295,1.);
#3295 = DIRECTION('',(-1.,0.));
#3296 = ( GEOMETRIC_REPRESENTATION_CONTEXT(2) 
PARAMETRIC_REPRESENTATION_CONTEXT() REPRESENTATION_CONTEXT('2D SPACE',''
  ) );
#3297 = PCURVE('',#332,#3298);
#3298 = DEFINITIONAL_REPRESENTATION('',(#3299),#3303);
#3299 = LINE('',#3300,#3301);
#3300 = CARTESIAN_POINT('',(2.000000000001E-03,-5.189537953381E-83));
#3301 = VECTOR('',#3302,1.);
#3302 = DIRECTION('',(3.153195929581E-32,-1.));
#3303 = ( GEOMETRIC_REPRESENTATION_CONTEXT(2) 
PARAMETRIC_REPRESENTATION_CONTEXT() REPRESENTATION_CONTEXT('2D SPACE',''
  ) );
#3304 = ORIENTED_EDGE('',*,*,#3305,.T.);
#3305 = EDGE_CURVE('',#3283,#3306,#3308,.T.);
#3306 = VERTEX_POINT('',#3307);
#3307 = CARTESIAN_POINT('',(52.,-36.,5.6));
#3308 = SURFACE_CURVE('',#3309,(#3314,#3321),.PCURVE_S1.);
#3309 = CIRCLE('',#3310,4.);
#3310 = AXIS2_PLACEMENT_3D('',#3311,#3312,#3313);
#3311 = CARTESIAN_POINT('',(56.,-36.,5.6));
#3312 = DIRECTION('',(-3.153195929581E-32,-6.123233995737E-17,1.));
#3313 = DIRECTION('',(0.,-1.,-6.123233995737E-17));
#3314 = PCURVE('',#128,#3315);
#3315 = DEFINITIONAL_REPRESENTATION('',(#3316),#3320);
#3316 = CIRCLE('',#3317,4.);
#3317 = AXIS2_PLACEMENT_2D('',#3318,#3319);
#3318 = CARTESIAN_POINT('',(56.,-36.));
#3319 = DIRECTION('',(-4.861730685829E-63,-1.));
#3320 = ( GEOMETRIC_REPRESENTATION_CONTEXT(2) 
PARAMETRIC_REPRESENTATION_CONTEXT() REPRESENTATION_CONTEXT('2D SPACE',''
  ) );
#3321 = PCURVE('',#3322,#3327);
#3322 = CYLINDRICAL_SURFACE('',#3323,4.);
#3323 = AXIS2_PLACEMENT_3D('',#3324,#3325,#3326);
#3324 = CARTESIAN_POINT('',(56.,-36.,5.602));
#3325 = DIRECTION('',(3.153195929581E-32,6.123233995737E-17,-1.));
#3326 = DIRECTION('',(0.,1.,6.123233995737E-17));
#3327 = DEFINITIONAL_REPRESENTATION('',(#3328),#3332);
#3328 = LINE('',#3329,#3330);
#3329 = CARTESIAN_POINT('',(9.424777960769,2.000000000001E-03));
#3330 = VECTOR('',#3331,1.);
#3331 = DIRECTION('',(-1.,0.));
#3332 = ( GEOMETRIC_REPRESENTATION_CONTEXT(2) 
PARAMETRIC_REPRESENTATION_CONTEXT() REPRESENTATION_CONTEXT('2D SPACE',''
  ) );
#3333 = ORIENTED_EDGE('',*,*,#3334,.F.);
#3334 = EDGE_CURVE('',#1280,#3306,#3335,.T.);
#3335 = SURFACE_CURVE('',#3336,(#3340,#3347),.PCURVE_S1.);
#3336 = LINE('',#3337,#3338);
#3337 = CARTESIAN_POINT('',(52.,-37.7,5.6));
#3338 = VECTOR('',#3339,1.);
#3339 = DIRECTION('',(1.823149007186E-63,1.,6.123233995737E-17));
#3340 = PCURVE('',#128,#3341);
#3341 = DEFINITIONAL_REPRESENTATION('',(#3342),#3346);
#3342 = LINE('',#3343,#3344);
#3343 = CARTESIAN_POINT('',(52.,-37.7));
#3344 = VECTOR('',#3345,1.);
#3345 = DIRECTION('',(6.684879693015E-63,1.));
#3346 = ( GEOMETRIC_REPRESENTATION_CONTEXT(2) 
PARAMETRIC_REPRESENTATION_CONTEXT() REPRESENTATION_CONTEXT('2D SPACE',''
  ) );
#3347 = PCURVE('',#1318,#3348);
#3348 = DEFINITIONAL_REPRESENTATION('',(#3349),#3353);
#3349 = LINE('',#3350,#3351);
#3350 = CARTESIAN_POINT('',(-2.000000000001E-03,-1.217622784812E-82));
#3351 = VECTOR('',#3352,1.);
#3352 = DIRECTION('',(6.123233995737E-17,1.));
#3353 = ( GEOMETRIC_REPRESENTATION_CONTEXT(2) 
PARAMETRIC_REPRESENTATION_CONTEXT() REPRESENTATION_CONTEXT('2D SPACE',''
  ) );
#3354 = ORIENTED_EDGE('',*,*,#1279,.T.);
#3355 = ORIENTED_EDGE('',*,*,#3356,.T.);
#3356 = EDGE_CURVE('',#1252,#3357,#3359,.T.);
#3357 = VERTEX_POINT('',#3358);
#3358 = CARTESIAN_POINT('',(-52.,-36.,5.6));
#3359 = SURFACE_CURVE('',#3360,(#3364,#3371),.PCURVE_S1.);
#3360 = LINE('',#3361,#3362);
#3361 = CARTESIAN_POINT('',(-52.,-37.7,5.6));
#3362 = VECTOR('',#3363,1.);
#3363 = DIRECTION('',(1.823149007186E-63,1.,6.123233995737E-17));
#3364 = PCURVE('',#128,#3365);
#3365 = DEFINITIONAL_REPRESENTATION('',(#3366),#3370);
#3366 = LINE('',#3367,#3368);
#3367 = CARTESIAN_POINT('',(-52.,-37.7));
#3368 = VECTOR('',#3369,1.);
#3369 = DIRECTION('',(6.684879693015E-63,1.));
#3370 = ( GEOMETRIC_REPRESENTATION_CONTEXT(2) 
PARAMETRIC_REPRESENTATION_CONTEXT() REPRESENTATION_CONTEXT('2D SPACE',''
  ) );
#3371 = PCURVE('',#1267,#3372);
#3372 = DEFINITIONAL_REPRESENTATION('',(#3373),#3377);
#3373 = LINE('',#3374,#3375);
#3374 = CARTESIAN_POINT('',(-2.000000000001E-03,-1.217622784812E-82));
#3375 = VECTOR('',#3376,1.);
#3376 = DIRECTION('',(6.123233995737E-17,1.));
#3377 = ( GEOMETRIC_REPRESENTATION_CONTEXT(2) 
PARAMETRIC_REPRESENTATION_CONTEXT() REPRESENTATION_CONTEXT('2D SPACE',''
  ) );
#3378 = ORIENTED_EDGE('',*,*,#3379,.T.);
#3379 = EDGE_CURVE('',#3357,#3380,#3382,.T.);
#3380 = VERTEX_POINT('',#3381);
#3381 = CARTESIAN_POINT('',(-56.,-32.,5.6));
#3382 = SURFACE_CURVE('',#3383,(#3388,#3395),.PCURVE_S1.);
#3383 = CIRCLE('',#3384,4.);
#3384 = AXIS2_PLACEMENT_3D('',#3385,#3386,#3387);
#3385 = CARTESIAN_POINT('',(-56.,-36.,5.6));
#3386 = DIRECTION('',(-3.153195929581E-32,-6.123233995737E-17,1.));
#3387 = DIRECTION('',(0.,-1.,-6.123233995737E-17));
#3388 = PCURVE('',#128,#3389);
#3389 = DEFINITIONAL_REPRESENTATION('',(#3390),#3394);
#3390 = CIRCLE('',#3391,4.);
#3391 = AXIS2_PLACEMENT_2D('',#3392,#3393);
#3392 = CARTESIAN_POINT('',(-56.,-36.));
#3393 = DIRECTION('',(-4.861730685829E-63,-1.));
#3394 = ( GEOMETRIC_REPRESENTATION_CONTEXT(2) 
PARAMETRIC_REPRESENTATION_CONTEXT() REPRESENTATION_CONTEXT('2D SPACE',''
  ) );
#3395 = PCURVE('',#3396,#3401);
#3396 = CYLINDRICAL_SURFACE('',#3397,4.);
#3397 = AXIS2_PLACEMENT_3D('',#3398,#3399,#3400);
#3398 = CARTESIAN_POINT('',(-56.,-36.,5.602));
#3399 = DIRECTION('',(3.153195929581E-32,6.123233995737E-17,-1.));
#3400 = DIRECTION('',(0.,1.,6.123233995737E-17));
#3401 = DEFINITIONAL_REPRESENTATION('',(#3402),#3406);
#3402 = LINE('',#3403,#3404);
#3403 = CARTESIAN_POINT('',(3.14159265359,2.000000000001E-03));
#3404 = VECTOR('',#3405,1.);
#3405 = DIRECTION('',(-1.,0.));
#3406 = ( GEOMETRIC_REPRESENTATION_CONTEXT(2) 
PARAMETRIC_REPRESENTATION_CONTEXT() REPRESENTATION_CONTEXT('2D SPACE',''
  ) );
#3407 = ORIENTED_EDGE('',*,*,#3408,.F.);
#3408 = EDGE_CURVE('',#1063,#3380,#3409,.T.);
#3409 = SURFACE_CURVE('',#3410,(#3414,#3421),.PCURVE_S1.);
#3410 = LINE('',#3411,#3412);
#3411 = CARTESIAN_POINT('',(-57.7,-32.,5.6));
#3412 = VECTOR('',#3413,1.);
#3413 = DIRECTION('',(1.,-1.930775651123E-48,3.153195929581E-32));
#3414 = PCURVE('',#128,#3415);
#3415 = DEFINITIONAL_REPRESENTATION('',(#3416),#3420);
#3416 = LINE('',#3417,#3418);
#3417 = CARTESIAN_POINT('',(-57.7,-32.));
#3418 = VECTOR('',#3419,1.);
#3419 = DIRECTION('',(1.,0.));
#3420 = ( GEOMETRIC_REPRESENTATION_CONTEXT(2) 
PARAMETRIC_REPRESENTATION_CONTEXT() REPRESENTATION_CONTEXT('2D SPACE',''
  ) );
#3421 = PCURVE('',#1101,#3422);
#3422 = DEFINITIONAL_REPRESENTATION('',(#3423),#3427);
#3423 = LINE('',#3424,#3425);
#3424 = CARTESIAN_POINT('',(-2.000000000001E-03,-5.189537953381E-83));
#3425 = VECTOR('',#3426,1.);
#3426 = DIRECTION('',(3.153195929581E-32,1.));
#3427 = ( GEOMETRIC_REPRESENTATION_CONTEXT(2) 
PARAMETRIC_REPRESENTATION_CONTEXT() REPRESENTATION_CONTEXT('2D SPACE',''
  ) );
#3428 = ORIENTED_EDGE('',*,*,#1062,.F.);
#3429 = ORIENTED_EDGE('',*,*,#3430,.T.);
#3430 = EDGE_CURVE('',#1035,#3431,#3433,.T.);
#3431 = VERTEX_POINT('',#3432);
#3432 = CARTESIAN_POINT('',(-56.,32.,5.6));
#3433 = SURFACE_CURVE('',#3434,(#3438,#3445),.PCURVE_S1.);
#3434 = LINE('',#3435,#3436);
#3435 = CARTESIAN_POINT('',(-57.7,32.,5.6));
#3436 = VECTOR('',#3437,1.);
#3437 = DIRECTION('',(1.,-1.930775651123E-48,3.153195929581E-32));
#3438 = PCURVE('',#128,#3439);
#3439 = DEFINITIONAL_REPRESENTATION('',(#3440),#3444);
#3440 = LINE('',#3441,#3442);
#3441 = CARTESIAN_POINT('',(-57.7,32.));
#3442 = VECTOR('',#3443,1.);
#3443 = DIRECTION('',(1.,0.));
#3444 = ( GEOMETRIC_REPRESENTATION_CONTEXT(2) 
PARAMETRIC_REPRESENTATION_CONTEXT() REPRESENTATION_CONTEXT('2D SPACE',''
  ) );
#3445 = PCURVE('',#1050,#3446);
#3446 = DEFINITIONAL_REPRESENTATION('',(#3447),#3451);
#3447 = LINE('',#3448,#3449);
#3448 = CARTESIAN_POINT('',(-2.000000000001E-03,-5.189537953381E-83));
#3449 = VECTOR('',#3450,1.);
#3450 = DIRECTION('',(3.153195929581E-32,1.));
#3451 = ( GEOMETRIC_REPRESENTATION_CONTEXT(2) 
PARAMETRIC_REPRESENTATION_CONTEXT() REPRESENTATION_CONTEXT('2D SPACE',''
  ) );
#3452 = ORIENTED_EDGE('',*,*,#3453,.T.);
#3453 = EDGE_CURVE('',#3431,#3454,#3456,.T.);
#3454 = VERTEX_POINT('',#3455);
#3455 = CARTESIAN_POINT('',(-52.,36.,5.6));
#3456 = SURFACE_CURVE('',#3457,(#3462,#3469),.PCURVE_S1.);
#3457 = CIRCLE('',#3458,4.);
#3458 = AXIS2_PLACEMENT_3D('',#3459,#3460,#3461);
#3459 = CARTESIAN_POINT('',(-56.,36.,5.6));
#3460 = DIRECTION('',(-3.153195929581E-32,-6.123233995737E-17,1.));
#3461 = DIRECTION('',(0.,-1.,-6.123233995737E-17));
#3462 = PCURVE('',#128,#3463);
#3463 = DEFINITIONAL_REPRESENTATION('',(#3464),#3468);
#3464 = CIRCLE('',#3465,4.);
#3465 = AXIS2_PLACEMENT_2D('',#3466,#3467);
#3466 = CARTESIAN_POINT('',(-56.,36.));
#3467 = DIRECTION('',(-4.861730685829E-63,-1.));
#3468 = ( GEOMETRIC_REPRESENTATION_CONTEXT(2) 
PARAMETRIC_REPRESENTATION_CONTEXT() REPRESENTATION_CONTEXT('2D SPACE',''
  ) );
#3469 = PCURVE('',#3470,#3475);
#3470 = CYLINDRICAL_SURFACE('',#3471,4.);
#3471 = AXIS2_PLACEMENT_3D('',#3472,#3473,#3474);
#3472 = CARTESIAN_POINT('',(-56.,36.,5.602));
#3473 = DIRECTION('',(3.153195929581E-32,6.123233995737E-17,-1.));
#3474 = DIRECTION('',(0.,1.,6.123233995737E-17));
#3475 = DEFINITIONAL_REPRESENTATION('',(#3476),#3480);
#3476 = LINE('',#3477,#3478);
#3477 = CARTESIAN_POINT('',(3.14159265359,2.000000000001E-03));
#3478 = VECTOR('',#3479,1.);
#3479 = DIRECTION('',(-1.,0.));
#3480 = ( GEOMETRIC_REPRESENTATION_CONTEXT(2) 
PARAMETRIC_REPRESENTATION_CONTEXT() REPRESENTATION_CONTEXT('2D SPACE',''
  ) );
#3481 = ORIENTED_EDGE('',*,*,#3482,.F.);
#3482 = EDGE_CURVE('',#2391,#3454,#3483,.T.);
#3483 = SURFACE_CURVE('',#3484,(#3488,#3495),.PCURVE_S1.);
#3484 = LINE('',#3485,#3486);
#3485 = CARTESIAN_POINT('',(-52.,37.7,5.6));
#3486 = VECTOR('',#3487,1.);
#3487 = DIRECTION('',(-1.823149007186E-63,-1.,-6.123233995737E-17));
#3488 = PCURVE('',#128,#3489);
#3489 = DEFINITIONAL_REPRESENTATION('',(#3490),#3494);
#3490 = LINE('',#3491,#3492);
#3491 = CARTESIAN_POINT('',(-52.,37.7));
#3492 = VECTOR('',#3493,1.);
#3493 = DIRECTION('',(-6.684879693015E-63,-1.));
#3494 = ( GEOMETRIC_REPRESENTATION_CONTEXT(2) 
PARAMETRIC_REPRESENTATION_CONTEXT() REPRESENTATION_CONTEXT('2D SPACE',''
  ) );
#3495 = PCURVE('',#2429,#3496);
#3496 = DEFINITIONAL_REPRESENTATION('',(#3497),#3501);
#3497 = LINE('',#3498,#3499);
#3498 = CARTESIAN_POINT('',(2.000000000001E-03,-1.217622784812E-82));
#3499 = VECTOR('',#3500,1.);
#3500 = DIRECTION('',(6.123233995737E-17,-1.));
#3501 = ( GEOMETRIC_REPRESENTATION_CONTEXT(2) 
PARAMETRIC_REPRESENTATION_CONTEXT() REPRESENTATION_CONTEXT('2D SPACE',''
  ) );
#3502 = ORIENTED_EDGE('',*,*,#2390,.F.);
#3503 = ORIENTED_EDGE('',*,*,#3504,.T.);
#3504 = EDGE_CURVE('',#2363,#3505,#3507,.T.);
#3505 = VERTEX_POINT('',#3506);
#3506 = CARTESIAN_POINT('',(52.,36.,5.6));
#3507 = SURFACE_CURVE('',#3508,(#3512,#3519),.PCURVE_S1.);
#3508 = LINE('',#3509,#3510);
#3509 = CARTESIAN_POINT('',(52.,37.7,5.6));
#3510 = VECTOR('',#3511,1.);
#3511 = DIRECTION('',(-1.823149007186E-63,-1.,-6.123233995737E-17));
#3512 = PCURVE('',#128,#3513);
#3513 = DEFINITIONAL_REPRESENTATION('',(#3514),#3518);
#3514 = LINE('',#3515,#3516);
#3515 = CARTESIAN_POINT('',(52.,37.7));
#3516 = VECTOR('',#3517,1.);
#3517 = DIRECTION('',(-6.684879693015E-63,-1.));
#3518 = ( GEOMETRIC_REPRESENTATION_CONTEXT(2) 
PARAMETRIC_REPRESENTATION_CONTEXT() REPRESENTATION_CONTEXT('2D SPACE',''
  ) );
#3519 = PCURVE('',#2378,#3520);
#3520 = DEFINITIONAL_REPRESENTATION('',(#3521),#3525);
#3521 = LINE('',#3522,#3523);
#3522 = CARTESIAN_POINT('',(2.000000000001E-03,-1.217622784812E-82));
#3523 = VECTOR('',#3524,1.);
#3524 = DIRECTION('',(6.123233995737E-17,-1.));
#3525 = ( GEOMETRIC_REPRESENTATION_CONTEXT(2) 
PARAMETRIC_REPRESENTATION_CONTEXT() REPRESENTATION_CONTEXT('2D SPACE',''
  ) );
#3526 = ORIENTED_EDGE('',*,*,#3527,.T.);
#3527 = EDGE_CURVE('',#3505,#3528,#3530,.T.);
#3528 = VERTEX_POINT('',#3529);
#3529 = CARTESIAN_POINT('',(56.,32.,5.6));
#3530 = SURFACE_CURVE('',#3531,(#3536,#3543),.PCURVE_S1.);
#3531 = CIRCLE('',#3532,4.);
#3532 = AXIS2_PLACEMENT_3D('',#3533,#3534,#3535);
#3533 = CARTESIAN_POINT('',(56.,36.,5.6));
#3534 = DIRECTION('',(-3.153195929581E-32,-6.123233995737E-17,1.));
#3535 = DIRECTION('',(0.,-1.,-6.123233995737E-17));
#3536 = PCURVE('',#128,#3537);
#3537 = DEFINITIONAL_REPRESENTATION('',(#3538),#3542);
#3538 = CIRCLE('',#3539,4.);
#3539 = AXIS2_PLACEMENT_2D('',#3540,#3541);
#3540 = CARTESIAN_POINT('',(56.,36.));
#3541 = DIRECTION('',(-4.861730685829E-63,-1.));
#3542 = ( GEOMETRIC_REPRESENTATION_CONTEXT(2) 
PARAMETRIC_REPRESENTATION_CONTEXT() REPRESENTATION_CONTEXT('2D SPACE',''
  ) );
#3543 = PCURVE('',#3544,#3549);
#3544 = CYLINDRICAL_SURFACE('',#3545,4.);
#3545 = AXIS2_PLACEMENT_3D('',#3546,#3547,#3548);
#3546 = CARTESIAN_POINT('',(56.,36.,5.602));
#3547 = DIRECTION('',(3.153195929581E-32,6.123233995737E-17,-1.));
#3548 = DIRECTION('',(0.,1.,6.123233995737E-17));
#3549 = DEFINITIONAL_REPRESENTATION('',(#3550),#3554);
#3550 = LINE('',#3551,#3552);
#3551 = CARTESIAN_POINT('',(9.424777960769,2.000000000001E-03));
#3552 = VECTOR('',#3553,1.);
#3553 = DIRECTION('',(-1.,0.));
#3554 = ( GEOMETRIC_REPRESENTATION_CONTEXT(2) 
PARAMETRIC_REPRESENTATION_CONTEXT() REPRESENTATION_CONTEXT('2D SPACE',''
  ) );
#3555 = ORIENTED_EDGE('',*,*,#3556,.F.);
#3556 = EDGE_CURVE('',#113,#3528,#3557,.T.);
#3557 = SURFACE_CURVE('',#3558,(#3562,#3569),.PCURVE_S1.);
#3558 = LINE('',#3559,#3560);
#3559 = CARTESIAN_POINT('',(57.7,32.,5.6));
#3560 = VECTOR('',#3561,1.);
#3561 = DIRECTION('',(-1.,1.930775651123E-48,-3.153195929581E-32));
#3562 = PCURVE('',#128,#3563);
#3563 = DEFINITIONAL_REPRESENTATION('',(#3564),#3568);
#3564 = LINE('',#3565,#3566);
#3565 = CARTESIAN_POINT('',(57.7,32.));
#3566 = VECTOR('',#3567,1.);
#3567 = DIRECTION('',(-1.,0.));
#3568 = ( GEOMETRIC_REPRESENTATION_CONTEXT(2) 
PARAMETRIC_REPRESENTATION_CONTEXT() REPRESENTATION_CONTEXT('2D SPACE',''
  ) );
#3569 = PCURVE('',#156,#3570);
#3570 = DEFINITIONAL_REPRESENTATION('',(#3571),#3575);
#3571 = LINE('',#3572,#3573);
#3572 = CARTESIAN_POINT('',(2.000000000001E-03,-5.189537953381E-83));
#3573 = VECTOR('',#3574,1.);
#3574 = DIRECTION('',(3.153195929581E-32,-1.));
#3575 = ( GEOMETRIC_REPRESENTATION_CONTEXT(2) 
PARAMETRIC_REPRESENTATION_CONTEXT() REPRESENTATION_CONTEXT('2D SPACE',''
  ) );
#3576 = ORIENTED_EDGE('',*,*,#112,.T.);
#3577 = ORIENTED_EDGE('',*,*,#3578,.F.);
#3578 = EDGE_CURVE('',#1568,#85,#3579,.T.);
#3579 = SURFACE_CURVE('',#3580,(#3584,#3591),.PCURVE_S1.);
#3580 = LINE('',#3581,#3582);
#3581 = CARTESIAN_POINT('',(-8.60329075248E-16,9.175,5.6));
#3582 = VECTOR('',#3583,1.);
#3583 = DIRECTION('',(-1.,-9.376883653929E-17,-3.727364457219E-32));
#3584 = PCURVE('',#128,#3585);
#3585 = DEFINITIONAL_REPRESENTATION('',(#3586),#3590);
#3586 = LINE('',#3587,#3588);
#3587 = CARTESIAN_POINT('',(-8.60329075248E-16,9.175));
#3588 = VECTOR('',#3589,1.);
#3589 = DIRECTION('',(-1.,-9.376883653929E-17));
#3590 = ( GEOMETRIC_REPRESENTATION_CONTEXT(2) 
PARAMETRIC_REPRESENTATION_CONTEXT() REPRESENTATION_CONTEXT('2D SPACE',''
  ) );
#3591 = PCURVE('',#100,#3592);
#3592 = DEFINITIONAL_REPRESENTATION('',(#3593),#3597);
#3593 = LINE('',#3594,#3595);
#3594 = CARTESIAN_POINT('',(-2.575,-238.3800643453));
#3595 = VECTOR('',#3596,1.);
#3596 = DIRECTION('',(-5.717125950305E-32,-1.));
#3597 = ( GEOMETRIC_REPRESENTATION_CONTEXT(2) 
PARAMETRIC_REPRESENTATION_CONTEXT() REPRESENTATION_CONTEXT('2D SPACE',''
  ) );
#3598 = ORIENTED_EDGE('',*,*,#1567,.F.);
#3599 = ORIENTED_EDGE('',*,*,#3600,.T.);
#3600 = EDGE_CURVE('',#1516,#2055,#3601,.T.);
#3601 = SURFACE_CURVE('',#3602,(#3607,#3614),.PCURVE_S1.);
#3602 = CIRCLE('',#3603,4.2);
#3603 = AXIS2_PLACEMENT_3D('',#3604,#3605,#3606);
#3604 = CARTESIAN_POINT('',(56.,36.,5.6));
#3605 = DIRECTION('',(-3.153195929581E-32,-6.123233995737E-17,1.));
#3606 = DIRECTION('',(0.,-1.,-6.123233995737E-17));
#3607 = PCURVE('',#128,#3608);
#3608 = DEFINITIONAL_REPRESENTATION('',(#3609),#3613);
#3609 = CIRCLE('',#3610,4.2);
#3610 = AXIS2_PLACEMENT_2D('',#3611,#3612);
#3611 = CARTESIAN_POINT('',(56.,36.));
#3612 = DIRECTION('',(-4.861730685829E-63,-1.));
#3613 = ( GEOMETRIC_REPRESENTATION_CONTEXT(2) 
PARAMETRIC_REPRESENTATION_CONTEXT() REPRESENTATION_CONTEXT('2D SPACE',''
  ) );
#3614 = PCURVE('',#1533,#3615);
#3615 = DEFINITIONAL_REPRESENTATION('',(#3616),#3620);
#3616 = LINE('',#3617,#3618);
#3617 = CARTESIAN_POINT('',(4.712388980385,-1.2));
#3618 = VECTOR('',#3619,1.);
#3619 = DIRECTION('',(-1.,6.667748526529E-16));
#3620 = ( GEOMETRIC_REPRESENTATION_CONTEXT(2) 
PARAMETRIC_REPRESENTATION_CONTEXT() REPRESENTATION_CONTEXT('2D SPACE',''
  ) );
#3621 = ORIENTED_EDGE('',*,*,#2054,.T.);
#3622 = ORIENTED_EDGE('',*,*,#3623,.T.);
#3623 = EDGE_CURVE('',#2057,#1846,#3624,.T.);
#3624 = SURFACE_CURVE('',#3625,(#3630,#3637),.PCURVE_S1.);
#3625 = CIRCLE('',#3626,4.2);
#3626 = AXIS2_PLACEMENT_3D('',#3627,#3628,#3629);
#3627 = CARTESIAN_POINT('',(-56.,36.,5.6));
#3628 = DIRECTION('',(-3.153195929581E-32,-6.123233995737E-17,1.));
#3629 = DIRECTION('',(0.,-1.,-6.123233995737E-17));
#3630 = PCURVE('',#128,#3631);
#3631 = DEFINITIONAL_REPRESENTATION('',(#3632),#3636);
#3632 = CIRCLE('',#3633,4.2);
#3633 = AXIS2_PLACEMENT_2D('',#3634,#3635);
#3634 = CARTESIAN_POINT('',(-56.,36.));
#3635 = DIRECTION('',(-4.861730685829E-63,-1.));
#3636 = ( GEOMETRIC_REPRESENTATION_CONTEXT(2) 
PARAMETRIC_REPRESENTATION_CONTEXT() REPRESENTATION_CONTEXT('2D SPACE',''
  ) );
#3637 = PCURVE('',#1893,#3638);
#3638 = DEFINITIONAL_REPRESENTATION('',(#3639),#3643);
#3639 = LINE('',#3640,#3641);
#3640 = CARTESIAN_POINT('',(4.712388980385,2.517635450053E-15));
#3641 = VECTOR('',#3642,1.);
#3642 = DIRECTION('',(-1.,-4.714810198355E-16));
#3643 = ( GEOMETRIC_REPRESENTATION_CONTEXT(2) 
PARAMETRIC_REPRESENTATION_CONTEXT() REPRESENTATION_CONTEXT('2D SPACE',''
  ) );
#3644 = FACE_BOUND('',#3645,.T.);
#3645 = EDGE_LOOP('',(#3646));
#3646 = ORIENTED_EDGE('',*,*,#3647,.F.);
#3647 = EDGE_CURVE('',#3648,#3648,#3650,.T.);
#3648 = VERTEX_POINT('',#3649);
#3649 = CARTESIAN_POINT('',(-56.,-37.3,5.6));
#3650 = SURFACE_CURVE('',#3651,(#3656,#3663),.PCURVE_S1.);
#3651 = CIRCLE('',#3652,1.3);
#3652 = AXIS2_PLACEMENT_3D('',#3653,#3654,#3655);
#3653 = CARTESIAN_POINT('',(-56.,-36.,5.6));
#3654 = DIRECTION('',(-3.153195929581E-32,-6.123233995737E-17,1.));
#3655 = DIRECTION('',(0.,-1.,-6.123233995737E-17));
#3656 = PCURVE('',#128,#3657);
#3657 = DEFINITIONAL_REPRESENTATION('',(#3658),#3662);
#3658 = CIRCLE('',#3659,1.3);
#3659 = AXIS2_PLACEMENT_2D('',#3660,#3661);
#3660 = CARTESIAN_POINT('',(-56.,-36.));
#3661 = DIRECTION('',(-4.861730685829E-63,-1.));
#3662 = ( GEOMETRIC_REPRESENTATION_CONTEXT(2) 
PARAMETRIC_REPRESENTATION_CONTEXT() REPRESENTATION_CONTEXT('2D SPACE',''
  ) );
#3663 = PCURVE('',#3664,#3669);
#3664 = CYLINDRICAL_SURFACE('',#3665,1.3);
#3665 = AXIS2_PLACEMENT_3D('',#3666,#3667,#3668);
#3666 = CARTESIAN_POINT('',(-56.,-36.,172.94488758836));
#3667 = DIRECTION('',(3.153195929581E-32,6.123233995737E-17,-1.));
#3668 = DIRECTION('',(0.,1.,6.123233995737E-17));
#3669 = DEFINITIONAL_REPRESENTATION('',(#3670),#3674);
#3670 = LINE('',#3671,#3672);
#3671 = CARTESIAN_POINT('',(9.424777960769,167.34488758836));
#3672 = VECTOR('',#3673,1.);
#3673 = DIRECTION('',(-1.,0.));
#3674 = ( GEOMETRIC_REPRESENTATION_CONTEXT(2) 
PARAMETRIC_REPRESENTATION_CONTEXT() REPRESENTATION_CONTEXT('2D SPACE',''
  ) );
#3675 = FACE_BOUND('',#3676,.T.);
#3676 = EDGE_LOOP('',(#3677));
#3677 = ORIENTED_EDGE('',*,*,#3678,.F.);
#3678 = EDGE_CURVE('',#3679,#3679,#3681,.T.);
#3679 = VERTEX_POINT('',#3680);
#3680 = CARTESIAN_POINT('',(-56.,34.7,5.6));
#3681 = SURFACE_CURVE('',#3682,(#3687,#3694),.PCURVE_S1.);
#3682 = CIRCLE('',#3683,1.3);
#3683 = AXIS2_PLACEMENT_3D('',#3684,#3685,#3686);
#3684 = CARTESIAN_POINT('',(-56.,36.,5.6));
#3685 = DIRECTION('',(-3.153195929581E-32,-6.123233995737E-17,1.));
#3686 = DIRECTION('',(0.,-1.,-6.123233995737E-17));
#3687 = PCURVE('',#128,#3688);
#3688 = DEFINITIONAL_REPRESENTATION('',(#3689),#3693);
#3689 = CIRCLE('',#3690,1.3);
#3690 = AXIS2_PLACEMENT_2D('',#3691,#3692);
#3691 = CARTESIAN_POINT('',(-56.,36.));
#3692 = DIRECTION('',(-4.861730685829E-63,-1.));
#3693 = ( GEOMETRIC_REPRESENTATION_CONTEXT(2) 
PARAMETRIC_REPRESENTATION_CONTEXT() REPRESENTATION_CONTEXT('2D SPACE',''
  ) );
#3694 = PCURVE('',#3695,#3700);
#3695 = CYLINDRICAL_SURFACE('',#3696,1.3);
#3696 = AXIS2_PLACEMENT_3D('',#3697,#3698,#3699);
#3697 = CARTESIAN_POINT('',(-56.,36.,172.94488758836));
#3698 = DIRECTION('',(3.153195929581E-32,6.123233995737E-17,-1.));
#3699 = DIRECTION('',(0.,1.,6.123233995737E-17));
#3700 = DEFINITIONAL_REPRESENTATION('',(#3701),#3705);
#3701 = LINE('',#3702,#3703);
#3702 = CARTESIAN_POINT('',(9.424777960769,167.34488758836));
#3703 = VECTOR('',#3704,1.);
#3704 = DIRECTION('',(-1.,0.));
#3705 = ( GEOMETRIC_REPRESENTATION_CONTEXT(2) 
PARAMETRIC_REPRESENTATION_CONTEXT() REPRESENTATION_CONTEXT('2D SPACE',''
  ) );
#3706 = FACE_BOUND('',#3707,.T.);
#3707 = EDGE_LOOP('',(#3708));
#3708 = ORIENTED_EDGE('',*,*,#3709,.F.);
#3709 = EDGE_CURVE('',#3710,#3710,#3712,.T.);
#3710 = VERTEX_POINT('',#3711);
#3711 = CARTESIAN_POINT('',(56.,34.7,5.6));
#3712 = SURFACE_CURVE('',#3713,(#3718,#3725),.PCURVE_S1.);
#3713 = CIRCLE('',#3714,1.3);
#3714 = AXIS2_PLACEMENT_3D('',#3715,#3716,#3717);
#3715 = CARTESIAN_POINT('',(56.,36.,5.6));
#3716 = DIRECTION('',(-3.153195929581E-32,-6.123233995737E-17,1.));
#3717 = DIRECTION('',(0.,-1.,-6.123233995737E-17));
#3718 = PCURVE('',#128,#3719);
#3719 = DEFINITIONAL_REPRESENTATION('',(#3720),#3724);
#3720 = CIRCLE('',#3721,1.3);
#3721 = AXIS2_PLACEMENT_2D('',#3722,#3723);
#3722 = CARTESIAN_POINT('',(56.,36.));
#3723 = DIRECTION('',(-4.861730685829E-63,-1.));
#3724 = ( GEOMETRIC_REPRESENTATION_CONTEXT(2) 
PARAMETRIC_REPRESENTATION_CONTEXT() REPRESENTATION_CONTEXT('2D SPACE',''
  ) );
#3725 = PCURVE('',#3726,#3731);
#3726 = CYLINDRICAL_SURFACE('',#3727,1.3);
#3727 = AXIS2_PLACEMENT_3D('',#3728,#3729,#3730);
#3728 = CARTESIAN_POINT('',(56.,36.,172.94488758836));
#3729 = DIRECTION('',(3.153195929581E-32,6.123233995737E-17,-1.));
#3730 = DIRECTION('',(0.,1.,6.123233995737E-17));
#3731 = DEFINITIONAL_REPRESENTATION('',(#3732),#3736);
#3732 = LINE('',#3733,#3734);
#3733 = CARTESIAN_POINT('',(9.424777960769,167.34488758836));
#3734 = VECTOR('',#3735,1.);
#3735 = DIRECTION('',(-1.,0.));
#3736 = ( GEOMETRIC_REPRESENTATION_CONTEXT(2) 
PARAMETRIC_REPRESENTATION_CONTEXT() REPRESENTATION_CONTEXT('2D SPACE',''
  ) );
#3737 = FACE_BOUND('',#3738,.T.);
#3738 = EDGE_LOOP('',(#3739));
#3739 = ORIENTED_EDGE('',*,*,#3740,.F.);
#3740 = EDGE_CURVE('',#3741,#3741,#3743,.T.);
#3741 = VERTEX_POINT('',#3742);
#3742 = CARTESIAN_POINT('',(56.,-37.3,5.6));
#3743 = SURFACE_CURVE('',#3744,(#3749,#3756),.PCURVE_S1.);
#3744 = CIRCLE('',#3745,1.3);
#3745 = AXIS2_PLACEMENT_3D('',#3746,#3747,#3748);
#3746 = CARTESIAN_POINT('',(56.,-36.,5.6));
#3747 = DIRECTION('',(-3.153195929581E-32,-6.123233995737E-17,1.));
#3748 = DIRECTION('',(0.,-1.,-6.123233995737E-17));
#3749 = PCURVE('',#128,#3750);
#3750 = DEFINITIONAL_REPRESENTATION('',(#3751),#3755);
#3751 = CIRCLE('',#3752,1.3);
#3752 = AXIS2_PLACEMENT_2D('',#3753,#3754);
#3753 = CARTESIAN_POINT('',(56.,-36.));
#3754 = DIRECTION('',(-4.861730685829E-63,-1.));
#3755 = ( GEOMETRIC_REPRESENTATION_CONTEXT(2) 
PARAMETRIC_REPRESENTATION_CONTEXT() REPRESENTATION_CONTEXT('2D SPACE',''
  ) );
#3756 = PCURVE('',#3757,#3762);
#3757 = CYLINDRICAL_SURFACE('',#3758,1.3);
#3758 = AXIS2_PLACEMENT_3D('',#3759,#3760,#3761);
#3759 = CARTESIAN_POINT('',(56.,-36.,172.94488758836));
#3760 = DIRECTION('',(3.153195929581E-32,6.123233995737E-17,-1.));
#3761 = DIRECTION('',(0.,1.,6.123233995737E-17));
#3762 = DEFINITIONAL_REPRESENTATION('',(#3763),#3767);
#3763 = LINE('',#3764,#3765);
#3764 = CARTESIAN_POINT('',(9.424777960769,167.34488758836));
#3765 = VECTOR('',#3766,1.);
#3766 = DIRECTION('',(-1.,0.));
#3767 = ( GEOMETRIC_REPRESENTATION_CONTEXT(2) 
PARAMETRIC_REPRESENTATION_CONTEXT() REPRESENTATION_CONTEXT('2D SPACE',''
  ) );
#3768 = ADVANCED_FACE('',(#3769),#332,.F.);
#3769 = FACE_BOUND('',#3770,.T.);
#3770 = EDGE_LOOP('',(#3771,#3772,#3795,#3816));
#3771 = ORIENTED_EDGE('',*,*,#316,.T.);
#3772 = ORIENTED_EDGE('',*,*,#3773,.T.);
#3773 = EDGE_CURVE('',#289,#3774,#3776,.T.);
#3774 = VERTEX_POINT('',#3775);
#3775 = CARTESIAN_POINT('',(56.,-32.,4.));
#3776 = SURFACE_CURVE('',#3777,(#3781,#3788),.PCURVE_S1.);
#3777 = LINE('',#3778,#3779);
#3778 = CARTESIAN_POINT('',(57.7,-32.,4.));
#3779 = VECTOR('',#3780,1.);
#3780 = DIRECTION('',(-1.,1.930775651123E-48,-3.153195929581E-32));
#3781 = PCURVE('',#332,#3782);
#3782 = DEFINITIONAL_REPRESENTATION('',(#3783),#3787);
#3783 = LINE('',#3784,#3785);
#3784 = CARTESIAN_POINT('',(1.602,-4.156819900657E-80));
#3785 = VECTOR('',#3786,1.);
#3786 = DIRECTION('',(3.153195929581E-32,-1.));
#3787 = ( GEOMETRIC_REPRESENTATION_CONTEXT(2) 
PARAMETRIC_REPRESENTATION_CONTEXT() REPRESENTATION_CONTEXT('2D SPACE',''
  ) );
#3788 = PCURVE('',#304,#3789);
#3789 = DEFINITIONAL_REPRESENTATION('',(#3790),#3794);
#3790 = LINE('',#3791,#3792);
#3791 = CARTESIAN_POINT('',(57.724823390349,-32.));
#3792 = VECTOR('',#3793,1.);
#3793 = DIRECTION('',(-1.,0.));
#3794 = ( GEOMETRIC_REPRESENTATION_CONTEXT(2) 
PARAMETRIC_REPRESENTATION_CONTEXT() REPRESENTATION_CONTEXT('2D SPACE',''
  ) );
#3795 = ORIENTED_EDGE('',*,*,#3796,.F.);
#3796 = EDGE_CURVE('',#3283,#3774,#3797,.T.);
#3797 = SURFACE_CURVE('',#3798,(#3802,#3809),.PCURVE_S1.);
#3798 = LINE('',#3799,#3800);
#3799 = CARTESIAN_POINT('',(56.,-32.,5.602));
#3800 = VECTOR('',#3801,1.);
#3801 = DIRECTION('',(3.153195929581E-32,6.123233995737E-17,-1.));
#3802 = PCURVE('',#332,#3803);
#3803 = DEFINITIONAL_REPRESENTATION('',(#3804),#3808);
#3804 = LINE('',#3805,#3806);
#3805 = CARTESIAN_POINT('',(0.,-1.7));
#3806 = VECTOR('',#3807,1.);
#3807 = DIRECTION('',(1.,3.153195929581E-32));
#3808 = ( GEOMETRIC_REPRESENTATION_CONTEXT(2) 
PARAMETRIC_REPRESENTATION_CONTEXT() REPRESENTATION_CONTEXT('2D SPACE',''
  ) );
#3809 = PCURVE('',#3322,#3810);
#3810 = DEFINITIONAL_REPRESENTATION('',(#3811),#3815);
#3811 = LINE('',#3812,#3813);
#3812 = CARTESIAN_POINT('',(6.28318530718,0.));
#3813 = VECTOR('',#3814,1.);
#3814 = DIRECTION('',(0.,1.));
#3815 = ( GEOMETRIC_REPRESENTATION_CONTEXT(2) 
PARAMETRIC_REPRESENTATION_CONTEXT() REPRESENTATION_CONTEXT('2D SPACE',''
  ) );
#3816 = ORIENTED_EDGE('',*,*,#3282,.F.);
#3817 = ADVANCED_FACE('',(#3818),#1318,.T.);
#3818 = FACE_BOUND('',#3819,.T.);
#3819 = EDGE_LOOP('',(#3820,#3843,#3844,#3845));
#3820 = ORIENTED_EDGE('',*,*,#3821,.F.);
#3821 = EDGE_CURVE('',#1303,#3822,#3824,.T.);
#3822 = VERTEX_POINT('',#3823);
#3823 = CARTESIAN_POINT('',(52.,-36.,4.));
#3824 = SURFACE_CURVE('',#3825,(#3829,#3836),.PCURVE_S1.);
#3825 = LINE('',#3826,#3827);
#3826 = CARTESIAN_POINT('',(52.,-37.7,4.));
#3827 = VECTOR('',#3828,1.);
#3828 = DIRECTION('',(1.823149007186E-63,1.,6.123233995737E-17));
#3829 = PCURVE('',#1318,#3830);
#3830 = DEFINITIONAL_REPRESENTATION('',(#3831),#3835);
#3831 = LINE('',#3832,#3833);
#3832 = CARTESIAN_POINT('',(-1.602,-9.753158506337E-80));
#3833 = VECTOR('',#3834,1.);
#3834 = DIRECTION('',(6.123233995737E-17,1.));
#3835 = ( GEOMETRIC_REPRESENTATION_CONTEXT(2) 
PARAMETRIC_REPRESENTATION_CONTEXT() REPRESENTATION_CONTEXT('2D SPACE',''
  ) );
#3836 = PCURVE('',#304,#3837);
#3837 = DEFINITIONAL_REPRESENTATION('',(#3838),#3842);
#3838 = LINE('',#3839,#3840);
#3839 = CARTESIAN_POINT('',(52.024823390349,-37.7));
#3840 = VECTOR('',#3841,1.);
#3841 = DIRECTION('',(6.684879693015E-63,1.));
#3842 = ( GEOMETRIC_REPRESENTATION_CONTEXT(2) 
PARAMETRIC_REPRESENTATION_CONTEXT() REPRESENTATION_CONTEXT('2D SPACE',''
  ) );
#3843 = ORIENTED_EDGE('',*,*,#1302,.F.);
#3844 = ORIENTED_EDGE('',*,*,#3334,.T.);
#3845 = ORIENTED_EDGE('',*,*,#3846,.T.);
#3846 = EDGE_CURVE('',#3306,#3822,#3847,.T.);
#3847 = SURFACE_CURVE('',#3848,(#3852,#3859),.PCURVE_S1.);
#3848 = LINE('',#3849,#3850);
#3849 = CARTESIAN_POINT('',(52.,-36.,5.602));
#3850 = VECTOR('',#3851,1.);
#3851 = DIRECTION('',(3.153195929581E-32,6.123233995737E-17,-1.));
#3852 = PCURVE('',#1318,#3853);
#3853 = DEFINITIONAL_REPRESENTATION('',(#3854),#3858);
#3854 = LINE('',#3855,#3856);
#3855 = CARTESIAN_POINT('',(0.,1.7));
#3856 = VECTOR('',#3857,1.);
#3857 = DIRECTION('',(-1.,6.123233995737E-17));
#3858 = ( GEOMETRIC_REPRESENTATION_CONTEXT(2) 
PARAMETRIC_REPRESENTATION_CONTEXT() REPRESENTATION_CONTEXT('2D SPACE',''
  ) );
#3859 = PCURVE('',#3322,#3860);
#3860 = DEFINITIONAL_REPRESENTATION('',(#3861),#3865);
#3861 = LINE('',#3862,#3863);
#3862 = CARTESIAN_POINT('',(4.712388980385,0.));
#3863 = VECTOR('',#3864,1.);
#3864 = DIRECTION('',(0.,1.));
#3865 = ( GEOMETRIC_REPRESENTATION_CONTEXT(2) 
PARAMETRIC_REPRESENTATION_CONTEXT() REPRESENTATION_CONTEXT('2D SPACE',''
  ) );
#3866 = ADVANCED_FACE('',(#3867),#3322,.T.);
#3867 = FACE_BOUND('',#3868,.T.);
#3868 = EDGE_LOOP('',(#3869,#3870,#3892,#3893));
#3869 = ORIENTED_EDGE('',*,*,#3796,.T.);
#3870 = ORIENTED_EDGE('',*,*,#3871,.T.);
#3871 = EDGE_CURVE('',#3774,#3822,#3872,.T.);
#3872 = SURFACE_CURVE('',#3873,(#3878,#3885),.PCURVE_S1.);
#3873 = CIRCLE('',#3874,4.);
#3874 = AXIS2_PLACEMENT_3D('',#3875,#3876,#3877);
#3875 = CARTESIAN_POINT('',(56.,-36.,4.));
#3876 = DIRECTION('',(-3.153195929581E-32,-6.123233995737E-17,1.));
#3877 = DIRECTION('',(0.,-1.,-6.123233995737E-17));
#3878 = PCURVE('',#3322,#3879);
#3879 = DEFINITIONAL_REPRESENTATION('',(#3880),#3884);
#3880 = LINE('',#3881,#3882);
#3881 = CARTESIAN_POINT('',(9.424777960769,1.602));
#3882 = VECTOR('',#3883,1.);
#3883 = DIRECTION('',(-1.,0.));
#3884 = ( GEOMETRIC_REPRESENTATION_CONTEXT(2) 
PARAMETRIC_REPRESENTATION_CONTEXT() REPRESENTATION_CONTEXT('2D SPACE',''
  ) );
#3885 = PCURVE('',#304,#3886);
#3886 = DEFINITIONAL_REPRESENTATION('',(#3887),#3891);
#3887 = CIRCLE('',#3888,4.);
#3888 = AXIS2_PLACEMENT_2D('',#3889,#3890);
#3889 = CARTESIAN_POINT('',(56.024823390349,-36.));
#3890 = DIRECTION('',(-4.861730685829E-63,-1.));
#3891 = ( GEOMETRIC_REPRESENTATION_CONTEXT(2) 
PARAMETRIC_REPRESENTATION_CONTEXT() REPRESENTATION_CONTEXT('2D SPACE',''
  ) );
#3892 = ORIENTED_EDGE('',*,*,#3846,.F.);
#3893 = ORIENTED_EDGE('',*,*,#3305,.F.);
#3894 = ADVANCED_FACE('',(#3895),#1267,.F.);
#3895 = FACE_BOUND('',#3896,.T.);
#3896 = EDGE_LOOP('',(#3897,#3898,#3921,#3942));
#3897 = ORIENTED_EDGE('',*,*,#1251,.T.);
#3898 = ORIENTED_EDGE('',*,*,#3899,.T.);
#3899 = EDGE_CURVE('',#1229,#3900,#3902,.T.);
#3900 = VERTEX_POINT('',#3901);
#3901 = CARTESIAN_POINT('',(-52.,-36.,4.));
#3902 = SURFACE_CURVE('',#3903,(#3907,#3914),.PCURVE_S1.);
#3903 = LINE('',#3904,#3905);
#3904 = CARTESIAN_POINT('',(-52.,-37.7,4.));
#3905 = VECTOR('',#3906,1.);
#3906 = DIRECTION('',(1.823149007186E-63,1.,6.123233995737E-17));
#3907 = PCURVE('',#1267,#3908);
#3908 = DEFINITIONAL_REPRESENTATION('',(#3909),#3913);
#3909 = LINE('',#3910,#3911);
#3910 = CARTESIAN_POINT('',(-1.602,-9.753158506337E-80));
#3911 = VECTOR('',#3912,1.);
#3912 = DIRECTION('',(6.123233995737E-17,1.));
#3913 = ( GEOMETRIC_REPRESENTATION_CONTEXT(2) 
PARAMETRIC_REPRESENTATION_CONTEXT() REPRESENTATION_CONTEXT('2D SPACE',''
  ) );
#3914 = PCURVE('',#1127,#3915);
#3915 = DEFINITIONAL_REPRESENTATION('',(#3916),#3920);
#3916 = LINE('',#3917,#3918);
#3917 = CARTESIAN_POINT('',(-51.97517660965,-37.7));
#3918 = VECTOR('',#3919,1.);
#3919 = DIRECTION('',(6.684879693015E-63,1.));
#3920 = ( GEOMETRIC_REPRESENTATION_CONTEXT(2) 
PARAMETRIC_REPRESENTATION_CONTEXT() REPRESENTATION_CONTEXT('2D SPACE',''
  ) );
#3921 = ORIENTED_EDGE('',*,*,#3922,.F.);
#3922 = EDGE_CURVE('',#3357,#3900,#3923,.T.);
#3923 = SURFACE_CURVE('',#3924,(#3928,#3935),.PCURVE_S1.);
#3924 = LINE('',#3925,#3926);
#3925 = CARTESIAN_POINT('',(-52.,-36.,5.602));
#3926 = VECTOR('',#3927,1.);
#3927 = DIRECTION('',(3.153195929581E-32,6.123233995737E-17,-1.));
#3928 = PCURVE('',#1267,#3929);
#3929 = DEFINITIONAL_REPRESENTATION('',(#3930),#3934);
#3930 = LINE('',#3931,#3932);
#3931 = CARTESIAN_POINT('',(0.,1.7));
#3932 = VECTOR('',#3933,1.);
#3933 = DIRECTION('',(-1.,6.123233995737E-17));
#3934 = ( GEOMETRIC_REPRESENTATION_CONTEXT(2) 
PARAMETRIC_REPRESENTATION_CONTEXT() REPRESENTATION_CONTEXT('2D SPACE',''
  ) );
#3935 = PCURVE('',#3396,#3936);
#3936 = DEFINITIONAL_REPRESENTATION('',(#3937),#3941);
#3937 = LINE('',#3938,#3939);
#3938 = CARTESIAN_POINT('',(1.570796326795,0.));
#3939 = VECTOR('',#3940,1.);
#3940 = DIRECTION('',(0.,1.));
#3941 = ( GEOMETRIC_REPRESENTATION_CONTEXT(2) 
PARAMETRIC_REPRESENTATION_CONTEXT() REPRESENTATION_CONTEXT('2D SPACE',''
  ) );
#3942 = ORIENTED_EDGE('',*,*,#3356,.F.);
#3943 = ADVANCED_FACE('',(#3944),#1101,.T.);
#3944 = FACE_BOUND('',#3945,.T.);
#3945 = EDGE_LOOP('',(#3946,#3969,#3970,#3971));
#3946 = ORIENTED_EDGE('',*,*,#3947,.F.);
#3947 = EDGE_CURVE('',#1086,#3948,#3950,.T.);
#3948 = VERTEX_POINT('',#3949);
#3949 = CARTESIAN_POINT('',(-56.,-32.,4.));
#3950 = SURFACE_CURVE('',#3951,(#3955,#3962),.PCURVE_S1.);
#3951 = LINE('',#3952,#3953);
#3952 = CARTESIAN_POINT('',(-57.7,-32.,4.));
#3953 = VECTOR('',#3954,1.);
#3954 = DIRECTION('',(1.,-1.930775651123E-48,3.153195929581E-32));
#3955 = PCURVE('',#1101,#3956);
#3956 = DEFINITIONAL_REPRESENTATION('',(#3957),#3961);
#3957 = LINE('',#3958,#3959);
#3958 = CARTESIAN_POINT('',(-1.602,-4.156819900657E-80));
#3959 = VECTOR('',#3960,1.);
#3960 = DIRECTION('',(3.153195929581E-32,1.));
#3961 = ( GEOMETRIC_REPRESENTATION_CONTEXT(2) 
PARAMETRIC_REPRESENTATION_CONTEXT() REPRESENTATION_CONTEXT('2D SPACE',''
  ) );
#3962 = PCURVE('',#1127,#3963);
#3963 = DEFINITIONAL_REPRESENTATION('',(#3964),#3968);
#3964 = LINE('',#3965,#3966);
#3965 = CARTESIAN_POINT('',(-57.67517660965,-32.));
#3966 = VECTOR('',#3967,1.);
#3967 = DIRECTION('',(1.,0.));
#3968 = ( GEOMETRIC_REPRESENTATION_CONTEXT(2) 
PARAMETRIC_REPRESENTATION_CONTEXT() REPRESENTATION_CONTEXT('2D SPACE',''
  ) );
#3969 = ORIENTED_EDGE('',*,*,#1085,.T.);
#3970 = ORIENTED_EDGE('',*,*,#3408,.T.);
#3971 = ORIENTED_EDGE('',*,*,#3972,.T.);
#3972 = EDGE_CURVE('',#3380,#3948,#3973,.T.);
#3973 = SURFACE_CURVE('',#3974,(#3978,#3985),.PCURVE_S1.);
#3974 = LINE('',#3975,#3976);
#3975 = CARTESIAN_POINT('',(-56.,-32.,5.602));
#3976 = VECTOR('',#3977,1.);
#3977 = DIRECTION('',(3.153195929581E-32,6.123233995737E-17,-1.));
#3978 = PCURVE('',#1101,#3979);
#3979 = DEFINITIONAL_REPRESENTATION('',(#3980),#3984);
#3980 = LINE('',#3981,#3982);
#3981 = CARTESIAN_POINT('',(0.,1.7));
#3982 = VECTOR('',#3983,1.);
#3983 = DIRECTION('',(-1.,3.153195929581E-32));
#3984 = ( GEOMETRIC_REPRESENTATION_CONTEXT(2) 
PARAMETRIC_REPRESENTATION_CONTEXT() REPRESENTATION_CONTEXT('2D SPACE',''
  ) );
#3985 = PCURVE('',#3396,#3986);
#3986 = DEFINITIONAL_REPRESENTATION('',(#3987),#3991);
#3987 = LINE('',#3988,#3989);
#3988 = CARTESIAN_POINT('',(0.,0.));
#3989 = VECTOR('',#3990,1.);
#3990 = DIRECTION('',(0.,1.));
#3991 = ( GEOMETRIC_REPRESENTATION_CONTEXT(2) 
PARAMETRIC_REPRESENTATION_CONTEXT() REPRESENTATION_CONTEXT('2D SPACE',''
  ) );
#3992 = ADVANCED_FACE('',(#3993),#3396,.T.);
#3993 = FACE_BOUND('',#3994,.T.);
#3994 = EDGE_LOOP('',(#3995,#4017,#4018,#4019));
#3995 = ORIENTED_EDGE('',*,*,#3996,.T.);
#3996 = EDGE_CURVE('',#3900,#3948,#3997,.T.);
#3997 = SURFACE_CURVE('',#3998,(#4003,#4010),.PCURVE_S1.);
#3998 = CIRCLE('',#3999,4.);
#3999 = AXIS2_PLACEMENT_3D('',#4000,#4001,#4002);
#4000 = CARTESIAN_POINT('',(-56.,-36.,4.));
#4001 = DIRECTION('',(-3.153195929581E-32,-6.123233995737E-17,1.));
#4002 = DIRECTION('',(0.,-1.,-6.123233995737E-17));
#4003 = PCURVE('',#3396,#4004);
#4004 = DEFINITIONAL_REPRESENTATION('',(#4005),#4009);
#4005 = LINE('',#4006,#4007);
#4006 = CARTESIAN_POINT('',(3.14159265359,1.602));
#4007 = VECTOR('',#4008,1.);
#4008 = DIRECTION('',(-1.,0.));
#4009 = ( GEOMETRIC_REPRESENTATION_CONTEXT(2) 
PARAMETRIC_REPRESENTATION_CONTEXT() REPRESENTATION_CONTEXT('2D SPACE',''
  ) );
#4010 = PCURVE('',#1127,#4011);
#4011 = DEFINITIONAL_REPRESENTATION('',(#4012),#4016);
#4012 = CIRCLE('',#4013,4.);
#4013 = AXIS2_PLACEMENT_2D('',#4014,#4015);
#4014 = CARTESIAN_POINT('',(-55.97517660965,-36.));
#4015 = DIRECTION('',(-4.861730685829E-63,-1.));
#4016 = ( GEOMETRIC_REPRESENTATION_CONTEXT(2) 
PARAMETRIC_REPRESENTATION_CONTEXT() REPRESENTATION_CONTEXT('2D SPACE',''
  ) );
#4017 = ORIENTED_EDGE('',*,*,#3972,.F.);
#4018 = ORIENTED_EDGE('',*,*,#3379,.F.);
#4019 = ORIENTED_EDGE('',*,*,#3922,.T.);
#4020 = ADVANCED_FACE('',(#4021),#156,.T.);
#4021 = FACE_BOUND('',#4022,.T.);
#4022 = EDGE_LOOP('',(#4023,#4046,#4047,#4048));
#4023 = ORIENTED_EDGE('',*,*,#4024,.F.);
#4024 = EDGE_CURVE('',#141,#4025,#4027,.T.);
#4025 = VERTEX_POINT('',#4026);
#4026 = CARTESIAN_POINT('',(56.,32.,4.));
#4027 = SURFACE_CURVE('',#4028,(#4032,#4039),.PCURVE_S1.);
#4028 = LINE('',#4029,#4030);
#4029 = CARTESIAN_POINT('',(57.7,32.,4.));
#4030 = VECTOR('',#4031,1.);
#4031 = DIRECTION('',(-1.,1.930775651123E-48,-3.153195929581E-32));
#4032 = PCURVE('',#156,#4033);
#4033 = DEFINITIONAL_REPRESENTATION('',(#4034),#4038);
#4034 = LINE('',#4035,#4036);
#4035 = CARTESIAN_POINT('',(1.602,-4.156819900657E-80));
#4036 = VECTOR('',#4037,1.);
#4037 = DIRECTION('',(3.153195929581E-32,-1.));
#4038 = ( GEOMETRIC_REPRESENTATION_CONTEXT(2) 
PARAMETRIC_REPRESENTATION_CONTEXT() REPRESENTATION_CONTEXT('2D SPACE',''
  ) );
#4039 = PCURVE('',#182,#4040);
#4040 = DEFINITIONAL_REPRESENTATION('',(#4041),#4045);
#4041 = LINE('',#4042,#4043);
#4042 = CARTESIAN_POINT('',(57.724823390349,32.));
#4043 = VECTOR('',#4044,1.);
#4044 = DIRECTION('',(-1.,0.));
#4045 = ( GEOMETRIC_REPRESENTATION_CONTEXT(2) 
PARAMETRIC_REPRESENTATION_CONTEXT() REPRESENTATION_CONTEXT('2D SPACE',''
  ) );
#4046 = ORIENTED_EDGE('',*,*,#140,.F.);
#4047 = ORIENTED_EDGE('',*,*,#3556,.T.);
#4048 = ORIENTED_EDGE('',*,*,#4049,.T.);
#4049 = EDGE_CURVE('',#3528,#4025,#4050,.T.);
#4050 = SURFACE_CURVE('',#4051,(#4055,#4062),.PCURVE_S1.);
#4051 = LINE('',#4052,#4053);
#4052 = CARTESIAN_POINT('',(56.,32.,5.602));
#4053 = VECTOR('',#4054,1.);
#4054 = DIRECTION('',(3.153195929581E-32,6.123233995737E-17,-1.));
#4055 = PCURVE('',#156,#4056);
#4056 = DEFINITIONAL_REPRESENTATION('',(#4057),#4061);
#4057 = LINE('',#4058,#4059);
#4058 = CARTESIAN_POINT('',(0.,-1.7));
#4059 = VECTOR('',#4060,1.);
#4060 = DIRECTION('',(1.,3.153195929581E-32));
#4061 = ( GEOMETRIC_REPRESENTATION_CONTEXT(2) 
PARAMETRIC_REPRESENTATION_CONTEXT() REPRESENTATION_CONTEXT('2D SPACE',''
  ) );
#4062 = PCURVE('',#3544,#4063);
#4063 = DEFINITIONAL_REPRESENTATION('',(#4064),#4068);
#4064 = LINE('',#4065,#4066);
#4065 = CARTESIAN_POINT('',(3.14159265359,0.));
#4066 = VECTOR('',#4067,1.);
#4067 = DIRECTION('',(0.,1.));
#4068 = ( GEOMETRIC_REPRESENTATION_CONTEXT(2) 
PARAMETRIC_REPRESENTATION_CONTEXT() REPRESENTATION_CONTEXT('2D SPACE',''
  ) );
#4069 = ADVANCED_FACE('',(#4070),#3544,.T.);
#4070 = FACE_BOUND('',#4071,.T.);
#4071 = EDGE_LOOP('',(#4072,#4096,#4097,#4098));
#4072 = ORIENTED_EDGE('',*,*,#4073,.T.);
#4073 = EDGE_CURVE('',#4074,#4025,#4076,.T.);
#4074 = VERTEX_POINT('',#4075);
#4075 = CARTESIAN_POINT('',(52.,36.,4.));
#4076 = SURFACE_CURVE('',#4077,(#4082,#4089),.PCURVE_S1.);
#4077 = CIRCLE('',#4078,4.);
#4078 = AXIS2_PLACEMENT_3D('',#4079,#4080,#4081);
#4079 = CARTESIAN_POINT('',(56.,36.,4.));
#4080 = DIRECTION('',(-3.153195929581E-32,-6.123233995737E-17,1.));
#4081 = DIRECTION('',(0.,-1.,-6.123233995737E-17));
#4082 = PCURVE('',#3544,#4083);
#4083 = DEFINITIONAL_REPRESENTATION('',(#4084),#4088);
#4084 = LINE('',#4085,#4086);
#4085 = CARTESIAN_POINT('',(9.424777960769,1.602));
#4086 = VECTOR('',#4087,1.);
#4087 = DIRECTION('',(-1.,0.));
#4088 = ( GEOMETRIC_REPRESENTATION_CONTEXT(2) 
PARAMETRIC_REPRESENTATION_CONTEXT() REPRESENTATION_CONTEXT('2D SPACE',''
  ) );
#4089 = PCURVE('',#182,#4090);
#4090 = DEFINITIONAL_REPRESENTATION('',(#4091),#4095);
#4091 = CIRCLE('',#4092,4.);
#4092 = AXIS2_PLACEMENT_2D('',#4093,#4094);
#4093 = CARTESIAN_POINT('',(56.024823390349,36.));
#4094 = DIRECTION('',(-4.861730685829E-63,-1.));
#4095 = ( GEOMETRIC_REPRESENTATION_CONTEXT(2) 
PARAMETRIC_REPRESENTATION_CONTEXT() REPRESENTATION_CONTEXT('2D SPACE',''
  ) );
#4096 = ORIENTED_EDGE('',*,*,#4049,.F.);
#4097 = ORIENTED_EDGE('',*,*,#3527,.F.);
#4098 = ORIENTED_EDGE('',*,*,#4099,.T.);
#4099 = EDGE_CURVE('',#3505,#4074,#4100,.T.);
#4100 = SURFACE_CURVE('',#4101,(#4105,#4112),.PCURVE_S1.);
#4101 = LINE('',#4102,#4103);
#4102 = CARTESIAN_POINT('',(52.,36.,5.602));
#4103 = VECTOR('',#4104,1.);
#4104 = DIRECTION('',(3.153195929581E-32,6.123233995737E-17,-1.));
#4105 = PCURVE('',#3544,#4106);
#4106 = DEFINITIONAL_REPRESENTATION('',(#4107),#4111);
#4107 = LINE('',#4108,#4109);
#4108 = CARTESIAN_POINT('',(4.712388980385,0.));
#4109 = VECTOR('',#4110,1.);
#4110 = DIRECTION('',(0.,1.));
#4111 = ( GEOMETRIC_REPRESENTATION_CONTEXT(2) 
PARAMETRIC_REPRESENTATION_CONTEXT() REPRESENTATION_CONTEXT('2D SPACE',''
  ) );
#4112 = PCURVE('',#2378,#4113);
#4113 = DEFINITIONAL_REPRESENTATION('',(#4114),#4118);
#4114 = LINE('',#4115,#4116);
#4115 = CARTESIAN_POINT('',(0.,-1.7));
#4116 = VECTOR('',#4117,1.);
#4117 = DIRECTION('',(1.,6.123233995737E-17));
#4118 = ( GEOMETRIC_REPRESENTATION_CONTEXT(2) 
PARAMETRIC_REPRESENTATION_CONTEXT() REPRESENTATION_CONTEXT('2D SPACE',''
  ) );
#4119 = ADVANCED_FACE('',(#4120),#2378,.F.);
#4120 = FACE_BOUND('',#4121,.T.);
#4121 = EDGE_LOOP('',(#4122,#4123,#4144,#4145));
#4122 = ORIENTED_EDGE('',*,*,#2362,.F.);
#4123 = ORIENTED_EDGE('',*,*,#4124,.T.);
#4124 = EDGE_CURVE('',#2340,#4074,#4125,.T.);
#4125 = SURFACE_CURVE('',#4126,(#4130,#4137),.PCURVE_S1.);
#4126 = LINE('',#4127,#4128);
#4127 = CARTESIAN_POINT('',(52.,37.7,4.));
#4128 = VECTOR('',#4129,1.);
#4129 = DIRECTION('',(-1.823149007186E-63,-1.,-6.123233995737E-17));
#4130 = PCURVE('',#2378,#4131);
#4131 = DEFINITIONAL_REPRESENTATION('',(#4132),#4136);
#4132 = LINE('',#4133,#4134);
#4133 = CARTESIAN_POINT('',(1.602,-9.753158506337E-80));
#4134 = VECTOR('',#4135,1.);
#4135 = DIRECTION('',(6.123233995737E-17,-1.));
#4136 = ( GEOMETRIC_REPRESENTATION_CONTEXT(2) 
PARAMETRIC_REPRESENTATION_CONTEXT() REPRESENTATION_CONTEXT('2D SPACE',''
  ) );
#4137 = PCURVE('',#182,#4138);
#4138 = DEFINITIONAL_REPRESENTATION('',(#4139),#4143);
#4139 = LINE('',#4140,#4141);
#4140 = CARTESIAN_POINT('',(52.024823390349,37.7));
#4141 = VECTOR('',#4142,1.);
#4142 = DIRECTION('',(-6.684879693015E-63,-1.));
#4143 = ( GEOMETRIC_REPRESENTATION_CONTEXT(2) 
PARAMETRIC_REPRESENTATION_CONTEXT() REPRESENTATION_CONTEXT('2D SPACE',''
  ) );
#4144 = ORIENTED_EDGE('',*,*,#4099,.F.);
#4145 = ORIENTED_EDGE('',*,*,#3504,.F.);
#4146 = ADVANCED_FACE('',(#4147),#3470,.T.);
#4147 = FACE_BOUND('',#4148,.T.);
#4148 = EDGE_LOOP('',(#4149,#4172,#4196,#4217));
#4149 = ORIENTED_EDGE('',*,*,#4150,.T.);
#4150 = EDGE_CURVE('',#3431,#4151,#4153,.T.);
#4151 = VERTEX_POINT('',#4152);
#4152 = CARTESIAN_POINT('',(-56.,32.,4.));
#4153 = SURFACE_CURVE('',#4154,(#4158,#4165),.PCURVE_S1.);
#4154 = LINE('',#4155,#4156);
#4155 = CARTESIAN_POINT('',(-56.,32.,5.602));
#4156 = VECTOR('',#4157,1.);
#4157 = DIRECTION('',(3.153195929581E-32,6.123233995737E-17,-1.));
#4158 = PCURVE('',#3470,#4159);
#4159 = DEFINITIONAL_REPRESENTATION('',(#4160),#4164);
#4160 = LINE('',#4161,#4162);
#4161 = CARTESIAN_POINT('',(3.14159265359,0.));
#4162 = VECTOR('',#4163,1.);
#4163 = DIRECTION('',(0.,1.));
#4164 = ( GEOMETRIC_REPRESENTATION_CONTEXT(2) 
PARAMETRIC_REPRESENTATION_CONTEXT() REPRESENTATION_CONTEXT('2D SPACE',''
  ) );
#4165 = PCURVE('',#1050,#4166);
#4166 = DEFINITIONAL_REPRESENTATION('',(#4167),#4171);
#4167 = LINE('',#4168,#4169);
#4168 = CARTESIAN_POINT('',(0.,1.7));
#4169 = VECTOR('',#4170,1.);
#4170 = DIRECTION('',(-1.,3.153195929581E-32));
#4171 = ( GEOMETRIC_REPRESENTATION_CONTEXT(2) 
PARAMETRIC_REPRESENTATION_CONTEXT() REPRESENTATION_CONTEXT('2D SPACE',''
  ) );
#4172 = ORIENTED_EDGE('',*,*,#4173,.T.);
#4173 = EDGE_CURVE('',#4151,#4174,#4176,.T.);
#4174 = VERTEX_POINT('',#4175);
#4175 = CARTESIAN_POINT('',(-52.,36.,4.));
#4176 = SURFACE_CURVE('',#4177,(#4182,#4189),.PCURVE_S1.);
#4177 = CIRCLE('',#4178,4.);
#4178 = AXIS2_PLACEMENT_3D('',#4179,#4180,#4181);
#4179 = CARTESIAN_POINT('',(-56.,36.,4.));
#4180 = DIRECTION('',(-3.153195929581E-32,-6.123233995737E-17,1.));
#4181 = DIRECTION('',(0.,-1.,-6.123233995737E-17));
#4182 = PCURVE('',#3470,#4183);
#4183 = DEFINITIONAL_REPRESENTATION('',(#4184),#4188);
#4184 = LINE('',#4185,#4186);
#4185 = CARTESIAN_POINT('',(3.14159265359,1.602));
#4186 = VECTOR('',#4187,1.);
#4187 = DIRECTION('',(-1.,0.));
#4188 = ( GEOMETRIC_REPRESENTATION_CONTEXT(2) 
PARAMETRIC_REPRESENTATION_CONTEXT() REPRESENTATION_CONTEXT('2D SPACE',''
  ) );
#4189 = PCURVE('',#1022,#4190);
#4190 = DEFINITIONAL_REPRESENTATION('',(#4191),#4195);
#4191 = CIRCLE('',#4192,4.);
#4192 = AXIS2_PLACEMENT_2D('',#4193,#4194);
#4193 = CARTESIAN_POINT('',(-55.97517660965,36.));
#4194 = DIRECTION('',(-4.861730685829E-63,-1.));
#4195 = ( GEOMETRIC_REPRESENTATION_CONTEXT(2) 
PARAMETRIC_REPRESENTATION_CONTEXT() REPRESENTATION_CONTEXT('2D SPACE',''
  ) );
#4196 = ORIENTED_EDGE('',*,*,#4197,.F.);
#4197 = EDGE_CURVE('',#3454,#4174,#4198,.T.);
#4198 = SURFACE_CURVE('',#4199,(#4203,#4210),.PCURVE_S1.);
#4199 = LINE('',#4200,#4201);
#4200 = CARTESIAN_POINT('',(-52.,36.,5.602));
#4201 = VECTOR('',#4202,1.);
#4202 = DIRECTION('',(3.153195929581E-32,6.123233995737E-17,-1.));
#4203 = PCURVE('',#3470,#4204);
#4204 = DEFINITIONAL_REPRESENTATION('',(#4205),#4209);
#4205 = LINE('',#4206,#4207);
#4206 = CARTESIAN_POINT('',(1.570796326795,0.));
#4207 = VECTOR('',#4208,1.);
#4208 = DIRECTION('',(0.,1.));
#4209 = ( GEOMETRIC_REPRESENTATION_CONTEXT(2) 
PARAMETRIC_REPRESENTATION_CONTEXT() REPRESENTATION_CONTEXT('2D SPACE',''
  ) );
#4210 = PCURVE('',#2429,#4211);
#4211 = DEFINITIONAL_REPRESENTATION('',(#4212),#4216);
#4212 = LINE('',#4213,#4214);
#4213 = CARTESIAN_POINT('',(0.,-1.7));
#4214 = VECTOR('',#4215,1.);
#4215 = DIRECTION('',(1.,6.123233995737E-17));
#4216 = ( GEOMETRIC_REPRESENTATION_CONTEXT(2) 
PARAMETRIC_REPRESENTATION_CONTEXT() REPRESENTATION_CONTEXT('2D SPACE',''
  ) );
#4217 = ORIENTED_EDGE('',*,*,#3453,.F.);
#4218 = ADVANCED_FACE('',(#4219),#2429,.T.);
#4219 = FACE_BOUND('',#4220,.T.);
#4220 = EDGE_LOOP('',(#4221,#4242,#4243,#4244));
#4221 = ORIENTED_EDGE('',*,*,#4222,.F.);
#4222 = EDGE_CURVE('',#2414,#4174,#4223,.T.);
#4223 = SURFACE_CURVE('',#4224,(#4228,#4235),.PCURVE_S1.);
#4224 = LINE('',#4225,#4226);
#4225 = CARTESIAN_POINT('',(-52.,37.7,4.));
#4226 = VECTOR('',#4227,1.);
#4227 = DIRECTION('',(-1.823149007186E-63,-1.,-6.123233995737E-17));
#4228 = PCURVE('',#2429,#4229);
#4229 = DEFINITIONAL_REPRESENTATION('',(#4230),#4234);
#4230 = LINE('',#4231,#4232);
#4231 = CARTESIAN_POINT('',(1.602,-9.753158506337E-80));
#4232 = VECTOR('',#4233,1.);
#4233 = DIRECTION('',(6.123233995737E-17,-1.));
#4234 = ( GEOMETRIC_REPRESENTATION_CONTEXT(2) 
PARAMETRIC_REPRESENTATION_CONTEXT() REPRESENTATION_CONTEXT('2D SPACE',''
  ) );
#4235 = PCURVE('',#1022,#4236);
#4236 = DEFINITIONAL_REPRESENTATION('',(#4237),#4241);
#4237 = LINE('',#4238,#4239);
#4238 = CARTESIAN_POINT('',(-51.97517660965,37.7));
#4239 = VECTOR('',#4240,1.);
#4240 = DIRECTION('',(-6.684879693015E-63,-1.));
#4241 = ( GEOMETRIC_REPRESENTATION_CONTEXT(2) 
PARAMETRIC_REPRESENTATION_CONTEXT() REPRESENTATION_CONTEXT('2D SPACE',''
  ) );
#4242 = ORIENTED_EDGE('',*,*,#2413,.T.);
#4243 = ORIENTED_EDGE('',*,*,#3482,.T.);
#4244 = ORIENTED_EDGE('',*,*,#4197,.T.);
#4245 = ADVANCED_FACE('',(#4246),#1050,.F.);
#4246 = FACE_BOUND('',#4247,.T.);
#4247 = EDGE_LOOP('',(#4248,#4249,#4270,#4271));
#4248 = ORIENTED_EDGE('',*,*,#1034,.F.);
#4249 = ORIENTED_EDGE('',*,*,#4250,.T.);
#4250 = EDGE_CURVE('',#1007,#4151,#4251,.T.);
#4251 = SURFACE_CURVE('',#4252,(#4256,#4263),.PCURVE_S1.);
#4252 = LINE('',#4253,#4254);
#4253 = CARTESIAN_POINT('',(-57.7,32.,4.));
#4254 = VECTOR('',#4255,1.);
#4255 = DIRECTION('',(1.,-1.930775651123E-48,3.153195929581E-32));
#4256 = PCURVE('',#1050,#4257);
#4257 = DEFINITIONAL_REPRESENTATION('',(#4258),#4262);
#4258 = LINE('',#4259,#4260);
#4259 = CARTESIAN_POINT('',(-1.602,-4.156819900657E-80));
#4260 = VECTOR('',#4261,1.);
#4261 = DIRECTION('',(3.153195929581E-32,1.));
#4262 = ( GEOMETRIC_REPRESENTATION_CONTEXT(2) 
PARAMETRIC_REPRESENTATION_CONTEXT() REPRESENTATION_CONTEXT('2D SPACE',''
  ) );
#4263 = PCURVE('',#1022,#4264);
#4264 = DEFINITIONAL_REPRESENTATION('',(#4265),#4269);
#4265 = LINE('',#4266,#4267);
#4266 = CARTESIAN_POINT('',(-57.67517660965,32.));
#4267 = VECTOR('',#4268,1.);
#4268 = DIRECTION('',(1.,0.));
#4269 = ( GEOMETRIC_REPRESENTATION_CONTEXT(2) 
PARAMETRIC_REPRESENTATION_CONTEXT() REPRESENTATION_CONTEXT('2D SPACE',''
  ) );
#4270 = ORIENTED_EDGE('',*,*,#4150,.F.);
#4271 = ORIENTED_EDGE('',*,*,#3430,.F.);
#4272 = ADVANCED_FACE('',(#4273),#1503,.T.);
#4273 = FACE_BOUND('',#4274,.T.);
#4274 = EDGE_LOOP('',(#4275,#4276,#4298,#4299,#4343,#4344));
#4275 = ORIENTED_EDGE('',*,*,#2131,.F.);
#4276 = ORIENTED_EDGE('',*,*,#4277,.F.);
#4277 = EDGE_CURVE('',#1488,#2085,#4278,.T.);
#4278 = SURFACE_CURVE('',#4279,(#4284,#4291),.PCURVE_S1.);
#4279 = CIRCLE('',#4280,5.4);
#4280 = AXIS2_PLACEMENT_3D('',#4281,#4282,#4283);
#4281 = CARTESIAN_POINT('',(56.,36.,4.4));
#4282 = DIRECTION('',(0.,0.,1.));
#4283 = DIRECTION('',(1.,0.,-0.));
#4284 = PCURVE('',#1503,#4285);
#4285 = DEFINITIONAL_REPRESENTATION('',(#4286),#4290);
#4286 = LINE('',#4287,#4288);
#4287 = CARTESIAN_POINT('',(7.853981633974,1.202));
#4288 = VECTOR('',#4289,1.);
#4289 = DIRECTION('',(-1.,2.651091939729E-16));
#4290 = ( GEOMETRIC_REPRESENTATION_CONTEXT(2) 
PARAMETRIC_REPRESENTATION_CONTEXT() REPRESENTATION_CONTEXT('2D SPACE',''
  ) );
#4291 = PCURVE('',#1533,#4292);
#4292 = DEFINITIONAL_REPRESENTATION('',(#4293),#4297);
#4293 = LINE('',#4294,#4295);
#4294 = CARTESIAN_POINT('',(9.424777960769,-2.762124886115E-15));
#4295 = VECTOR('',#4296,1.);
#4296 = DIRECTION('',(-1.,2.651091939729E-16));
#4297 = ( GEOMETRIC_REPRESENTATION_CONTEXT(2) 
PARAMETRIC_REPRESENTATION_CONTEXT() REPRESENTATION_CONTEXT('2D SPACE',''
  ) );
#4298 = ORIENTED_EDGE('',*,*,#1487,.T.);
#4299 = ORIENTED_EDGE('',*,*,#4300,.T.);
#4300 = EDGE_CURVE('',#1460,#3099,#4301,.T.);
#4301 = SURFACE_CURVE('',#4302,(#4307,#4336),.PCURVE_S1.);
#4302 = ELLIPSE('',#4303,7.636753236815,5.4);
#4303 = AXIS2_PLACEMENT_3D('',#4304,#4305,#4306);
#4304 = CARTESIAN_POINT('',(56.,36.,-4.2));
#4305 = DIRECTION('',(0.707106781187,1.055635253167E-16,-0.707106781187)
  );
#4306 = DIRECTION('',(-0.707106781187,-1.896791969313E-17,
    -0.707106781187));
#4307 = PCURVE('',#1503,#4308);
#4308 = DEFINITIONAL_REPRESENTATION('',(#4309),#4335);
#4309 = B_SPLINE_CURVE_WITH_KNOTS('',3,(#4310,#4311,#4312,#4313,#4314,
    #4315,#4316,#4317,#4318,#4319,#4320,#4321,#4322,#4323,#4324,#4325,
    #4326,#4327,#4328,#4329,#4330,#4331,#4332,#4333,#4334),
  .UNSPECIFIED.,.F.,.F.,(4,1,1,1,1,1,1,1,1,1,1,1,1,1,1,1,1,1,1,1,1,1,4),
  (4.031312592266,4.043197274291,4.055081956316,4.066966638341,
    4.078851320366,4.09073600239,4.102620684415,4.11450536644,
    4.126390048465,4.13827473049,4.150159412515,4.16204409454,
    4.173928776565,4.18581345859,4.197698140615,4.20958282264,
    4.221467504665,4.23335218669,4.245236868715,4.25712155074,
    4.269006232765,4.28089091479,4.292775596815),.QUASI_UNIFORM_KNOTS.);
#4310 = CARTESIAN_POINT('',(2.460516265471,6.402));
#4311 = CARTESIAN_POINT('',(2.464477826146,6.418619674001));
#4312 = CARTESIAN_POINT('',(2.472400947496,6.452019121539));
#4313 = CARTESIAN_POINT('',(2.484285629521,6.502591442103));
#4314 = CARTESIAN_POINT('',(2.496170311546,6.553629788485));
#4315 = CARTESIAN_POINT('',(2.508054993571,6.605126946573));
#4316 = CARTESIAN_POINT('',(2.519939675596,6.657075644111));
#4317 = CARTESIAN_POINT('',(2.531824357621,6.709468543277));
#4318 = CARTESIAN_POINT('',(2.543709039646,6.762298243992));
#4319 = CARTESIAN_POINT('',(2.55559372167,6.815557284349));
#4320 = CARTESIAN_POINT('',(2.567478403695,6.869238141835));
#4321 = CARTESIAN_POINT('',(2.57936308572,6.923333234349));
#4322 = CARTESIAN_POINT('',(2.591247767745,6.977834921284));
#4323 = CARTESIAN_POINT('',(2.60313244977,7.032735504604));
#4324 = CARTESIAN_POINT('',(2.615017131795,7.088027229931));
#4325 = CARTESIAN_POINT('',(2.62690181382,7.143702287638));
#4326 = CARTESIAN_POINT('',(2.638786495845,7.199752813961));
#4327 = CARTESIAN_POINT('',(2.65067117787,7.256170892092));
#4328 = CARTESIAN_POINT('',(2.662555859895,7.312948553335));
#4329 = CARTESIAN_POINT('',(2.67444054192,7.370077778117));
#4330 = CARTESIAN_POINT('',(2.686325223945,7.427550497535));
#4331 = CARTESIAN_POINT('',(2.69820990597,7.485358592953));
#4332 = CARTESIAN_POINT('',(2.710094587995,7.543493902898));
#4333 = CARTESIAN_POINT('',(2.718017709345,7.582463436147));
#4334 = CARTESIAN_POINT('',(2.72197927002,7.602));
#4335 = ( GEOMETRIC_REPRESENTATION_CONTEXT(2) 
PARAMETRIC_REPRESENTATION_CONTEXT() REPRESENTATION_CONTEXT('2D SPACE',''
  ) );
#4336 = PCURVE('',#1475,#4337);
#4337 = DEFINITIONAL_REPRESENTATION('',(#4338),#4342);
#4338 = ELLIPSE('',#4339,7.636753236815,5.4);
#4339 = AXIS2_PLACEMENT_2D('',#4340,#4341);
#4340 = CARTESIAN_POINT('',(36.,-3.111269837221));
#4341 = DIRECTION('',(-6.162975822039E-33,-1.));
#4342 = ( GEOMETRIC_REPRESENTATION_CONTEXT(2) 
PARAMETRIC_REPRESENTATION_CONTEXT() REPRESENTATION_CONTEXT('2D SPACE',''
  ) );
#4343 = ORIENTED_EDGE('',*,*,#3098,.F.);
#4344 = ORIENTED_EDGE('',*,*,#4345,.F.);
#4345 = EDGE_CURVE('',#2132,#3076,#4346,.T.);
#4346 = SURFACE_CURVE('',#4347,(#4352,#4381),.PCURVE_S1.);
#4347 = ELLIPSE('',#4348,7.636753236815,5.4);
#4348 = AXIS2_PLACEMENT_3D('',#4349,#4350,#4351);
#4349 = CARTESIAN_POINT('',(56.,36.,-4.2));
#4350 = DIRECTION('',(8.260166554523E-17,-0.707106781187,0.707106781187)
  );
#4351 = DIRECTION('',(8.260166554523E-17,-0.707106781187,-0.707106781187
    ));
#4352 = PCURVE('',#1503,#4353);
#4353 = DEFINITIONAL_REPRESENTATION('',(#4354),#4380);
#4354 = B_SPLINE_CURVE_WITH_KNOTS('',3,(#4355,#4356,#4357,#4358,#4359,
    #4360,#4361,#4362,#4363,#4364,#4365,#4366,#4367,#4368,#4369,#4370,
    #4371,#4372,#4373,#4374,#4375,#4376,#4377,#4378,#4379),
  .UNSPECIFIED.,.F.,.F.,(4,1,1,1,1,1,1,1,1,1,1,1,1,1,1,1,1,1,1,1,1,1,4),
  (4.031312592266,4.043197274291,4.055081956316,4.066966638341,
    4.078851320366,4.09073600239,4.102620684415,4.11450536644,
    4.126390048465,4.13827473049,4.150159412515,4.16204409454,
    4.173928776565,4.18581345859,4.197698140615,4.20958282264,
    4.221467504665,4.23335218669,4.245236868715,4.25712155074,
    4.269006232765,4.28089091479,4.292775596815),.QUASI_UNIFORM_KNOTS.);
#4355 = CARTESIAN_POINT('',(-0.889719938676,6.402));
#4356 = CARTESIAN_POINT('',(-0.893681499351,6.418619674001));
#4357 = CARTESIAN_POINT('',(-0.901604620701,6.452019121539));
#4358 = CARTESIAN_POINT('',(-0.913489302726,6.502591442103));
#4359 = CARTESIAN_POINT('',(-0.925373984751,6.553629788485));
#4360 = CARTESIAN_POINT('',(-0.937258666776,6.605126946573));
#4361 = CARTESIAN_POINT('',(-0.949143348801,6.657075644111));
#4362 = CARTESIAN_POINT('',(-0.961028030826,6.709468543277));
#4363 = CARTESIAN_POINT('',(-0.972912712851,6.762298243992));
#4364 = CARTESIAN_POINT('',(-0.984797394876,6.815557284349));
#4365 = CARTESIAN_POINT('',(-0.996682076901,6.869238141835));
#4366 = CARTESIAN_POINT('',(-1.008566758926,6.923333234349));
#4367 = CARTESIAN_POINT('',(-1.02045144095,6.977834921284));
#4368 = CARTESIAN_POINT('',(-1.032336122975,7.032735504604));
#4369 = CARTESIAN_POINT('',(-1.044220805,7.088027229931));
#4370 = CARTESIAN_POINT('',(-1.056105487025,7.143702287638));
#4371 = CARTESIAN_POINT('',(-1.06799016905,7.199752813961));
#4372 = CARTESIAN_POINT('',(-1.079874851075,7.256170892092));
#4373 = CARTESIAN_POINT('',(-1.0917595331,7.312948553335));
#4374 = CARTESIAN_POINT('',(-1.103644215125,7.370077778117));
#4375 = CARTESIAN_POINT('',(-1.11552889715,7.427550497535));
#4376 = CARTESIAN_POINT('',(-1.127413579175,7.485358592953));
#4377 = CARTESIAN_POINT('',(-1.1392982612,7.543493902898));
#4378 = CARTESIAN_POINT('',(-1.14722138255,7.582463436147));
#4379 = CARTESIAN_POINT('',(-1.151182943225,7.602));
#4380 = ( GEOMETRIC_REPRESENTATION_CONTEXT(2) 
PARAMETRIC_REPRESENTATION_CONTEXT() REPRESENTATION_CONTEXT('2D SPACE',''
  ) );
#4381 = PCURVE('',#2170,#4382);
#4382 = DEFINITIONAL_REPRESENTATION('',(#4383),#4387);
#4383 = ELLIPSE('',#4384,7.636753236815,5.4);
#4384 = AXIS2_PLACEMENT_2D('',#4385,#4386);
#4385 = CARTESIAN_POINT('',(-56.,4.808326112069));
#4386 = DIRECTION('',(1.096947442454E-31,1.));
#4387 = ( GEOMETRIC_REPRESENTATION_CONTEXT(2) 
PARAMETRIC_REPRESENTATION_CONTEXT() REPRESENTATION_CONTEXT('2D SPACE',''
  ) );
#4388 = ADVANCED_FACE('',(#4389),#1943,.T.);
#4389 = FACE_BOUND('',#4390,.T.);
#4390 = EDGE_LOOP('',(#4391,#4392,#4414,#4415,#4459,#4460));
#4391 = ORIENTED_EDGE('',*,*,#1927,.F.);
#4392 = ORIENTED_EDGE('',*,*,#4393,.F.);
#4393 = EDGE_CURVE('',#2183,#1876,#4394,.T.);
#4394 = SURFACE_CURVE('',#4395,(#4400,#4407),.PCURVE_S1.);
#4395 = CIRCLE('',#4396,5.4);
#4396 = AXIS2_PLACEMENT_3D('',#4397,#4398,#4399);
#4397 = CARTESIAN_POINT('',(-56.,36.,4.4));
#4398 = DIRECTION('',(0.,0.,1.));
#4399 = DIRECTION('',(1.,0.,-0.));
#4400 = PCURVE('',#1943,#4401);
#4401 = DEFINITIONAL_REPRESENTATION('',(#4402),#4406);
#4402 = LINE('',#4403,#4404);
#4403 = CARTESIAN_POINT('',(7.853981633974,1.202));
#4404 = VECTOR('',#4405,1.);
#4405 = DIRECTION('',(-1.,-2.651091939729E-16));
#4406 = ( GEOMETRIC_REPRESENTATION_CONTEXT(2) 
PARAMETRIC_REPRESENTATION_CONTEXT() REPRESENTATION_CONTEXT('2D SPACE',''
  ) );
#4407 = PCURVE('',#1893,#4408);
#4408 = DEFINITIONAL_REPRESENTATION('',(#4409),#4413);
#4409 = LINE('',#4410,#4411);
#4410 = CARTESIAN_POINT('',(3.14159265359,1.2));
#4411 = VECTOR('',#4412,1.);
#4412 = DIRECTION('',(-1.,2.811907632197E-16));
#4413 = ( GEOMETRIC_REPRESENTATION_CONTEXT(2) 
PARAMETRIC_REPRESENTATION_CONTEXT() REPRESENTATION_CONTEXT('2D SPACE',''
  ) );
#4414 = ORIENTED_EDGE('',*,*,#2182,.T.);
#4415 = ORIENTED_EDGE('',*,*,#4416,.F.);
#4416 = EDGE_CURVE('',#3048,#2155,#4417,.T.);
#4417 = SURFACE_CURVE('',#4418,(#4423,#4452),.PCURVE_S1.);
#4418 = ELLIPSE('',#4419,7.636753236815,5.4);
#4419 = AXIS2_PLACEMENT_3D('',#4420,#4421,#4422);
#4420 = CARTESIAN_POINT('',(-56.,36.,-4.2));
#4421 = DIRECTION('',(8.260166554523E-17,-0.707106781187,0.707106781187)
  );
#4422 = DIRECTION('',(8.260166554523E-17,-0.707106781187,-0.707106781187
    ));
#4423 = PCURVE('',#1943,#4424);
#4424 = DEFINITIONAL_REPRESENTATION('',(#4425),#4451);
#4425 = B_SPLINE_CURVE_WITH_KNOTS('',3,(#4426,#4427,#4428,#4429,#4430,
    #4431,#4432,#4433,#4434,#4435,#4436,#4437,#4438,#4439,#4440,#4441,
    #4442,#4443,#4444,#4445,#4446,#4447,#4448,#4449,#4450),
  .UNSPECIFIED.,.F.,.F.,(4,1,1,1,1,1,1,1,1,1,1,1,1,1,1,1,1,1,1,1,1,1,4),
  (1.990409710365,2.00229439239,2.014179074415,2.02606375644,
    2.037948438465,2.04983312049,2.061717802515,2.073602484539,
    2.085487166564,2.097371848589,2.109256530614,2.121141212639,
    2.133025894664,2.144910576689,2.156795258714,2.168679940739,
    2.180564622764,2.192449304789,2.204333986814,2.216218668839,
    2.228103350864,2.239988032889,2.251872714914),
  .QUASI_UNIFORM_KNOTS.);
#4426 = CARTESIAN_POINT('',(7.434368250405,7.602));
#4427 = CARTESIAN_POINT('',(7.43040668973,7.582463436147));
#4428 = CARTESIAN_POINT('',(7.42248356838,7.543493902898));
#4429 = CARTESIAN_POINT('',(7.410598886355,7.485358592953));
#4430 = CARTESIAN_POINT('',(7.39871420433,7.427550497535));
#4431 = CARTESIAN_POINT('',(7.386829522305,7.370077778117));
#4432 = CARTESIAN_POINT('',(7.37494484028,7.312948553335));
#4433 = CARTESIAN_POINT('',(7.363060158255,7.256170892092));
#4434 = CARTESIAN_POINT('',(7.35117547623,7.199752813961));
#4435 = CARTESIAN_POINT('',(7.339290794205,7.143702287638));
#4436 = CARTESIAN_POINT('',(7.32740611218,7.088027229931));
#4437 = CARTESIAN_POINT('',(7.315521430155,7.032735504604));
#4438 = CARTESIAN_POINT('',(7.30363674813,6.977834921284));
#4439 = CARTESIAN_POINT('',(7.291752066105,6.923333234349));
#4440 = CARTESIAN_POINT('',(7.27986738408,6.869238141835));
#4441 = CARTESIAN_POINT('',(7.267982702055,6.815557284349));
#4442 = CARTESIAN_POINT('',(7.25609802003,6.762298243992));
#4443 = CARTESIAN_POINT('',(7.244213338005,6.709468543277));
#4444 = CARTESIAN_POINT('',(7.23232865598,6.657075644111));
#4445 = CARTESIAN_POINT('',(7.220443973955,6.605126946573));
#4446 = CARTESIAN_POINT('',(7.20855929193,6.553629788485));
#4447 = CARTESIAN_POINT('',(7.196674609905,6.502591442103));
#4448 = CARTESIAN_POINT('',(7.18478992788,6.452019121539));
#4449 = CARTESIAN_POINT('',(7.17686680653,6.418619674001));
#4450 = CARTESIAN_POINT('',(7.172905245855,6.402));
#4451 = ( GEOMETRIC_REPRESENTATION_CONTEXT(2) 
PARAMETRIC_REPRESENTATION_CONTEXT() REPRESENTATION_CONTEXT('2D SPACE',''
  ) );
#4452 = PCURVE('',#2170,#4453);
#4453 = DEFINITIONAL_REPRESENTATION('',(#4454),#4458);
#4454 = ELLIPSE('',#4455,7.636753236815,5.4);
#4455 = AXIS2_PLACEMENT_2D('',#4456,#4457);
#4456 = CARTESIAN_POINT('',(56.,4.808326112069));
#4457 = DIRECTION('',(1.096947442454E-31,1.));
#4458 = ( GEOMETRIC_REPRESENTATION_CONTEXT(2) 
PARAMETRIC_REPRESENTATION_CONTEXT() REPRESENTATION_CONTEXT('2D SPACE',''
  ) );
#4459 = ORIENTED_EDGE('',*,*,#3047,.T.);
#4460 = ORIENTED_EDGE('',*,*,#4461,.F.);
#4461 = EDGE_CURVE('',#1928,#3025,#4462,.T.);
#4462 = SURFACE_CURVE('',#4463,(#4468,#4497),.PCURVE_S1.);
#4463 = ELLIPSE('',#4464,7.636753236815,5.4);
#4464 = AXIS2_PLACEMENT_3D('',#4465,#4466,#4467);
#4465 = CARTESIAN_POINT('',(-56.,36.,-4.2));
#4466 = DIRECTION('',(0.707106781187,1.896791969313E-17,0.707106781187)
  );
#4467 = DIRECTION('',(0.707106781187,1.055635253167E-16,-0.707106781187)
  );
#4468 = PCURVE('',#1943,#4469);
#4469 = DEFINITIONAL_REPRESENTATION('',(#4470),#4496);
#4470 = B_SPLINE_CURVE_WITH_KNOTS('',3,(#4471,#4472,#4473,#4474,#4475,
    #4476,#4477,#4478,#4479,#4480,#4481,#4482,#4483,#4484,#4485,#4486,
    #4487,#4488,#4489,#4490,#4491,#4492,#4493,#4494,#4495),
  .UNSPECIFIED.,.F.,.F.,(4,1,1,1,1,1,1,1,1,1,1,1,1,1,1,1,1,1,1,1,1,1,4),
  (4.031312592266,4.043197274291,4.055081956316,4.066966638341,
    4.078851320366,4.09073600239,4.102620684415,4.11450536644,
    4.126390048465,4.13827473049,4.150159412515,4.16204409454,
    4.173928776565,4.18581345859,4.197698140615,4.20958282264,
    4.221467504665,4.23335218669,4.245236868715,4.25712155074,
    4.269006232765,4.28089091479,4.292775596815),.QUASI_UNIFORM_KNOTS.);
#4471 = CARTESIAN_POINT('',(3.822669041709,6.402));
#4472 = CARTESIAN_POINT('',(3.818707481034,6.418619674001));
#4473 = CARTESIAN_POINT('',(3.810784359684,6.452019121539));
#4474 = CARTESIAN_POINT('',(3.798899677659,6.502591442103));
#4475 = CARTESIAN_POINT('',(3.787014995634,6.553629788485));
#4476 = CARTESIAN_POINT('',(3.775130313609,6.605126946573));
#4477 = CARTESIAN_POINT('',(3.763245631584,6.657075644111));
#4478 = CARTESIAN_POINT('',(3.751360949559,6.709468543277));
#4479 = CARTESIAN_POINT('',(3.739476267534,6.762298243992));
#4480 = CARTESIAN_POINT('',(3.727591585509,6.815557284349));
#4481 = CARTESIAN_POINT('',(3.715706903484,6.869238141835));
#4482 = CARTESIAN_POINT('',(3.703822221459,6.923333234349));
#4483 = CARTESIAN_POINT('',(3.691937539434,6.977834921284));
#4484 = CARTESIAN_POINT('',(3.680052857409,7.032735504604));
#4485 = CARTESIAN_POINT('',(3.668168175384,7.088027229931));
#4486 = CARTESIAN_POINT('',(3.656283493359,7.143702287638));
#4487 = CARTESIAN_POINT('',(3.644398811334,7.199752813961));
#4488 = CARTESIAN_POINT('',(3.632514129309,7.256170892092));
#4489 = CARTESIAN_POINT('',(3.620629447284,7.312948553335));
#4490 = CARTESIAN_POINT('',(3.608744765259,7.370077778117));
#4491 = CARTESIAN_POINT('',(3.596860083235,7.427550497535));
#4492 = CARTESIAN_POINT('',(3.58497540121,7.485358592953));
#4493 = CARTESIAN_POINT('',(3.573090719185,7.543493902898));
#4494 = CARTESIAN_POINT('',(3.565167597835,7.582463436147));
#4495 = CARTESIAN_POINT('',(3.56120603716,7.602));
#4496 = ( GEOMETRIC_REPRESENTATION_CONTEXT(2) 
PARAMETRIC_REPRESENTATION_CONTEXT() REPRESENTATION_CONTEXT('2D SPACE',''
  ) );
#4497 = PCURVE('',#1971,#4498);
#4498 = DEFINITIONAL_REPRESENTATION('',(#4499),#4503);
#4499 = ELLIPSE('',#4500,7.636753236815,5.4);
#4500 = AXIS2_PLACEMENT_2D('',#4501,#4502);
#4501 = CARTESIAN_POINT('',(-36.,4.808326112069));
#4502 = DIRECTION('',(3.697785493223E-31,1.));
#4503 = ( GEOMETRIC_REPRESENTATION_CONTEXT(2) 
PARAMETRIC_REPRESENTATION_CONTEXT() REPRESENTATION_CONTEXT('2D SPACE',''
  ) );
#4504 = ADVANCED_FACE('',(#4505),#1734,.T.);
#4505 = FACE_BOUND('',#4506,.T.);
#4506 = EDGE_LOOP('',(#4507,#4508,#4530,#4531,#4575,#4576));
#4507 = ORIENTED_EDGE('',*,*,#1718,.F.);
#4508 = ORIENTED_EDGE('',*,*,#4509,.F.);
#4509 = EDGE_CURVE('',#1984,#1667,#4510,.T.);
#4510 = SURFACE_CURVE('',#4511,(#4516,#4523),.PCURVE_S1.);
#4511 = CIRCLE('',#4512,5.4);
#4512 = AXIS2_PLACEMENT_3D('',#4513,#4514,#4515);
#4513 = CARTESIAN_POINT('',(-56.,-36.,4.4));
#4514 = DIRECTION('',(0.,0.,1.));
#4515 = DIRECTION('',(1.,0.,-0.));
#4516 = PCURVE('',#1734,#4517);
#4517 = DEFINITIONAL_REPRESENTATION('',(#4518),#4522);
#4518 = LINE('',#4519,#4520);
#4519 = CARTESIAN_POINT('',(7.853981633974,1.202));
#4520 = VECTOR('',#4521,1.);
#4521 = DIRECTION('',(-1.,-2.651091939729E-16));
#4522 = ( GEOMETRIC_REPRESENTATION_CONTEXT(2) 
PARAMETRIC_REPRESENTATION_CONTEXT() REPRESENTATION_CONTEXT('2D SPACE',''
  ) );
#4523 = PCURVE('',#1684,#4524);
#4524 = DEFINITIONAL_REPRESENTATION('',(#4525),#4529);
#4525 = LINE('',#4526,#4527);
#4526 = CARTESIAN_POINT('',(9.424777960769,1.783666660271E-15));
#4527 = VECTOR('',#4528,1.);
#4528 = DIRECTION('',(-1.,-3.976637909593E-16));
#4529 = ( GEOMETRIC_REPRESENTATION_CONTEXT(2) 
PARAMETRIC_REPRESENTATION_CONTEXT() REPRESENTATION_CONTEXT('2D SPACE',''
  ) );
#4530 = ORIENTED_EDGE('',*,*,#1983,.T.);
#4531 = ORIENTED_EDGE('',*,*,#4532,.F.);
#4532 = EDGE_CURVE('',#3001,#1956,#4533,.T.);
#4533 = SURFACE_CURVE('',#4534,(#4539,#4568),.PCURVE_S1.);
#4534 = ELLIPSE('',#4535,7.636753236815,5.4);
#4535 = AXIS2_PLACEMENT_3D('',#4536,#4537,#4538);
#4536 = CARTESIAN_POINT('',(-56.,-36.,-4.2));
#4537 = DIRECTION('',(0.707106781187,1.896791969313E-17,0.707106781187)
  );
#4538 = DIRECTION('',(0.707106781187,1.055635253167E-16,-0.707106781187)
  );
#4539 = PCURVE('',#1734,#4540);
#4540 = DEFINITIONAL_REPRESENTATION('',(#4541),#4567);
#4541 = B_SPLINE_CURVE_WITH_KNOTS('',3,(#4542,#4543,#4544,#4545,#4546,
    #4547,#4548,#4549,#4550,#4551,#4552,#4553,#4554,#4555,#4556,#4557,
    #4558,#4559,#4560,#4561,#4562,#4563,#4564,#4565,#4566),
  .UNSPECIFIED.,.F.,.F.,(4,1,1,1,1,1,1,1,1,1,1,1,1,1,1,1,1,1,1,1,1,1,4),
  (1.990409710365,2.00229439239,2.014179074415,2.02606375644,
    2.037948438465,2.04983312049,2.061717802515,2.073602484539,
    2.085487166564,2.097371848589,2.109256530614,2.121141212639,
    2.133025894664,2.144910576689,2.156795258714,2.168679940739,
    2.180564622764,2.192449304789,2.204333986814,2.216218668839,
    2.228103350864,2.239988032889,2.251872714914),
  .QUASI_UNIFORM_KNOTS.);
#4542 = CARTESIAN_POINT('',(5.86357192361,7.602));
#4543 = CARTESIAN_POINT('',(5.859610362935,7.582463436147));
#4544 = CARTESIAN_POINT('',(5.851687241585,7.543493902898));
#4545 = CARTESIAN_POINT('',(5.83980255956,7.485358592953));
#4546 = CARTESIAN_POINT('',(5.827917877535,7.427550497535));
#4547 = CARTESIAN_POINT('',(5.81603319551,7.370077778117));
#4548 = CARTESIAN_POINT('',(5.804148513485,7.312948553335));
#4549 = CARTESIAN_POINT('',(5.79226383146,7.256170892092));
#4550 = CARTESIAN_POINT('',(5.780379149435,7.199752813961));
#4551 = CARTESIAN_POINT('',(5.76849446741,7.143702287638));
#4552 = CARTESIAN_POINT('',(5.756609785385,7.088027229931));
#4553 = CARTESIAN_POINT('',(5.74472510336,7.032735504604));
#4554 = CARTESIAN_POINT('',(5.732840421335,6.977834921284));
#4555 = CARTESIAN_POINT('',(5.72095573931,6.923333234349));
#4556 = CARTESIAN_POINT('',(5.709071057285,6.869238141835));
#4557 = CARTESIAN_POINT('',(5.69718637526,6.815557284349));
#4558 = CARTESIAN_POINT('',(5.685301693235,6.762298243992));
#4559 = CARTESIAN_POINT('',(5.67341701121,6.709468543277));
#4560 = CARTESIAN_POINT('',(5.661532329185,6.657075644111));
#4561 = CARTESIAN_POINT('',(5.64964764716,6.605126946573));
#4562 = CARTESIAN_POINT('',(5.637762965135,6.553629788485));
#4563 = CARTESIAN_POINT('',(5.625878283111,6.502591442103));
#4564 = CARTESIAN_POINT('',(5.613993601086,6.452019121539));
#4565 = CARTESIAN_POINT('',(5.606070479736,6.418619674001));
#4566 = CARTESIAN_POINT('',(5.602108919061,6.402));
#4567 = ( GEOMETRIC_REPRESENTATION_CONTEXT(2) 
PARAMETRIC_REPRESENTATION_CONTEXT() REPRESENTATION_CONTEXT('2D SPACE',''
  ) );
#4568 = PCURVE('',#1971,#4569);
#4569 = DEFINITIONAL_REPRESENTATION('',(#4570),#4574);
#4570 = ELLIPSE('',#4571,7.636753236815,5.4);
#4571 = AXIS2_PLACEMENT_2D('',#4572,#4573);
#4572 = CARTESIAN_POINT('',(36.,4.808326112069));
#4573 = DIRECTION('',(3.697785493223E-31,1.));
#4574 = ( GEOMETRIC_REPRESENTATION_CONTEXT(2) 
PARAMETRIC_REPRESENTATION_CONTEXT() REPRESENTATION_CONTEXT('2D SPACE',''
  ) );
#4575 = ORIENTED_EDGE('',*,*,#2998,.F.);
#4576 = ORIENTED_EDGE('',*,*,#4577,.T.);
#4577 = EDGE_CURVE('',#2999,#1719,#4578,.T.);
#4578 = SURFACE_CURVE('',#4579,(#4584,#4613),.PCURVE_S1.);
#4579 = ELLIPSE('',#4580,7.636753236815,5.4);
#4580 = AXIS2_PLACEMENT_3D('',#4581,#4582,#4583);
#4581 = CARTESIAN_POINT('',(-56.,-36.,-4.2));
#4582 = DIRECTION('',(8.260166554523E-17,-0.707106781187,-0.707106781187
    ));
#4583 = DIRECTION('',(-8.260166554523E-17,0.707106781187,-0.707106781187
    ));
#4584 = PCURVE('',#1734,#4585);
#4585 = DEFINITIONAL_REPRESENTATION('',(#4586),#4612);
#4586 = B_SPLINE_CURVE_WITH_KNOTS('',3,(#4587,#4588,#4589,#4590,#4591,
    #4592,#4593,#4594,#4595,#4596,#4597,#4598,#4599,#4600,#4601,#4602,
    #4603,#4604,#4605,#4606,#4607,#4608,#4609,#4610,#4611),
  .UNSPECIFIED.,.F.,.F.,(4,1,1,1,1,1,1,1,1,1,1,1,1,1,1,1,1,1,1,1,1,1,4),
  (1.990409710365,2.00229439239,2.014179074415,2.02606375644,
    2.037948438465,2.04983312049,2.061717802515,2.073602484539,
    2.085487166564,2.097371848589,2.109256530614,2.121141212639,
    2.133025894664,2.144910576689,2.156795258714,2.168679940739,
    2.180564622764,2.192449304789,2.204333986814,2.216218668839,
    2.228103350864,2.239988032889,2.251872714914),
  .QUASI_UNIFORM_KNOTS.);
#4587 = CARTESIAN_POINT('',(1.990409710365,7.602));
#4588 = CARTESIAN_POINT('',(1.99437127104,7.582463436147));
#4589 = CARTESIAN_POINT('',(2.00229439239,7.543493902898));
#4590 = CARTESIAN_POINT('',(2.014179074415,7.485358592953));
#4591 = CARTESIAN_POINT('',(2.02606375644,7.427550497535));
#4592 = CARTESIAN_POINT('',(2.037948438465,7.370077778117));
#4593 = CARTESIAN_POINT('',(2.04983312049,7.312948553335));
#4594 = CARTESIAN_POINT('',(2.061717802515,7.256170892092));
#4595 = CARTESIAN_POINT('',(2.073602484539,7.199752813961));
#4596 = CARTESIAN_POINT('',(2.085487166564,7.143702287638));
#4597 = CARTESIAN_POINT('',(2.097371848589,7.088027229931));
#4598 = CARTESIAN_POINT('',(2.109256530614,7.032735504604));
#4599 = CARTESIAN_POINT('',(2.121141212639,6.977834921284));
#4600 = CARTESIAN_POINT('',(2.133025894664,6.923333234349));
#4601 = CARTESIAN_POINT('',(2.144910576689,6.869238141835));
#4602 = CARTESIAN_POINT('',(2.156795258714,6.815557284349));
#4603 = CARTESIAN_POINT('',(2.168679940739,6.762298243992));
#4604 = CARTESIAN_POINT('',(2.180564622764,6.709468543277));
#4605 = CARTESIAN_POINT('',(2.192449304789,6.657075644111));
#4606 = CARTESIAN_POINT('',(2.204333986814,6.605126946573));
#4607 = CARTESIAN_POINT('',(2.216218668839,6.553629788485));
#4608 = CARTESIAN_POINT('',(2.228103350864,6.502591442103));
#4609 = CARTESIAN_POINT('',(2.239988032889,6.452019121539));
#4610 = CARTESIAN_POINT('',(2.247911154239,6.418619674001));
#4611 = CARTESIAN_POINT('',(2.251872714914,6.402));
#4612 = ( GEOMETRIC_REPRESENTATION_CONTEXT(2) 
PARAMETRIC_REPRESENTATION_CONTEXT() REPRESENTATION_CONTEXT('2D SPACE',''
  ) );
#4613 = PCURVE('',#1762,#4614);
#4614 = DEFINITIONAL_REPRESENTATION('',(#4615),#4619);
#4615 = ELLIPSE('',#4616,7.636753236815,5.4);
#4616 = AXIS2_PLACEMENT_2D('',#4617,#4618);
#4617 = CARTESIAN_POINT('',(-56.,-3.111269837221));
#4618 = DIRECTION('',(9.288262653684E-32,-1.));
#4619 = ( GEOMETRIC_REPRESENTATION_CONTEXT(2) 
PARAMETRIC_REPRESENTATION_CONTEXT() REPRESENTATION_CONTEXT('2D SPACE',''
  ) );
#4620 = ADVANCED_FACE('',(#4621),#1447,.T.);
#4621 = FACE_BOUND('',#4622,.T.);
#4622 = EDGE_LOOP('',(#4623,#4624,#4646,#4647,#4691,#4692));
#4623 = ORIENTED_EDGE('',*,*,#1431,.F.);
#4624 = ORIENTED_EDGE('',*,*,#4625,.F.);
#4625 = EDGE_CURVE('',#1775,#1380,#4626,.T.);
#4626 = SURFACE_CURVE('',#4627,(#4632,#4639),.PCURVE_S1.);
#4627 = CIRCLE('',#4628,5.4);
#4628 = AXIS2_PLACEMENT_3D('',#4629,#4630,#4631);
#4629 = CARTESIAN_POINT('',(56.,-36.,4.4));
#4630 = DIRECTION('',(0.,0.,1.));
#4631 = DIRECTION('',(1.,0.,-0.));
#4632 = PCURVE('',#1447,#4633);
#4633 = DEFINITIONAL_REPRESENTATION('',(#4634),#4638);
#4634 = LINE('',#4635,#4636);
#4635 = CARTESIAN_POINT('',(7.853981633974,1.202));
#4636 = VECTOR('',#4637,1.);
#4637 = DIRECTION('',(-1.,2.651091939729E-16));
#4638 = ( GEOMETRIC_REPRESENTATION_CONTEXT(2) 
PARAMETRIC_REPRESENTATION_CONTEXT() REPRESENTATION_CONTEXT('2D SPACE',''
  ) );
#4639 = PCURVE('',#1397,#4640);
#4640 = DEFINITIONAL_REPRESENTATION('',(#4641),#4645);
#4641 = LINE('',#4642,#4643);
#4642 = CARTESIAN_POINT('',(9.424777960769,1.2));
#4643 = VECTOR('',#4644,1.);
#4644 = DIRECTION('',(-1.,2.343256360164E-16));
#4645 = ( GEOMETRIC_REPRESENTATION_CONTEXT(2) 
PARAMETRIC_REPRESENTATION_CONTEXT() REPRESENTATION_CONTEXT('2D SPACE',''
  ) );
#4646 = ORIENTED_EDGE('',*,*,#1774,.T.);
#4647 = ORIENTED_EDGE('',*,*,#4648,.T.);
#4648 = EDGE_CURVE('',#1747,#3146,#4649,.T.);
#4649 = SURFACE_CURVE('',#4650,(#4655,#4684),.PCURVE_S1.);
#4650 = ELLIPSE('',#4651,7.636753236815,5.4);
#4651 = AXIS2_PLACEMENT_3D('',#4652,#4653,#4654);
#4652 = CARTESIAN_POINT('',(56.,-36.,-4.2));
#4653 = DIRECTION('',(8.260166554523E-17,-0.707106781187,-0.707106781187
    ));
#4654 = DIRECTION('',(-8.260166554523E-17,0.707106781187,-0.707106781187
    ));
#4655 = PCURVE('',#1447,#4656);
#4656 = DEFINITIONAL_REPRESENTATION('',(#4657),#4683);
#4657 = B_SPLINE_CURVE_WITH_KNOTS('',3,(#4658,#4659,#4660,#4661,#4662,
    #4663,#4664,#4665,#4666,#4667,#4668,#4669,#4670,#4671,#4672,#4673,
    #4674,#4675,#4676,#4677,#4678,#4679,#4680,#4681,#4682),
  .UNSPECIFIED.,.F.,.F.,(4,1,1,1,1,1,1,1,1,1,1,1,1,1,1,1,1,1,1,1,1,1,4),
  (4.031312592266,4.043197274291,4.055081956316,4.066966638341,
    4.078851320366,4.09073600239,4.102620684415,4.11450536644,
    4.126390048465,4.13827473049,4.150159412515,4.16204409454,
    4.173928776565,4.18581345859,4.197698140615,4.20958282264,
    4.221467504665,4.23335218669,4.245236868715,4.25712155074,
    4.269006232765,4.28089091479,4.292775596815),.QUASI_UNIFORM_KNOTS.);
#4658 = CARTESIAN_POINT('',(4.031312592266,6.402));
#4659 = CARTESIAN_POINT('',(4.035274152941,6.418619674001));
#4660 = CARTESIAN_POINT('',(4.043197274291,6.452019121539));
#4661 = CARTESIAN_POINT('',(4.055081956316,6.502591442103));
#4662 = CARTESIAN_POINT('',(4.066966638341,6.553629788485));
#4663 = CARTESIAN_POINT('',(4.078851320366,6.605126946573));
#4664 = CARTESIAN_POINT('',(4.09073600239,6.657075644111));
#4665 = CARTESIAN_POINT('',(4.102620684415,6.709468543277));
#4666 = CARTESIAN_POINT('',(4.11450536644,6.762298243992));
#4667 = CARTESIAN_POINT('',(4.126390048465,6.815557284349));
#4668 = CARTESIAN_POINT('',(4.13827473049,6.869238141835));
#4669 = CARTESIAN_POINT('',(4.150159412515,6.923333234349));
#4670 = CARTESIAN_POINT('',(4.16204409454,6.977834921284));
#4671 = CARTESIAN_POINT('',(4.173928776565,7.032735504604));
#4672 = CARTESIAN_POINT('',(4.18581345859,7.088027229931));
#4673 = CARTESIAN_POINT('',(4.197698140615,7.143702287638));
#4674 = CARTESIAN_POINT('',(4.20958282264,7.199752813961));
#4675 = CARTESIAN_POINT('',(4.221467504665,7.256170892092));
#4676 = CARTESIAN_POINT('',(4.23335218669,7.312948553335));
#4677 = CARTESIAN_POINT('',(4.245236868715,7.370077778117));
#4678 = CARTESIAN_POINT('',(4.25712155074,7.427550497535));
#4679 = CARTESIAN_POINT('',(4.269006232765,7.485358592953));
#4680 = CARTESIAN_POINT('',(4.28089091479,7.543493902898));
#4681 = CARTESIAN_POINT('',(4.28881403614,7.582463436147));
#4682 = CARTESIAN_POINT('',(4.292775596815,7.602));
#4683 = ( GEOMETRIC_REPRESENTATION_CONTEXT(2) 
PARAMETRIC_REPRESENTATION_CONTEXT() REPRESENTATION_CONTEXT('2D SPACE',''
  ) );
#4684 = PCURVE('',#1762,#4685);
#4685 = DEFINITIONAL_REPRESENTATION('',(#4686),#4690);
#4686 = ELLIPSE('',#4687,7.636753236815,5.4);
#4687 = AXIS2_PLACEMENT_2D('',#4688,#4689);
#4688 = CARTESIAN_POINT('',(56.,-3.111269837221));
#4689 = DIRECTION('',(9.288262653684E-32,-1.));
#4690 = ( GEOMETRIC_REPRESENTATION_CONTEXT(2) 
PARAMETRIC_REPRESENTATION_CONTEXT() REPRESENTATION_CONTEXT('2D SPACE',''
  ) );
#4691 = ORIENTED_EDGE('',*,*,#3145,.T.);
#4692 = ORIENTED_EDGE('',*,*,#4693,.T.);
#4693 = EDGE_CURVE('',#3123,#1432,#4694,.T.);
#4694 = SURFACE_CURVE('',#4695,(#4700,#4729),.PCURVE_S1.);
#4695 = ELLIPSE('',#4696,7.636753236815,5.4);
#4696 = AXIS2_PLACEMENT_3D('',#4697,#4698,#4699);
#4697 = CARTESIAN_POINT('',(56.,-36.,-4.2));
#4698 = DIRECTION('',(0.707106781187,1.055635253167E-16,-0.707106781187)
  );
#4699 = DIRECTION('',(-0.707106781187,-1.896791969313E-17,
    -0.707106781187));
#4700 = PCURVE('',#1447,#4701);
#4701 = DEFINITIONAL_REPRESENTATION('',(#4702),#4728);
#4702 = B_SPLINE_CURVE_WITH_KNOTS('',3,(#4703,#4704,#4705,#4706,#4707,
    #4708,#4709,#4710,#4711,#4712,#4713,#4714,#4715,#4716,#4717,#4718,
    #4719,#4720,#4721,#4722,#4723,#4724,#4725,#4726,#4727),
  .UNSPECIFIED.,.F.,.F.,(4,1,1,1,1,1,1,1,1,1,1,1,1,1,1,1,1,1,1,1,1,1,4),
  (1.990409710365,2.00229439239,2.014179074415,2.02606375644,
    2.037948438465,2.04983312049,2.061717802515,2.073602484539,
    2.085487166564,2.097371848589,2.109256530614,2.121141212639,
    2.133025894664,2.144910576689,2.156795258714,2.168679940739,
    2.180564622764,2.192449304789,2.204333986814,2.216218668839,
    2.228103350864,2.239988032889,2.251872714914),
  .QUASI_UNIFORM_KNOTS.);
#4703 = CARTESIAN_POINT('',(0.41961338357,7.602));
#4704 = CARTESIAN_POINT('',(0.423574944245,7.582463436147));
#4705 = CARTESIAN_POINT('',(0.431498065595,7.543493902898));
#4706 = CARTESIAN_POINT('',(0.44338274762,7.485358592953));
#4707 = CARTESIAN_POINT('',(0.455267429645,7.427550497535));
#4708 = CARTESIAN_POINT('',(0.46715211167,7.370077778117));
#4709 = CARTESIAN_POINT('',(0.479036793695,7.312948553335));
#4710 = CARTESIAN_POINT('',(0.49092147572,7.256170892092));
#4711 = CARTESIAN_POINT('',(0.502806157745,7.199752813961));
#4712 = CARTESIAN_POINT('',(0.51469083977,7.143702287638));
#4713 = CARTESIAN_POINT('',(0.526575521794,7.088027229931));
#4714 = CARTESIAN_POINT('',(0.538460203819,7.032735504604));
#4715 = CARTESIAN_POINT('',(0.550344885844,6.977834921284));
#4716 = CARTESIAN_POINT('',(0.562229567869,6.923333234349));
#4717 = CARTESIAN_POINT('',(0.574114249894,6.869238141835));
#4718 = CARTESIAN_POINT('',(0.585998931919,6.815557284349));
#4719 = CARTESIAN_POINT('',(0.597883613944,6.762298243992));
#4720 = CARTESIAN_POINT('',(0.609768295969,6.709468543277));
#4721 = CARTESIAN_POINT('',(0.621652977994,6.657075644111));
#4722 = CARTESIAN_POINT('',(0.633537660019,6.605126946573));
#4723 = CARTESIAN_POINT('',(0.645422342044,6.553629788485));
#4724 = CARTESIAN_POINT('',(0.657307024069,6.502591442103));
#4725 = CARTESIAN_POINT('',(0.669191706094,6.452019121539));
#4726 = CARTESIAN_POINT('',(0.677114827444,6.418619674001));
#4727 = CARTESIAN_POINT('',(0.681076388119,6.402));
#4728 = ( GEOMETRIC_REPRESENTATION_CONTEXT(2) 
PARAMETRIC_REPRESENTATION_CONTEXT() REPRESENTATION_CONTEXT('2D SPACE',''
  ) );
#4729 = PCURVE('',#1475,#4730);
#4730 = DEFINITIONAL_REPRESENTATION('',(#4731),#4735);
#4731 = ELLIPSE('',#4732,7.636753236815,5.4);
#4732 = AXIS2_PLACEMENT_2D('',#4733,#4734);
#4733 = CARTESIAN_POINT('',(-36.,-3.111269837221));
#4734 = DIRECTION('',(-6.162975822039E-33,-1.));
#4735 = ( GEOMETRIC_REPRESENTATION_CONTEXT(2) 
PARAMETRIC_REPRESENTATION_CONTEXT() REPRESENTATION_CONTEXT('2D SPACE',''
  ) );
#4736 = ADVANCED_FACE('',(#4737),#2276,.F.);
#4737 = FACE_BOUND('',#4738,.F.);
#4738 = EDGE_LOOP('',(#4739,#4763,#4764,#4832));
#4739 = ORIENTED_EDGE('',*,*,#4740,.F.);
#4740 = EDGE_CURVE('',#2254,#4741,#4743,.T.);
#4741 = VERTEX_POINT('',#4742);
#4742 = CARTESIAN_POINT('',(-44.,35.4,4.));
#4743 = SURFACE_CURVE('',#4744,(#4749,#4756),.PCURVE_S1.);
#4744 = CIRCLE('',#4745,1.6);
#4745 = AXIS2_PLACEMENT_3D('',#4746,#4747,#4748);
#4746 = CARTESIAN_POINT('',(-42.4,35.4,4.));
#4747 = DIRECTION('',(-3.153195929581E-32,-6.123233995737E-17,1.));
#4748 = DIRECTION('',(0.,-1.,-6.123233995737E-17));
#4749 = PCURVE('',#2276,#4750);
#4750 = DEFINITIONAL_REPRESENTATION('',(#4751),#4755);
#4751 = LINE('',#4752,#4753);
#4752 = CARTESIAN_POINT('',(9.424777960769,2.000000000001E-03));
#4753 = VECTOR('',#4754,1.);
#4754 = DIRECTION('',(-1.,0.));
#4755 = ( GEOMETRIC_REPRESENTATION_CONTEXT(2) 
PARAMETRIC_REPRESENTATION_CONTEXT() REPRESENTATION_CONTEXT('2D SPACE',''
  ) );
#4756 = PCURVE('',#1022,#4757);
#4757 = DEFINITIONAL_REPRESENTATION('',(#4758),#4762);
#4758 = CIRCLE('',#4759,1.6);
#4759 = AXIS2_PLACEMENT_2D('',#4760,#4761);
#4760 = CARTESIAN_POINT('',(-42.37517660965,35.4));
#4761 = DIRECTION('',(-4.861730685829E-63,-1.));
#4762 = ( GEOMETRIC_REPRESENTATION_CONTEXT(2) 
PARAMETRIC_REPRESENTATION_CONTEXT() REPRESENTATION_CONTEXT('2D SPACE',''
  ) );
#4763 = ORIENTED_EDGE('',*,*,#2253,.T.);
#4764 = ORIENTED_EDGE('',*,*,#4765,.F.);
#4765 = EDGE_CURVE('',#4766,#2256,#4768,.T.);
#4766 = VERTEX_POINT('',#4767);
#4767 = CARTESIAN_POINT('',(-44.,35.4,2.4));
#4768 = SURFACE_CURVE('',#4769,(#4774,#4781),.PCURVE_S1.);
#4769 = CIRCLE('',#4770,1.6);
#4770 = AXIS2_PLACEMENT_3D('',#4771,#4772,#4773);
#4771 = CARTESIAN_POINT('',(-42.4,35.4,2.4));
#4772 = DIRECTION('',(0.,0.,-1.));
#4773 = DIRECTION('',(-1.,0.,0.));
#4774 = PCURVE('',#2276,#4775);
#4775 = DEFINITIONAL_REPRESENTATION('',(#4776),#4780);
#4776 = LINE('',#4777,#4778);
#4777 = CARTESIAN_POINT('',(4.712388980385,1.602));
#4778 = VECTOR('',#4779,1.);
#4779 = DIRECTION('',(1.,0.));
#4780 = ( GEOMETRIC_REPRESENTATION_CONTEXT(2) 
PARAMETRIC_REPRESENTATION_CONTEXT() REPRESENTATION_CONTEXT('2D SPACE',''
  ) );
#4781 = PCURVE('',#4782,#4804);
#4782 = ( BOUNDED_SURFACE() B_SPLINE_SURFACE(3,2,(
    (#4783,#4784,#4785)
    ,(#4786,#4787,#4788)
    ,(#4789,#4790,#4791)
    ,(#4792,#4793,#4794)
    ,(#4795,#4796,#4797)
    ,(#4798,#4799,#4800)
    ,(#4801,#4802,#4803
)),.UNSPECIFIED.,.F.,.F.,.F.) B_SPLINE_SURFACE_WITH_KNOTS((4,1,1,1,4),(3
    ,3),(3.14159265359,3.534291735289,3.926990816987,4.319689898686,
4.712388980385),(0.,1.),.UNSPECIFIED.) GEOMETRIC_REPRESENTATION_ITEM() 
RATIONAL_B_SPLINE_SURFACE((
    (1.,0.707106781187,1.)
    ,(1.,0.707106781503,1.)
    ,(1.,0.746571860684,1.)
    ,(1.,0.869029034442,1.)
    ,(1.,0.973464424253,1.)
    ,(1.,0.999999999972,1.)
,(1.,1.,1.))) REPRESENTATION_ITEM('') SURFACE() );
#4783 = CARTESIAN_POINT('',(-42.4,37.,2.4));
#4784 = CARTESIAN_POINT('',(-44.,37.,2.4));
#4785 = CARTESIAN_POINT('',(-44.,35.4,2.4));
#4786 = CARTESIAN_POINT('',(-42.39999999994,37.,2.085840571017));
#4787 = CARTESIAN_POINT('',(-43.99999999749,36.999999997496,
    1.876400461062));
#4788 = CARTESIAN_POINT('',(-44.,35.399999999949,2.085840571017));
#4789 = CARTESIAN_POINT('',(-42.35834499303,36.875034979038,
    1.457668734049));
#4790 = CARTESIAN_POINT('',(-43.7066711312,36.706671131206,0.92979167017
    ));
#4791 = CARTESIAN_POINT('',(-43.87503497903,35.358344993037,
    1.457668734049));
#4792 = CARTESIAN_POINT('',(-42.1804142805,36.341242841528,
    0.658757148245));
#4793 = CARTESIAN_POINT('',(-42.93995764431,35.939957644315,
    0.275759029065));
#4794 = CARTESIAN_POINT('',(-43.34124284152,35.180414280503,
    0.658757148245));
#4795 = CARTESIAN_POINT('',(-41.91411043464,35.542331303936,
    0.124965023884));
#4796 = CARTESIAN_POINT('',(-42.24505850089,35.2450585009,
    4.138234221074E-02));
#4797 = CARTESIAN_POINT('',(-42.54233130393,34.914110434647,
    0.124965023883));
#4798 = CARTESIAN_POINT('',(-41.70471978238,34.914159347168,
    4.708144270047E-16));
#4799 = CARTESIAN_POINT('',(-41.80943956478,34.809439564771,
    2.097015718727E-08));
#4800 = CARTESIAN_POINT('',(-41.91415934716,34.704719782389,
    -1.51788304148E-15));
#4801 = CARTESIAN_POINT('',(-41.6,34.6,-1.51788304148E-15));
#4802 = CARTESIAN_POINT('',(-41.6,34.6,-1.51788304148E-15));
#4803 = CARTESIAN_POINT('',(-41.6,34.6,-1.51788304148E-15));
#4804 = DEFINITIONAL_REPRESENTATION('',(#4805),#4831);
#4805 = B_SPLINE_CURVE_WITH_KNOTS('',3,(#4806,#4807,#4808,#4809,#4810,
    #4811,#4812,#4813,#4814,#4815,#4816,#4817,#4818,#4819,#4820,#4821,
    #4822,#4823,#4824,#4825,#4826,#4827,#4828,#4829,#4830),
  .UNSPECIFIED.,.F.,.F.,(4,1,1,1,1,1,1,1,1,1,1,1,1,1,1,1,1,1,1,1,1,1,4),
  (0.,7.139983303613E-02,0.142799666072,0.214199499108,0.285599332145,
    0.356999165181,0.428398998217,0.499798831253,0.571198664289,
    0.642598497325,0.713998330361,0.785398163397,0.856797996434,
    0.92819782947,0.999597662506,1.070997495542,1.142397328578,
    1.213797161614,1.28519699465,1.356596827687,1.427996660723,
    1.499396493759,1.570796326795),.QUASI_UNIFORM_KNOTS.);
#4806 = CARTESIAN_POINT('',(3.14159265359,1.));
#4807 = CARTESIAN_POINT('',(3.14159265359,0.983172198663));
#4808 = CARTESIAN_POINT('',(3.14159265359,0.950009297011));
#4809 = CARTESIAN_POINT('',(3.14159265359,0.901574474096));
#4810 = CARTESIAN_POINT('',(3.14159265359,0.854275086925));
#4811 = CARTESIAN_POINT('',(3.14159265359,0.807956362777));
#4812 = CARTESIAN_POINT('',(3.14159265359,0.762473275577));
#4813 = CARTESIAN_POINT('',(3.14159265359,0.717690577461));
#4814 = CARTESIAN_POINT('',(3.14159265359,0.673480563786));
#4815 = CARTESIAN_POINT('',(3.14159265359,0.629721689409));
#4816 = CARTESIAN_POINT('',(3.14159265359,0.586297147708));
#4817 = CARTESIAN_POINT('',(3.14159265359,0.543093605115));
#4818 = CARTESIAN_POINT('',(3.14159265359,0.5));
#4819 = CARTESIAN_POINT('',(3.14159265359,0.456906394885));
#4820 = CARTESIAN_POINT('',(3.14159265359,0.413702852292));
#4821 = CARTESIAN_POINT('',(3.14159265359,0.370278310591));
#4822 = CARTESIAN_POINT('',(3.14159265359,0.326519436214));
#4823 = CARTESIAN_POINT('',(3.14159265359,0.282309422539));
#4824 = CARTESIAN_POINT('',(3.14159265359,0.237526724423));
#4825 = CARTESIAN_POINT('',(3.14159265359,0.192043637223));
#4826 = CARTESIAN_POINT('',(3.14159265359,0.145724913075));
#4827 = CARTESIAN_POINT('',(3.14159265359,9.842552590405E-02));
#4828 = CARTESIAN_POINT('',(3.14159265359,4.999070298881E-02));
#4829 = CARTESIAN_POINT('',(3.14159265359,1.682780133706E-02));
#4830 = CARTESIAN_POINT('',(3.14159265359,0.));
#4831 = ( GEOMETRIC_REPRESENTATION_CONTEXT(2) 
PARAMETRIC_REPRESENTATION_CONTEXT() REPRESENTATION_CONTEXT('2D SPACE',''
  ) );
#4832 = ORIENTED_EDGE('',*,*,#4833,.F.);
#4833 = EDGE_CURVE('',#4741,#4766,#4834,.T.);
#4834 = SURFACE_CURVE('',#4835,(#4839,#4846),.PCURVE_S1.);
#4835 = LINE('',#4836,#4837);
#4836 = CARTESIAN_POINT('',(-44.,35.4,4.002));
#4837 = VECTOR('',#4838,1.);
#4838 = DIRECTION('',(3.153195929581E-32,6.123233995737E-17,-1.));
#4839 = PCURVE('',#2276,#4840);
#4840 = DEFINITIONAL_REPRESENTATION('',(#4841),#4845);
#4841 = LINE('',#4842,#4843);
#4842 = CARTESIAN_POINT('',(4.712388980385,4.440892098501E-16));
#4843 = VECTOR('',#4844,1.);
#4844 = DIRECTION('',(0.,1.));
#4845 = ( GEOMETRIC_REPRESENTATION_CONTEXT(2) 
PARAMETRIC_REPRESENTATION_CONTEXT() REPRESENTATION_CONTEXT('2D SPACE',''
  ) );
#4846 = PCURVE('',#4847,#4852);
#4847 = PLANE('',#4848);
#4848 = AXIS2_PLACEMENT_3D('',#4849,#4850,#4851);
#4849 = CARTESIAN_POINT('',(-44.,33.4,4.002));
#4850 = DIRECTION('',(-1.,1.930775651123E-48,-3.153195929581E-32));
#4851 = DIRECTION('',(-3.153195929581E-32,0.,1.));
#4852 = DEFINITIONAL_REPRESENTATION('',(#4853),#4857);
#4853 = LINE('',#4854,#4855);
#4854 = CARTESIAN_POINT('',(0.,2.));
#4855 = VECTOR('',#4856,1.);
#4856 = DIRECTION('',(-1.,6.123233995737E-17));
#4857 = ( GEOMETRIC_REPRESENTATION_CONTEXT(2) 
PARAMETRIC_REPRESENTATION_CONTEXT() REPRESENTATION_CONTEXT('2D SPACE',''
  ) );
#4858 = ADVANCED_FACE('',(#4859),#994,.F.);
#4859 = FACE_BOUND('',#4860,.F.);
#4860 = EDGE_LOOP('',(#4861,#4885,#4913,#4988));
#4861 = ORIENTED_EDGE('',*,*,#4862,.F.);
#4862 = EDGE_CURVE('',#4863,#979,#4865,.T.);
#4863 = VERTEX_POINT('',#4864);
#4864 = CARTESIAN_POINT('',(-54.49608314453,31.,4.));
#4865 = SURFACE_CURVE('',#4866,(#4871,#4878),.PCURVE_S1.);
#4866 = CIRCLE('',#4867,1.6);
#4867 = AXIS2_PLACEMENT_3D('',#4868,#4869,#4870);
#4868 = CARTESIAN_POINT('',(-55.4,29.679797622181,4.));
#4869 = DIRECTION('',(-3.153195929581E-32,-6.123233995737E-17,1.));
#4870 = DIRECTION('',(0.,-1.,-6.123233995737E-17));
#4871 = PCURVE('',#994,#4872);
#4872 = DEFINITIONAL_REPRESENTATION('',(#4873),#4877);
#4873 = LINE('',#4874,#4875);
#4874 = CARTESIAN_POINT('',(9.424777960769,2.000000000001E-03));
#4875 = VECTOR('',#4876,1.);
#4876 = DIRECTION('',(-1.,0.));
#4877 = ( GEOMETRIC_REPRESENTATION_CONTEXT(2) 
PARAMETRIC_REPRESENTATION_CONTEXT() REPRESENTATION_CONTEXT('2D SPACE',''
  ) );
#4878 = PCURVE('',#1022,#4879);
#4879 = DEFINITIONAL_REPRESENTATION('',(#4880),#4884);
#4880 = CIRCLE('',#4881,1.6);
#4881 = AXIS2_PLACEMENT_2D('',#4882,#4883);
#4882 = CARTESIAN_POINT('',(-55.37517660965,29.679797622181));
#4883 = DIRECTION('',(-4.861730685829E-63,-1.));
#4884 = ( GEOMETRIC_REPRESENTATION_CONTEXT(2) 
PARAMETRIC_REPRESENTATION_CONTEXT() REPRESENTATION_CONTEXT('2D SPACE',''
  ) );
#4885 = ORIENTED_EDGE('',*,*,#4886,.T.);
#4886 = EDGE_CURVE('',#4863,#4887,#4889,.T.);
#4887 = VERTEX_POINT('',#4888);
#4888 = CARTESIAN_POINT('',(-54.49608314453,31.,2.4));
#4889 = SURFACE_CURVE('',#4890,(#4894,#4901),.PCURVE_S1.);
#4890 = LINE('',#4891,#4892);
#4891 = CARTESIAN_POINT('',(-54.49608314453,31.,4.002));
#4892 = VECTOR('',#4893,1.);
#4893 = DIRECTION('',(3.153195929581E-32,6.123233995737E-17,-1.));
#4894 = PCURVE('',#994,#4895);
#4895 = DEFINITIONAL_REPRESENTATION('',(#4896),#4900);
#4896 = LINE('',#4897,#4898);
#4897 = CARTESIAN_POINT('',(6.883555580777,0.));
#4898 = VECTOR('',#4899,1.);
#4899 = DIRECTION('',(0.,1.));
#4900 = ( GEOMETRIC_REPRESENTATION_CONTEXT(2) 
PARAMETRIC_REPRESENTATION_CONTEXT() REPRESENTATION_CONTEXT('2D SPACE',''
  ) );
#4901 = PCURVE('',#4902,#4907);
#4902 = PLANE('',#4903);
#4903 = AXIS2_PLACEMENT_3D('',#4904,#4905,#4906);
#4904 = CARTESIAN_POINT('',(-52.3779376416,29.549747027727,4.002));
#4905 = DIRECTION('',(0.564948034668,0.825126486137,5.052442550695E-17)
  );
#4906 = DIRECTION('',(-0.825126486137,0.564948034668,-3.08148791102E-33)
  );
#4907 = DEFINITIONAL_REPRESENTATION('',(#4908),#4912);
#4908 = LINE('',#4909,#4910);
#4909 = CARTESIAN_POINT('',(2.567055522415,0.));
#4910 = VECTOR('',#4911,1.);
#4911 = DIRECTION('',(3.459309011707E-17,-1.));
#4912 = ( GEOMETRIC_REPRESENTATION_CONTEXT(2) 
PARAMETRIC_REPRESENTATION_CONTEXT() REPRESENTATION_CONTEXT('2D SPACE',''
  ) );
#4913 = ORIENTED_EDGE('',*,*,#4914,.F.);
#4914 = EDGE_CURVE('',#956,#4887,#4915,.T.);
#4915 = SURFACE_CURVE('',#4916,(#4921,#4928),.PCURVE_S1.);
#4916 = CIRCLE('',#4917,1.6);
#4917 = AXIS2_PLACEMENT_3D('',#4918,#4919,#4920);
#4918 = CARTESIAN_POINT('',(-55.4,29.679797622181,2.4));
#4919 = DIRECTION('',(0.,0.,-1.));
#4920 = DIRECTION('',(-1.,0.,0.));
#4921 = PCURVE('',#994,#4922);
#4922 = DEFINITIONAL_REPRESENTATION('',(#4923),#4927);
#4923 = LINE('',#4924,#4925);
#4924 = CARTESIAN_POINT('',(4.712388980385,1.602));
#4925 = VECTOR('',#4926,1.);
#4926 = DIRECTION('',(1.,0.));
#4927 = ( GEOMETRIC_REPRESENTATION_CONTEXT(2) 
PARAMETRIC_REPRESENTATION_CONTEXT() REPRESENTATION_CONTEXT('2D SPACE',''
  ) );
#4928 = PCURVE('',#4929,#4960);
#4929 = ( BOUNDED_SURFACE() B_SPLINE_SURFACE(3,2,(
    (#4930,#4931,#4932)
    ,(#4933,#4934,#4935)
    ,(#4936,#4937,#4938)
    ,(#4939,#4940,#4941)
    ,(#4942,#4943,#4944)
    ,(#4945,#4946,#4947)
    ,(#4948,#4949,#4950)
    ,(#4951,#4952,#4953)
    ,(#4954,#4955,#4956)
    ,(#4957,#4958,#4959
)),.UNSPECIFIED.,.F.,.F.,.F.) B_SPLINE_SURFACE_WITH_KNOTS((4,1,1,1,1,1,1
    ,4),(3,3),(3.14159265359,3.337942194439,3.534291735289,
    3.730641276138,3.926990816987,4.123340357837,4.319689898686,
4.712388980385),(0.,1.),.UNSPECIFIED.) GEOMETRIC_REPRESENTATION_ITEM() 
RATIONAL_B_SPLINE_SURFACE((
    (1.,0.466396808164,1.)
    ,(1.,0.466396808957,1.)
    ,(1.,0.488963976389,1.)
    ,(1.,0.572829883868,1.)
    ,(1.,0.677490248857,1.)
    ,(1.,0.782372157972,1.)
    ,(1.,0.874417031587,1.)
    ,(1.,0.969081235445,1.)
    ,(1.,0.999999999992,1.)
,(1.,1.,1.))) REPRESENTATION_ITEM('') SURFACE() );
#4930 = CARTESIAN_POINT('',(-54.49608314453,31.,2.4));
#4931 = CARTESIAN_POINT('',(-57.,32.71438310397,2.4));
#4932 = CARTESIAN_POINT('',(-57.,29.679797622181,2.4));
#4933 = CARTESIAN_POINT('',(-54.49608314449,30.999999999972,
    2.242920285508));
#4934 = CARTESIAN_POINT('',(-56.99999998996,32.714383084931,
    1.866224805247));
#4935 = CARTESIAN_POINT('',(-57.,29.679797622133,2.242920285508));
#4936 = CARTESIAN_POINT('',(-54.49742288208,30.963417881681,
    1.928765790634));
#4937 = CARTESIAN_POINT('',(-56.81807978741,32.369350331495,
    0.885369610847));
#4938 = CARTESIAN_POINT('',(-56.96905824316,29.660236079269,
    1.928765790634));
#4939 = CARTESIAN_POINT('',(-54.5033744626,30.800907375779,
    1.475638667485));
#4940 = CARTESIAN_POINT('',(-56.31895768803,31.422707408732,
    0.189509625826));
#4941 = CARTESIAN_POINT('',(-56.83160418674,29.573336895072,
    1.475638667485));
#4942 = CARTESIAN_POINT('',(-54.51303933239,30.537003885602,
    1.058038113369));
#4943 = CARTESIAN_POINT('',(-55.89914174887,30.626477812493,
    -2.738810834465E-03));
#4944 = CARTESIAN_POINT('',(-56.60839027802,29.432219877007,
    1.058038113369));
#4945 = CARTESIAN_POINT('',(-54.52604596263,30.181852167136,
    0.691997523556));
#4946 = CARTESIAN_POINT('',(-55.57329512734,30.008471920613,
    -3.00384522675E-02));
#4947 = CARTESIAN_POINT('',(-56.30799711833,29.242309726749,
    0.691997523556));
#4948 = CARTESIAN_POINT('',(-54.54189493799,29.749088973731,
    0.391634143322));
#4949 = CARTESIAN_POINT('',(-55.30293418956,29.495701060219,
    -1.972100580093E-02));
#4950 = CARTESIAN_POINT('',(-55.94195889774,29.010898420507,
    0.391634143322));
#4951 = CARTESIAN_POINT('',(-54.56600250835,29.090821237335,
    9.385993355791E-02));
#4952 = CARTESIAN_POINT('',(-54.98641095124,28.895378045438,
    -4.432171461959E-03));
#4953 = CARTESIAN_POINT('',(-55.38518522898,28.658903151365,
    9.385993355792E-02));
#4954 = CARTESIAN_POINT('',(-54.58639731388,28.533932165851,
    -3.806668697238E-15));
#4955 = CARTESIAN_POINT('',(-54.75027829892,28.447525096373,
    1.910851513659E-04));
#4956 = CARTESIAN_POINT('',(-54.91415930095,28.361118059129,
    -1.904387970344E-15));
#4957 = CARTESIAN_POINT('',(-54.6,28.162504881287,-8.673617379884E-16));
#4958 = CARTESIAN_POINT('',(-54.6,28.162504881287,-8.673617379884E-16));
#4959 = CARTESIAN_POINT('',(-54.6,28.162504881287,-8.673617379884E-16));
#4960 = DEFINITIONAL_REPRESENTATION('',(#4961),#4987);
#4961 = B_SPLINE_CURVE_WITH_KNOTS('',3,(#4962,#4963,#4964,#4965,#4966,
    #4967,#4968,#4969,#4970,#4971,#4972,#4973,#4974,#4975,#4976,#4977,
    #4978,#4979,#4980,#4981,#4982,#4983,#4984,#4985,#4986),
  .UNSPECIFIED.,.F.,.F.,(4,1,1,1,1,1,1,1,1,1,1,1,1,1,1,1,1,1,1,1,1,1,4),
  (0.,9.868939092693E-02,0.197378781854,0.296068172781,0.394757563708,
    0.493446954635,0.592136345562,0.690825736489,0.789515127415,
    0.888204518342,0.986893909269,1.085583300196,1.184272691123,
    1.28296208205,1.381651472977,1.480340863904,1.579030254831,
    1.677719645758,1.776409036685,1.875098427612,1.973787818539,
    2.072477209466,2.171166600392),.QUASI_UNIFORM_KNOTS.);
#4962 = CARTESIAN_POINT('',(3.14159265359,1.));
#4963 = CARTESIAN_POINT('',(3.14159265359,0.981411761318));
#4964 = CARTESIAN_POINT('',(3.14159265359,0.945317994386));
#4965 = CARTESIAN_POINT('',(3.14159265359,0.893986950589));
#4966 = CARTESIAN_POINT('',(3.14159265359,0.845001492314));
#4967 = CARTESIAN_POINT('',(3.14159265359,0.797986835827));
#4968 = CARTESIAN_POINT('',(3.14159265359,0.752609207442));
#4969 = CARTESIAN_POINT('',(3.14159265359,0.708574990642));
#4970 = CARTESIAN_POINT('',(3.14159265359,0.66561990841));
#4971 = CARTESIAN_POINT('',(3.14159265359,0.623502888944));
#4972 = CARTESIAN_POINT('',(3.14159265359,0.582000155749));
#4973 = CARTESIAN_POINT('',(3.14159265359,0.540900328276));
#4974 = CARTESIAN_POINT('',(3.14159265359,0.5));
#4975 = CARTESIAN_POINT('',(3.14159265359,0.459099671724));
#4976 = CARTESIAN_POINT('',(3.14159265359,0.417999844251));
#4977 = CARTESIAN_POINT('',(3.14159265359,0.376497111056));
#4978 = CARTESIAN_POINT('',(3.14159265359,0.33438009159));
#4979 = CARTESIAN_POINT('',(3.14159265359,0.291425009358));
#4980 = CARTESIAN_POINT('',(3.14159265359,0.247390792558));
#4981 = CARTESIAN_POINT('',(3.14159265359,0.202013164173));
#4982 = CARTESIAN_POINT('',(3.14159265359,0.154998507686));
#4983 = CARTESIAN_POINT('',(3.14159265359,0.106013049411));
#4984 = CARTESIAN_POINT('',(3.14159265359,5.468200561425E-02));
#4985 = CARTESIAN_POINT('',(3.14159265359,1.858823868216E-02));
#4986 = CARTESIAN_POINT('',(3.14159265359,0.));
#4987 = ( GEOMETRIC_REPRESENTATION_CONTEXT(2) 
PARAMETRIC_REPRESENTATION_CONTEXT() REPRESENTATION_CONTEXT('2D SPACE',''
  ) );
#4988 = ORIENTED_EDGE('',*,*,#978,.F.);
#4989 = ADVANCED_FACE('',(#4990),#4902,.F.);
#4990 = FACE_BOUND('',#4991,.T.);
#4991 = EDGE_LOOP('',(#4992,#4993,#5016,#5044));
#4992 = ORIENTED_EDGE('',*,*,#4886,.T.);
#4993 = ORIENTED_EDGE('',*,*,#4994,.T.);
#4994 = EDGE_CURVE('',#4887,#4995,#4997,.T.);
#4995 = VERTEX_POINT('',#4996);
#4996 = CARTESIAN_POINT('',(-50.25979213867,28.099494055453,2.4));
#4997 = SURFACE_CURVE('',#4998,(#5002,#5009),.PCURVE_S1.);
#4998 = LINE('',#4999,#5000);
#4999 = CARTESIAN_POINT('',(-50.25979213867,28.099494055453,2.4));
#5000 = VECTOR('',#5001,1.);
#5001 = DIRECTION('',(0.825126486137,-0.564948034668,-3.459309011707E-17
    ));
#5002 = PCURVE('',#4902,#5003);
#5003 = DEFINITIONAL_REPRESENTATION('',(#5004),#5008);
#5004 = LINE('',#5005,#5006);
#5005 = CARTESIAN_POINT('',(-2.567055522415,-1.602));
#5006 = VECTOR('',#5007,1.);
#5007 = DIRECTION('',(-1.,-3.459309011707E-17));
#5008 = ( GEOMETRIC_REPRESENTATION_CONTEXT(2) 
PARAMETRIC_REPRESENTATION_CONTEXT() REPRESENTATION_CONTEXT('2D SPACE',''
  ) );
#5009 = PCURVE('',#681,#5010);
#5010 = DEFINITIONAL_REPRESENTATION('',(#5011),#5015);
#5011 = LINE('',#5012,#5013);
#5012 = CARTESIAN_POINT('',(3.14159265359,-2.567055522415));
#5013 = VECTOR('',#5014,1.);
#5014 = DIRECTION('',(0.,-1.));
#5015 = ( GEOMETRIC_REPRESENTATION_CONTEXT(2) 
PARAMETRIC_REPRESENTATION_CONTEXT() REPRESENTATION_CONTEXT('2D SPACE',''
  ) );
#5016 = ORIENTED_EDGE('',*,*,#5017,.F.);
#5017 = EDGE_CURVE('',#5018,#4995,#5020,.T.);
#5018 = VERTEX_POINT('',#5019);
#5019 = CARTESIAN_POINT('',(-50.25979213867,28.099494055453,4.));
#5020 = SURFACE_CURVE('',#5021,(#5025,#5032),.PCURVE_S1.);
#5021 = LINE('',#5022,#5023);
#5022 = CARTESIAN_POINT('',(-50.25979213867,28.099494055453,4.002));
#5023 = VECTOR('',#5024,1.);
#5024 = DIRECTION('',(3.153195929581E-32,6.123233995737E-17,-1.));
#5025 = PCURVE('',#4902,#5026);
#5026 = DEFINITIONAL_REPRESENTATION('',(#5027),#5031);
#5027 = LINE('',#5028,#5029);
#5028 = CARTESIAN_POINT('',(-2.567055522415,-1.355854680849E-31));
#5029 = VECTOR('',#5030,1.);
#5030 = DIRECTION('',(3.459309011707E-17,-1.));
#5031 = ( GEOMETRIC_REPRESENTATION_CONTEXT(2) 
PARAMETRIC_REPRESENTATION_CONTEXT() REPRESENTATION_CONTEXT('2D SPACE',''
  ) );
#5032 = PCURVE('',#5033,#5038);
#5033 = CYLINDRICAL_SURFACE('',#5034,4.);
#5034 = AXIS2_PLACEMENT_3D('',#5035,#5036,#5037);
#5035 = CARTESIAN_POINT('',(-48.,31.4,4.002));
#5036 = DIRECTION('',(3.153195929581E-32,6.123233995737E-17,-1.));
#5037 = DIRECTION('',(0.,1.,6.123233995737E-17));
#5038 = DEFINITIONAL_REPRESENTATION('',(#5039),#5043);
#5039 = LINE('',#5040,#5041);
#5040 = CARTESIAN_POINT('',(3.741962927187,0.));
#5041 = VECTOR('',#5042,1.);
#5042 = DIRECTION('',(0.,1.));
#5043 = ( GEOMETRIC_REPRESENTATION_CONTEXT(2) 
PARAMETRIC_REPRESENTATION_CONTEXT() REPRESENTATION_CONTEXT('2D SPACE',''
  ) );
#5044 = ORIENTED_EDGE('',*,*,#5045,.F.);
#5045 = EDGE_CURVE('',#4863,#5018,#5046,.T.);
#5046 = SURFACE_CURVE('',#5047,(#5051,#5058),.PCURVE_S1.);
#5047 = LINE('',#5048,#5049);
#5048 = CARTESIAN_POINT('',(-52.3779376416,29.549747027727,4.));
#5049 = VECTOR('',#5050,1.);
#5050 = DIRECTION('',(0.825126486137,-0.564948034668,-3.459309011707E-17
    ));
#5051 = PCURVE('',#4902,#5052);
#5052 = DEFINITIONAL_REPRESENTATION('',(#5053),#5057);
#5053 = LINE('',#5054,#5055);
#5054 = CARTESIAN_POINT('',(6.162975822041E-36,-2.000000000001E-03));
#5055 = VECTOR('',#5056,1.);
#5056 = DIRECTION('',(-1.,-3.459309011707E-17));
#5057 = ( GEOMETRIC_REPRESENTATION_CONTEXT(2) 
PARAMETRIC_REPRESENTATION_CONTEXT() REPRESENTATION_CONTEXT('2D SPACE',''
  ) );
#5058 = PCURVE('',#1022,#5059);
#5059 = DEFINITIONAL_REPRESENTATION('',(#5060),#5064);
#5060 = LINE('',#5061,#5062);
#5061 = CARTESIAN_POINT('',(-52.35311425125,29.549747027727));
#5062 = VECTOR('',#5063,1.);
#5063 = DIRECTION('',(0.825126486137,-0.564948034668));
#5064 = ( GEOMETRIC_REPRESENTATION_CONTEXT(2) 
PARAMETRIC_REPRESENTATION_CONTEXT() REPRESENTATION_CONTEXT('2D SPACE',''
  ) );
#5065 = ADVANCED_FACE('',(#5066),#5033,.T.);
#5066 = FACE_BOUND('',#5067,.T.);
#5067 = EDGE_LOOP('',(#5068,#5069,#5093,#5116));
#5068 = ORIENTED_EDGE('',*,*,#5017,.T.);
#5069 = ORIENTED_EDGE('',*,*,#5070,.F.);
#5070 = EDGE_CURVE('',#5071,#4995,#5073,.T.);
#5071 = VERTEX_POINT('',#5072);
#5072 = CARTESIAN_POINT('',(-44.,31.4,2.4));
#5073 = SURFACE_CURVE('',#5074,(#5079,#5086),.PCURVE_S1.);
#5074 = CIRCLE('',#5075,4.);
#5075 = AXIS2_PLACEMENT_3D('',#5076,#5077,#5078);
#5076 = CARTESIAN_POINT('',(-48.,31.4,2.4));
#5077 = DIRECTION('',(3.153195929581E-32,6.123233995737E-17,-1.));
#5078 = DIRECTION('',(0.,1.,6.123233995737E-17));
#5079 = PCURVE('',#5033,#5080);
#5080 = DEFINITIONAL_REPRESENTATION('',(#5081),#5085);
#5081 = LINE('',#5082,#5083);
#5082 = CARTESIAN_POINT('',(0.,1.602));
#5083 = VECTOR('',#5084,1.);
#5084 = DIRECTION('',(1.,0.));
#5085 = ( GEOMETRIC_REPRESENTATION_CONTEXT(2) 
PARAMETRIC_REPRESENTATION_CONTEXT() REPRESENTATION_CONTEXT('2D SPACE',''
  ) );
#5086 = PCURVE('',#653,#5087);
#5087 = DEFINITIONAL_REPRESENTATION('',(#5088),#5092);
#5088 = LINE('',#5089,#5090);
#5089 = CARTESIAN_POINT('',(0.,3.14159265359));
#5090 = VECTOR('',#5091,1.);
#5091 = DIRECTION('',(1.,-2.045394442646E-16));
#5092 = ( GEOMETRIC_REPRESENTATION_CONTEXT(2) 
PARAMETRIC_REPRESENTATION_CONTEXT() REPRESENTATION_CONTEXT('2D SPACE',''
  ) );
#5093 = ORIENTED_EDGE('',*,*,#5094,.F.);
#5094 = EDGE_CURVE('',#5095,#5071,#5097,.T.);
#5095 = VERTEX_POINT('',#5096);
#5096 = CARTESIAN_POINT('',(-44.,31.4,4.));
#5097 = SURFACE_CURVE('',#5098,(#5102,#5109),.PCURVE_S1.);
#5098 = LINE('',#5099,#5100);
#5099 = CARTESIAN_POINT('',(-44.,31.4,4.002));
#5100 = VECTOR('',#5101,1.);
#5101 = DIRECTION('',(3.153195929581E-32,6.123233995737E-17,-1.));
#5102 = PCURVE('',#5033,#5103);
#5103 = DEFINITIONAL_REPRESENTATION('',(#5104),#5108);
#5104 = LINE('',#5105,#5106);
#5105 = CARTESIAN_POINT('',(1.570796326795,0.));
#5106 = VECTOR('',#5107,1.);
#5107 = DIRECTION('',(0.,1.));
#5108 = ( GEOMETRIC_REPRESENTATION_CONTEXT(2) 
PARAMETRIC_REPRESENTATION_CONTEXT() REPRESENTATION_CONTEXT('2D SPACE',''
  ) );
#5109 = PCURVE('',#4847,#5110);
#5110 = DEFINITIONAL_REPRESENTATION('',(#5111),#5115);
#5111 = LINE('',#5112,#5113);
#5112 = CARTESIAN_POINT('',(0.,-2.));
#5113 = VECTOR('',#5114,1.);
#5114 = DIRECTION('',(-1.,6.123233995737E-17));
#5115 = ( GEOMETRIC_REPRESENTATION_CONTEXT(2) 
PARAMETRIC_REPRESENTATION_CONTEXT() REPRESENTATION_CONTEXT('2D SPACE',''
  ) );
#5116 = ORIENTED_EDGE('',*,*,#5117,.F.);
#5117 = EDGE_CURVE('',#5018,#5095,#5118,.T.);
#5118 = SURFACE_CURVE('',#5119,(#5124,#5131),.PCURVE_S1.);
#5119 = CIRCLE('',#5120,4.);
#5120 = AXIS2_PLACEMENT_3D('',#5121,#5122,#5123);
#5121 = CARTESIAN_POINT('',(-48.,31.4,4.));
#5122 = DIRECTION('',(-3.153195929581E-32,-6.123233995737E-17,1.));
#5123 = DIRECTION('',(0.,-1.,-6.123233995737E-17));
#5124 = PCURVE('',#5033,#5125);
#5125 = DEFINITIONAL_REPRESENTATION('',(#5126),#5130);
#5126 = LINE('',#5127,#5128);
#5127 = CARTESIAN_POINT('',(9.424777960769,2.000000000001E-03));
#5128 = VECTOR('',#5129,1.);
#5129 = DIRECTION('',(-1.,0.));
#5130 = ( GEOMETRIC_REPRESENTATION_CONTEXT(2) 
PARAMETRIC_REPRESENTATION_CONTEXT() REPRESENTATION_CONTEXT('2D SPACE',''
  ) );
#5131 = PCURVE('',#1022,#5132);
#5132 = DEFINITIONAL_REPRESENTATION('',(#5133),#5137);
#5133 = CIRCLE('',#5134,4.);
#5134 = AXIS2_PLACEMENT_2D('',#5135,#5136);
#5135 = CARTESIAN_POINT('',(-47.97517660965,31.4));
#5136 = DIRECTION('',(-4.861730685829E-63,-1.));
#5137 = ( GEOMETRIC_REPRESENTATION_CONTEXT(2) 
PARAMETRIC_REPRESENTATION_CONTEXT() REPRESENTATION_CONTEXT('2D SPACE',''
  ) );
#5138 = ADVANCED_FACE('',(#5139),#4847,.F.);
#5139 = FACE_BOUND('',#5140,.T.);
#5140 = EDGE_LOOP('',(#5141,#5142,#5163,#5164));
#5141 = ORIENTED_EDGE('',*,*,#5094,.T.);
#5142 = ORIENTED_EDGE('',*,*,#5143,.T.);
#5143 = EDGE_CURVE('',#5071,#4766,#5144,.T.);
#5144 = SURFACE_CURVE('',#5145,(#5149,#5156),.PCURVE_S1.);
#5145 = LINE('',#5146,#5147);
#5146 = CARTESIAN_POINT('',(-44.,35.4,2.4));
#5147 = VECTOR('',#5148,1.);
#5148 = DIRECTION('',(-3.038581678643E-64,1.,6.123233995737E-17));
#5149 = PCURVE('',#4847,#5150);
#5150 = DEFINITIONAL_REPRESENTATION('',(#5151),#5155);
#5151 = LINE('',#5152,#5153);
#5152 = CARTESIAN_POINT('',(-1.602,2.));
#5153 = VECTOR('',#5154,1.);
#5154 = DIRECTION('',(6.123233995737E-17,1.));
#5155 = ( GEOMETRIC_REPRESENTATION_CONTEXT(2) 
PARAMETRIC_REPRESENTATION_CONTEXT() REPRESENTATION_CONTEXT('2D SPACE',''
  ) );
#5156 = PCURVE('',#624,#5157);
#5157 = DEFINITIONAL_REPRESENTATION('',(#5158),#5162);
#5158 = LINE('',#5159,#5160);
#5159 = CARTESIAN_POINT('',(4.712388980385,-2.));
#5160 = VECTOR('',#5161,1.);
#5161 = DIRECTION('',(0.,-1.));
#5162 = ( GEOMETRIC_REPRESENTATION_CONTEXT(2) 
PARAMETRIC_REPRESENTATION_CONTEXT() REPRESENTATION_CONTEXT('2D SPACE',''
  ) );
#5163 = ORIENTED_EDGE('',*,*,#4833,.F.);
#5164 = ORIENTED_EDGE('',*,*,#5165,.F.);
#5165 = EDGE_CURVE('',#5095,#4741,#5166,.T.);
#5166 = SURFACE_CURVE('',#5167,(#5171,#5178),.PCURVE_S1.);
#5167 = LINE('',#5168,#5169);
#5168 = CARTESIAN_POINT('',(-44.,33.4,4.));
#5169 = VECTOR('',#5170,1.);
#5170 = DIRECTION('',(-3.038581678643E-64,1.,6.123233995737E-17));
#5171 = PCURVE('',#4847,#5172);
#5172 = DEFINITIONAL_REPRESENTATION('',(#5173),#5177);
#5173 = LINE('',#5174,#5175);
#5174 = CARTESIAN_POINT('',(-2.000000000001E-03,-1.217622784812E-82));
#5175 = VECTOR('',#5176,1.);
#5176 = DIRECTION('',(6.123233995737E-17,1.));
#5177 = ( GEOMETRIC_REPRESENTATION_CONTEXT(2) 
PARAMETRIC_REPRESENTATION_CONTEXT() REPRESENTATION_CONTEXT('2D SPACE',''
  ) );
#5178 = PCURVE('',#1022,#5179);
#5179 = DEFINITIONAL_REPRESENTATION('',(#5180),#5184);
#5180 = LINE('',#5181,#5182);
#5181 = CARTESIAN_POINT('',(-43.97517660965,33.4));
#5182 = VECTOR('',#5183,1.);
#5183 = DIRECTION('',(4.557872517965E-63,1.));
#5184 = ( GEOMETRIC_REPRESENTATION_CONTEXT(2) 
PARAMETRIC_REPRESENTATION_CONTEXT() REPRESENTATION_CONTEXT('2D SPACE',''
  ) );
#5185 = ADVANCED_FACE('',(#5186,#5198),#1022,.T.);
#5186 = FACE_BOUND('',#5187,.T.);
#5187 = EDGE_LOOP('',(#5188,#5189,#5190,#5191,#5192,#5193,#5194,#5195,
    #5196,#5197));
#5188 = ORIENTED_EDGE('',*,*,#2441,.T.);
#5189 = ORIENTED_EDGE('',*,*,#4222,.T.);
#5190 = ORIENTED_EDGE('',*,*,#4173,.F.);
#5191 = ORIENTED_EDGE('',*,*,#4250,.F.);
#5192 = ORIENTED_EDGE('',*,*,#1006,.T.);
#5193 = ORIENTED_EDGE('',*,*,#4862,.F.);
#5194 = ORIENTED_EDGE('',*,*,#5045,.T.);
#5195 = ORIENTED_EDGE('',*,*,#5117,.T.);
#5196 = ORIENTED_EDGE('',*,*,#5165,.T.);
#5197 = ORIENTED_EDGE('',*,*,#4740,.F.);
#5198 = FACE_BOUND('',#5199,.T.);
#5199 = EDGE_LOOP('',(#5200));
#5200 = ORIENTED_EDGE('',*,*,#2523,.F.);
#5201 = ADVANCED_FACE('',(#5202),#2327,.F.);
#5202 = FACE_BOUND('',#5203,.F.);
#5203 = EDGE_LOOP('',(#5204,#5228,#5256,#5322));
#5204 = ORIENTED_EDGE('',*,*,#5205,.F.);
#5205 = EDGE_CURVE('',#5206,#2312,#5208,.T.);
#5206 = VERTEX_POINT('',#5207);
#5207 = CARTESIAN_POINT('',(44.,35.4,4.));
#5208 = SURFACE_CURVE('',#5209,(#5214,#5221),.PCURVE_S1.);
#5209 = CIRCLE('',#5210,1.6);
#5210 = AXIS2_PLACEMENT_3D('',#5211,#5212,#5213);
#5211 = CARTESIAN_POINT('',(42.4,35.4,4.));
#5212 = DIRECTION('',(-3.153195929581E-32,-6.123233995737E-17,1.));
#5213 = DIRECTION('',(0.,-1.,-6.123233995737E-17));
#5214 = PCURVE('',#2327,#5215);
#5215 = DEFINITIONAL_REPRESENTATION('',(#5216),#5220);
#5216 = LINE('',#5217,#5218);
#5217 = CARTESIAN_POINT('',(3.14159265359,2.000000000001E-03));
#5218 = VECTOR('',#5219,1.);
#5219 = DIRECTION('',(-1.,0.));
#5220 = ( GEOMETRIC_REPRESENTATION_CONTEXT(2) 
PARAMETRIC_REPRESENTATION_CONTEXT() REPRESENTATION_CONTEXT('2D SPACE',''
  ) );
#5221 = PCURVE('',#182,#5222);
#5222 = DEFINITIONAL_REPRESENTATION('',(#5223),#5227);
#5223 = CIRCLE('',#5224,1.6);
#5224 = AXIS2_PLACEMENT_2D('',#5225,#5226);
#5225 = CARTESIAN_POINT('',(42.424823390349,35.4));
#5226 = DIRECTION('',(-4.861730685829E-63,-1.));
#5227 = ( GEOMETRIC_REPRESENTATION_CONTEXT(2) 
PARAMETRIC_REPRESENTATION_CONTEXT() REPRESENTATION_CONTEXT('2D SPACE',''
  ) );
#5228 = ORIENTED_EDGE('',*,*,#5229,.T.);
#5229 = EDGE_CURVE('',#5206,#5230,#5232,.T.);
#5230 = VERTEX_POINT('',#5231);
#5231 = CARTESIAN_POINT('',(44.,35.4,2.4));
#5232 = SURFACE_CURVE('',#5233,(#5237,#5244),.PCURVE_S1.);
#5233 = LINE('',#5234,#5235);
#5234 = CARTESIAN_POINT('',(44.,35.4,4.002));
#5235 = VECTOR('',#5236,1.);
#5236 = DIRECTION('',(3.153195929581E-32,6.123233995737E-17,-1.));
#5237 = PCURVE('',#2327,#5238);
#5238 = DEFINITIONAL_REPRESENTATION('',(#5239),#5243);
#5239 = LINE('',#5240,#5241);
#5240 = CARTESIAN_POINT('',(1.570796326795,4.440892098501E-16));
#5241 = VECTOR('',#5242,1.);
#5242 = DIRECTION('',(0.,1.));
#5243 = ( GEOMETRIC_REPRESENTATION_CONTEXT(2) 
PARAMETRIC_REPRESENTATION_CONTEXT() REPRESENTATION_CONTEXT('2D SPACE',''
  ) );
#5244 = PCURVE('',#5245,#5250);
#5245 = PLANE('',#5246);
#5246 = AXIS2_PLACEMENT_3D('',#5247,#5248,#5249);
#5247 = CARTESIAN_POINT('',(44.,33.4,4.002));
#5248 = DIRECTION('',(-1.,1.930775651123E-48,-3.153195929581E-32));
#5249 = DIRECTION('',(-3.153195929581E-32,0.,1.));
#5250 = DEFINITIONAL_REPRESENTATION('',(#5251),#5255);
#5251 = LINE('',#5252,#5253);
#5252 = CARTESIAN_POINT('',(0.,2.));
#5253 = VECTOR('',#5254,1.);
#5254 = DIRECTION('',(-1.,6.123233995737E-17));
#5255 = ( GEOMETRIC_REPRESENTATION_CONTEXT(2) 
PARAMETRIC_REPRESENTATION_CONTEXT() REPRESENTATION_CONTEXT('2D SPACE',''
  ) );
#5256 = ORIENTED_EDGE('',*,*,#5257,.F.);
#5257 = EDGE_CURVE('',#2289,#5230,#5258,.T.);
#5258 = SURFACE_CURVE('',#5259,(#5264,#5271),.PCURVE_S1.);
#5259 = CIRCLE('',#5260,1.6);
#5260 = AXIS2_PLACEMENT_3D('',#5261,#5262,#5263);
#5261 = CARTESIAN_POINT('',(42.4,35.4,2.4));
#5262 = DIRECTION('',(0.,0.,-1.));
#5263 = DIRECTION('',(-1.,0.,0.));
#5264 = PCURVE('',#2327,#5265);
#5265 = DEFINITIONAL_REPRESENTATION('',(#5266),#5270);
#5266 = LINE('',#5267,#5268);
#5267 = CARTESIAN_POINT('',(-1.570796326795,1.602));
#5268 = VECTOR('',#5269,1.);
#5269 = DIRECTION('',(1.,0.));
#5270 = ( GEOMETRIC_REPRESENTATION_CONTEXT(2) 
PARAMETRIC_REPRESENTATION_CONTEXT() REPRESENTATION_CONTEXT('2D SPACE',''
  ) );
#5271 = PCURVE('',#5272,#5294);
#5272 = ( BOUNDED_SURFACE() B_SPLINE_SURFACE(3,2,(
    (#5273,#5274,#5275)
    ,(#5276,#5277,#5278)
    ,(#5279,#5280,#5281)
    ,(#5282,#5283,#5284)
    ,(#5285,#5286,#5287)
    ,(#5288,#5289,#5290)
    ,(#5291,#5292,#5293
)),.UNSPECIFIED.,.F.,.F.,.F.) B_SPLINE_SURFACE_WITH_KNOTS((4,1,1,1,4),(3
    ,3),(3.14159265359,3.534291735289,3.926990816987,4.319689898686,
4.712388980385),(0.,1.),.UNSPECIFIED.) GEOMETRIC_REPRESENTATION_ITEM() 
RATIONAL_B_SPLINE_SURFACE((
    (1.,0.707106781187,1.)
    ,(1.,0.707106781503,1.)
    ,(1.,0.746571860684,1.)
    ,(1.,0.869029034442,1.)
    ,(1.,0.973464424253,1.)
    ,(1.,0.999999999972,1.)
,(1.,1.,1.))) REPRESENTATION_ITEM('') SURFACE() );
#5273 = CARTESIAN_POINT('',(44.,35.4,2.4));
#5274 = CARTESIAN_POINT('',(44.,37.,2.4));
#5275 = CARTESIAN_POINT('',(42.4,37.,2.4));
#5276 = CARTESIAN_POINT('',(44.,35.399999999949,2.085840571017));
#5277 = CARTESIAN_POINT('',(43.999999997496,36.999999997496,
    1.876400461062));
#5278 = CARTESIAN_POINT('',(42.399999999949,37.,2.085840571017));
#5279 = CARTESIAN_POINT('',(43.875034979039,35.358344993037,
    1.457668734049));
#5280 = CARTESIAN_POINT('',(43.706671131206,36.706671131206,
    0.92979167017));
#5281 = CARTESIAN_POINT('',(42.358344993037,36.875034979038,
    1.457668734049));
#5282 = CARTESIAN_POINT('',(43.341242841528,35.180414280503,
    0.658757148245));
#5283 = CARTESIAN_POINT('',(42.939957644316,35.939957644316,
    0.275759029065));
#5284 = CARTESIAN_POINT('',(42.180414280503,36.341242841528,
    0.658757148245));
#5285 = CARTESIAN_POINT('',(42.542331303936,34.914110434647,
    0.124965023883));
#5286 = CARTESIAN_POINT('',(42.245058500897,35.245058500897,
    4.138234221074E-02));
#5287 = CARTESIAN_POINT('',(41.914110434647,35.542331303936,
    0.124965023883));
#5288 = CARTESIAN_POINT('',(41.914159347168,34.704719782389,
    -1.51788304148E-15));
#5289 = CARTESIAN_POINT('',(41.809439564776,34.809439564777,
    2.0970149159E-08));
#5290 = CARTESIAN_POINT('',(41.704719782389,34.914159347168,
    -3.506580509964E-15));
#5291 = CARTESIAN_POINT('',(41.6,34.6,-1.51788304148E-15));
#5292 = CARTESIAN_POINT('',(41.6,34.6,-1.51788304148E-15));
#5293 = CARTESIAN_POINT('',(41.6,34.6,-1.51788304148E-15));
#5294 = DEFINITIONAL_REPRESENTATION('',(#5295),#5321);
#5295 = B_SPLINE_CURVE_WITH_KNOTS('',3,(#5296,#5297,#5298,#5299,#5300,
    #5301,#5302,#5303,#5304,#5305,#5306,#5307,#5308,#5309,#5310,#5311,
    #5312,#5313,#5314,#5315,#5316,#5317,#5318,#5319,#5320),
  .UNSPECIFIED.,.F.,.F.,(4,1,1,1,1,1,1,1,1,1,1,1,1,1,1,1,1,1,1,1,1,1,4),
  (1.570796326795,1.642196159831,1.713595992867,1.784995825903,
    1.856395658939,1.927795491976,1.999195325012,2.070595158048,
    2.141994991084,2.21339482412,2.284794657156,2.356194490192,
    2.427594323228,2.498994156265,2.570393989301,2.641793822337,
    2.713193655373,2.784593488409,2.855993321445,2.927393154481,
    2.998792987518,3.070192820554,3.14159265359),.QUASI_UNIFORM_KNOTS.);
#5296 = CARTESIAN_POINT('',(3.14159265359,1.));
#5297 = CARTESIAN_POINT('',(3.14159265359,0.983172198663));
#5298 = CARTESIAN_POINT('',(3.14159265359,0.950009297011));
#5299 = CARTESIAN_POINT('',(3.14159265359,0.901574474096));
#5300 = CARTESIAN_POINT('',(3.14159265359,0.854275086925));
#5301 = CARTESIAN_POINT('',(3.14159265359,0.807956362777));
#5302 = CARTESIAN_POINT('',(3.14159265359,0.762473275577));
#5303 = CARTESIAN_POINT('',(3.14159265359,0.717690577461));
#5304 = CARTESIAN_POINT('',(3.14159265359,0.673480563786));
#5305 = CARTESIAN_POINT('',(3.14159265359,0.629721689409));
#5306 = CARTESIAN_POINT('',(3.14159265359,0.586297147708));
#5307 = CARTESIAN_POINT('',(3.14159265359,0.543093605115));
#5308 = CARTESIAN_POINT('',(3.14159265359,0.5));
#5309 = CARTESIAN_POINT('',(3.14159265359,0.456906394885));
#5310 = CARTESIAN_POINT('',(3.14159265359,0.413702852292));
#5311 = CARTESIAN_POINT('',(3.14159265359,0.370278310591));
#5312 = CARTESIAN_POINT('',(3.14159265359,0.326519436214));
#5313 = CARTESIAN_POINT('',(3.14159265359,0.282309422539));
#5314 = CARTESIAN_POINT('',(3.14159265359,0.237526724423));
#5315 = CARTESIAN_POINT('',(3.14159265359,0.192043637223));
#5316 = CARTESIAN_POINT('',(3.14159265359,0.145724913075));
#5317 = CARTESIAN_POINT('',(3.14159265359,9.842552590405E-02));
#5318 = CARTESIAN_POINT('',(3.14159265359,4.999070298881E-02));
#5319 = CARTESIAN_POINT('',(3.14159265359,1.682780133706E-02));
#5320 = CARTESIAN_POINT('',(3.14159265359,0.));
#5321 = ( GEOMETRIC_REPRESENTATION_CONTEXT(2) 
PARAMETRIC_REPRESENTATION_CONTEXT() REPRESENTATION_CONTEXT('2D SPACE',''
  ) );
#5322 = ORIENTED_EDGE('',*,*,#2311,.F.);
#5323 = ADVANCED_FACE('',(#5324),#5245,.T.);
#5324 = FACE_BOUND('',#5325,.T.);
#5325 = EDGE_LOOP('',(#5326,#5327,#5350,#5378));
#5326 = ORIENTED_EDGE('',*,*,#5229,.T.);
#5327 = ORIENTED_EDGE('',*,*,#5328,.F.);
#5328 = EDGE_CURVE('',#5329,#5230,#5331,.T.);
#5329 = VERTEX_POINT('',#5330);
#5330 = CARTESIAN_POINT('',(44.,31.4,2.4));
#5331 = SURFACE_CURVE('',#5332,(#5336,#5343),.PCURVE_S1.);
#5332 = LINE('',#5333,#5334);
#5333 = CARTESIAN_POINT('',(44.,33.4,2.4));
#5334 = VECTOR('',#5335,1.);
#5335 = DIRECTION('',(-3.038581678643E-64,1.,6.123233995737E-17));
#5336 = PCURVE('',#5245,#5337);
#5337 = DEFINITIONAL_REPRESENTATION('',(#5338),#5342);
#5338 = LINE('',#5339,#5340);
#5339 = CARTESIAN_POINT('',(-1.602,-9.753158506337E-80));
#5340 = VECTOR('',#5341,1.);
#5341 = DIRECTION('',(6.123233995737E-17,1.));
#5342 = ( GEOMETRIC_REPRESENTATION_CONTEXT(2) 
PARAMETRIC_REPRESENTATION_CONTEXT() REPRESENTATION_CONTEXT('2D SPACE',''
  ) );
#5343 = PCURVE('',#568,#5344);
#5344 = DEFINITIONAL_REPRESENTATION('',(#5345),#5349);
#5345 = LINE('',#5346,#5347);
#5346 = CARTESIAN_POINT('',(1.570796326795,33.4));
#5347 = VECTOR('',#5348,1.);
#5348 = DIRECTION('',(0.,1.));
#5349 = ( GEOMETRIC_REPRESENTATION_CONTEXT(2) 
PARAMETRIC_REPRESENTATION_CONTEXT() REPRESENTATION_CONTEXT('2D SPACE',''
  ) );
#5350 = ORIENTED_EDGE('',*,*,#5351,.F.);
#5351 = EDGE_CURVE('',#5352,#5329,#5354,.T.);
#5352 = VERTEX_POINT('',#5353);
#5353 = CARTESIAN_POINT('',(44.,31.4,4.));
#5354 = SURFACE_CURVE('',#5355,(#5359,#5366),.PCURVE_S1.);
#5355 = LINE('',#5356,#5357);
#5356 = CARTESIAN_POINT('',(44.,31.4,4.002));
#5357 = VECTOR('',#5358,1.);
#5358 = DIRECTION('',(3.153195929581E-32,6.123233995737E-17,-1.));
#5359 = PCURVE('',#5245,#5360);
#5360 = DEFINITIONAL_REPRESENTATION('',(#5361),#5365);
#5361 = LINE('',#5362,#5363);
#5362 = CARTESIAN_POINT('',(0.,-2.));
#5363 = VECTOR('',#5364,1.);
#5364 = DIRECTION('',(-1.,6.123233995737E-17));
#5365 = ( GEOMETRIC_REPRESENTATION_CONTEXT(2) 
PARAMETRIC_REPRESENTATION_CONTEXT() REPRESENTATION_CONTEXT('2D SPACE',''
  ) );
#5366 = PCURVE('',#5367,#5372);
#5367 = CYLINDRICAL_SURFACE('',#5368,4.);
#5368 = AXIS2_PLACEMENT_3D('',#5369,#5370,#5371);
#5369 = CARTESIAN_POINT('',(48.,31.4,4.002));
#5370 = DIRECTION('',(3.153195929581E-32,6.123233995737E-17,-1.));
#5371 = DIRECTION('',(0.,1.,6.123233995737E-17));
#5372 = DEFINITIONAL_REPRESENTATION('',(#5373),#5377);
#5373 = LINE('',#5374,#5375);
#5374 = CARTESIAN_POINT('',(4.712388980385,0.));
#5375 = VECTOR('',#5376,1.);
#5376 = DIRECTION('',(0.,1.));
#5377 = ( GEOMETRIC_REPRESENTATION_CONTEXT(2) 
PARAMETRIC_REPRESENTATION_CONTEXT() REPRESENTATION_CONTEXT('2D SPACE',''
  ) );
#5378 = ORIENTED_EDGE('',*,*,#5379,.T.);
#5379 = EDGE_CURVE('',#5352,#5206,#5380,.T.);
#5380 = SURFACE_CURVE('',#5381,(#5385,#5392),.PCURVE_S1.);
#5381 = LINE('',#5382,#5383);
#5382 = CARTESIAN_POINT('',(44.,33.4,4.));
#5383 = VECTOR('',#5384,1.);
#5384 = DIRECTION('',(-3.038581678643E-64,1.,6.123233995737E-17));
#5385 = PCURVE('',#5245,#5386);
#5386 = DEFINITIONAL_REPRESENTATION('',(#5387),#5391);
#5387 = LINE('',#5388,#5389);
#5388 = CARTESIAN_POINT('',(-2.000000000001E-03,-1.217622784812E-82));
#5389 = VECTOR('',#5390,1.);
#5390 = DIRECTION('',(6.123233995737E-17,1.));
#5391 = ( GEOMETRIC_REPRESENTATION_CONTEXT(2) 
PARAMETRIC_REPRESENTATION_CONTEXT() REPRESENTATION_CONTEXT('2D SPACE',''
  ) );
#5392 = PCURVE('',#182,#5393);
#5393 = DEFINITIONAL_REPRESENTATION('',(#5394),#5398);
#5394 = LINE('',#5395,#5396);
#5395 = CARTESIAN_POINT('',(44.024823390349,33.4));
#5396 = VECTOR('',#5397,1.);
#5397 = DIRECTION('',(4.557872517965E-63,1.));
#5398 = ( GEOMETRIC_REPRESENTATION_CONTEXT(2) 
PARAMETRIC_REPRESENTATION_CONTEXT() REPRESENTATION_CONTEXT('2D SPACE',''
  ) );
#5399 = ADVANCED_FACE('',(#5400),#5367,.T.);
#5400 = FACE_BOUND('',#5401,.T.);
#5401 = EDGE_LOOP('',(#5402,#5403,#5427,#5455));
#5402 = ORIENTED_EDGE('',*,*,#5351,.T.);
#5403 = ORIENTED_EDGE('',*,*,#5404,.F.);
#5404 = EDGE_CURVE('',#5405,#5329,#5407,.T.);
#5405 = VERTEX_POINT('',#5406);
#5406 = CARTESIAN_POINT('',(50.259792138674,28.099494055453,2.4));
#5407 = SURFACE_CURVE('',#5408,(#5413,#5420),.PCURVE_S1.);
#5408 = CIRCLE('',#5409,4.);
#5409 = AXIS2_PLACEMENT_3D('',#5410,#5411,#5412);
#5410 = CARTESIAN_POINT('',(48.,31.4,2.4));
#5411 = DIRECTION('',(3.153195929581E-32,6.123233995737E-17,-1.));
#5412 = DIRECTION('',(0.,1.,6.123233995737E-17));
#5413 = PCURVE('',#5367,#5414);
#5414 = DEFINITIONAL_REPRESENTATION('',(#5415),#5419);
#5415 = LINE('',#5416,#5417);
#5416 = CARTESIAN_POINT('',(4.440892098501E-16,1.602));
#5417 = VECTOR('',#5418,1.);
#5418 = DIRECTION('',(1.,0.));
#5419 = ( GEOMETRIC_REPRESENTATION_CONTEXT(2) 
PARAMETRIC_REPRESENTATION_CONTEXT() REPRESENTATION_CONTEXT('2D SPACE',''
  ) );
#5420 = PCURVE('',#540,#5421);
#5421 = DEFINITIONAL_REPRESENTATION('',(#5422),#5426);
#5422 = LINE('',#5423,#5424);
#5423 = CARTESIAN_POINT('',(4.440892098501E-16,3.14159265359));
#5424 = VECTOR('',#5425,1.);
#5425 = DIRECTION('',(1.,-2.045394442646E-16));
#5426 = ( GEOMETRIC_REPRESENTATION_CONTEXT(2) 
PARAMETRIC_REPRESENTATION_CONTEXT() REPRESENTATION_CONTEXT('2D SPACE',''
  ) );
#5427 = ORIENTED_EDGE('',*,*,#5428,.F.);
#5428 = EDGE_CURVE('',#5429,#5405,#5431,.T.);
#5429 = VERTEX_POINT('',#5430);
#5430 = CARTESIAN_POINT('',(50.259792138674,28.099494055453,4.));
#5431 = SURFACE_CURVE('',#5432,(#5436,#5443),.PCURVE_S1.);
#5432 = LINE('',#5433,#5434);
#5433 = CARTESIAN_POINT('',(50.259792138674,28.099494055453,4.002));
#5434 = VECTOR('',#5435,1.);
#5435 = DIRECTION('',(3.153195929581E-32,6.123233995737E-17,-1.));
#5436 = PCURVE('',#5367,#5437);
#5437 = DEFINITIONAL_REPRESENTATION('',(#5438),#5442);
#5438 = LINE('',#5439,#5440);
#5439 = CARTESIAN_POINT('',(2.541222379992,0.));
#5440 = VECTOR('',#5441,1.);
#5441 = DIRECTION('',(0.,1.));
#5442 = ( GEOMETRIC_REPRESENTATION_CONTEXT(2) 
PARAMETRIC_REPRESENTATION_CONTEXT() REPRESENTATION_CONTEXT('2D SPACE',''
  ) );
#5443 = PCURVE('',#5444,#5449);
#5444 = PLANE('',#5445);
#5445 = AXIS2_PLACEMENT_3D('',#5446,#5447,#5448);
#5446 = CARTESIAN_POINT('',(52.377937641602,29.549747027727,4.002));
#5447 = DIRECTION('',(0.564948034668,-0.825126486137,-5.052442550695E-17
    ));
#5448 = DIRECTION('',(0.825126486137,0.564948034668,-3.08148791102E-33)
  );
#5449 = DEFINITIONAL_REPRESENTATION('',(#5450),#5454);
#5450 = LINE('',#5451,#5452);
#5451 = CARTESIAN_POINT('',(-2.567055522415,-1.355854680849E-31));
#5452 = VECTOR('',#5453,1.);
#5453 = DIRECTION('',(3.459309011707E-17,-1.));
#5454 = ( GEOMETRIC_REPRESENTATION_CONTEXT(2) 
PARAMETRIC_REPRESENTATION_CONTEXT() REPRESENTATION_CONTEXT('2D SPACE',''
  ) );
#5455 = ORIENTED_EDGE('',*,*,#5456,.F.);
#5456 = EDGE_CURVE('',#5352,#5429,#5457,.T.);
#5457 = SURFACE_CURVE('',#5458,(#5463,#5470),.PCURVE_S1.);
#5458 = CIRCLE('',#5459,4.);
#5459 = AXIS2_PLACEMENT_3D('',#5460,#5461,#5462);
#5460 = CARTESIAN_POINT('',(48.,31.4,4.));
#5461 = DIRECTION('',(-3.153195929581E-32,-6.123233995737E-17,1.));
#5462 = DIRECTION('',(0.,-1.,-6.123233995737E-17));
#5463 = PCURVE('',#5367,#5464);
#5464 = DEFINITIONAL_REPRESENTATION('',(#5465),#5469);
#5465 = LINE('',#5466,#5467);
#5466 = CARTESIAN_POINT('',(9.424777960769,2.000000000001E-03));
#5467 = VECTOR('',#5468,1.);
#5468 = DIRECTION('',(-1.,0.));
#5469 = ( GEOMETRIC_REPRESENTATION_CONTEXT(2) 
PARAMETRIC_REPRESENTATION_CONTEXT() REPRESENTATION_CONTEXT('2D SPACE',''
  ) );
#5470 = PCURVE('',#182,#5471);
#5471 = DEFINITIONAL_REPRESENTATION('',(#5472),#5476);
#5472 = CIRCLE('',#5473,4.);
#5473 = AXIS2_PLACEMENT_2D('',#5474,#5475);
#5474 = CARTESIAN_POINT('',(48.024823390349,31.4));
#5475 = DIRECTION('',(-4.861730685829E-63,-1.));
#5476 = ( GEOMETRIC_REPRESENTATION_CONTEXT(2) 
PARAMETRIC_REPRESENTATION_CONTEXT() REPRESENTATION_CONTEXT('2D SPACE',''
  ) );
#5477 = ADVANCED_FACE('',(#5478),#5444,.T.);
#5478 = FACE_BOUND('',#5479,.T.);
#5479 = EDGE_LOOP('',(#5480,#5481,#5504,#5527));
#5480 = ORIENTED_EDGE('',*,*,#5428,.T.);
#5481 = ORIENTED_EDGE('',*,*,#5482,.F.);
#5482 = EDGE_CURVE('',#5483,#5405,#5485,.T.);
#5483 = VERTEX_POINT('',#5484);
#5484 = CARTESIAN_POINT('',(54.496083144531,31.,2.4));
#5485 = SURFACE_CURVE('',#5486,(#5490,#5497),.PCURVE_S1.);
#5486 = LINE('',#5487,#5488);
#5487 = CARTESIAN_POINT('',(52.377937641602,29.549747027727,2.4));
#5488 = VECTOR('',#5489,1.);
#5489 = DIRECTION('',(-0.825126486137,-0.564948034668,
    -3.459309011707E-17));
#5490 = PCURVE('',#5444,#5491);
#5491 = DEFINITIONAL_REPRESENTATION('',(#5492),#5496);
#5492 = LINE('',#5493,#5494);
#5493 = CARTESIAN_POINT('',(4.936543633453E-33,-1.602));
#5494 = VECTOR('',#5495,1.);
#5495 = DIRECTION('',(-1.,-3.459309011707E-17));
#5496 = ( GEOMETRIC_REPRESENTATION_CONTEXT(2) 
PARAMETRIC_REPRESENTATION_CONTEXT() REPRESENTATION_CONTEXT('2D SPACE',''
  ) );
#5497 = PCURVE('',#511,#5498);
#5498 = DEFINITIONAL_REPRESENTATION('',(#5499),#5503);
#5499 = LINE('',#5500,#5501);
#5500 = CARTESIAN_POINT('',(3.14159265359,-59.91249514556));
#5501 = VECTOR('',#5502,1.);
#5502 = DIRECTION('',(-8.649778042826E-17,1.));
#5503 = ( GEOMETRIC_REPRESENTATION_CONTEXT(2) 
PARAMETRIC_REPRESENTATION_CONTEXT() REPRESENTATION_CONTEXT('2D SPACE',''
  ) );
#5504 = ORIENTED_EDGE('',*,*,#5505,.F.);
#5505 = EDGE_CURVE('',#5506,#5483,#5508,.T.);
#5506 = VERTEX_POINT('',#5507);
#5507 = CARTESIAN_POINT('',(54.496083144531,31.,4.));
#5508 = SURFACE_CURVE('',#5509,(#5513,#5520),.PCURVE_S1.);
#5509 = LINE('',#5510,#5511);
#5510 = CARTESIAN_POINT('',(54.496083144531,31.,4.002));
#5511 = VECTOR('',#5512,1.);
#5512 = DIRECTION('',(3.153195929581E-32,6.123233995737E-17,-1.));
#5513 = PCURVE('',#5444,#5514);
#5514 = DEFINITIONAL_REPRESENTATION('',(#5515),#5519);
#5515 = LINE('',#5516,#5517);
#5516 = CARTESIAN_POINT('',(2.567055522415,0.));
#5517 = VECTOR('',#5518,1.);
#5518 = DIRECTION('',(3.459309011707E-17,-1.));
#5519 = ( GEOMETRIC_REPRESENTATION_CONTEXT(2) 
PARAMETRIC_REPRESENTATION_CONTEXT() REPRESENTATION_CONTEXT('2D SPACE',''
  ) );
#5520 = PCURVE('',#44,#5521);
#5521 = DEFINITIONAL_REPRESENTATION('',(#5522),#5526);
#5522 = LINE('',#5523,#5524);
#5523 = CARTESIAN_POINT('',(-0.600370273598,0.));
#5524 = VECTOR('',#5525,1.);
#5525 = DIRECTION('',(0.,1.));
#5526 = ( GEOMETRIC_REPRESENTATION_CONTEXT(2) 
PARAMETRIC_REPRESENTATION_CONTEXT() REPRESENTATION_CONTEXT('2D SPACE',''
  ) );
#5527 = ORIENTED_EDGE('',*,*,#5528,.T.);
#5528 = EDGE_CURVE('',#5506,#5429,#5529,.T.);
#5529 = SURFACE_CURVE('',#5530,(#5534,#5541),.PCURVE_S1.);
#5530 = LINE('',#5531,#5532);
#5531 = CARTESIAN_POINT('',(52.377937641602,29.549747027727,4.));
#5532 = VECTOR('',#5533,1.);
#5533 = DIRECTION('',(-0.825126486137,-0.564948034668,
    -3.459309011707E-17));
#5534 = PCURVE('',#5444,#5535);
#5535 = DEFINITIONAL_REPRESENTATION('',(#5536),#5540);
#5536 = LINE('',#5537,#5538);
#5537 = CARTESIAN_POINT('',(6.162975822041E-36,-2.000000000001E-03));
#5538 = VECTOR('',#5539,1.);
#5539 = DIRECTION('',(-1.,-3.459309011707E-17));
#5540 = ( GEOMETRIC_REPRESENTATION_CONTEXT(2) 
PARAMETRIC_REPRESENTATION_CONTEXT() REPRESENTATION_CONTEXT('2D SPACE',''
  ) );
#5541 = PCURVE('',#182,#5542);
#5542 = DEFINITIONAL_REPRESENTATION('',(#5543),#5547);
#5543 = LINE('',#5544,#5545);
#5544 = CARTESIAN_POINT('',(52.402761031951,29.549747027727));
#5545 = VECTOR('',#5546,1.);
#5546 = DIRECTION('',(-0.825126486137,-0.564948034668));
#5547 = ( GEOMETRIC_REPRESENTATION_CONTEXT(2) 
PARAMETRIC_REPRESENTATION_CONTEXT() REPRESENTATION_CONTEXT('2D SPACE',''
  ) );
#5548 = ADVANCED_FACE('',(#5549),#44,.F.);
#5549 = FACE_BOUND('',#5550,.F.);
#5550 = EDGE_LOOP('',(#5551,#5573,#5574,#5649));
#5551 = ORIENTED_EDGE('',*,*,#5552,.F.);
#5552 = EDGE_CURVE('',#22,#5506,#5553,.T.);
#5553 = SURFACE_CURVE('',#5554,(#5559,#5566),.PCURVE_S1.);
#5554 = CIRCLE('',#5555,1.6);
#5555 = AXIS2_PLACEMENT_3D('',#5556,#5557,#5558);
#5556 = CARTESIAN_POINT('',(55.4,29.679797622181,4.));
#5557 = DIRECTION('',(-3.153195929581E-32,-6.123233995737E-17,1.));
#5558 = DIRECTION('',(0.,-1.,-6.123233995737E-17));
#5559 = PCURVE('',#44,#5560);
#5560 = DEFINITIONAL_REPRESENTATION('',(#5561),#5565);
#5561 = LINE('',#5562,#5563);
#5562 = CARTESIAN_POINT('',(3.14159265359,2.000000000001E-03));
#5563 = VECTOR('',#5564,1.);
#5564 = DIRECTION('',(-1.,0.));
#5565 = ( GEOMETRIC_REPRESENTATION_CONTEXT(2) 
PARAMETRIC_REPRESENTATION_CONTEXT() REPRESENTATION_CONTEXT('2D SPACE',''
  ) );
#5566 = PCURVE('',#182,#5567);
#5567 = DEFINITIONAL_REPRESENTATION('',(#5568),#5572);
#5568 = CIRCLE('',#5569,1.6);
#5569 = AXIS2_PLACEMENT_2D('',#5570,#5571);
#5570 = CARTESIAN_POINT('',(55.424823390349,29.679797622181));
#5571 = DIRECTION('',(-4.861730685829E-63,-1.));
#5572 = ( GEOMETRIC_REPRESENTATION_CONTEXT(2) 
PARAMETRIC_REPRESENTATION_CONTEXT() REPRESENTATION_CONTEXT('2D SPACE',''
  ) );
#5573 = ORIENTED_EDGE('',*,*,#21,.T.);
#5574 = ORIENTED_EDGE('',*,*,#5575,.F.);
#5575 = EDGE_CURVE('',#5483,#24,#5576,.T.);
#5576 = SURFACE_CURVE('',#5577,(#5582,#5589),.PCURVE_S1.);
#5577 = CIRCLE('',#5578,1.6);
#5578 = AXIS2_PLACEMENT_3D('',#5579,#5580,#5581);
#5579 = CARTESIAN_POINT('',(55.4,29.679797622181,2.4));
#5580 = DIRECTION('',(0.,0.,-1.));
#5581 = DIRECTION('',(-1.,0.,0.));
#5582 = PCURVE('',#44,#5583);
#5583 = DEFINITIONAL_REPRESENTATION('',(#5584),#5588);
#5584 = LINE('',#5585,#5586);
#5585 = CARTESIAN_POINT('',(-1.570796326795,1.602));
#5586 = VECTOR('',#5587,1.);
#5587 = DIRECTION('',(1.,0.));
#5588 = ( GEOMETRIC_REPRESENTATION_CONTEXT(2) 
PARAMETRIC_REPRESENTATION_CONTEXT() REPRESENTATION_CONTEXT('2D SPACE',''
  ) );
#5589 = PCURVE('',#5590,#5621);
#5590 = ( BOUNDED_SURFACE() B_SPLINE_SURFACE(3,2,(
    (#5591,#5592,#5593)
    ,(#5594,#5595,#5596)
    ,(#5597,#5598,#5599)
    ,(#5600,#5601,#5602)
    ,(#5603,#5604,#5605)
    ,(#5606,#5607,#5608)
    ,(#5609,#5610,#5611)
    ,(#5612,#5613,#5614)
    ,(#5615,#5616,#5617)
    ,(#5618,#5619,#5620
)),.UNSPECIFIED.,.F.,.F.,.F.) B_SPLINE_SURFACE_WITH_KNOTS((4,1,1,1,1,1,1
    ,4),(3,3),(3.14159265359,3.337942194439,3.534291735289,
    3.730641276138,3.926990816987,4.123340357837,4.319689898686,
4.712388980385),(0.,1.),.UNSPECIFIED.) GEOMETRIC_REPRESENTATION_ITEM() 
RATIONAL_B_SPLINE_SURFACE((
    (1.,0.466396808164,1.)
    ,(1.,0.466396808957,1.)
    ,(1.,0.488963976389,1.)
    ,(1.,0.572829883868,1.)
    ,(1.,0.677490248857,1.)
    ,(1.,0.782372157972,1.)
    ,(1.,0.874417031587,1.)
    ,(1.,0.969081235445,1.)
    ,(1.,0.999999999992,1.)
,(1.,1.,1.))) REPRESENTATION_ITEM('') SURFACE() );
#5591 = CARTESIAN_POINT('',(57.,29.679797622181,2.4));
#5592 = CARTESIAN_POINT('',(57.,32.71438310397,2.4));
#5593 = CARTESIAN_POINT('',(54.496083144531,31.,2.4));
#5594 = CARTESIAN_POINT('',(57.,29.679797622133,2.242920285508));
#5595 = CARTESIAN_POINT('',(56.999999989962,32.714383084927,
    1.866224805247));
#5596 = CARTESIAN_POINT('',(54.496083144491,30.999999999973,
    2.242920285508));
#5597 = CARTESIAN_POINT('',(56.96905824316,29.660236079269,
    1.928765790634));
#5598 = CARTESIAN_POINT('',(56.818079787413,32.369350331496,
    0.885369610847));
#5599 = CARTESIAN_POINT('',(54.497422882079,30.96341788168,
    1.928765790634));
#5600 = CARTESIAN_POINT('',(56.831604186746,29.573336895072,
    1.475638667485));
#5601 = CARTESIAN_POINT('',(56.318957688032,31.422707408732,
    0.189509625823));
#5602 = CARTESIAN_POINT('',(54.503374462604,30.800907375779,
    1.475638667485));
#5603 = CARTESIAN_POINT('',(56.60839027802,29.432219877007,
    1.058038113369));
#5604 = CARTESIAN_POINT('',(55.899141748878,30.626477812493,
    -2.738810825224E-03));
#5605 = CARTESIAN_POINT('',(54.513039332398,30.537003885602,
    1.058038113369));
#5606 = CARTESIAN_POINT('',(56.30799711833,29.242309726749,
    0.691997523556));
#5607 = CARTESIAN_POINT('',(55.57329512734,30.008471920613,
    -3.003845229759E-02));
#5608 = CARTESIAN_POINT('',(54.52604596263,30.181852167136,
    0.691997523556));
#5609 = CARTESIAN_POINT('',(55.941958897745,29.010898420507,
    0.391634143322));
#5610 = CARTESIAN_POINT('',(55.302934189559,29.495701060219,
    -1.972100570049E-02));
#5611 = CARTESIAN_POINT('',(54.54189493799,29.749088973731,
    0.391634143322));
#5612 = CARTESIAN_POINT('',(55.38518522898,28.658903151365,
    9.385993355792E-02));
#5613 = CARTESIAN_POINT('',(54.986410951243,28.895378045438,
    -4.432171943284E-03));
#5614 = CARTESIAN_POINT('',(54.566002508353,29.090821237334,
    9.385993355795E-02));
#5615 = CARTESIAN_POINT('',(54.914159300951,28.361118059129,
    1.696644943673E-16));
#5616 = CARTESIAN_POINT('',(54.750278298914,28.447525096374,
    1.910872200039E-04));
#5617 = CARTESIAN_POINT('',(54.586397313879,28.533932165855,
    9.269430693397E-15));
#5618 = CARTESIAN_POINT('',(54.6,28.162504881287,-8.673617379884E-16));
#5619 = CARTESIAN_POINT('',(54.6,28.162504881287,-8.673617379884E-16));
#5620 = CARTESIAN_POINT('',(54.6,28.162504881287,-8.673617379884E-16));
#5621 = DEFINITIONAL_REPRESENTATION('',(#5622),#5648);
#5622 = B_SPLINE_CURVE_WITH_KNOTS('',3,(#5623,#5624,#5625,#5626,#5627,
    #5628,#5629,#5630,#5631,#5632,#5633,#5634,#5635,#5636,#5637,#5638,
    #5639,#5640,#5641,#5642,#5643,#5644,#5645,#5646,#5647),
  .UNSPECIFIED.,.F.,.F.,(4,1,1,1,1,1,1,1,1,1,1,1,1,1,1,1,1,1,1,1,1,1,4),
  (0.970426053197,1.069115444124,1.167804835051,1.266494225978,
    1.365183616905,1.463873007832,1.562562398759,1.661251789686,
    1.759941180613,1.85863057154,1.957319962467,2.056009353394,
    2.15469874432,2.253388135247,2.352077526174,2.450766917101,
    2.549456308028,2.648145698955,2.746835089882,2.845524480809,
    2.944213871736,3.042903262663,3.14159265359),.QUASI_UNIFORM_KNOTS.);
#5623 = CARTESIAN_POINT('',(3.14159265359,1.));
#5624 = CARTESIAN_POINT('',(3.14159265359,0.981411761318));
#5625 = CARTESIAN_POINT('',(3.14159265359,0.945317994386));
#5626 = CARTESIAN_POINT('',(3.14159265359,0.893986950589));
#5627 = CARTESIAN_POINT('',(3.14159265359,0.845001492314));
#5628 = CARTESIAN_POINT('',(3.14159265359,0.797986835827));
#5629 = CARTESIAN_POINT('',(3.14159265359,0.752609207442));
#5630 = CARTESIAN_POINT('',(3.14159265359,0.708574990642));
#5631 = CARTESIAN_POINT('',(3.14159265359,0.66561990841));
#5632 = CARTESIAN_POINT('',(3.14159265359,0.623502888944));
#5633 = CARTESIAN_POINT('',(3.14159265359,0.582000155749));
#5634 = CARTESIAN_POINT('',(3.14159265359,0.540900328276));
#5635 = CARTESIAN_POINT('',(3.14159265359,0.5));
#5636 = CARTESIAN_POINT('',(3.14159265359,0.459099671724));
#5637 = CARTESIAN_POINT('',(3.14159265359,0.417999844251));
#5638 = CARTESIAN_POINT('',(3.14159265359,0.376497111056));
#5639 = CARTESIAN_POINT('',(3.14159265359,0.33438009159));
#5640 = CARTESIAN_POINT('',(3.14159265359,0.291425009358));
#5641 = CARTESIAN_POINT('',(3.14159265359,0.247390792558));
#5642 = CARTESIAN_POINT('',(3.14159265359,0.202013164173));
#5643 = CARTESIAN_POINT('',(3.14159265359,0.154998507686));
#5644 = CARTESIAN_POINT('',(3.14159265359,0.106013049411));
#5645 = CARTESIAN_POINT('',(3.14159265359,5.468200561421E-02));
#5646 = CARTESIAN_POINT('',(3.14159265359,1.858823868214E-02));
#5647 = CARTESIAN_POINT('',(3.14159265359,0.));
#5648 = ( GEOMETRIC_REPRESENTATION_CONTEXT(2) 
PARAMETRIC_REPRESENTATION_CONTEXT() REPRESENTATION_CONTEXT('2D SPACE',''
  ) );
#5649 = ORIENTED_EDGE('',*,*,#5505,.F.);
#5650 = ADVANCED_FACE('',(#5651,#5654),#182,.T.);
#5651 = FACE_BOUND('',#5652,.T.);
#5652 = EDGE_LOOP('',(#5653));
#5653 = ORIENTED_EDGE('',*,*,#2624,.F.);
#5654 = FACE_BOUND('',#5655,.T.);
#5655 = EDGE_LOOP('',(#5656,#5657,#5658,#5659,#5660,#5661,#5662,#5663,
    #5664,#5665));
#5656 = ORIENTED_EDGE('',*,*,#168,.F.);
#5657 = ORIENTED_EDGE('',*,*,#4024,.T.);
#5658 = ORIENTED_EDGE('',*,*,#4073,.F.);
#5659 = ORIENTED_EDGE('',*,*,#4124,.F.);
#5660 = ORIENTED_EDGE('',*,*,#2339,.F.);
#5661 = ORIENTED_EDGE('',*,*,#5205,.F.);
#5662 = ORIENTED_EDGE('',*,*,#5379,.F.);
#5663 = ORIENTED_EDGE('',*,*,#5456,.T.);
#5664 = ORIENTED_EDGE('',*,*,#5528,.F.);
#5665 = ORIENTED_EDGE('',*,*,#5552,.F.);
#5666 = ADVANCED_FACE('',(#5667,#5670),#1127,.T.);
#5667 = FACE_BOUND('',#5668,.T.);
#5668 = EDGE_LOOP('',(#5669));
#5669 = ORIENTED_EDGE('',*,*,#2826,.F.);
#5670 = FACE_BOUND('',#5671,.T.);
#5671 = EDGE_LOOP('',(#5672,#5673,#5674,#5698,#5726,#5755,#5783,#5805,
    #5806,#5807));
#5672 = ORIENTED_EDGE('',*,*,#3899,.F.);
#5673 = ORIENTED_EDGE('',*,*,#1228,.F.);
#5674 = ORIENTED_EDGE('',*,*,#5675,.F.);
#5675 = EDGE_CURVE('',#5676,#1201,#5678,.T.);
#5676 = VERTEX_POINT('',#5677);
#5677 = CARTESIAN_POINT('',(-44.,-35.4,4.));
#5678 = SURFACE_CURVE('',#5679,(#5684,#5691),.PCURVE_S1.);
#5679 = CIRCLE('',#5680,1.6);
#5680 = AXIS2_PLACEMENT_3D('',#5681,#5682,#5683);
#5681 = CARTESIAN_POINT('',(-42.4,-35.4,4.));
#5682 = DIRECTION('',(-3.153195929581E-32,-6.123233995737E-17,1.));
#5683 = DIRECTION('',(0.,-1.,-6.123233995737E-17));
#5684 = PCURVE('',#1127,#5685);
#5685 = DEFINITIONAL_REPRESENTATION('',(#5686),#5690);
#5686 = CIRCLE('',#5687,1.6);
#5687 = AXIS2_PLACEMENT_2D('',#5688,#5689);
#5688 = CARTESIAN_POINT('',(-42.37517660965,-35.4));
#5689 = DIRECTION('',(-4.861730685829E-63,-1.));
#5690 = ( GEOMETRIC_REPRESENTATION_CONTEXT(2) 
PARAMETRIC_REPRESENTATION_CONTEXT() REPRESENTATION_CONTEXT('2D SPACE',''
  ) );
#5691 = PCURVE('',#1216,#5692);
#5692 = DEFINITIONAL_REPRESENTATION('',(#5693),#5697);
#5693 = LINE('',#5694,#5695);
#5694 = CARTESIAN_POINT('',(9.424777960769,2.000000000003E-03));
#5695 = VECTOR('',#5696,1.);
#5696 = DIRECTION('',(-1.,-5.654319433713E-16));
#5697 = ( GEOMETRIC_REPRESENTATION_CONTEXT(2) 
PARAMETRIC_REPRESENTATION_CONTEXT() REPRESENTATION_CONTEXT('2D SPACE',''
  ) );
#5698 = ORIENTED_EDGE('',*,*,#5699,.F.);
#5699 = EDGE_CURVE('',#5700,#5676,#5702,.T.);
#5700 = VERTEX_POINT('',#5701);
#5701 = CARTESIAN_POINT('',(-44.,-31.4,4.));
#5702 = SURFACE_CURVE('',#5703,(#5707,#5714),.PCURVE_S1.);
#5703 = LINE('',#5704,#5705);
#5704 = CARTESIAN_POINT('',(-44.,-33.4,4.));
#5705 = VECTOR('',#5706,1.);
#5706 = DIRECTION('',(3.038581678643E-64,-1.,-6.123233995737E-17));
#5707 = PCURVE('',#1127,#5708);
#5708 = DEFINITIONAL_REPRESENTATION('',(#5709),#5713);
#5709 = LINE('',#5710,#5711);
#5710 = CARTESIAN_POINT('',(-43.97517660965,-33.4));
#5711 = VECTOR('',#5712,1.);
#5712 = DIRECTION('',(-4.557872517965E-63,-1.));
#5713 = ( GEOMETRIC_REPRESENTATION_CONTEXT(2) 
PARAMETRIC_REPRESENTATION_CONTEXT() REPRESENTATION_CONTEXT('2D SPACE',''
  ) );
#5714 = PCURVE('',#5715,#5720);
#5715 = PLANE('',#5716);
#5716 = AXIS2_PLACEMENT_3D('',#5717,#5718,#5719);
#5717 = CARTESIAN_POINT('',(-44.,-33.4,4.002));
#5718 = DIRECTION('',(1.,-1.930775651123E-48,3.153195929581E-32));
#5719 = DIRECTION('',(3.153195929581E-32,0.,-1.));
#5720 = DEFINITIONAL_REPRESENTATION('',(#5721),#5725);
#5721 = LINE('',#5722,#5723);
#5722 = CARTESIAN_POINT('',(2.000000000001E-03,-1.217622784812E-82));
#5723 = VECTOR('',#5724,1.);
#5724 = DIRECTION('',(6.123233995737E-17,-1.));
#5725 = ( GEOMETRIC_REPRESENTATION_CONTEXT(2) 
PARAMETRIC_REPRESENTATION_CONTEXT() REPRESENTATION_CONTEXT('2D SPACE',''
  ) );
#5726 = ORIENTED_EDGE('',*,*,#5727,.T.);
#5727 = EDGE_CURVE('',#5700,#5728,#5730,.T.);
#5728 = VERTEX_POINT('',#5729);
#5729 = CARTESIAN_POINT('',(-50.25979213867,-28.09949405545,4.));
#5730 = SURFACE_CURVE('',#5731,(#5736,#5743),.PCURVE_S1.);
#5731 = CIRCLE('',#5732,4.);
#5732 = AXIS2_PLACEMENT_3D('',#5733,#5734,#5735);
#5733 = CARTESIAN_POINT('',(-48.,-31.4,4.));
#5734 = DIRECTION('',(-3.153195929581E-32,-6.123233995737E-17,1.));
#5735 = DIRECTION('',(0.,-1.,-6.123233995737E-17));
#5736 = PCURVE('',#1127,#5737);
#5737 = DEFINITIONAL_REPRESENTATION('',(#5738),#5742);
#5738 = CIRCLE('',#5739,4.);
#5739 = AXIS2_PLACEMENT_2D('',#5740,#5741);
#5740 = CARTESIAN_POINT('',(-47.97517660965,-31.4));
#5741 = DIRECTION('',(-4.861730685829E-63,-1.));
#5742 = ( GEOMETRIC_REPRESENTATION_CONTEXT(2) 
PARAMETRIC_REPRESENTATION_CONTEXT() REPRESENTATION_CONTEXT('2D SPACE',''
  ) );
#5743 = PCURVE('',#5744,#5749);
#5744 = CYLINDRICAL_SURFACE('',#5745,4.);
#5745 = AXIS2_PLACEMENT_3D('',#5746,#5747,#5748);
#5746 = CARTESIAN_POINT('',(-48.,-31.4,4.002));
#5747 = DIRECTION('',(3.153195929581E-32,6.123233995737E-17,-1.));
#5748 = DIRECTION('',(0.,1.,6.123233995737E-17));
#5749 = DEFINITIONAL_REPRESENTATION('',(#5750),#5754);
#5750 = LINE('',#5751,#5752);
#5751 = CARTESIAN_POINT('',(3.14159265359,2.000000000001E-03));
#5752 = VECTOR('',#5753,1.);
#5753 = DIRECTION('',(-1.,0.));
#5754 = ( GEOMETRIC_REPRESENTATION_CONTEXT(2) 
PARAMETRIC_REPRESENTATION_CONTEXT() REPRESENTATION_CONTEXT('2D SPACE',''
  ) );
#5755 = ORIENTED_EDGE('',*,*,#5756,.F.);
#5756 = EDGE_CURVE('',#5757,#5728,#5759,.T.);
#5757 = VERTEX_POINT('',#5758);
#5758 = CARTESIAN_POINT('',(-54.49608314453,-31.,4.));
#5759 = SURFACE_CURVE('',#5760,(#5764,#5771),.PCURVE_S1.);
#5760 = LINE('',#5761,#5762);
#5761 = CARTESIAN_POINT('',(-52.3779376416,-29.54974702772,4.));
#5762 = VECTOR('',#5763,1.);
#5763 = DIRECTION('',(0.825126486137,0.564948034668,3.459309011707E-17)
  );
#5764 = PCURVE('',#1127,#5765);
#5765 = DEFINITIONAL_REPRESENTATION('',(#5766),#5770);
#5766 = LINE('',#5767,#5768);
#5767 = CARTESIAN_POINT('',(-52.35311425125,-29.54974702772));
#5768 = VECTOR('',#5769,1.);
#5769 = DIRECTION('',(0.825126486137,0.564948034668));
#5770 = ( GEOMETRIC_REPRESENTATION_CONTEXT(2) 
PARAMETRIC_REPRESENTATION_CONTEXT() REPRESENTATION_CONTEXT('2D SPACE',''
  ) );
#5771 = PCURVE('',#5772,#5777);
#5772 = PLANE('',#5773);
#5773 = AXIS2_PLACEMENT_3D('',#5774,#5775,#5776);
#5774 = CARTESIAN_POINT('',(-52.3779376416,-29.54974702772,4.002));
#5775 = DIRECTION('',(-0.564948034668,0.825126486137,5.052442550695E-17)
  );
#5776 = DIRECTION('',(-0.825126486137,-0.564948034668,3.08148791102E-33)
  );
#5777 = DEFINITIONAL_REPRESENTATION('',(#5778),#5782);
#5778 = LINE('',#5779,#5780);
#5779 = CARTESIAN_POINT('',(-6.162975822041E-36,-2.000000000001E-03));
#5780 = VECTOR('',#5781,1.);
#5781 = DIRECTION('',(-1.,3.459309011707E-17));
#5782 = ( GEOMETRIC_REPRESENTATION_CONTEXT(2) 
PARAMETRIC_REPRESENTATION_CONTEXT() REPRESENTATION_CONTEXT('2D SPACE',''
  ) );
#5783 = ORIENTED_EDGE('',*,*,#5784,.F.);
#5784 = EDGE_CURVE('',#921,#5757,#5785,.T.);
#5785 = SURFACE_CURVE('',#5786,(#5791,#5798),.PCURVE_S1.);
#5786 = CIRCLE('',#5787,1.6);
#5787 = AXIS2_PLACEMENT_3D('',#5788,#5789,#5790);
#5788 = CARTESIAN_POINT('',(-55.4,-29.67979762218,4.));
#5789 = DIRECTION('',(-3.153195929581E-32,-6.123233995737E-17,1.));
#5790 = DIRECTION('',(0.,-1.,-6.123233995737E-17));
#5791 = PCURVE('',#1127,#5792);
#5792 = DEFINITIONAL_REPRESENTATION('',(#5793),#5797);
#5793 = CIRCLE('',#5794,1.6);
#5794 = AXIS2_PLACEMENT_2D('',#5795,#5796);
#5795 = CARTESIAN_POINT('',(-55.37517660965,-29.67979762218));
#5796 = DIRECTION('',(-4.861730685829E-63,-1.));
#5797 = ( GEOMETRIC_REPRESENTATION_CONTEXT(2) 
PARAMETRIC_REPRESENTATION_CONTEXT() REPRESENTATION_CONTEXT('2D SPACE',''
  ) );
#5798 = PCURVE('',#943,#5799);
#5799 = DEFINITIONAL_REPRESENTATION('',(#5800),#5804);
#5800 = LINE('',#5801,#5802);
#5801 = CARTESIAN_POINT('',(9.424777960769,2.000000000001E-03));
#5802 = VECTOR('',#5803,1.);
#5803 = DIRECTION('',(-1.,0.));
#5804 = ( GEOMETRIC_REPRESENTATION_CONTEXT(2) 
PARAMETRIC_REPRESENTATION_CONTEXT() REPRESENTATION_CONTEXT('2D SPACE',''
  ) );
#5805 = ORIENTED_EDGE('',*,*,#1113,.F.);
#5806 = ORIENTED_EDGE('',*,*,#3947,.T.);
#5807 = ORIENTED_EDGE('',*,*,#3996,.F.);
#5808 = ADVANCED_FACE('',(#5809),#1216,.F.);
#5809 = FACE_BOUND('',#5810,.F.);
#5810 = EDGE_LOOP('',(#5811,#5812,#5835,#5901));
#5811 = ORIENTED_EDGE('',*,*,#5675,.F.);
#5812 = ORIENTED_EDGE('',*,*,#5813,.T.);
#5813 = EDGE_CURVE('',#5676,#5814,#5816,.T.);
#5814 = VERTEX_POINT('',#5815);
#5815 = CARTESIAN_POINT('',(-44.,-35.4,2.4));
#5816 = SURFACE_CURVE('',#5817,(#5821,#5828),.PCURVE_S1.);
#5817 = LINE('',#5818,#5819);
#5818 = CARTESIAN_POINT('',(-44.,-35.4,4.002));
#5819 = VECTOR('',#5820,1.);
#5820 = DIRECTION('',(3.153195929581E-32,6.123233995737E-17,-1.));
#5821 = PCURVE('',#1216,#5822);
#5822 = DEFINITIONAL_REPRESENTATION('',(#5823),#5827);
#5823 = LINE('',#5824,#5825);
#5824 = CARTESIAN_POINT('',(4.712388980385,0.));
#5825 = VECTOR('',#5826,1.);
#5826 = DIRECTION('',(0.,1.));
#5827 = ( GEOMETRIC_REPRESENTATION_CONTEXT(2) 
PARAMETRIC_REPRESENTATION_CONTEXT() REPRESENTATION_CONTEXT('2D SPACE',''
  ) );
#5828 = PCURVE('',#5715,#5829);
#5829 = DEFINITIONAL_REPRESENTATION('',(#5830),#5834);
#5830 = LINE('',#5831,#5832);
#5831 = CARTESIAN_POINT('',(0.,-2.));
#5832 = VECTOR('',#5833,1.);
#5833 = DIRECTION('',(1.,6.123233995737E-17));
#5834 = ( GEOMETRIC_REPRESENTATION_CONTEXT(2) 
PARAMETRIC_REPRESENTATION_CONTEXT() REPRESENTATION_CONTEXT('2D SPACE',''
  ) );
#5835 = ORIENTED_EDGE('',*,*,#5836,.F.);
#5836 = EDGE_CURVE('',#1178,#5814,#5837,.T.);
#5837 = SURFACE_CURVE('',#5838,(#5843,#5850),.PCURVE_S1.);
#5838 = CIRCLE('',#5839,1.6);
#5839 = AXIS2_PLACEMENT_3D('',#5840,#5841,#5842);
#5840 = CARTESIAN_POINT('',(-42.4,-35.4,2.4));
#5841 = DIRECTION('',(0.,0.,-1.));
#5842 = DIRECTION('',(-1.,0.,0.));
#5843 = PCURVE('',#1216,#5844);
#5844 = DEFINITIONAL_REPRESENTATION('',(#5845),#5849);
#5845 = LINE('',#5846,#5847);
#5846 = CARTESIAN_POINT('',(-1.570796326795,1.602));
#5847 = VECTOR('',#5848,1.);
#5848 = DIRECTION('',(1.,0.));
#5849 = ( GEOMETRIC_REPRESENTATION_CONTEXT(2) 
PARAMETRIC_REPRESENTATION_CONTEXT() REPRESENTATION_CONTEXT('2D SPACE',''
  ) );
#5850 = PCURVE('',#5851,#5873);
#5851 = ( BOUNDED_SURFACE() B_SPLINE_SURFACE(3,2,(
    (#5852,#5853,#5854)
    ,(#5855,#5856,#5857)
    ,(#5858,#5859,#5860)
    ,(#5861,#5862,#5863)
    ,(#5864,#5865,#5866)
    ,(#5867,#5868,#5869)
    ,(#5870,#5871,#5872
)),.UNSPECIFIED.,.F.,.F.,.F.) B_SPLINE_SURFACE_WITH_KNOTS((4,1,1,1,4),(3
    ,3),(3.14159265359,3.534291735289,3.926990816987,4.319689898686,
4.712388980385),(0.,1.),.UNSPECIFIED.) GEOMETRIC_REPRESENTATION_ITEM() 
RATIONAL_B_SPLINE_SURFACE((
    (1.,0.707106781187,1.)
    ,(1.,0.707106781503,1.)
    ,(1.,0.746571860684,1.)
    ,(1.,0.869029034442,1.)
    ,(1.,0.973464424253,1.)
    ,(1.,0.999999999972,1.)
,(1.,1.,1.))) REPRESENTATION_ITEM('') SURFACE() );
#5852 = CARTESIAN_POINT('',(-44.,-35.4,2.4));
#5853 = CARTESIAN_POINT('',(-44.,-37.,2.4));
#5854 = CARTESIAN_POINT('',(-42.4,-37.,2.4));
#5855 = CARTESIAN_POINT('',(-44.,-35.39999999994,2.085840571017));
#5856 = CARTESIAN_POINT('',(-43.99999999749,-36.99999999749,
    1.876400461062));
#5857 = CARTESIAN_POINT('',(-42.39999999994,-37.,2.085840571017));
#5858 = CARTESIAN_POINT('',(-43.87503497903,-35.35834499303,
    1.457668734049));
#5859 = CARTESIAN_POINT('',(-43.7066711312,-36.7066711312,0.92979167017)
  );
#5860 = CARTESIAN_POINT('',(-42.35834499303,-36.87503497903,
    1.457668734049));
#5861 = CARTESIAN_POINT('',(-43.34124284152,-35.1804142805,
    0.658757148245));
#5862 = CARTESIAN_POINT('',(-42.93995764431,-35.93995764431,
    0.275759029065));
#5863 = CARTESIAN_POINT('',(-42.1804142805,-36.34124284152,
    0.658757148245));
#5864 = CARTESIAN_POINT('',(-42.54233130393,-34.91411043464,
    0.124965023883));
#5865 = CARTESIAN_POINT('',(-42.24505850089,-35.2450585009,
    4.138234221076E-02));
#5866 = CARTESIAN_POINT('',(-41.91411043464,-35.54233130393,
    0.124965023883));
#5867 = CARTESIAN_POINT('',(-41.91415934716,-34.70471978238,
    -1.301042606983E-15));
#5868 = CARTESIAN_POINT('',(-41.80943956478,-34.80943956476,
    2.097011715421E-08));
#5869 = CARTESIAN_POINT('',(-41.70471978238,-34.91415934716,
    -3.506580509964E-15));
#5870 = CARTESIAN_POINT('',(-41.6,-34.6,-1.301042606983E-15));
#5871 = CARTESIAN_POINT('',(-41.6,-34.6,-1.409462824231E-15));
#5872 = CARTESIAN_POINT('',(-41.6,-34.6,-1.51788304148E-15));
#5873 = DEFINITIONAL_REPRESENTATION('',(#5874),#5900);
#5874 = B_SPLINE_CURVE_WITH_KNOTS('',3,(#5875,#5876,#5877,#5878,#5879,
    #5880,#5881,#5882,#5883,#5884,#5885,#5886,#5887,#5888,#5889,#5890,
    #5891,#5892,#5893,#5894,#5895,#5896,#5897,#5898,#5899),
  .UNSPECIFIED.,.F.,.F.,(4,1,1,1,1,1,1,1,1,1,1,1,1,1,1,1,1,1,1,1,1,1,4),
  (4.712388980385,4.783788813421,4.855188646457,4.926588479493,
    4.997988312529,5.069388145565,5.140787978601,5.212187811638,
    5.283587644674,5.35498747771,5.426387310746,5.497787143782,
    5.569186976818,5.640586809854,5.711986642891,5.783386475927,
    5.854786308963,5.926186141999,5.997585975035,6.068985808071,
    6.140385641107,6.211785474143,6.28318530718),.QUASI_UNIFORM_KNOTS.);
#5875 = CARTESIAN_POINT('',(3.14159265359,1.));
#5876 = CARTESIAN_POINT('',(3.14159265359,0.983172198663));
#5877 = CARTESIAN_POINT('',(3.14159265359,0.950009297011));
#5878 = CARTESIAN_POINT('',(3.14159265359,0.901574474096));
#5879 = CARTESIAN_POINT('',(3.14159265359,0.854275086925));
#5880 = CARTESIAN_POINT('',(3.14159265359,0.807956362777));
#5881 = CARTESIAN_POINT('',(3.14159265359,0.762473275577));
#5882 = CARTESIAN_POINT('',(3.14159265359,0.717690577461));
#5883 = CARTESIAN_POINT('',(3.14159265359,0.673480563786));
#5884 = CARTESIAN_POINT('',(3.14159265359,0.629721689409));
#5885 = CARTESIAN_POINT('',(3.14159265359,0.586297147708));
#5886 = CARTESIAN_POINT('',(3.14159265359,0.543093605115));
#5887 = CARTESIAN_POINT('',(3.14159265359,0.5));
#5888 = CARTESIAN_POINT('',(3.14159265359,0.456906394885));
#5889 = CARTESIAN_POINT('',(3.14159265359,0.413702852292));
#5890 = CARTESIAN_POINT('',(3.14159265359,0.370278310591));
#5891 = CARTESIAN_POINT('',(3.14159265359,0.326519436214));
#5892 = CARTESIAN_POINT('',(3.14159265359,0.282309422539));
#5893 = CARTESIAN_POINT('',(3.14159265359,0.237526724423));
#5894 = CARTESIAN_POINT('',(3.14159265359,0.192043637223));
#5895 = CARTESIAN_POINT('',(3.14159265359,0.145724913075));
#5896 = CARTESIAN_POINT('',(3.14159265359,9.842552590405E-02));
#5897 = CARTESIAN_POINT('',(3.14159265359,4.999070298881E-02));
#5898 = CARTESIAN_POINT('',(3.14159265359,1.682780133706E-02));
#5899 = CARTESIAN_POINT('',(3.14159265359,0.));
#5900 = ( GEOMETRIC_REPRESENTATION_CONTEXT(2) 
PARAMETRIC_REPRESENTATION_CONTEXT() REPRESENTATION_CONTEXT('2D SPACE',''
  ) );
#5901 = ORIENTED_EDGE('',*,*,#1200,.F.);
#5902 = ADVANCED_FACE('',(#5903),#5715,.T.);
#5903 = FACE_BOUND('',#5904,.T.);
#5904 = EDGE_LOOP('',(#5905,#5906,#5929,#5950));
#5905 = ORIENTED_EDGE('',*,*,#5813,.T.);
#5906 = ORIENTED_EDGE('',*,*,#5907,.F.);
#5907 = EDGE_CURVE('',#5908,#5814,#5910,.T.);
#5908 = VERTEX_POINT('',#5909);
#5909 = CARTESIAN_POINT('',(-44.,-31.4,2.4));
#5910 = SURFACE_CURVE('',#5911,(#5915,#5922),.PCURVE_S1.);
#5911 = LINE('',#5912,#5913);
#5912 = CARTESIAN_POINT('',(-44.,-33.4,2.4));
#5913 = VECTOR('',#5914,1.);
#5914 = DIRECTION('',(3.038581678643E-64,-1.,-6.123233995737E-17));
#5915 = PCURVE('',#5715,#5916);
#5916 = DEFINITIONAL_REPRESENTATION('',(#5917),#5921);
#5917 = LINE('',#5918,#5919);
#5918 = CARTESIAN_POINT('',(1.602,-9.753158506337E-80));
#5919 = VECTOR('',#5920,1.);
#5920 = DIRECTION('',(6.123233995737E-17,-1.));
#5921 = ( GEOMETRIC_REPRESENTATION_CONTEXT(2) 
PARAMETRIC_REPRESENTATION_CONTEXT() REPRESENTATION_CONTEXT('2D SPACE',''
  ) );
#5922 = PCURVE('',#794,#5923);
#5923 = DEFINITIONAL_REPRESENTATION('',(#5924),#5928);
#5924 = LINE('',#5925,#5926);
#5925 = CARTESIAN_POINT('',(4.712388980385,33.4));
#5926 = VECTOR('',#5927,1.);
#5927 = DIRECTION('',(0.,1.));
#5928 = ( GEOMETRIC_REPRESENTATION_CONTEXT(2) 
PARAMETRIC_REPRESENTATION_CONTEXT() REPRESENTATION_CONTEXT('2D SPACE',''
  ) );
#5929 = ORIENTED_EDGE('',*,*,#5930,.F.);
#5930 = EDGE_CURVE('',#5700,#5908,#5931,.T.);
#5931 = SURFACE_CURVE('',#5932,(#5936,#5943),.PCURVE_S1.);
#5932 = LINE('',#5933,#5934);
#5933 = CARTESIAN_POINT('',(-44.,-31.4,4.002));
#5934 = VECTOR('',#5935,1.);
#5935 = DIRECTION('',(3.153195929581E-32,6.123233995737E-17,-1.));
#5936 = PCURVE('',#5715,#5937);
#5937 = DEFINITIONAL_REPRESENTATION('',(#5938),#5942);
#5938 = LINE('',#5939,#5940);
#5939 = CARTESIAN_POINT('',(0.,2.));
#5940 = VECTOR('',#5941,1.);
#5941 = DIRECTION('',(1.,6.123233995737E-17));
#5942 = ( GEOMETRIC_REPRESENTATION_CONTEXT(2) 
PARAMETRIC_REPRESENTATION_CONTEXT() REPRESENTATION_CONTEXT('2D SPACE',''
  ) );
#5943 = PCURVE('',#5744,#5944);
#5944 = DEFINITIONAL_REPRESENTATION('',(#5945),#5949);
#5945 = LINE('',#5946,#5947);
#5946 = CARTESIAN_POINT('',(1.570796326795,0.));
#5947 = VECTOR('',#5948,1.);
#5948 = DIRECTION('',(0.,1.));
#5949 = ( GEOMETRIC_REPRESENTATION_CONTEXT(2) 
PARAMETRIC_REPRESENTATION_CONTEXT() REPRESENTATION_CONTEXT('2D SPACE',''
  ) );
#5950 = ORIENTED_EDGE('',*,*,#5699,.T.);
#5951 = ADVANCED_FACE('',(#5952),#5744,.T.);
#5952 = FACE_BOUND('',#5953,.T.);
#5953 = EDGE_LOOP('',(#5954,#5955,#5979,#6000));
#5954 = ORIENTED_EDGE('',*,*,#5930,.T.);
#5955 = ORIENTED_EDGE('',*,*,#5956,.F.);
#5956 = EDGE_CURVE('',#5957,#5908,#5959,.T.);
#5957 = VERTEX_POINT('',#5958);
#5958 = CARTESIAN_POINT('',(-50.25979213867,-28.09949405545,2.4));
#5959 = SURFACE_CURVE('',#5960,(#5965,#5972),.PCURVE_S1.);
#5960 = CIRCLE('',#5961,4.);
#5961 = AXIS2_PLACEMENT_3D('',#5962,#5963,#5964);
#5962 = CARTESIAN_POINT('',(-48.,-31.4,2.4));
#5963 = DIRECTION('',(3.153195929581E-32,6.123233995737E-17,-1.));
#5964 = DIRECTION('',(0.,1.,6.123233995737E-17));
#5965 = PCURVE('',#5744,#5966);
#5966 = DEFINITIONAL_REPRESENTATION('',(#5967),#5971);
#5967 = LINE('',#5968,#5969);
#5968 = CARTESIAN_POINT('',(-6.28318530718,1.602));
#5969 = VECTOR('',#5970,1.);
#5970 = DIRECTION('',(1.,0.));
#5971 = ( GEOMETRIC_REPRESENTATION_CONTEXT(2) 
PARAMETRIC_REPRESENTATION_CONTEXT() REPRESENTATION_CONTEXT('2D SPACE',''
  ) );
#5972 = PCURVE('',#766,#5973);
#5973 = DEFINITIONAL_REPRESENTATION('',(#5974),#5978);
#5974 = LINE('',#5975,#5976);
#5975 = CARTESIAN_POINT('',(-6.28318530718,3.14159265359));
#5976 = VECTOR('',#5977,1.);
#5977 = DIRECTION('',(1.,4.090788885291E-16));
#5978 = ( GEOMETRIC_REPRESENTATION_CONTEXT(2) 
PARAMETRIC_REPRESENTATION_CONTEXT() REPRESENTATION_CONTEXT('2D SPACE',''
  ) );
#5979 = ORIENTED_EDGE('',*,*,#5980,.F.);
#5980 = EDGE_CURVE('',#5728,#5957,#5981,.T.);
#5981 = SURFACE_CURVE('',#5982,(#5986,#5993),.PCURVE_S1.);
#5982 = LINE('',#5983,#5984);
#5983 = CARTESIAN_POINT('',(-50.25979213867,-28.09949405545,4.002));
#5984 = VECTOR('',#5985,1.);
#5985 = DIRECTION('',(3.153195929581E-32,6.123233995737E-17,-1.));
#5986 = PCURVE('',#5744,#5987);
#5987 = DEFINITIONAL_REPRESENTATION('',(#5988),#5992);
#5988 = LINE('',#5989,#5990);
#5989 = CARTESIAN_POINT('',(-0.600370273598,0.));
#5990 = VECTOR('',#5991,1.);
#5991 = DIRECTION('',(0.,1.));
#5992 = ( GEOMETRIC_REPRESENTATION_CONTEXT(2) 
PARAMETRIC_REPRESENTATION_CONTEXT() REPRESENTATION_CONTEXT('2D SPACE',''
  ) );
#5993 = PCURVE('',#5772,#5994);
#5994 = DEFINITIONAL_REPRESENTATION('',(#5995),#5999);
#5995 = LINE('',#5996,#5997);
#5996 = CARTESIAN_POINT('',(-2.567055522415,1.355854680849E-31));
#5997 = VECTOR('',#5998,1.);
#5998 = DIRECTION('',(-3.459309011707E-17,-1.));
#5999 = ( GEOMETRIC_REPRESENTATION_CONTEXT(2) 
PARAMETRIC_REPRESENTATION_CONTEXT() REPRESENTATION_CONTEXT('2D SPACE',''
  ) );
#6000 = ORIENTED_EDGE('',*,*,#5727,.F.);
#6001 = ADVANCED_FACE('',(#6002),#5772,.T.);
#6002 = FACE_BOUND('',#6003,.T.);
#6003 = EDGE_LOOP('',(#6004,#6005,#6028,#6049));
#6004 = ORIENTED_EDGE('',*,*,#5980,.T.);
#6005 = ORIENTED_EDGE('',*,*,#6006,.F.);
#6006 = EDGE_CURVE('',#6007,#5957,#6009,.T.);
#6007 = VERTEX_POINT('',#6008);
#6008 = CARTESIAN_POINT('',(-54.49608314453,-31.,2.4));
#6009 = SURFACE_CURVE('',#6010,(#6014,#6021),.PCURVE_S1.);
#6010 = LINE('',#6011,#6012);
#6011 = CARTESIAN_POINT('',(-52.3779376416,-29.54974702772,2.4));
#6012 = VECTOR('',#6013,1.);
#6013 = DIRECTION('',(0.825126486137,0.564948034668,3.459309011707E-17)
  );
#6014 = PCURVE('',#5772,#6015);
#6015 = DEFINITIONAL_REPRESENTATION('',(#6016),#6020);
#6016 = LINE('',#6017,#6018);
#6017 = CARTESIAN_POINT('',(-4.936543633453E-33,-1.602));
#6018 = VECTOR('',#6019,1.);
#6019 = DIRECTION('',(-1.,3.459309011707E-17));
#6020 = ( GEOMETRIC_REPRESENTATION_CONTEXT(2) 
PARAMETRIC_REPRESENTATION_CONTEXT() REPRESENTATION_CONTEXT('2D SPACE',''
  ) );
#6021 = PCURVE('',#737,#6022);
#6022 = DEFINITIONAL_REPRESENTATION('',(#6023),#6027);
#6023 = LINE('',#6024,#6025);
#6024 = CARTESIAN_POINT('',(3.14159265359,-59.91249514556));
#6025 = VECTOR('',#6026,1.);
#6026 = DIRECTION('',(8.649778042826E-17,1.));
#6027 = ( GEOMETRIC_REPRESENTATION_CONTEXT(2) 
PARAMETRIC_REPRESENTATION_CONTEXT() REPRESENTATION_CONTEXT('2D SPACE',''
  ) );
#6028 = ORIENTED_EDGE('',*,*,#6029,.F.);
#6029 = EDGE_CURVE('',#5757,#6007,#6030,.T.);
#6030 = SURFACE_CURVE('',#6031,(#6035,#6042),.PCURVE_S1.);
#6031 = LINE('',#6032,#6033);
#6032 = CARTESIAN_POINT('',(-54.49608314453,-31.,4.002));
#6033 = VECTOR('',#6034,1.);
#6034 = DIRECTION('',(3.153195929581E-32,6.123233995737E-17,-1.));
#6035 = PCURVE('',#5772,#6036);
#6036 = DEFINITIONAL_REPRESENTATION('',(#6037),#6041);
#6037 = LINE('',#6038,#6039);
#6038 = CARTESIAN_POINT('',(2.567055522415,0.));
#6039 = VECTOR('',#6040,1.);
#6040 = DIRECTION('',(-3.459309011707E-17,-1.));
#6041 = ( GEOMETRIC_REPRESENTATION_CONTEXT(2) 
PARAMETRIC_REPRESENTATION_CONTEXT() REPRESENTATION_CONTEXT('2D SPACE',''
  ) );
#6042 = PCURVE('',#943,#6043);
#6043 = DEFINITIONAL_REPRESENTATION('',(#6044),#6048);
#6044 = LINE('',#6045,#6046);
#6045 = CARTESIAN_POINT('',(2.541222379992,0.));
#6046 = VECTOR('',#6047,1.);
#6047 = DIRECTION('',(0.,1.));
#6048 = ( GEOMETRIC_REPRESENTATION_CONTEXT(2) 
PARAMETRIC_REPRESENTATION_CONTEXT() REPRESENTATION_CONTEXT('2D SPACE',''
  ) );
#6049 = ORIENTED_EDGE('',*,*,#5756,.T.);
#6050 = ADVANCED_FACE('',(#6051),#943,.F.);
#6051 = FACE_BOUND('',#6052,.F.);
#6052 = EDGE_LOOP('',(#6053,#6054,#6055,#6130));
#6053 = ORIENTED_EDGE('',*,*,#5784,.F.);
#6054 = ORIENTED_EDGE('',*,*,#920,.T.);
#6055 = ORIENTED_EDGE('',*,*,#6056,.F.);
#6056 = EDGE_CURVE('',#6007,#923,#6057,.T.);
#6057 = SURFACE_CURVE('',#6058,(#6063,#6070),.PCURVE_S1.);
#6058 = CIRCLE('',#6059,1.6);
#6059 = AXIS2_PLACEMENT_3D('',#6060,#6061,#6062);
#6060 = CARTESIAN_POINT('',(-55.4,-29.67979762218,2.4));
#6061 = DIRECTION('',(0.,0.,-1.));
#6062 = DIRECTION('',(-1.,0.,0.));
#6063 = PCURVE('',#943,#6064);
#6064 = DEFINITIONAL_REPRESENTATION('',(#6065),#6069);
#6065 = LINE('',#6066,#6067);
#6066 = CARTESIAN_POINT('',(-1.570796326795,1.602));
#6067 = VECTOR('',#6068,1.);
#6068 = DIRECTION('',(1.,0.));
#6069 = ( GEOMETRIC_REPRESENTATION_CONTEXT(2) 
PARAMETRIC_REPRESENTATION_CONTEXT() REPRESENTATION_CONTEXT('2D SPACE',''
  ) );
#6070 = PCURVE('',#6071,#6102);
#6071 = ( BOUNDED_SURFACE() B_SPLINE_SURFACE(3,2,(
    (#6072,#6073,#6074)
    ,(#6075,#6076,#6077)
    ,(#6078,#6079,#6080)
    ,(#6081,#6082,#6083)
    ,(#6084,#6085,#6086)
    ,(#6087,#6088,#6089)
    ,(#6090,#6091,#6092)
    ,(#6093,#6094,#6095)
    ,(#6096,#6097,#6098)
    ,(#6099,#6100,#6101
)),.UNSPECIFIED.,.F.,.F.,.F.) B_SPLINE_SURFACE_WITH_KNOTS((4,1,1,1,1,1,1
    ,4),(3,3),(3.14159265359,3.337942194439,3.534291735289,
    3.730641276138,3.926990816987,4.123340357837,4.319689898686,
4.712388980385),(0.,1.),.UNSPECIFIED.) GEOMETRIC_REPRESENTATION_ITEM() 
RATIONAL_B_SPLINE_SURFACE((
    (1.,0.466396808164,1.)
    ,(1.,0.466396808957,1.)
    ,(1.,0.488963976389,1.)
    ,(1.,0.572829883868,1.)
    ,(1.,0.677490248857,1.)
    ,(1.,0.782372157972,1.)
    ,(1.,0.874417031587,1.)
    ,(1.,0.969081235445,1.)
    ,(1.,0.999999999992,1.)
,(1.,1.,1.))) REPRESENTATION_ITEM('') SURFACE() );
#6072 = CARTESIAN_POINT('',(-57.,-29.67979762218,2.4));
#6073 = CARTESIAN_POINT('',(-57.,-32.71438310397,2.4));
#6074 = CARTESIAN_POINT('',(-54.49608314453,-31.,2.4));
#6075 = CARTESIAN_POINT('',(-57.,-29.67979762213,2.242920285508));
#6076 = CARTESIAN_POINT('',(-56.99999998996,-32.71438308492,
    1.866224805247));
#6077 = CARTESIAN_POINT('',(-54.49608314449,-30.99999999997,
    2.242920285508));
#6078 = CARTESIAN_POINT('',(-56.96905824316,-29.66023607926,
    1.928765790634));
#6079 = CARTESIAN_POINT('',(-56.81807978741,-32.36935033149,
    0.885369610847));
#6080 = CARTESIAN_POINT('',(-54.49742288207,-30.96341788168,
    1.928765790634));
#6081 = CARTESIAN_POINT('',(-56.83160418674,-29.57333689507,
    1.475638667485));
#6082 = CARTESIAN_POINT('',(-56.31895768803,-31.42270740873,
    0.189509625823));
#6083 = CARTESIAN_POINT('',(-54.5033744626,-30.80090737577,
    1.475638667485));
#6084 = CARTESIAN_POINT('',(-56.60839027802,-29.432219877,1.058038113369
    ));
#6085 = CARTESIAN_POINT('',(-55.89914174887,-30.62647781249,
    -2.738810825222E-03));
#6086 = CARTESIAN_POINT('',(-54.51303933239,-30.5370038856,
    1.058038113369));
#6087 = CARTESIAN_POINT('',(-56.30799711833,-29.24230972674,
    0.691997523556));
#6088 = CARTESIAN_POINT('',(-55.57329512734,-30.00847192061,
    -3.003845229759E-02));
#6089 = CARTESIAN_POINT('',(-54.52604596263,-30.18185216713,
    0.691997523556));
#6090 = CARTESIAN_POINT('',(-55.94195889774,-29.0108984205,
    0.391634143322));
#6091 = CARTESIAN_POINT('',(-55.30293418955,-29.49570106021,
    -1.972100570049E-02));
#6092 = CARTESIAN_POINT('',(-54.54189493799,-29.74908897373,
    0.391634143322));
#6093 = CARTESIAN_POINT('',(-55.38518522898,-28.65890315136,
    9.385993355792E-02));
#6094 = CARTESIAN_POINT('',(-54.98641095124,-28.89537804543,
    -4.432171943286E-03));
#6095 = CARTESIAN_POINT('',(-54.56600250835,-29.09082123733,
    9.385993355795E-02));
#6096 = CARTESIAN_POINT('',(-54.91415930095,-28.36111805912,
    1.696644943673E-16));
#6097 = CARTESIAN_POINT('',(-54.75027829891,-28.44752509637,
    1.910872200039E-04));
#6098 = CARTESIAN_POINT('',(-54.58639731387,-28.53393216585,
    9.2694306934E-15));
#6099 = CARTESIAN_POINT('',(-54.6,-28.16250488128,-8.673617379884E-16));
#6100 = CARTESIAN_POINT('',(-54.6,-28.16250488128,-8.673617379884E-16));
#6101 = CARTESIAN_POINT('',(-54.6,-28.16250488128,-8.673617379884E-16));
#6102 = DEFINITIONAL_REPRESENTATION('',(#6103),#6129);
#6103 = B_SPLINE_CURVE_WITH_KNOTS('',3,(#6104,#6105,#6106,#6107,#6108,
    #6109,#6110,#6111,#6112,#6113,#6114,#6115,#6116,#6117,#6118,#6119,
    #6120,#6121,#6122,#6123,#6124,#6125,#6126,#6127,#6128),
  .UNSPECIFIED.,.F.,.F.,(4,1,1,1,1,1,1,1,1,1,1,1,1,1,1,1,1,1,1,1,1,1,4),
  (4.112018706787,4.210708097714,4.309397488641,4.408086879568,
    4.506776270495,4.605465661422,4.704155052349,4.802844443276,
    4.901533834203,5.000223225129,5.098912616056,5.197602006983,
    5.29629139791,5.394980788837,5.493670179764,5.592359570691,
    5.691048961618,5.789738352545,5.888427743472,5.987117134399,
    6.085806525326,6.184495916253,6.28318530718),.QUASI_UNIFORM_KNOTS.);
#6104 = CARTESIAN_POINT('',(3.14159265359,1.));
#6105 = CARTESIAN_POINT('',(3.14159265359,0.981411761318));
#6106 = CARTESIAN_POINT('',(3.14159265359,0.945317994386));
#6107 = CARTESIAN_POINT('',(3.14159265359,0.893986950589));
#6108 = CARTESIAN_POINT('',(3.14159265359,0.845001492314));
#6109 = CARTESIAN_POINT('',(3.14159265359,0.797986835827));
#6110 = CARTESIAN_POINT('',(3.14159265359,0.752609207442));
#6111 = CARTESIAN_POINT('',(3.14159265359,0.708574990642));
#6112 = CARTESIAN_POINT('',(3.14159265359,0.66561990841));
#6113 = CARTESIAN_POINT('',(3.14159265359,0.623502888944));
#6114 = CARTESIAN_POINT('',(3.14159265359,0.582000155749));
#6115 = CARTESIAN_POINT('',(3.14159265359,0.540900328276));
#6116 = CARTESIAN_POINT('',(3.14159265359,0.5));
#6117 = CARTESIAN_POINT('',(3.14159265359,0.459099671724));
#6118 = CARTESIAN_POINT('',(3.14159265359,0.417999844251));
#6119 = CARTESIAN_POINT('',(3.14159265359,0.376497111056));
#6120 = CARTESIAN_POINT('',(3.14159265359,0.33438009159));
#6121 = CARTESIAN_POINT('',(3.14159265359,0.291425009358));
#6122 = CARTESIAN_POINT('',(3.14159265359,0.247390792558));
#6123 = CARTESIAN_POINT('',(3.14159265359,0.202013164173));
#6124 = CARTESIAN_POINT('',(3.14159265359,0.154998507686));
#6125 = CARTESIAN_POINT('',(3.14159265359,0.106013049411));
#6126 = CARTESIAN_POINT('',(3.14159265359,5.468200561421E-02));
#6127 = CARTESIAN_POINT('',(3.14159265359,1.858823868214E-02));
#6128 = CARTESIAN_POINT('',(3.14159265359,0.));
#6129 = ( GEOMETRIC_REPRESENTATION_CONTEXT(2) 
PARAMETRIC_REPRESENTATION_CONTEXT() REPRESENTATION_CONTEXT('2D SPACE',''
  ) );
#6130 = ORIENTED_EDGE('',*,*,#6029,.F.);
#6131 = ADVANCED_FACE('',(#6132),#1165,.F.);
#6132 = FACE_BOUND('',#6133,.F.);
#6133 = EDGE_LOOP('',(#6134,#6158,#6159,#6227));
#6134 = ORIENTED_EDGE('',*,*,#6135,.F.);
#6135 = EDGE_CURVE('',#1143,#6136,#6138,.T.);
#6136 = VERTEX_POINT('',#6137);
#6137 = CARTESIAN_POINT('',(44.,-35.4,4.));
#6138 = SURFACE_CURVE('',#6139,(#6144,#6151),.PCURVE_S1.);
#6139 = CIRCLE('',#6140,1.6);
#6140 = AXIS2_PLACEMENT_3D('',#6141,#6142,#6143);
#6141 = CARTESIAN_POINT('',(42.4,-35.4,4.));
#6142 = DIRECTION('',(-3.153195929581E-32,-6.123233995737E-17,1.));
#6143 = DIRECTION('',(0.,-1.,-6.123233995737E-17));
#6144 = PCURVE('',#1165,#6145);
#6145 = DEFINITIONAL_REPRESENTATION('',(#6146),#6150);
#6146 = LINE('',#6147,#6148);
#6147 = CARTESIAN_POINT('',(3.14159265359,2.E-03));
#6148 = VECTOR('',#6149,1.);
#6149 = DIRECTION('',(-1.,5.654319433713E-16));
#6150 = ( GEOMETRIC_REPRESENTATION_CONTEXT(2) 
PARAMETRIC_REPRESENTATION_CONTEXT() REPRESENTATION_CONTEXT('2D SPACE',''
  ) );
#6151 = PCURVE('',#304,#6152);
#6152 = DEFINITIONAL_REPRESENTATION('',(#6153),#6157);
#6153 = CIRCLE('',#6154,1.6);
#6154 = AXIS2_PLACEMENT_2D('',#6155,#6156);
#6155 = CARTESIAN_POINT('',(42.424823390349,-35.4));
#6156 = DIRECTION('',(-4.861730685829E-63,-1.));
#6157 = ( GEOMETRIC_REPRESENTATION_CONTEXT(2) 
PARAMETRIC_REPRESENTATION_CONTEXT() REPRESENTATION_CONTEXT('2D SPACE',''
  ) );
#6158 = ORIENTED_EDGE('',*,*,#1142,.T.);
#6159 = ORIENTED_EDGE('',*,*,#6160,.F.);
#6160 = EDGE_CURVE('',#6161,#1145,#6163,.T.);
#6161 = VERTEX_POINT('',#6162);
#6162 = CARTESIAN_POINT('',(44.,-35.4,2.4));
#6163 = SURFACE_CURVE('',#6164,(#6169,#6176),.PCURVE_S1.);
#6164 = CIRCLE('',#6165,1.6);
#6165 = AXIS2_PLACEMENT_3D('',#6166,#6167,#6168);
#6166 = CARTESIAN_POINT('',(42.4,-35.4,2.4));
#6167 = DIRECTION('',(0.,0.,-1.));
#6168 = DIRECTION('',(-1.,0.,0.));
#6169 = PCURVE('',#1165,#6170);
#6170 = DEFINITIONAL_REPRESENTATION('',(#6171),#6175);
#6171 = LINE('',#6172,#6173);
#6172 = CARTESIAN_POINT('',(-1.570796326795,1.602));
#6173 = VECTOR('',#6174,1.);
#6174 = DIRECTION('',(1.,0.));
#6175 = ( GEOMETRIC_REPRESENTATION_CONTEXT(2) 
PARAMETRIC_REPRESENTATION_CONTEXT() REPRESENTATION_CONTEXT('2D SPACE',''
  ) );
#6176 = PCURVE('',#6177,#6199);
#6177 = ( BOUNDED_SURFACE() B_SPLINE_SURFACE(3,2,(
    (#6178,#6179,#6180)
    ,(#6181,#6182,#6183)
    ,(#6184,#6185,#6186)
    ,(#6187,#6188,#6189)
    ,(#6190,#6191,#6192)
    ,(#6193,#6194,#6195)
    ,(#6196,#6197,#6198
)),.UNSPECIFIED.,.F.,.F.,.F.) B_SPLINE_SURFACE_WITH_KNOTS((4,1,1,1,4),(3
    ,3),(3.14159265359,3.534291735289,3.926990816987,4.319689898686,
4.712388980385),(0.,1.),.UNSPECIFIED.) GEOMETRIC_REPRESENTATION_ITEM() 
RATIONAL_B_SPLINE_SURFACE((
    (1.,0.707106781187,1.)
    ,(1.,0.707106781503,1.)
    ,(1.,0.746571860684,1.)
    ,(1.,0.869029034442,1.)
    ,(1.,0.973464424253,1.)
    ,(1.,0.999999999972,1.)
,(1.,1.,1.))) REPRESENTATION_ITEM('') SURFACE() );
#6178 = CARTESIAN_POINT('',(42.4,-37.,2.4));
#6179 = CARTESIAN_POINT('',(44.,-37.,2.4));
#6180 = CARTESIAN_POINT('',(44.,-35.4,2.4));
#6181 = CARTESIAN_POINT('',(42.399999999949,-37.,2.085840571017));
#6182 = CARTESIAN_POINT('',(43.999999997496,-36.99999999749,
    1.876400461062));
#6183 = CARTESIAN_POINT('',(44.,-35.39999999994,2.085840571017));
#6184 = CARTESIAN_POINT('',(42.358344993037,-36.87503497903,
    1.457668734049));
#6185 = CARTESIAN_POINT('',(43.706671131206,-36.7066711312,0.92979167017
    ));
#6186 = CARTESIAN_POINT('',(43.875034979039,-35.35834499303,
    1.457668734049));
#6187 = CARTESIAN_POINT('',(42.180414280503,-36.34124284152,
    0.658757148245));
#6188 = CARTESIAN_POINT('',(42.939957644316,-35.93995764431,
    0.275759029065));
#6189 = CARTESIAN_POINT('',(43.341242841528,-35.1804142805,
    0.658757148245));
#6190 = CARTESIAN_POINT('',(41.914110434647,-35.54233130393,
    0.124965023884));
#6191 = CARTESIAN_POINT('',(42.245058500897,-35.24505850089,
    4.138234221075E-02));
#6192 = CARTESIAN_POINT('',(42.542331303936,-34.91411043464,
    0.124965023883));
#6193 = CARTESIAN_POINT('',(41.704719782389,-34.91415934716,
    4.708144270047E-16));
#6194 = CARTESIAN_POINT('',(41.809439564776,-34.80943956477,
    2.0970149159E-08));
#6195 = CARTESIAN_POINT('',(41.914159347168,-34.70471978238,
    -1.51788304148E-15));
#6196 = CARTESIAN_POINT('',(41.6,-34.6,-1.51788304148E-15));
#6197 = CARTESIAN_POINT('',(41.6,-34.6,-1.51788304148E-15));
#6198 = CARTESIAN_POINT('',(41.6,-34.6,-1.51788304148E-15));
#6199 = DEFINITIONAL_REPRESENTATION('',(#6200),#6226);
#6200 = B_SPLINE_CURVE_WITH_KNOTS('',3,(#6201,#6202,#6203,#6204,#6205,
    #6206,#6207,#6208,#6209,#6210,#6211,#6212,#6213,#6214,#6215,#6216,
    #6217,#6218,#6219,#6220,#6221,#6222,#6223,#6224,#6225),
  .UNSPECIFIED.,.F.,.F.,(4,1,1,1,1,1,1,1,1,1,1,1,1,1,1,1,1,1,1,1,1,1,4),
  (3.14159265359,3.212992486626,3.284392319662,3.355792152698,
    3.427191985734,3.49859181877,3.569991651807,3.641391484843,
    3.712791317879,3.784191150915,3.855590983951,3.926990816987,
    3.998390650023,4.06979048306,4.141190316096,4.212590149132,
    4.283989982168,4.355389815204,4.42678964824,4.498189481276,
    4.569589314312,4.640989147349,4.712388980385),
  .QUASI_UNIFORM_KNOTS.);
#6201 = CARTESIAN_POINT('',(3.14159265359,1.));
#6202 = CARTESIAN_POINT('',(3.14159265359,0.983172198663));
#6203 = CARTESIAN_POINT('',(3.14159265359,0.950009297011));
#6204 = CARTESIAN_POINT('',(3.14159265359,0.901574474096));
#6205 = CARTESIAN_POINT('',(3.14159265359,0.854275086925));
#6206 = CARTESIAN_POINT('',(3.14159265359,0.807956362777));
#6207 = CARTESIAN_POINT('',(3.14159265359,0.762473275577));
#6208 = CARTESIAN_POINT('',(3.14159265359,0.717690577461));
#6209 = CARTESIAN_POINT('',(3.14159265359,0.673480563786));
#6210 = CARTESIAN_POINT('',(3.14159265359,0.629721689409));
#6211 = CARTESIAN_POINT('',(3.14159265359,0.586297147708));
#6212 = CARTESIAN_POINT('',(3.14159265359,0.543093605115));
#6213 = CARTESIAN_POINT('',(3.14159265359,0.5));
#6214 = CARTESIAN_POINT('',(3.14159265359,0.456906394885));
#6215 = CARTESIAN_POINT('',(3.14159265359,0.413702852292));
#6216 = CARTESIAN_POINT('',(3.14159265359,0.370278310591));
#6217 = CARTESIAN_POINT('',(3.14159265359,0.326519436214));
#6218 = CARTESIAN_POINT('',(3.14159265359,0.282309422539));
#6219 = CARTESIAN_POINT('',(3.14159265359,0.237526724423));
#6220 = CARTESIAN_POINT('',(3.14159265359,0.192043637223));
#6221 = CARTESIAN_POINT('',(3.14159265359,0.145724913075));
#6222 = CARTESIAN_POINT('',(3.14159265359,9.842552590405E-02));
#6223 = CARTESIAN_POINT('',(3.14159265359,4.999070298881E-02));
#6224 = CARTESIAN_POINT('',(3.14159265359,1.682780133706E-02));
#6225 = CARTESIAN_POINT('',(3.14159265359,0.));
#6226 = ( GEOMETRIC_REPRESENTATION_CONTEXT(2) 
PARAMETRIC_REPRESENTATION_CONTEXT() REPRESENTATION_CONTEXT('2D SPACE',''
  ) );
#6227 = ORIENTED_EDGE('',*,*,#6228,.F.);
#6228 = EDGE_CURVE('',#6136,#6161,#6229,.T.);
#6229 = SURFACE_CURVE('',#6230,(#6234,#6241),.PCURVE_S1.);
#6230 = LINE('',#6231,#6232);
#6231 = CARTESIAN_POINT('',(44.,-35.4,4.002));
#6232 = VECTOR('',#6233,1.);
#6233 = DIRECTION('',(3.153195929581E-32,6.123233995737E-17,-1.));
#6234 = PCURVE('',#1165,#6235);
#6235 = DEFINITIONAL_REPRESENTATION('',(#6236),#6240);
#6236 = LINE('',#6237,#6238);
#6237 = CARTESIAN_POINT('',(1.570796326795,0.));
#6238 = VECTOR('',#6239,1.);
#6239 = DIRECTION('',(0.,1.));
#6240 = ( GEOMETRIC_REPRESENTATION_CONTEXT(2) 
PARAMETRIC_REPRESENTATION_CONTEXT() REPRESENTATION_CONTEXT('2D SPACE',''
  ) );
#6241 = PCURVE('',#6242,#6247);
#6242 = PLANE('',#6243);
#6243 = AXIS2_PLACEMENT_3D('',#6244,#6245,#6246);
#6244 = CARTESIAN_POINT('',(44.,-33.4,4.002));
#6245 = DIRECTION('',(1.,-1.930775651123E-48,3.153195929581E-32));
#6246 = DIRECTION('',(3.153195929581E-32,0.,-1.));
#6247 = DEFINITIONAL_REPRESENTATION('',(#6248),#6252);
#6248 = LINE('',#6249,#6250);
#6249 = CARTESIAN_POINT('',(0.,-2.));
#6250 = VECTOR('',#6251,1.);
#6251 = DIRECTION('',(1.,6.123233995737E-17));
#6252 = ( GEOMETRIC_REPRESENTATION_CONTEXT(2) 
PARAMETRIC_REPRESENTATION_CONTEXT() REPRESENTATION_CONTEXT('2D SPACE',''
  ) );
#6253 = ADVANCED_FACE('',(#6254),#276,.F.);
#6254 = FACE_BOUND('',#6255,.F.);
#6255 = EDGE_LOOP('',(#6256,#6280,#6308,#6383));
#6256 = ORIENTED_EDGE('',*,*,#6257,.F.);
#6257 = EDGE_CURVE('',#6258,#261,#6260,.T.);
#6258 = VERTEX_POINT('',#6259);
#6259 = CARTESIAN_POINT('',(54.496083144531,-31.,4.));
#6260 = SURFACE_CURVE('',#6261,(#6266,#6273),.PCURVE_S1.);
#6261 = CIRCLE('',#6262,1.6);
#6262 = AXIS2_PLACEMENT_3D('',#6263,#6264,#6265);
#6263 = CARTESIAN_POINT('',(55.4,-29.67979762218,4.));
#6264 = DIRECTION('',(-3.153195929581E-32,-6.123233995737E-17,1.));
#6265 = DIRECTION('',(0.,-1.,-6.123233995737E-17));
#6266 = PCURVE('',#276,#6267);
#6267 = DEFINITIONAL_REPRESENTATION('',(#6268),#6272);
#6268 = LINE('',#6269,#6270);
#6269 = CARTESIAN_POINT('',(9.424777960769,2.000000000001E-03));
#6270 = VECTOR('',#6271,1.);
#6271 = DIRECTION('',(-1.,0.));
#6272 = ( GEOMETRIC_REPRESENTATION_CONTEXT(2) 
PARAMETRIC_REPRESENTATION_CONTEXT() REPRESENTATION_CONTEXT('2D SPACE',''
  ) );
#6273 = PCURVE('',#304,#6274);
#6274 = DEFINITIONAL_REPRESENTATION('',(#6275),#6279);
#6275 = CIRCLE('',#6276,1.6);
#6276 = AXIS2_PLACEMENT_2D('',#6277,#6278);
#6277 = CARTESIAN_POINT('',(55.424823390349,-29.67979762218));
#6278 = DIRECTION('',(-4.861730685829E-63,-1.));
#6279 = ( GEOMETRIC_REPRESENTATION_CONTEXT(2) 
PARAMETRIC_REPRESENTATION_CONTEXT() REPRESENTATION_CONTEXT('2D SPACE',''
  ) );
#6280 = ORIENTED_EDGE('',*,*,#6281,.T.);
#6281 = EDGE_CURVE('',#6258,#6282,#6284,.T.);
#6282 = VERTEX_POINT('',#6283);
#6283 = CARTESIAN_POINT('',(54.496083144531,-31.,2.4));
#6284 = SURFACE_CURVE('',#6285,(#6289,#6296),.PCURVE_S1.);
#6285 = LINE('',#6286,#6287);
#6286 = CARTESIAN_POINT('',(54.496083144531,-31.,4.002));
#6287 = VECTOR('',#6288,1.);
#6288 = DIRECTION('',(3.153195929581E-32,6.123233995737E-17,-1.));
#6289 = PCURVE('',#276,#6290);
#6290 = DEFINITIONAL_REPRESENTATION('',(#6291),#6295);
#6291 = LINE('',#6292,#6293);
#6292 = CARTESIAN_POINT('',(3.741962927187,0.));
#6293 = VECTOR('',#6294,1.);
#6294 = DIRECTION('',(0.,1.));
#6295 = ( GEOMETRIC_REPRESENTATION_CONTEXT(2) 
PARAMETRIC_REPRESENTATION_CONTEXT() REPRESENTATION_CONTEXT('2D SPACE',''
  ) );
#6296 = PCURVE('',#6297,#6302);
#6297 = PLANE('',#6298);
#6298 = AXIS2_PLACEMENT_3D('',#6299,#6300,#6301);
#6299 = CARTESIAN_POINT('',(52.377937641602,-29.54974702772,4.002));
#6300 = DIRECTION('',(-0.564948034668,-0.825126486137,
    -5.052442550695E-17));
#6301 = DIRECTION('',(0.825126486137,-0.564948034668,3.08148791102E-33)
  );
#6302 = DEFINITIONAL_REPRESENTATION('',(#6303),#6307);
#6303 = LINE('',#6304,#6305);
#6304 = CARTESIAN_POINT('',(2.567055522415,0.));
#6305 = VECTOR('',#6306,1.);
#6306 = DIRECTION('',(-3.459309011707E-17,-1.));
#6307 = ( GEOMETRIC_REPRESENTATION_CONTEXT(2) 
PARAMETRIC_REPRESENTATION_CONTEXT() REPRESENTATION_CONTEXT('2D SPACE',''
  ) );
#6308 = ORIENTED_EDGE('',*,*,#6309,.F.);
#6309 = EDGE_CURVE('',#233,#6282,#6310,.T.);
#6310 = SURFACE_CURVE('',#6311,(#6316,#6323),.PCURVE_S1.);
#6311 = CIRCLE('',#6312,1.6);
#6312 = AXIS2_PLACEMENT_3D('',#6313,#6314,#6315);
#6313 = CARTESIAN_POINT('',(55.4,-29.67979762218,2.4));
#6314 = DIRECTION('',(0.,0.,-1.));
#6315 = DIRECTION('',(-1.,0.,0.));
#6316 = PCURVE('',#276,#6317);
#6317 = DEFINITIONAL_REPRESENTATION('',(#6318),#6322);
#6318 = LINE('',#6319,#6320);
#6319 = CARTESIAN_POINT('',(-1.570796326795,1.602));
#6320 = VECTOR('',#6321,1.);
#6321 = DIRECTION('',(1.,0.));
#6322 = ( GEOMETRIC_REPRESENTATION_CONTEXT(2) 
PARAMETRIC_REPRESENTATION_CONTEXT() REPRESENTATION_CONTEXT('2D SPACE',''
  ) );
#6323 = PCURVE('',#6324,#6355);
#6324 = ( BOUNDED_SURFACE() B_SPLINE_SURFACE(3,2,(
    (#6325,#6326,#6327)
    ,(#6328,#6329,#6330)
    ,(#6331,#6332,#6333)
    ,(#6334,#6335,#6336)
    ,(#6337,#6338,#6339)
    ,(#6340,#6341,#6342)
    ,(#6343,#6344,#6345)
    ,(#6346,#6347,#6348)
    ,(#6349,#6350,#6351)
    ,(#6352,#6353,#6354
)),.UNSPECIFIED.,.F.,.F.,.F.) B_SPLINE_SURFACE_WITH_KNOTS((4,1,1,1,1,1,1
    ,4),(3,3),(3.14159265359,3.337942194439,3.534291735289,
    3.730641276138,3.926990816987,4.123340357837,4.319689898686,
4.712388980385),(0.,1.),.UNSPECIFIED.) GEOMETRIC_REPRESENTATION_ITEM() 
RATIONAL_B_SPLINE_SURFACE((
    (1.,0.466396808164,1.)
    ,(1.,0.466396808957,1.)
    ,(1.,0.488963976389,1.)
    ,(1.,0.572829883868,1.)
    ,(1.,0.677490248857,1.)
    ,(1.,0.782372157972,1.)
    ,(1.,0.874417031587,1.)
    ,(1.,0.969081235445,1.)
    ,(1.,0.999999999992,1.)
,(1.,1.,1.))) REPRESENTATION_ITEM('') SURFACE() );
#6325 = CARTESIAN_POINT('',(54.496083144531,-31.,2.4));
#6326 = CARTESIAN_POINT('',(57.,-32.71438310397,2.4));
#6327 = CARTESIAN_POINT('',(57.,-29.67979762218,2.4));
#6328 = CARTESIAN_POINT('',(54.49608314449,-30.99999999997,
    2.242920285508));
#6329 = CARTESIAN_POINT('',(56.999999989961,-32.71438308493,
    1.866224805247));
#6330 = CARTESIAN_POINT('',(57.,-29.67979762213,2.242920285508));
#6331 = CARTESIAN_POINT('',(54.49742288208,-30.96341788168,
    1.928765790634));
#6332 = CARTESIAN_POINT('',(56.818079787413,-32.36935033149,
    0.885369610847));
#6333 = CARTESIAN_POINT('',(56.96905824316,-29.66023607926,
    1.928765790634));
#6334 = CARTESIAN_POINT('',(54.503374462604,-30.80090737577,
    1.475638667485));
#6335 = CARTESIAN_POINT('',(56.318957688032,-31.42270740873,
    0.189509625826));
#6336 = CARTESIAN_POINT('',(56.831604186746,-29.57333689507,
    1.475638667485));
#6337 = CARTESIAN_POINT('',(54.513039332398,-30.5370038856,
    1.058038113369));
#6338 = CARTESIAN_POINT('',(55.899141748878,-30.62647781249,
    -2.73881083447E-03));
#6339 = CARTESIAN_POINT('',(56.60839027802,-29.432219877,1.058038113369)
  );
#6340 = CARTESIAN_POINT('',(54.52604596263,-30.18185216713,
    0.691997523556));
#6341 = CARTESIAN_POINT('',(55.57329512734,-30.00847192061,
    -3.00384522675E-02));
#6342 = CARTESIAN_POINT('',(56.30799711833,-29.24230972674,
    0.691997523556));
#6343 = CARTESIAN_POINT('',(54.54189493799,-29.74908897373,
    0.391634143322));
#6344 = CARTESIAN_POINT('',(55.30293418956,-29.49570106021,
    -1.972100580093E-02));
#6345 = CARTESIAN_POINT('',(55.941958897745,-29.0108984205,
    0.391634143322));
#6346 = CARTESIAN_POINT('',(54.566002508352,-29.09082123733,
    9.385993355791E-02));
#6347 = CARTESIAN_POINT('',(54.986410951242,-28.89537804543,
    -4.432171461959E-03));
#6348 = CARTESIAN_POINT('',(55.38518522898,-28.65890315136,
    9.385993355792E-02));
#6349 = CARTESIAN_POINT('',(54.586397313885,-28.53393216585,
    -3.806668697238E-15));
#6350 = CARTESIAN_POINT('',(54.75027829892,-28.44752509637,
    1.910851513659E-04));
#6351 = CARTESIAN_POINT('',(54.914159300951,-28.36111805912,
    -1.904387970344E-15));
#6352 = CARTESIAN_POINT('',(54.6,-28.16250488128,-8.673617379884E-16));
#6353 = CARTESIAN_POINT('',(54.6,-28.16250488128,-8.673617379884E-16));
#6354 = CARTESIAN_POINT('',(54.6,-28.16250488128,-8.673617379884E-16));
#6355 = DEFINITIONAL_REPRESENTATION('',(#6356),#6382);
#6356 = B_SPLINE_CURVE_WITH_KNOTS('',3,(#6357,#6358,#6359,#6360,#6361,
    #6362,#6363,#6364,#6365,#6366,#6367,#6368,#6369,#6370,#6371,#6372,
    #6373,#6374,#6375,#6376,#6377,#6378,#6379,#6380,#6381),
  .UNSPECIFIED.,.F.,.F.,(4,1,1,1,1,1,1,1,1,1,1,1,1,1,1,1,1,1,1,1,1,1,4),
  (3.14159265359,3.240282044517,3.338971435444,3.437660826371,
    3.536350217298,3.635039608224,3.733728999151,3.832418390078,
    3.931107781005,4.029797171932,4.128486562859,4.227175953786,
    4.325865344713,4.42455473564,4.523244126567,4.621933517494,
    4.720622908421,4.819312299348,4.918001690275,5.016691081201,
    5.115380472128,5.214069863055,5.312759253982),
  .QUASI_UNIFORM_KNOTS.);
#6357 = CARTESIAN_POINT('',(3.14159265359,1.));
#6358 = CARTESIAN_POINT('',(3.14159265359,0.981411761318));
#6359 = CARTESIAN_POINT('',(3.14159265359,0.945317994386));
#6360 = CARTESIAN_POINT('',(3.14159265359,0.893986950589));
#6361 = CARTESIAN_POINT('',(3.14159265359,0.845001492314));
#6362 = CARTESIAN_POINT('',(3.14159265359,0.797986835827));
#6363 = CARTESIAN_POINT('',(3.14159265359,0.752609207442));
#6364 = CARTESIAN_POINT('',(3.14159265359,0.708574990642));
#6365 = CARTESIAN_POINT('',(3.14159265359,0.66561990841));
#6366 = CARTESIAN_POINT('',(3.14159265359,0.623502888944));
#6367 = CARTESIAN_POINT('',(3.14159265359,0.582000155749));
#6368 = CARTESIAN_POINT('',(3.14159265359,0.540900328276));
#6369 = CARTESIAN_POINT('',(3.14159265359,0.5));
#6370 = CARTESIAN_POINT('',(3.14159265359,0.459099671724));
#6371 = CARTESIAN_POINT('',(3.14159265359,0.417999844251));
#6372 = CARTESIAN_POINT('',(3.14159265359,0.376497111056));
#6373 = CARTESIAN_POINT('',(3.14159265359,0.33438009159));
#6374 = CARTESIAN_POINT('',(3.14159265359,0.291425009358));
#6375 = CARTESIAN_POINT('',(3.14159265359,0.247390792558));
#6376 = CARTESIAN_POINT('',(3.14159265359,0.202013164173));
#6377 = CARTESIAN_POINT('',(3.14159265359,0.154998507686));
#6378 = CARTESIAN_POINT('',(3.14159265359,0.106013049411));
#6379 = CARTESIAN_POINT('',(3.14159265359,5.468200561425E-02));
#6380 = CARTESIAN_POINT('',(3.14159265359,1.858823868216E-02));
#6381 = CARTESIAN_POINT('',(3.14159265359,0.));
#6382 = ( GEOMETRIC_REPRESENTATION_CONTEXT(2) 
PARAMETRIC_REPRESENTATION_CONTEXT() REPRESENTATION_CONTEXT('2D SPACE',''
  ) );
#6383 = ORIENTED_EDGE('',*,*,#260,.F.);
#6384 = ADVANCED_FACE('',(#6385),#6297,.F.);
#6385 = FACE_BOUND('',#6386,.T.);
#6386 = EDGE_LOOP('',(#6387,#6388,#6411,#6439));
#6387 = ORIENTED_EDGE('',*,*,#6281,.T.);
#6388 = ORIENTED_EDGE('',*,*,#6389,.T.);
#6389 = EDGE_CURVE('',#6282,#6390,#6392,.T.);
#6390 = VERTEX_POINT('',#6391);
#6391 = CARTESIAN_POINT('',(50.259792138674,-28.09949405545,2.4));
#6392 = SURFACE_CURVE('',#6393,(#6397,#6404),.PCURVE_S1.);
#6393 = LINE('',#6394,#6395);
#6394 = CARTESIAN_POINT('',(50.259792138674,-28.09949405545,2.4));
#6395 = VECTOR('',#6396,1.);
#6396 = DIRECTION('',(-0.825126486137,0.564948034668,3.459309011707E-17)
  );
#6397 = PCURVE('',#6297,#6398);
#6398 = DEFINITIONAL_REPRESENTATION('',(#6399),#6403);
#6399 = LINE('',#6400,#6401);
#6400 = CARTESIAN_POINT('',(-2.567055522415,-1.602));
#6401 = VECTOR('',#6402,1.);
#6402 = DIRECTION('',(-1.,3.459309011707E-17));
#6403 = ( GEOMETRIC_REPRESENTATION_CONTEXT(2) 
PARAMETRIC_REPRESENTATION_CONTEXT() REPRESENTATION_CONTEXT('2D SPACE',''
  ) );
#6404 = PCURVE('',#905,#6405);
#6405 = DEFINITIONAL_REPRESENTATION('',(#6406),#6410);
#6406 = LINE('',#6407,#6408);
#6407 = CARTESIAN_POINT('',(3.14159265359,-2.567055522415));
#6408 = VECTOR('',#6409,1.);
#6409 = DIRECTION('',(0.,-1.));
#6410 = ( GEOMETRIC_REPRESENTATION_CONTEXT(2) 
PARAMETRIC_REPRESENTATION_CONTEXT() REPRESENTATION_CONTEXT('2D SPACE',''
  ) );
#6411 = ORIENTED_EDGE('',*,*,#6412,.F.);
#6412 = EDGE_CURVE('',#6413,#6390,#6415,.T.);
#6413 = VERTEX_POINT('',#6414);
#6414 = CARTESIAN_POINT('',(50.259792138674,-28.09949405545,4.));
#6415 = SURFACE_CURVE('',#6416,(#6420,#6427),.PCURVE_S1.);
#6416 = LINE('',#6417,#6418);
#6417 = CARTESIAN_POINT('',(50.259792138674,-28.09949405545,4.002));
#6418 = VECTOR('',#6419,1.);
#6419 = DIRECTION('',(3.153195929581E-32,6.123233995737E-17,-1.));
#6420 = PCURVE('',#6297,#6421);
#6421 = DEFINITIONAL_REPRESENTATION('',(#6422),#6426);
#6422 = LINE('',#6423,#6424);
#6423 = CARTESIAN_POINT('',(-2.567055522415,1.355854680849E-31));
#6424 = VECTOR('',#6425,1.);
#6425 = DIRECTION('',(-3.459309011707E-17,-1.));
#6426 = ( GEOMETRIC_REPRESENTATION_CONTEXT(2) 
PARAMETRIC_REPRESENTATION_CONTEXT() REPRESENTATION_CONTEXT('2D SPACE',''
  ) );
#6427 = PCURVE('',#6428,#6433);
#6428 = CYLINDRICAL_SURFACE('',#6429,4.);
#6429 = AXIS2_PLACEMENT_3D('',#6430,#6431,#6432);
#6430 = CARTESIAN_POINT('',(48.,-31.4,4.002));
#6431 = DIRECTION('',(3.153195929581E-32,6.123233995737E-17,-1.));
#6432 = DIRECTION('',(0.,1.,6.123233995737E-17));
#6433 = DEFINITIONAL_REPRESENTATION('',(#6434),#6438);
#6434 = LINE('',#6435,#6436);
#6435 = CARTESIAN_POINT('',(6.883555580777,0.));
#6436 = VECTOR('',#6437,1.);
#6437 = DIRECTION('',(0.,1.));
#6438 = ( GEOMETRIC_REPRESENTATION_CONTEXT(2) 
PARAMETRIC_REPRESENTATION_CONTEXT() REPRESENTATION_CONTEXT('2D SPACE',''
  ) );
#6439 = ORIENTED_EDGE('',*,*,#6440,.F.);
#6440 = EDGE_CURVE('',#6258,#6413,#6441,.T.);
#6441 = SURFACE_CURVE('',#6442,(#6446,#6453),.PCURVE_S1.);
#6442 = LINE('',#6443,#6444);
#6443 = CARTESIAN_POINT('',(52.377937641602,-29.54974702772,4.));
#6444 = VECTOR('',#6445,1.);
#6445 = DIRECTION('',(-0.825126486137,0.564948034668,3.459309011707E-17)
  );
#6446 = PCURVE('',#6297,#6447);
#6447 = DEFINITIONAL_REPRESENTATION('',(#6448),#6452);
#6448 = LINE('',#6449,#6450);
#6449 = CARTESIAN_POINT('',(-6.162975822041E-36,-2.000000000001E-03));
#6450 = VECTOR('',#6451,1.);
#6451 = DIRECTION('',(-1.,3.459309011707E-17));
#6452 = ( GEOMETRIC_REPRESENTATION_CONTEXT(2) 
PARAMETRIC_REPRESENTATION_CONTEXT() REPRESENTATION_CONTEXT('2D SPACE',''
  ) );
#6453 = PCURVE('',#304,#6454);
#6454 = DEFINITIONAL_REPRESENTATION('',(#6455),#6459);
#6455 = LINE('',#6456,#6457);
#6456 = CARTESIAN_POINT('',(52.402761031951,-29.54974702772));
#6457 = VECTOR('',#6458,1.);
#6458 = DIRECTION('',(-0.825126486137,0.564948034668));
#6459 = ( GEOMETRIC_REPRESENTATION_CONTEXT(2) 
PARAMETRIC_REPRESENTATION_CONTEXT() REPRESENTATION_CONTEXT('2D SPACE',''
  ) );
#6460 = ADVANCED_FACE('',(#6461),#6428,.T.);
#6461 = FACE_BOUND('',#6462,.T.);
#6462 = EDGE_LOOP('',(#6463,#6464,#6488,#6511));
#6463 = ORIENTED_EDGE('',*,*,#6412,.T.);
#6464 = ORIENTED_EDGE('',*,*,#6465,.F.);
#6465 = EDGE_CURVE('',#6466,#6390,#6468,.T.);
#6466 = VERTEX_POINT('',#6467);
#6467 = CARTESIAN_POINT('',(44.,-31.4,2.4));
#6468 = SURFACE_CURVE('',#6469,(#6474,#6481),.PCURVE_S1.);
#6469 = CIRCLE('',#6470,4.);
#6470 = AXIS2_PLACEMENT_3D('',#6471,#6472,#6473);
#6471 = CARTESIAN_POINT('',(48.,-31.4,2.4));
#6472 = DIRECTION('',(3.153195929581E-32,6.123233995737E-17,-1.));
#6473 = DIRECTION('',(0.,1.,6.123233995737E-17));
#6474 = PCURVE('',#6428,#6475);
#6475 = DEFINITIONAL_REPRESENTATION('',(#6476),#6480);
#6476 = LINE('',#6477,#6478);
#6477 = CARTESIAN_POINT('',(0.,1.602));
#6478 = VECTOR('',#6479,1.);
#6479 = DIRECTION('',(1.,0.));
#6480 = ( GEOMETRIC_REPRESENTATION_CONTEXT(2) 
PARAMETRIC_REPRESENTATION_CONTEXT() REPRESENTATION_CONTEXT('2D SPACE',''
  ) );
#6481 = PCURVE('',#879,#6482);
#6482 = DEFINITIONAL_REPRESENTATION('',(#6483),#6487);
#6483 = LINE('',#6484,#6485);
#6484 = CARTESIAN_POINT('',(0.,3.14159265359));
#6485 = VECTOR('',#6486,1.);
#6486 = DIRECTION('',(1.,2.045394442646E-16));
#6487 = ( GEOMETRIC_REPRESENTATION_CONTEXT(2) 
PARAMETRIC_REPRESENTATION_CONTEXT() REPRESENTATION_CONTEXT('2D SPACE',''
  ) );
#6488 = ORIENTED_EDGE('',*,*,#6489,.F.);
#6489 = EDGE_CURVE('',#6490,#6466,#6492,.T.);
#6490 = VERTEX_POINT('',#6491);
#6491 = CARTESIAN_POINT('',(44.,-31.4,4.));
#6492 = SURFACE_CURVE('',#6493,(#6497,#6504),.PCURVE_S1.);
#6493 = LINE('',#6494,#6495);
#6494 = CARTESIAN_POINT('',(44.,-31.4,4.002));
#6495 = VECTOR('',#6496,1.);
#6496 = DIRECTION('',(3.153195929581E-32,6.123233995737E-17,-1.));
#6497 = PCURVE('',#6428,#6498);
#6498 = DEFINITIONAL_REPRESENTATION('',(#6499),#6503);
#6499 = LINE('',#6500,#6501);
#6500 = CARTESIAN_POINT('',(4.712388980385,0.));
#6501 = VECTOR('',#6502,1.);
#6502 = DIRECTION('',(0.,1.));
#6503 = ( GEOMETRIC_REPRESENTATION_CONTEXT(2) 
PARAMETRIC_REPRESENTATION_CONTEXT() REPRESENTATION_CONTEXT('2D SPACE',''
  ) );
#6504 = PCURVE('',#6242,#6505);
#6505 = DEFINITIONAL_REPRESENTATION('',(#6506),#6510);
#6506 = LINE('',#6507,#6508);
#6507 = CARTESIAN_POINT('',(0.,2.));
#6508 = VECTOR('',#6509,1.);
#6509 = DIRECTION('',(1.,6.123233995737E-17));
#6510 = ( GEOMETRIC_REPRESENTATION_CONTEXT(2) 
PARAMETRIC_REPRESENTATION_CONTEXT() REPRESENTATION_CONTEXT('2D SPACE',''
  ) );
#6511 = ORIENTED_EDGE('',*,*,#6512,.F.);
#6512 = EDGE_CURVE('',#6413,#6490,#6513,.T.);
#6513 = SURFACE_CURVE('',#6514,(#6519,#6526),.PCURVE_S1.);
#6514 = CIRCLE('',#6515,4.);
#6515 = AXIS2_PLACEMENT_3D('',#6516,#6517,#6518);
#6516 = CARTESIAN_POINT('',(48.,-31.4,4.));
#6517 = DIRECTION('',(-3.153195929581E-32,-6.123233995737E-17,1.));
#6518 = DIRECTION('',(0.,-1.,-6.123233995737E-17));
#6519 = PCURVE('',#6428,#6520);
#6520 = DEFINITIONAL_REPRESENTATION('',(#6521),#6525);
#6521 = LINE('',#6522,#6523);
#6522 = CARTESIAN_POINT('',(9.424777960769,2.000000000001E-03));
#6523 = VECTOR('',#6524,1.);
#6524 = DIRECTION('',(-1.,0.));
#6525 = ( GEOMETRIC_REPRESENTATION_CONTEXT(2) 
PARAMETRIC_REPRESENTATION_CONTEXT() REPRESENTATION_CONTEXT('2D SPACE',''
  ) );
#6526 = PCURVE('',#304,#6527);
#6527 = DEFINITIONAL_REPRESENTATION('',(#6528),#6532);
#6528 = CIRCLE('',#6529,4.);
#6529 = AXIS2_PLACEMENT_2D('',#6530,#6531);
#6530 = CARTESIAN_POINT('',(48.024823390349,-31.4));
#6531 = DIRECTION('',(-4.861730685829E-63,-1.));
#6532 = ( GEOMETRIC_REPRESENTATION_CONTEXT(2) 
PARAMETRIC_REPRESENTATION_CONTEXT() REPRESENTATION_CONTEXT('2D SPACE',''
  ) );
#6533 = ADVANCED_FACE('',(#6534),#6242,.F.);
#6534 = FACE_BOUND('',#6535,.T.);
#6535 = EDGE_LOOP('',(#6536,#6537,#6558,#6559));
#6536 = ORIENTED_EDGE('',*,*,#6489,.T.);
#6537 = ORIENTED_EDGE('',*,*,#6538,.T.);
#6538 = EDGE_CURVE('',#6466,#6161,#6539,.T.);
#6539 = SURFACE_CURVE('',#6540,(#6544,#6551),.PCURVE_S1.);
#6540 = LINE('',#6541,#6542);
#6541 = CARTESIAN_POINT('',(44.,-35.4,2.4));
#6542 = VECTOR('',#6543,1.);
#6543 = DIRECTION('',(3.038581678643E-64,-1.,-6.123233995737E-17));
#6544 = PCURVE('',#6242,#6545);
#6545 = DEFINITIONAL_REPRESENTATION('',(#6546),#6550);
#6546 = LINE('',#6547,#6548);
#6547 = CARTESIAN_POINT('',(1.602,-2.));
#6548 = VECTOR('',#6549,1.);
#6549 = DIRECTION('',(6.123233995737E-17,-1.));
#6550 = ( GEOMETRIC_REPRESENTATION_CONTEXT(2) 
PARAMETRIC_REPRESENTATION_CONTEXT() REPRESENTATION_CONTEXT('2D SPACE',''
  ) );
#6551 = PCURVE('',#850,#6552);
#6552 = DEFINITIONAL_REPRESENTATION('',(#6553),#6557);
#6553 = LINE('',#6554,#6555);
#6554 = CARTESIAN_POINT('',(1.570796326795,-2.));
#6555 = VECTOR('',#6556,1.);
#6556 = DIRECTION('',(0.,-1.));
#6557 = ( GEOMETRIC_REPRESENTATION_CONTEXT(2) 
PARAMETRIC_REPRESENTATION_CONTEXT() REPRESENTATION_CONTEXT('2D SPACE',''
  ) );
#6558 = ORIENTED_EDGE('',*,*,#6228,.F.);
#6559 = ORIENTED_EDGE('',*,*,#6560,.F.);
#6560 = EDGE_CURVE('',#6490,#6136,#6561,.T.);
#6561 = SURFACE_CURVE('',#6562,(#6566,#6573),.PCURVE_S1.);
#6562 = LINE('',#6563,#6564);
#6563 = CARTESIAN_POINT('',(44.,-33.4,4.));
#6564 = VECTOR('',#6565,1.);
#6565 = DIRECTION('',(3.038581678643E-64,-1.,-6.123233995737E-17));
#6566 = PCURVE('',#6242,#6567);
#6567 = DEFINITIONAL_REPRESENTATION('',(#6568),#6572);
#6568 = LINE('',#6569,#6570);
#6569 = CARTESIAN_POINT('',(2.000000000001E-03,-1.217622784812E-82));
#6570 = VECTOR('',#6571,1.);
#6571 = DIRECTION('',(6.123233995737E-17,-1.));
#6572 = ( GEOMETRIC_REPRESENTATION_CONTEXT(2) 
PARAMETRIC_REPRESENTATION_CONTEXT() REPRESENTATION_CONTEXT('2D SPACE',''
  ) );
#6573 = PCURVE('',#304,#6574);
#6574 = DEFINITIONAL_REPRESENTATION('',(#6575),#6579);
#6575 = LINE('',#6576,#6577);
#6576 = CARTESIAN_POINT('',(44.024823390349,-33.4));
#6577 = VECTOR('',#6578,1.);
#6578 = DIRECTION('',(-4.557872517965E-63,-1.));
#6579 = ( GEOMETRIC_REPRESENTATION_CONTEXT(2) 
PARAMETRIC_REPRESENTATION_CONTEXT() REPRESENTATION_CONTEXT('2D SPACE',''
  ) );
#6580 = ADVANCED_FACE('',(#6581,#6593),#304,.T.);
#6581 = FACE_BOUND('',#6582,.T.);
#6582 = EDGE_LOOP('',(#6583,#6584,#6585,#6586,#6587,#6588,#6589,#6590,
    #6591,#6592));
#6583 = ORIENTED_EDGE('',*,*,#3773,.F.);
#6584 = ORIENTED_EDGE('',*,*,#288,.T.);
#6585 = ORIENTED_EDGE('',*,*,#6257,.F.);
#6586 = ORIENTED_EDGE('',*,*,#6440,.T.);
#6587 = ORIENTED_EDGE('',*,*,#6512,.T.);
#6588 = ORIENTED_EDGE('',*,*,#6560,.T.);
#6589 = ORIENTED_EDGE('',*,*,#6135,.F.);
#6590 = ORIENTED_EDGE('',*,*,#1330,.T.);
#6591 = ORIENTED_EDGE('',*,*,#3821,.T.);
#6592 = ORIENTED_EDGE('',*,*,#3871,.F.);
#6593 = FACE_BOUND('',#6594,.T.);
#6594 = EDGE_LOOP('',(#6595));
#6595 = ORIENTED_EDGE('',*,*,#2725,.F.);
#6596 = ADVANCED_FACE('',(#6597),#3757,.F.);
#6597 = FACE_BOUND('',#6598,.F.);
#6598 = EDGE_LOOP('',(#6599,#6628,#6648,#6649));
#6599 = ORIENTED_EDGE('',*,*,#6600,.T.);
#6600 = EDGE_CURVE('',#6601,#6601,#6603,.T.);
#6601 = VERTEX_POINT('',#6602);
#6602 = CARTESIAN_POINT('',(56.,-37.3,3.6));
#6603 = SURFACE_CURVE('',#6604,(#6609,#6616),.PCURVE_S1.);
#6604 = CIRCLE('',#6605,1.3);
#6605 = AXIS2_PLACEMENT_3D('',#6606,#6607,#6608);
#6606 = CARTESIAN_POINT('',(56.,-36.,3.6));
#6607 = DIRECTION('',(-3.153195929581E-32,-6.123233995737E-17,1.));
#6608 = DIRECTION('',(0.,-1.,-6.123233995737E-17));
#6609 = PCURVE('',#3757,#6610);
#6610 = DEFINITIONAL_REPRESENTATION('',(#6611),#6615);
#6611 = LINE('',#6612,#6613);
#6612 = CARTESIAN_POINT('',(9.424777960769,169.34488758836));
#6613 = VECTOR('',#6614,1.);
#6614 = DIRECTION('',(-1.,0.));
#6615 = ( GEOMETRIC_REPRESENTATION_CONTEXT(2) 
PARAMETRIC_REPRESENTATION_CONTEXT() REPRESENTATION_CONTEXT('2D SPACE',''
  ) );
#6616 = PCURVE('',#6617,#6622);
#6617 = PLANE('',#6618);
#6618 = AXIS2_PLACEMENT_3D('',#6619,#6620,#6621);
#6619 = CARTESIAN_POINT('',(-2.482339034905E-02,-2.204364238463E-16,3.6)
  );
#6620 = DIRECTION('',(-3.153195929581E-32,-6.123233995737E-17,1.));
#6621 = DIRECTION('',(1.,-1.930775651123E-48,3.153195929581E-32));
#6622 = DEFINITIONAL_REPRESENTATION('',(#6623),#6627);
#6623 = CIRCLE('',#6624,1.3);
#6624 = AXIS2_PLACEMENT_2D('',#6625,#6626);
#6625 = CARTESIAN_POINT('',(56.024823390349,-36.));
#6626 = DIRECTION('',(-4.861730685829E-63,-1.));
#6627 = ( GEOMETRIC_REPRESENTATION_CONTEXT(2) 
PARAMETRIC_REPRESENTATION_CONTEXT() REPRESENTATION_CONTEXT('2D SPACE',''
  ) );
#6628 = ORIENTED_EDGE('',*,*,#6629,.F.);
#6629 = EDGE_CURVE('',#3741,#6601,#6630,.T.);
#6630 = SEAM_CURVE('',#6631,(#6634,#6641),.PCURVE_S1.);
#6631 = B_SPLINE_CURVE_WITH_KNOTS('',1,(#6632,#6633),.UNSPECIFIED.,.F.,
  .F.,(2,2),(167.34488758836,169.34488758836),.PIECEWISE_BEZIER_KNOTS.);
#6632 = CARTESIAN_POINT('',(56.,-37.3,5.6));
#6633 = CARTESIAN_POINT('',(56.,-37.3,3.6));
#6634 = PCURVE('',#3757,#6635);
#6635 = DEFINITIONAL_REPRESENTATION('',(#6636),#6640);
#6636 = LINE('',#6637,#6638);
#6637 = CARTESIAN_POINT('',(3.14159265359,0.));
#6638 = VECTOR('',#6639,1.);
#6639 = DIRECTION('',(0.,1.));
#6640 = ( GEOMETRIC_REPRESENTATION_CONTEXT(2) 
PARAMETRIC_REPRESENTATION_CONTEXT() REPRESENTATION_CONTEXT('2D SPACE',''
  ) );
#6641 = PCURVE('',#3757,#6642);
#6642 = DEFINITIONAL_REPRESENTATION('',(#6643),#6647);
#6643 = LINE('',#6644,#6645);
#6644 = CARTESIAN_POINT('',(9.424777960769,0.));
#6645 = VECTOR('',#6646,1.);
#6646 = DIRECTION('',(0.,1.));
#6647 = ( GEOMETRIC_REPRESENTATION_CONTEXT(2) 
PARAMETRIC_REPRESENTATION_CONTEXT() REPRESENTATION_CONTEXT('2D SPACE',''
  ) );
#6648 = ORIENTED_EDGE('',*,*,#3740,.F.);
#6649 = ORIENTED_EDGE('',*,*,#6629,.T.);
#6650 = ADVANCED_FACE('',(#6651),#3726,.F.);
#6651 = FACE_BOUND('',#6652,.F.);
#6652 = EDGE_LOOP('',(#6653,#6682,#6702,#6703));
#6653 = ORIENTED_EDGE('',*,*,#6654,.T.);
#6654 = EDGE_CURVE('',#6655,#6655,#6657,.T.);
#6655 = VERTEX_POINT('',#6656);
#6656 = CARTESIAN_POINT('',(56.,34.7,3.6));
#6657 = SURFACE_CURVE('',#6658,(#6663,#6670),.PCURVE_S1.);
#6658 = CIRCLE('',#6659,1.3);
#6659 = AXIS2_PLACEMENT_3D('',#6660,#6661,#6662);
#6660 = CARTESIAN_POINT('',(56.,36.,3.6));
#6661 = DIRECTION('',(-3.153195929581E-32,-6.123233995737E-17,1.));
#6662 = DIRECTION('',(0.,-1.,-6.123233995737E-17));
#6663 = PCURVE('',#3726,#6664);
#6664 = DEFINITIONAL_REPRESENTATION('',(#6665),#6669);
#6665 = LINE('',#6666,#6667);
#6666 = CARTESIAN_POINT('',(9.424777960769,169.34488758836));
#6667 = VECTOR('',#6668,1.);
#6668 = DIRECTION('',(-1.,0.));
#6669 = ( GEOMETRIC_REPRESENTATION_CONTEXT(2) 
PARAMETRIC_REPRESENTATION_CONTEXT() REPRESENTATION_CONTEXT('2D SPACE',''
  ) );
#6670 = PCURVE('',#6671,#6676);
#6671 = PLANE('',#6672);
#6672 = AXIS2_PLACEMENT_3D('',#6673,#6674,#6675);
#6673 = CARTESIAN_POINT('',(-2.482339034905E-02,-2.204364238463E-16,3.6)
  );
#6674 = DIRECTION('',(-3.153195929581E-32,-6.123233995737E-17,1.));
#6675 = DIRECTION('',(1.,-1.930775651123E-48,3.153195929581E-32));
#6676 = DEFINITIONAL_REPRESENTATION('',(#6677),#6681);
#6677 = CIRCLE('',#6678,1.3);
#6678 = AXIS2_PLACEMENT_2D('',#6679,#6680);
#6679 = CARTESIAN_POINT('',(56.024823390349,36.));
#6680 = DIRECTION('',(-4.861730685829E-63,-1.));
#6681 = ( GEOMETRIC_REPRESENTATION_CONTEXT(2) 
PARAMETRIC_REPRESENTATION_CONTEXT() REPRESENTATION_CONTEXT('2D SPACE',''
  ) );
#6682 = ORIENTED_EDGE('',*,*,#6683,.F.);
#6683 = EDGE_CURVE('',#3710,#6655,#6684,.T.);
#6684 = SEAM_CURVE('',#6685,(#6688,#6695),.PCURVE_S1.);
#6685 = B_SPLINE_CURVE_WITH_KNOTS('',1,(#6686,#6687),.UNSPECIFIED.,.F.,
  .F.,(2,2),(167.34488758836,169.34488758836),.PIECEWISE_BEZIER_KNOTS.);
#6686 = CARTESIAN_POINT('',(56.,34.7,5.6));
#6687 = CARTESIAN_POINT('',(56.,34.7,3.6));
#6688 = PCURVE('',#3726,#6689);
#6689 = DEFINITIONAL_REPRESENTATION('',(#6690),#6694);
#6690 = LINE('',#6691,#6692);
#6691 = CARTESIAN_POINT('',(3.14159265359,0.));
#6692 = VECTOR('',#6693,1.);
#6693 = DIRECTION('',(0.,1.));
#6694 = ( GEOMETRIC_REPRESENTATION_CONTEXT(2) 
PARAMETRIC_REPRESENTATION_CONTEXT() REPRESENTATION_CONTEXT('2D SPACE',''
  ) );
#6695 = PCURVE('',#3726,#6696);
#6696 = DEFINITIONAL_REPRESENTATION('',(#6697),#6701);
#6697 = LINE('',#6698,#6699);
#6698 = CARTESIAN_POINT('',(9.424777960769,0.));
#6699 = VECTOR('',#6700,1.);
#6700 = DIRECTION('',(0.,1.));
#6701 = ( GEOMETRIC_REPRESENTATION_CONTEXT(2) 
PARAMETRIC_REPRESENTATION_CONTEXT() REPRESENTATION_CONTEXT('2D SPACE',''
  ) );
#6702 = ORIENTED_EDGE('',*,*,#3709,.F.);
#6703 = ORIENTED_EDGE('',*,*,#6683,.T.);
#6704 = ADVANCED_FACE('',(#6705),#3695,.F.);
#6705 = FACE_BOUND('',#6706,.F.);
#6706 = EDGE_LOOP('',(#6707,#6736,#6756,#6757));
#6707 = ORIENTED_EDGE('',*,*,#6708,.T.);
#6708 = EDGE_CURVE('',#6709,#6709,#6711,.T.);
#6709 = VERTEX_POINT('',#6710);
#6710 = CARTESIAN_POINT('',(-56.,34.7,3.6));
#6711 = SURFACE_CURVE('',#6712,(#6717,#6724),.PCURVE_S1.);
#6712 = CIRCLE('',#6713,1.3);
#6713 = AXIS2_PLACEMENT_3D('',#6714,#6715,#6716);
#6714 = CARTESIAN_POINT('',(-56.,36.,3.6));
#6715 = DIRECTION('',(-3.153195929581E-32,-6.123233995737E-17,1.));
#6716 = DIRECTION('',(0.,-1.,-6.123233995737E-17));
#6717 = PCURVE('',#3695,#6718);
#6718 = DEFINITIONAL_REPRESENTATION('',(#6719),#6723);
#6719 = LINE('',#6720,#6721);
#6720 = CARTESIAN_POINT('',(9.424777960769,169.34488758836));
#6721 = VECTOR('',#6722,1.);
#6722 = DIRECTION('',(-1.,0.));
#6723 = ( GEOMETRIC_REPRESENTATION_CONTEXT(2) 
PARAMETRIC_REPRESENTATION_CONTEXT() REPRESENTATION_CONTEXT('2D SPACE',''
  ) );
#6724 = PCURVE('',#6725,#6730);
#6725 = PLANE('',#6726);
#6726 = AXIS2_PLACEMENT_3D('',#6727,#6728,#6729);
#6727 = CARTESIAN_POINT('',(-2.482339034905E-02,-2.204364238463E-16,3.6)
  );
#6728 = DIRECTION('',(-3.153195929581E-32,-6.123233995737E-17,1.));
#6729 = DIRECTION('',(1.,-1.930775651123E-48,3.153195929581E-32));
#6730 = DEFINITIONAL_REPRESENTATION('',(#6731),#6735);
#6731 = CIRCLE('',#6732,1.3);
#6732 = AXIS2_PLACEMENT_2D('',#6733,#6734);
#6733 = CARTESIAN_POINT('',(-55.97517660965,36.));
#6734 = DIRECTION('',(-4.861730685829E-63,-1.));
#6735 = ( GEOMETRIC_REPRESENTATION_CONTEXT(2) 
PARAMETRIC_REPRESENTATION_CONTEXT() REPRESENTATION_CONTEXT('2D SPACE',''
  ) );
#6736 = ORIENTED_EDGE('',*,*,#6737,.F.);
#6737 = EDGE_CURVE('',#3679,#6709,#6738,.T.);
#6738 = SEAM_CURVE('',#6739,(#6742,#6749),.PCURVE_S1.);
#6739 = B_SPLINE_CURVE_WITH_KNOTS('',1,(#6740,#6741),.UNSPECIFIED.,.F.,
  .F.,(2,2),(167.34488758836,169.34488758836),.PIECEWISE_BEZIER_KNOTS.);
#6740 = CARTESIAN_POINT('',(-56.,34.7,5.6));
#6741 = CARTESIAN_POINT('',(-56.,34.7,3.6));
#6742 = PCURVE('',#3695,#6743);
#6743 = DEFINITIONAL_REPRESENTATION('',(#6744),#6748);
#6744 = LINE('',#6745,#6746);
#6745 = CARTESIAN_POINT('',(3.14159265359,0.));
#6746 = VECTOR('',#6747,1.);
#6747 = DIRECTION('',(0.,1.));
#6748 = ( GEOMETRIC_REPRESENTATION_CONTEXT(2) 
PARAMETRIC_REPRESENTATION_CONTEXT() REPRESENTATION_CONTEXT('2D SPACE',''
  ) );
#6749 = PCURVE('',#3695,#6750);
#6750 = DEFINITIONAL_REPRESENTATION('',(#6751),#6755);
#6751 = LINE('',#6752,#6753);
#6752 = CARTESIAN_POINT('',(9.424777960769,0.));
#6753 = VECTOR('',#6754,1.);
#6754 = DIRECTION('',(0.,1.));
#6755 = ( GEOMETRIC_REPRESENTATION_CONTEXT(2) 
PARAMETRIC_REPRESENTATION_CONTEXT() REPRESENTATION_CONTEXT('2D SPACE',''
  ) );
#6756 = ORIENTED_EDGE('',*,*,#3678,.F.);
#6757 = ORIENTED_EDGE('',*,*,#6737,.T.);
#6758 = ADVANCED_FACE('',(#6759),#3664,.F.);
#6759 = FACE_BOUND('',#6760,.F.);
#6760 = EDGE_LOOP('',(#6761,#6790,#6810,#6811));
#6761 = ORIENTED_EDGE('',*,*,#6762,.T.);
#6762 = EDGE_CURVE('',#6763,#6763,#6765,.T.);
#6763 = VERTEX_POINT('',#6764);
#6764 = CARTESIAN_POINT('',(-56.,-37.3,3.6));
#6765 = SURFACE_CURVE('',#6766,(#6771,#6778),.PCURVE_S1.);
#6766 = CIRCLE('',#6767,1.3);
#6767 = AXIS2_PLACEMENT_3D('',#6768,#6769,#6770);
#6768 = CARTESIAN_POINT('',(-56.,-36.,3.6));
#6769 = DIRECTION('',(-3.153195929581E-32,-6.123233995737E-17,1.));
#6770 = DIRECTION('',(0.,-1.,-6.123233995737E-17));
#6771 = PCURVE('',#3664,#6772);
#6772 = DEFINITIONAL_REPRESENTATION('',(#6773),#6777);
#6773 = LINE('',#6774,#6775);
#6774 = CARTESIAN_POINT('',(9.424777960769,169.34488758836));
#6775 = VECTOR('',#6776,1.);
#6776 = DIRECTION('',(-1.,0.));
#6777 = ( GEOMETRIC_REPRESENTATION_CONTEXT(2) 
PARAMETRIC_REPRESENTATION_CONTEXT() REPRESENTATION_CONTEXT('2D SPACE',''
  ) );
#6778 = PCURVE('',#6779,#6784);
#6779 = PLANE('',#6780);
#6780 = AXIS2_PLACEMENT_3D('',#6781,#6782,#6783);
#6781 = CARTESIAN_POINT('',(-2.482339034905E-02,-2.204364238463E-16,3.6)
  );
#6782 = DIRECTION('',(-3.153195929581E-32,-6.123233995737E-17,1.));
#6783 = DIRECTION('',(1.,-1.930775651123E-48,3.153195929581E-32));
#6784 = DEFINITIONAL_REPRESENTATION('',(#6785),#6789);
#6785 = CIRCLE('',#6786,1.3);
#6786 = AXIS2_PLACEMENT_2D('',#6787,#6788);
#6787 = CARTESIAN_POINT('',(-55.97517660965,-36.));
#6788 = DIRECTION('',(-4.861730685829E-63,-1.));
#6789 = ( GEOMETRIC_REPRESENTATION_CONTEXT(2) 
PARAMETRIC_REPRESENTATION_CONTEXT() REPRESENTATION_CONTEXT('2D SPACE',''
  ) );
#6790 = ORIENTED_EDGE('',*,*,#6791,.F.);
#6791 = EDGE_CURVE('',#3648,#6763,#6792,.T.);
#6792 = SEAM_CURVE('',#6793,(#6796,#6803),.PCURVE_S1.);
#6793 = B_SPLINE_CURVE_WITH_KNOTS('',1,(#6794,#6795),.UNSPECIFIED.,.F.,
  .F.,(2,2),(167.34488758836,169.34488758836),.PIECEWISE_BEZIER_KNOTS.);
#6794 = CARTESIAN_POINT('',(-56.,-37.3,5.6));
#6795 = CARTESIAN_POINT('',(-56.,-37.3,3.6));
#6796 = PCURVE('',#3664,#6797);
#6797 = DEFINITIONAL_REPRESENTATION('',(#6798),#6802);
#6798 = LINE('',#6799,#6800);
#6799 = CARTESIAN_POINT('',(3.14159265359,0.));
#6800 = VECTOR('',#6801,1.);
#6801 = DIRECTION('',(0.,1.));
#6802 = ( GEOMETRIC_REPRESENTATION_CONTEXT(2) 
PARAMETRIC_REPRESENTATION_CONTEXT() REPRESENTATION_CONTEXT('2D SPACE',''
  ) );
#6803 = PCURVE('',#3664,#6804);
#6804 = DEFINITIONAL_REPRESENTATION('',(#6805),#6809);
#6805 = LINE('',#6806,#6807);
#6806 = CARTESIAN_POINT('',(9.424777960769,0.));
#6807 = VECTOR('',#6808,1.);
#6808 = DIRECTION('',(0.,1.));
#6809 = ( GEOMETRIC_REPRESENTATION_CONTEXT(2) 
PARAMETRIC_REPRESENTATION_CONTEXT() REPRESENTATION_CONTEXT('2D SPACE',''
  ) );
#6810 = ORIENTED_EDGE('',*,*,#3647,.F.);
#6811 = ORIENTED_EDGE('',*,*,#6791,.T.);
#6812 = ADVANCED_FACE('',(#6813,#6863),#6779,.F.);
#6813 = FACE_BOUND('',#6814,.T.);
#6814 = EDGE_LOOP('',(#6815,#6841));
#6815 = ORIENTED_EDGE('',*,*,#6816,.F.);
#6816 = EDGE_CURVE('',#6817,#6819,#6821,.T.);
#6817 = VERTEX_POINT('',#6818);
#6818 = CARTESIAN_POINT('',(-56.,-39.,3.6));
#6819 = VERTEX_POINT('',#6820);
#6820 = CARTESIAN_POINT('',(-56.,-33.,3.6));
#6821 = SURFACE_CURVE('',#6822,(#6827,#6834),.PCURVE_S1.);
#6822 = CIRCLE('',#6823,3.);
#6823 = AXIS2_PLACEMENT_3D('',#6824,#6825,#6826);
#6824 = CARTESIAN_POINT('',(-56.,-36.,3.6));
#6825 = DIRECTION('',(-3.153195929581E-32,-6.123233995737E-17,1.));
#6826 = DIRECTION('',(0.,-1.,-6.123233995737E-17));
#6827 = PCURVE('',#6779,#6828);
#6828 = DEFINITIONAL_REPRESENTATION('',(#6829),#6833);
#6829 = CIRCLE('',#6830,3.);
#6830 = AXIS2_PLACEMENT_2D('',#6831,#6832);
#6831 = CARTESIAN_POINT('',(-55.97517660965,-36.));
#6832 = DIRECTION('',(-4.861730685829E-63,-1.));
#6833 = ( GEOMETRIC_REPRESENTATION_CONTEXT(2) 
PARAMETRIC_REPRESENTATION_CONTEXT() REPRESENTATION_CONTEXT('2D SPACE',''
  ) );
#6834 = PCURVE('',#2891,#6835);
#6835 = DEFINITIONAL_REPRESENTATION('',(#6836),#6840);
#6836 = LINE('',#6837,#6838);
#6837 = CARTESIAN_POINT('',(3.14159265359,259.8987478345));
#6838 = VECTOR('',#6839,1.);
#6839 = DIRECTION('',(-1.,0.));
#6840 = ( GEOMETRIC_REPRESENTATION_CONTEXT(2) 
PARAMETRIC_REPRESENTATION_CONTEXT() REPRESENTATION_CONTEXT('2D SPACE',''
  ) );
#6841 = ORIENTED_EDGE('',*,*,#6842,.F.);
#6842 = EDGE_CURVE('',#6819,#6817,#6843,.T.);
#6843 = SURFACE_CURVE('',#6844,(#6849,#6856),.PCURVE_S1.);
#6844 = CIRCLE('',#6845,3.);
#6845 = AXIS2_PLACEMENT_3D('',#6846,#6847,#6848);
#6846 = CARTESIAN_POINT('',(-56.,-36.,3.6));
#6847 = DIRECTION('',(-3.153195929581E-32,-6.123233995737E-17,1.));
#6848 = DIRECTION('',(0.,-1.,-6.123233995737E-17));
#6849 = PCURVE('',#6779,#6850);
#6850 = DEFINITIONAL_REPRESENTATION('',(#6851),#6855);
#6851 = CIRCLE('',#6852,3.);
#6852 = AXIS2_PLACEMENT_2D('',#6853,#6854);
#6853 = CARTESIAN_POINT('',(-55.97517660965,-36.));
#6854 = DIRECTION('',(-4.861730685829E-63,-1.));
#6855 = ( GEOMETRIC_REPRESENTATION_CONTEXT(2) 
PARAMETRIC_REPRESENTATION_CONTEXT() REPRESENTATION_CONTEXT('2D SPACE',''
  ) );
#6856 = PCURVE('',#2891,#6857);
#6857 = DEFINITIONAL_REPRESENTATION('',(#6858),#6862);
#6858 = LINE('',#6859,#6860);
#6859 = CARTESIAN_POINT('',(9.424777960769,259.8987478345));
#6860 = VECTOR('',#6861,1.);
#6861 = DIRECTION('',(-1.,0.));
#6862 = ( GEOMETRIC_REPRESENTATION_CONTEXT(2) 
PARAMETRIC_REPRESENTATION_CONTEXT() REPRESENTATION_CONTEXT('2D SPACE',''
  ) );
#6863 = FACE_BOUND('',#6864,.T.);
#6864 = EDGE_LOOP('',(#6865));
#6865 = ORIENTED_EDGE('',*,*,#6762,.T.);
#6866 = ADVANCED_FACE('',(#6867),#2891,.F.);
#6867 = FACE_BOUND('',#6868,.F.);
#6868 = EDGE_LOOP('',(#6869,#6870,#6890,#6891,#6892));
#6869 = ORIENTED_EDGE('',*,*,#2874,.F.);
#6870 = ORIENTED_EDGE('',*,*,#6871,.F.);
#6871 = EDGE_CURVE('',#6819,#2875,#6872,.T.);
#6872 = SEAM_CURVE('',#6873,(#6876,#6883),.PCURVE_S1.);
#6873 = B_SPLINE_CURVE_WITH_KNOTS('',1,(#6874,#6875),.UNSPECIFIED.,.F.,
  .F.,(2,2),(259.8987478345,265.4987478345),.PIECEWISE_BEZIER_KNOTS.);
#6874 = CARTESIAN_POINT('',(-56.,-33.,3.6));
#6875 = CARTESIAN_POINT('',(-56.,-33.,-2.));
#6876 = PCURVE('',#2891,#6877);
#6877 = DEFINITIONAL_REPRESENTATION('',(#6878),#6882);
#6878 = LINE('',#6879,#6880);
#6879 = CARTESIAN_POINT('',(0.,0.));
#6880 = VECTOR('',#6881,1.);
#6881 = DIRECTION('',(0.,1.));
#6882 = ( GEOMETRIC_REPRESENTATION_CONTEXT(2) 
PARAMETRIC_REPRESENTATION_CONTEXT() REPRESENTATION_CONTEXT('2D SPACE',''
  ) );
#6883 = PCURVE('',#2891,#6884);
#6884 = DEFINITIONAL_REPRESENTATION('',(#6885),#6889);
#6885 = LINE('',#6886,#6887);
#6886 = CARTESIAN_POINT('',(6.28318530718,0.));
#6887 = VECTOR('',#6888,1.);
#6888 = DIRECTION('',(0.,1.));
#6889 = ( GEOMETRIC_REPRESENTATION_CONTEXT(2) 
PARAMETRIC_REPRESENTATION_CONTEXT() REPRESENTATION_CONTEXT('2D SPACE',''
  ) );
#6890 = ORIENTED_EDGE('',*,*,#6816,.F.);
#6891 = ORIENTED_EDGE('',*,*,#6842,.F.);
#6892 = ORIENTED_EDGE('',*,*,#6871,.T.);
#6893 = ADVANCED_FACE('',(#6894,#6944),#6725,.F.);
#6894 = FACE_BOUND('',#6895,.T.);
#6895 = EDGE_LOOP('',(#6896,#6922));
#6896 = ORIENTED_EDGE('',*,*,#6897,.F.);
#6897 = EDGE_CURVE('',#6898,#6900,#6902,.T.);
#6898 = VERTEX_POINT('',#6899);
#6899 = CARTESIAN_POINT('',(-56.,33.,3.6));
#6900 = VERTEX_POINT('',#6901);
#6901 = CARTESIAN_POINT('',(-56.,39.,3.6));
#6902 = SURFACE_CURVE('',#6903,(#6908,#6915),.PCURVE_S1.);
#6903 = CIRCLE('',#6904,3.);
#6904 = AXIS2_PLACEMENT_3D('',#6905,#6906,#6907);
#6905 = CARTESIAN_POINT('',(-56.,36.,3.6));
#6906 = DIRECTION('',(-3.153195929581E-32,-6.123233995737E-17,1.));
#6907 = DIRECTION('',(0.,-1.,-6.123233995737E-17));
#6908 = PCURVE('',#6725,#6909);
#6909 = DEFINITIONAL_REPRESENTATION('',(#6910),#6914);
#6910 = CIRCLE('',#6911,3.);
#6911 = AXIS2_PLACEMENT_2D('',#6912,#6913);
#6912 = CARTESIAN_POINT('',(-55.97517660965,36.));
#6913 = DIRECTION('',(-4.861730685829E-63,-1.));
#6914 = ( GEOMETRIC_REPRESENTATION_CONTEXT(2) 
PARAMETRIC_REPRESENTATION_CONTEXT() REPRESENTATION_CONTEXT('2D SPACE',''
  ) );
#6915 = PCURVE('',#2922,#6916);
#6916 = DEFINITIONAL_REPRESENTATION('',(#6917),#6921);
#6917 = LINE('',#6918,#6919);
#6918 = CARTESIAN_POINT('',(3.14159265359,259.8987478345));
#6919 = VECTOR('',#6920,1.);
#6920 = DIRECTION('',(-1.,0.));
#6921 = ( GEOMETRIC_REPRESENTATION_CONTEXT(2) 
PARAMETRIC_REPRESENTATION_CONTEXT() REPRESENTATION_CONTEXT('2D SPACE',''
  ) );
#6922 = ORIENTED_EDGE('',*,*,#6923,.F.);
#6923 = EDGE_CURVE('',#6900,#6898,#6924,.T.);
#6924 = SURFACE_CURVE('',#6925,(#6930,#6937),.PCURVE_S1.);
#6925 = CIRCLE('',#6926,3.);
#6926 = AXIS2_PLACEMENT_3D('',#6927,#6928,#6929);
#6927 = CARTESIAN_POINT('',(-56.,36.,3.6));
#6928 = DIRECTION('',(-3.153195929581E-32,-6.123233995737E-17,1.));
#6929 = DIRECTION('',(0.,-1.,-6.123233995737E-17));
#6930 = PCURVE('',#6725,#6931);
#6931 = DEFINITIONAL_REPRESENTATION('',(#6932),#6936);
#6932 = CIRCLE('',#6933,3.);
#6933 = AXIS2_PLACEMENT_2D('',#6934,#6935);
#6934 = CARTESIAN_POINT('',(-55.97517660965,36.));
#6935 = DIRECTION('',(-4.861730685829E-63,-1.));
#6936 = ( GEOMETRIC_REPRESENTATION_CONTEXT(2) 
PARAMETRIC_REPRESENTATION_CONTEXT() REPRESENTATION_CONTEXT('2D SPACE',''
  ) );
#6937 = PCURVE('',#2922,#6938);
#6938 = DEFINITIONAL_REPRESENTATION('',(#6939),#6943);
#6939 = LINE('',#6940,#6941);
#6940 = CARTESIAN_POINT('',(9.424777960769,259.8987478345));
#6941 = VECTOR('',#6942,1.);
#6942 = DIRECTION('',(-1.,0.));
#6943 = ( GEOMETRIC_REPRESENTATION_CONTEXT(2) 
PARAMETRIC_REPRESENTATION_CONTEXT() REPRESENTATION_CONTEXT('2D SPACE',''
  ) );
#6944 = FACE_BOUND('',#6945,.T.);
#6945 = EDGE_LOOP('',(#6946));
#6946 = ORIENTED_EDGE('',*,*,#6708,.T.);
#6947 = ADVANCED_FACE('',(#6948),#2922,.F.);
#6948 = FACE_BOUND('',#6949,.F.);
#6949 = EDGE_LOOP('',(#6950,#6951,#6971,#6972,#6973));
#6950 = ORIENTED_EDGE('',*,*,#2905,.F.);
#6951 = ORIENTED_EDGE('',*,*,#6952,.F.);
#6952 = EDGE_CURVE('',#6900,#2906,#6953,.T.);
#6953 = SEAM_CURVE('',#6954,(#6957,#6964),.PCURVE_S1.);
#6954 = B_SPLINE_CURVE_WITH_KNOTS('',1,(#6955,#6956),.UNSPECIFIED.,.F.,
  .F.,(2,2),(259.8987478345,265.4987478345),.PIECEWISE_BEZIER_KNOTS.);
#6955 = CARTESIAN_POINT('',(-56.,39.,3.6));
#6956 = CARTESIAN_POINT('',(-56.,39.,-2.));
#6957 = PCURVE('',#2922,#6958);
#6958 = DEFINITIONAL_REPRESENTATION('',(#6959),#6963);
#6959 = LINE('',#6960,#6961);
#6960 = CARTESIAN_POINT('',(0.,0.));
#6961 = VECTOR('',#6962,1.);
#6962 = DIRECTION('',(0.,1.));
#6963 = ( GEOMETRIC_REPRESENTATION_CONTEXT(2) 
PARAMETRIC_REPRESENTATION_CONTEXT() REPRESENTATION_CONTEXT('2D SPACE',''
  ) );
#6964 = PCURVE('',#2922,#6965);
#6965 = DEFINITIONAL_REPRESENTATION('',(#6966),#6970);
#6966 = LINE('',#6967,#6968);
#6967 = CARTESIAN_POINT('',(6.28318530718,0.));
#6968 = VECTOR('',#6969,1.);
#6969 = DIRECTION('',(0.,1.));
#6970 = ( GEOMETRIC_REPRESENTATION_CONTEXT(2) 
PARAMETRIC_REPRESENTATION_CONTEXT() REPRESENTATION_CONTEXT('2D SPACE',''
  ) );
#6971 = ORIENTED_EDGE('',*,*,#6897,.F.);
#6972 = ORIENTED_EDGE('',*,*,#6923,.F.);
#6973 = ORIENTED_EDGE('',*,*,#6952,.T.);
#6974 = ADVANCED_FACE('',(#6975,#7025),#6671,.F.);
#6975 = FACE_BOUND('',#6976,.T.);
#6976 = EDGE_LOOP('',(#6977,#7003));
#6977 = ORIENTED_EDGE('',*,*,#6978,.F.);
#6978 = EDGE_CURVE('',#6979,#6981,#6983,.T.);
#6979 = VERTEX_POINT('',#6980);
#6980 = CARTESIAN_POINT('',(56.,33.,3.6));
#6981 = VERTEX_POINT('',#6982);
#6982 = CARTESIAN_POINT('',(56.,39.,3.6));
#6983 = SURFACE_CURVE('',#6984,(#6989,#6996),.PCURVE_S1.);
#6984 = CIRCLE('',#6985,3.);
#6985 = AXIS2_PLACEMENT_3D('',#6986,#6987,#6988);
#6986 = CARTESIAN_POINT('',(56.,36.,3.6));
#6987 = DIRECTION('',(-3.153195929581E-32,-6.123233995737E-17,1.));
#6988 = DIRECTION('',(0.,-1.,-6.123233995737E-17));
#6989 = PCURVE('',#6671,#6990);
#6990 = DEFINITIONAL_REPRESENTATION('',(#6991),#6995);
#6991 = CIRCLE('',#6992,3.);
#6992 = AXIS2_PLACEMENT_2D('',#6993,#6994);
#6993 = CARTESIAN_POINT('',(56.024823390349,36.));
#6994 = DIRECTION('',(-4.861730685829E-63,-1.));
#6995 = ( GEOMETRIC_REPRESENTATION_CONTEXT(2) 
PARAMETRIC_REPRESENTATION_CONTEXT() REPRESENTATION_CONTEXT('2D SPACE',''
  ) );
#6996 = PCURVE('',#2953,#6997);
#6997 = DEFINITIONAL_REPRESENTATION('',(#6998),#7002);
#6998 = LINE('',#6999,#7000);
#6999 = CARTESIAN_POINT('',(3.14159265359,259.8987478345));
#7000 = VECTOR('',#7001,1.);
#7001 = DIRECTION('',(-1.,0.));
#7002 = ( GEOMETRIC_REPRESENTATION_CONTEXT(2) 
PARAMETRIC_REPRESENTATION_CONTEXT() REPRESENTATION_CONTEXT('2D SPACE',''
  ) );
#7003 = ORIENTED_EDGE('',*,*,#7004,.F.);
#7004 = EDGE_CURVE('',#6981,#6979,#7005,.T.);
#7005 = SURFACE_CURVE('',#7006,(#7011,#7018),.PCURVE_S1.);
#7006 = CIRCLE('',#7007,3.);
#7007 = AXIS2_PLACEMENT_3D('',#7008,#7009,#7010);
#7008 = CARTESIAN_POINT('',(56.,36.,3.6));
#7009 = DIRECTION('',(-3.153195929581E-32,-6.123233995737E-17,1.));
#7010 = DIRECTION('',(0.,-1.,-6.123233995737E-17));
#7011 = PCURVE('',#6671,#7012);
#7012 = DEFINITIONAL_REPRESENTATION('',(#7013),#7017);
#7013 = CIRCLE('',#7014,3.);
#7014 = AXIS2_PLACEMENT_2D('',#7015,#7016);
#7015 = CARTESIAN_POINT('',(56.024823390349,36.));
#7016 = DIRECTION('',(-4.861730685829E-63,-1.));
#7017 = ( GEOMETRIC_REPRESENTATION_CONTEXT(2) 
PARAMETRIC_REPRESENTATION_CONTEXT() REPRESENTATION_CONTEXT('2D SPACE',''
  ) );
#7018 = PCURVE('',#2953,#7019);
#7019 = DEFINITIONAL_REPRESENTATION('',(#7020),#7024);
#7020 = LINE('',#7021,#7022);
#7021 = CARTESIAN_POINT('',(9.424777960769,259.8987478345));
#7022 = VECTOR('',#7023,1.);
#7023 = DIRECTION('',(-1.,0.));
#7024 = ( GEOMETRIC_REPRESENTATION_CONTEXT(2) 
PARAMETRIC_REPRESENTATION_CONTEXT() REPRESENTATION_CONTEXT('2D SPACE',''
  ) );
#7025 = FACE_BOUND('',#7026,.T.);
#7026 = EDGE_LOOP('',(#7027));
#7027 = ORIENTED_EDGE('',*,*,#6654,.T.);
#7028 = ADVANCED_FACE('',(#7029),#2953,.F.);
#7029 = FACE_BOUND('',#7030,.F.);
#7030 = EDGE_LOOP('',(#7031,#7032,#7052,#7053,#7054));
#7031 = ORIENTED_EDGE('',*,*,#2936,.F.);
#7032 = ORIENTED_EDGE('',*,*,#7033,.F.);
#7033 = EDGE_CURVE('',#6981,#2937,#7034,.T.);
#7034 = SEAM_CURVE('',#7035,(#7038,#7045),.PCURVE_S1.);
#7035 = B_SPLINE_CURVE_WITH_KNOTS('',1,(#7036,#7037),.UNSPECIFIED.,.F.,
  .F.,(2,2),(259.8987478345,265.4987478345),.PIECEWISE_BEZIER_KNOTS.);
#7036 = CARTESIAN_POINT('',(56.,39.,3.6));
#7037 = CARTESIAN_POINT('',(56.,39.,-2.));
#7038 = PCURVE('',#2953,#7039);
#7039 = DEFINITIONAL_REPRESENTATION('',(#7040),#7044);
#7040 = LINE('',#7041,#7042);
#7041 = CARTESIAN_POINT('',(0.,0.));
#7042 = VECTOR('',#7043,1.);
#7043 = DIRECTION('',(0.,1.));
#7044 = ( GEOMETRIC_REPRESENTATION_CONTEXT(2) 
PARAMETRIC_REPRESENTATION_CONTEXT() REPRESENTATION_CONTEXT('2D SPACE',''
  ) );
#7045 = PCURVE('',#2953,#7046);
#7046 = DEFINITIONAL_REPRESENTATION('',(#7047),#7051);
#7047 = LINE('',#7048,#7049);
#7048 = CARTESIAN_POINT('',(6.28318530718,0.));
#7049 = VECTOR('',#7050,1.);
#7050 = DIRECTION('',(0.,1.));
#7051 = ( GEOMETRIC_REPRESENTATION_CONTEXT(2) 
PARAMETRIC_REPRESENTATION_CONTEXT() REPRESENTATION_CONTEXT('2D SPACE',''
  ) );
#7052 = ORIENTED_EDGE('',*,*,#6978,.F.);
#7053 = ORIENTED_EDGE('',*,*,#7004,.F.);
#7054 = ORIENTED_EDGE('',*,*,#7033,.T.);
#7055 = ADVANCED_FACE('',(#7056,#7106),#6617,.F.);
#7056 = FACE_BOUND('',#7057,.T.);
#7057 = EDGE_LOOP('',(#7058,#7084));
#7058 = ORIENTED_EDGE('',*,*,#7059,.F.);
#7059 = EDGE_CURVE('',#7060,#7062,#7064,.T.);
#7060 = VERTEX_POINT('',#7061);
#7061 = CARTESIAN_POINT('',(56.,-39.,3.6));
#7062 = VERTEX_POINT('',#7063);
#7063 = CARTESIAN_POINT('',(56.,-33.,3.6));
#7064 = SURFACE_CURVE('',#7065,(#7070,#7077),.PCURVE_S1.);
#7065 = CIRCLE('',#7066,3.);
#7066 = AXIS2_PLACEMENT_3D('',#7067,#7068,#7069);
#7067 = CARTESIAN_POINT('',(56.,-36.,3.6));
#7068 = DIRECTION('',(-3.153195929581E-32,-6.123233995737E-17,1.));
#7069 = DIRECTION('',(0.,-1.,-6.123233995737E-17));
#7070 = PCURVE('',#6617,#7071);
#7071 = DEFINITIONAL_REPRESENTATION('',(#7072),#7076);
#7072 = CIRCLE('',#7073,3.);
#7073 = AXIS2_PLACEMENT_2D('',#7074,#7075);
#7074 = CARTESIAN_POINT('',(56.024823390349,-36.));
#7075 = DIRECTION('',(-4.861730685829E-63,-1.));
#7076 = ( GEOMETRIC_REPRESENTATION_CONTEXT(2) 
PARAMETRIC_REPRESENTATION_CONTEXT() REPRESENTATION_CONTEXT('2D SPACE',''
  ) );
#7077 = PCURVE('',#2984,#7078);
#7078 = DEFINITIONAL_REPRESENTATION('',(#7079),#7083);
#7079 = LINE('',#7080,#7081);
#7080 = CARTESIAN_POINT('',(3.14159265359,259.8987478345));
#7081 = VECTOR('',#7082,1.);
#7082 = DIRECTION('',(-1.,0.));
#7083 = ( GEOMETRIC_REPRESENTATION_CONTEXT(2) 
PARAMETRIC_REPRESENTATION_CONTEXT() REPRESENTATION_CONTEXT('2D SPACE',''
  ) );
#7084 = ORIENTED_EDGE('',*,*,#7085,.F.);
#7085 = EDGE_CURVE('',#7062,#7060,#7086,.T.);
#7086 = SURFACE_CURVE('',#7087,(#7092,#7099),.PCURVE_S1.);
#7087 = CIRCLE('',#7088,3.);
#7088 = AXIS2_PLACEMENT_3D('',#7089,#7090,#7091);
#7089 = CARTESIAN_POINT('',(56.,-36.,3.6));
#7090 = DIRECTION('',(-3.153195929581E-32,-6.123233995737E-17,1.));
#7091 = DIRECTION('',(0.,-1.,-6.123233995737E-17));
#7092 = PCURVE('',#6617,#7093);
#7093 = DEFINITIONAL_REPRESENTATION('',(#7094),#7098);
#7094 = CIRCLE('',#7095,3.);
#7095 = AXIS2_PLACEMENT_2D('',#7096,#7097);
#7096 = CARTESIAN_POINT('',(56.024823390349,-36.));
#7097 = DIRECTION('',(-4.861730685829E-63,-1.));
#7098 = ( GEOMETRIC_REPRESENTATION_CONTEXT(2) 
PARAMETRIC_REPRESENTATION_CONTEXT() REPRESENTATION_CONTEXT('2D SPACE',''
  ) );
#7099 = PCURVE('',#2984,#7100);
#7100 = DEFINITIONAL_REPRESENTATION('',(#7101),#7105);
#7101 = LINE('',#7102,#7103);
#7102 = CARTESIAN_POINT('',(9.424777960769,259.8987478345));
#7103 = VECTOR('',#7104,1.);
#7104 = DIRECTION('',(-1.,0.));
#7105 = ( GEOMETRIC_REPRESENTATION_CONTEXT(2) 
PARAMETRIC_REPRESENTATION_CONTEXT() REPRESENTATION_CONTEXT('2D SPACE',''
  ) );
#7106 = FACE_BOUND('',#7107,.T.);
#7107 = EDGE_LOOP('',(#7108));
#7108 = ORIENTED_EDGE('',*,*,#6600,.T.);
#7109 = ADVANCED_FACE('',(#7110),#2984,.F.);
#7110 = FACE_BOUND('',#7111,.F.);
#7111 = EDGE_LOOP('',(#7112,#7113,#7133,#7134,#7135));
#7112 = ORIENTED_EDGE('',*,*,#2967,.F.);
#7113 = ORIENTED_EDGE('',*,*,#7114,.F.);
#7114 = EDGE_CURVE('',#7062,#2968,#7115,.T.);
#7115 = SEAM_CURVE('',#7116,(#7119,#7126),.PCURVE_S1.);
#7116 = B_SPLINE_CURVE_WITH_KNOTS('',1,(#7117,#7118),.UNSPECIFIED.,.F.,
  .F.,(2,2),(259.8987478345,265.4987478345),.PIECEWISE_BEZIER_KNOTS.);
#7117 = CARTESIAN_POINT('',(56.,-33.,3.6));
#7118 = CARTESIAN_POINT('',(56.,-33.,-2.));
#7119 = PCURVE('',#2984,#7120);
#7120 = DEFINITIONAL_REPRESENTATION('',(#7121),#7125);
#7121 = LINE('',#7122,#7123);
#7122 = CARTESIAN_POINT('',(0.,0.));
#7123 = VECTOR('',#7124,1.);
#7124 = DIRECTION('',(0.,1.));
#7125 = ( GEOMETRIC_REPRESENTATION_CONTEXT(2) 
PARAMETRIC_REPRESENTATION_CONTEXT() REPRESENTATION_CONTEXT('2D SPACE',''
  ) );
#7126 = PCURVE('',#2984,#7127);
#7127 = DEFINITIONAL_REPRESENTATION('',(#7128),#7132);
#7128 = LINE('',#7129,#7130);
#7129 = CARTESIAN_POINT('',(6.28318530718,0.));
#7130 = VECTOR('',#7131,1.);
#7131 = DIRECTION('',(0.,1.));
#7132 = ( GEOMETRIC_REPRESENTATION_CONTEXT(2) 
PARAMETRIC_REPRESENTATION_CONTEXT() REPRESENTATION_CONTEXT('2D SPACE',''
  ) );
#7133 = ORIENTED_EDGE('',*,*,#7059,.F.);
#7134 = ORIENTED_EDGE('',*,*,#7085,.F.);
#7135 = ORIENTED_EDGE('',*,*,#7114,.T.);
#7136 = ADVANCED_FACE('',(#7137),#100,.F.);
#7137 = FACE_BOUND('',#7138,.T.);
#7138 = EDGE_LOOP('',(#7139,#7140,#7141,#7163,#7164));
#7139 = ORIENTED_EDGE('',*,*,#3578,.T.);
#7140 = ORIENTED_EDGE('',*,*,#84,.T.);
#7141 = ORIENTED_EDGE('',*,*,#7142,.T.);
#7142 = EDGE_CURVE('',#57,#450,#7143,.T.);
#7143 = SURFACE_CURVE('',#7144,(#7149,#7156),.PCURVE_S1.);
#7144 = CIRCLE('',#7145,2.4);
#7145 = AXIS2_PLACEMENT_3D('',#7146,#7147,#7148);
#7146 = CARTESIAN_POINT('',(54.6,9.175,2.4));
#7147 = DIRECTION('',(-9.376883653929E-17,1.,-2.121985903336E-16));
#7148 = DIRECTION('',(0.,2.121985903336E-16,1.));
#7149 = PCURVE('',#100,#7150);
#7150 = DEFINITIONAL_REPRESENTATION('',(#7151),#7155);
#7151 = CIRCLE('',#7152,2.4);
#7152 = AXIS2_PLACEMENT_2D('',#7153,#7154);
#7153 = CARTESIAN_POINT('',(-5.775,-183.7800643453));
#7154 = DIRECTION('',(1.,0.));
#7155 = ( GEOMETRIC_REPRESENTATION_CONTEXT(2) 
PARAMETRIC_REPRESENTATION_CONTEXT() REPRESENTATION_CONTEXT('2D SPACE',''
  ) );
#7156 = PCURVE('',#72,#7157);
#7157 = DEFINITIONAL_REPRESENTATION('',(#7158),#7162);
#7158 = LINE('',#7159,#7160);
#7159 = CARTESIAN_POINT('',(1.570796326795,9.175));
#7160 = VECTOR('',#7161,1.);
#7161 = DIRECTION('',(1.,0.));
#7162 = ( GEOMETRIC_REPRESENTATION_CONTEXT(2) 
PARAMETRIC_REPRESENTATION_CONTEXT() REPRESENTATION_CONTEXT('2D SPACE',''
  ) );
#7163 = ORIENTED_EDGE('',*,*,#449,.F.);
#7164 = ORIENTED_EDGE('',*,*,#1590,.F.);
#7165 = ADVANCED_FACE('',(#7166),#220,.F.);
#7166 = FACE_BOUND('',#7167,.T.);
#7167 = EDGE_LOOP('',(#7168,#7169,#7191,#7192,#7193));
#7168 = ORIENTED_EDGE('',*,*,#398,.T.);
#7169 = ORIENTED_EDGE('',*,*,#7170,.T.);
#7170 = EDGE_CURVE('',#369,#198,#7171,.T.);
#7171 = SURFACE_CURVE('',#7172,(#7177,#7184),.PCURVE_S1.);
#7172 = CIRCLE('',#7173,2.4);
#7173 = AXIS2_PLACEMENT_3D('',#7174,#7175,#7176);
#7174 = CARTESIAN_POINT('',(54.6,-4.175,2.4));
#7175 = DIRECTION('',(9.376883653929E-17,-1.,1.060992951668E-16));
#7176 = DIRECTION('',(0.,-1.060992951668E-16,-1.));
#7177 = PCURVE('',#220,#7178);
#7178 = DEFINITIONAL_REPRESENTATION('',(#7179),#7183);
#7179 = CIRCLE('',#7180,2.4);
#7180 = AXIS2_PLACEMENT_2D('',#7181,#7182);
#7181 = CARTESIAN_POINT('',(5.775,-183.7800643453));
#7182 = DIRECTION('',(1.,0.));
#7183 = ( GEOMETRIC_REPRESENTATION_CONTEXT(2) 
PARAMETRIC_REPRESENTATION_CONTEXT() REPRESENTATION_CONTEXT('2D SPACE',''
  ) );
#7184 = PCURVE('',#248,#7185);
#7185 = DEFINITIONAL_REPRESENTATION('',(#7186),#7190);
#7186 = LINE('',#7187,#7188);
#7187 = CARTESIAN_POINT('',(4.712388980385,-4.175));
#7188 = VECTOR('',#7189,1.);
#7189 = DIRECTION('',(-1.,0.));
#7190 = ( GEOMETRIC_REPRESENTATION_CONTEXT(2) 
PARAMETRIC_REPRESENTATION_CONTEXT() REPRESENTATION_CONTEXT('2D SPACE',''
  ) );
#7191 = ORIENTED_EDGE('',*,*,#197,.T.);
#7192 = ORIENTED_EDGE('',*,*,#3260,.T.);
#7193 = ORIENTED_EDGE('',*,*,#1612,.F.);
#7194 = ADVANCED_FACE('',(#7195),#1971,.F.);
#7195 = FACE_BOUND('',#7196,.T.);
#7196 = EDGE_LOOP('',(#7197,#7198,#7199,#7200));
#7197 = ORIENTED_EDGE('',*,*,#4461,.T.);
#7198 = ORIENTED_EDGE('',*,*,#3024,.F.);
#7199 = ORIENTED_EDGE('',*,*,#4532,.T.);
#7200 = ORIENTED_EDGE('',*,*,#1955,.F.);
#7201 = ADVANCED_FACE('',(#7202),#2170,.F.);
#7202 = FACE_BOUND('',#7203,.T.);
#7203 = EDGE_LOOP('',(#7204,#7205,#7206,#7207));
#7204 = ORIENTED_EDGE('',*,*,#4345,.T.);
#7205 = ORIENTED_EDGE('',*,*,#3075,.F.);
#7206 = ORIENTED_EDGE('',*,*,#4416,.T.);
#7207 = ORIENTED_EDGE('',*,*,#2154,.F.);
#7208 = ADVANCED_FACE('',(#7209),#1475,.T.);
#7209 = FACE_BOUND('',#7210,.T.);
#7210 = EDGE_LOOP('',(#7211,#7212,#7213,#7214));
#7211 = ORIENTED_EDGE('',*,*,#4300,.F.);
#7212 = ORIENTED_EDGE('',*,*,#1459,.F.);
#7213 = ORIENTED_EDGE('',*,*,#4693,.F.);
#7214 = ORIENTED_EDGE('',*,*,#3122,.F.);
#7215 = ADVANCED_FACE('',(#7216),#1762,.T.);
#7216 = FACE_BOUND('',#7217,.T.);
#7217 = EDGE_LOOP('',(#7218,#7219,#7220,#7221));
#7218 = ORIENTED_EDGE('',*,*,#4648,.F.);
#7219 = ORIENTED_EDGE('',*,*,#1746,.F.);
#7220 = ORIENTED_EDGE('',*,*,#4577,.F.);
#7221 = ORIENTED_EDGE('',*,*,#3173,.F.);
#7222 = ADVANCED_FACE('',(#7223),#1684,.T.);
#7223 = FACE_BOUND('',#7224,.T.);
#7224 = EDGE_LOOP('',(#7225,#7226,#7227,#7228));
#7225 = ORIENTED_EDGE('',*,*,#1666,.F.);
#7226 = ORIENTED_EDGE('',*,*,#3214,.F.);
#7227 = ORIENTED_EDGE('',*,*,#2006,.F.);
#7228 = ORIENTED_EDGE('',*,*,#4509,.T.);
#7229 = ADVANCED_FACE('',(#7230),#1397,.T.);
#7230 = FACE_BOUND('',#7231,.T.);
#7231 = EDGE_LOOP('',(#7232,#7233,#7234,#7235));
#7232 = ORIENTED_EDGE('',*,*,#1797,.F.);
#7233 = ORIENTED_EDGE('',*,*,#4625,.T.);
#7234 = ORIENTED_EDGE('',*,*,#1379,.F.);
#7235 = ORIENTED_EDGE('',*,*,#3237,.F.);
#7236 = ADVANCED_FACE('',(#7237),#1893,.T.);
#7237 = FACE_BOUND('',#7238,.T.);
#7238 = EDGE_LOOP('',(#7239,#7240,#7241,#7242));
#7239 = ORIENTED_EDGE('',*,*,#2205,.F.);
#7240 = ORIENTED_EDGE('',*,*,#4393,.T.);
#7241 = ORIENTED_EDGE('',*,*,#1875,.F.);
#7242 = ORIENTED_EDGE('',*,*,#3623,.F.);
#7243 = ADVANCED_FACE('',(#7244),#1533,.T.);
#7244 = FACE_BOUND('',#7245,.T.);
#7245 = EDGE_LOOP('',(#7246,#7247,#7248,#7249));
#7246 = ORIENTED_EDGE('',*,*,#2084,.F.);
#7247 = ORIENTED_EDGE('',*,*,#3600,.F.);
#7248 = ORIENTED_EDGE('',*,*,#1515,.F.);
#7249 = ORIENTED_EDGE('',*,*,#4277,.T.);
#7250 = ADVANCED_FACE('',(#7251),#248,.F.);
#7251 = FACE_BOUND('',#7252,.F.);
#7252 = EDGE_LOOP('',(#7253,#7254,#7320,#7321));
#7253 = ORIENTED_EDGE('',*,*,#232,.T.);
#7254 = ORIENTED_EDGE('',*,*,#7255,.F.);
#7255 = EDGE_CURVE('',#371,#233,#7256,.T.);
#7256 = SURFACE_CURVE('',#7257,(#7262,#7291),.PCURVE_S1.);
#7257 = ELLIPSE('',#7258,2.839397341263,2.4);
#7258 = AXIS2_PLACEMENT_3D('',#7259,#7260,#7261);
#7259 = CARTESIAN_POINT('',(54.6,-28.16250488128,2.4));
#7260 = DIRECTION('',(-0.534371402989,-0.845249787736,
    -5.175662235153E-17));
#7261 = DIRECTION('',(-0.845249787736,0.534371402989,0.));
#7262 = PCURVE('',#248,#7263);
#7263 = DEFINITIONAL_REPRESENTATION('',(#7264),#7290);
#7264 = B_SPLINE_CURVE_WITH_KNOTS('',3,(#7265,#7266,#7267,#7268,#7269,
    #7270,#7271,#7272,#7273,#7274,#7275,#7276,#7277,#7278,#7279,#7280,
    #7281,#7282,#7283,#7284,#7285,#7286,#7287,#7288,#7289),
  .UNSPECIFIED.,.F.,.F.,(4,1,1,1,1,1,1,1,1,1,1,1,1,1,1,1,1,1,1,1,1,1,4),
  (1.570796326795,1.642196159831,1.713595992867,1.784995825903,
    1.856395658939,1.927795491976,1.999195325012,2.070595158048,
    2.141994991084,2.21339482412,2.284794657156,2.356194490192,
    2.427594323228,2.498994156265,2.570393989301,2.641793822337,
    2.713193655373,2.784593488409,2.855993321445,2.927393154481,
    2.998792987518,3.070192820554,3.14159265359),.QUASI_UNIFORM_KNOTS.);
#7265 = CARTESIAN_POINT('',(4.712388980385,-28.16250488128));
#7266 = CARTESIAN_POINT('',(4.688589036039,-28.19861664511));
#7267 = CARTESIAN_POINT('',(4.640989147349,-28.27083918115));
#7268 = CARTESIAN_POINT('',(4.569589314312,-28.37862173487));
#7269 = CARTESIAN_POINT('',(4.498189481276,-28.48530279325));
#7270 = CARTESIAN_POINT('',(4.42678964824,-28.59033900464));
#7271 = CARTESIAN_POINT('',(4.355389815204,-28.69319505609));
#7272 = CARTESIAN_POINT('',(4.283989982168,-28.79334683615));
#7273 = CARTESIAN_POINT('',(4.212590149132,-28.89028398912));
#7274 = CARTESIAN_POINT('',(4.141190316096,-28.98351254686));
#7275 = CARTESIAN_POINT('',(4.06979048306,-29.07255743766));
#7276 = CARTESIAN_POINT('',(3.998390650023,-29.15696490925));
#7277 = CARTESIAN_POINT('',(3.926990816987,-29.23630484049));
#7278 = CARTESIAN_POINT('',(3.855590983951,-29.31017293328));
#7279 = CARTESIAN_POINT('',(3.784191150915,-29.37819277269));
#7280 = CARTESIAN_POINT('',(3.712791317879,-29.4400177455));
#7281 = CARTESIAN_POINT('',(3.641391484843,-29.49533280469));
#7282 = CARTESIAN_POINT('',(3.569991651807,-29.54385608166));
#7283 = CARTESIAN_POINT('',(3.49859181877,-29.58534029698));
#7284 = CARTESIAN_POINT('',(3.427191985734,-29.61957411608));
#7285 = CARTESIAN_POINT('',(3.355792152698,-29.64638286922));
#7286 = CARTESIAN_POINT('',(3.284392319662,-29.66563077389));
#7287 = CARTESIAN_POINT('',(3.212992486626,-29.67721665419));
#7288 = CARTESIAN_POINT('',(3.165392597935,-29.6798008943));
#7289 = CARTESIAN_POINT('',(3.14159265359,-29.67979762218));
#7290 = ( GEOMETRIC_REPRESENTATION_CONTEXT(2) 
PARAMETRIC_REPRESENTATION_CONTEXT() REPRESENTATION_CONTEXT('2D SPACE',''
  ) );
#7291 = PCURVE('',#6324,#7292);
#7292 = DEFINITIONAL_REPRESENTATION('',(#7293),#7319);
#7293 = B_SPLINE_CURVE_WITH_KNOTS('',3,(#7294,#7295,#7296,#7297,#7298,
    #7299,#7300,#7301,#7302,#7303,#7304,#7305,#7306,#7307,#7308,#7309,
    #7310,#7311,#7312,#7313,#7314,#7315,#7316,#7317,#7318),
  .UNSPECIFIED.,.F.,.F.,(4,1,1,1,1,1,1,1,1,1,1,1,1,1,1,1,1,1,1,1,1,1,4),
  (1.570796326795,1.642196159831,1.713595992867,1.784995825903,
    1.856395658939,1.927795491976,1.999195325012,2.070595158048,
    2.141994991084,2.21339482412,2.284794657156,2.356194490192,
    2.427594323228,2.498994156265,2.570393989301,2.641793822337,
    2.713193655373,2.784593488409,2.855993321445,2.927393154481,
    2.998792987518,3.070192820554,3.14159265359),.QUASI_UNIFORM_KNOTS.);
#7294 = CARTESIAN_POINT('',(4.712388980385,0.999986791191));
#7295 = CARTESIAN_POINT('',(4.68858846435,0.999993940682));
#7296 = CARTESIAN_POINT('',(4.640985784967,0.999990574282));
#7297 = CARTESIAN_POINT('',(4.569580867933,0.99996282614));
#7298 = CARTESIAN_POINT('',(4.49818132243,0.999954828594));
#7299 = CARTESIAN_POINT('',(4.426785628652,0.999966500412));
#7300 = CARTESIAN_POINT('',(4.355390309566,0.999993265277));
#7301 = CARTESIAN_POINT('',(4.283989434445,1.000006754129));
#7302 = CARTESIAN_POINT('',(4.212587936221,1.000002697016));
#7303 = CARTESIAN_POINT('',(4.14119082713,1.000001285925));
#7304 = CARTESIAN_POINT('',(4.069789638513,0.999996478397));
#7305 = CARTESIAN_POINT('',(3.998389786937,0.999996071116));
#7306 = CARTESIAN_POINT('',(3.926991687717,1.000001561386));
#7307 = CARTESIAN_POINT('',(3.85558836412,0.999997683339));
#7308 = CARTESIAN_POINT('',(3.784190321514,0.999998565224));
#7309 = CARTESIAN_POINT('',(3.712791733142,1.00000081844));
#7310 = CARTESIAN_POINT('',(3.641389051301,0.999996476011));
#7311 = CARTESIAN_POINT('',(3.569992058093,0.999999737189));
#7312 = CARTESIAN_POINT('',(3.498591056377,0.9999997555));
#7313 = CARTESIAN_POINT('',(3.427190407537,0.999996636106));
#7314 = CARTESIAN_POINT('',(3.355792966237,1.000000909235));
#7315 = CARTESIAN_POINT('',(3.284391017905,0.999998311913));
#7316 = CARTESIAN_POINT('',(3.212992181911,0.999997909667));
#7317 = CARTESIAN_POINT('',(3.165392602918,0.99999884561));
#7318 = CARTESIAN_POINT('',(3.14159265359,1.));
#7319 = ( GEOMETRIC_REPRESENTATION_CONTEXT(2) 
PARAMETRIC_REPRESENTATION_CONTEXT() REPRESENTATION_CONTEXT('2D SPACE',''
  ) );
#7320 = ORIENTED_EDGE('',*,*,#368,.F.);
#7321 = ORIENTED_EDGE('',*,*,#7170,.T.);
#7322 = ADVANCED_FACE('',(#7323),#6324,.F.);
#7323 = FACE_BOUND('',#7324,.F.);
#7324 = EDGE_LOOP('',(#7325,#7368,#7369));
#7325 = ORIENTED_EDGE('',*,*,#7326,.F.);
#7326 = EDGE_CURVE('',#371,#6282,#7327,.T.);
#7327 = SURFACE_CURVE('',#7328,(#7333,#7339),.PCURVE_S1.);
#7328 = ELLIPSE('',#7329,2.839397341263,2.4);
#7329 = AXIS2_PLACEMENT_3D('',#7330,#7331,#7332);
#7330 = CARTESIAN_POINT('',(54.6,-28.16250488128,2.4));
#7331 = DIRECTION('',(-0.999330061164,3.659820834491E-02,
    2.240993935206E-18));
#7332 = DIRECTION('',(3.659820834491E-02,0.999330061164,0.));
#7333 = PCURVE('',#6324,#7334);
#7334 = DEFINITIONAL_REPRESENTATION('',(#7335),#7338);
#7335 = B_SPLINE_CURVE_WITH_KNOTS('',1,(#7336,#7337),.UNSPECIFIED.,.F.,
  .F.,(2,2),(1.570796326795,3.14159265359),.PIECEWISE_BEZIER_KNOTS.);
#7336 = CARTESIAN_POINT('',(4.712388980385,-5.67992377698E-04));
#7337 = CARTESIAN_POINT('',(3.14159265359,-2.691437201496E-15));
#7338 = ( GEOMETRIC_REPRESENTATION_CONTEXT(2) 
PARAMETRIC_REPRESENTATION_CONTEXT() REPRESENTATION_CONTEXT('2D SPACE',''
  ) );
#7339 = PCURVE('',#905,#7340);
#7340 = DEFINITIONAL_REPRESENTATION('',(#7341),#7367);
#7341 = B_SPLINE_CURVE_WITH_KNOTS('',3,(#7342,#7343,#7344,#7345,#7346,
    #7347,#7348,#7349,#7350,#7351,#7352,#7353,#7354,#7355,#7356,#7357,
    #7358,#7359,#7360,#7361,#7362,#7363,#7364,#7365,#7366),
  .UNSPECIFIED.,.F.,.F.,(4,1,1,1,1,1,1,1,1,1,1,1,1,1,1,1,1,1,1,1,1,1,4),
  (1.570796326795,1.642196159831,1.713595992867,1.784995825903,
    1.856395658939,1.927795491976,1.999195325012,2.070595158048,
    2.141994991084,2.21339482412,2.284794657156,2.356194490192,
    2.427594323228,2.498994156265,2.570393989301,2.641793822337,
    2.713193655373,2.784593488409,2.855993321445,2.927393154481,
    2.998792987518,3.070192820554,3.14159265359),.QUASI_UNIFORM_KNOTS.);
#7342 = CARTESIAN_POINT('',(4.712388980385,1.049762781521));
#7343 = CARTESIAN_POINT('',(4.688589036039,1.085874545348));
#7344 = CARTESIAN_POINT('',(4.640989147349,1.158097081385));
#7345 = CARTESIAN_POINT('',(4.569589314312,1.265879635113));
#7346 = CARTESIAN_POINT('',(4.498189481276,1.37256069349));
#7347 = CARTESIAN_POINT('',(4.42678964824,1.477596904881));
#7348 = CARTESIAN_POINT('',(4.355389815204,1.580452956326));
#7349 = CARTESIAN_POINT('',(4.283989982168,1.680604736391));
#7350 = CARTESIAN_POINT('',(4.212590149132,1.777541889355));
#7351 = CARTESIAN_POINT('',(4.141190316096,1.870770447103));
#7352 = CARTESIAN_POINT('',(4.06979048306,1.959815337899));
#7353 = CARTESIAN_POINT('',(3.998390650023,2.044222809493));
#7354 = CARTESIAN_POINT('',(3.926990816987,2.123562740725));
#7355 = CARTESIAN_POINT('',(3.855590983951,2.197430833521));
#7356 = CARTESIAN_POINT('',(3.784191150915,2.265450672927));
#7357 = CARTESIAN_POINT('',(3.712791317879,2.327275645742));
#7358 = CARTESIAN_POINT('',(3.641391484843,2.38259070493));
#7359 = CARTESIAN_POINT('',(3.569991651807,2.431113981901));
#7360 = CARTESIAN_POINT('',(3.49859181877,2.472598197214));
#7361 = CARTESIAN_POINT('',(3.427191985734,2.50683201632));
#7362 = CARTESIAN_POINT('',(3.355792152698,2.533640769457));
#7363 = CARTESIAN_POINT('',(3.284392319662,2.552888674131));
#7364 = CARTESIAN_POINT('',(3.212992486626,2.564474554432));
#7365 = CARTESIAN_POINT('',(3.165392597935,2.567058794541));
#7366 = CARTESIAN_POINT('',(3.14159265359,2.567055522415));
#7367 = ( GEOMETRIC_REPRESENTATION_CONTEXT(2) 
PARAMETRIC_REPRESENTATION_CONTEXT() REPRESENTATION_CONTEXT('2D SPACE',''
  ) );
#7368 = ORIENTED_EDGE('',*,*,#7255,.T.);
#7369 = ORIENTED_EDGE('',*,*,#6309,.T.);
#7370 = ADVANCED_FACE('',(#7371),#905,.F.);
#7371 = FACE_BOUND('',#7372,.F.);
#7372 = EDGE_LOOP('',(#7373,#7374,#7396,#7397));
#7373 = ORIENTED_EDGE('',*,*,#6389,.T.);
#7374 = ORIENTED_EDGE('',*,*,#7375,.T.);
#7375 = EDGE_CURVE('',#6390,#863,#7376,.T.);
#7376 = SURFACE_CURVE('',#7377,(#7382,#7389),.PCURVE_S1.);
#7377 = CIRCLE('',#7378,2.4);
#7378 = AXIS2_PLACEMENT_3D('',#7379,#7380,#7381);
#7379 = CARTESIAN_POINT('',(51.615667421878,-26.11919048872,2.4));
#7380 = DIRECTION('',(0.825126486137,-0.564948034668,-8.166905153719E-16
    ));
#7381 = DIRECTION('',(0.564948034668,0.825126486137,0.));
#7382 = PCURVE('',#905,#7383);
#7383 = DEFINITIONAL_REPRESENTATION('',(#7384),#7388);
#7384 = LINE('',#7385,#7386);
#7385 = CARTESIAN_POINT('',(0.,-2.567055522415));
#7386 = VECTOR('',#7387,1.);
#7387 = DIRECTION('',(1.,0.));
#7388 = ( GEOMETRIC_REPRESENTATION_CONTEXT(2) 
PARAMETRIC_REPRESENTATION_CONTEXT() REPRESENTATION_CONTEXT('2D SPACE',''
  ) );
#7389 = PCURVE('',#879,#7390);
#7390 = DEFINITIONAL_REPRESENTATION('',(#7391),#7395);
#7391 = LINE('',#7392,#7393);
#7392 = CARTESIAN_POINT('',(6.883555580777,6.28318530718));
#7393 = VECTOR('',#7394,1.);
#7394 = DIRECTION('',(-1.696295830114E-15,-1.));
#7395 = ( GEOMETRIC_REPRESENTATION_CONTEXT(2) 
PARAMETRIC_REPRESENTATION_CONTEXT() REPRESENTATION_CONTEXT('2D SPACE',''
  ) );
#7396 = ORIENTED_EDGE('',*,*,#891,.F.);
#7397 = ORIENTED_EDGE('',*,*,#7326,.T.);
#7398 = ADVANCED_FACE('',(#7399),#879,.F.);
#7399 = FACE_BOUND('',#7400,.F.);
#7400 = EDGE_LOOP('',(#7401,#7402,#7424,#7425));
#7401 = ORIENTED_EDGE('',*,*,#6465,.F.);
#7402 = ORIENTED_EDGE('',*,*,#7403,.T.);
#7403 = EDGE_CURVE('',#6466,#835,#7404,.T.);
#7404 = SURFACE_CURVE('',#7405,(#7410,#7417),.PCURVE_S1.);
#7405 = CIRCLE('',#7406,2.4);
#7406 = AXIS2_PLACEMENT_3D('',#7407,#7408,#7409);
#7407 = CARTESIAN_POINT('',(41.6,-31.4,2.4));
#7408 = DIRECTION('',(0.,1.,0.));
#7409 = DIRECTION('',(0.,-0.,1.));
#7410 = PCURVE('',#879,#7411);
#7411 = DEFINITIONAL_REPRESENTATION('',(#7412),#7416);
#7412 = LINE('',#7413,#7414);
#7413 = CARTESIAN_POINT('',(4.712388980385,4.712388980385));
#7414 = VECTOR('',#7415,1.);
#7415 = DIRECTION('',(0.,-1.));
#7416 = ( GEOMETRIC_REPRESENTATION_CONTEXT(2) 
PARAMETRIC_REPRESENTATION_CONTEXT() REPRESENTATION_CONTEXT('2D SPACE',''
  ) );
#7417 = PCURVE('',#850,#7418);
#7418 = DEFINITIONAL_REPRESENTATION('',(#7419),#7423);
#7419 = LINE('',#7420,#7421);
#7420 = CARTESIAN_POINT('',(2.22044604925E-16,2.));
#7421 = VECTOR('',#7422,1.);
#7422 = DIRECTION('',(1.,0.));
#7423 = ( GEOMETRIC_REPRESENTATION_CONTEXT(2) 
PARAMETRIC_REPRESENTATION_CONTEXT() REPRESENTATION_CONTEXT('2D SPACE',''
  ) );
#7424 = ORIENTED_EDGE('',*,*,#862,.T.);
#7425 = ORIENTED_EDGE('',*,*,#7375,.F.);
#7426 = ADVANCED_FACE('',(#7427),#850,.F.);
#7427 = FACE_BOUND('',#7428,.F.);
#7428 = EDGE_LOOP('',(#7429,#7430,#7496,#7497));
#7429 = ORIENTED_EDGE('',*,*,#6538,.T.);
#7430 = ORIENTED_EDGE('',*,*,#7431,.F.);
#7431 = EDGE_CURVE('',#807,#6161,#7432,.T.);
#7432 = SURFACE_CURVE('',#7433,(#7438,#7467),.PCURVE_S1.);
#7433 = ELLIPSE('',#7434,2.529822128135,2.4);
#7434 = AXIS2_PLACEMENT_3D('',#7435,#7436,#7437);
#7435 = CARTESIAN_POINT('',(41.6,-34.6,2.4));
#7436 = DIRECTION('',(-0.316227766017,-0.948683298051,
    -5.809009821811E-17));
#7437 = DIRECTION('',(-0.948683298051,0.316227766017,0.));
#7438 = PCURVE('',#850,#7439);
#7439 = DEFINITIONAL_REPRESENTATION('',(#7440),#7466);
#7440 = B_SPLINE_CURVE_WITH_KNOTS('',3,(#7441,#7442,#7443,#7444,#7445,
    #7446,#7447,#7448,#7449,#7450,#7451,#7452,#7453,#7454,#7455,#7456,
    #7457,#7458,#7459,#7460,#7461,#7462,#7463,#7464,#7465),
  .UNSPECIFIED.,.F.,.F.,(4,1,1,1,1,1,1,1,1,1,1,1,1,1,1,1,1,1,1,1,1,1,4),
  (1.570796326795,1.642196159831,1.713595992867,1.784995825903,
    1.856395658939,1.927795491976,1.999195325012,2.070595158048,
    2.141994991084,2.21339482412,2.284794657156,2.356194490192,
    2.427594323228,2.498994156265,2.570393989301,2.641793822337,
    2.713193655373,2.784593488409,2.855993321445,2.927393154481,
    2.998792987518,3.070192820554,3.14159265359),.QUASI_UNIFORM_KNOTS.);
#7441 = CARTESIAN_POINT('',(3.14159265359,-1.2));
#7442 = CARTESIAN_POINT('',(3.117792709244,-1.219040103655));
#7443 = CARTESIAN_POINT('',(3.070192820554,-1.25711978813));
#7444 = CARTESIAN_POINT('',(2.998792987518,-1.313948665418));
#7445 = CARTESIAN_POINT('',(2.927393154481,-1.370196773909));
#7446 = CARTESIAN_POINT('',(2.855993321445,-1.425577628801));
#7447 = CARTESIAN_POINT('',(2.784593488409,-1.479808983726));
#7448 = CARTESIAN_POINT('',(2.713193655373,-1.532614498372));
#7449 = CARTESIAN_POINT('',(2.641793822337,-1.583725085196));
#7450 = CARTESIAN_POINT('',(2.570393989301,-1.6328802971));
#7451 = CARTESIAN_POINT('',(2.498994156265,-1.679829650192));
#7452 = CARTESIAN_POINT('',(2.427594323228,-1.724333901386));
#7453 = CARTESIAN_POINT('',(2.356194490192,-1.766166267201));
#7454 = CARTESIAN_POINT('',(2.284794657156,-1.805113579505));
#7455 = CARTESIAN_POINT('',(2.21339482412,-1.840977371678));
#7456 = CARTESIAN_POINT('',(2.141994991084,-1.873574890218));
#7457 = CARTESIAN_POINT('',(2.070595158048,-1.902740025039));
#7458 = CARTESIAN_POINT('',(1.999195325012,-1.92832415955));
#7459 = CARTESIAN_POINT('',(1.927795491976,-1.950196914462));
#7460 = CARTESIAN_POINT('',(1.856395658939,-1.968246862601));
#7461 = CARTESIAN_POINT('',(1.784995825903,-1.982381908484));
#7462 = CARTESIAN_POINT('',(1.713595992867,-1.992530460127));
#7463 = CARTESIAN_POINT('',(1.642196159831,-1.998639172039));
#7464 = CARTESIAN_POINT('',(1.59459627114,-2.000001725244));
#7465 = CARTESIAN_POINT('',(1.570796326795,-2.));
#7466 = ( GEOMETRIC_REPRESENTATION_CONTEXT(2) 
PARAMETRIC_REPRESENTATION_CONTEXT() REPRESENTATION_CONTEXT('2D SPACE',''
  ) );
#7467 = PCURVE('',#6177,#7468);
#7468 = DEFINITIONAL_REPRESENTATION('',(#7469),#7495);
#7469 = B_SPLINE_CURVE_WITH_KNOTS('',3,(#7470,#7471,#7472,#7473,#7474,
    #7475,#7476,#7477,#7478,#7479,#7480,#7481,#7482,#7483,#7484,#7485,
    #7486,#7487,#7488,#7489,#7490,#7491,#7492,#7493,#7494),
  .UNSPECIFIED.,.F.,.F.,(4,1,1,1,1,1,1,1,1,1,1,1,1,1,1,1,1,1,1,1,1,1,4),
  (1.570796326795,1.642196159831,1.713595992867,1.784995825903,
    1.856395658939,1.927795491976,1.999195325012,2.070595158048,
    2.141994991084,2.21339482412,2.284794657156,2.356194490192,
    2.427594323228,2.498994156265,2.570393989301,2.641793822337,
    2.713193655373,2.784593488409,2.855993321445,2.927393154481,
    2.998792987518,3.070192820554,3.14159265359),.QUASI_UNIFORM_KNOTS.);
#7470 = CARTESIAN_POINT('',(4.712388980385,0.999991359529));
#7471 = CARTESIAN_POINT('',(4.688588273313,0.99999573538));
#7472 = CARTESIAN_POINT('',(4.640987896386,0.999993605366));
#7473 = CARTESIAN_POINT('',(4.569589894627,0.999976935323));
#7474 = CARTESIAN_POINT('',(4.498196397736,0.999974558739));
#7475 = CARTESIAN_POINT('',(4.426800634569,0.999984149863));
#7476 = CARTESIAN_POINT('',(4.355396766389,1.000000299561));
#7477 = CARTESIAN_POINT('',(4.283983012958,0.999999952649));
#7478 = CARTESIAN_POINT('',(4.212573752651,0.999983387647));
#7479 = CARTESIAN_POINT('',(4.141176842431,0.999973729266));
#7480 = CARTESIAN_POINT('',(4.069787350251,0.999977370634));
#7481 = CARTESIAN_POINT('',(3.998395691602,0.999991860752));
#7482 = CARTESIAN_POINT('',(3.926992390622,1.000004065156));
#7483 = CARTESIAN_POINT('',(3.855579647835,0.999991878623));
#7484 = CARTESIAN_POINT('',(3.784177488625,0.999977650905));
#7485 = CARTESIAN_POINT('',(3.712786472111,0.999974263461));
#7486 = CARTESIAN_POINT('',(3.64139742991,0.999983853787));
#7487 = CARTESIAN_POINT('',(3.569998872743,0.999999983862));
#7488 = CARTESIAN_POINT('',(3.498584719936,1.000000241968));
#7489 = CARTESIAN_POINT('',(3.427173911527,0.99998497306));
#7490 = CARTESIAN_POINT('',(3.355776939008,0.99997612576));
#7491 = CARTESIAN_POINT('',(3.284387282,0.999979180882));
#7492 = CARTESIAN_POINT('',(3.212993203732,0.99999281499));
#7493 = CARTESIAN_POINT('',(3.165393812646,0.99999924612));
#7494 = CARTESIAN_POINT('',(3.14159265359,1.));
#7495 = ( GEOMETRIC_REPRESENTATION_CONTEXT(2) 
PARAMETRIC_REPRESENTATION_CONTEXT() REPRESENTATION_CONTEXT('2D SPACE',''
  ) );
#7496 = ORIENTED_EDGE('',*,*,#834,.F.);
#7497 = ORIENTED_EDGE('',*,*,#7403,.F.);
#7498 = ADVANCED_FACE('',(#7499),#6177,.F.);
#7499 = FACE_BOUND('',#7500,.F.);
#7500 = EDGE_LOOP('',(#7501,#7567,#7568));
#7501 = ORIENTED_EDGE('',*,*,#7502,.F.);
#7502 = EDGE_CURVE('',#807,#1145,#7503,.T.);
#7503 = SURFACE_CURVE('',#7504,(#7509,#7538),.PCURVE_S1.);
#7504 = ELLIPSE('',#7505,2.529822128135,2.4);
#7505 = AXIS2_PLACEMENT_3D('',#7506,#7507,#7508);
#7506 = CARTESIAN_POINT('',(41.6,-34.6,2.4));
#7507 = DIRECTION('',(-0.948683298051,-0.316227766017,-1.93633660727E-17
    ));
#7508 = DIRECTION('',(-0.316227766017,0.948683298051,0.));
#7509 = PCURVE('',#6177,#7510);
#7510 = DEFINITIONAL_REPRESENTATION('',(#7511),#7537);
#7511 = B_SPLINE_CURVE_WITH_KNOTS('',3,(#7512,#7513,#7514,#7515,#7516,
    #7517,#7518,#7519,#7520,#7521,#7522,#7523,#7524,#7525,#7526,#7527,
    #7528,#7529,#7530,#7531,#7532,#7533,#7534,#7535,#7536),
  .UNSPECIFIED.,.F.,.F.,(4,1,1,1,1,1,1,1,1,1,1,1,1,1,1,1,1,1,1,1,1,1,4),
  (1.570796326795,1.642196159831,1.713595992867,1.784995825903,
    1.856395658939,1.927795491976,1.999195325012,2.070595158048,
    2.141994991084,2.21339482412,2.284794657156,2.356194490192,
    2.427594323228,2.498994156265,2.570393989301,2.641793822337,
    2.713193655373,2.784593488409,2.855993321445,2.927393154481,
    2.998792987518,3.070192820554,3.14159265359),.QUASI_UNIFORM_KNOTS.);
#7512 = CARTESIAN_POINT('',(4.712388980385,8.640470896701E-06));
#7513 = CARTESIAN_POINT('',(4.688588273313,4.264619657821E-06));
#7514 = CARTESIAN_POINT('',(4.640987896386,6.39463396992E-06));
#7515 = CARTESIAN_POINT('',(4.569589894627,2.306467699875E-05));
#7516 = CARTESIAN_POINT('',(4.498196397736,2.544126152431E-05));
#7517 = CARTESIAN_POINT('',(4.426800634569,1.585013687536E-05));
#7518 = CARTESIAN_POINT('',(4.355396766389,-2.995607989418E-07));
#7519 = CARTESIAN_POINT('',(4.283983012958,4.735062478931E-08));
#7520 = CARTESIAN_POINT('',(4.212573752651,1.66123525153E-05));
#7521 = CARTESIAN_POINT('',(4.141176842431,2.627073444714E-05));
#7522 = CARTESIAN_POINT('',(4.069787350251,2.262936595784E-05));
#7523 = CARTESIAN_POINT('',(3.998395691602,8.139248455542E-06));
#7524 = CARTESIAN_POINT('',(3.926992390622,-4.065156441811E-06));
#7525 = CARTESIAN_POINT('',(3.855579647835,8.12137722172E-06));
#7526 = CARTESIAN_POINT('',(3.784177488625,2.234909478397E-05));
#7527 = CARTESIAN_POINT('',(3.712786472111,2.573653930842E-05));
#7528 = CARTESIAN_POINT('',(3.64139742991,1.614621318356E-05));
#7529 = CARTESIAN_POINT('',(3.569998872743,1.613827212895E-08));
#7530 = CARTESIAN_POINT('',(3.498584719936,-2.419675976657E-07));
#7531 = CARTESIAN_POINT('',(3.427173911527,1.502693992288E-05));
#7532 = CARTESIAN_POINT('',(3.355776939008,2.387424011178E-05));
#7533 = CARTESIAN_POINT('',(3.284387282,2.081911849731E-05));
#7534 = CARTESIAN_POINT('',(3.212993203732,7.185009819677E-06));
#7535 = CARTESIAN_POINT('',(3.165393812646,7.538799264148E-07));
#7536 = CARTESIAN_POINT('',(3.14159265359,0.));
#7537 = ( GEOMETRIC_REPRESENTATION_CONTEXT(2) 
PARAMETRIC_REPRESENTATION_CONTEXT() REPRESENTATION_CONTEXT('2D SPACE',''
  ) );
#7538 = PCURVE('',#822,#7539);
#7539 = DEFINITIONAL_REPRESENTATION('',(#7540),#7566);
#7540 = B_SPLINE_CURVE_WITH_KNOTS('',3,(#7541,#7542,#7543,#7544,#7545,
    #7546,#7547,#7548,#7549,#7550,#7551,#7552,#7553,#7554,#7555,#7556,
    #7557,#7558,#7559,#7560,#7561,#7562,#7563,#7564,#7565),
  .UNSPECIFIED.,.F.,.F.,(4,1,1,1,1,1,1,1,1,1,1,1,1,1,1,1,1,1,1,1,1,1,4),
  (1.570796326795,1.642196159831,1.713595992867,1.784995825903,
    1.856395658939,1.927795491976,1.999195325012,2.070595158048,
    2.141994991084,2.21339482412,2.284794657156,2.356194490192,
    2.427594323228,2.498994156265,2.570393989301,2.641793822337,
    2.713193655373,2.784593488409,2.855993321445,2.927393154481,
    2.998792987518,3.070192820554,3.14159265359),.QUASI_UNIFORM_KNOTS.);
#7541 = CARTESIAN_POINT('',(4.712388980385,41.6));
#7542 = CARTESIAN_POINT('',(4.688589036039,41.619040103655));
#7543 = CARTESIAN_POINT('',(4.640989147349,41.65711978813));
#7544 = CARTESIAN_POINT('',(4.569589314312,41.713948665418));
#7545 = CARTESIAN_POINT('',(4.498189481276,41.770196773909));
#7546 = CARTESIAN_POINT('',(4.42678964824,41.825577628801));
#7547 = CARTESIAN_POINT('',(4.355389815204,41.879808983726));
#7548 = CARTESIAN_POINT('',(4.283989982168,41.932614498372));
#7549 = CARTESIAN_POINT('',(4.212590149132,41.983725085196));
#7550 = CARTESIAN_POINT('',(4.141190316096,42.0328802971));
#7551 = CARTESIAN_POINT('',(4.069790483059,42.079829650192));
#7552 = CARTESIAN_POINT('',(3.998390650023,42.124333901386));
#7553 = CARTESIAN_POINT('',(3.926990816987,42.166166267201));
#7554 = CARTESIAN_POINT('',(3.855590983951,42.205113579505));
#7555 = CARTESIAN_POINT('',(3.784191150915,42.240977371678));
#7556 = CARTESIAN_POINT('',(3.712791317879,42.273574890218));
#7557 = CARTESIAN_POINT('',(3.641391484843,42.302740025039));
#7558 = CARTESIAN_POINT('',(3.569991651807,42.32832415955));
#7559 = CARTESIAN_POINT('',(3.49859181877,42.350196914462));
#7560 = CARTESIAN_POINT('',(3.427191985734,42.368246862601));
#7561 = CARTESIAN_POINT('',(3.355792152698,42.382381908484));
#7562 = CARTESIAN_POINT('',(3.284392319662,42.392530460127));
#7563 = CARTESIAN_POINT('',(3.212992486626,42.398639172039));
#7564 = CARTESIAN_POINT('',(3.165392597935,42.400001725244));
#7565 = CARTESIAN_POINT('',(3.14159265359,42.4));
#7566 = ( GEOMETRIC_REPRESENTATION_CONTEXT(2) 
PARAMETRIC_REPRESENTATION_CONTEXT() REPRESENTATION_CONTEXT('2D SPACE',''
  ) );
#7567 = ORIENTED_EDGE('',*,*,#7431,.T.);
#7568 = ORIENTED_EDGE('',*,*,#6160,.T.);
#7569 = ADVANCED_FACE('',(#7570),#822,.F.);
#7570 = FACE_BOUND('',#7571,.F.);
#7571 = EDGE_LOOP('',(#7572,#7573,#7639,#7640));
#7572 = ORIENTED_EDGE('',*,*,#1177,.T.);
#7573 = ORIENTED_EDGE('',*,*,#7574,.F.);
#7574 = EDGE_CURVE('',#779,#1178,#7575,.T.);
#7575 = SURFACE_CURVE('',#7576,(#7581,#7610),.PCURVE_S1.);
#7576 = ELLIPSE('',#7577,2.529822128135,2.4);
#7577 = AXIS2_PLACEMENT_3D('',#7578,#7579,#7580);
#7578 = CARTESIAN_POINT('',(-41.6,-34.6,2.4));
#7579 = DIRECTION('',(-0.948683298051,0.316227766017,1.93633660727E-17)
  );
#7580 = DIRECTION('',(0.316227766017,0.948683298051,1.54074395551E-33));
#7581 = PCURVE('',#822,#7582);
#7582 = DEFINITIONAL_REPRESENTATION('',(#7583),#7609);
#7583 = B_SPLINE_CURVE_WITH_KNOTS('',3,(#7584,#7585,#7586,#7587,#7588,
    #7589,#7590,#7591,#7592,#7593,#7594,#7595,#7596,#7597,#7598,#7599,
    #7600,#7601,#7602,#7603,#7604,#7605,#7606,#7607,#7608),
  .UNSPECIFIED.,.F.,.F.,(4,1,1,1,1,1,1,1,1,1,1,1,1,1,1,1,1,1,1,1,1,1,4),
  (1.570796326795,1.642196159831,1.713595992867,1.784995825903,
    1.856395658939,1.927795491976,1.999195325012,2.070595158048,
    2.141994991084,2.21339482412,2.284794657156,2.356194490192,
    2.427594323228,2.498994156265,2.570393989301,2.641793822337,
    2.713193655373,2.784593488409,2.855993321445,2.927393154481,
    2.998792987518,3.070192820554,3.14159265359),.QUASI_UNIFORM_KNOTS.);
#7584 = CARTESIAN_POINT('',(4.712388980385,-41.6));
#7585 = CARTESIAN_POINT('',(4.688589036039,-41.61904010365));
#7586 = CARTESIAN_POINT('',(4.640989147349,-41.65711978813));
#7587 = CARTESIAN_POINT('',(4.569589314312,-41.71394866541));
#7588 = CARTESIAN_POINT('',(4.498189481276,-41.7701967739));
#7589 = CARTESIAN_POINT('',(4.42678964824,-41.8255776288));
#7590 = CARTESIAN_POINT('',(4.355389815204,-41.87980898372));
#7591 = CARTESIAN_POINT('',(4.283989982168,-41.93261449837));
#7592 = CARTESIAN_POINT('',(4.212590149132,-41.98372508519));
#7593 = CARTESIAN_POINT('',(4.141190316096,-42.0328802971));
#7594 = CARTESIAN_POINT('',(4.06979048306,-42.07982965019));
#7595 = CARTESIAN_POINT('',(3.998390650023,-42.12433390138));
#7596 = CARTESIAN_POINT('',(3.926990816987,-42.1661662672));
#7597 = CARTESIAN_POINT('',(3.855590983951,-42.2051135795));
#7598 = CARTESIAN_POINT('',(3.784191150915,-42.24097737167));
#7599 = CARTESIAN_POINT('',(3.712791317879,-42.27357489021));
#7600 = CARTESIAN_POINT('',(3.641391484843,-42.30274002503));
#7601 = CARTESIAN_POINT('',(3.569991651807,-42.32832415955));
#7602 = CARTESIAN_POINT('',(3.49859181877,-42.35019691446));
#7603 = CARTESIAN_POINT('',(3.427191985734,-42.3682468626));
#7604 = CARTESIAN_POINT('',(3.355792152698,-42.38238190848));
#7605 = CARTESIAN_POINT('',(3.284392319662,-42.39253046012));
#7606 = CARTESIAN_POINT('',(3.212992486626,-42.39863917203));
#7607 = CARTESIAN_POINT('',(3.165392597935,-42.40000172524));
#7608 = CARTESIAN_POINT('',(3.14159265359,-42.4));
#7609 = ( GEOMETRIC_REPRESENTATION_CONTEXT(2) 
PARAMETRIC_REPRESENTATION_CONTEXT() REPRESENTATION_CONTEXT('2D SPACE',''
  ) );
#7610 = PCURVE('',#5851,#7611);
#7611 = DEFINITIONAL_REPRESENTATION('',(#7612),#7638);
#7612 = B_SPLINE_CURVE_WITH_KNOTS('',3,(#7613,#7614,#7615,#7616,#7617,
    #7618,#7619,#7620,#7621,#7622,#7623,#7624,#7625,#7626,#7627,#7628,
    #7629,#7630,#7631,#7632,#7633,#7634,#7635,#7636,#7637),
  .UNSPECIFIED.,.F.,.F.,(4,1,1,1,1,1,1,1,1,1,1,1,1,1,1,1,1,1,1,1,1,1,4),
  (1.570796326795,1.642196159831,1.713595992867,1.784995825903,
    1.856395658939,1.927795491976,1.999195325012,2.070595158048,
    2.141994991084,2.21339482412,2.284794657156,2.356194490192,
    2.427594323228,2.498994156265,2.570393989301,2.641793822337,
    2.713193655373,2.784593488409,2.855993321445,2.927393154481,
    2.998792987518,3.070192820554,3.14159265359),.QUASI_UNIFORM_KNOTS.);
#7613 = CARTESIAN_POINT('',(4.712388980385,0.999991359529));
#7614 = CARTESIAN_POINT('',(4.688588273313,0.99999573538));
#7615 = CARTESIAN_POINT('',(4.640987896386,0.999993605366));
#7616 = CARTESIAN_POINT('',(4.569589894627,0.999976935323));
#7617 = CARTESIAN_POINT('',(4.498196397736,0.999974558738));
#7618 = CARTESIAN_POINT('',(4.426800634569,0.999984149863));
#7619 = CARTESIAN_POINT('',(4.355396766389,1.000000299561));
#7620 = CARTESIAN_POINT('',(4.283983012958,0.999999952649));
#7621 = CARTESIAN_POINT('',(4.212573752651,0.999983387647));
#7622 = CARTESIAN_POINT('',(4.141176842431,0.999973729266));
#7623 = CARTESIAN_POINT('',(4.069787350251,0.999977370634));
#7624 = CARTESIAN_POINT('',(3.998395691602,0.999991860752));
#7625 = CARTESIAN_POINT('',(3.926992390622,1.000004065156));
#7626 = CARTESIAN_POINT('',(3.855579647835,0.999991878623));
#7627 = CARTESIAN_POINT('',(3.784177488625,0.999977650905));
#7628 = CARTESIAN_POINT('',(3.712786472111,0.999974263461));
#7629 = CARTESIAN_POINT('',(3.64139742991,0.999983853787));
#7630 = CARTESIAN_POINT('',(3.569998872743,0.999999983862));
#7631 = CARTESIAN_POINT('',(3.498584719936,1.000000241968));
#7632 = CARTESIAN_POINT('',(3.427173911527,0.99998497306));
#7633 = CARTESIAN_POINT('',(3.355776939008,0.99997612576));
#7634 = CARTESIAN_POINT('',(3.284387282,0.999979180882));
#7635 = CARTESIAN_POINT('',(3.212993203732,0.99999281499));
#7636 = CARTESIAN_POINT('',(3.165393812646,0.99999924612));
#7637 = CARTESIAN_POINT('',(3.14159265359,1.));
#7638 = ( GEOMETRIC_REPRESENTATION_CONTEXT(2) 
PARAMETRIC_REPRESENTATION_CONTEXT() REPRESENTATION_CONTEXT('2D SPACE',''
  ) );
#7639 = ORIENTED_EDGE('',*,*,#806,.F.);
#7640 = ORIENTED_EDGE('',*,*,#7502,.T.);
#7641 = ADVANCED_FACE('',(#7642),#5851,.F.);
#7642 = FACE_BOUND('',#7643,.F.);
#7643 = EDGE_LOOP('',(#7644,#7710,#7711));
#7644 = ORIENTED_EDGE('',*,*,#7645,.F.);
#7645 = EDGE_CURVE('',#779,#5814,#7646,.T.);
#7646 = SURFACE_CURVE('',#7647,(#7652,#7681),.PCURVE_S1.);
#7647 = ELLIPSE('',#7648,2.529822128135,2.4);
#7648 = AXIS2_PLACEMENT_3D('',#7649,#7650,#7651);
#7649 = CARTESIAN_POINT('',(-41.6,-34.6,2.4));
#7650 = DIRECTION('',(-0.316227766017,0.948683298051,5.809009821811E-17)
  );
#7651 = DIRECTION('',(0.948683298051,0.316227766017,0.));
#7652 = PCURVE('',#5851,#7653);
#7653 = DEFINITIONAL_REPRESENTATION('',(#7654),#7680);
#7654 = B_SPLINE_CURVE_WITH_KNOTS('',3,(#7655,#7656,#7657,#7658,#7659,
    #7660,#7661,#7662,#7663,#7664,#7665,#7666,#7667,#7668,#7669,#7670,
    #7671,#7672,#7673,#7674,#7675,#7676,#7677,#7678,#7679),
  .UNSPECIFIED.,.F.,.F.,(4,1,1,1,1,1,1,1,1,1,1,1,1,1,1,1,1,1,1,1,1,1,4),
  (1.570796326795,1.642196159831,1.713595992867,1.784995825903,
    1.856395658939,1.927795491976,1.999195325012,2.070595158048,
    2.141994991084,2.21339482412,2.284794657156,2.356194490192,
    2.427594323228,2.498994156265,2.570393989301,2.641793822337,
    2.713193655373,2.784593488409,2.855993321445,2.927393154481,
    2.998792987518,3.070192820554,3.14159265359),.QUASI_UNIFORM_KNOTS.);
#7655 = CARTESIAN_POINT('',(4.712388980385,8.640470840546E-06));
#7656 = CARTESIAN_POINT('',(4.688588273313,4.2646195952E-06));
#7657 = CARTESIAN_POINT('',(4.640987896386,6.394633909948E-06));
#7658 = CARTESIAN_POINT('',(4.569589894627,2.306467696566E-05));
#7659 = CARTESIAN_POINT('',(4.498196397736,2.544126150119E-05));
#7660 = CARTESIAN_POINT('',(4.426800634569,1.585013686143E-05));
#7661 = CARTESIAN_POINT('',(4.355396766389,-2.995608270964E-07));
#7662 = CARTESIAN_POINT('',(4.283983012958,4.735061874697E-08));
#7663 = CARTESIAN_POINT('',(4.212573752651,1.661235251653E-05));
#7664 = CARTESIAN_POINT('',(4.141176842431,2.627073444525E-05));
#7665 = CARTESIAN_POINT('',(4.069787350251,2.262936596228E-05));
#7666 = CARTESIAN_POINT('',(3.998395691602,8.139248449778E-06));
#7667 = CARTESIAN_POINT('',(3.926992390622,-4.065156414079E-06));
#7668 = CARTESIAN_POINT('',(3.855579647835,8.121377224024E-06));
#7669 = CARTESIAN_POINT('',(3.784177488625,2.234909478952E-05));
#7670 = CARTESIAN_POINT('',(3.712786472111,2.573653931592E-05));
#7671 = CARTESIAN_POINT('',(3.64139742991,1.614621317915E-05));
#7672 = CARTESIAN_POINT('',(3.569998872743,1.613828628763E-08));
#7673 = CARTESIAN_POINT('',(3.498584719936,-2.419676061687E-07));
#7674 = CARTESIAN_POINT('',(3.427173911527,1.50269399236E-05));
#7675 = CARTESIAN_POINT('',(3.355776939008,2.387424011401E-05));
#7676 = CARTESIAN_POINT('',(3.284387282,2.081911849979E-05));
#7677 = CARTESIAN_POINT('',(3.212993203732,7.185009816314E-06));
#7678 = CARTESIAN_POINT('',(3.165393812646,7.53879923672E-07));
#7679 = CARTESIAN_POINT('',(3.14159265359,0.));
#7680 = ( GEOMETRIC_REPRESENTATION_CONTEXT(2) 
PARAMETRIC_REPRESENTATION_CONTEXT() REPRESENTATION_CONTEXT('2D SPACE',''
  ) );
#7681 = PCURVE('',#794,#7682);
#7682 = DEFINITIONAL_REPRESENTATION('',(#7683),#7709);
#7683 = B_SPLINE_CURVE_WITH_KNOTS('',3,(#7684,#7685,#7686,#7687,#7688,
    #7689,#7690,#7691,#7692,#7693,#7694,#7695,#7696,#7697,#7698,#7699,
    #7700,#7701,#7702,#7703,#7704,#7705,#7706,#7707,#7708),
  .UNSPECIFIED.,.F.,.F.,(4,1,1,1,1,1,1,1,1,1,1,1,1,1,1,1,1,1,1,1,1,1,4),
  (1.570796326795,1.642196159831,1.713595992867,1.784995825903,
    1.856395658939,1.927795491976,1.999195325012,2.070595158048,
    2.141994991084,2.21339482412,2.284794657156,2.356194490192,
    2.427594323228,2.498994156265,2.570393989301,2.641793822337,
    2.713193655373,2.784593488409,2.855993321445,2.927393154481,
    2.998792987518,3.070192820554,3.14159265359),.QUASI_UNIFORM_KNOTS.);
#7684 = CARTESIAN_POINT('',(6.28318530718,34.6));
#7685 = CARTESIAN_POINT('',(6.259385362834,34.619040103655));
#7686 = CARTESIAN_POINT('',(6.211785474143,34.65711978813));
#7687 = CARTESIAN_POINT('',(6.140385641107,34.713948665418));
#7688 = CARTESIAN_POINT('',(6.068985808071,34.770196773909));
#7689 = CARTESIAN_POINT('',(5.997585975035,34.825577628801));
#7690 = CARTESIAN_POINT('',(5.926186141999,34.879808983726));
#7691 = CARTESIAN_POINT('',(5.854786308963,34.932614498372));
#7692 = CARTESIAN_POINT('',(5.783386475927,34.983725085196));
#7693 = CARTESIAN_POINT('',(5.711986642891,35.0328802971));
#7694 = CARTESIAN_POINT('',(5.640586809854,35.079829650192));
#7695 = CARTESIAN_POINT('',(5.569186976818,35.124333901386));
#7696 = CARTESIAN_POINT('',(5.497787143782,35.166166267201));
#7697 = CARTESIAN_POINT('',(5.426387310746,35.205113579505));
#7698 = CARTESIAN_POINT('',(5.35498747771,35.240977371678));
#7699 = CARTESIAN_POINT('',(5.283587644674,35.273574890218));
#7700 = CARTESIAN_POINT('',(5.212187811638,35.302740025039));
#7701 = CARTESIAN_POINT('',(5.140787978601,35.32832415955));
#7702 = CARTESIAN_POINT('',(5.069388145565,35.350196914462));
#7703 = CARTESIAN_POINT('',(4.997988312529,35.368246862601));
#7704 = CARTESIAN_POINT('',(4.926588479493,35.382381908484));
#7705 = CARTESIAN_POINT('',(4.855188646457,35.392530460127));
#7706 = CARTESIAN_POINT('',(4.783788813421,35.398639172039));
#7707 = CARTESIAN_POINT('',(4.73618892473,35.400001725244));
#7708 = CARTESIAN_POINT('',(4.712388980385,35.4));
#7709 = ( GEOMETRIC_REPRESENTATION_CONTEXT(2) 
PARAMETRIC_REPRESENTATION_CONTEXT() REPRESENTATION_CONTEXT('2D SPACE',''
  ) );
#7710 = ORIENTED_EDGE('',*,*,#7574,.T.);
#7711 = ORIENTED_EDGE('',*,*,#5836,.T.);
#7712 = ADVANCED_FACE('',(#7713),#794,.F.);
#7713 = FACE_BOUND('',#7714,.F.);
#7714 = EDGE_LOOP('',(#7715,#7716,#7738,#7739));
#7715 = ORIENTED_EDGE('',*,*,#5907,.F.);
#7716 = ORIENTED_EDGE('',*,*,#7717,.T.);
#7717 = EDGE_CURVE('',#5908,#750,#7718,.T.);
#7718 = SURFACE_CURVE('',#7719,(#7724,#7731),.PCURVE_S1.);
#7719 = CIRCLE('',#7720,2.4);
#7720 = AXIS2_PLACEMENT_3D('',#7721,#7722,#7723);
#7721 = CARTESIAN_POINT('',(-41.6,-31.4,2.4));
#7722 = DIRECTION('',(0.,-1.,0.));
#7723 = DIRECTION('',(0.,0.,-1.));
#7724 = PCURVE('',#794,#7725);
#7725 = DEFINITIONAL_REPRESENTATION('',(#7726),#7730);
#7726 = LINE('',#7727,#7728);
#7727 = CARTESIAN_POINT('',(-8.881784197001E-16,31.4));
#7728 = VECTOR('',#7729,1.);
#7729 = DIRECTION('',(1.,0.));
#7730 = ( GEOMETRIC_REPRESENTATION_CONTEXT(2) 
PARAMETRIC_REPRESENTATION_CONTEXT() REPRESENTATION_CONTEXT('2D SPACE',''
  ) );
#7731 = PCURVE('',#766,#7732);
#7732 = DEFINITIONAL_REPRESENTATION('',(#7733),#7737);
#7733 = LINE('',#7734,#7735);
#7734 = CARTESIAN_POINT('',(1.570796326795,7.853981633974));
#7735 = VECTOR('',#7736,1.);
#7736 = DIRECTION('',(0.,-1.));
#7737 = ( GEOMETRIC_REPRESENTATION_CONTEXT(2) 
PARAMETRIC_REPRESENTATION_CONTEXT() REPRESENTATION_CONTEXT('2D SPACE',''
  ) );
#7738 = ORIENTED_EDGE('',*,*,#778,.T.);
#7739 = ORIENTED_EDGE('',*,*,#7645,.T.);
#7740 = ADVANCED_FACE('',(#7741),#766,.F.);
#7741 = FACE_BOUND('',#7742,.F.);
#7742 = EDGE_LOOP('',(#7743,#7744,#7766,#7767));
#7743 = ORIENTED_EDGE('',*,*,#5956,.F.);
#7744 = ORIENTED_EDGE('',*,*,#7745,.T.);
#7745 = EDGE_CURVE('',#5957,#722,#7746,.T.);
#7746 = SURFACE_CURVE('',#7747,(#7752,#7759),.PCURVE_S1.);
#7747 = CIRCLE('',#7748,2.4);
#7748 = AXIS2_PLACEMENT_3D('',#7749,#7750,#7751);
#7749 = CARTESIAN_POINT('',(-51.61566742187,-26.11919048872,2.4));
#7750 = DIRECTION('',(0.825126486137,0.564948034668,0.));
#7751 = DIRECTION('',(-0.564948034668,0.825126486137,0.));
#7752 = PCURVE('',#766,#7753);
#7753 = DEFINITIONAL_REPRESENTATION('',(#7754),#7758);
#7754 = LINE('',#7755,#7756);
#7755 = CARTESIAN_POINT('',(-0.600370273598,6.28318530718));
#7756 = VECTOR('',#7757,1.);
#7757 = DIRECTION('',(3.392591660228E-15,-1.));
#7758 = ( GEOMETRIC_REPRESENTATION_CONTEXT(2) 
PARAMETRIC_REPRESENTATION_CONTEXT() REPRESENTATION_CONTEXT('2D SPACE',''
  ) );
#7759 = PCURVE('',#737,#7760);
#7760 = DEFINITIONAL_REPRESENTATION('',(#7761),#7765);
#7761 = LINE('',#7762,#7763);
#7762 = CARTESIAN_POINT('',(-8.881784197001E-16,-57.34543962315));
#7763 = VECTOR('',#7764,1.);
#7764 = DIRECTION('',(1.,9.046911093941E-15));
#7765 = ( GEOMETRIC_REPRESENTATION_CONTEXT(2) 
PARAMETRIC_REPRESENTATION_CONTEXT() REPRESENTATION_CONTEXT('2D SPACE',''
  ) );
#7766 = ORIENTED_EDGE('',*,*,#749,.T.);
#7767 = ORIENTED_EDGE('',*,*,#7717,.F.);
#7768 = ADVANCED_FACE('',(#7769),#737,.F.);
#7769 = FACE_BOUND('',#7770,.F.);
#7770 = EDGE_LOOP('',(#7771,#7772,#7838,#7839));
#7771 = ORIENTED_EDGE('',*,*,#6006,.F.);
#7772 = ORIENTED_EDGE('',*,*,#7773,.F.);
#7773 = EDGE_CURVE('',#694,#6007,#7774,.T.);
#7774 = SURFACE_CURVE('',#7775,(#7780,#7809),.PCURVE_S1.);
#7775 = ELLIPSE('',#7776,2.839397341263,2.4);
#7776 = AXIS2_PLACEMENT_3D('',#7777,#7778,#7779);
#7777 = CARTESIAN_POINT('',(-54.6,-28.16250488128,2.4));
#7778 = DIRECTION('',(-0.999330061164,-3.659820834491E-02,
    -2.240993935206E-18));
#7779 = DIRECTION('',(-3.659820834491E-02,0.999330061164,0.));
#7780 = PCURVE('',#737,#7781);
#7781 = DEFINITIONAL_REPRESENTATION('',(#7782),#7808);
#7782 = B_SPLINE_CURVE_WITH_KNOTS('',3,(#7783,#7784,#7785,#7786,#7787,
    #7788,#7789,#7790,#7791,#7792,#7793,#7794,#7795,#7796,#7797,#7798,
    #7799,#7800,#7801,#7802,#7803,#7804,#7805,#7806,#7807),
  .UNSPECIFIED.,.F.,.F.,(4,1,1,1,1,1,1,1,1,1,1,1,1,1,1,1,1,1,1,1,1,1,4),
  (1.570796326795,1.642196159831,1.713595992867,1.784995825903,
    1.856395658939,1.927795491976,1.999195325012,2.070595158048,
    2.141994991084,2.21339482412,2.284794657156,2.356194490192,
    2.427594323228,2.498994156265,2.570393989301,2.641793822337,
    2.713193655373,2.784593488409,2.855993321445,2.927393154481,
    2.998792987518,3.070192820554,3.14159265359),.QUASI_UNIFORM_KNOTS.);
#7783 = CARTESIAN_POINT('',(4.712388980385,-60.96225792708));
#7784 = CARTESIAN_POINT('',(4.688589036039,-60.99836969091));
#7785 = CARTESIAN_POINT('',(4.640989147349,-61.07059222695));
#7786 = CARTESIAN_POINT('',(4.569589314312,-61.17837478067));
#7787 = CARTESIAN_POINT('',(4.498189481276,-61.28505583905));
#7788 = CARTESIAN_POINT('',(4.42678964824,-61.39009205044));
#7789 = CARTESIAN_POINT('',(4.355389815204,-61.49294810189));
#7790 = CARTESIAN_POINT('',(4.283989982168,-61.59309988195));
#7791 = CARTESIAN_POINT('',(4.212590149132,-61.69003703492));
#7792 = CARTESIAN_POINT('',(4.141190316096,-61.78326559266));
#7793 = CARTESIAN_POINT('',(4.069790483059,-61.87231048346));
#7794 = CARTESIAN_POINT('',(3.998390650023,-61.95671795505));
#7795 = CARTESIAN_POINT('',(3.926990816987,-62.03605788629));
#7796 = CARTESIAN_POINT('',(3.855590983951,-62.10992597908));
#7797 = CARTESIAN_POINT('',(3.784191150915,-62.17794581849));
#7798 = CARTESIAN_POINT('',(3.712791317879,-62.2397707913));
#7799 = CARTESIAN_POINT('',(3.641391484843,-62.29508585049));
#7800 = CARTESIAN_POINT('',(3.569991651807,-62.34360912746));
#7801 = CARTESIAN_POINT('',(3.49859181877,-62.38509334277));
#7802 = CARTESIAN_POINT('',(3.427191985734,-62.41932716188));
#7803 = CARTESIAN_POINT('',(3.355792152698,-62.44613591502));
#7804 = CARTESIAN_POINT('',(3.284392319662,-62.46538381969));
#7805 = CARTESIAN_POINT('',(3.212992486626,-62.47696969999));
#7806 = CARTESIAN_POINT('',(3.165392597935,-62.4795539401));
#7807 = CARTESIAN_POINT('',(3.14159265359,-62.47955066798));
#7808 = ( GEOMETRIC_REPRESENTATION_CONTEXT(2) 
PARAMETRIC_REPRESENTATION_CONTEXT() REPRESENTATION_CONTEXT('2D SPACE',''
  ) );
#7809 = PCURVE('',#6071,#7810);
#7810 = DEFINITIONAL_REPRESENTATION('',(#7811),#7837);
#7811 = B_SPLINE_CURVE_WITH_KNOTS('',3,(#7812,#7813,#7814,#7815,#7816,
    #7817,#7818,#7819,#7820,#7821,#7822,#7823,#7824,#7825,#7826,#7827,
    #7828,#7829,#7830,#7831,#7832,#7833,#7834,#7835,#7836),
  .UNSPECIFIED.,.F.,.F.,(4,1,1,1,1,1,1,1,1,1,1,1,1,1,1,1,1,1,1,1,1,1,4),
  (1.570796326795,1.642196159831,1.713595992867,1.784995825903,
    1.856395658939,1.927795491976,1.999195325012,2.070595158048,
    2.141994991084,2.21339482412,2.284794657156,2.356194490192,
    2.427594323228,2.498994156265,2.570393989301,2.641793822337,
    2.713193655373,2.784593488409,2.855993321445,2.927393154481,
    2.998792987518,3.070192820554,3.14159265359),.QUASI_UNIFORM_KNOTS.);
#7812 = CARTESIAN_POINT('',(4.712388980385,0.999986791175));
#7813 = CARTESIAN_POINT('',(4.68858846435,0.999993940663));
#7814 = CARTESIAN_POINT('',(4.640985784967,0.999990574264));
#7815 = CARTESIAN_POINT('',(4.569580867934,0.999962826131));
#7816 = CARTESIAN_POINT('',(4.498181322431,0.999954828588));
#7817 = CARTESIAN_POINT('',(4.426785628653,0.999966500409));
#7818 = CARTESIAN_POINT('',(4.355390309566,0.999993265276));
#7819 = CARTESIAN_POINT('',(4.283989434445,1.000006754129));
#7820 = CARTESIAN_POINT('',(4.212587936221,1.000002697017));
#7821 = CARTESIAN_POINT('',(4.14119082713,1.000001285925));
#7822 = CARTESIAN_POINT('',(4.069789638513,0.999996478397));
#7823 = CARTESIAN_POINT('',(3.998389786937,0.999996071116));
#7824 = CARTESIAN_POINT('',(3.926991687717,1.000001561386));
#7825 = CARTESIAN_POINT('',(3.85558836412,0.999997683339));
#7826 = CARTESIAN_POINT('',(3.784190321514,0.999998565224));
#7827 = CARTESIAN_POINT('',(3.712791733142,1.00000081844));
#7828 = CARTESIAN_POINT('',(3.641389051301,0.999996476011));
#7829 = CARTESIAN_POINT('',(3.569992058093,0.999999737189));
#7830 = CARTESIAN_POINT('',(3.498591056377,0.9999997555));
#7831 = CARTESIAN_POINT('',(3.427190407537,0.999996636106));
#7832 = CARTESIAN_POINT('',(3.355792966237,1.000000909235));
#7833 = CARTESIAN_POINT('',(3.284391017905,0.999998311913));
#7834 = CARTESIAN_POINT('',(3.212992181911,0.999997909667));
#7835 = CARTESIAN_POINT('',(3.165392602918,0.99999884561));
#7836 = CARTESIAN_POINT('',(3.14159265359,1.));
#7837 = ( GEOMETRIC_REPRESENTATION_CONTEXT(2) 
PARAMETRIC_REPRESENTATION_CONTEXT() REPRESENTATION_CONTEXT('2D SPACE',''
  ) );
#7838 = ORIENTED_EDGE('',*,*,#721,.T.);
#7839 = ORIENTED_EDGE('',*,*,#7745,.F.);
#7840 = ADVANCED_FACE('',(#7841),#6071,.F.);
#7841 = FACE_BOUND('',#7842,.F.);
#7842 = EDGE_LOOP('',(#7843,#7886,#7887));
#7843 = ORIENTED_EDGE('',*,*,#7844,.F.);
#7844 = EDGE_CURVE('',#694,#923,#7845,.T.);
#7845 = SURFACE_CURVE('',#7846,(#7851,#7857),.PCURVE_S1.);
#7846 = ELLIPSE('',#7847,2.839397341263,2.4);
#7847 = AXIS2_PLACEMENT_3D('',#7848,#7849,#7850);
#7848 = CARTESIAN_POINT('',(-54.6,-28.16250488128,2.4));
#7849 = DIRECTION('',(-0.534371402989,0.845249787736,5.175662235153E-17)
  );
#7850 = DIRECTION('',(0.845249787736,0.534371402989,0.));
#7851 = PCURVE('',#6071,#7852);
#7852 = DEFINITIONAL_REPRESENTATION('',(#7853),#7856);
#7853 = B_SPLINE_CURVE_WITH_KNOTS('',1,(#7854,#7855),.UNSPECIFIED.,.F.,
  .F.,(2,2),(1.570796326795,3.14159265359),.PIECEWISE_BEZIER_KNOTS.);
#7854 = CARTESIAN_POINT('',(4.712388980385,-5.679923776985E-04));
#7855 = CARTESIAN_POINT('',(3.14159265359,-1.765465193566E-14));
#7856 = ( GEOMETRIC_REPRESENTATION_CONTEXT(2) 
PARAMETRIC_REPRESENTATION_CONTEXT() REPRESENTATION_CONTEXT('2D SPACE',''
  ) );
#7857 = PCURVE('',#709,#7858);
#7858 = DEFINITIONAL_REPRESENTATION('',(#7859),#7885);
#7859 = B_SPLINE_CURVE_WITH_KNOTS('',3,(#7860,#7861,#7862,#7863,#7864,
    #7865,#7866,#7867,#7868,#7869,#7870,#7871,#7872,#7873,#7874,#7875,
    #7876,#7877,#7878,#7879,#7880,#7881,#7882,#7883,#7884),
  .UNSPECIFIED.,.F.,.F.,(4,1,1,1,1,1,1,1,1,1,1,1,1,1,1,1,1,1,1,1,1,1,4),
  (1.570796326795,1.642196159831,1.713595992867,1.784995825903,
    1.856395658939,1.927795491976,1.999195325012,2.070595158048,
    2.141994991084,2.21339482412,2.284794657156,2.356194490192,
    2.427594323228,2.498994156265,2.570393989301,2.641793822337,
    2.713193655373,2.784593488409,2.855993321445,2.927393154481,
    2.998792987518,3.070192820554,3.14159265359),.QUASI_UNIFORM_KNOTS.);
#7860 = CARTESIAN_POINT('',(4.712388980385,28.162504881287));
#7861 = CARTESIAN_POINT('',(4.688589036039,28.198616645114));
#7862 = CARTESIAN_POINT('',(4.640989147349,28.270839181151));
#7863 = CARTESIAN_POINT('',(4.569589314312,28.378621734879));
#7864 = CARTESIAN_POINT('',(4.498189481276,28.485302793256));
#7865 = CARTESIAN_POINT('',(4.42678964824,28.590339004647));
#7866 = CARTESIAN_POINT('',(4.355389815204,28.693195056092));
#7867 = CARTESIAN_POINT('',(4.283989982168,28.793346836157));
#7868 = CARTESIAN_POINT('',(4.212590149132,28.890283989121));
#7869 = CARTESIAN_POINT('',(4.141190316096,28.983512546869));
#7870 = CARTESIAN_POINT('',(4.06979048306,29.072557437665));
#7871 = CARTESIAN_POINT('',(3.998390650023,29.156964909259));
#7872 = CARTESIAN_POINT('',(3.926990816987,29.236304840491));
#7873 = CARTESIAN_POINT('',(3.855590983951,29.310172933287));
#7874 = CARTESIAN_POINT('',(3.784191150915,29.378192772693));
#7875 = CARTESIAN_POINT('',(3.712791317879,29.440017745508));
#7876 = CARTESIAN_POINT('',(3.641391484843,29.495332804696));
#7877 = CARTESIAN_POINT('',(3.569991651807,29.543856081667));
#7878 = CARTESIAN_POINT('',(3.49859181877,29.58534029698));
#7879 = CARTESIAN_POINT('',(3.427191985734,29.619574116086));
#7880 = CARTESIAN_POINT('',(3.355792152698,29.646382869223));
#7881 = CARTESIAN_POINT('',(3.284392319662,29.665630773897));
#7882 = CARTESIAN_POINT('',(3.212992486626,29.677216654198));
#7883 = CARTESIAN_POINT('',(3.165392597935,29.679800894307));
#7884 = CARTESIAN_POINT('',(3.14159265359,29.679797622181));
#7885 = ( GEOMETRIC_REPRESENTATION_CONTEXT(2) 
PARAMETRIC_REPRESENTATION_CONTEXT() REPRESENTATION_CONTEXT('2D SPACE',''
  ) );
#7886 = ORIENTED_EDGE('',*,*,#7773,.T.);
#7887 = ORIENTED_EDGE('',*,*,#6056,.T.);
#7888 = ADVANCED_FACE('',(#7889),#709,.F.);
#7889 = FACE_BOUND('',#7890,.F.);
#7890 = EDGE_LOOP('',(#7891,#7892,#7958,#7959));
#7891 = ORIENTED_EDGE('',*,*,#955,.F.);
#7892 = ORIENTED_EDGE('',*,*,#7893,.F.);
#7893 = EDGE_CURVE('',#666,#956,#7894,.T.);
#7894 = SURFACE_CURVE('',#7895,(#7900,#7929),.PCURVE_S1.);
#7895 = ELLIPSE('',#7896,2.839397341263,2.4);
#7896 = AXIS2_PLACEMENT_3D('',#7897,#7898,#7899);
#7897 = CARTESIAN_POINT('',(-54.6,28.162504881287,2.4));
#7898 = DIRECTION('',(0.534371402989,0.845249787736,5.175662235153E-17)
  );
#7899 = DIRECTION('',(0.845249787736,-0.534371402989,0.));
#7900 = PCURVE('',#709,#7901);
#7901 = DEFINITIONAL_REPRESENTATION('',(#7902),#7928);
#7902 = B_SPLINE_CURVE_WITH_KNOTS('',3,(#7903,#7904,#7905,#7906,#7907,
    #7908,#7909,#7910,#7911,#7912,#7913,#7914,#7915,#7916,#7917,#7918,
    #7919,#7920,#7921,#7922,#7923,#7924,#7925,#7926,#7927),
  .UNSPECIFIED.,.F.,.F.,(4,1,1,1,1,1,1,1,1,1,1,1,1,1,1,1,1,1,1,1,1,1,4),
  (1.570796326795,1.642196159831,1.713595992867,1.784995825903,
    1.856395658939,1.927795491976,1.999195325012,2.070595158048,
    2.141994991084,2.21339482412,2.284794657156,2.356194490192,
    2.427594323228,2.498994156265,2.570393989301,2.641793822337,
    2.713193655373,2.784593488409,2.855993321445,2.927393154481,
    2.998792987518,3.070192820554,3.14159265359),.QUASI_UNIFORM_KNOTS.);
#7903 = CARTESIAN_POINT('',(4.712388980385,-28.16250488128));
#7904 = CARTESIAN_POINT('',(4.688589036039,-28.19861664511));
#7905 = CARTESIAN_POINT('',(4.640989147349,-28.27083918115));
#7906 = CARTESIAN_POINT('',(4.569589314312,-28.37862173487));
#7907 = CARTESIAN_POINT('',(4.498189481276,-28.48530279325));
#7908 = CARTESIAN_POINT('',(4.42678964824,-28.59033900464));
#7909 = CARTESIAN_POINT('',(4.355389815204,-28.69319505609));
#7910 = CARTESIAN_POINT('',(4.283989982168,-28.79334683615));
#7911 = CARTESIAN_POINT('',(4.212590149132,-28.89028398912));
#7912 = CARTESIAN_POINT('',(4.141190316096,-28.98351254686));
#7913 = CARTESIAN_POINT('',(4.06979048306,-29.07255743766));
#7914 = CARTESIAN_POINT('',(3.998390650023,-29.15696490925));
#7915 = CARTESIAN_POINT('',(3.926990816987,-29.23630484049));
#7916 = CARTESIAN_POINT('',(3.855590983951,-29.31017293328));
#7917 = CARTESIAN_POINT('',(3.784191150915,-29.37819277269));
#7918 = CARTESIAN_POINT('',(3.712791317879,-29.4400177455));
#7919 = CARTESIAN_POINT('',(3.641391484843,-29.49533280469));
#7920 = CARTESIAN_POINT('',(3.569991651807,-29.54385608166));
#7921 = CARTESIAN_POINT('',(3.49859181877,-29.58534029698));
#7922 = CARTESIAN_POINT('',(3.427191985734,-29.61957411608));
#7923 = CARTESIAN_POINT('',(3.355792152698,-29.64638286922));
#7924 = CARTESIAN_POINT('',(3.284392319662,-29.66563077389));
#7925 = CARTESIAN_POINT('',(3.212992486626,-29.67721665419));
#7926 = CARTESIAN_POINT('',(3.165392597935,-29.6798008943));
#7927 = CARTESIAN_POINT('',(3.14159265359,-29.67979762218));
#7928 = ( GEOMETRIC_REPRESENTATION_CONTEXT(2) 
PARAMETRIC_REPRESENTATION_CONTEXT() REPRESENTATION_CONTEXT('2D SPACE',''
  ) );
#7929 = PCURVE('',#4929,#7930);
#7930 = DEFINITIONAL_REPRESENTATION('',(#7931),#7957);
#7931 = B_SPLINE_CURVE_WITH_KNOTS('',3,(#7932,#7933,#7934,#7935,#7936,
    #7937,#7938,#7939,#7940,#7941,#7942,#7943,#7944,#7945,#7946,#7947,
    #7948,#7949,#7950,#7951,#7952,#7953,#7954,#7955,#7956),
  .UNSPECIFIED.,.F.,.F.,(4,1,1,1,1,1,1,1,1,1,1,1,1,1,1,1,1,1,1,1,1,1,4),
  (1.570796326795,1.642196159831,1.713595992867,1.784995825903,
    1.856395658939,1.927795491976,1.999195325012,2.070595158048,
    2.141994991084,2.21339482412,2.284794657156,2.356194490192,
    2.427594323228,2.498994156265,2.570393989301,2.641793822337,
    2.713193655373,2.784593488409,2.855993321445,2.927393154481,
    2.998792987518,3.070192820554,3.14159265359),.QUASI_UNIFORM_KNOTS.);
#7932 = CARTESIAN_POINT('',(4.712388980385,0.999986791191));
#7933 = CARTESIAN_POINT('',(4.68858846435,0.999993940682));
#7934 = CARTESIAN_POINT('',(4.640985784967,0.999990574282));
#7935 = CARTESIAN_POINT('',(4.569580867933,0.99996282614));
#7936 = CARTESIAN_POINT('',(4.49818132243,0.999954828594));
#7937 = CARTESIAN_POINT('',(4.426785628652,0.999966500412));
#7938 = CARTESIAN_POINT('',(4.355390309566,0.999993265277));
#7939 = CARTESIAN_POINT('',(4.283989434445,1.000006754129));
#7940 = CARTESIAN_POINT('',(4.212587936221,1.000002697016));
#7941 = CARTESIAN_POINT('',(4.14119082713,1.000001285925));
#7942 = CARTESIAN_POINT('',(4.069789638513,0.999996478397));
#7943 = CARTESIAN_POINT('',(3.998389786937,0.999996071116));
#7944 = CARTESIAN_POINT('',(3.926991687717,1.000001561386));
#7945 = CARTESIAN_POINT('',(3.85558836412,0.999997683339));
#7946 = CARTESIAN_POINT('',(3.784190321514,0.999998565224));
#7947 = CARTESIAN_POINT('',(3.712791733142,1.00000081844));
#7948 = CARTESIAN_POINT('',(3.641389051301,0.999996476011));
#7949 = CARTESIAN_POINT('',(3.569992058093,0.999999737189));
#7950 = CARTESIAN_POINT('',(3.498591056377,0.9999997555));
#7951 = CARTESIAN_POINT('',(3.427190407537,0.999996636106));
#7952 = CARTESIAN_POINT('',(3.355792966237,1.000000909235));
#7953 = CARTESIAN_POINT('',(3.284391017905,0.999998311913));
#7954 = CARTESIAN_POINT('',(3.212992181911,0.999997909667));
#7955 = CARTESIAN_POINT('',(3.165392602918,0.99999884561));
#7956 = CARTESIAN_POINT('',(3.14159265359,1.));
#7957 = ( GEOMETRIC_REPRESENTATION_CONTEXT(2) 
PARAMETRIC_REPRESENTATION_CONTEXT() REPRESENTATION_CONTEXT('2D SPACE',''
  ) );
#7958 = ORIENTED_EDGE('',*,*,#693,.T.);
#7959 = ORIENTED_EDGE('',*,*,#7844,.T.);
#7960 = ADVANCED_FACE('',(#7961),#4929,.F.);
#7961 = FACE_BOUND('',#7962,.F.);
#7962 = EDGE_LOOP('',(#7963,#8006,#8007));
#7963 = ORIENTED_EDGE('',*,*,#7964,.F.);
#7964 = EDGE_CURVE('',#666,#4887,#7965,.T.);
#7965 = SURFACE_CURVE('',#7966,(#7971,#7977),.PCURVE_S1.);
#7966 = ELLIPSE('',#7967,2.839397341263,2.4);
#7967 = AXIS2_PLACEMENT_3D('',#7968,#7969,#7970);
#7968 = CARTESIAN_POINT('',(-54.6,28.162504881287,2.4));
#7969 = DIRECTION('',(0.999330061164,-3.659820834491E-02,
    -2.240993935206E-18));
#7970 = DIRECTION('',(-3.659820834491E-02,-0.999330061164,0.));
#7971 = PCURVE('',#4929,#7972);
#7972 = DEFINITIONAL_REPRESENTATION('',(#7973),#7976);
#7973 = B_SPLINE_CURVE_WITH_KNOTS('',1,(#7974,#7975),.UNSPECIFIED.,.F.,
  .F.,(2,2),(1.570796326795,3.14159265359),.PIECEWISE_BEZIER_KNOTS.);
#7974 = CARTESIAN_POINT('',(4.712388980385,-5.67992377698E-04));
#7975 = CARTESIAN_POINT('',(3.14159265359,5.089669681909E-15));
#7976 = ( GEOMETRIC_REPRESENTATION_CONTEXT(2) 
PARAMETRIC_REPRESENTATION_CONTEXT() REPRESENTATION_CONTEXT('2D SPACE',''
  ) );
#7977 = PCURVE('',#681,#7978);
#7978 = DEFINITIONAL_REPRESENTATION('',(#7979),#8005);
#7979 = B_SPLINE_CURVE_WITH_KNOTS('',3,(#7980,#7981,#7982,#7983,#7984,
    #7985,#7986,#7987,#7988,#7989,#7990,#7991,#7992,#7993,#7994,#7995,
    #7996,#7997,#7998,#7999,#8000,#8001,#8002,#8003,#8004),
  .UNSPECIFIED.,.F.,.F.,(4,1,1,1,1,1,1,1,1,1,1,1,1,1,1,1,1,1,1,1,1,1,4),
  (1.570796326795,1.642196159831,1.713595992867,1.784995825903,
    1.856395658939,1.927795491976,1.999195325012,2.070595158048,
    2.141994991084,2.21339482412,2.284794657156,2.356194490192,
    2.427594323228,2.498994156265,2.570393989301,2.641793822337,
    2.713193655373,2.784593488409,2.855993321445,2.927393154481,
    2.998792987518,3.070192820554,3.14159265359),.QUASI_UNIFORM_KNOTS.);
#7980 = CARTESIAN_POINT('',(4.712388980385,1.049762781521));
#7981 = CARTESIAN_POINT('',(4.688589036039,1.085874545348));
#7982 = CARTESIAN_POINT('',(4.640989147349,1.158097081385));
#7983 = CARTESIAN_POINT('',(4.569589314312,1.265879635113));
#7984 = CARTESIAN_POINT('',(4.498189481276,1.37256069349));
#7985 = CARTESIAN_POINT('',(4.42678964824,1.477596904881));
#7986 = CARTESIAN_POINT('',(4.355389815204,1.580452956326));
#7987 = CARTESIAN_POINT('',(4.283989982168,1.680604736391));
#7988 = CARTESIAN_POINT('',(4.212590149132,1.777541889355));
#7989 = CARTESIAN_POINT('',(4.141190316096,1.870770447103));
#7990 = CARTESIAN_POINT('',(4.06979048306,1.959815337899));
#7991 = CARTESIAN_POINT('',(3.998390650023,2.044222809493));
#7992 = CARTESIAN_POINT('',(3.926990816987,2.123562740725));
#7993 = CARTESIAN_POINT('',(3.855590983951,2.197430833521));
#7994 = CARTESIAN_POINT('',(3.784191150915,2.265450672927));
#7995 = CARTESIAN_POINT('',(3.712791317879,2.327275645742));
#7996 = CARTESIAN_POINT('',(3.641391484843,2.38259070493));
#7997 = CARTESIAN_POINT('',(3.569991651807,2.431113981901));
#7998 = CARTESIAN_POINT('',(3.49859181877,2.472598197214));
#7999 = CARTESIAN_POINT('',(3.427191985734,2.50683201632));
#8000 = CARTESIAN_POINT('',(3.355792152698,2.533640769457));
#8001 = CARTESIAN_POINT('',(3.284392319662,2.552888674131));
#8002 = CARTESIAN_POINT('',(3.212992486626,2.564474554432));
#8003 = CARTESIAN_POINT('',(3.165392597935,2.567058794541));
#8004 = CARTESIAN_POINT('',(3.14159265359,2.567055522415));
#8005 = ( GEOMETRIC_REPRESENTATION_CONTEXT(2) 
PARAMETRIC_REPRESENTATION_CONTEXT() REPRESENTATION_CONTEXT('2D SPACE',''
  ) );
#8006 = ORIENTED_EDGE('',*,*,#7893,.T.);
#8007 = ORIENTED_EDGE('',*,*,#4914,.T.);
#8008 = ADVANCED_FACE('',(#8009),#681,.F.);
#8009 = FACE_BOUND('',#8010,.F.);
#8010 = EDGE_LOOP('',(#8011,#8012,#8034,#8035));
#8011 = ORIENTED_EDGE('',*,*,#4994,.T.);
#8012 = ORIENTED_EDGE('',*,*,#8013,.T.);
#8013 = EDGE_CURVE('',#4995,#637,#8014,.T.);
#8014 = SURFACE_CURVE('',#8015,(#8020,#8027),.PCURVE_S1.);
#8015 = CIRCLE('',#8016,2.4);
#8016 = AXIS2_PLACEMENT_3D('',#8017,#8018,#8019);
#8017 = CARTESIAN_POINT('',(-51.61566742187,26.119190488725,2.4));
#8018 = DIRECTION('',(-0.825126486137,0.564948034668,-8.166905153719E-16
    ));
#8019 = DIRECTION('',(-0.564948034668,-0.825126486137,0.));
#8020 = PCURVE('',#681,#8021);
#8021 = DEFINITIONAL_REPRESENTATION('',(#8022),#8026);
#8022 = LINE('',#8023,#8024);
#8023 = CARTESIAN_POINT('',(-4.440892098501E-16,-2.567055522415));
#8024 = VECTOR('',#8025,1.);
#8025 = DIRECTION('',(1.,0.));
#8026 = ( GEOMETRIC_REPRESENTATION_CONTEXT(2) 
PARAMETRIC_REPRESENTATION_CONTEXT() REPRESENTATION_CONTEXT('2D SPACE',''
  ) );
#8027 = PCURVE('',#653,#8028);
#8028 = DEFINITIONAL_REPRESENTATION('',(#8029),#8033);
#8029 = LINE('',#8030,#8031);
#8030 = CARTESIAN_POINT('',(3.741962927187,6.28318530718));
#8031 = VECTOR('',#8032,1.);
#8032 = DIRECTION('',(-2.261727773485E-15,-1.));
#8033 = ( GEOMETRIC_REPRESENTATION_CONTEXT(2) 
PARAMETRIC_REPRESENTATION_CONTEXT() REPRESENTATION_CONTEXT('2D SPACE',''
  ) );
#8034 = ORIENTED_EDGE('',*,*,#665,.F.);
#8035 = ORIENTED_EDGE('',*,*,#7964,.T.);
#8036 = ADVANCED_FACE('',(#8037),#653,.F.);
#8037 = FACE_BOUND('',#8038,.F.);
#8038 = EDGE_LOOP('',(#8039,#8040,#8062,#8063));
#8039 = ORIENTED_EDGE('',*,*,#5070,.F.);
#8040 = ORIENTED_EDGE('',*,*,#8041,.T.);
#8041 = EDGE_CURVE('',#5071,#609,#8042,.T.);
#8042 = SURFACE_CURVE('',#8043,(#8048,#8055),.PCURVE_S1.);
#8043 = CIRCLE('',#8044,2.4);
#8044 = AXIS2_PLACEMENT_3D('',#8045,#8046,#8047);
#8045 = CARTESIAN_POINT('',(-41.6,31.4,2.4));
#8046 = DIRECTION('',(0.,-1.,0.));
#8047 = DIRECTION('',(0.,0.,-1.));
#8048 = PCURVE('',#653,#8049);
#8049 = DEFINITIONAL_REPRESENTATION('',(#8050),#8054);
#8050 = LINE('',#8051,#8052);
#8051 = CARTESIAN_POINT('',(1.570796326795,7.853981633974));
#8052 = VECTOR('',#8053,1.);
#8053 = DIRECTION('',(0.,-1.));
#8054 = ( GEOMETRIC_REPRESENTATION_CONTEXT(2) 
PARAMETRIC_REPRESENTATION_CONTEXT() REPRESENTATION_CONTEXT('2D SPACE',''
  ) );
#8055 = PCURVE('',#624,#8056);
#8056 = DEFINITIONAL_REPRESENTATION('',(#8057),#8061);
#8057 = LINE('',#8058,#8059);
#8058 = CARTESIAN_POINT('',(0.,2.));
#8059 = VECTOR('',#8060,1.);
#8060 = DIRECTION('',(1.,0.));
#8061 = ( GEOMETRIC_REPRESENTATION_CONTEXT(2) 
PARAMETRIC_REPRESENTATION_CONTEXT() REPRESENTATION_CONTEXT('2D SPACE',''
  ) );
#8062 = ORIENTED_EDGE('',*,*,#636,.T.);
#8063 = ORIENTED_EDGE('',*,*,#8013,.F.);
#8064 = ADVANCED_FACE('',(#8065),#624,.F.);
#8065 = FACE_BOUND('',#8066,.F.);
#8066 = EDGE_LOOP('',(#8067,#8068,#8134,#8135));
#8067 = ORIENTED_EDGE('',*,*,#5143,.T.);
#8068 = ORIENTED_EDGE('',*,*,#8069,.F.);
#8069 = EDGE_CURVE('',#581,#4766,#8070,.T.);
#8070 = SURFACE_CURVE('',#8071,(#8076,#8105),.PCURVE_S1.);
#8071 = ELLIPSE('',#8072,2.529822128135,2.4);
#8072 = AXIS2_PLACEMENT_3D('',#8073,#8074,#8075);
#8073 = CARTESIAN_POINT('',(-41.6,34.6,2.4));
#8074 = DIRECTION('',(0.316227766017,0.948683298051,5.809009821811E-17)
  );
#8075 = DIRECTION('',(0.948683298051,-0.316227766017,0.));
#8076 = PCURVE('',#624,#8077);
#8077 = DEFINITIONAL_REPRESENTATION('',(#8078),#8104);
#8078 = B_SPLINE_CURVE_WITH_KNOTS('',3,(#8079,#8080,#8081,#8082,#8083,
    #8084,#8085,#8086,#8087,#8088,#8089,#8090,#8091,#8092,#8093,#8094,
    #8095,#8096,#8097,#8098,#8099,#8100,#8101,#8102,#8103),
  .UNSPECIFIED.,.F.,.F.,(4,1,1,1,1,1,1,1,1,1,1,1,1,1,1,1,1,1,1,1,1,1,4),
  (1.570796326795,1.642196159831,1.713595992867,1.784995825903,
    1.856395658939,1.927795491976,1.999195325012,2.070595158048,
    2.141994991084,2.21339482412,2.284794657156,2.356194490192,
    2.427594323228,2.498994156265,2.570393989301,2.641793822337,
    2.713193655373,2.784593488409,2.855993321445,2.927393154481,
    2.998792987518,3.070192820554,3.14159265359),.QUASI_UNIFORM_KNOTS.);
#8079 = CARTESIAN_POINT('',(6.28318530718,-1.2));
#8080 = CARTESIAN_POINT('',(6.259385362834,-1.219040103655));
#8081 = CARTESIAN_POINT('',(6.211785474143,-1.25711978813));
#8082 = CARTESIAN_POINT('',(6.140385641107,-1.313948665418));
#8083 = CARTESIAN_POINT('',(6.068985808071,-1.370196773909));
#8084 = CARTESIAN_POINT('',(5.997585975035,-1.425577628801));
#8085 = CARTESIAN_POINT('',(5.926186141999,-1.479808983726));
#8086 = CARTESIAN_POINT('',(5.854786308963,-1.532614498372));
#8087 = CARTESIAN_POINT('',(5.783386475927,-1.583725085196));
#8088 = CARTESIAN_POINT('',(5.711986642891,-1.6328802971));
#8089 = CARTESIAN_POINT('',(5.640586809854,-1.679829650192));
#8090 = CARTESIAN_POINT('',(5.569186976818,-1.724333901386));
#8091 = CARTESIAN_POINT('',(5.497787143782,-1.766166267201));
#8092 = CARTESIAN_POINT('',(5.426387310746,-1.805113579505));
#8093 = CARTESIAN_POINT('',(5.35498747771,-1.840977371678));
#8094 = CARTESIAN_POINT('',(5.283587644674,-1.873574890218));
#8095 = CARTESIAN_POINT('',(5.212187811638,-1.902740025039));
#8096 = CARTESIAN_POINT('',(5.140787978601,-1.92832415955));
#8097 = CARTESIAN_POINT('',(5.069388145565,-1.950196914462));
#8098 = CARTESIAN_POINT('',(4.997988312529,-1.968246862601));
#8099 = CARTESIAN_POINT('',(4.926588479493,-1.982381908484));
#8100 = CARTESIAN_POINT('',(4.855188646457,-1.992530460127));
#8101 = CARTESIAN_POINT('',(4.783788813421,-1.998639172039));
#8102 = CARTESIAN_POINT('',(4.73618892473,-2.000001725244));
#8103 = CARTESIAN_POINT('',(4.712388980385,-2.));
#8104 = ( GEOMETRIC_REPRESENTATION_CONTEXT(2) 
PARAMETRIC_REPRESENTATION_CONTEXT() REPRESENTATION_CONTEXT('2D SPACE',''
  ) );
#8105 = PCURVE('',#4782,#8106);
#8106 = DEFINITIONAL_REPRESENTATION('',(#8107),#8133);
#8107 = B_SPLINE_CURVE_WITH_KNOTS('',3,(#8108,#8109,#8110,#8111,#8112,
    #8113,#8114,#8115,#8116,#8117,#8118,#8119,#8120,#8121,#8122,#8123,
    #8124,#8125,#8126,#8127,#8128,#8129,#8130,#8131,#8132),
  .UNSPECIFIED.,.F.,.F.,(4,1,1,1,1,1,1,1,1,1,1,1,1,1,1,1,1,1,1,1,1,1,4),
  (1.570796326795,1.642196159831,1.713595992867,1.784995825903,
    1.856395658939,1.927795491976,1.999195325012,2.070595158048,
    2.141994991084,2.21339482412,2.284794657156,2.356194490192,
    2.427594323228,2.498994156265,2.570393989301,2.641793822337,
    2.713193655373,2.784593488409,2.855993321445,2.927393154481,
    2.998792987518,3.070192820554,3.14159265359),.QUASI_UNIFORM_KNOTS.);
#8108 = CARTESIAN_POINT('',(4.712388980385,0.999991359529));
#8109 = CARTESIAN_POINT('',(4.688588273313,0.99999573538));
#8110 = CARTESIAN_POINT('',(4.640987896386,0.999993605366));
#8111 = CARTESIAN_POINT('',(4.569589894627,0.999976935323));
#8112 = CARTESIAN_POINT('',(4.498196397736,0.999974558738));
#8113 = CARTESIAN_POINT('',(4.426800634569,0.999984149863));
#8114 = CARTESIAN_POINT('',(4.355396766389,1.000000299561));
#8115 = CARTESIAN_POINT('',(4.283983012958,0.999999952649));
#8116 = CARTESIAN_POINT('',(4.212573752651,0.999983387647));
#8117 = CARTESIAN_POINT('',(4.141176842431,0.999973729266));
#8118 = CARTESIAN_POINT('',(4.069787350251,0.999977370634));
#8119 = CARTESIAN_POINT('',(3.998395691602,0.999991860752));
#8120 = CARTESIAN_POINT('',(3.926992390622,1.000004065156));
#8121 = CARTESIAN_POINT('',(3.855579647835,0.999991878623));
#8122 = CARTESIAN_POINT('',(3.784177488625,0.999977650905));
#8123 = CARTESIAN_POINT('',(3.712786472111,0.999974263461));
#8124 = CARTESIAN_POINT('',(3.64139742991,0.999983853787));
#8125 = CARTESIAN_POINT('',(3.569998872743,0.999999983862));
#8126 = CARTESIAN_POINT('',(3.498584719936,1.000000241968));
#8127 = CARTESIAN_POINT('',(3.427173911527,0.99998497306));
#8128 = CARTESIAN_POINT('',(3.355776939008,0.99997612576));
#8129 = CARTESIAN_POINT('',(3.284387282,0.999979180882));
#8130 = CARTESIAN_POINT('',(3.212993203732,0.99999281499));
#8131 = CARTESIAN_POINT('',(3.165393812646,0.99999924612));
#8132 = CARTESIAN_POINT('',(3.14159265359,1.));
#8133 = ( GEOMETRIC_REPRESENTATION_CONTEXT(2) 
PARAMETRIC_REPRESENTATION_CONTEXT() REPRESENTATION_CONTEXT('2D SPACE',''
  ) );
#8134 = ORIENTED_EDGE('',*,*,#608,.F.);
#8135 = ORIENTED_EDGE('',*,*,#8041,.F.);
#8136 = ADVANCED_FACE('',(#8137),#4782,.F.);
#8137 = FACE_BOUND('',#8138,.F.);
#8138 = EDGE_LOOP('',(#8139,#8205,#8206));
#8139 = ORIENTED_EDGE('',*,*,#8140,.F.);
#8140 = EDGE_CURVE('',#581,#2256,#8141,.T.);
#8141 = SURFACE_CURVE('',#8142,(#8147,#8176),.PCURVE_S1.);
#8142 = ELLIPSE('',#8143,2.529822128135,2.4);
#8143 = AXIS2_PLACEMENT_3D('',#8144,#8145,#8146);
#8144 = CARTESIAN_POINT('',(-41.6,34.6,2.4));
#8145 = DIRECTION('',(0.948683298051,0.316227766017,1.93633660727E-17));
#8146 = DIRECTION('',(0.316227766017,-0.948683298051,0.));
#8147 = PCURVE('',#4782,#8148);
#8148 = DEFINITIONAL_REPRESENTATION('',(#8149),#8175);
#8149 = B_SPLINE_CURVE_WITH_KNOTS('',3,(#8150,#8151,#8152,#8153,#8154,
    #8155,#8156,#8157,#8158,#8159,#8160,#8161,#8162,#8163,#8164,#8165,
    #8166,#8167,#8168,#8169,#8170,#8171,#8172,#8173,#8174),
  .UNSPECIFIED.,.F.,.F.,(4,1,1,1,1,1,1,1,1,1,1,1,1,1,1,1,1,1,1,1,1,1,4),
  (1.570796326795,1.642196159831,1.713595992867,1.784995825903,
    1.856395658939,1.927795491976,1.999195325012,2.070595158048,
    2.141994991084,2.21339482412,2.284794657156,2.356194490192,
    2.427594323228,2.498994156265,2.570393989301,2.641793822337,
    2.713193655373,2.784593488409,2.855993321445,2.927393154481,
    2.998792987518,3.070192820554,3.14159265359),.QUASI_UNIFORM_KNOTS.);
#8150 = CARTESIAN_POINT('',(4.712388980385,8.640470815371E-06));
#8151 = CARTESIAN_POINT('',(4.688588273313,4.26461956394E-06));
#8152 = CARTESIAN_POINT('',(4.640987896386,6.394633881446E-06));
#8153 = CARTESIAN_POINT('',(4.569589894627,2.306467696126E-05));
#8154 = CARTESIAN_POINT('',(4.498196397736,2.544126151375E-05));
#8155 = CARTESIAN_POINT('',(4.426800634569,1.585013686468E-05));
#8156 = CARTESIAN_POINT('',(4.355396766389,-2.995608227328E-07));
#8157 = CARTESIAN_POINT('',(4.283983012958,4.735062629771E-08));
#8158 = CARTESIAN_POINT('',(4.212573752651,1.661235249645E-05));
#8159 = CARTESIAN_POINT('',(4.141176842431,2.627073446022E-05));
#8160 = CARTESIAN_POINT('',(4.069787350251,2.262936596284E-05));
#8161 = CARTESIAN_POINT('',(3.998395691602,8.139248445501E-06));
#8162 = CARTESIAN_POINT('',(3.926992390622,-4.065156420237E-06));
#8163 = CARTESIAN_POINT('',(3.855579647835,8.12137720487E-06));
#8164 = CARTESIAN_POINT('',(3.784177488625,2.23490947889E-05));
#8165 = CARTESIAN_POINT('',(3.712786472111,2.57365393053E-05));
#8166 = CARTESIAN_POINT('',(3.64139742991,1.61462131873E-05));
#8167 = CARTESIAN_POINT('',(3.569998872743,1.613827145881E-08));
#8168 = CARTESIAN_POINT('',(3.498584719936,-2.419675908013E-07));
#8169 = CARTESIAN_POINT('',(3.427173911527,1.502693992023E-05));
#8170 = CARTESIAN_POINT('',(3.355776939008,2.387424011592E-05));
#8171 = CARTESIAN_POINT('',(3.284387282,2.081911849868E-05));
#8172 = CARTESIAN_POINT('',(3.212993203732,7.185009820971E-06));
#8173 = CARTESIAN_POINT('',(3.165393812646,7.538799268904E-07));
#8174 = CARTESIAN_POINT('',(3.14159265359,0.));
#8175 = ( GEOMETRIC_REPRESENTATION_CONTEXT(2) 
PARAMETRIC_REPRESENTATION_CONTEXT() REPRESENTATION_CONTEXT('2D SPACE',''
  ) );
#8176 = PCURVE('',#596,#8177);
#8177 = DEFINITIONAL_REPRESENTATION('',(#8178),#8204);
#8178 = B_SPLINE_CURVE_WITH_KNOTS('',3,(#8179,#8180,#8181,#8182,#8183,
    #8184,#8185,#8186,#8187,#8188,#8189,#8190,#8191,#8192,#8193,#8194,
    #8195,#8196,#8197,#8198,#8199,#8200,#8201,#8202,#8203),
  .UNSPECIFIED.,.F.,.F.,(4,1,1,1,1,1,1,1,1,1,1,1,1,1,1,1,1,1,1,1,1,1,4),
  (1.570796326795,1.642196159831,1.713595992867,1.784995825903,
    1.856395658939,1.927795491976,1.999195325012,2.070595158048,
    2.141994991084,2.21339482412,2.284794657156,2.356194490192,
    2.427594323228,2.498994156265,2.570393989301,2.641793822337,
    2.713193655373,2.784593488409,2.855993321445,2.927393154481,
    2.998792987518,3.070192820554,3.14159265359),.QUASI_UNIFORM_KNOTS.);
#8179 = CARTESIAN_POINT('',(4.712388980385,41.6));
#8180 = CARTESIAN_POINT('',(4.688589036039,41.619040103655));
#8181 = CARTESIAN_POINT('',(4.640989147349,41.65711978813));
#8182 = CARTESIAN_POINT('',(4.569589314312,41.713948665418));
#8183 = CARTESIAN_POINT('',(4.498189481276,41.770196773909));
#8184 = CARTESIAN_POINT('',(4.42678964824,41.825577628801));
#8185 = CARTESIAN_POINT('',(4.355389815204,41.879808983726));
#8186 = CARTESIAN_POINT('',(4.283989982168,41.932614498372));
#8187 = CARTESIAN_POINT('',(4.212590149132,41.983725085196));
#8188 = CARTESIAN_POINT('',(4.141190316096,42.0328802971));
#8189 = CARTESIAN_POINT('',(4.069790483059,42.079829650192));
#8190 = CARTESIAN_POINT('',(3.998390650023,42.124333901386));
#8191 = CARTESIAN_POINT('',(3.926990816987,42.166166267201));
#8192 = CARTESIAN_POINT('',(3.855590983951,42.205113579505));
#8193 = CARTESIAN_POINT('',(3.784191150915,42.240977371678));
#8194 = CARTESIAN_POINT('',(3.712791317879,42.273574890218));
#8195 = CARTESIAN_POINT('',(3.641391484843,42.302740025039));
#8196 = CARTESIAN_POINT('',(3.569991651807,42.32832415955));
#8197 = CARTESIAN_POINT('',(3.49859181877,42.350196914462));
#8198 = CARTESIAN_POINT('',(3.427191985734,42.368246862601));
#8199 = CARTESIAN_POINT('',(3.355792152698,42.382381908484));
#8200 = CARTESIAN_POINT('',(3.284392319662,42.392530460127));
#8201 = CARTESIAN_POINT('',(3.212992486626,42.398639172039));
#8202 = CARTESIAN_POINT('',(3.165392597935,42.400001725244));
#8203 = CARTESIAN_POINT('',(3.14159265359,42.4));
#8204 = ( GEOMETRIC_REPRESENTATION_CONTEXT(2) 
PARAMETRIC_REPRESENTATION_CONTEXT() REPRESENTATION_CONTEXT('2D SPACE',''
  ) );
#8205 = ORIENTED_EDGE('',*,*,#8069,.T.);
#8206 = ORIENTED_EDGE('',*,*,#4765,.T.);
#8207 = ADVANCED_FACE('',(#8208),#596,.F.);
#8208 = FACE_BOUND('',#8209,.F.);
#8209 = EDGE_LOOP('',(#8210,#8211,#8277,#8278));
#8210 = ORIENTED_EDGE('',*,*,#2288,.F.);
#8211 = ORIENTED_EDGE('',*,*,#8212,.F.);
#8212 = EDGE_CURVE('',#553,#2289,#8213,.T.);
#8213 = SURFACE_CURVE('',#8214,(#8219,#8248),.PCURVE_S1.);
#8214 = ELLIPSE('',#8215,2.529822128135,2.4);
#8215 = AXIS2_PLACEMENT_3D('',#8216,#8217,#8218);
#8216 = CARTESIAN_POINT('',(41.6,34.6,2.4));
#8217 = DIRECTION('',(0.948683298051,-0.316227766017,-1.93633660727E-17)
  );
#8218 = DIRECTION('',(-0.316227766017,-0.948683298051,-1.54074395551E-33
    ));
#8219 = PCURVE('',#596,#8220);
#8220 = DEFINITIONAL_REPRESENTATION('',(#8221),#8247);
#8221 = B_SPLINE_CURVE_WITH_KNOTS('',3,(#8222,#8223,#8224,#8225,#8226,
    #8227,#8228,#8229,#8230,#8231,#8232,#8233,#8234,#8235,#8236,#8237,
    #8238,#8239,#8240,#8241,#8242,#8243,#8244,#8245,#8246),
  .UNSPECIFIED.,.F.,.F.,(4,1,1,1,1,1,1,1,1,1,1,1,1,1,1,1,1,1,1,1,1,1,4),
  (1.570796326795,1.642196159831,1.713595992867,1.784995825903,
    1.856395658939,1.927795491976,1.999195325012,2.070595158048,
    2.141994991084,2.21339482412,2.284794657156,2.356194490192,
    2.427594323228,2.498994156265,2.570393989301,2.641793822337,
    2.713193655373,2.784593488409,2.855993321445,2.927393154481,
    2.998792987518,3.070192820554,3.14159265359),.QUASI_UNIFORM_KNOTS.);
#8222 = CARTESIAN_POINT('',(4.712388980385,-41.6));
#8223 = CARTESIAN_POINT('',(4.688589036039,-41.61904010365));
#8224 = CARTESIAN_POINT('',(4.640989147349,-41.65711978813));
#8225 = CARTESIAN_POINT('',(4.569589314312,-41.71394866541));
#8226 = CARTESIAN_POINT('',(4.498189481276,-41.7701967739));
#8227 = CARTESIAN_POINT('',(4.42678964824,-41.8255776288));
#8228 = CARTESIAN_POINT('',(4.355389815204,-41.87980898372));
#8229 = CARTESIAN_POINT('',(4.283989982168,-41.93261449837));
#8230 = CARTESIAN_POINT('',(4.212590149132,-41.98372508519));
#8231 = CARTESIAN_POINT('',(4.141190316096,-42.0328802971));
#8232 = CARTESIAN_POINT('',(4.06979048306,-42.07982965019));
#8233 = CARTESIAN_POINT('',(3.998390650023,-42.12433390138));
#8234 = CARTESIAN_POINT('',(3.926990816987,-42.1661662672));
#8235 = CARTESIAN_POINT('',(3.855590983951,-42.2051135795));
#8236 = CARTESIAN_POINT('',(3.784191150915,-42.24097737167));
#8237 = CARTESIAN_POINT('',(3.712791317879,-42.27357489021));
#8238 = CARTESIAN_POINT('',(3.641391484843,-42.30274002503));
#8239 = CARTESIAN_POINT('',(3.569991651807,-42.32832415955));
#8240 = CARTESIAN_POINT('',(3.49859181877,-42.35019691446));
#8241 = CARTESIAN_POINT('',(3.427191985734,-42.3682468626));
#8242 = CARTESIAN_POINT('',(3.355792152698,-42.38238190848));
#8243 = CARTESIAN_POINT('',(3.284392319662,-42.39253046012));
#8244 = CARTESIAN_POINT('',(3.212992486626,-42.39863917203));
#8245 = CARTESIAN_POINT('',(3.165392597935,-42.40000172524));
#8246 = CARTESIAN_POINT('',(3.14159265359,-42.4));
#8247 = ( GEOMETRIC_REPRESENTATION_CONTEXT(2) 
PARAMETRIC_REPRESENTATION_CONTEXT() REPRESENTATION_CONTEXT('2D SPACE',''
  ) );
#8248 = PCURVE('',#5272,#8249);
#8249 = DEFINITIONAL_REPRESENTATION('',(#8250),#8276);
#8250 = B_SPLINE_CURVE_WITH_KNOTS('',3,(#8251,#8252,#8253,#8254,#8255,
    #8256,#8257,#8258,#8259,#8260,#8261,#8262,#8263,#8264,#8265,#8266,
    #8267,#8268,#8269,#8270,#8271,#8272,#8273,#8274,#8275),
  .UNSPECIFIED.,.F.,.F.,(4,1,1,1,1,1,1,1,1,1,1,1,1,1,1,1,1,1,1,1,1,1,4),
  (1.570796326795,1.642196159831,1.713595992867,1.784995825903,
    1.856395658939,1.927795491976,1.999195325012,2.070595158048,
    2.141994991084,2.21339482412,2.284794657156,2.356194490192,
    2.427594323228,2.498994156265,2.570393989301,2.641793822337,
    2.713193655373,2.784593488409,2.855993321445,2.927393154481,
    2.998792987518,3.070192820554,3.14159265359),.QUASI_UNIFORM_KNOTS.);
#8251 = CARTESIAN_POINT('',(4.712388980385,0.999991359529));
#8252 = CARTESIAN_POINT('',(4.688588273313,0.99999573538));
#8253 = CARTESIAN_POINT('',(4.640987896386,0.999993605366));
#8254 = CARTESIAN_POINT('',(4.569589894627,0.999976935323));
#8255 = CARTESIAN_POINT('',(4.498196397736,0.999974558738));
#8256 = CARTESIAN_POINT('',(4.426800634569,0.999984149863));
#8257 = CARTESIAN_POINT('',(4.355396766389,1.000000299561));
#8258 = CARTESIAN_POINT('',(4.283983012958,0.999999952649));
#8259 = CARTESIAN_POINT('',(4.212573752651,0.999983387647));
#8260 = CARTESIAN_POINT('',(4.141176842431,0.999973729266));
#8261 = CARTESIAN_POINT('',(4.069787350251,0.999977370634));
#8262 = CARTESIAN_POINT('',(3.998395691602,0.999991860752));
#8263 = CARTESIAN_POINT('',(3.926992390622,1.000004065156));
#8264 = CARTESIAN_POINT('',(3.855579647835,0.999991878623));
#8265 = CARTESIAN_POINT('',(3.784177488625,0.999977650905));
#8266 = CARTESIAN_POINT('',(3.712786472111,0.999974263461));
#8267 = CARTESIAN_POINT('',(3.64139742991,0.999983853787));
#8268 = CARTESIAN_POINT('',(3.569998872743,0.999999983862));
#8269 = CARTESIAN_POINT('',(3.498584719936,1.000000241968));
#8270 = CARTESIAN_POINT('',(3.427173911527,0.99998497306));
#8271 = CARTESIAN_POINT('',(3.355776939008,0.99997612576));
#8272 = CARTESIAN_POINT('',(3.284387282,0.999979180882));
#8273 = CARTESIAN_POINT('',(3.212993203732,0.99999281499));
#8274 = CARTESIAN_POINT('',(3.165393812646,0.99999924612));
#8275 = CARTESIAN_POINT('',(3.14159265359,1.));
#8276 = ( GEOMETRIC_REPRESENTATION_CONTEXT(2) 
PARAMETRIC_REPRESENTATION_CONTEXT() REPRESENTATION_CONTEXT('2D SPACE',''
  ) );
#8277 = ORIENTED_EDGE('',*,*,#580,.T.);
#8278 = ORIENTED_EDGE('',*,*,#8140,.T.);
#8279 = ADVANCED_FACE('',(#8280),#5272,.F.);
#8280 = FACE_BOUND('',#8281,.F.);
#8281 = EDGE_LOOP('',(#8282,#8348,#8349));
#8282 = ORIENTED_EDGE('',*,*,#8283,.F.);
#8283 = EDGE_CURVE('',#553,#5230,#8284,.T.);
#8284 = SURFACE_CURVE('',#8285,(#8290,#8319),.PCURVE_S1.);
#8285 = ELLIPSE('',#8286,2.529822128135,2.4);
#8286 = AXIS2_PLACEMENT_3D('',#8287,#8288,#8289);
#8287 = CARTESIAN_POINT('',(41.6,34.6,2.4));
#8288 = DIRECTION('',(0.316227766017,-0.948683298051,-5.809009821811E-17
    ));
#8289 = DIRECTION('',(-0.948683298051,-0.316227766017,0.));
#8290 = PCURVE('',#5272,#8291);
#8291 = DEFINITIONAL_REPRESENTATION('',(#8292),#8318);
#8292 = B_SPLINE_CURVE_WITH_KNOTS('',3,(#8293,#8294,#8295,#8296,#8297,
    #8298,#8299,#8300,#8301,#8302,#8303,#8304,#8305,#8306,#8307,#8308,
    #8309,#8310,#8311,#8312,#8313,#8314,#8315,#8316,#8317),
  .UNSPECIFIED.,.F.,.F.,(4,1,1,1,1,1,1,1,1,1,1,1,1,1,1,1,1,1,1,1,1,1,4),
  (1.570796326795,1.642196159831,1.713595992867,1.784995825903,
    1.856395658939,1.927795491976,1.999195325012,2.070595158048,
    2.141994991084,2.21339482412,2.284794657156,2.356194490192,
    2.427594323228,2.498994156265,2.570393989301,2.641793822337,
    2.713193655373,2.784593488409,2.855993321445,2.927393154481,
    2.998792987518,3.070192820554,3.14159265359),.QUASI_UNIFORM_KNOTS.);
#8293 = CARTESIAN_POINT('',(4.712388980385,8.640470946584E-06));
#8294 = CARTESIAN_POINT('',(4.688588273313,4.264619740757E-06));
#8295 = CARTESIAN_POINT('',(4.640987896386,6.394634038402E-06));
#8296 = CARTESIAN_POINT('',(4.569589894627,2.306467693396E-05));
#8297 = CARTESIAN_POINT('',(4.498196397736,2.54412615604E-05));
#8298 = CARTESIAN_POINT('',(4.426800634569,1.585013683744E-05));
#8299 = CARTESIAN_POINT('',(4.355396766389,-2.995608014057E-07));
#8300 = CARTESIAN_POINT('',(4.283983012958,4.735061999892E-08));
#8301 = CARTESIAN_POINT('',(4.212573752651,1.661235251741E-05));
#8302 = CARTESIAN_POINT('',(4.141176842431,2.627073444978E-05));
#8303 = CARTESIAN_POINT('',(4.069787350251,2.262936597085E-05));
#8304 = CARTESIAN_POINT('',(3.998395691602,8.139248457652E-06));
#8305 = CARTESIAN_POINT('',(3.926992390622,-4.065156424048E-06));
#8306 = CARTESIAN_POINT('',(3.855579647835,8.121377219424E-06));
#8307 = CARTESIAN_POINT('',(3.784177488625,2.234909478975E-05));
#8308 = CARTESIAN_POINT('',(3.712786472111,2.573653931046E-05));
#8309 = CARTESIAN_POINT('',(3.64139742991,1.614621318016E-05));
#8310 = CARTESIAN_POINT('',(3.569998872743,1.613827738228E-08));
#8311 = CARTESIAN_POINT('',(3.498584719936,-2.419675958341E-07));
#8312 = CARTESIAN_POINT('',(3.427173911527,1.502693991829E-05));
#8313 = CARTESIAN_POINT('',(3.355776939008,2.387424012299E-05));
#8314 = CARTESIAN_POINT('',(3.284387282,2.081911849682E-05));
#8315 = CARTESIAN_POINT('',(3.212993203732,7.185009819009E-06));
#8316 = CARTESIAN_POINT('',(3.165393812646,7.538799258156E-07));
#8317 = CARTESIAN_POINT('',(3.14159265359,0.));
#8318 = ( GEOMETRIC_REPRESENTATION_CONTEXT(2) 
PARAMETRIC_REPRESENTATION_CONTEXT() REPRESENTATION_CONTEXT('2D SPACE',''
  ) );
#8319 = PCURVE('',#568,#8320);
#8320 = DEFINITIONAL_REPRESENTATION('',(#8321),#8347);
#8321 = B_SPLINE_CURVE_WITH_KNOTS('',3,(#8322,#8323,#8324,#8325,#8326,
    #8327,#8328,#8329,#8330,#8331,#8332,#8333,#8334,#8335,#8336,#8337,
    #8338,#8339,#8340,#8341,#8342,#8343,#8344,#8345,#8346),
  .UNSPECIFIED.,.F.,.F.,(4,1,1,1,1,1,1,1,1,1,1,1,1,1,1,1,1,1,1,1,1,1,4),
  (1.570796326795,1.642196159831,1.713595992867,1.784995825903,
    1.856395658939,1.927795491976,1.999195325012,2.070595158048,
    2.141994991084,2.21339482412,2.284794657156,2.356194490192,
    2.427594323228,2.498994156265,2.570393989301,2.641793822337,
    2.713193655373,2.784593488409,2.855993321445,2.927393154481,
    2.998792987518,3.070192820554,3.14159265359),.QUASI_UNIFORM_KNOTS.);
#8322 = CARTESIAN_POINT('',(3.14159265359,34.6));
#8323 = CARTESIAN_POINT('',(3.117792709244,34.619040103655));
#8324 = CARTESIAN_POINT('',(3.070192820554,34.65711978813));
#8325 = CARTESIAN_POINT('',(2.998792987518,34.713948665418));
#8326 = CARTESIAN_POINT('',(2.927393154481,34.770196773909));
#8327 = CARTESIAN_POINT('',(2.855993321445,34.825577628801));
#8328 = CARTESIAN_POINT('',(2.784593488409,34.879808983726));
#8329 = CARTESIAN_POINT('',(2.713193655373,34.932614498372));
#8330 = CARTESIAN_POINT('',(2.641793822337,34.983725085196));
#8331 = CARTESIAN_POINT('',(2.570393989301,35.0328802971));
#8332 = CARTESIAN_POINT('',(2.498994156265,35.079829650192));
#8333 = CARTESIAN_POINT('',(2.427594323228,35.124333901386));
#8334 = CARTESIAN_POINT('',(2.356194490192,35.166166267201));
#8335 = CARTESIAN_POINT('',(2.284794657156,35.205113579505));
#8336 = CARTESIAN_POINT('',(2.21339482412,35.240977371678));
#8337 = CARTESIAN_POINT('',(2.141994991084,35.273574890218));
#8338 = CARTESIAN_POINT('',(2.070595158048,35.302740025039));
#8339 = CARTESIAN_POINT('',(1.999195325012,35.32832415955));
#8340 = CARTESIAN_POINT('',(1.927795491976,35.350196914462));
#8341 = CARTESIAN_POINT('',(1.856395658939,35.368246862601));
#8342 = CARTESIAN_POINT('',(1.784995825903,35.382381908484));
#8343 = CARTESIAN_POINT('',(1.713595992867,35.392530460127));
#8344 = CARTESIAN_POINT('',(1.642196159831,35.398639172039));
#8345 = CARTESIAN_POINT('',(1.59459627114,35.400001725244));
#8346 = CARTESIAN_POINT('',(1.570796326795,35.4));
#8347 = ( GEOMETRIC_REPRESENTATION_CONTEXT(2) 
PARAMETRIC_REPRESENTATION_CONTEXT() REPRESENTATION_CONTEXT('2D SPACE',''
  ) );
#8348 = ORIENTED_EDGE('',*,*,#8212,.T.);
#8349 = ORIENTED_EDGE('',*,*,#5257,.T.);
#8350 = ADVANCED_FACE('',(#8351),#568,.F.);
#8351 = FACE_BOUND('',#8352,.F.);
#8352 = EDGE_LOOP('',(#8353,#8354,#8376,#8377));
#8353 = ORIENTED_EDGE('',*,*,#5328,.F.);
#8354 = ORIENTED_EDGE('',*,*,#8355,.T.);
#8355 = EDGE_CURVE('',#5329,#524,#8356,.T.);
#8356 = SURFACE_CURVE('',#8357,(#8362,#8369),.PCURVE_S1.);
#8357 = CIRCLE('',#8358,2.4);
#8358 = AXIS2_PLACEMENT_3D('',#8359,#8360,#8361);
#8359 = CARTESIAN_POINT('',(41.6,31.4,2.4));
#8360 = DIRECTION('',(0.,1.,0.));
#8361 = DIRECTION('',(0.,-0.,1.));
#8362 = PCURVE('',#568,#8363);
#8363 = DEFINITIONAL_REPRESENTATION('',(#8364),#8368);
#8364 = LINE('',#8365,#8366);
#8365 = CARTESIAN_POINT('',(8.881784197001E-16,31.4));
#8366 = VECTOR('',#8367,1.);
#8367 = DIRECTION('',(1.,0.));
#8368 = ( GEOMETRIC_REPRESENTATION_CONTEXT(2) 
PARAMETRIC_REPRESENTATION_CONTEXT() REPRESENTATION_CONTEXT('2D SPACE',''
  ) );
#8369 = PCURVE('',#540,#8370);
#8370 = DEFINITIONAL_REPRESENTATION('',(#8371),#8375);
#8371 = LINE('',#8372,#8373);
#8372 = CARTESIAN_POINT('',(4.712388980385,4.712388980385));
#8373 = VECTOR('',#8374,1.);
#8374 = DIRECTION('',(0.,-1.));
#8375 = ( GEOMETRIC_REPRESENTATION_CONTEXT(2) 
PARAMETRIC_REPRESENTATION_CONTEXT() REPRESENTATION_CONTEXT('2D SPACE',''
  ) );
#8376 = ORIENTED_EDGE('',*,*,#552,.T.);
#8377 = ORIENTED_EDGE('',*,*,#8283,.T.);
#8378 = ADVANCED_FACE('',(#8379),#540,.F.);
#8379 = FACE_BOUND('',#8380,.F.);
#8380 = EDGE_LOOP('',(#8381,#8382,#8404,#8405));
#8381 = ORIENTED_EDGE('',*,*,#5404,.F.);
#8382 = ORIENTED_EDGE('',*,*,#8383,.T.);
#8383 = EDGE_CURVE('',#5405,#496,#8384,.T.);
#8384 = SURFACE_CURVE('',#8385,(#8390,#8397),.PCURVE_S1.);
#8385 = CIRCLE('',#8386,2.4);
#8386 = AXIS2_PLACEMENT_3D('',#8387,#8388,#8389);
#8387 = CARTESIAN_POINT('',(51.615667421878,26.119190488725,2.4));
#8388 = DIRECTION('',(-0.825126486137,-0.564948034668,
    -3.202300992291E-15));
#8389 = DIRECTION('',(0.564948034668,-0.825126486137,-1.972152263053E-31
    ));
#8390 = PCURVE('',#540,#8391);
#8391 = DEFINITIONAL_REPRESENTATION('',(#8392),#8396);
#8392 = LINE('',#8393,#8394);
#8393 = CARTESIAN_POINT('',(2.541222379992,6.28318530718));
#8394 = VECTOR('',#8395,1.);
#8395 = DIRECTION('',(2.827159716856E-15,-1.));
#8396 = ( GEOMETRIC_REPRESENTATION_CONTEXT(2) 
PARAMETRIC_REPRESENTATION_CONTEXT() REPRESENTATION_CONTEXT('2D SPACE',''
  ) );
#8397 = PCURVE('',#511,#8398);
#8398 = DEFINITIONAL_REPRESENTATION('',(#8399),#8403);
#8399 = LINE('',#8400,#8401);
#8400 = CARTESIAN_POINT('',(4.440892098501E-16,-57.34543962315));
#8401 = VECTOR('',#8402,1.);
#8402 = DIRECTION('',(1.,0.));
#8403 = ( GEOMETRIC_REPRESENTATION_CONTEXT(2) 
PARAMETRIC_REPRESENTATION_CONTEXT() REPRESENTATION_CONTEXT('2D SPACE',''
  ) );
#8404 = ORIENTED_EDGE('',*,*,#523,.T.);
#8405 = ORIENTED_EDGE('',*,*,#8355,.F.);
#8406 = ADVANCED_FACE('',(#8407),#511,.F.);
#8407 = FACE_BOUND('',#8408,.F.);
#8408 = EDGE_LOOP('',(#8409,#8410,#8453,#8454));
#8409 = ORIENTED_EDGE('',*,*,#5482,.F.);
#8410 = ORIENTED_EDGE('',*,*,#8411,.F.);
#8411 = EDGE_CURVE('',#473,#5483,#8412,.T.);
#8412 = SURFACE_CURVE('',#8413,(#8418,#8447),.PCURVE_S1.);
#8413 = ELLIPSE('',#8414,2.839397341263,2.4);
#8414 = AXIS2_PLACEMENT_3D('',#8415,#8416,#8417);
#8415 = CARTESIAN_POINT('',(54.6,28.162504881287,2.4));
#8416 = DIRECTION('',(0.999330061164,3.659820834491E-02,
    2.240993935206E-18));
#8417 = DIRECTION('',(3.659820834491E-02,-0.999330061164,
    -2.407412430484E-35));
#8418 = PCURVE('',#511,#8419);
#8419 = DEFINITIONAL_REPRESENTATION('',(#8420),#8446);
#8420 = B_SPLINE_CURVE_WITH_KNOTS('',3,(#8421,#8422,#8423,#8424,#8425,
    #8426,#8427,#8428,#8429,#8430,#8431,#8432,#8433,#8434,#8435,#8436,
    #8437,#8438,#8439,#8440,#8441,#8442,#8443,#8444,#8445),
  .UNSPECIFIED.,.F.,.F.,(4,1,1,1,1,1,1,1,1,1,1,1,1,1,1,1,1,1,1,1,1,1,4),
  (1.570796326795,1.642196159831,1.713595992867,1.784995825903,
    1.856395658939,1.927795491976,1.999195325012,2.070595158048,
    2.141994991084,2.21339482412,2.284794657156,2.356194490192,
    2.427594323228,2.498994156265,2.570393989301,2.641793822337,
    2.713193655373,2.784593488409,2.855993321445,2.927393154481,
    2.998792987518,3.070192820554,3.14159265359),.QUASI_UNIFORM_KNOTS.);
#8421 = CARTESIAN_POINT('',(4.712388980385,-60.96225792708));
#8422 = CARTESIAN_POINT('',(4.688589036039,-60.99836969091));
#8423 = CARTESIAN_POINT('',(4.640989147349,-61.07059222695));
#8424 = CARTESIAN_POINT('',(4.569589314312,-61.17837478067));
#8425 = CARTESIAN_POINT('',(4.498189481276,-61.28505583905));
#8426 = CARTESIAN_POINT('',(4.42678964824,-61.39009205044));
#8427 = CARTESIAN_POINT('',(4.355389815204,-61.49294810189));
#8428 = CARTESIAN_POINT('',(4.283989982168,-61.59309988195));
#8429 = CARTESIAN_POINT('',(4.212590149132,-61.69003703492));
#8430 = CARTESIAN_POINT('',(4.141190316096,-61.78326559266));
#8431 = CARTESIAN_POINT('',(4.069790483059,-61.87231048346));
#8432 = CARTESIAN_POINT('',(3.998390650023,-61.95671795505));
#8433 = CARTESIAN_POINT('',(3.926990816987,-62.03605788629));
#8434 = CARTESIAN_POINT('',(3.855590983951,-62.10992597908));
#8435 = CARTESIAN_POINT('',(3.784191150915,-62.17794581849));
#8436 = CARTESIAN_POINT('',(3.712791317879,-62.2397707913));
#8437 = CARTESIAN_POINT('',(3.641391484843,-62.29508585049));
#8438 = CARTESIAN_POINT('',(3.569991651807,-62.34360912746));
#8439 = CARTESIAN_POINT('',(3.49859181877,-62.38509334277));
#8440 = CARTESIAN_POINT('',(3.427191985734,-62.41932716188));
#8441 = CARTESIAN_POINT('',(3.355792152698,-62.44613591502));
#8442 = CARTESIAN_POINT('',(3.284392319662,-62.46538381969));
#8443 = CARTESIAN_POINT('',(3.212992486626,-62.47696969999));
#8444 = CARTESIAN_POINT('',(3.165392597935,-62.4795539401));
#8445 = CARTESIAN_POINT('',(3.14159265359,-62.47955066798));
#8446 = ( GEOMETRIC_REPRESENTATION_CONTEXT(2) 
PARAMETRIC_REPRESENTATION_CONTEXT() REPRESENTATION_CONTEXT('2D SPACE',''
  ) );
#8447 = PCURVE('',#5590,#8448);
#8448 = DEFINITIONAL_REPRESENTATION('',(#8449),#8452);
#8449 = B_SPLINE_CURVE_WITH_KNOTS('',1,(#8450,#8451),.UNSPECIFIED.,.F.,
  .F.,(2,2),(1.570796326795,3.14159265359),.PIECEWISE_BEZIER_KNOTS.);
#8450 = CARTESIAN_POINT('',(4.712388980385,1.000567992378));
#8451 = CARTESIAN_POINT('',(3.14159265359,1.));
#8452 = ( GEOMETRIC_REPRESENTATION_CONTEXT(2) 
PARAMETRIC_REPRESENTATION_CONTEXT() REPRESENTATION_CONTEXT('2D SPACE',''
  ) );
#8453 = ORIENTED_EDGE('',*,*,#495,.T.);
#8454 = ORIENTED_EDGE('',*,*,#8383,.F.);
#8455 = ADVANCED_FACE('',(#8456),#5590,.F.);
#8456 = FACE_BOUND('',#8457,.F.);
#8457 = EDGE_LOOP('',(#8458,#8524,#8525));
#8458 = ORIENTED_EDGE('',*,*,#8459,.F.);
#8459 = EDGE_CURVE('',#473,#24,#8460,.T.);
#8460 = SURFACE_CURVE('',#8461,(#8466,#8495),.PCURVE_S1.);
#8461 = ELLIPSE('',#8462,2.839397341263,2.4);
#8462 = AXIS2_PLACEMENT_3D('',#8463,#8464,#8465);
#8463 = CARTESIAN_POINT('',(54.6,28.162504881287,2.4));
#8464 = DIRECTION('',(0.534371402989,-0.845249787736,-5.175662235153E-17
    ));
#8465 = DIRECTION('',(-0.845249787736,-0.534371402989,0.));
#8466 = PCURVE('',#5590,#8467);
#8467 = DEFINITIONAL_REPRESENTATION('',(#8468),#8494);
#8468 = B_SPLINE_CURVE_WITH_KNOTS('',3,(#8469,#8470,#8471,#8472,#8473,
    #8474,#8475,#8476,#8477,#8478,#8479,#8480,#8481,#8482,#8483,#8484,
    #8485,#8486,#8487,#8488,#8489,#8490,#8491,#8492,#8493),
  .UNSPECIFIED.,.F.,.F.,(4,1,1,1,1,1,1,1,1,1,1,1,1,1,1,1,1,1,1,1,1,1,4),
  (1.570796326795,1.642196159831,1.713595992867,1.784995825903,
    1.856395658939,1.927795491976,1.999195325012,2.070595158048,
    2.141994991084,2.21339482412,2.284794657156,2.356194490192,
    2.427594323228,2.498994156265,2.570393989301,2.641793822337,
    2.713193655373,2.784593488409,2.855993321445,2.927393154481,
    2.998792987518,3.070192820554,3.14159265359),.QUASI_UNIFORM_KNOTS.);
#8469 = CARTESIAN_POINT('',(4.712388980385,1.320880547584E-05));
#8470 = CARTESIAN_POINT('',(4.68858846435,6.059314910758E-06));
#8471 = CARTESIAN_POINT('',(4.640985784967,9.4257152257E-06));
#8472 = CARTESIAN_POINT('',(4.569580867934,3.717385719893E-05));
#8473 = CARTESIAN_POINT('',(4.49818132243,4.517140500523E-05));
#8474 = CARTESIAN_POINT('',(4.426785628652,3.349958789333E-05));
#8475 = CARTESIAN_POINT('',(4.355390309566,6.73472334522E-06));
#8476 = CARTESIAN_POINT('',(4.283989434445,-6.754128534474E-06));
#8477 = CARTESIAN_POINT('',(4.212587936221,-2.697016437489E-06));
#8478 = CARTESIAN_POINT('',(4.14119082713,-1.285924861317E-06));
#8479 = CARTESIAN_POINT('',(4.069789638513,3.521603334655E-06));
#8480 = CARTESIAN_POINT('',(3.998389786937,3.928884013507E-06));
#8481 = CARTESIAN_POINT('',(3.926991687717,-1.561386177122E-06));
#8482 = CARTESIAN_POINT('',(3.85558836412,2.316660595343E-06));
#8483 = CARTESIAN_POINT('',(3.784190321514,1.434775925179E-06));
#8484 = CARTESIAN_POINT('',(3.712791733142,-8.184399602838E-07));
#8485 = CARTESIAN_POINT('',(3.641389051301,3.523988841722E-06));
#8486 = CARTESIAN_POINT('',(3.569992058093,2.628110318475E-07));
#8487 = CARTESIAN_POINT('',(3.498591056377,2.444998596413E-07));
#8488 = CARTESIAN_POINT('',(3.427190407537,3.363894296468E-06));
#8489 = CARTESIAN_POINT('',(3.355792966237,-9.092353511657E-07));
#8490 = CARTESIAN_POINT('',(3.284391017905,1.688087280976E-06));
#8491 = CARTESIAN_POINT('',(3.212992181911,2.090333102671E-06));
#8492 = CARTESIAN_POINT('',(3.165392602918,1.154390308552E-06));
#8493 = CARTESIAN_POINT('',(3.14159265359,0.));
#8494 = ( GEOMETRIC_REPRESENTATION_CONTEXT(2) 
PARAMETRIC_REPRESENTATION_CONTEXT() REPRESENTATION_CONTEXT('2D SPACE',''
  ) );
#8495 = PCURVE('',#72,#8496);
#8496 = DEFINITIONAL_REPRESENTATION('',(#8497),#8523);
#8497 = B_SPLINE_CURVE_WITH_KNOTS('',3,(#8498,#8499,#8500,#8501,#8502,
    #8503,#8504,#8505,#8506,#8507,#8508,#8509,#8510,#8511,#8512,#8513,
    #8514,#8515,#8516,#8517,#8518,#8519,#8520,#8521,#8522),
  .UNSPECIFIED.,.F.,.F.,(4,1,1,1,1,1,1,1,1,1,1,1,1,1,1,1,1,1,1,1,1,1,4),
  (1.570796326795,1.642196159831,1.713595992867,1.784995825903,
    1.856395658939,1.927795491976,1.999195325012,2.070595158048,
    2.141994991084,2.21339482412,2.284794657156,2.356194490192,
    2.427594323228,2.498994156265,2.570393989301,2.641793822337,
    2.713193655373,2.784593488409,2.855993321445,2.927393154481,
    2.998792987518,3.070192820554,3.14159265359),.QUASI_UNIFORM_KNOTS.);
#8498 = CARTESIAN_POINT('',(4.712388980385,28.162504881287));
#8499 = CARTESIAN_POINT('',(4.688589036039,28.198616645114));
#8500 = CARTESIAN_POINT('',(4.640989147349,28.270839181151));
#8501 = CARTESIAN_POINT('',(4.569589314312,28.378621734879));
#8502 = CARTESIAN_POINT('',(4.498189481276,28.485302793256));
#8503 = CARTESIAN_POINT('',(4.42678964824,28.590339004647));
#8504 = CARTESIAN_POINT('',(4.355389815204,28.693195056092));
#8505 = CARTESIAN_POINT('',(4.283989982168,28.793346836157));
#8506 = CARTESIAN_POINT('',(4.212590149132,28.890283989121));
#8507 = CARTESIAN_POINT('',(4.141190316096,28.983512546869));
#8508 = CARTESIAN_POINT('',(4.06979048306,29.072557437665));
#8509 = CARTESIAN_POINT('',(3.998390650023,29.156964909259));
#8510 = CARTESIAN_POINT('',(3.926990816987,29.236304840491));
#8511 = CARTESIAN_POINT('',(3.855590983951,29.310172933287));
#8512 = CARTESIAN_POINT('',(3.784191150915,29.378192772693));
#8513 = CARTESIAN_POINT('',(3.712791317879,29.440017745508));
#8514 = CARTESIAN_POINT('',(3.641391484843,29.495332804696));
#8515 = CARTESIAN_POINT('',(3.569991651807,29.543856081667));
#8516 = CARTESIAN_POINT('',(3.49859181877,29.58534029698));
#8517 = CARTESIAN_POINT('',(3.427191985734,29.619574116086));
#8518 = CARTESIAN_POINT('',(3.355792152698,29.646382869223));
#8519 = CARTESIAN_POINT('',(3.284392319662,29.665630773897));
#8520 = CARTESIAN_POINT('',(3.212992486626,29.677216654198));
#8521 = CARTESIAN_POINT('',(3.165392597935,29.679800894307));
#8522 = CARTESIAN_POINT('',(3.14159265359,29.679797622181));
#8523 = ( GEOMETRIC_REPRESENTATION_CONTEXT(2) 
PARAMETRIC_REPRESENTATION_CONTEXT() REPRESENTATION_CONTEXT('2D SPACE',''
  ) );
#8524 = ORIENTED_EDGE('',*,*,#8411,.T.);
#8525 = ORIENTED_EDGE('',*,*,#5575,.T.);
#8526 = ADVANCED_FACE('',(#8527),#72,.F.);
#8527 = FACE_BOUND('',#8528,.F.);
#8528 = EDGE_LOOP('',(#8529,#8530,#8531,#8532));
#8529 = ORIENTED_EDGE('',*,*,#56,.T.);
#8530 = ORIENTED_EDGE('',*,*,#7142,.T.);
#8531 = ORIENTED_EDGE('',*,*,#472,.F.);
#8532 = ORIENTED_EDGE('',*,*,#8459,.T.);
#8533 = ( GEOMETRIC_REPRESENTATION_CONTEXT(3) 
GLOBAL_UNCERTAINTY_ASSIGNED_CONTEXT((#8537)) 
GLOBAL_UNIT_ASSIGNED_CONTEXT((#8534,#8535,#8536)) REPRESENTATION_CONTEXT
('Context #1','3D Context with UNIT and UNCERTAINTY') );
#8534 = ( LENGTH_UNIT() NAMED_UNIT(*) SI_UNIT(.MILLI.,.METRE.) );
#8535 = ( NAMED_UNIT(*) PLANE_ANGLE_UNIT() SI_UNIT($,.RADIAN.) );
#8536 = ( NAMED_UNIT(*) SI_UNIT($,.STERADIAN.) SOLID_ANGLE_UNIT() );
#8537 = UNCERTAINTY_MEASURE_WITH_UNIT(LENGTH_MEASURE(1.E-04),#8534,
  'distance_accuracy_value','confusion accuracy');
#8538 = PRODUCT_RELATED_PRODUCT_CATEGORY('part',$,(#7));
ENDSEC;
END-ISO-10303-21;
