ISO-10303-21;
HEADER;
/* Generated by software containing ST-Developer
 * from STEP Tools, Inc. (www.steptools.com) 
 */
/* OPTION: using custom renumber hook */

FILE_DESCRIPTION(
/* description */ ('STEP AP242 Edition 2',
'CAx-IF Rec.Pracs.---Representation and Presentation of Product Manufa
cturing Information (PMI)---4.0---2014-10-13',
'CAx-IF Rec.Pracs.---3D Tessellated Geometry---0.4---2014-09-14','2;1',
'CAx-IF Rec.Pracs.---User Defined Attributes---1.5---2016-08-15'),
/* implementation_level */ '2;1');

FILE_NAME(
/* name */ 'Lite - 3DP-Box-Body',
/* time_stamp */ '2026-09-01T03:46:50Z',
/* author */ (''),
/* organization */ (''),
/* preprocessor_version */ 'ST-DEVELOPER v20',
/* originating_system */ 'ONSHAPE BY PTC INC, 1.220',
/* authorisation */ '  ');

FILE_SCHEMA (('AP242_MANAGED_MODEL_BASED_3D_ENGINEERING_MIM_LF { 1 0 10303 442 3 1 4 }'));
ENDSEC;

DATA;
#10=SHAPE_REPRESENTATION_RELATIONSHIP('','',#4408,#11);
#11=ADVANCED_BREP_SHAPE_REPRESENTATION('',(#4406),#7436);
#12=CONICAL_SURFACE('',#4822,0.0012,0.785398163397449);
#13=CONICAL_SURFACE('',#4824,0.0012,0.785398163397449);
#14=CONICAL_SURFACE('',#4826,0.0012,0.785398163397449);
#15=CONICAL_SURFACE('',#4828,0.0012,0.785398163397449);
#16=SPHERICAL_SURFACE('',#4760,0.002);
#17=SPHERICAL_SURFACE('',#4764,0.002);
#18=SPHERICAL_SURFACE('',#4768,0.002);
#19=SPHERICAL_SURFACE('',#4772,0.002);
#20=SPHERICAL_SURFACE('',#4776,0.002);
#21=SPHERICAL_SURFACE('',#4780,0.002);
#22=SPHERICAL_SURFACE('',#4784,0.002);
#23=SPHERICAL_SURFACE('',#4788,0.002);
#24=SPHERICAL_SURFACE('',#4792,0.002);
#25=SPHERICAL_SURFACE('',#4796,0.002);
#26=TOROIDAL_SURFACE('',#4725,0.0174,0.0016);
#27=TOROIDAL_SURFACE('',#4766,0.006,0.002);
#28=TOROIDAL_SURFACE('',#4774,0.006,0.002);
#29=TOROIDAL_SURFACE('',#4782,0.006,0.002);
#30=TOROIDAL_SURFACE('',#4790,0.006,0.002);
#31=B_SPLINE_CURVE_WITH_KNOTS('',3,(#7090,#7091,#7092,#7093,#7094),
 .UNSPECIFIED.,.F.,.F.,(4,1,4),(0.,0.0013438666266978,0.00268773325339559),
 .UNSPECIFIED.);
#32=B_SPLINE_CURVE_WITH_KNOTS('',3,(#7099,#7100,#7101,#7102,#7103),
 .UNSPECIFIED.,.F.,.F.,(4,1,4),(2.3635607360184E-17,0.00134409114513926,
0.0026881822902785),.UNSPECIFIED.);
#33=B_SPLINE_CURVE_WITH_KNOTS('',3,(#7106,#7107,#7108,#7109,#7110),
 .UNSPECIFIED.,.F.,.F.,(4,1,4),(0.,0.0013365797780279,0.00267315955605581),
 .UNSPECIFIED.);
#34=B_SPLINE_CURVE_WITH_KNOTS('',3,(#7112,#7113,#7114,#7115,#7116),
 .UNSPECIFIED.,.F.,.F.,(4,1,4),(0.,0.00133676812935602,0.00267353625871205),
 .UNSPECIFIED.);
#35=B_SPLINE_CURVE_WITH_KNOTS('',3,(#7121,#7122,#7123,#7124,#7125),
 .UNSPECIFIED.,.F.,.F.,(4,1,4),(0.,0.0013438666266978,0.00268773325339561),
 .UNSPECIFIED.);
#36=B_SPLINE_CURVE_WITH_KNOTS('',3,(#7127,#7128,#7129,#7130,#7131),
 .UNSPECIFIED.,.F.,.F.,(4,1,4),(0.,0.00134409114513924,0.00268818229027849),
 .UNSPECIFIED.);
#37=B_SPLINE_CURVE_WITH_KNOTS('',3,(#7140,#7141,#7142,#7143,#7144),
 .UNSPECIFIED.,.F.,.F.,(4,1,4),(0.,0.0013365797780279,0.00267315955605581),
 .UNSPECIFIED.);
#38=B_SPLINE_CURVE_WITH_KNOTS('',3,(#7146,#7147,#7148,#7149,#7150),
 .UNSPECIFIED.,.F.,.F.,(4,1,4),(0.,0.00133676812935603,0.00267353625871207),
 .UNSPECIFIED.);
#39=B_SPLINE_CURVE_WITH_KNOTS('',3,(#7154,#7155,#7156,#7157,#7158),
 .UNSPECIFIED.,.F.,.F.,(4,1,4),(0.,0.00134386662669781,0.00268773325339563),
 .UNSPECIFIED.);
#40=B_SPLINE_CURVE_WITH_KNOTS('',3,(#7160,#7161,#7162,#7163,#7164),
 .UNSPECIFIED.,.F.,.F.,(4,1,4),(0.,0.00134409114513925,0.0026881822902785),
 .UNSPECIFIED.);
#41=B_SPLINE_CURVE_WITH_KNOTS('',3,(#7171,#7172,#7173,#7174,#7175),
 .UNSPECIFIED.,.F.,.F.,(4,1,4),(0.,0.0013365797780279,0.0026731595560558),
 .UNSPECIFIED.);
#42=B_SPLINE_CURVE_WITH_KNOTS('',3,(#7177,#7178,#7179,#7180,#7181),
 .UNSPECIFIED.,.F.,.F.,(4,1,4),(0.,0.00133676812935604,0.00267353625871207),
 .UNSPECIFIED.);
#43=B_SPLINE_CURVE_WITH_KNOTS('',3,(#7188,#7189,#7190,#7191,#7192),
 .UNSPECIFIED.,.F.,.F.,(4,1,4),(0.,0.00134386662669781,0.00268773325339563),
 .UNSPECIFIED.);
#44=B_SPLINE_CURVE_WITH_KNOTS('',3,(#7194,#7195,#7196,#7197,#7198),
 .UNSPECIFIED.,.F.,.F.,(4,1,4),(0.,0.00134409114513925,0.0026881822902785),
 .UNSPECIFIED.);
#45=B_SPLINE_CURVE_WITH_KNOTS('',3,(#7205,#7206,#7207,#7208,#7209),
 .UNSPECIFIED.,.F.,.F.,(4,1,4),(0.,0.0013365797780279,0.0026731595560558),
 .UNSPECIFIED.);
#46=B_SPLINE_CURVE_WITH_KNOTS('',3,(#7210,#7211,#7212,#7213,#7214),
 .UNSPECIFIED.,.F.,.F.,(4,1,4),(0.,0.00133676812935604,0.00267353625871208),
 .UNSPECIFIED.);
#47=B_SPLINE_CURVE_WITH_KNOTS('',3,(#7279,#7280,#7281,#7282,#7283),
 .UNSPECIFIED.,.F.,.F.,(4,1,4),(0.00227641503274723,0.00323542037330154,
0.00419442571385586),.UNSPECIFIED.);
#48=B_SPLINE_CURVE_WITH_KNOTS('',3,(#7285,#7286,#7287,#7288,#7289),
 .UNSPECIFIED.,.F.,.F.,(4,1,4),(0.00227641503274719,0.00323542037330145,
0.00419442571385571),.UNSPECIFIED.);
#49=B_SPLINE_CURVE_WITH_KNOTS('',3,(#7343,#7344,#7345,#7346,#7347),
 .UNSPECIFIED.,.F.,.F.,(4,1,4),(0.,0.00234131238943249,0.00468262477886499),
 .UNSPECIFIED.);
#50=B_SPLINE_CURVE_WITH_KNOTS('',3,(#7388,#7389,#7390,#7391,#7392),
 .UNSPECIFIED.,.F.,.F.,(4,1,4),(0.,0.00234131238943249,0.00468262477886498),
 .UNSPECIFIED.);
#51=ELLIPSE('',#4480,0.0411786206469044,0.0356617315730216);
#52=ELLIPSE('',#4482,0.0398722261174192,0.0345303607231224);
#53=ELLIPSE('',#4483,0.0411786206469045,0.0356617315730217);
#54=ELLIPSE('',#4485,0.0398722261174187,0.0345303607231219);
#55=ELLIPSE('',#4486,0.0411786206469043,0.0356617315730215);
#56=ELLIPSE('',#4488,0.0398722261174191,0.0345303607231223);
#57=ELLIPSE('',#4490,0.0411786206469046,0.0356617315730218);
#58=ELLIPSE('',#4492,0.0398722261174191,0.0345303607231223);
#59=ELLIPSE('',#4493,0.0411786206469044,0.0356617315730216);
#60=ELLIPSE('',#4495,0.0398722261174187,0.0345303607231219);
#61=ELLIPSE('',#4498,0.0411786206469047,0.0356617315730218);
#62=ELLIPSE('',#4500,0.0398722261174191,0.0345303607231223);
#63=ELLIPSE('',#4501,0.0411786206469045,0.0356617315730216);
#64=ELLIPSE('',#4503,0.0398722261174187,0.0345303607231219);
#65=ELLIPSE('',#4505,0.0411786206469044,0.0356617315730216);
#66=ELLIPSE('',#4507,0.0398722261174192,0.0345303607231224);
#67=ELLIPSE('',#4508,0.0411786206469045,0.0356617315730217);
#68=ELLIPSE('',#4510,0.0398722261174187,0.0345303607231219);
#69=ELLIPSE('',#4511,0.0411786206469043,0.0356617315730215);
#70=ELLIPSE('',#4513,0.0398722261174191,0.0345303607231223);
#71=ELLIPSE('',#4663,0.0398722261174191,0.0345303607231223);
#72=ELLIPSE('',#4664,0.0411786206469042,0.0356617315730215);
#73=ELLIPSE('',#4666,0.0398722261174191,0.0345303607231223);
#74=ELLIPSE('',#4667,0.0411786206469043,0.0356617315730215);
#75=ELLIPSE('',#4807,0.00565685424949238,0.004);
#76=ELLIPSE('',#4809,0.00565685424949238,0.004);
#77=CIRCLE('',#4413,0.002);
#78=CIRCLE('',#4414,0.002);
#79=CIRCLE('',#4416,0.002);
#80=CIRCLE('',#4417,0.002);
#81=CIRCLE('',#4422,0.0356617315730215);
#82=CIRCLE('',#4424,0.0345303607231223);
#83=CIRCLE('',#4425,0.0356617315730216);
#84=CIRCLE('',#4427,0.0345303607231219);
#85=CIRCLE('',#4428,0.0356617315730215);
#86=CIRCLE('',#4430,0.0345303607231224);
#87=CIRCLE('',#4431,0.0356617315730217);
#88=CIRCLE('',#4433,0.019);
#89=CIRCLE('',#4434,0.019);
#90=CIRCLE('',#4435,0.019);
#91=CIRCLE('',#4436,0.019);
#92=CIRCLE('',#4437,0.019);
#93=CIRCLE('',#4438,0.019);
#94=CIRCLE('',#4439,0.019);
#95=CIRCLE('',#4440,0.019);
#96=CIRCLE('',#4442,0.0356617315730217);
#97=CIRCLE('',#4443,0.0345303607231224);
#98=CIRCLE('',#4445,0.0356617315730215);
#99=CIRCLE('',#4446,0.0345303607231219);
#100=CIRCLE('',#4448,0.0356617315730216);
#101=CIRCLE('',#4449,0.0345303607231223);
#102=CIRCLE('',#4451,0.0356617315730215);
#103=CIRCLE('',#4454,0.019);
#104=CIRCLE('',#4456,0.019);
#105=CIRCLE('',#4458,0.019);
#106=CIRCLE('',#4460,0.019);
#107=CIRCLE('',#4461,0.019);
#108=CIRCLE('',#4462,0.019);
#109=CIRCLE('',#4463,0.019);
#110=CIRCLE('',#4464,0.019);
#111=CIRCLE('',#4466,0.006);
#112=CIRCLE('',#4467,0.006);
#113=CIRCLE('',#4468,0.006);
#114=CIRCLE('',#4469,0.006);
#115=CIRCLE('',#4471,0.0016);
#116=CIRCLE('',#4472,0.0016);
#117=CIRCLE('',#4515,0.0016);
#118=CIRCLE('',#4516,0.0016);
#119=CIRCLE('',#4517,0.0016);
#120=CIRCLE('',#4518,0.0187856406460551);
#121=CIRCLE('',#4519,0.0016);
#122=CIRCLE('',#4522,0.00105);
#123=CIRCLE('',#4523,0.0024);
#124=CIRCLE('',#4524,0.002);
#125=CIRCLE('',#4525,0.004);
#126=CIRCLE('',#4526,0.002);
#127=CIRCLE('',#4530,0.0015);
#128=CIRCLE('',#4531,0.0015);
#129=CIRCLE('',#4532,0.0015);
#130=CIRCLE('',#4533,0.0015);
#131=CIRCLE('',#4534,0.0015);
#132=CIRCLE('',#4535,0.0015);
#133=CIRCLE('',#4536,0.0015);
#134=CIRCLE('',#4537,0.0015);
#135=CIRCLE('',#4538,0.0015);
#136=CIRCLE('',#4539,0.0015);
#137=CIRCLE('',#4540,0.0015);
#138=CIRCLE('',#4541,0.0015);
#139=CIRCLE('',#4542,0.0015);
#140=CIRCLE('',#4543,0.0015);
#141=CIRCLE('',#4544,0.0015);
#142=CIRCLE('',#4545,0.0015);
#143=CIRCLE('',#4546,0.0015);
#144=CIRCLE('',#4548,0.0015);
#145=CIRCLE('',#4549,0.0015);
#146=CIRCLE('',#4550,0.0015);
#147=CIRCLE('',#4551,0.0015);
#148=CIRCLE('',#4552,0.0015);
#149=CIRCLE('',#4553,0.0015);
#150=CIRCLE('',#4554,0.0015);
#151=CIRCLE('',#4555,0.0015);
#152=CIRCLE('',#4556,0.0015);
#153=CIRCLE('',#4557,0.0015);
#154=CIRCLE('',#4558,0.0015);
#155=CIRCLE('',#4559,0.0015);
#156=CIRCLE('',#4560,0.0015);
#157=CIRCLE('',#4561,0.0015);
#158=CIRCLE('',#4562,0.0015);
#159=CIRCLE('',#4563,0.0015);
#160=CIRCLE('',#4564,0.0015);
#161=CIRCLE('',#4567,0.0024);
#162=CIRCLE('',#4568,0.002);
#163=CIRCLE('',#4569,0.004);
#164=CIRCLE('',#4570,0.002);
#165=CIRCLE('',#4571,0.002);
#166=CIRCLE('',#4572,0.004);
#167=CIRCLE('',#4573,0.002);
#168=CIRCLE('',#4574,0.0024);
#169=CIRCLE('',#4575,0.00105);
#170=CIRCLE('',#4576,0.00105);
#171=CIRCLE('',#4581,0.0012);
#172=CIRCLE('',#4582,0.0012);
#173=CIRCLE('',#4583,0.0012);
#174=CIRCLE('',#4584,0.0012);
#175=CIRCLE('',#4586,0.0024);
#176=CIRCLE('',#4587,0.002);
#177=CIRCLE('',#4588,0.004);
#178=CIRCLE('',#4589,0.002);
#179=CIRCLE('',#4590,0.00105);
#180=CIRCLE('',#4592,0.004);
#181=CIRCLE('',#4594,0.004);
#182=CIRCLE('',#4596,0.004);
#183=CIRCLE('',#4598,0.004);
#184=CIRCLE('',#4600,0.00105);
#185=CIRCLE('',#4603,0.00105);
#186=CIRCLE('',#4606,0.00105);
#187=CIRCLE('',#4609,0.00105);
#188=CIRCLE('',#4621,0.002);
#189=CIRCLE('',#4649,0.002);
#190=CIRCLE('',#4651,0.004);
#191=CIRCLE('',#4654,0.002);
#192=CIRCLE('',#4657,0.004);
#193=CIRCLE('',#4673,0.0345303607231223);
#194=CIRCLE('',#4674,0.0345303607231223);
#195=CIRCLE('',#4698,0.004);
#196=CIRCLE('',#4700,0.0016);
#197=CIRCLE('',#4703,0.0016);
#198=CIRCLE('',#4705,0.004);
#199=CIRCLE('',#4711,0.0016);
#200=CIRCLE('',#4712,0.0174);
#201=CIRCLE('',#4713,0.0016);
#202=CIRCLE('',#4732,0.004);
#203=CIRCLE('',#4733,0.004);
#204=CIRCLE('',#4739,0.002);
#205=CIRCLE('',#4741,0.002);
#206=CIRCLE('',#4743,0.002);
#207=CIRCLE('',#4745,0.002);
#208=CIRCLE('',#4747,0.002);
#209=CIRCLE('',#4749,0.002);
#210=CIRCLE('',#4751,0.002);
#211=CIRCLE('',#4753,0.002);
#212=CIRCLE('',#4755,0.002);
#213=CIRCLE('',#4757,0.002);
#214=CIRCLE('',#4759,0.002);
#215=CIRCLE('',#4761,0.002);
#216=CIRCLE('',#4763,0.002);
#217=CIRCLE('',#4765,0.002);
#218=CIRCLE('',#4767,0.002);
#219=CIRCLE('',#4770,0.002);
#220=CIRCLE('',#4771,0.002);
#221=CIRCLE('',#4773,0.002);
#222=CIRCLE('',#4775,0.002);
#223=CIRCLE('',#4777,0.002);
#224=CIRCLE('',#4779,0.002);
#225=CIRCLE('',#4781,0.002);
#226=CIRCLE('',#4783,0.002);
#227=CIRCLE('',#4785,0.002);
#228=CIRCLE('',#4787,0.002);
#229=CIRCLE('',#4789,0.002);
#230=CIRCLE('',#4791,0.002);
#231=CIRCLE('',#4793,0.002);
#232=CIRCLE('',#4795,0.002);
#233=CIRCLE('',#4797,0.002);
#234=CIRCLE('',#4814,0.0024);
#235=CIRCLE('',#4816,0.0024);
#236=CIRCLE('',#4818,0.0024);
#237=CIRCLE('',#4820,0.0024);
#238=CYLINDRICAL_SURFACE('',#4412,0.002);
#239=CYLINDRICAL_SURFACE('',#4415,0.002);
#240=CYLINDRICAL_SURFACE('',#4432,0.019);
#241=CYLINDRICAL_SURFACE('',#4459,0.019);
#242=CYLINDRICAL_SURFACE('',#4591,0.004);
#243=CYLINDRICAL_SURFACE('',#4593,0.004);
#244=CYLINDRICAL_SURFACE('',#4595,0.004);
#245=CYLINDRICAL_SURFACE('',#4597,0.004);
#246=CYLINDRICAL_SURFACE('',#4599,0.00105);
#247=CYLINDRICAL_SURFACE('',#4602,0.00105);
#248=CYLINDRICAL_SURFACE('',#4605,0.00105);
#249=CYLINDRICAL_SURFACE('',#4608,0.00105);
#250=CYLINDRICAL_SURFACE('',#4631,0.0015);
#251=CYLINDRICAL_SURFACE('',#4632,0.0015);
#252=CYLINDRICAL_SURFACE('',#4633,0.0015);
#253=CYLINDRICAL_SURFACE('',#4634,0.0015);
#254=CYLINDRICAL_SURFACE('',#4635,0.0015);
#255=CYLINDRICAL_SURFACE('',#4636,0.0015);
#256=CYLINDRICAL_SURFACE('',#4637,0.0015);
#257=CYLINDRICAL_SURFACE('',#4638,0.0015);
#258=CYLINDRICAL_SURFACE('',#4639,0.0015);
#259=CYLINDRICAL_SURFACE('',#4640,0.0015);
#260=CYLINDRICAL_SURFACE('',#4641,0.0015);
#261=CYLINDRICAL_SURFACE('',#4642,0.0015);
#262=CYLINDRICAL_SURFACE('',#4643,0.0015);
#263=CYLINDRICAL_SURFACE('',#4644,0.0015);
#264=CYLINDRICAL_SURFACE('',#4645,0.0015);
#265=CYLINDRICAL_SURFACE('',#4646,0.0015);
#266=CYLINDRICAL_SURFACE('',#4647,0.0015);
#267=CYLINDRICAL_SURFACE('',#4672,0.0345303607231223);
#268=CYLINDRICAL_SURFACE('',#4675,0.0356617315730217);
#269=CYLINDRICAL_SURFACE('',#4678,0.0345303607231224);
#270=CYLINDRICAL_SURFACE('',#4680,0.0356617315730215);
#271=CYLINDRICAL_SURFACE('',#4682,0.0345303607231219);
#272=CYLINDRICAL_SURFACE('',#4683,0.0356617315730216);
#273=CYLINDRICAL_SURFACE('',#4687,0.0345303607231223);
#274=CYLINDRICAL_SURFACE('',#4688,0.0356617315730215);
#275=CYLINDRICAL_SURFACE('',#4692,0.0345303607231223);
#276=CYLINDRICAL_SURFACE('',#4695,0.0356617315730218);
#277=CYLINDRICAL_SURFACE('',#4719,0.0016);
#278=CYLINDRICAL_SURFACE('',#4720,0.0016);
#279=CYLINDRICAL_SURFACE('',#4721,0.0016);
#280=CYLINDRICAL_SURFACE('',#4722,0.0016);
#281=CYLINDRICAL_SURFACE('',#4723,0.0016);
#282=CYLINDRICAL_SURFACE('',#4724,0.0016);
#283=CYLINDRICAL_SURFACE('',#4726,0.0016);
#284=CYLINDRICAL_SURFACE('',#4727,0.0016);
#285=CYLINDRICAL_SURFACE('',#4728,0.0016);
#286=CYLINDRICAL_SURFACE('',#4729,0.0016);
#287=CYLINDRICAL_SURFACE('',#4738,0.002);
#288=CYLINDRICAL_SURFACE('',#4740,0.002);
#289=CYLINDRICAL_SURFACE('',#4742,0.002);
#290=CYLINDRICAL_SURFACE('',#4744,0.002);
#291=CYLINDRICAL_SURFACE('',#4746,0.002);
#292=CYLINDRICAL_SURFACE('',#4748,0.002);
#293=CYLINDRICAL_SURFACE('',#4750,0.002);
#294=CYLINDRICAL_SURFACE('',#4752,0.002);
#295=CYLINDRICAL_SURFACE('',#4754,0.002);
#296=CYLINDRICAL_SURFACE('',#4756,0.002);
#297=CYLINDRICAL_SURFACE('',#4758,0.002);
#298=CYLINDRICAL_SURFACE('',#4762,0.002);
#299=CYLINDRICAL_SURFACE('',#4769,0.002);
#300=CYLINDRICAL_SURFACE('',#4778,0.002);
#301=CYLINDRICAL_SURFACE('',#4786,0.002);
#302=CYLINDRICAL_SURFACE('',#4794,0.002);
#303=CYLINDRICAL_SURFACE('',#4798,0.002);
#304=CYLINDRICAL_SURFACE('',#4804,0.0016);
#305=CYLINDRICAL_SURFACE('',#4805,0.0016);
#306=CYLINDRICAL_SURFACE('',#4806,0.004);
#307=CYLINDRICAL_SURFACE('',#4808,0.004);
#308=CYLINDRICAL_SURFACE('',#4810,0.004);
#309=CYLINDRICAL_SURFACE('',#4811,0.004);
#310=CYLINDRICAL_SURFACE('',#4812,0.004);
#311=CYLINDRICAL_SURFACE('',#4813,0.0024);
#312=CYLINDRICAL_SURFACE('',#4815,0.0024);
#313=CYLINDRICAL_SURFACE('',#4817,0.0024);
#314=CYLINDRICAL_SURFACE('',#4819,0.0024);
#315=ORIENTED_EDGE('',*,*,#1563,.F.);
#316=ORIENTED_EDGE('',*,*,#1564,.F.);
#317=ORIENTED_EDGE('',*,*,#1565,.F.);
#318=ORIENTED_EDGE('',*,*,#1566,.T.);
#319=ORIENTED_EDGE('',*,*,#1567,.T.);
#320=ORIENTED_EDGE('',*,*,#1568,.F.);
#321=ORIENTED_EDGE('',*,*,#1569,.F.);
#322=ORIENTED_EDGE('',*,*,#1570,.T.);
#323=ORIENTED_EDGE('',*,*,#1571,.F.);
#324=ORIENTED_EDGE('',*,*,#1572,.T.);
#325=ORIENTED_EDGE('',*,*,#1573,.T.);
#326=ORIENTED_EDGE('',*,*,#1574,.F.);
#327=ORIENTED_EDGE('',*,*,#1575,.F.);
#328=ORIENTED_EDGE('',*,*,#1576,.F.);
#329=ORIENTED_EDGE('',*,*,#1577,.T.);
#330=ORIENTED_EDGE('',*,*,#1572,.F.);
#331=ORIENTED_EDGE('',*,*,#1578,.F.);
#332=ORIENTED_EDGE('',*,*,#1570,.F.);
#333=ORIENTED_EDGE('',*,*,#1579,.F.);
#334=ORIENTED_EDGE('',*,*,#1580,.F.);
#335=ORIENTED_EDGE('',*,*,#1581,.T.);
#336=ORIENTED_EDGE('',*,*,#1582,.T.);
#337=ORIENTED_EDGE('',*,*,#1565,.T.);
#338=ORIENTED_EDGE('',*,*,#1583,.F.);
#339=ORIENTED_EDGE('',*,*,#1584,.F.);
#340=ORIENTED_EDGE('',*,*,#1585,.F.);
#341=ORIENTED_EDGE('',*,*,#1586,.T.);
#342=ORIENTED_EDGE('',*,*,#1567,.F.);
#343=ORIENTED_EDGE('',*,*,#1587,.T.);
#344=ORIENTED_EDGE('',*,*,#1588,.T.);
#345=ORIENTED_EDGE('',*,*,#1589,.T.);
#346=ORIENTED_EDGE('',*,*,#1590,.T.);
#347=ORIENTED_EDGE('',*,*,#1591,.F.);
#348=ORIENTED_EDGE('',*,*,#1592,.F.);
#349=ORIENTED_EDGE('',*,*,#1585,.T.);
#350=ORIENTED_EDGE('',*,*,#1593,.F.);
#351=ORIENTED_EDGE('',*,*,#1581,.F.);
#352=ORIENTED_EDGE('',*,*,#1594,.F.);
#353=ORIENTED_EDGE('',*,*,#1595,.T.);
#354=ORIENTED_EDGE('',*,*,#1596,.T.);
#355=ORIENTED_EDGE('',*,*,#1597,.T.);
#356=ORIENTED_EDGE('',*,*,#1598,.T.);
#357=ORIENTED_EDGE('',*,*,#1599,.T.);
#358=ORIENTED_EDGE('',*,*,#1600,.T.);
#359=ORIENTED_EDGE('',*,*,#1601,.T.);
#360=ORIENTED_EDGE('',*,*,#1602,.T.);
#361=ORIENTED_EDGE('',*,*,#1603,.T.);
#362=ORIENTED_EDGE('',*,*,#1604,.T.);
#363=ORIENTED_EDGE('',*,*,#1605,.T.);
#364=ORIENTED_EDGE('',*,*,#1606,.T.);
#365=ORIENTED_EDGE('',*,*,#1607,.T.);
#366=ORIENTED_EDGE('',*,*,#1608,.T.);
#367=ORIENTED_EDGE('',*,*,#1609,.T.);
#368=ORIENTED_EDGE('',*,*,#1610,.T.);
#369=ORIENTED_EDGE('',*,*,#1611,.T.);
#370=ORIENTED_EDGE('',*,*,#1612,.T.);
#371=ORIENTED_EDGE('',*,*,#1613,.T.);
#372=ORIENTED_EDGE('',*,*,#1614,.T.);
#373=ORIENTED_EDGE('',*,*,#1615,.F.);
#374=ORIENTED_EDGE('',*,*,#1616,.T.);
#375=ORIENTED_EDGE('',*,*,#1617,.T.);
#376=ORIENTED_EDGE('',*,*,#1618,.T.);
#377=ORIENTED_EDGE('',*,*,#1619,.T.);
#378=ORIENTED_EDGE('',*,*,#1620,.T.);
#379=ORIENTED_EDGE('',*,*,#1621,.T.);
#380=ORIENTED_EDGE('',*,*,#1622,.T.);
#381=ORIENTED_EDGE('',*,*,#1623,.F.);
#382=ORIENTED_EDGE('',*,*,#1624,.T.);
#383=ORIENTED_EDGE('',*,*,#1625,.F.);
#384=ORIENTED_EDGE('',*,*,#1626,.T.);
#385=ORIENTED_EDGE('',*,*,#1627,.F.);
#386=ORIENTED_EDGE('',*,*,#1628,.T.);
#387=ORIENTED_EDGE('',*,*,#1629,.F.);
#388=ORIENTED_EDGE('',*,*,#1630,.T.);
#389=ORIENTED_EDGE('',*,*,#1631,.F.);
#390=ORIENTED_EDGE('',*,*,#1632,.T.);
#391=ORIENTED_EDGE('',*,*,#1633,.F.);
#392=ORIENTED_EDGE('',*,*,#1634,.T.);
#393=ORIENTED_EDGE('',*,*,#1635,.F.);
#394=ORIENTED_EDGE('',*,*,#1636,.T.);
#395=ORIENTED_EDGE('',*,*,#1637,.F.);
#396=ORIENTED_EDGE('',*,*,#1638,.T.);
#397=ORIENTED_EDGE('',*,*,#1639,.F.);
#398=ORIENTED_EDGE('',*,*,#1640,.T.);
#399=ORIENTED_EDGE('',*,*,#1641,.T.);
#400=ORIENTED_EDGE('',*,*,#1642,.T.);
#401=ORIENTED_EDGE('',*,*,#1643,.F.);
#402=ORIENTED_EDGE('',*,*,#1644,.T.);
#403=ORIENTED_EDGE('',*,*,#1645,.T.);
#404=ORIENTED_EDGE('',*,*,#1646,.F.);
#405=ORIENTED_EDGE('',*,*,#1647,.F.);
#406=ORIENTED_EDGE('',*,*,#1648,.T.);
#407=ORIENTED_EDGE('',*,*,#1649,.T.);
#408=ORIENTED_EDGE('',*,*,#1650,.F.);
#409=ORIENTED_EDGE('',*,*,#1651,.F.);
#410=ORIENTED_EDGE('',*,*,#1652,.T.);
#411=ORIENTED_EDGE('',*,*,#1653,.T.);
#412=ORIENTED_EDGE('',*,*,#1654,.F.);
#413=ORIENTED_EDGE('',*,*,#1655,.F.);
#414=ORIENTED_EDGE('',*,*,#1656,.T.);
#415=ORIENTED_EDGE('',*,*,#1657,.T.);
#416=ORIENTED_EDGE('',*,*,#1654,.T.);
#417=ORIENTED_EDGE('',*,*,#1658,.T.);
#418=ORIENTED_EDGE('',*,*,#1650,.T.);
#419=ORIENTED_EDGE('',*,*,#1659,.T.);
#420=ORIENTED_EDGE('',*,*,#1646,.T.);
#421=ORIENTED_EDGE('',*,*,#1660,.T.);
#422=ORIENTED_EDGE('',*,*,#1661,.F.);
#423=ORIENTED_EDGE('',*,*,#1662,.T.);
#424=ORIENTED_EDGE('',*,*,#1663,.F.);
#425=ORIENTED_EDGE('',*,*,#1664,.T.);
#426=ORIENTED_EDGE('',*,*,#1665,.T.);
#427=ORIENTED_EDGE('',*,*,#1666,.T.);
#428=ORIENTED_EDGE('',*,*,#1667,.T.);
#429=ORIENTED_EDGE('',*,*,#1668,.F.);
#430=ORIENTED_EDGE('',*,*,#1669,.F.);
#431=ORIENTED_EDGE('',*,*,#1670,.T.);
#432=ORIENTED_EDGE('',*,*,#1671,.F.);
#433=ORIENTED_EDGE('',*,*,#1672,.T.);
#434=ORIENTED_EDGE('',*,*,#1673,.T.);
#435=ORIENTED_EDGE('',*,*,#1674,.T.);
#436=ORIENTED_EDGE('',*,*,#1675,.T.);
#437=ORIENTED_EDGE('',*,*,#1676,.T.);
#438=ORIENTED_EDGE('',*,*,#1677,.T.);
#439=ORIENTED_EDGE('',*,*,#1678,.T.);
#440=ORIENTED_EDGE('',*,*,#1576,.T.);
#441=ORIENTED_EDGE('',*,*,#1679,.F.);
#442=ORIENTED_EDGE('',*,*,#1580,.T.);
#443=ORIENTED_EDGE('',*,*,#1680,.F.);
#444=ORIENTED_EDGE('',*,*,#1681,.T.);
#445=ORIENTED_EDGE('',*,*,#1682,.T.);
#446=ORIENTED_EDGE('',*,*,#1683,.T.);
#447=ORIENTED_EDGE('',*,*,#1684,.T.);
#448=ORIENTED_EDGE('',*,*,#1685,.T.);
#449=ORIENTED_EDGE('',*,*,#1686,.T.);
#450=ORIENTED_EDGE('',*,*,#1687,.T.);
#451=ORIENTED_EDGE('',*,*,#1657,.F.);
#452=ORIENTED_EDGE('',*,*,#1688,.T.);
#453=ORIENTED_EDGE('',*,*,#1597,.F.);
#454=ORIENTED_EDGE('',*,*,#1689,.F.);
#455=ORIENTED_EDGE('',*,*,#1635,.T.);
#456=ORIENTED_EDGE('',*,*,#1690,.T.);
#457=ORIENTED_EDGE('',*,*,#1613,.F.);
#458=ORIENTED_EDGE('',*,*,#1691,.F.);
#459=ORIENTED_EDGE('',*,*,#1692,.F.);
#460=ORIENTED_EDGE('',*,*,#1693,.T.);
#461=ORIENTED_EDGE('',*,*,#1694,.T.);
#462=ORIENTED_EDGE('',*,*,#1695,.F.);
#463=ORIENTED_EDGE('',*,*,#1696,.F.);
#464=ORIENTED_EDGE('',*,*,#1697,.T.);
#465=ORIENTED_EDGE('',*,*,#1621,.F.);
#466=ORIENTED_EDGE('',*,*,#1698,.F.);
#467=ORIENTED_EDGE('',*,*,#1658,.F.);
#468=ORIENTED_EDGE('',*,*,#1699,.T.);
#469=ORIENTED_EDGE('',*,*,#1700,.T.);
#470=ORIENTED_EDGE('',*,*,#1701,.F.);
#471=ORIENTED_EDGE('',*,*,#1702,.F.);
#472=ORIENTED_EDGE('',*,*,#1703,.T.);
#473=ORIENTED_EDGE('',*,*,#1619,.F.);
#474=ORIENTED_EDGE('',*,*,#1704,.F.);
#475=ORIENTED_EDGE('',*,*,#1705,.T.);
#476=ORIENTED_EDGE('',*,*,#1659,.F.);
#477=ORIENTED_EDGE('',*,*,#1706,.T.);
#478=ORIENTED_EDGE('',*,*,#1707,.T.);
#479=ORIENTED_EDGE('',*,*,#1708,.T.);
#480=ORIENTED_EDGE('',*,*,#1709,.F.);
#481=ORIENTED_EDGE('',*,*,#1710,.T.);
#482=ORIENTED_EDGE('',*,*,#1711,.T.);
#483=ORIENTED_EDGE('',*,*,#1617,.F.);
#484=ORIENTED_EDGE('',*,*,#1712,.F.);
#485=ORIENTED_EDGE('',*,*,#1713,.F.);
#486=ORIENTED_EDGE('',*,*,#1660,.F.);
#487=ORIENTED_EDGE('',*,*,#1714,.T.);
#488=ORIENTED_EDGE('',*,*,#1715,.T.);
#489=ORIENTED_EDGE('',*,*,#1716,.F.);
#490=ORIENTED_EDGE('',*,*,#1717,.T.);
#491=ORIENTED_EDGE('',*,*,#1718,.F.);
#492=ORIENTED_EDGE('',*,*,#1719,.T.);
#493=ORIENTED_EDGE('',*,*,#1720,.F.);
#494=ORIENTED_EDGE('',*,*,#1721,.T.);
#495=ORIENTED_EDGE('',*,*,#1722,.F.);
#496=ORIENTED_EDGE('',*,*,#1723,.T.);
#497=ORIENTED_EDGE('',*,*,#1724,.T.);
#498=ORIENTED_EDGE('',*,*,#1725,.F.);
#499=ORIENTED_EDGE('',*,*,#1726,.T.);
#500=ORIENTED_EDGE('',*,*,#1715,.F.);
#501=ORIENTED_EDGE('',*,*,#1727,.F.);
#502=ORIENTED_EDGE('',*,*,#1728,.T.);
#503=ORIENTED_EDGE('',*,*,#1729,.T.);
#504=ORIENTED_EDGE('',*,*,#1730,.F.);
#505=ORIENTED_EDGE('',*,*,#1731,.T.);
#506=ORIENTED_EDGE('',*,*,#1708,.F.);
#507=ORIENTED_EDGE('',*,*,#1732,.F.);
#508=ORIENTED_EDGE('',*,*,#1733,.F.);
#509=ORIENTED_EDGE('',*,*,#1734,.T.);
#510=ORIENTED_EDGE('',*,*,#1735,.T.);
#511=ORIENTED_EDGE('',*,*,#1736,.F.);
#512=ORIENTED_EDGE('',*,*,#1737,.F.);
#513=ORIENTED_EDGE('',*,*,#1738,.T.);
#514=ORIENTED_EDGE('',*,*,#1739,.F.);
#515=ORIENTED_EDGE('',*,*,#1740,.T.);
#516=ORIENTED_EDGE('',*,*,#1741,.F.);
#517=ORIENTED_EDGE('',*,*,#1742,.T.);
#518=ORIENTED_EDGE('',*,*,#1743,.T.);
#519=ORIENTED_EDGE('',*,*,#1720,.T.);
#520=ORIENTED_EDGE('',*,*,#1744,.T.);
#521=ORIENTED_EDGE('',*,*,#1700,.F.);
#522=ORIENTED_EDGE('',*,*,#1745,.F.);
#523=ORIENTED_EDGE('',*,*,#1732,.T.);
#524=ORIENTED_EDGE('',*,*,#1707,.F.);
#525=ORIENTED_EDGE('',*,*,#1746,.F.);
#526=ORIENTED_EDGE('',*,*,#1747,.F.);
#527=ORIENTED_EDGE('',*,*,#1748,.F.);
#528=ORIENTED_EDGE('',*,*,#1739,.T.);
#529=ORIENTED_EDGE('',*,*,#1749,.F.);
#530=ORIENTED_EDGE('',*,*,#1750,.T.);
#531=ORIENTED_EDGE('',*,*,#1751,.F.);
#532=ORIENTED_EDGE('',*,*,#1747,.T.);
#533=ORIENTED_EDGE('',*,*,#1752,.F.);
#534=ORIENTED_EDGE('',*,*,#1753,.T.);
#535=ORIENTED_EDGE('',*,*,#1696,.T.);
#536=ORIENTED_EDGE('',*,*,#1754,.F.);
#537=ORIENTED_EDGE('',*,*,#1755,.F.);
#538=ORIENTED_EDGE('',*,*,#1756,.F.);
#539=ORIENTED_EDGE('',*,*,#1757,.F.);
#540=ORIENTED_EDGE('',*,*,#1758,.T.);
#541=ORIENTED_EDGE('',*,*,#1702,.T.);
#542=ORIENTED_EDGE('',*,*,#1755,.T.);
#543=ORIENTED_EDGE('',*,*,#1759,.T.);
#544=ORIENTED_EDGE('',*,*,#1760,.F.);
#545=ORIENTED_EDGE('',*,*,#1761,.T.);
#546=ORIENTED_EDGE('',*,*,#1762,.T.);
#547=ORIENTED_EDGE('',*,*,#1763,.T.);
#548=ORIENTED_EDGE('',*,*,#1764,.F.);
#549=ORIENTED_EDGE('',*,*,#1710,.F.);
#550=ORIENTED_EDGE('',*,*,#1765,.T.);
#551=ORIENTED_EDGE('',*,*,#1766,.F.);
#552=ORIENTED_EDGE('',*,*,#1767,.F.);
#553=ORIENTED_EDGE('',*,*,#1757,.T.);
#554=ORIENTED_EDGE('',*,*,#1705,.F.);
#555=ORIENTED_EDGE('',*,*,#1768,.T.);
#556=ORIENTED_EDGE('',*,*,#1769,.F.);
#557=ORIENTED_EDGE('',*,*,#1770,.T.);
#558=ORIENTED_EDGE('',*,*,#1771,.T.);
#559=ORIENTED_EDGE('',*,*,#1772,.F.);
#560=ORIENTED_EDGE('',*,*,#1773,.T.);
#561=ORIENTED_EDGE('',*,*,#1774,.F.);
#562=ORIENTED_EDGE('',*,*,#1775,.F.);
#563=ORIENTED_EDGE('',*,*,#1671,.T.);
#564=ORIENTED_EDGE('',*,*,#1776,.T.);
#565=ORIENTED_EDGE('',*,*,#1777,.T.);
#566=ORIENTED_EDGE('',*,*,#1778,.T.);
#567=ORIENTED_EDGE('',*,*,#1779,.T.);
#568=ORIENTED_EDGE('',*,*,#1780,.T.);
#569=ORIENTED_EDGE('',*,*,#1781,.T.);
#570=ORIENTED_EDGE('',*,*,#1782,.F.);
#571=ORIENTED_EDGE('',*,*,#1783,.T.);
#572=ORIENTED_EDGE('',*,*,#1784,.F.);
#573=ORIENTED_EDGE('',*,*,#1785,.T.);
#574=ORIENTED_EDGE('',*,*,#1786,.T.);
#575=ORIENTED_EDGE('',*,*,#1787,.F.);
#576=ORIENTED_EDGE('',*,*,#1788,.F.);
#577=ORIENTED_EDGE('',*,*,#1789,.F.);
#578=ORIENTED_EDGE('',*,*,#1790,.T.);
#579=ORIENTED_EDGE('',*,*,#1791,.T.);
#580=ORIENTED_EDGE('',*,*,#1792,.T.);
#581=ORIENTED_EDGE('',*,*,#1793,.F.);
#582=ORIENTED_EDGE('',*,*,#1794,.F.);
#583=ORIENTED_EDGE('',*,*,#1795,.T.);
#584=ORIENTED_EDGE('',*,*,#1796,.F.);
#585=ORIENTED_EDGE('',*,*,#1797,.T.);
#586=ORIENTED_EDGE('',*,*,#1615,.T.);
#587=ORIENTED_EDGE('',*,*,#1798,.T.);
#588=ORIENTED_EDGE('',*,*,#1799,.T.);
#589=ORIENTED_EDGE('',*,*,#1800,.T.);
#590=ORIENTED_EDGE('',*,*,#1655,.T.);
#591=ORIENTED_EDGE('',*,*,#1801,.F.);
#592=ORIENTED_EDGE('',*,*,#1802,.T.);
#593=ORIENTED_EDGE('',*,*,#1803,.T.);
#594=ORIENTED_EDGE('',*,*,#1804,.T.);
#595=ORIENTED_EDGE('',*,*,#1805,.T.);
#596=ORIENTED_EDGE('',*,*,#1806,.F.);
#597=ORIENTED_EDGE('',*,*,#1807,.F.);
#598=ORIENTED_EDGE('',*,*,#1808,.T.);
#599=ORIENTED_EDGE('',*,*,#1809,.T.);
#600=ORIENTED_EDGE('',*,*,#1810,.T.);
#601=ORIENTED_EDGE('',*,*,#1811,.F.);
#602=ORIENTED_EDGE('',*,*,#1812,.T.);
#603=ORIENTED_EDGE('',*,*,#1813,.T.);
#604=ORIENTED_EDGE('',*,*,#1814,.T.);
#605=ORIENTED_EDGE('',*,*,#1815,.T.);
#606=ORIENTED_EDGE('',*,*,#1816,.T.);
#607=ORIENTED_EDGE('',*,*,#1817,.T.);
#608=ORIENTED_EDGE('',*,*,#1818,.T.);
#609=ORIENTED_EDGE('',*,*,#1819,.T.);
#610=ORIENTED_EDGE('',*,*,#1775,.T.);
#611=ORIENTED_EDGE('',*,*,#1820,.T.);
#612=ORIENTED_EDGE('',*,*,#1821,.F.);
#613=ORIENTED_EDGE('',*,*,#1822,.T.);
#614=ORIENTED_EDGE('',*,*,#1823,.T.);
#615=ORIENTED_EDGE('',*,*,#1824,.T.);
#616=ORIENTED_EDGE('',*,*,#1825,.F.);
#617=ORIENTED_EDGE('',*,*,#1826,.T.);
#618=ORIENTED_EDGE('',*,*,#1827,.T.);
#619=ORIENTED_EDGE('',*,*,#1828,.T.);
#620=ORIENTED_EDGE('',*,*,#1736,.T.);
#621=ORIENTED_EDGE('',*,*,#1829,.F.);
#622=ORIENTED_EDGE('',*,*,#1830,.T.);
#623=ORIENTED_EDGE('',*,*,#1831,.F.);
#624=ORIENTED_EDGE('',*,*,#1590,.F.);
#625=ORIENTED_EDGE('',*,*,#1832,.T.);
#626=ORIENTED_EDGE('',*,*,#1833,.T.);
#627=ORIENTED_EDGE('',*,*,#1834,.T.);
#628=ORIENTED_EDGE('',*,*,#1835,.F.);
#629=ORIENTED_EDGE('',*,*,#1836,.T.);
#630=ORIENTED_EDGE('',*,*,#1837,.T.);
#631=ORIENTED_EDGE('',*,*,#1838,.T.);
#632=ORIENTED_EDGE('',*,*,#1839,.T.);
#633=ORIENTED_EDGE('',*,*,#1840,.F.);
#634=ORIENTED_EDGE('',*,*,#1841,.T.);
#635=ORIENTED_EDGE('',*,*,#1842,.T.);
#636=ORIENTED_EDGE('',*,*,#1843,.F.);
#637=ORIENTED_EDGE('',*,*,#1844,.T.);
#638=ORIENTED_EDGE('',*,*,#1845,.T.);
#639=ORIENTED_EDGE('',*,*,#1846,.F.);
#640=ORIENTED_EDGE('',*,*,#1847,.F.);
#641=ORIENTED_EDGE('',*,*,#1848,.T.);
#642=ORIENTED_EDGE('',*,*,#1849,.T.);
#643=ORIENTED_EDGE('',*,*,#1850,.F.);
#644=ORIENTED_EDGE('',*,*,#1851,.F.);
#645=ORIENTED_EDGE('',*,*,#1852,.F.);
#646=ORIENTED_EDGE('',*,*,#1853,.F.);
#647=ORIENTED_EDGE('',*,*,#1854,.F.);
#648=ORIENTED_EDGE('',*,*,#1855,.F.);
#649=ORIENTED_EDGE('',*,*,#1856,.F.);
#650=ORIENTED_EDGE('',*,*,#1857,.F.);
#651=ORIENTED_EDGE('',*,*,#1858,.F.);
#652=ORIENTED_EDGE('',*,*,#1859,.F.);
#653=ORIENTED_EDGE('',*,*,#1860,.F.);
#654=ORIENTED_EDGE('',*,*,#1861,.F.);
#655=ORIENTED_EDGE('',*,*,#1862,.F.);
#656=ORIENTED_EDGE('',*,*,#1863,.F.);
#657=ORIENTED_EDGE('',*,*,#1864,.F.);
#658=ORIENTED_EDGE('',*,*,#1865,.F.);
#659=ORIENTED_EDGE('',*,*,#1866,.F.);
#660=ORIENTED_EDGE('',*,*,#1867,.F.);
#661=ORIENTED_EDGE('',*,*,#1868,.T.);
#662=ORIENTED_EDGE('',*,*,#1869,.T.);
#663=ORIENTED_EDGE('',*,*,#1870,.T.);
#664=ORIENTED_EDGE('',*,*,#1835,.T.);
#665=ORIENTED_EDGE('',*,*,#1871,.F.);
#666=ORIENTED_EDGE('',*,*,#1872,.F.);
#667=ORIENTED_EDGE('',*,*,#1873,.T.);
#668=ORIENTED_EDGE('',*,*,#1846,.T.);
#669=ORIENTED_EDGE('',*,*,#1874,.F.);
#670=ORIENTED_EDGE('',*,*,#1875,.F.);
#671=ORIENTED_EDGE('',*,*,#1876,.T.);
#672=ORIENTED_EDGE('',*,*,#1850,.T.);
#673=ORIENTED_EDGE('',*,*,#1877,.F.);
#674=ORIENTED_EDGE('',*,*,#1878,.F.);
#675=ORIENTED_EDGE('',*,*,#1879,.T.);
#676=ORIENTED_EDGE('',*,*,#1880,.T.);
#677=ORIENTED_EDGE('',*,*,#1881,.F.);
#678=ORIENTED_EDGE('',*,*,#1882,.F.);
#679=ORIENTED_EDGE('',*,*,#1883,.F.);
#680=ORIENTED_EDGE('',*,*,#1884,.F.);
#681=ORIENTED_EDGE('',*,*,#1885,.F.);
#682=ORIENTED_EDGE('',*,*,#1886,.F.);
#683=ORIENTED_EDGE('',*,*,#1887,.F.);
#684=ORIENTED_EDGE('',*,*,#1888,.F.);
#685=ORIENTED_EDGE('',*,*,#1889,.F.);
#686=ORIENTED_EDGE('',*,*,#1890,.F.);
#687=ORIENTED_EDGE('',*,*,#1891,.F.);
#688=ORIENTED_EDGE('',*,*,#1892,.F.);
#689=ORIENTED_EDGE('',*,*,#1893,.F.);
#690=ORIENTED_EDGE('',*,*,#1894,.F.);
#691=ORIENTED_EDGE('',*,*,#1895,.F.);
#692=ORIENTED_EDGE('',*,*,#1896,.F.);
#693=ORIENTED_EDGE('',*,*,#1897,.F.);
#694=ORIENTED_EDGE('',*,*,#1898,.T.);
#695=ORIENTED_EDGE('',*,*,#1899,.T.);
#696=ORIENTED_EDGE('',*,*,#1900,.T.);
#697=ORIENTED_EDGE('',*,*,#1901,.F.);
#698=ORIENTED_EDGE('',*,*,#1902,.T.);
#699=ORIENTED_EDGE('',*,*,#1903,.F.);
#700=ORIENTED_EDGE('',*,*,#1904,.F.);
#701=ORIENTED_EDGE('',*,*,#1848,.F.);
#702=ORIENTED_EDGE('',*,*,#1905,.T.);
#703=ORIENTED_EDGE('',*,*,#1906,.F.);
#704=ORIENTED_EDGE('',*,*,#1907,.F.);
#705=ORIENTED_EDGE('',*,*,#1844,.F.);
#706=ORIENTED_EDGE('',*,*,#1908,.T.);
#707=ORIENTED_EDGE('',*,*,#1909,.F.);
#708=ORIENTED_EDGE('',*,*,#1910,.F.);
#709=ORIENTED_EDGE('',*,*,#1833,.F.);
#710=ORIENTED_EDGE('',*,*,#1784,.T.);
#711=ORIENTED_EDGE('',*,*,#1911,.T.);
#712=ORIENTED_EDGE('',*,*,#1810,.F.);
#713=ORIENTED_EDGE('',*,*,#1912,.F.);
#714=ORIENTED_EDGE('',*,*,#1913,.T.);
#715=ORIENTED_EDGE('',*,*,#1914,.T.);
#716=ORIENTED_EDGE('',*,*,#1814,.F.);
#717=ORIENTED_EDGE('',*,*,#1915,.F.);
#718=ORIENTED_EDGE('',*,*,#1916,.T.);
#719=ORIENTED_EDGE('',*,*,#1917,.T.);
#720=ORIENTED_EDGE('',*,*,#1918,.T.);
#721=ORIENTED_EDGE('',*,*,#1919,.F.);
#722=ORIENTED_EDGE('',*,*,#1920,.T.);
#723=ORIENTED_EDGE('',*,*,#1921,.F.);
#724=ORIENTED_EDGE('',*,*,#1922,.T.);
#725=ORIENTED_EDGE('',*,*,#1880,.F.);
#726=ORIENTED_EDGE('',*,*,#1923,.F.);
#727=ORIENTED_EDGE('',*,*,#1901,.T.);
#728=ORIENTED_EDGE('',*,*,#1924,.T.);
#729=ORIENTED_EDGE('',*,*,#1925,.F.);
#730=ORIENTED_EDGE('',*,*,#1926,.F.);
#731=ORIENTED_EDGE('',*,*,#1927,.T.);
#732=ORIENTED_EDGE('',*,*,#1928,.T.);
#733=ORIENTED_EDGE('',*,*,#1839,.F.);
#734=ORIENTED_EDGE('',*,*,#1929,.T.);
#735=ORIENTED_EDGE('',*,*,#1930,.T.);
#736=ORIENTED_EDGE('',*,*,#1931,.T.);
#737=ORIENTED_EDGE('',*,*,#1932,.T.);
#738=ORIENTED_EDGE('',*,*,#1919,.T.);
#739=ORIENTED_EDGE('',*,*,#1933,.T.);
#740=ORIENTED_EDGE('',*,*,#1934,.T.);
#741=ORIENTED_EDGE('',*,*,#1935,.T.);
#742=ORIENTED_EDGE('',*,*,#1913,.F.);
#743=ORIENTED_EDGE('',*,*,#1936,.T.);
#744=ORIENTED_EDGE('',*,*,#1937,.T.);
#745=ORIENTED_EDGE('',*,*,#1938,.T.);
#746=ORIENTED_EDGE('',*,*,#1939,.T.);
#747=ORIENTED_EDGE('',*,*,#1940,.T.);
#748=ORIENTED_EDGE('',*,*,#1941,.T.);
#749=ORIENTED_EDGE('',*,*,#1942,.T.);
#750=ORIENTED_EDGE('',*,*,#1943,.T.);
#751=ORIENTED_EDGE('',*,*,#1944,.T.);
#752=ORIENTED_EDGE('',*,*,#1945,.T.);
#753=ORIENTED_EDGE('',*,*,#1946,.T.);
#754=ORIENTED_EDGE('',*,*,#1947,.T.);
#755=ORIENTED_EDGE('',*,*,#1805,.F.);
#756=ORIENTED_EDGE('',*,*,#1948,.T.);
#757=ORIENTED_EDGE('',*,*,#1596,.F.);
#758=ORIENTED_EDGE('',*,*,#1949,.F.);
#759=ORIENTED_EDGE('',*,*,#1950,.T.);
#760=ORIENTED_EDGE('',*,*,#1951,.T.);
#761=ORIENTED_EDGE('',*,*,#1574,.T.);
#762=ORIENTED_EDGE('',*,*,#1952,.T.);
#763=ORIENTED_EDGE('',*,*,#1953,.F.);
#764=ORIENTED_EDGE('',*,*,#1954,.T.);
#765=ORIENTED_EDGE('',*,*,#1789,.T.);
#766=ORIENTED_EDGE('',*,*,#1955,.T.);
#767=ORIENTED_EDGE('',*,*,#1956,.F.);
#768=ORIENTED_EDGE('',*,*,#1957,.T.);
#769=ORIENTED_EDGE('',*,*,#1958,.T.);
#770=ORIENTED_EDGE('',*,*,#1959,.T.);
#771=ORIENTED_EDGE('',*,*,#1921,.T.);
#772=ORIENTED_EDGE('',*,*,#1960,.T.);
#773=ORIENTED_EDGE('',*,*,#1961,.T.);
#774=ORIENTED_EDGE('',*,*,#1962,.T.);
#775=ORIENTED_EDGE('',*,*,#1917,.F.);
#776=ORIENTED_EDGE('',*,*,#1963,.T.);
#777=ORIENTED_EDGE('',*,*,#1964,.T.);
#778=ORIENTED_EDGE('',*,*,#1965,.T.);
#779=ORIENTED_EDGE('',*,*,#1837,.F.);
#780=ORIENTED_EDGE('',*,*,#1966,.T.);
#781=ORIENTED_EDGE('',*,*,#1967,.T.);
#782=ORIENTED_EDGE('',*,*,#1968,.T.);
#783=ORIENTED_EDGE('',*,*,#1953,.T.);
#784=ORIENTED_EDGE('',*,*,#1925,.T.);
#785=ORIENTED_EDGE('',*,*,#1969,.F.);
#786=ORIENTED_EDGE('',*,*,#1969,.T.);
#787=ORIENTED_EDGE('',*,*,#1926,.T.);
#788=ORIENTED_EDGE('',*,*,#1970,.F.);
#789=ORIENTED_EDGE('',*,*,#1970,.T.);
#790=ORIENTED_EDGE('',*,*,#1831,.T.);
#791=ORIENTED_EDGE('',*,*,#1971,.F.);
#792=ORIENTED_EDGE('',*,*,#1971,.T.);
#793=ORIENTED_EDGE('',*,*,#1956,.T.);
#794=ORIENTED_EDGE('',*,*,#1972,.F.);
#795=ORIENTED_EDGE('',*,*,#1972,.T.);
#796=ORIENTED_EDGE('',*,*,#1787,.T.);
#797=ORIENTED_EDGE('',*,*,#1973,.T.);
#798=ORIENTED_EDGE('',*,*,#1807,.T.);
#799=ORIENTED_EDGE('',*,*,#1974,.T.);
#800=ORIENTED_EDGE('',*,*,#1788,.T.);
#801=ORIENTED_EDGE('',*,*,#1974,.F.);
#802=ORIENTED_EDGE('',*,*,#1806,.T.);
#803=ORIENTED_EDGE('',*,*,#1955,.F.);
#804=ORIENTED_EDGE('',*,*,#1809,.F.);
#805=ORIENTED_EDGE('',*,*,#1975,.T.);
#806=ORIENTED_EDGE('',*,*,#1785,.F.);
#807=ORIENTED_EDGE('',*,*,#1912,.T.);
#808=ORIENTED_EDGE('',*,*,#1564,.T.);
#809=ORIENTED_EDGE('',*,*,#1976,.F.);
#810=ORIENTED_EDGE('',*,*,#1594,.T.);
#811=ORIENTED_EDGE('',*,*,#1583,.T.);
#812=ORIENTED_EDGE('',*,*,#1949,.T.);
#813=ORIENTED_EDGE('',*,*,#1595,.F.);
#814=ORIENTED_EDGE('',*,*,#1976,.T.);
#815=ORIENTED_EDGE('',*,*,#1563,.T.);
#816=ORIENTED_EDGE('',*,*,#1578,.T.);
#817=ORIENTED_EDGE('',*,*,#1977,.F.);
#818=ORIENTED_EDGE('',*,*,#1568,.T.);
#819=ORIENTED_EDGE('',*,*,#1586,.F.);
#820=ORIENTED_EDGE('',*,*,#1592,.T.);
#821=ORIENTED_EDGE('',*,*,#1978,.T.);
#822=ORIENTED_EDGE('',*,*,#1842,.F.);
#823=ORIENTED_EDGE('',*,*,#1979,.F.);
#824=ORIENTED_EDGE('',*,*,#1579,.T.);
#825=ORIENTED_EDGE('',*,*,#1569,.T.);
#826=ORIENTED_EDGE('',*,*,#1978,.F.);
#827=ORIENTED_EDGE('',*,*,#1591,.T.);
#828=ORIENTED_EDGE('',*,*,#1980,.T.);
#829=ORIENTED_EDGE('',*,*,#1811,.T.);
#830=ORIENTED_EDGE('',*,*,#1911,.F.);
#831=ORIENTED_EDGE('',*,*,#1783,.F.);
#832=ORIENTED_EDGE('',*,*,#1981,.F.);
#833=ORIENTED_EDGE('',*,*,#1982,.T.);
#834=ORIENTED_EDGE('',*,*,#1915,.T.);
#835=ORIENTED_EDGE('',*,*,#1813,.F.);
#836=ORIENTED_EDGE('',*,*,#1782,.T.);
#837=ORIENTED_EDGE('',*,*,#1983,.T.);
#838=ORIENTED_EDGE('',*,*,#1981,.T.);
#839=ORIENTED_EDGE('',*,*,#1812,.F.);
#840=ORIENTED_EDGE('',*,*,#1980,.F.);
#841=ORIENTED_EDGE('',*,*,#1923,.T.);
#842=ORIENTED_EDGE('',*,*,#1879,.F.);
#843=ORIENTED_EDGE('',*,*,#1984,.F.);
#844=ORIENTED_EDGE('',*,*,#1902,.F.);
#845=ORIENTED_EDGE('',*,*,#1903,.T.);
#846=ORIENTED_EDGE('',*,*,#1984,.T.);
#847=ORIENTED_EDGE('',*,*,#1878,.T.);
#848=ORIENTED_EDGE('',*,*,#1985,.F.);
#849=ORIENTED_EDGE('',*,*,#1904,.T.);
#850=ORIENTED_EDGE('',*,*,#1985,.T.);
#851=ORIENTED_EDGE('',*,*,#1877,.T.);
#852=ORIENTED_EDGE('',*,*,#1849,.F.);
#853=ORIENTED_EDGE('',*,*,#1847,.T.);
#854=ORIENTED_EDGE('',*,*,#1876,.F.);
#855=ORIENTED_EDGE('',*,*,#1986,.F.);
#856=ORIENTED_EDGE('',*,*,#1905,.F.);
#857=ORIENTED_EDGE('',*,*,#1906,.T.);
#858=ORIENTED_EDGE('',*,*,#1986,.T.);
#859=ORIENTED_EDGE('',*,*,#1875,.T.);
#860=ORIENTED_EDGE('',*,*,#1987,.F.);
#861=ORIENTED_EDGE('',*,*,#1907,.T.);
#862=ORIENTED_EDGE('',*,*,#1987,.T.);
#863=ORIENTED_EDGE('',*,*,#1874,.T.);
#864=ORIENTED_EDGE('',*,*,#1845,.F.);
#865=ORIENTED_EDGE('',*,*,#1843,.T.);
#866=ORIENTED_EDGE('',*,*,#1873,.F.);
#867=ORIENTED_EDGE('',*,*,#1988,.F.);
#868=ORIENTED_EDGE('',*,*,#1908,.F.);
#869=ORIENTED_EDGE('',*,*,#1909,.T.);
#870=ORIENTED_EDGE('',*,*,#1988,.T.);
#871=ORIENTED_EDGE('',*,*,#1872,.T.);
#872=ORIENTED_EDGE('',*,*,#1989,.F.);
#873=ORIENTED_EDGE('',*,*,#1910,.T.);
#874=ORIENTED_EDGE('',*,*,#1989,.T.);
#875=ORIENTED_EDGE('',*,*,#1871,.T.);
#876=ORIENTED_EDGE('',*,*,#1834,.F.);
#877=ORIENTED_EDGE('',*,*,#1897,.T.);
#878=ORIENTED_EDGE('',*,*,#1867,.T.);
#879=ORIENTED_EDGE('',*,*,#1896,.T.);
#880=ORIENTED_EDGE('',*,*,#1866,.T.);
#881=ORIENTED_EDGE('',*,*,#1895,.T.);
#882=ORIENTED_EDGE('',*,*,#1865,.T.);
#883=ORIENTED_EDGE('',*,*,#1894,.T.);
#884=ORIENTED_EDGE('',*,*,#1864,.T.);
#885=ORIENTED_EDGE('',*,*,#1893,.T.);
#886=ORIENTED_EDGE('',*,*,#1863,.T.);
#887=ORIENTED_EDGE('',*,*,#1892,.T.);
#888=ORIENTED_EDGE('',*,*,#1862,.T.);
#889=ORIENTED_EDGE('',*,*,#1891,.T.);
#890=ORIENTED_EDGE('',*,*,#1861,.T.);
#891=ORIENTED_EDGE('',*,*,#1890,.T.);
#892=ORIENTED_EDGE('',*,*,#1860,.T.);
#893=ORIENTED_EDGE('',*,*,#1889,.T.);
#894=ORIENTED_EDGE('',*,*,#1859,.T.);
#895=ORIENTED_EDGE('',*,*,#1888,.T.);
#896=ORIENTED_EDGE('',*,*,#1858,.T.);
#897=ORIENTED_EDGE('',*,*,#1887,.T.);
#898=ORIENTED_EDGE('',*,*,#1857,.T.);
#899=ORIENTED_EDGE('',*,*,#1886,.T.);
#900=ORIENTED_EDGE('',*,*,#1856,.T.);
#901=ORIENTED_EDGE('',*,*,#1885,.T.);
#902=ORIENTED_EDGE('',*,*,#1855,.T.);
#903=ORIENTED_EDGE('',*,*,#1884,.T.);
#904=ORIENTED_EDGE('',*,*,#1854,.T.);
#905=ORIENTED_EDGE('',*,*,#1883,.T.);
#906=ORIENTED_EDGE('',*,*,#1853,.T.);
#907=ORIENTED_EDGE('',*,*,#1882,.T.);
#908=ORIENTED_EDGE('',*,*,#1852,.T.);
#909=ORIENTED_EDGE('',*,*,#1881,.T.);
#910=ORIENTED_EDGE('',*,*,#1851,.T.);
#911=ORIENTED_EDGE('',*,*,#1778,.F.);
#912=ORIENTED_EDGE('',*,*,#1990,.F.);
#913=ORIENTED_EDGE('',*,*,#1991,.T.);
#914=ORIENTED_EDGE('',*,*,#1992,.T.);
#915=ORIENTED_EDGE('',*,*,#1993,.T.);
#916=ORIENTED_EDGE('',*,*,#1994,.T.);
#917=ORIENTED_EDGE('',*,*,#1995,.T.);
#918=ORIENTED_EDGE('',*,*,#1996,.T.);
#919=ORIENTED_EDGE('',*,*,#1997,.T.);
#920=ORIENTED_EDGE('',*,*,#1998,.T.);
#921=ORIENTED_EDGE('',*,*,#1999,.T.);
#922=ORIENTED_EDGE('',*,*,#1994,.F.);
#923=ORIENTED_EDGE('',*,*,#1777,.F.);
#924=ORIENTED_EDGE('',*,*,#2000,.T.);
#925=ORIENTED_EDGE('',*,*,#2001,.F.);
#926=ORIENTED_EDGE('',*,*,#1990,.T.);
#927=ORIENTED_EDGE('',*,*,#2002,.T.);
#928=ORIENTED_EDGE('',*,*,#1793,.T.);
#929=ORIENTED_EDGE('',*,*,#2003,.T.);
#930=ORIENTED_EDGE('',*,*,#2004,.F.);
#931=ORIENTED_EDGE('',*,*,#2005,.F.);
#932=ORIENTED_EDGE('',*,*,#2006,.F.);
#933=ORIENTED_EDGE('',*,*,#2007,.F.);
#934=ORIENTED_EDGE('',*,*,#2008,.T.);
#935=ORIENTED_EDGE('',*,*,#2009,.T.);
#936=ORIENTED_EDGE('',*,*,#1794,.T.);
#937=ORIENTED_EDGE('',*,*,#2002,.F.);
#938=ORIENTED_EDGE('',*,*,#2010,.T.);
#939=ORIENTED_EDGE('',*,*,#2011,.T.);
#940=ORIENTED_EDGE('',*,*,#2012,.T.);
#941=ORIENTED_EDGE('',*,*,#2013,.F.);
#942=ORIENTED_EDGE('',*,*,#2004,.T.);
#943=ORIENTED_EDGE('',*,*,#2014,.F.);
#944=ORIENTED_EDGE('',*,*,#2015,.T.);
#945=ORIENTED_EDGE('',*,*,#2016,.T.);
#946=ORIENTED_EDGE('',*,*,#1822,.F.);
#947=ORIENTED_EDGE('',*,*,#2017,.F.);
#948=ORIENTED_EDGE('',*,*,#1796,.T.);
#949=ORIENTED_EDGE('',*,*,#2018,.T.);
#950=ORIENTED_EDGE('',*,*,#1826,.F.);
#951=ORIENTED_EDGE('',*,*,#2017,.T.);
#952=ORIENTED_EDGE('',*,*,#1821,.T.);
#953=ORIENTED_EDGE('',*,*,#2019,.T.);
#954=ORIENTED_EDGE('',*,*,#1712,.T.);
#955=ORIENTED_EDGE('',*,*,#1616,.F.);
#956=ORIENTED_EDGE('',*,*,#1797,.F.);
#957=ORIENTED_EDGE('',*,*,#1801,.T.);
#958=ORIENTED_EDGE('',*,*,#1661,.T.);
#959=ORIENTED_EDGE('',*,*,#1717,.F.);
#960=ORIENTED_EDGE('',*,*,#1642,.F.);
#961=ORIENTED_EDGE('',*,*,#1827,.F.);
#962=ORIENTED_EDGE('',*,*,#2018,.F.);
#963=ORIENTED_EDGE('',*,*,#1829,.T.);
#964=ORIENTED_EDGE('',*,*,#1735,.F.);
#965=ORIENTED_EDGE('',*,*,#2020,.F.);
#966=ORIENTED_EDGE('',*,*,#2021,.T.);
#967=ORIENTED_EDGE('',*,*,#2022,.F.);
#968=ORIENTED_EDGE('',*,*,#2023,.T.);
#969=ORIENTED_EDGE('',*,*,#2024,.T.);
#970=ORIENTED_EDGE('',*,*,#2025,.F.);
#971=ORIENTED_EDGE('',*,*,#2026,.T.);
#972=ORIENTED_EDGE('',*,*,#1694,.F.);
#973=ORIENTED_EDGE('',*,*,#2027,.F.);
#974=ORIENTED_EDGE('',*,*,#2028,.T.);
#975=ORIENTED_EDGE('',*,*,#1692,.T.);
#976=ORIENTED_EDGE('',*,*,#2029,.F.);
#977=ORIENTED_EDGE('',*,*,#2030,.T.);
#978=ORIENTED_EDGE('',*,*,#2031,.F.);
#979=ORIENTED_EDGE('',*,*,#1819,.F.);
#980=ORIENTED_EDGE('',*,*,#2032,.T.);
#981=ORIENTED_EDGE('',*,*,#2033,.T.);
#982=ORIENTED_EDGE('',*,*,#1772,.T.);
#983=ORIENTED_EDGE('',*,*,#2024,.F.);
#984=ORIENTED_EDGE('',*,*,#2034,.F.);
#985=ORIENTED_EDGE('',*,*,#2031,.T.);
#986=ORIENTED_EDGE('',*,*,#2035,.T.);
#987=ORIENTED_EDGE('',*,*,#1751,.T.);
#988=ORIENTED_EDGE('',*,*,#2036,.T.);
#989=ORIENTED_EDGE('',*,*,#1740,.F.);
#990=ORIENTED_EDGE('',*,*,#1748,.T.);
#991=ORIENTED_EDGE('',*,*,#2037,.T.);
#992=ORIENTED_EDGE('',*,*,#2038,.T.);
#993=ORIENTED_EDGE('',*,*,#2039,.F.);
#994=ORIENTED_EDGE('',*,*,#2040,.T.);
#995=ORIENTED_EDGE('',*,*,#2020,.T.);
#996=ORIENTED_EDGE('',*,*,#2041,.F.);
#997=ORIENTED_EDGE('',*,*,#2033,.F.);
#998=ORIENTED_EDGE('',*,*,#2042,.F.);
#999=ORIENTED_EDGE('',*,*,#1743,.F.);
#1000=ORIENTED_EDGE('',*,*,#2043,.F.);
#1001=ORIENTED_EDGE('',*,*,#1756,.T.);
#1002=ORIENTED_EDGE('',*,*,#1761,.F.);
#1003=ORIENTED_EDGE('',*,*,#2044,.T.);
#1004=ORIENTED_EDGE('',*,*,#1721,.F.);
#1005=ORIENTED_EDGE('',*,*,#1729,.F.);
#1006=ORIENTED_EDGE('',*,*,#2045,.F.);
#1007=ORIENTED_EDGE('',*,*,#1770,.F.);
#1008=ORIENTED_EDGE('',*,*,#2046,.T.);
#1009=ORIENTED_EDGE('',*,*,#1724,.F.);
#1010=ORIENTED_EDGE('',*,*,#2047,.F.);
#1011=ORIENTED_EDGE('',*,*,#1762,.F.);
#1012=ORIENTED_EDGE('',*,*,#2048,.T.);
#1013=ORIENTED_EDGE('',*,*,#2049,.T.);
#1014=ORIENTED_EDGE('',*,*,#2050,.T.);
#1015=ORIENTED_EDGE('',*,*,#2051,.F.);
#1016=ORIENTED_EDGE('',*,*,#2019,.F.);
#1017=ORIENTED_EDGE('',*,*,#1734,.F.);
#1018=ORIENTED_EDGE('',*,*,#2052,.F.);
#1019=ORIENTED_EDGE('',*,*,#1773,.F.);
#1020=ORIENTED_EDGE('',*,*,#2041,.T.);
#1021=ORIENTED_EDGE('',*,*,#2052,.T.);
#1022=ORIENTED_EDGE('',*,*,#1733,.T.);
#1023=ORIENTED_EDGE('',*,*,#1828,.F.);
#1024=ORIENTED_EDGE('',*,*,#1641,.F.);
#1025=ORIENTED_EDGE('',*,*,#2053,.T.);
#1026=ORIENTED_EDGE('',*,*,#2054,.F.);
#1027=ORIENTED_EDGE('',*,*,#1824,.F.);
#1028=ORIENTED_EDGE('',*,*,#2055,.F.);
#1029=ORIENTED_EDGE('',*,*,#2056,.T.);
#1030=ORIENTED_EDGE('',*,*,#2049,.F.);
#1031=ORIENTED_EDGE('',*,*,#1820,.F.);
#1032=ORIENTED_EDGE('',*,*,#1774,.T.);
#1033=ORIENTED_EDGE('',*,*,#1726,.F.);
#1034=ORIENTED_EDGE('',*,*,#2057,.F.);
#1035=ORIENTED_EDGE('',*,*,#1765,.F.);
#1036=ORIENTED_EDGE('',*,*,#1713,.T.);
#1037=ORIENTED_EDGE('',*,*,#2051,.T.);
#1038=ORIENTED_EDGE('',*,*,#2058,.T.);
#1039=ORIENTED_EDGE('',*,*,#1624,.F.);
#1040=ORIENTED_EDGE('',*,*,#2059,.T.);
#1041=ORIENTED_EDGE('',*,*,#1612,.F.);
#1042=ORIENTED_EDGE('',*,*,#2060,.T.);
#1043=ORIENTED_EDGE('',*,*,#1639,.T.);
#1044=ORIENTED_EDGE('',*,*,#1716,.T.);
#1045=ORIENTED_EDGE('',*,*,#2057,.T.);
#1046=ORIENTED_EDGE('',*,*,#1725,.T.);
#1047=ORIENTED_EDGE('',*,*,#2048,.F.);
#1048=ORIENTED_EDGE('',*,*,#1766,.T.);
#1049=ORIENTED_EDGE('',*,*,#1723,.F.);
#1050=ORIENTED_EDGE('',*,*,#2061,.F.);
#1051=ORIENTED_EDGE('',*,*,#1763,.F.);
#1052=ORIENTED_EDGE('',*,*,#2047,.T.);
#1053=ORIENTED_EDGE('',*,*,#2061,.T.);
#1054=ORIENTED_EDGE('',*,*,#1722,.T.);
#1055=ORIENTED_EDGE('',*,*,#1714,.F.);
#1056=ORIENTED_EDGE('',*,*,#1645,.F.);
#1057=ORIENTED_EDGE('',*,*,#2062,.T.);
#1058=ORIENTED_EDGE('',*,*,#1610,.F.);
#1059=ORIENTED_EDGE('',*,*,#2063,.F.);
#1060=ORIENTED_EDGE('',*,*,#1626,.F.);
#1061=ORIENTED_EDGE('',*,*,#2064,.T.);
#1062=ORIENTED_EDGE('',*,*,#2065,.F.);
#1063=ORIENTED_EDGE('',*,*,#1711,.F.);
#1064=ORIENTED_EDGE('',*,*,#1764,.T.);
#1065=ORIENTED_EDGE('',*,*,#2065,.T.);
#1066=ORIENTED_EDGE('',*,*,#2066,.T.);
#1067=ORIENTED_EDGE('',*,*,#2067,.F.);
#1068=ORIENTED_EDGE('',*,*,#1618,.F.);
#1069=ORIENTED_EDGE('',*,*,#1731,.F.);
#1070=ORIENTED_EDGE('',*,*,#2068,.F.);
#1071=ORIENTED_EDGE('',*,*,#1768,.F.);
#1072=ORIENTED_EDGE('',*,*,#1704,.T.);
#1073=ORIENTED_EDGE('',*,*,#2067,.T.);
#1074=ORIENTED_EDGE('',*,*,#2069,.T.);
#1075=ORIENTED_EDGE('',*,*,#1628,.F.);
#1076=ORIENTED_EDGE('',*,*,#2070,.T.);
#1077=ORIENTED_EDGE('',*,*,#1608,.F.);
#1078=ORIENTED_EDGE('',*,*,#2071,.T.);
#1079=ORIENTED_EDGE('',*,*,#1643,.T.);
#1080=ORIENTED_EDGE('',*,*,#1709,.T.);
#1081=ORIENTED_EDGE('',*,*,#2068,.T.);
#1082=ORIENTED_EDGE('',*,*,#1730,.T.);
#1083=ORIENTED_EDGE('',*,*,#2046,.F.);
#1084=ORIENTED_EDGE('',*,*,#1769,.T.);
#1085=ORIENTED_EDGE('',*,*,#2072,.T.);
#1086=ORIENTED_EDGE('',*,*,#1727,.T.);
#1087=ORIENTED_EDGE('',*,*,#1745,.T.);
#1088=ORIENTED_EDGE('',*,*,#1706,.F.);
#1089=ORIENTED_EDGE('',*,*,#1649,.F.);
#1090=ORIENTED_EDGE('',*,*,#2073,.T.);
#1091=ORIENTED_EDGE('',*,*,#1606,.F.);
#1092=ORIENTED_EDGE('',*,*,#2074,.F.);
#1093=ORIENTED_EDGE('',*,*,#1630,.F.);
#1094=ORIENTED_EDGE('',*,*,#2075,.T.);
#1095=ORIENTED_EDGE('',*,*,#2076,.F.);
#1096=ORIENTED_EDGE('',*,*,#1703,.F.);
#1097=ORIENTED_EDGE('',*,*,#1758,.F.);
#1098=ORIENTED_EDGE('',*,*,#1767,.T.);
#1099=ORIENTED_EDGE('',*,*,#1719,.F.);
#1100=ORIENTED_EDGE('',*,*,#2077,.F.);
#1101=ORIENTED_EDGE('',*,*,#1759,.F.);
#1102=ORIENTED_EDGE('',*,*,#1754,.T.);
#1103=ORIENTED_EDGE('',*,*,#1698,.T.);
#1104=ORIENTED_EDGE('',*,*,#2078,.T.);
#1105=ORIENTED_EDGE('',*,*,#2079,.T.);
#1106=ORIENTED_EDGE('',*,*,#1632,.F.);
#1107=ORIENTED_EDGE('',*,*,#2080,.T.);
#1108=ORIENTED_EDGE('',*,*,#1604,.F.);
#1109=ORIENTED_EDGE('',*,*,#2081,.T.);
#1110=ORIENTED_EDGE('',*,*,#1647,.T.);
#1111=ORIENTED_EDGE('',*,*,#1701,.T.);
#1112=ORIENTED_EDGE('',*,*,#1744,.F.);
#1113=ORIENTED_EDGE('',*,*,#2076,.T.);
#1114=ORIENTED_EDGE('',*,*,#2082,.T.);
#1115=ORIENTED_EDGE('',*,*,#2078,.F.);
#1116=ORIENTED_EDGE('',*,*,#1620,.F.);
#1117=ORIENTED_EDGE('',*,*,#1728,.F.);
#1118=ORIENTED_EDGE('',*,*,#2072,.F.);
#1119=ORIENTED_EDGE('',*,*,#1771,.F.);
#1120=ORIENTED_EDGE('',*,*,#2045,.T.);
#1121=ORIENTED_EDGE('',*,*,#2077,.T.);
#1122=ORIENTED_EDGE('',*,*,#1718,.T.);
#1123=ORIENTED_EDGE('',*,*,#2044,.F.);
#1124=ORIENTED_EDGE('',*,*,#1760,.T.);
#1125=ORIENTED_EDGE('',*,*,#2083,.T.);
#1126=ORIENTED_EDGE('',*,*,#1741,.T.);
#1127=ORIENTED_EDGE('',*,*,#1699,.F.);
#1128=ORIENTED_EDGE('',*,*,#1653,.F.);
#1129=ORIENTED_EDGE('',*,*,#2084,.T.);
#1130=ORIENTED_EDGE('',*,*,#1602,.F.);
#1131=ORIENTED_EDGE('',*,*,#2085,.F.);
#1132=ORIENTED_EDGE('',*,*,#1634,.F.);
#1133=ORIENTED_EDGE('',*,*,#2086,.T.);
#1134=ORIENTED_EDGE('',*,*,#2087,.F.);
#1135=ORIENTED_EDGE('',*,*,#1697,.F.);
#1136=ORIENTED_EDGE('',*,*,#1753,.F.);
#1137=ORIENTED_EDGE('',*,*,#2026,.F.);
#1138=ORIENTED_EDGE('',*,*,#2088,.F.);
#1139=ORIENTED_EDGE('',*,*,#2029,.T.);
#1140=ORIENTED_EDGE('',*,*,#1691,.T.);
#1141=ORIENTED_EDGE('',*,*,#2089,.T.);
#1142=ORIENTED_EDGE('',*,*,#2090,.T.);
#1143=ORIENTED_EDGE('',*,*,#1636,.F.);
#1144=ORIENTED_EDGE('',*,*,#1689,.T.);
#1145=ORIENTED_EDGE('',*,*,#1600,.F.);
#1146=ORIENTED_EDGE('',*,*,#2091,.T.);
#1147=ORIENTED_EDGE('',*,*,#1651,.T.);
#1148=ORIENTED_EDGE('',*,*,#1695,.T.);
#1149=ORIENTED_EDGE('',*,*,#1742,.F.);
#1150=ORIENTED_EDGE('',*,*,#2083,.F.);
#1151=ORIENTED_EDGE('',*,*,#1752,.T.);
#1152=ORIENTED_EDGE('',*,*,#2043,.T.);
#1153=ORIENTED_EDGE('',*,*,#2088,.T.);
#1154=ORIENTED_EDGE('',*,*,#2025,.T.);
#1155=ORIENTED_EDGE('',*,*,#2035,.F.);
#1156=ORIENTED_EDGE('',*,*,#2030,.F.);
#1157=ORIENTED_EDGE('',*,*,#2087,.T.);
#1158=ORIENTED_EDGE('',*,*,#2092,.T.);
#1159=ORIENTED_EDGE('',*,*,#2089,.F.);
#1160=ORIENTED_EDGE('',*,*,#1622,.F.);
#1161=ORIENTED_EDGE('',*,*,#2093,.T.);
#1162=ORIENTED_EDGE('',*,*,#2022,.T.);
#1163=ORIENTED_EDGE('',*,*,#1693,.F.);
#1164=ORIENTED_EDGE('',*,*,#2028,.F.);
#1165=ORIENTED_EDGE('',*,*,#2023,.F.);
#1166=ORIENTED_EDGE('',*,*,#2093,.F.);
#1167=ORIENTED_EDGE('',*,*,#2027,.T.);
#1168=ORIENTED_EDGE('',*,*,#2034,.T.);
#1169=ORIENTED_EDGE('',*,*,#2094,.T.);
#1170=ORIENTED_EDGE('',*,*,#1737,.T.);
#1171=ORIENTED_EDGE('',*,*,#2036,.F.);
#1172=ORIENTED_EDGE('',*,*,#1750,.F.);
#1173=ORIENTED_EDGE('',*,*,#1738,.F.);
#1174=ORIENTED_EDGE('',*,*,#2094,.F.);
#1175=ORIENTED_EDGE('',*,*,#1749,.T.);
#1176=ORIENTED_EDGE('',*,*,#1746,.T.);
#1177=ORIENTED_EDGE('',*,*,#2013,.T.);
#1178=ORIENTED_EDGE('',*,*,#2095,.T.);
#1179=ORIENTED_EDGE('',*,*,#2096,.F.);
#1180=ORIENTED_EDGE('',*,*,#2005,.T.);
#1181=ORIENTED_EDGE('',*,*,#2097,.F.);
#1182=ORIENTED_EDGE('',*,*,#2006,.T.);
#1183=ORIENTED_EDGE('',*,*,#2096,.T.);
#1184=ORIENTED_EDGE('',*,*,#2098,.T.);
#1185=ORIENTED_EDGE('',*,*,#1674,.F.);
#1186=ORIENTED_EDGE('',*,*,#1673,.F.);
#1187=ORIENTED_EDGE('',*,*,#2099,.T.);
#1188=ORIENTED_EDGE('',*,*,#2008,.F.);
#1189=ORIENTED_EDGE('',*,*,#2007,.T.);
#1190=ORIENTED_EDGE('',*,*,#2097,.T.);
#1191=ORIENTED_EDGE('',*,*,#2100,.T.);
#1192=ORIENTED_EDGE('',*,*,#2101,.T.);
#1193=ORIENTED_EDGE('',*,*,#1996,.F.);
#1194=ORIENTED_EDGE('',*,*,#1993,.F.);
#1195=ORIENTED_EDGE('',*,*,#2001,.T.);
#1196=ORIENTED_EDGE('',*,*,#2102,.T.);
#1197=ORIENTED_EDGE('',*,*,#1669,.T.);
#1198=ORIENTED_EDGE('',*,*,#2103,.F.);
#1199=ORIENTED_EDGE('',*,*,#1991,.F.);
#1200=ORIENTED_EDGE('',*,*,#1992,.F.);
#1201=ORIENTED_EDGE('',*,*,#2103,.T.);
#1202=ORIENTED_EDGE('',*,*,#1668,.T.);
#1203=ORIENTED_EDGE('',*,*,#2104,.T.);
#1204=ORIENTED_EDGE('',*,*,#2100,.F.);
#1205=ORIENTED_EDGE('',*,*,#2021,.F.);
#1206=ORIENTED_EDGE('',*,*,#2040,.F.);
#1207=ORIENTED_EDGE('',*,*,#2105,.F.);
#1208=ORIENTED_EDGE('',*,*,#1830,.F.);
#1209=ORIENTED_EDGE('',*,*,#2039,.T.);
#1210=ORIENTED_EDGE('',*,*,#2106,.T.);
#1211=ORIENTED_EDGE('',*,*,#1937,.F.);
#1212=ORIENTED_EDGE('',*,*,#2107,.T.);
#1213=ORIENTED_EDGE('',*,*,#1802,.F.);
#1214=ORIENTED_EDGE('',*,*,#2105,.T.);
#1215=ORIENTED_EDGE('',*,*,#2032,.F.);
#1216=ORIENTED_EDGE('',*,*,#1818,.F.);
#1217=ORIENTED_EDGE('',*,*,#2108,.F.);
#1218=ORIENTED_EDGE('',*,*,#2042,.T.);
#1219=ORIENTED_EDGE('',*,*,#1939,.F.);
#1220=ORIENTED_EDGE('',*,*,#2109,.T.);
#1221=ORIENTED_EDGE('',*,*,#2037,.F.);
#1222=ORIENTED_EDGE('',*,*,#2108,.T.);
#1223=ORIENTED_EDGE('',*,*,#1817,.F.);
#1224=ORIENTED_EDGE('',*,*,#2110,.T.);
#1225=ORIENTED_EDGE('',*,*,#1599,.F.);
#1226=ORIENTED_EDGE('',*,*,#2111,.T.);
#1227=ORIENTED_EDGE('',*,*,#2112,.T.);
#1228=ORIENTED_EDGE('',*,*,#2113,.T.);
#1229=ORIENTED_EDGE('',*,*,#1637,.T.);
#1230=ORIENTED_EDGE('',*,*,#2114,.T.);
#1231=ORIENTED_EDGE('',*,*,#1633,.T.);
#1232=ORIENTED_EDGE('',*,*,#2115,.T.);
#1233=ORIENTED_EDGE('',*,*,#1629,.T.);
#1234=ORIENTED_EDGE('',*,*,#2116,.T.);
#1235=ORIENTED_EDGE('',*,*,#1625,.T.);
#1236=ORIENTED_EDGE('',*,*,#2117,.T.);
#1237=ORIENTED_EDGE('',*,*,#2118,.T.);
#1238=ORIENTED_EDGE('',*,*,#2015,.F.);
#1239=ORIENTED_EDGE('',*,*,#2119,.F.);
#1240=ORIENTED_EDGE('',*,*,#2120,.F.);
#1241=ORIENTED_EDGE('',*,*,#1611,.F.);
#1242=ORIENTED_EDGE('',*,*,#2121,.F.);
#1243=ORIENTED_EDGE('',*,*,#1607,.F.);
#1244=ORIENTED_EDGE('',*,*,#2122,.F.);
#1245=ORIENTED_EDGE('',*,*,#1603,.F.);
#1246=ORIENTED_EDGE('',*,*,#2123,.F.);
#1247=ORIENTED_EDGE('',*,*,#2059,.F.);
#1248=ORIENTED_EDGE('',*,*,#1623,.T.);
#1249=ORIENTED_EDGE('',*,*,#2063,.T.);
#1250=ORIENTED_EDGE('',*,*,#1609,.F.);
#1251=ORIENTED_EDGE('',*,*,#2070,.F.);
#1252=ORIENTED_EDGE('',*,*,#1627,.T.);
#1253=ORIENTED_EDGE('',*,*,#2074,.T.);
#1254=ORIENTED_EDGE('',*,*,#1605,.F.);
#1255=ORIENTED_EDGE('',*,*,#2080,.F.);
#1256=ORIENTED_EDGE('',*,*,#1631,.T.);
#1257=ORIENTED_EDGE('',*,*,#2085,.T.);
#1258=ORIENTED_EDGE('',*,*,#1601,.F.);
#1259=ORIENTED_EDGE('',*,*,#2118,.F.);
#1260=ORIENTED_EDGE('',*,*,#2055,.T.);
#1261=ORIENTED_EDGE('',*,*,#1823,.F.);
#1262=ORIENTED_EDGE('',*,*,#2016,.F.);
#1263=ORIENTED_EDGE('',*,*,#1825,.T.);
#1264=ORIENTED_EDGE('',*,*,#2054,.T.);
#1265=ORIENTED_EDGE('',*,*,#2119,.T.);
#1266=ORIENTED_EDGE('',*,*,#2014,.T.);
#1267=ORIENTED_EDGE('',*,*,#2056,.F.);
#1268=ORIENTED_EDGE('',*,*,#2117,.F.);
#1269=ORIENTED_EDGE('',*,*,#2058,.F.);
#1270=ORIENTED_EDGE('',*,*,#2050,.F.);
#1271=ORIENTED_EDGE('',*,*,#2064,.F.);
#1272=ORIENTED_EDGE('',*,*,#2116,.F.);
#1273=ORIENTED_EDGE('',*,*,#2069,.F.);
#1274=ORIENTED_EDGE('',*,*,#2066,.F.);
#1275=ORIENTED_EDGE('',*,*,#2075,.F.);
#1276=ORIENTED_EDGE('',*,*,#2115,.F.);
#1277=ORIENTED_EDGE('',*,*,#2079,.F.);
#1278=ORIENTED_EDGE('',*,*,#2082,.F.);
#1279=ORIENTED_EDGE('',*,*,#2086,.F.);
#1280=ORIENTED_EDGE('',*,*,#2114,.F.);
#1281=ORIENTED_EDGE('',*,*,#2090,.F.);
#1282=ORIENTED_EDGE('',*,*,#2092,.F.);
#1283=ORIENTED_EDGE('',*,*,#1656,.F.);
#1284=ORIENTED_EDGE('',*,*,#1800,.F.);
#1285=ORIENTED_EDGE('',*,*,#2124,.F.);
#1286=ORIENTED_EDGE('',*,*,#2111,.F.);
#1287=ORIENTED_EDGE('',*,*,#1598,.F.);
#1288=ORIENTED_EDGE('',*,*,#1688,.F.);
#1289=ORIENTED_EDGE('',*,*,#1638,.F.);
#1290=ORIENTED_EDGE('',*,*,#2113,.F.);
#1291=ORIENTED_EDGE('',*,*,#2125,.F.);
#1292=ORIENTED_EDGE('',*,*,#1798,.F.);
#1293=ORIENTED_EDGE('',*,*,#1614,.F.);
#1294=ORIENTED_EDGE('',*,*,#1690,.F.);
#1295=ORIENTED_EDGE('',*,*,#2124,.T.);
#1296=ORIENTED_EDGE('',*,*,#1799,.F.);
#1297=ORIENTED_EDGE('',*,*,#2125,.T.);
#1298=ORIENTED_EDGE('',*,*,#2112,.F.);
#1299=ORIENTED_EDGE('',*,*,#2084,.F.);
#1300=ORIENTED_EDGE('',*,*,#1652,.F.);
#1301=ORIENTED_EDGE('',*,*,#2091,.F.);
#1302=ORIENTED_EDGE('',*,*,#2123,.T.);
#1303=ORIENTED_EDGE('',*,*,#2073,.F.);
#1304=ORIENTED_EDGE('',*,*,#1648,.F.);
#1305=ORIENTED_EDGE('',*,*,#2081,.F.);
#1306=ORIENTED_EDGE('',*,*,#2122,.T.);
#1307=ORIENTED_EDGE('',*,*,#2062,.F.);
#1308=ORIENTED_EDGE('',*,*,#1644,.F.);
#1309=ORIENTED_EDGE('',*,*,#2071,.F.);
#1310=ORIENTED_EDGE('',*,*,#2121,.T.);
#1311=ORIENTED_EDGE('',*,*,#2053,.F.);
#1312=ORIENTED_EDGE('',*,*,#1640,.F.);
#1313=ORIENTED_EDGE('',*,*,#2060,.F.);
#1314=ORIENTED_EDGE('',*,*,#2120,.T.);
#1315=ORIENTED_EDGE('',*,*,#1593,.T.);
#1316=ORIENTED_EDGE('',*,*,#1584,.T.);
#1317=ORIENTED_EDGE('',*,*,#1566,.F.);
#1318=ORIENTED_EDGE('',*,*,#1582,.F.);
#1319=ORIENTED_EDGE('',*,*,#1663,.T.);
#1320=ORIENTED_EDGE('',*,*,#2126,.T.);
#1321=ORIENTED_EDGE('',*,*,#2127,.T.);
#1322=ORIENTED_EDGE('',*,*,#2128,.F.);
#1323=ORIENTED_EDGE('',*,*,#2129,.F.);
#1324=ORIENTED_EDGE('',*,*,#2130,.T.);
#1325=ORIENTED_EDGE('',*,*,#2131,.T.);
#1326=ORIENTED_EDGE('',*,*,#2132,.F.);
#1327=ORIENTED_EDGE('',*,*,#2133,.F.);
#1328=ORIENTED_EDGE('',*,*,#2128,.T.);
#1329=ORIENTED_EDGE('',*,*,#2134,.T.);
#1330=ORIENTED_EDGE('',*,*,#2135,.T.);
#1331=ORIENTED_EDGE('',*,*,#2136,.F.);
#1332=ORIENTED_EDGE('',*,*,#2132,.T.);
#1333=ORIENTED_EDGE('',*,*,#2136,.T.);
#1334=ORIENTED_EDGE('',*,*,#2137,.T.);
#1335=ORIENTED_EDGE('',*,*,#2129,.T.);
#1336=ORIENTED_EDGE('',*,*,#2133,.T.);
#1337=ORIENTED_EDGE('',*,*,#2127,.F.);
#1338=ORIENTED_EDGE('',*,*,#2138,.T.);
#1339=ORIENTED_EDGE('',*,*,#2134,.F.);
#1340=ORIENTED_EDGE('',*,*,#2131,.F.);
#1341=ORIENTED_EDGE('',*,*,#1573,.F.);
#1342=ORIENTED_EDGE('',*,*,#2139,.T.);
#1343=ORIENTED_EDGE('',*,*,#1966,.F.);
#1344=ORIENTED_EDGE('',*,*,#1952,.F.);
#1345=ORIENTED_EDGE('',*,*,#1968,.F.);
#1346=ORIENTED_EDGE('',*,*,#2140,.T.);
#1347=ORIENTED_EDGE('',*,*,#1790,.F.);
#1348=ORIENTED_EDGE('',*,*,#1954,.F.);
#1349=ORIENTED_EDGE('',*,*,#1962,.F.);
#1350=ORIENTED_EDGE('',*,*,#2141,.T.);
#1351=ORIENTED_EDGE('',*,*,#1930,.F.);
#1352=ORIENTED_EDGE('',*,*,#1918,.F.);
#1353=ORIENTED_EDGE('',*,*,#1781,.F.);
#1354=ORIENTED_EDGE('',*,*,#2142,.T.);
#1355=ORIENTED_EDGE('',*,*,#1960,.F.);
#1356=ORIENTED_EDGE('',*,*,#1916,.F.);
#1357=ORIENTED_EDGE('',*,*,#1982,.F.);
#1358=ORIENTED_EDGE('',*,*,#1983,.F.);
#1359=ORIENTED_EDGE('',*,*,#1932,.F.);
#1360=ORIENTED_EDGE('',*,*,#2143,.T.);
#1361=ORIENTED_EDGE('',*,*,#1957,.F.);
#1362=ORIENTED_EDGE('',*,*,#1920,.F.);
#1363=ORIENTED_EDGE('',*,*,#1959,.F.);
#1364=ORIENTED_EDGE('',*,*,#2144,.T.);
#1365=ORIENTED_EDGE('',*,*,#1868,.F.);
#1366=ORIENTED_EDGE('',*,*,#1922,.F.);
#1367=ORIENTED_EDGE('',*,*,#1870,.F.);
#1368=ORIENTED_EDGE('',*,*,#2145,.T.);
#1369=ORIENTED_EDGE('',*,*,#1963,.F.);
#1370=ORIENTED_EDGE('',*,*,#1836,.F.);
#1371=ORIENTED_EDGE('',*,*,#1965,.F.);
#1372=ORIENTED_EDGE('',*,*,#2146,.T.);
#1373=ORIENTED_EDGE('',*,*,#1929,.F.);
#1374=ORIENTED_EDGE('',*,*,#1838,.F.);
#1375=ORIENTED_EDGE('',*,*,#1999,.F.);
#1376=ORIENTED_EDGE('',*,*,#2147,.T.);
#1377=ORIENTED_EDGE('',*,*,#1779,.F.);
#1378=ORIENTED_EDGE('',*,*,#1995,.F.);
#1379=ORIENTED_EDGE('',*,*,#1792,.F.);
#1380=ORIENTED_EDGE('',*,*,#2148,.T.);
#1381=ORIENTED_EDGE('',*,*,#2010,.F.);
#1382=ORIENTED_EDGE('',*,*,#2003,.F.);
#1383=ORIENTED_EDGE('',*,*,#1676,.F.);
#1384=ORIENTED_EDGE('',*,*,#2149,.T.);
#1385=ORIENTED_EDGE('',*,*,#2011,.F.);
#1386=ORIENTED_EDGE('',*,*,#2150,.F.);
#1387=ORIENTED_EDGE('',*,*,#2150,.T.);
#1388=ORIENTED_EDGE('',*,*,#2148,.F.);
#1389=ORIENTED_EDGE('',*,*,#2151,.F.);
#1390=ORIENTED_EDGE('',*,*,#2151,.T.);
#1391=ORIENTED_EDGE('',*,*,#1791,.F.);
#1392=ORIENTED_EDGE('',*,*,#2152,.F.);
#1393=ORIENTED_EDGE('',*,*,#1677,.F.);
#1394=ORIENTED_EDGE('',*,*,#2152,.T.);
#1395=ORIENTED_EDGE('',*,*,#2140,.F.);
#1396=ORIENTED_EDGE('',*,*,#2153,.F.);
#1397=ORIENTED_EDGE('',*,*,#2153,.T.);
#1398=ORIENTED_EDGE('',*,*,#1967,.F.);
#1399=ORIENTED_EDGE('',*,*,#2154,.F.);
#1400=ORIENTED_EDGE('',*,*,#1678,.F.);
#1401=ORIENTED_EDGE('',*,*,#2154,.T.);
#1402=ORIENTED_EDGE('',*,*,#2139,.F.);
#1403=ORIENTED_EDGE('',*,*,#1577,.F.);
#1404=ORIENTED_EDGE('',*,*,#1681,.F.);
#1405=ORIENTED_EDGE('',*,*,#2155,.T.);
#1406=ORIENTED_EDGE('',*,*,#1927,.F.);
#1407=ORIENTED_EDGE('',*,*,#2156,.F.);
#1408=ORIENTED_EDGE('',*,*,#2156,.T.);
#1409=ORIENTED_EDGE('',*,*,#2146,.F.);
#1410=ORIENTED_EDGE('',*,*,#2157,.F.);
#1411=ORIENTED_EDGE('',*,*,#2157,.T.);
#1412=ORIENTED_EDGE('',*,*,#1964,.F.);
#1413=ORIENTED_EDGE('',*,*,#2158,.F.);
#1414=ORIENTED_EDGE('',*,*,#1682,.F.);
#1415=ORIENTED_EDGE('',*,*,#2158,.T.);
#1416=ORIENTED_EDGE('',*,*,#2145,.F.);
#1417=ORIENTED_EDGE('',*,*,#2159,.F.);
#1418=ORIENTED_EDGE('',*,*,#2159,.T.);
#1419=ORIENTED_EDGE('',*,*,#1869,.F.);
#1420=ORIENTED_EDGE('',*,*,#2160,.F.);
#1421=ORIENTED_EDGE('',*,*,#1683,.F.);
#1422=ORIENTED_EDGE('',*,*,#2160,.T.);
#1423=ORIENTED_EDGE('',*,*,#2144,.F.);
#1424=ORIENTED_EDGE('',*,*,#2161,.F.);
#1425=ORIENTED_EDGE('',*,*,#2161,.T.);
#1426=ORIENTED_EDGE('',*,*,#1958,.F.);
#1427=ORIENTED_EDGE('',*,*,#2162,.F.);
#1428=ORIENTED_EDGE('',*,*,#1684,.F.);
#1429=ORIENTED_EDGE('',*,*,#2162,.T.);
#1430=ORIENTED_EDGE('',*,*,#2143,.F.);
#1431=ORIENTED_EDGE('',*,*,#2163,.F.);
#1432=ORIENTED_EDGE('',*,*,#2163,.T.);
#1433=ORIENTED_EDGE('',*,*,#1931,.F.);
#1434=ORIENTED_EDGE('',*,*,#2164,.F.);
#1435=ORIENTED_EDGE('',*,*,#1685,.F.);
#1436=ORIENTED_EDGE('',*,*,#2164,.T.);
#1437=ORIENTED_EDGE('',*,*,#2141,.F.);
#1438=ORIENTED_EDGE('',*,*,#2165,.F.);
#1439=ORIENTED_EDGE('',*,*,#2165,.T.);
#1440=ORIENTED_EDGE('',*,*,#1961,.F.);
#1441=ORIENTED_EDGE('',*,*,#2166,.F.);
#1442=ORIENTED_EDGE('',*,*,#1686,.F.);
#1443=ORIENTED_EDGE('',*,*,#2166,.T.);
#1444=ORIENTED_EDGE('',*,*,#2142,.F.);
#1445=ORIENTED_EDGE('',*,*,#2167,.F.);
#1446=ORIENTED_EDGE('',*,*,#2167,.T.);
#1447=ORIENTED_EDGE('',*,*,#1780,.F.);
#1448=ORIENTED_EDGE('',*,*,#2168,.F.);
#1449=ORIENTED_EDGE('',*,*,#1687,.F.);
#1450=ORIENTED_EDGE('',*,*,#2168,.T.);
#1451=ORIENTED_EDGE('',*,*,#2147,.F.);
#1452=ORIENTED_EDGE('',*,*,#2169,.F.);
#1453=ORIENTED_EDGE('',*,*,#2169,.T.);
#1454=ORIENTED_EDGE('',*,*,#1998,.F.);
#1455=ORIENTED_EDGE('',*,*,#2170,.T.);
#1456=ORIENTED_EDGE('',*,*,#1666,.F.);
#1457=ORIENTED_EDGE('',*,*,#2155,.F.);
#1458=ORIENTED_EDGE('',*,*,#2171,.T.);
#1459=ORIENTED_EDGE('',*,*,#1840,.T.);
#1460=ORIENTED_EDGE('',*,*,#1928,.F.);
#1461=ORIENTED_EDGE('',*,*,#1680,.T.);
#1462=ORIENTED_EDGE('',*,*,#1979,.T.);
#1463=ORIENTED_EDGE('',*,*,#1841,.F.);
#1464=ORIENTED_EDGE('',*,*,#2171,.F.);
#1465=ORIENTED_EDGE('',*,*,#2172,.F.);
#1466=ORIENTED_EDGE('',*,*,#1575,.T.);
#1467=ORIENTED_EDGE('',*,*,#1571,.T.);
#1468=ORIENTED_EDGE('',*,*,#1951,.F.);
#1469=ORIENTED_EDGE('',*,*,#1679,.T.);
#1470=ORIENTED_EDGE('',*,*,#2172,.T.);
#1471=ORIENTED_EDGE('',*,*,#1950,.F.);
#1472=ORIENTED_EDGE('',*,*,#1977,.T.);
#1473=ORIENTED_EDGE('',*,*,#1808,.F.);
#1474=ORIENTED_EDGE('',*,*,#1973,.F.);
#1475=ORIENTED_EDGE('',*,*,#1786,.F.);
#1476=ORIENTED_EDGE('',*,*,#1975,.F.);
#1477=ORIENTED_EDGE('',*,*,#1776,.F.);
#1478=ORIENTED_EDGE('',*,*,#1670,.F.);
#1479=ORIENTED_EDGE('',*,*,#2102,.F.);
#1480=ORIENTED_EDGE('',*,*,#2000,.F.);
#1481=ORIENTED_EDGE('',*,*,#1795,.F.);
#1482=ORIENTED_EDGE('',*,*,#2009,.F.);
#1483=ORIENTED_EDGE('',*,*,#2099,.F.);
#1484=ORIENTED_EDGE('',*,*,#1672,.F.);
#1485=ORIENTED_EDGE('',*,*,#2130,.F.);
#1486=ORIENTED_EDGE('',*,*,#2137,.F.);
#1487=ORIENTED_EDGE('',*,*,#2173,.F.);
#1488=ORIENTED_EDGE('',*,*,#1664,.F.);
#1489=ORIENTED_EDGE('',*,*,#2126,.F.);
#1490=ORIENTED_EDGE('',*,*,#1662,.F.);
#1491=ORIENTED_EDGE('',*,*,#2174,.F.);
#1492=ORIENTED_EDGE('',*,*,#2138,.F.);
#1493=ORIENTED_EDGE('',*,*,#2173,.T.);
#1494=ORIENTED_EDGE('',*,*,#2135,.F.);
#1495=ORIENTED_EDGE('',*,*,#2174,.T.);
#1496=ORIENTED_EDGE('',*,*,#1665,.F.);
#1497=ORIENTED_EDGE('',*,*,#2104,.F.);
#1498=ORIENTED_EDGE('',*,*,#1667,.F.);
#1499=ORIENTED_EDGE('',*,*,#2170,.F.);
#1500=ORIENTED_EDGE('',*,*,#1997,.F.);
#1501=ORIENTED_EDGE('',*,*,#2101,.F.);
#1502=ORIENTED_EDGE('',*,*,#2098,.F.);
#1503=ORIENTED_EDGE('',*,*,#2095,.F.);
#1504=ORIENTED_EDGE('',*,*,#2012,.F.);
#1505=ORIENTED_EDGE('',*,*,#2149,.F.);
#1506=ORIENTED_EDGE('',*,*,#1675,.F.);
#1507=ORIENTED_EDGE('',*,*,#1935,.F.);
#1508=ORIENTED_EDGE('',*,*,#2175,.T.);
#1509=ORIENTED_EDGE('',*,*,#1815,.F.);
#1510=ORIENTED_EDGE('',*,*,#1914,.F.);
#1511=ORIENTED_EDGE('',*,*,#1804,.F.);
#1512=ORIENTED_EDGE('',*,*,#2176,.T.);
#1513=ORIENTED_EDGE('',*,*,#1587,.F.);
#1514=ORIENTED_EDGE('',*,*,#1948,.F.);
#1515=ORIENTED_EDGE('',*,*,#1900,.F.);
#1516=ORIENTED_EDGE('',*,*,#2177,.T.);
#1517=ORIENTED_EDGE('',*,*,#1933,.F.);
#1518=ORIENTED_EDGE('',*,*,#1924,.F.);
#1519=ORIENTED_EDGE('',*,*,#1589,.F.);
#1520=ORIENTED_EDGE('',*,*,#2178,.T.);
#1521=ORIENTED_EDGE('',*,*,#1898,.F.);
#1522=ORIENTED_EDGE('',*,*,#1832,.F.);
#1523=ORIENTED_EDGE('',*,*,#2110,.F.);
#1524=ORIENTED_EDGE('',*,*,#1816,.F.);
#1525=ORIENTED_EDGE('',*,*,#2179,.F.);
#1526=ORIENTED_EDGE('',*,*,#1940,.F.);
#1527=ORIENTED_EDGE('',*,*,#2179,.T.);
#1528=ORIENTED_EDGE('',*,*,#2175,.F.);
#1529=ORIENTED_EDGE('',*,*,#2180,.F.);
#1530=ORIENTED_EDGE('',*,*,#1941,.F.);
#1531=ORIENTED_EDGE('',*,*,#2180,.T.);
#1532=ORIENTED_EDGE('',*,*,#1934,.F.);
#1533=ORIENTED_EDGE('',*,*,#2181,.F.);
#1534=ORIENTED_EDGE('',*,*,#1942,.F.);
#1535=ORIENTED_EDGE('',*,*,#2181,.T.);
#1536=ORIENTED_EDGE('',*,*,#2177,.F.);
#1537=ORIENTED_EDGE('',*,*,#2182,.F.);
#1538=ORIENTED_EDGE('',*,*,#1943,.F.);
#1539=ORIENTED_EDGE('',*,*,#2182,.T.);
#1540=ORIENTED_EDGE('',*,*,#1899,.F.);
#1541=ORIENTED_EDGE('',*,*,#2183,.F.);
#1542=ORIENTED_EDGE('',*,*,#1944,.F.);
#1543=ORIENTED_EDGE('',*,*,#2183,.T.);
#1544=ORIENTED_EDGE('',*,*,#2178,.F.);
#1545=ORIENTED_EDGE('',*,*,#2184,.F.);
#1546=ORIENTED_EDGE('',*,*,#1945,.F.);
#1547=ORIENTED_EDGE('',*,*,#2184,.T.);
#1548=ORIENTED_EDGE('',*,*,#1588,.F.);
#1549=ORIENTED_EDGE('',*,*,#2185,.F.);
#1550=ORIENTED_EDGE('',*,*,#1946,.F.);
#1551=ORIENTED_EDGE('',*,*,#2185,.T.);
#1552=ORIENTED_EDGE('',*,*,#2176,.F.);
#1553=ORIENTED_EDGE('',*,*,#2186,.F.);
#1554=ORIENTED_EDGE('',*,*,#1947,.F.);
#1555=ORIENTED_EDGE('',*,*,#2186,.T.);
#1556=ORIENTED_EDGE('',*,*,#1803,.F.);
#1557=ORIENTED_EDGE('',*,*,#2107,.F.);
#1558=ORIENTED_EDGE('',*,*,#1936,.F.);
#1559=ORIENTED_EDGE('',*,*,#2106,.F.);
#1560=ORIENTED_EDGE('',*,*,#2038,.F.);
#1561=ORIENTED_EDGE('',*,*,#2109,.F.);
#1562=ORIENTED_EDGE('',*,*,#1938,.F.);
#1563=EDGE_CURVE('',#2187,#2188,#2591,.T.);
#1564=EDGE_CURVE('',#2189,#2187,#2592,.T.);
#1565=EDGE_CURVE('',#2190,#2189,#2593,.T.);
#1566=EDGE_CURVE('',#2190,#2191,#2594,.T.);
#1567=EDGE_CURVE('',#2191,#2192,#2595,.T.);
#1568=EDGE_CURVE('',#2193,#2192,#2596,.T.);
#1569=EDGE_CURVE('',#2194,#2193,#2597,.T.);
#1570=EDGE_CURVE('',#2194,#2188,#2598,.T.);
#1571=EDGE_CURVE('',#2195,#2196,#2599,.T.);
#1572=EDGE_CURVE('',#2195,#2197,#2600,.T.);
#1573=EDGE_CURVE('',#2197,#2198,#2601,.F.);
#1574=EDGE_CURVE('',#2196,#2198,#2602,.T.);
#1575=EDGE_CURVE('',#2199,#2195,#77,.F.);
#1576=EDGE_CURVE('',#2200,#2199,#2603,.F.);
#1577=EDGE_CURVE('',#2200,#2197,#78,.T.);
#1578=EDGE_CURVE('',#2188,#2201,#79,.F.);
#1579=EDGE_CURVE('',#2202,#2194,#80,.F.);
#1580=EDGE_CURVE('',#2201,#2202,#2604,.F.);
#1581=EDGE_CURVE('',#2203,#2204,#2605,.T.);
#1582=EDGE_CURVE('',#2204,#2190,#2606,.T.);
#1583=EDGE_CURVE('',#2203,#2189,#2607,.T.);
#1584=EDGE_CURVE('',#2205,#2191,#2608,.T.);
#1585=EDGE_CURVE('',#2206,#2205,#2609,.T.);
#1586=EDGE_CURVE('',#2206,#2192,#2610,.T.);
#1587=EDGE_CURVE('',#2207,#2208,#2611,.F.);
#1588=EDGE_CURVE('',#2208,#2209,#2612,.T.);
#1589=EDGE_CURVE('',#2209,#2210,#2613,.T.);
#1590=EDGE_CURVE('',#2210,#2211,#2614,.T.);
#1591=EDGE_CURVE('',#2212,#2211,#2615,.T.);
#1592=EDGE_CURVE('',#2206,#2212,#2616,.T.);
#1593=EDGE_CURVE('',#2204,#2205,#2617,.T.);
#1594=EDGE_CURVE('',#2213,#2203,#2618,.T.);
#1595=EDGE_CURVE('',#2213,#2214,#2619,.T.);
#1596=EDGE_CURVE('',#2214,#2207,#2620,.T.);
#1597=EDGE_CURVE('',#2215,#2216,#2621,.T.);
#1598=EDGE_CURVE('',#2216,#2217,#2622,.T.);
#1599=EDGE_CURVE('',#2217,#2218,#2623,.T.);
#1600=EDGE_CURVE('',#2218,#2215,#81,.T.);
#1601=EDGE_CURVE('',#2219,#2220,#2624,.T.);
#1602=EDGE_CURVE('',#2220,#2221,#82,.F.);
#1603=EDGE_CURVE('',#2221,#2222,#2625,.T.);
#1604=EDGE_CURVE('',#2222,#2219,#83,.T.);
#1605=EDGE_CURVE('',#2223,#2224,#2626,.T.);
#1606=EDGE_CURVE('',#2224,#2225,#84,.F.);
#1607=EDGE_CURVE('',#2225,#2226,#2627,.T.);
#1608=EDGE_CURVE('',#2226,#2223,#85,.T.);
#1609=EDGE_CURVE('',#2227,#2228,#2628,.T.);
#1610=EDGE_CURVE('',#2228,#2229,#86,.F.);
#1611=EDGE_CURVE('',#2229,#2230,#2629,.T.);
#1612=EDGE_CURVE('',#2230,#2227,#87,.T.);
#1613=EDGE_CURVE('',#2231,#2232,#88,.T.);
#1614=EDGE_CURVE('',#2232,#2233,#2630,.F.);
#1615=EDGE_CURVE('',#2234,#2233,#89,.T.);
#1616=EDGE_CURVE('',#2234,#2235,#2631,.T.);
#1617=EDGE_CURVE('',#2235,#2236,#90,.T.);
#1618=EDGE_CURVE('',#2236,#2237,#91,.T.);
#1619=EDGE_CURVE('',#2237,#2238,#92,.T.);
#1620=EDGE_CURVE('',#2238,#2239,#93,.T.);
#1621=EDGE_CURVE('',#2239,#2240,#94,.T.);
#1622=EDGE_CURVE('',#2240,#2231,#95,.T.);
#1623=EDGE_CURVE('',#2241,#2242,#2632,.T.);
#1624=EDGE_CURVE('',#2241,#2243,#96,.F.);
#1625=EDGE_CURVE('',#2244,#2243,#2633,.T.);
#1626=EDGE_CURVE('',#2244,#2242,#97,.T.);
#1627=EDGE_CURVE('',#2245,#2246,#2634,.T.);
#1628=EDGE_CURVE('',#2245,#2247,#98,.F.);
#1629=EDGE_CURVE('',#2248,#2247,#2635,.T.);
#1630=EDGE_CURVE('',#2248,#2246,#99,.T.);
#1631=EDGE_CURVE('',#2249,#2250,#2636,.T.);
#1632=EDGE_CURVE('',#2249,#2251,#100,.F.);
#1633=EDGE_CURVE('',#2252,#2251,#2637,.T.);
#1634=EDGE_CURVE('',#2252,#2250,#101,.T.);
#1635=EDGE_CURVE('',#2253,#2254,#2638,.T.);
#1636=EDGE_CURVE('',#2253,#2255,#102,.F.);
#1637=EDGE_CURVE('',#2256,#2255,#2639,.T.);
#1638=EDGE_CURVE('',#2256,#2254,#2640,.T.);
#1639=EDGE_CURVE('',#2257,#2258,#2641,.T.);
#1640=EDGE_CURVE('',#2257,#2259,#2642,.F.);
#1641=EDGE_CURVE('',#2259,#2260,#2643,.T.);
#1642=EDGE_CURVE('',#2260,#2258,#2644,.T.);
#1643=EDGE_CURVE('',#2261,#2262,#2645,.T.);
#1644=EDGE_CURVE('',#2261,#2263,#2646,.F.);
#1645=EDGE_CURVE('',#2263,#2264,#2647,.T.);
#1646=EDGE_CURVE('',#2262,#2264,#103,.T.);
#1647=EDGE_CURVE('',#2265,#2266,#2648,.T.);
#1648=EDGE_CURVE('',#2265,#2267,#2649,.F.);
#1649=EDGE_CURVE('',#2267,#2268,#2650,.T.);
#1650=EDGE_CURVE('',#2266,#2268,#104,.T.);
#1651=EDGE_CURVE('',#2269,#2270,#2651,.T.);
#1652=EDGE_CURVE('',#2269,#2271,#2652,.F.);
#1653=EDGE_CURVE('',#2271,#2272,#2653,.T.);
#1654=EDGE_CURVE('',#2270,#2272,#105,.T.);
#1655=EDGE_CURVE('',#2273,#2274,#106,.T.);
#1656=EDGE_CURVE('',#2273,#2275,#2654,.T.);
#1657=EDGE_CURVE('',#2275,#2270,#107,.T.);
#1658=EDGE_CURVE('',#2272,#2266,#108,.T.);
#1659=EDGE_CURVE('',#2268,#2262,#109,.T.);
#1660=EDGE_CURVE('',#2264,#2276,#110,.T.);
#1661=EDGE_CURVE('',#2274,#2276,#2655,.T.);
#1662=EDGE_CURVE('',#2277,#2278,#2656,.T.);
#1663=EDGE_CURVE('',#2279,#2278,#2657,.T.);
#1664=EDGE_CURVE('',#2279,#2280,#2658,.F.);
#1665=EDGE_CURVE('',#2280,#2277,#2659,.T.);
#1666=EDGE_CURVE('',#2281,#2282,#2660,.T.);
#1667=EDGE_CURVE('',#2282,#2283,#2661,.F.);
#1668=EDGE_CURVE('',#2284,#2283,#2662,.T.);
#1669=EDGE_CURVE('',#2285,#2284,#2663,.T.);
#1670=EDGE_CURVE('',#2285,#2286,#2664,.F.);
#1671=EDGE_CURVE('',#2287,#2286,#2665,.T.);
#1672=EDGE_CURVE('',#2287,#2288,#2666,.T.);
#1673=EDGE_CURVE('',#2288,#2289,#2667,.T.);
#1674=EDGE_CURVE('',#2289,#2290,#2668,.T.);
#1675=EDGE_CURVE('',#2290,#2291,#2669,.T.);
#1676=EDGE_CURVE('',#2291,#2292,#2670,.F.);
#1677=EDGE_CURVE('',#2292,#2293,#2671,.F.);
#1678=EDGE_CURVE('',#2293,#2200,#111,.F.);
#1679=EDGE_CURVE('',#2201,#2199,#2672,.T.);
#1680=EDGE_CURVE('',#2294,#2202,#2673,.T.);
#1681=EDGE_CURVE('',#2294,#2295,#2674,.F.);
#1682=EDGE_CURVE('',#2295,#2296,#112,.F.);
#1683=EDGE_CURVE('',#2296,#2297,#2675,.T.);
#1684=EDGE_CURVE('',#2297,#2298,#113,.F.);
#1685=EDGE_CURVE('',#2298,#2299,#2676,.T.);
#1686=EDGE_CURVE('',#2299,#2300,#114,.F.);
#1687=EDGE_CURVE('',#2300,#2281,#2677,.F.);
#1688=EDGE_CURVE('',#2275,#2216,#115,.T.);
#1689=EDGE_CURVE('',#2253,#2215,#2678,.T.);
#1690=EDGE_CURVE('',#2254,#2232,#116,.T.);
#1691=EDGE_CURVE('',#2301,#2231,#2679,.T.);
#1692=EDGE_CURVE('',#2302,#2301,#2680,.T.);
#1693=EDGE_CURVE('',#2302,#2303,#2681,.T.);
#1694=EDGE_CURVE('',#2303,#2304,#2682,.T.);
#1695=EDGE_CURVE('',#2270,#2304,#2683,.T.);
#1696=EDGE_CURVE('',#2305,#2306,#2684,.T.);
#1697=EDGE_CURVE('',#2305,#2240,#2685,.T.);
#1698=EDGE_CURVE('',#2306,#2239,#2686,.T.);
#1699=EDGE_CURVE('',#2272,#2307,#2687,.T.);
#1700=EDGE_CURVE('',#2307,#2308,#2688,.T.);
#1701=EDGE_CURVE('',#2266,#2308,#2689,.T.);
#1702=EDGE_CURVE('',#2309,#2310,#2690,.T.);
#1703=EDGE_CURVE('',#2309,#2238,#2691,.T.);
#1704=EDGE_CURVE('',#2311,#2237,#2692,.T.);
#1705=EDGE_CURVE('',#2311,#2310,#2693,.T.);
#1706=EDGE_CURVE('',#2268,#2312,#2694,.T.);
#1707=EDGE_CURVE('',#2312,#2313,#2695,.T.);
#1708=EDGE_CURVE('',#2313,#2314,#2696,.T.);
#1709=EDGE_CURVE('',#2262,#2314,#2697,.T.);
#1710=EDGE_CURVE('',#2315,#2316,#2698,.T.);
#1711=EDGE_CURVE('',#2316,#2236,#2699,.T.);
#1712=EDGE_CURVE('',#2317,#2235,#2700,.T.);
#1713=EDGE_CURVE('',#2315,#2317,#2701,.T.);
#1714=EDGE_CURVE('',#2264,#2318,#2702,.T.);
#1715=EDGE_CURVE('',#2318,#2319,#2703,.T.);
#1716=EDGE_CURVE('',#2258,#2319,#2704,.T.);
#1717=EDGE_CURVE('',#2258,#2276,#2705,.T.);
#1718=EDGE_CURVE('',#2320,#2321,#2706,.T.);
#1719=EDGE_CURVE('',#2320,#2322,#51,.F.);
#1720=EDGE_CURVE('',#2323,#2322,#2707,.T.);
#1721=EDGE_CURVE('',#2323,#2321,#2708,.T.);
#1722=EDGE_CURVE('',#2324,#2318,#52,.F.);
#1723=EDGE_CURVE('',#2324,#2325,#2709,.T.);
#1724=EDGE_CURVE('',#2325,#2326,#2710,.T.);
#1725=EDGE_CURVE('',#2327,#2326,#2711,.T.);
#1726=EDGE_CURVE('',#2327,#2319,#53,.F.);
#1727=EDGE_CURVE('',#2328,#2329,#54,.F.);
#1728=EDGE_CURVE('',#2328,#2330,#2712,.T.);
#1729=EDGE_CURVE('',#2330,#2331,#2713,.T.);
#1730=EDGE_CURVE('',#2332,#2331,#2714,.T.);
#1731=EDGE_CURVE('',#2332,#2314,#55,.F.);
#1732=EDGE_CURVE('',#2329,#2313,#2715,.T.);
#1733=EDGE_CURVE('',#2333,#2334,#56,.F.);
#1734=EDGE_CURVE('',#2333,#2335,#2716,.T.);
#1735=EDGE_CURVE('',#2335,#2336,#2717,.T.);
#1736=EDGE_CURVE('',#2334,#2336,#2718,.T.);
#1737=EDGE_CURVE('',#2337,#2338,#2719,.T.);
#1738=EDGE_CURVE('',#2337,#2339,#57,.F.);
#1739=EDGE_CURVE('',#2340,#2339,#2720,.T.);
#1740=EDGE_CURVE('',#2340,#2338,#2721,.T.);
#1741=EDGE_CURVE('',#2341,#2307,#58,.F.);
#1742=EDGE_CURVE('',#2341,#2342,#2722,.T.);
#1743=EDGE_CURVE('',#2342,#2323,#2723,.T.);
#1744=EDGE_CURVE('',#2322,#2308,#59,.F.);
#1745=EDGE_CURVE('',#2329,#2312,#60,.F.);
#1746=EDGE_CURVE('',#2343,#2339,#2724,.T.);
#1747=EDGE_CURVE('',#2344,#2343,#2725,.T.);
#1748=EDGE_CURVE('',#2340,#2344,#2726,.T.);
#1749=EDGE_CURVE('',#2345,#2343,#61,.F.);
#1750=EDGE_CURVE('',#2345,#2346,#2727,.T.);
#1751=EDGE_CURVE('',#2344,#2346,#2728,.T.);
#1752=EDGE_CURVE('',#2347,#2348,#2729,.T.);
#1753=EDGE_CURVE('',#2347,#2305,#62,.F.);
#1754=EDGE_CURVE('',#2349,#2306,#63,.F.);
#1755=EDGE_CURVE('',#2350,#2349,#2730,.T.);
#1756=EDGE_CURVE('',#2348,#2350,#2731,.T.);
#1757=EDGE_CURVE('',#2351,#2310,#2732,.T.);
#1758=EDGE_CURVE('',#2351,#2309,#64,.F.);
#1759=EDGE_CURVE('',#2349,#2352,#65,.F.);
#1760=EDGE_CURVE('',#2353,#2352,#2733,.T.);
#1761=EDGE_CURVE('',#2353,#2350,#2734,.T.);
#1762=EDGE_CURVE('',#2354,#2355,#2735,.T.);
#1763=EDGE_CURVE('',#2355,#2356,#2736,.T.);
#1764=EDGE_CURVE('',#2316,#2356,#66,.F.);
#1765=EDGE_CURVE('',#2315,#2357,#67,.F.);
#1766=EDGE_CURVE('',#2354,#2357,#2737,.T.);
#1767=EDGE_CURVE('',#2351,#2358,#68,.F.);
#1768=EDGE_CURVE('',#2311,#2359,#69,.F.);
#1769=EDGE_CURVE('',#2360,#2359,#2738,.T.);
#1770=EDGE_CURVE('',#2360,#2361,#2739,.T.);
#1771=EDGE_CURVE('',#2361,#2358,#2740,.T.);
#1772=EDGE_CURVE('',#2362,#2363,#2741,.T.);
#1773=EDGE_CURVE('',#2362,#2364,#2742,.T.);
#1774=EDGE_CURVE('',#2365,#2364,#70,.F.);
#1775=EDGE_CURVE('',#2363,#2365,#2743,.T.);
#1776=EDGE_CURVE('',#2286,#2366,#117,.F.);
#1777=EDGE_CURVE('',#2366,#2367,#2744,.T.);
#1778=EDGE_CURVE('',#2367,#2368,#2745,.T.);
#1779=EDGE_CURVE('',#2368,#2369,#2746,.F.);
#1780=EDGE_CURVE('',#2369,#2370,#2747,.T.);
#1781=EDGE_CURVE('',#2370,#2371,#2748,.T.);
#1782=EDGE_CURVE('',#2372,#2371,#2749,.T.);
#1783=EDGE_CURVE('',#2372,#2373,#2750,.T.);
#1784=EDGE_CURVE('',#2374,#2373,#2751,.T.);
#1785=EDGE_CURVE('',#2374,#2375,#2752,.T.);
#1786=EDGE_CURVE('',#2375,#2376,#2753,.T.);
#1787=EDGE_CURVE('',#2377,#2376,#2754,.T.);
#1788=EDGE_CURVE('',#2378,#2377,#2755,.T.);
#1789=EDGE_CURVE('',#2379,#2378,#2756,.T.);
#1790=EDGE_CURVE('',#2379,#2380,#2757,.T.);
#1791=EDGE_CURVE('',#2380,#2381,#2758,.T.);
#1792=EDGE_CURVE('',#2381,#2382,#2759,.T.);
#1793=EDGE_CURVE('',#2383,#2382,#2760,.T.);
#1794=EDGE_CURVE('',#2384,#2383,#2761,.T.);
#1795=EDGE_CURVE('',#2384,#2287,#118,.F.);
#1796=EDGE_CURVE('',#2385,#2386,#2762,.T.);
#1797=EDGE_CURVE('',#2385,#2234,#2763,.T.);
#1798=EDGE_CURVE('',#2233,#2387,#119,.T.);
#1799=EDGE_CURVE('',#2387,#2388,#120,.T.);
#1800=EDGE_CURVE('',#2388,#2273,#121,.T.);
#1801=EDGE_CURVE('',#2386,#2274,#2764,.T.);
#1802=EDGE_CURVE('',#2389,#2390,#2765,.T.);
#1803=EDGE_CURVE('',#2390,#2391,#2766,.T.);
#1804=EDGE_CURVE('',#2391,#2392,#2767,.T.);
#1805=EDGE_CURVE('',#2392,#2393,#2768,.T.);
#1806=EDGE_CURVE('',#2394,#2393,#2769,.T.);
#1807=EDGE_CURVE('',#2395,#2394,#2770,.T.);
#1808=EDGE_CURVE('',#2395,#2396,#2771,.T.);
#1809=EDGE_CURVE('',#2396,#2397,#2772,.T.);
#1810=EDGE_CURVE('',#2397,#2398,#2773,.T.);
#1811=EDGE_CURVE('',#2399,#2398,#2774,.T.);
#1812=EDGE_CURVE('',#2399,#2400,#2775,.T.);
#1813=EDGE_CURVE('',#2400,#2401,#2776,.T.);
#1814=EDGE_CURVE('',#2401,#2402,#2777,.T.);
#1815=EDGE_CURVE('',#2402,#2403,#2778,.F.);
#1816=EDGE_CURVE('',#2403,#2404,#2779,.T.);
#1817=EDGE_CURVE('',#2404,#2405,#2780,.T.);
#1818=EDGE_CURVE('',#2405,#2406,#2781,.T.);
#1819=EDGE_CURVE('',#2406,#2363,#2782,.T.);
#1820=EDGE_CURVE('',#2365,#2407,#2783,.T.);
#1821=EDGE_CURVE('',#2408,#2407,#2784,.T.);
#1822=EDGE_CURVE('',#2408,#2409,#2785,.T.);
#1823=EDGE_CURVE('',#2409,#2410,#2786,.T.);
#1824=EDGE_CURVE('',#2410,#2411,#2787,.T.);
#1825=EDGE_CURVE('',#2412,#2411,#2788,.T.);
#1826=EDGE_CURVE('',#2412,#2413,#2789,.T.);
#1827=EDGE_CURVE('',#2413,#2260,#2790,.T.);
#1828=EDGE_CURVE('',#2260,#2334,#2791,.T.);
#1829=EDGE_CURVE('',#2414,#2336,#2792,.T.);
#1830=EDGE_CURVE('',#2414,#2389,#2793,.T.);
#1831=EDGE_CURVE('',#2415,#2415,#122,.T.);
#1832=EDGE_CURVE('',#2210,#2416,#123,.T.);
#1833=EDGE_CURVE('',#2416,#2417,#2794,.T.);
#1834=EDGE_CURVE('',#2417,#2418,#2795,.T.);
#1835=EDGE_CURVE('',#2419,#2418,#2796,.T.);
#1836=EDGE_CURVE('',#2419,#2420,#124,.F.);
#1837=EDGE_CURVE('',#2420,#2421,#125,.T.);
#1838=EDGE_CURVE('',#2421,#2422,#126,.F.);
#1839=EDGE_CURVE('',#2422,#2423,#2797,.T.);
#1840=EDGE_CURVE('',#2424,#2423,#2798,.T.);
#1841=EDGE_CURVE('',#2424,#2425,#2799,.T.);
#1842=EDGE_CURVE('',#2425,#2211,#2800,.T.);
#1843=EDGE_CURVE('',#2426,#2427,#2801,.T.);
#1844=EDGE_CURVE('',#2426,#2428,#2802,.T.);
#1845=EDGE_CURVE('',#2428,#2429,#2803,.T.);
#1846=EDGE_CURVE('',#2427,#2429,#2804,.T.);
#1847=EDGE_CURVE('',#2430,#2431,#2805,.T.);
#1848=EDGE_CURVE('',#2430,#2432,#2806,.T.);
#1849=EDGE_CURVE('',#2432,#2433,#2807,.T.);
#1850=EDGE_CURVE('',#2431,#2433,#2808,.T.);
#1851=EDGE_CURVE('',#2434,#2434,#127,.T.);
#1852=EDGE_CURVE('',#2435,#2435,#128,.T.);
#1853=EDGE_CURVE('',#2436,#2436,#129,.T.);
#1854=EDGE_CURVE('',#2437,#2437,#130,.T.);
#1855=EDGE_CURVE('',#2438,#2438,#131,.T.);
#1856=EDGE_CURVE('',#2439,#2439,#132,.T.);
#1857=EDGE_CURVE('',#2440,#2440,#133,.T.);
#1858=EDGE_CURVE('',#2441,#2441,#134,.T.);
#1859=EDGE_CURVE('',#2442,#2442,#135,.T.);
#1860=EDGE_CURVE('',#2443,#2443,#136,.T.);
#1861=EDGE_CURVE('',#2444,#2444,#137,.T.);
#1862=EDGE_CURVE('',#2445,#2445,#138,.T.);
#1863=EDGE_CURVE('',#2446,#2446,#139,.T.);
#1864=EDGE_CURVE('',#2447,#2447,#140,.T.);
#1865=EDGE_CURVE('',#2448,#2448,#141,.T.);
#1866=EDGE_CURVE('',#2449,#2449,#142,.T.);
#1867=EDGE_CURVE('',#2450,#2450,#143,.T.);
#1868=EDGE_CURVE('',#2451,#2452,#2809,.F.);
#1869=EDGE_CURVE('',#2452,#2453,#2810,.F.);
#1870=EDGE_CURVE('',#2453,#2419,#2811,.F.);
#1871=EDGE_CURVE('',#2454,#2418,#2812,.T.);
#1872=EDGE_CURVE('',#2455,#2454,#2813,.T.);
#1873=EDGE_CURVE('',#2455,#2427,#2814,.T.);
#1874=EDGE_CURVE('',#2456,#2429,#2815,.T.);
#1875=EDGE_CURVE('',#2457,#2456,#2816,.T.);
#1876=EDGE_CURVE('',#2457,#2431,#2817,.T.);
#1877=EDGE_CURVE('',#2458,#2433,#2818,.T.);
#1878=EDGE_CURVE('',#2459,#2458,#2819,.T.);
#1879=EDGE_CURVE('',#2459,#2460,#2820,.T.);
#1880=EDGE_CURVE('',#2460,#2451,#2821,.T.);
#1881=EDGE_CURVE('',#2461,#2461,#144,.T.);
#1882=EDGE_CURVE('',#2462,#2462,#145,.T.);
#1883=EDGE_CURVE('',#2463,#2463,#146,.T.);
#1884=EDGE_CURVE('',#2464,#2464,#147,.T.);
#1885=EDGE_CURVE('',#2465,#2465,#148,.T.);
#1886=EDGE_CURVE('',#2466,#2466,#149,.T.);
#1887=EDGE_CURVE('',#2467,#2467,#150,.T.);
#1888=EDGE_CURVE('',#2468,#2468,#151,.T.);
#1889=EDGE_CURVE('',#2469,#2469,#152,.T.);
#1890=EDGE_CURVE('',#2470,#2470,#153,.T.);
#1891=EDGE_CURVE('',#2471,#2471,#154,.T.);
#1892=EDGE_CURVE('',#2472,#2472,#155,.T.);
#1893=EDGE_CURVE('',#2473,#2473,#156,.T.);
#1894=EDGE_CURVE('',#2474,#2474,#157,.T.);
#1895=EDGE_CURVE('',#2475,#2475,#158,.T.);
#1896=EDGE_CURVE('',#2476,#2476,#159,.T.);
#1897=EDGE_CURVE('',#2477,#2477,#160,.T.);
#1898=EDGE_CURVE('',#2416,#2478,#2822,.F.);
#1899=EDGE_CURVE('',#2478,#2479,#2823,.T.);
#1900=EDGE_CURVE('',#2479,#2480,#2824,.T.);
#1901=EDGE_CURVE('',#2481,#2480,#2825,.T.);
#1902=EDGE_CURVE('',#2481,#2482,#2826,.T.);
#1903=EDGE_CURVE('',#2483,#2482,#2827,.T.);
#1904=EDGE_CURVE('',#2432,#2483,#2828,.T.);
#1905=EDGE_CURVE('',#2430,#2484,#2829,.T.);
#1906=EDGE_CURVE('',#2485,#2484,#2830,.T.);
#1907=EDGE_CURVE('',#2428,#2485,#2831,.T.);
#1908=EDGE_CURVE('',#2426,#2486,#2832,.T.);
#1909=EDGE_CURVE('',#2487,#2486,#2833,.T.);
#1910=EDGE_CURVE('',#2417,#2487,#2834,.T.);
#1911=EDGE_CURVE('',#2373,#2398,#2835,.T.);
#1912=EDGE_CURVE('',#2374,#2397,#2836,.T.);
#1913=EDGE_CURVE('',#2488,#2489,#2837,.T.);
#1914=EDGE_CURVE('',#2489,#2402,#161,.T.);
#1915=EDGE_CURVE('',#2490,#2401,#2838,.T.);
#1916=EDGE_CURVE('',#2490,#2491,#162,.F.);
#1917=EDGE_CURVE('',#2491,#2492,#163,.T.);
#1918=EDGE_CURVE('',#2492,#2493,#164,.F.);
#1919=EDGE_CURVE('',#2494,#2493,#2839,.T.);
#1920=EDGE_CURVE('',#2494,#2495,#165,.F.);
#1921=EDGE_CURVE('',#2496,#2495,#166,.T.);
#1922=EDGE_CURVE('',#2496,#2451,#167,.F.);
#1923=EDGE_CURVE('',#2481,#2460,#2840,.T.);
#1924=EDGE_CURVE('',#2480,#2488,#168,.T.);
#1925=EDGE_CURVE('',#2497,#2497,#169,.T.);
#1926=EDGE_CURVE('',#2498,#2498,#170,.T.);
#1927=EDGE_CURVE('',#2499,#2500,#2841,.T.);
#1928=EDGE_CURVE('',#2500,#2423,#2842,.T.);
#1929=EDGE_CURVE('',#2422,#2499,#2843,.F.);
#1930=EDGE_CURVE('',#2493,#2501,#2844,.T.);
#1931=EDGE_CURVE('',#2501,#2502,#2845,.F.);
#1932=EDGE_CURVE('',#2502,#2494,#2846,.T.);
#1933=EDGE_CURVE('',#2488,#2503,#2847,.F.);
#1934=EDGE_CURVE('',#2503,#2504,#2848,.T.);
#1935=EDGE_CURVE('',#2504,#2489,#2849,.T.);
#1936=EDGE_CURVE('',#2505,#2506,#2850,.T.);
#1937=EDGE_CURVE('',#2506,#2507,#2851,.T.);
#1938=EDGE_CURVE('',#2507,#2508,#2852,.T.);
#1939=EDGE_CURVE('',#2508,#2509,#2853,.F.);
#1940=EDGE_CURVE('',#2509,#2510,#2854,.T.);
#1941=EDGE_CURVE('',#2510,#2511,#171,.F.);
#1942=EDGE_CURVE('',#2511,#2512,#2855,.T.);
#1943=EDGE_CURVE('',#2512,#2513,#172,.F.);
#1944=EDGE_CURVE('',#2513,#2514,#2856,.T.);
#1945=EDGE_CURVE('',#2514,#2515,#173,.F.);
#1946=EDGE_CURVE('',#2515,#2516,#2857,.T.);
#1947=EDGE_CURVE('',#2516,#2505,#174,.F.);
#1948=EDGE_CURVE('',#2392,#2207,#175,.T.);
#1949=EDGE_CURVE('',#2517,#2214,#2858,.T.);
#1950=EDGE_CURVE('',#2517,#2518,#2859,.T.);
#1951=EDGE_CURVE('',#2518,#2196,#2860,.T.);
#1952=EDGE_CURVE('',#2198,#2519,#176,.F.);
#1953=EDGE_CURVE('',#2520,#2519,#177,.T.);
#1954=EDGE_CURVE('',#2520,#2379,#178,.F.);
#1955=EDGE_CURVE('',#2378,#2393,#2861,.T.);
#1956=EDGE_CURVE('',#2521,#2521,#179,.T.);
#1957=EDGE_CURVE('',#2495,#2522,#2862,.F.);
#1958=EDGE_CURVE('',#2522,#2523,#180,.T.);
#1959=EDGE_CURVE('',#2523,#2496,#2863,.T.);
#1960=EDGE_CURVE('',#2491,#2524,#2864,.F.);
#1961=EDGE_CURVE('',#2524,#2525,#181,.T.);
#1962=EDGE_CURVE('',#2525,#2492,#2865,.T.);
#1963=EDGE_CURVE('',#2420,#2526,#2866,.F.);
#1964=EDGE_CURVE('',#2526,#2527,#182,.T.);
#1965=EDGE_CURVE('',#2527,#2421,#2867,.T.);
#1966=EDGE_CURVE('',#2519,#2528,#2868,.F.);
#1967=EDGE_CURVE('',#2528,#2529,#183,.T.);
#1968=EDGE_CURVE('',#2529,#2520,#2869,.T.);
#1969=EDGE_CURVE('',#2530,#2530,#184,.T.);
#1970=EDGE_CURVE('',#2531,#2531,#185,.T.);
#1971=EDGE_CURVE('',#2532,#2532,#186,.T.);
#1972=EDGE_CURVE('',#2533,#2533,#187,.T.);
#1973=EDGE_CURVE('',#2376,#2395,#2870,.T.);
#1974=EDGE_CURVE('',#2394,#2377,#2871,.T.);
#1975=EDGE_CURVE('',#2396,#2375,#2872,.T.);
#1976=EDGE_CURVE('',#2213,#2187,#2873,.T.);
#1977=EDGE_CURVE('',#2517,#2201,#2874,.T.);
#1978=EDGE_CURVE('',#2212,#2193,#2875,.T.);
#1979=EDGE_CURVE('',#2202,#2425,#2876,.T.);
#1980=EDGE_CURVE('',#2372,#2399,#2877,.T.);
#1981=EDGE_CURVE('',#2534,#2400,#2878,.T.);
#1982=EDGE_CURVE('',#2534,#2490,#2879,.T.);
#1983=EDGE_CURVE('',#2371,#2534,#188,.F.);
#1984=EDGE_CURVE('',#2482,#2459,#2880,.T.);
#1985=EDGE_CURVE('',#2483,#2458,#2881,.T.);
#1986=EDGE_CURVE('',#2484,#2457,#2882,.T.);
#1987=EDGE_CURVE('',#2485,#2456,#2883,.T.);
#1988=EDGE_CURVE('',#2486,#2455,#2884,.T.);
#1989=EDGE_CURVE('',#2487,#2454,#2885,.T.);
#1990=EDGE_CURVE('',#2535,#2367,#2886,.T.);
#1991=EDGE_CURVE('',#2535,#2536,#2887,.T.);
#1992=EDGE_CURVE('',#2536,#2537,#2888,.T.);
#1993=EDGE_CURVE('',#2537,#2538,#2889,.T.);
#1994=EDGE_CURVE('',#2538,#2539,#2890,.T.);
#1995=EDGE_CURVE('',#2539,#2368,#189,.F.);
#1996=EDGE_CURVE('',#2538,#2540,#2891,.T.);
#1997=EDGE_CURVE('',#2540,#2541,#190,.T.);
#1998=EDGE_CURVE('',#2541,#2542,#2892,.F.);
#1999=EDGE_CURVE('',#2542,#2539,#2893,.T.);
#2000=EDGE_CURVE('',#2366,#2543,#2894,.T.);
#2001=EDGE_CURVE('',#2535,#2543,#2895,.T.);
#2002=EDGE_CURVE('',#2544,#2383,#2896,.T.);
#2003=EDGE_CURVE('',#2382,#2545,#191,.T.);
#2004=EDGE_CURVE('',#2546,#2545,#2897,.T.);
#2005=EDGE_CURVE('',#2547,#2546,#2898,.T.);
#2006=EDGE_CURVE('',#2548,#2547,#2899,.T.);
#2007=EDGE_CURVE('',#2544,#2548,#2900,.T.);
#2008=EDGE_CURVE('',#2544,#2549,#2901,.T.);
#2009=EDGE_CURVE('',#2549,#2384,#2902,.F.);
#2010=EDGE_CURVE('',#2545,#2550,#2903,.F.);
#2011=EDGE_CURVE('',#2550,#2551,#2904,.T.);
#2012=EDGE_CURVE('',#2551,#2552,#192,.F.);
#2013=EDGE_CURVE('',#2546,#2552,#2905,.T.);
#2014=EDGE_CURVE('',#2553,#2412,#2906,.T.);
#2015=EDGE_CURVE('',#2553,#2554,#2907,.T.);
#2016=EDGE_CURVE('',#2554,#2409,#2908,.T.);
#2017=EDGE_CURVE('',#2385,#2408,#2909,.T.);
#2018=EDGE_CURVE('',#2386,#2413,#2910,.T.);
#2019=EDGE_CURVE('',#2407,#2317,#2911,.T.);
#2020=EDGE_CURVE('',#2555,#2335,#2912,.T.);
#2021=EDGE_CURVE('',#2555,#2414,#2913,.F.);
#2022=EDGE_CURVE('',#2556,#2303,#71,.F.);
#2023=EDGE_CURVE('',#2556,#2557,#2914,.T.);
#2024=EDGE_CURVE('',#2557,#2558,#2915,.T.);
#2025=EDGE_CURVE('',#2559,#2558,#2916,.T.);
#2026=EDGE_CURVE('',#2559,#2304,#72,.F.);
#2027=EDGE_CURVE('',#2560,#2561,#2917,.T.);
#2028=EDGE_CURVE('',#2560,#2302,#73,.F.);
#2029=EDGE_CURVE('',#2562,#2301,#74,.F.);
#2030=EDGE_CURVE('',#2562,#2563,#2918,.T.);
#2031=EDGE_CURVE('',#2561,#2563,#2919,.T.);
#2032=EDGE_CURVE('',#2406,#2564,#2920,.T.);
#2033=EDGE_CURVE('',#2564,#2362,#2921,.T.);
#2034=EDGE_CURVE('',#2561,#2557,#2922,.T.);
#2035=EDGE_CURVE('',#2563,#2558,#2923,.T.);
#2036=EDGE_CURVE('',#2346,#2338,#2924,.T.);
#2037=EDGE_CURVE('',#2565,#2566,#2925,.T.);
#2038=EDGE_CURVE('',#2566,#2567,#2926,.T.);
#2039=EDGE_CURVE('',#2568,#2567,#2927,.T.);
#2040=EDGE_CURVE('',#2568,#2555,#2928,.T.);
#2041=EDGE_CURVE('',#2362,#2335,#2929,.T.);
#2042=EDGE_CURVE('',#2565,#2564,#2930,.T.);
#2043=EDGE_CURVE('',#2348,#2342,#2931,.T.);
#2044=EDGE_CURVE('',#2353,#2321,#2932,.T.);
#2045=EDGE_CURVE('',#2361,#2330,#2933,.T.);
#2046=EDGE_CURVE('',#2360,#2331,#2934,.T.);
#2047=EDGE_CURVE('',#2355,#2325,#2935,.T.);
#2048=EDGE_CURVE('',#2354,#2326,#2936,.T.);
#2049=EDGE_CURVE('',#2407,#2569,#2937,.T.);
#2050=EDGE_CURVE('',#2569,#2570,#2938,.T.);
#2051=EDGE_CURVE('',#2317,#2570,#2939,.T.);
#2052=EDGE_CURVE('',#2364,#2333,#2940,.T.);
#2053=EDGE_CURVE('',#2259,#2571,#31,.T.);
#2054=EDGE_CURVE('',#2411,#2571,#193,.F.);
#2055=EDGE_CURVE('',#2572,#2410,#194,.T.);
#2056=EDGE_CURVE('',#2572,#2569,#32,.T.);
#2057=EDGE_CURVE('',#2357,#2327,#2941,.T.);
#2058=EDGE_CURVE('',#2570,#2243,#33,.T.);
#2059=EDGE_CURVE('',#2241,#2227,#2942,.T.);
#2060=EDGE_CURVE('',#2230,#2257,#34,.T.);
#2061=EDGE_CURVE('',#2356,#2324,#2943,.T.);
#2062=EDGE_CURVE('',#2263,#2229,#35,.T.);
#2063=EDGE_CURVE('',#2242,#2228,#2944,.T.);
#2064=EDGE_CURVE('',#2244,#2573,#36,.T.);
#2065=EDGE_CURVE('',#2236,#2573,#2945,.T.);
#2066=EDGE_CURVE('',#2573,#2574,#2946,.T.);
#2067=EDGE_CURVE('',#2237,#2574,#2947,.T.);
#2068=EDGE_CURVE('',#2359,#2332,#2948,.T.);
#2069=EDGE_CURVE('',#2574,#2247,#37,.T.);
#2070=EDGE_CURVE('',#2245,#2223,#2949,.T.);
#2071=EDGE_CURVE('',#2226,#2261,#38,.T.);
#2072=EDGE_CURVE('',#2358,#2328,#2950,.T.);
#2073=EDGE_CURVE('',#2267,#2225,#39,.T.);
#2074=EDGE_CURVE('',#2246,#2224,#2951,.T.);
#2075=EDGE_CURVE('',#2248,#2575,#40,.T.);
#2076=EDGE_CURVE('',#2238,#2575,#2952,.T.);
#2077=EDGE_CURVE('',#2352,#2320,#2953,.T.);
#2078=EDGE_CURVE('',#2239,#2576,#2954,.T.);
#2079=EDGE_CURVE('',#2576,#2251,#41,.T.);
#2080=EDGE_CURVE('',#2249,#2219,#2955,.T.);
#2081=EDGE_CURVE('',#2222,#2265,#42,.T.);
#2082=EDGE_CURVE('',#2575,#2576,#2956,.T.);
#2083=EDGE_CURVE('',#2347,#2341,#2957,.T.);
#2084=EDGE_CURVE('',#2271,#2221,#43,.T.);
#2085=EDGE_CURVE('',#2250,#2220,#2958,.T.);
#2086=EDGE_CURVE('',#2252,#2577,#44,.T.);
#2087=EDGE_CURVE('',#2240,#2577,#2959,.T.);
#2088=EDGE_CURVE('',#2562,#2559,#2960,.T.);
#2089=EDGE_CURVE('',#2231,#2578,#2961,.T.);
#2090=EDGE_CURVE('',#2578,#2255,#45,.T.);
#2091=EDGE_CURVE('',#2218,#2269,#46,.T.);
#2092=EDGE_CURVE('',#2577,#2578,#2962,.T.);
#2093=EDGE_CURVE('',#2560,#2556,#2963,.T.);
#2094=EDGE_CURVE('',#2345,#2337,#2964,.T.);
#2095=EDGE_CURVE('',#2552,#2579,#2965,.F.);
#2096=EDGE_CURVE('',#2547,#2579,#2966,.T.);
#2097=EDGE_CURVE('',#2548,#2289,#2967,.T.);
#2098=EDGE_CURVE('',#2579,#2290,#195,.F.);
#2099=EDGE_CURVE('',#2288,#2549,#196,.T.);
#2100=EDGE_CURVE('',#2537,#2580,#2968,.T.);
#2101=EDGE_CURVE('',#2580,#2540,#2969,.T.);
#2102=EDGE_CURVE('',#2543,#2285,#197,.F.);
#2103=EDGE_CURVE('',#2536,#2284,#2970,.T.);
#2104=EDGE_CURVE('',#2283,#2580,#198,.T.);
#2105=EDGE_CURVE('',#2389,#2568,#2971,.T.);
#2106=EDGE_CURVE('',#2567,#2507,#2972,.T.);
#2107=EDGE_CURVE('',#2506,#2390,#2973,.F.);
#2108=EDGE_CURVE('',#2565,#2405,#2974,.T.);
#2109=EDGE_CURVE('',#2508,#2566,#2975,.F.);
#2110=EDGE_CURVE('',#2404,#2509,#2976,.T.);
#2111=EDGE_CURVE('',#2217,#2581,#199,.T.);
#2112=EDGE_CURVE('',#2581,#2582,#200,.F.);
#2113=EDGE_CURVE('',#2582,#2256,#201,.T.);
#2114=EDGE_CURVE('',#2255,#2252,#2977,.T.);
#2115=EDGE_CURVE('',#2251,#2248,#2978,.T.);
#2116=EDGE_CURVE('',#2247,#2244,#2979,.T.);
#2117=EDGE_CURVE('',#2243,#2572,#2980,.T.);
#2118=EDGE_CURVE('',#2572,#2554,#2981,.T.);
#2119=EDGE_CURVE('',#2571,#2553,#2982,.T.);
#2120=EDGE_CURVE('',#2230,#2571,#2983,.T.);
#2121=EDGE_CURVE('',#2226,#2229,#2984,.T.);
#2122=EDGE_CURVE('',#2222,#2225,#2985,.T.);
#2123=EDGE_CURVE('',#2218,#2221,#2986,.T.);
#2124=EDGE_CURVE('',#2581,#2388,#47,.T.);
#2125=EDGE_CURVE('',#2387,#2582,#48,.F.);
#2126=EDGE_CURVE('',#2278,#2583,#202,.T.);
#2127=EDGE_CURVE('',#2583,#2584,#2987,.T.);
#2128=EDGE_CURVE('',#2585,#2584,#2988,.T.);
#2129=EDGE_CURVE('',#2586,#2585,#2989,.T.);
#2130=EDGE_CURVE('',#2586,#2279,#203,.T.);
#2131=EDGE_CURVE('',#2584,#2587,#2990,.T.);
#2132=EDGE_CURVE('',#2588,#2587,#2991,.T.);
#2133=EDGE_CURVE('',#2585,#2588,#2992,.T.);
#2134=EDGE_CURVE('',#2587,#2589,#2993,.T.);
#2135=EDGE_CURVE('',#2589,#2590,#2994,.F.);
#2136=EDGE_CURVE('',#2588,#2590,#2995,.T.);
#2137=EDGE_CURVE('',#2590,#2586,#2996,.T.);
#2138=EDGE_CURVE('',#2583,#2589,#2997,.F.);
#2139=EDGE_CURVE('',#2197,#2528,#204,.F.);
#2140=EDGE_CURVE('',#2529,#2380,#205,.F.);
#2141=EDGE_CURVE('',#2525,#2501,#206,.F.);
#2142=EDGE_CURVE('',#2370,#2524,#207,.F.);
#2143=EDGE_CURVE('',#2502,#2522,#208,.F.);
#2144=EDGE_CURVE('',#2523,#2452,#209,.F.);
#2145=EDGE_CURVE('',#2453,#2526,#210,.F.);
#2146=EDGE_CURVE('',#2527,#2499,#211,.F.);
#2147=EDGE_CURVE('',#2542,#2369,#212,.T.);
#2148=EDGE_CURVE('',#2381,#2550,#213,.F.);
#2149=EDGE_CURVE('',#2291,#2551,#49,.F.);
#2150=EDGE_CURVE('',#2292,#2550,#214,.T.);
#2151=EDGE_CURVE('',#2292,#2381,#215,.T.);
#2152=EDGE_CURVE('',#2293,#2380,#216,.T.);
#2153=EDGE_CURVE('',#2293,#2529,#217,.T.);
#2154=EDGE_CURVE('',#2200,#2528,#218,.T.);
#2155=EDGE_CURVE('',#2294,#2500,#219,.F.);
#2156=EDGE_CURVE('',#2295,#2499,#220,.T.);
#2157=EDGE_CURVE('',#2295,#2527,#221,.T.);
#2158=EDGE_CURVE('',#2296,#2526,#222,.T.);
#2159=EDGE_CURVE('',#2296,#2453,#223,.T.);
#2160=EDGE_CURVE('',#2297,#2452,#224,.T.);
#2161=EDGE_CURVE('',#2297,#2523,#225,.T.);
#2162=EDGE_CURVE('',#2298,#2522,#226,.T.);
#2163=EDGE_CURVE('',#2298,#2502,#227,.T.);
#2164=EDGE_CURVE('',#2299,#2501,#228,.T.);
#2165=EDGE_CURVE('',#2299,#2525,#229,.T.);
#2166=EDGE_CURVE('',#2300,#2524,#230,.T.);
#2167=EDGE_CURVE('',#2300,#2370,#231,.T.);
#2168=EDGE_CURVE('',#2281,#2369,#232,.T.);
#2169=EDGE_CURVE('',#2281,#2542,#233,.T.);
#2170=EDGE_CURVE('',#2541,#2282,#50,.T.);
#2171=EDGE_CURVE('',#2294,#2424,#2998,.T.);
#2172=EDGE_CURVE('',#2199,#2518,#2999,.T.);
#2173=EDGE_CURVE('',#2280,#2590,#75,.F.);
#2174=EDGE_CURVE('',#2589,#2277,#76,.T.);
#2175=EDGE_CURVE('',#2504,#2403,#234,.T.);
#2176=EDGE_CURVE('',#2391,#2208,#235,.T.);
#2177=EDGE_CURVE('',#2479,#2503,#236,.T.);
#2178=EDGE_CURVE('',#2209,#2478,#237,.T.);
#2179=EDGE_CURVE('',#2510,#2403,#3000,.T.);
#2180=EDGE_CURVE('',#2511,#2504,#3001,.T.);
#2181=EDGE_CURVE('',#2512,#2503,#3002,.T.);
#2182=EDGE_CURVE('',#2513,#2479,#3003,.T.);
#2183=EDGE_CURVE('',#2514,#2478,#3004,.T.);
#2184=EDGE_CURVE('',#2515,#2209,#3005,.T.);
#2185=EDGE_CURVE('',#2516,#2208,#3006,.T.);
#2186=EDGE_CURVE('',#2505,#2391,#3007,.T.);
#2187=VERTEX_POINT('',#6095);
#2188=VERTEX_POINT('',#6096);
#2189=VERTEX_POINT('',#6098);
#2190=VERTEX_POINT('',#6100);
#2191=VERTEX_POINT('',#6102);
#2192=VERTEX_POINT('',#6104);
#2193=VERTEX_POINT('',#6106);
#2194=VERTEX_POINT('',#6108);
#2195=VERTEX_POINT('',#6112);
#2196=VERTEX_POINT('',#6113);
#2197=VERTEX_POINT('',#6115);
#2198=VERTEX_POINT('',#6117);
#2199=VERTEX_POINT('',#6121);
#2200=VERTEX_POINT('',#6123);
#2201=VERTEX_POINT('',#6127);
#2202=VERTEX_POINT('',#6129);
#2203=VERTEX_POINT('',#6133);
#2204=VERTEX_POINT('',#6134);
#2205=VERTEX_POINT('',#6139);
#2206=VERTEX_POINT('',#6141);
#2207=VERTEX_POINT('',#6145);
#2208=VERTEX_POINT('',#6146);
#2209=VERTEX_POINT('',#6148);
#2210=VERTEX_POINT('',#6150);
#2211=VERTEX_POINT('',#6152);
#2212=VERTEX_POINT('',#6154);
#2213=VERTEX_POINT('',#6158);
#2214=VERTEX_POINT('',#6160);
#2215=VERTEX_POINT('',#6164);
#2216=VERTEX_POINT('',#6165);
#2217=VERTEX_POINT('',#6167);
#2218=VERTEX_POINT('',#6169);
#2219=VERTEX_POINT('',#6173);
#2220=VERTEX_POINT('',#6174);
#2221=VERTEX_POINT('',#6176);
#2222=VERTEX_POINT('',#6178);
#2223=VERTEX_POINT('',#6182);
#2224=VERTEX_POINT('',#6183);
#2225=VERTEX_POINT('',#6185);
#2226=VERTEX_POINT('',#6187);
#2227=VERTEX_POINT('',#6191);
#2228=VERTEX_POINT('',#6192);
#2229=VERTEX_POINT('',#6194);
#2230=VERTEX_POINT('',#6196);
#2231=VERTEX_POINT('',#6200);
#2232=VERTEX_POINT('',#6201);
#2233=VERTEX_POINT('',#6203);
#2234=VERTEX_POINT('',#6205);
#2235=VERTEX_POINT('',#6207);
#2236=VERTEX_POINT('',#6209);
#2237=VERTEX_POINT('',#6211);
#2238=VERTEX_POINT('',#6213);
#2239=VERTEX_POINT('',#6215);
#2240=VERTEX_POINT('',#6217);
#2241=VERTEX_POINT('',#6221);
#2242=VERTEX_POINT('',#6222);
#2243=VERTEX_POINT('',#6224);
#2244=VERTEX_POINT('',#6226);
#2245=VERTEX_POINT('',#6230);
#2246=VERTEX_POINT('',#6231);
#2247=VERTEX_POINT('',#6233);
#2248=VERTEX_POINT('',#6235);
#2249=VERTEX_POINT('',#6239);
#2250=VERTEX_POINT('',#6240);
#2251=VERTEX_POINT('',#6242);
#2252=VERTEX_POINT('',#6244);
#2253=VERTEX_POINT('',#6248);
#2254=VERTEX_POINT('',#6249);
#2255=VERTEX_POINT('',#6251);
#2256=VERTEX_POINT('',#6253);
#2257=VERTEX_POINT('',#6257);
#2258=VERTEX_POINT('',#6258);
#2259=VERTEX_POINT('',#6260);
#2260=VERTEX_POINT('',#6262);
#2261=VERTEX_POINT('',#6266);
#2262=VERTEX_POINT('',#6267);
#2263=VERTEX_POINT('',#6269);
#2264=VERTEX_POINT('',#6271);
#2265=VERTEX_POINT('',#6275);
#2266=VERTEX_POINT('',#6276);
#2267=VERTEX_POINT('',#6278);
#2268=VERTEX_POINT('',#6280);
#2269=VERTEX_POINT('',#6284);
#2270=VERTEX_POINT('',#6285);
#2271=VERTEX_POINT('',#6287);
#2272=VERTEX_POINT('',#6289);
#2273=VERTEX_POINT('',#6293);
#2274=VERTEX_POINT('',#6294);
#2275=VERTEX_POINT('',#6296);
#2276=VERTEX_POINT('',#6301);
#2277=VERTEX_POINT('',#6305);
#2278=VERTEX_POINT('',#6306);
#2279=VERTEX_POINT('',#6308);
#2280=VERTEX_POINT('',#6310);
#2281=VERTEX_POINT('',#6313);
#2282=VERTEX_POINT('',#6314);
#2283=VERTEX_POINT('',#6316);
#2284=VERTEX_POINT('',#6318);
#2285=VERTEX_POINT('',#6320);
#2286=VERTEX_POINT('',#6322);
#2287=VERTEX_POINT('',#6324);
#2288=VERTEX_POINT('',#6326);
#2289=VERTEX_POINT('',#6328);
#2290=VERTEX_POINT('',#6330);
#2291=VERTEX_POINT('',#6332);
#2292=VERTEX_POINT('',#6334);
#2293=VERTEX_POINT('',#6336);
#2294=VERTEX_POINT('',#6340);
#2295=VERTEX_POINT('',#6342);
#2296=VERTEX_POINT('',#6344);
#2297=VERTEX_POINT('',#6346);
#2298=VERTEX_POINT('',#6348);
#2299=VERTEX_POINT('',#6350);
#2300=VERTEX_POINT('',#6352);
#2301=VERTEX_POINT('',#6359);
#2302=VERTEX_POINT('',#6361);
#2303=VERTEX_POINT('',#6363);
#2304=VERTEX_POINT('',#6365);
#2305=VERTEX_POINT('',#6369);
#2306=VERTEX_POINT('',#6370);
#2307=VERTEX_POINT('',#6375);
#2308=VERTEX_POINT('',#6377);
#2309=VERTEX_POINT('',#6381);
#2310=VERTEX_POINT('',#6382);
#2311=VERTEX_POINT('',#6385);
#2312=VERTEX_POINT('',#6389);
#2313=VERTEX_POINT('',#6391);
#2314=VERTEX_POINT('',#6393);
#2315=VERTEX_POINT('',#6397);
#2316=VERTEX_POINT('',#6398);
#2317=VERTEX_POINT('',#6401);
#2318=VERTEX_POINT('',#6405);
#2319=VERTEX_POINT('',#6407);
#2320=VERTEX_POINT('',#6412);
#2321=VERTEX_POINT('',#6413);
#2322=VERTEX_POINT('',#6415);
#2323=VERTEX_POINT('',#6417);
#2324=VERTEX_POINT('',#6421);
#2325=VERTEX_POINT('',#6423);
#2326=VERTEX_POINT('',#6425);
#2327=VERTEX_POINT('',#6427);
#2328=VERTEX_POINT('',#6431);
#2329=VERTEX_POINT('',#6432);
#2330=VERTEX_POINT('',#6434);
#2331=VERTEX_POINT('',#6436);
#2332=VERTEX_POINT('',#6438);
#2333=VERTEX_POINT('',#6443);
#2334=VERTEX_POINT('',#6444);
#2335=VERTEX_POINT('',#6446);
#2336=VERTEX_POINT('',#6448);
#2337=VERTEX_POINT('',#6452);
#2338=VERTEX_POINT('',#6453);
#2339=VERTEX_POINT('',#6455);
#2340=VERTEX_POINT('',#6457);
#2341=VERTEX_POINT('',#6461);
#2342=VERTEX_POINT('',#6463);
#2343=VERTEX_POINT('',#6470);
#2344=VERTEX_POINT('',#6472);
#2345=VERTEX_POINT('',#6476);
#2346=VERTEX_POINT('',#6478);
#2347=VERTEX_POINT('',#6482);
#2348=VERTEX_POINT('',#6483);
#2349=VERTEX_POINT('',#6486);
#2350=VERTEX_POINT('',#6488);
#2351=VERTEX_POINT('',#6492);
#2352=VERTEX_POINT('',#6496);
#2353=VERTEX_POINT('',#6498);
#2354=VERTEX_POINT('',#6502);
#2355=VERTEX_POINT('',#6503);
#2356=VERTEX_POINT('',#6505);
#2357=VERTEX_POINT('',#6508);
#2358=VERTEX_POINT('',#6512);
#2359=VERTEX_POINT('',#6514);
#2360=VERTEX_POINT('',#6516);
#2361=VERTEX_POINT('',#6518);
#2362=VERTEX_POINT('',#6522);
#2363=VERTEX_POINT('',#6523);
#2364=VERTEX_POINT('',#6525);
#2365=VERTEX_POINT('',#6527);
#2366=VERTEX_POINT('',#6531);
#2367=VERTEX_POINT('',#6533);
#2368=VERTEX_POINT('',#6535);
#2369=VERTEX_POINT('',#6537);
#2370=VERTEX_POINT('',#6539);
#2371=VERTEX_POINT('',#6541);
#2372=VERTEX_POINT('',#6543);
#2373=VERTEX_POINT('',#6545);
#2374=VERTEX_POINT('',#6547);
#2375=VERTEX_POINT('',#6549);
#2376=VERTEX_POINT('',#6551);
#2377=VERTEX_POINT('',#6553);
#2378=VERTEX_POINT('',#6555);
#2379=VERTEX_POINT('',#6557);
#2380=VERTEX_POINT('',#6559);
#2381=VERTEX_POINT('',#6561);
#2382=VERTEX_POINT('',#6563);
#2383=VERTEX_POINT('',#6565);
#2384=VERTEX_POINT('',#6567);
#2385=VERTEX_POINT('',#6570);
#2386=VERTEX_POINT('',#6571);
#2387=VERTEX_POINT('',#6574);
#2388=VERTEX_POINT('',#6576);
#2389=VERTEX_POINT('',#6581);
#2390=VERTEX_POINT('',#6582);
#2391=VERTEX_POINT('',#6584);
#2392=VERTEX_POINT('',#6586);
#2393=VERTEX_POINT('',#6588);
#2394=VERTEX_POINT('',#6590);
#2395=VERTEX_POINT('',#6592);
#2396=VERTEX_POINT('',#6594);
#2397=VERTEX_POINT('',#6596);
#2398=VERTEX_POINT('',#6598);
#2399=VERTEX_POINT('',#6600);
#2400=VERTEX_POINT('',#6602);
#2401=VERTEX_POINT('',#6604);
#2402=VERTEX_POINT('',#6606);
#2403=VERTEX_POINT('',#6608);
#2404=VERTEX_POINT('',#6610);
#2405=VERTEX_POINT('',#6612);
#2406=VERTEX_POINT('',#6614);
#2407=VERTEX_POINT('',#6617);
#2408=VERTEX_POINT('',#6619);
#2409=VERTEX_POINT('',#6621);
#2410=VERTEX_POINT('',#6623);
#2411=VERTEX_POINT('',#6625);
#2412=VERTEX_POINT('',#6627);
#2413=VERTEX_POINT('',#6629);
#2414=VERTEX_POINT('',#6633);
#2415=VERTEX_POINT('',#6637);
#2416=VERTEX_POINT('',#6639);
#2417=VERTEX_POINT('',#6641);
#2418=VERTEX_POINT('',#6643);
#2419=VERTEX_POINT('',#6645);
#2420=VERTEX_POINT('',#6647);
#2421=VERTEX_POINT('',#6649);
#2422=VERTEX_POINT('',#6651);
#2423=VERTEX_POINT('',#6653);
#2424=VERTEX_POINT('',#6655);
#2425=VERTEX_POINT('',#6657);
#2426=VERTEX_POINT('',#6661);
#2427=VERTEX_POINT('',#6662);
#2428=VERTEX_POINT('',#6664);
#2429=VERTEX_POINT('',#6666);
#2430=VERTEX_POINT('',#6670);
#2431=VERTEX_POINT('',#6671);
#2432=VERTEX_POINT('',#6673);
#2433=VERTEX_POINT('',#6675);
#2434=VERTEX_POINT('',#6679);
#2435=VERTEX_POINT('',#6681);
#2436=VERTEX_POINT('',#6683);
#2437=VERTEX_POINT('',#6685);
#2438=VERTEX_POINT('',#6687);
#2439=VERTEX_POINT('',#6689);
#2440=VERTEX_POINT('',#6691);
#2441=VERTEX_POINT('',#6693);
#2442=VERTEX_POINT('',#6695);
#2443=VERTEX_POINT('',#6697);
#2444=VERTEX_POINT('',#6699);
#2445=VERTEX_POINT('',#6701);
#2446=VERTEX_POINT('',#6703);
#2447=VERTEX_POINT('',#6705);
#2448=VERTEX_POINT('',#6707);
#2449=VERTEX_POINT('',#6709);
#2450=VERTEX_POINT('',#6711);
#2451=VERTEX_POINT('',#6713);
#2452=VERTEX_POINT('',#6714);
#2453=VERTEX_POINT('',#6716);
#2454=VERTEX_POINT('',#6719);
#2455=VERTEX_POINT('',#6721);
#2456=VERTEX_POINT('',#6724);
#2457=VERTEX_POINT('',#6726);
#2458=VERTEX_POINT('',#6729);
#2459=VERTEX_POINT('',#6731);
#2460=VERTEX_POINT('',#6733);
#2461=VERTEX_POINT('',#6737);
#2462=VERTEX_POINT('',#6739);
#2463=VERTEX_POINT('',#6741);
#2464=VERTEX_POINT('',#6743);
#2465=VERTEX_POINT('',#6745);
#2466=VERTEX_POINT('',#6747);
#2467=VERTEX_POINT('',#6749);
#2468=VERTEX_POINT('',#6751);
#2469=VERTEX_POINT('',#6753);
#2470=VERTEX_POINT('',#6755);
#2471=VERTEX_POINT('',#6757);
#2472=VERTEX_POINT('',#6759);
#2473=VERTEX_POINT('',#6761);
#2474=VERTEX_POINT('',#6763);
#2475=VERTEX_POINT('',#6765);
#2476=VERTEX_POINT('',#6767);
#2477=VERTEX_POINT('',#6769);
#2478=VERTEX_POINT('',#6771);
#2479=VERTEX_POINT('',#6773);
#2480=VERTEX_POINT('',#6775);
#2481=VERTEX_POINT('',#6777);
#2482=VERTEX_POINT('',#6779);
#2483=VERTEX_POINT('',#6781);
#2484=VERTEX_POINT('',#6784);
#2485=VERTEX_POINT('',#6786);
#2486=VERTEX_POINT('',#6789);
#2487=VERTEX_POINT('',#6791);
#2488=VERTEX_POINT('',#6798);
#2489=VERTEX_POINT('',#6799);
#2490=VERTEX_POINT('',#6802);
#2491=VERTEX_POINT('',#6804);
#2492=VERTEX_POINT('',#6806);
#2493=VERTEX_POINT('',#6808);
#2494=VERTEX_POINT('',#6810);
#2495=VERTEX_POINT('',#6812);
#2496=VERTEX_POINT('',#6814);
#2497=VERTEX_POINT('',#6819);
#2498=VERTEX_POINT('',#6821);
#2499=VERTEX_POINT('',#6824);
#2500=VERTEX_POINT('',#6825);
#2501=VERTEX_POINT('',#6830);
#2502=VERTEX_POINT('',#6832);
#2503=VERTEX_POINT('',#6836);
#2504=VERTEX_POINT('',#6838);
#2505=VERTEX_POINT('',#6842);
#2506=VERTEX_POINT('',#6843);
#2507=VERTEX_POINT('',#6845);
#2508=VERTEX_POINT('',#6847);
#2509=VERTEX_POINT('',#6849);
#2510=VERTEX_POINT('',#6851);
#2511=VERTEX_POINT('',#6853);
#2512=VERTEX_POINT('',#6855);
#2513=VERTEX_POINT('',#6857);
#2514=VERTEX_POINT('',#6859);
#2515=VERTEX_POINT('',#6861);
#2516=VERTEX_POINT('',#6863);
#2517=VERTEX_POINT('',#6868);
#2518=VERTEX_POINT('',#6870);
#2519=VERTEX_POINT('',#6873);
#2520=VERTEX_POINT('',#6875);
#2521=VERTEX_POINT('',#6879);
#2522=VERTEX_POINT('',#6882);
#2523=VERTEX_POINT('',#6884);
#2524=VERTEX_POINT('',#6888);
#2525=VERTEX_POINT('',#6890);
#2526=VERTEX_POINT('',#6894);
#2527=VERTEX_POINT('',#6896);
#2528=VERTEX_POINT('',#6900);
#2529=VERTEX_POINT('',#6902);
#2530=VERTEX_POINT('',#6906);
#2531=VERTEX_POINT('',#6910);
#2532=VERTEX_POINT('',#6914);
#2533=VERTEX_POINT('',#6918);
#2534=VERTEX_POINT('',#6938);
#2535=VERTEX_POINT('',#6976);
#2536=VERTEX_POINT('',#6978);
#2537=VERTEX_POINT('',#6980);
#2538=VERTEX_POINT('',#6982);
#2539=VERTEX_POINT('',#6984);
#2540=VERTEX_POINT('',#6988);
#2541=VERTEX_POINT('',#6990);
#2542=VERTEX_POINT('',#6992);
#2543=VERTEX_POINT('',#6996);
#2544=VERTEX_POINT('',#7000);
#2545=VERTEX_POINT('',#7002);
#2546=VERTEX_POINT('',#7004);
#2547=VERTEX_POINT('',#7006);
#2548=VERTEX_POINT('',#7008);
#2549=VERTEX_POINT('',#7012);
#2550=VERTEX_POINT('',#7016);
#2551=VERTEX_POINT('',#7018);
#2552=VERTEX_POINT('',#7020);
#2553=VERTEX_POINT('',#7024);
#2554=VERTEX_POINT('',#7026);
#2555=VERTEX_POINT('',#7035);
#2556=VERTEX_POINT('',#7039);
#2557=VERTEX_POINT('',#7041);
#2558=VERTEX_POINT('',#7043);
#2559=VERTEX_POINT('',#7045);
#2560=VERTEX_POINT('',#7049);
#2561=VERTEX_POINT('',#7050);
#2562=VERTEX_POINT('',#7053);
#2563=VERTEX_POINT('',#7055);
#2564=VERTEX_POINT('',#7059);
#2565=VERTEX_POINT('',#7066);
#2566=VERTEX_POINT('',#7067);
#2567=VERTEX_POINT('',#7069);
#2568=VERTEX_POINT('',#7071);
#2569=VERTEX_POINT('',#7083);
#2570=VERTEX_POINT('',#7085);
#2571=VERTEX_POINT('',#7095);
#2572=VERTEX_POINT('',#7098);
#2573=VERTEX_POINT('',#7132);
#2574=VERTEX_POINT('',#7136);
#2575=VERTEX_POINT('',#7165);
#2576=VERTEX_POINT('',#7170);
#2577=VERTEX_POINT('',#7199);
#2578=VERTEX_POINT('',#7204);
#2579=VERTEX_POINT('',#7227);
#2580=VERTEX_POINT('',#7236);
#2581=VERTEX_POINT('',#7255);
#2582=VERTEX_POINT('',#7257);
#2583=VERTEX_POINT('',#7298);
#2584=VERTEX_POINT('',#7300);
#2585=VERTEX_POINT('',#7302);
#2586=VERTEX_POINT('',#7304);
#2587=VERTEX_POINT('',#7308);
#2588=VERTEX_POINT('',#7310);
#2589=VERTEX_POINT('',#7314);
#2590=VERTEX_POINT('',#7316);
#2591=LINE('',#6094,#3008);
#2592=LINE('',#6097,#3009);
#2593=LINE('',#6099,#3010);
#2594=LINE('',#6101,#3011);
#2595=LINE('',#6103,#3012);
#2596=LINE('',#6105,#3013);
#2597=LINE('',#6107,#3014);
#2598=LINE('',#6109,#3015);
#2599=LINE('',#6111,#3016);
#2600=LINE('',#6114,#3017);
#2601=LINE('',#6116,#3018);
#2602=LINE('',#6118,#3019);
#2603=LINE('',#6122,#3020);
#2604=LINE('',#6130,#3021);
#2605=LINE('',#6132,#3022);
#2606=LINE('',#6135,#3023);
#2607=LINE('',#6136,#3024);
#2608=LINE('',#6138,#3025);
#2609=LINE('',#6140,#3026);
#2610=LINE('',#6142,#3027);
#2611=LINE('',#6144,#3028);
#2612=LINE('',#6147,#3029);
#2613=LINE('',#6149,#3030);
#2614=LINE('',#6151,#3031);
#2615=LINE('',#6153,#3032);
#2616=LINE('',#6155,#3033);
#2617=LINE('',#6156,#3034);
#2618=LINE('',#6157,#3035);
#2619=LINE('',#6159,#3036);
#2620=LINE('',#6161,#3037);
#2621=LINE('',#6163,#3038);
#2622=LINE('',#6166,#3039);
#2623=LINE('',#6168,#3040);
#2624=LINE('',#6172,#3041);
#2625=LINE('',#6177,#3042);
#2626=LINE('',#6181,#3043);
#2627=LINE('',#6186,#3044);
#2628=LINE('',#6190,#3045);
#2629=LINE('',#6195,#3046);
#2630=LINE('',#6202,#3047);
#2631=LINE('',#6206,#3048);
#2632=LINE('',#6220,#3049);
#2633=LINE('',#6225,#3050);
#2634=LINE('',#6229,#3051);
#2635=LINE('',#6234,#3052);
#2636=LINE('',#6238,#3053);
#2637=LINE('',#6243,#3054);
#2638=LINE('',#6247,#3055);
#2639=LINE('',#6252,#3056);
#2640=LINE('',#6254,#3057);
#2641=LINE('',#6256,#3058);
#2642=LINE('',#6259,#3059);
#2643=LINE('',#6261,#3060);
#2644=LINE('',#6263,#3061);
#2645=LINE('',#6265,#3062);
#2646=LINE('',#6268,#3063);
#2647=LINE('',#6270,#3064);
#2648=LINE('',#6274,#3065);
#2649=LINE('',#6277,#3066);
#2650=LINE('',#6279,#3067);
#2651=LINE('',#6283,#3068);
#2652=LINE('',#6286,#3069);
#2653=LINE('',#6288,#3070);
#2654=LINE('',#6295,#3071);
#2655=LINE('',#6302,#3072);
#2656=LINE('',#6304,#3073);
#2657=LINE('',#6307,#3074);
#2658=LINE('',#6309,#3075);
#2659=LINE('',#6311,#3076);
#2660=LINE('',#6312,#3077);
#2661=LINE('',#6315,#3078);
#2662=LINE('',#6317,#3079);
#2663=LINE('',#6319,#3080);
#2664=LINE('',#6321,#3081);
#2665=LINE('',#6323,#3082);
#2666=LINE('',#6325,#3083);
#2667=LINE('',#6327,#3084);
#2668=LINE('',#6329,#3085);
#2669=LINE('',#6331,#3086);
#2670=LINE('',#6333,#3087);
#2671=LINE('',#6335,#3088);
#2672=LINE('',#6338,#3089);
#2673=LINE('',#6339,#3090);
#2674=LINE('',#6341,#3091);
#2675=LINE('',#6345,#3092);
#2676=LINE('',#6349,#3093);
#2677=LINE('',#6353,#3094);
#2678=LINE('',#6356,#3095);
#2679=LINE('',#6358,#3096);
#2680=LINE('',#6360,#3097);
#2681=LINE('',#6362,#3098);
#2682=LINE('',#6364,#3099);
#2683=LINE('',#6366,#3100);
#2684=LINE('',#6368,#3101);
#2685=LINE('',#6371,#3102);
#2686=LINE('',#6372,#3103);
#2687=LINE('',#6374,#3104);
#2688=LINE('',#6376,#3105);
#2689=LINE('',#6378,#3106);
#2690=LINE('',#6380,#3107);
#2691=LINE('',#6383,#3108);
#2692=LINE('',#6384,#3109);
#2693=LINE('',#6386,#3110);
#2694=LINE('',#6388,#3111);
#2695=LINE('',#6390,#3112);
#2696=LINE('',#6392,#3113);
#2697=LINE('',#6394,#3114);
#2698=LINE('',#6396,#3115);
#2699=LINE('',#6399,#3116);
#2700=LINE('',#6400,#3117);
#2701=LINE('',#6402,#3118);
#2702=LINE('',#6404,#3119);
#2703=LINE('',#6406,#3120);
#2704=LINE('',#6408,#3121);
#2705=LINE('',#6409,#3122);
#2706=LINE('',#6411,#3123);
#2707=LINE('',#6416,#3124);
#2708=LINE('',#6418,#3125);
#2709=LINE('',#6422,#3126);
#2710=LINE('',#6424,#3127);
#2711=LINE('',#6426,#3128);
#2712=LINE('',#6433,#3129);
#2713=LINE('',#6435,#3130);
#2714=LINE('',#6437,#3131);
#2715=LINE('',#6440,#3132);
#2716=LINE('',#6445,#3133);
#2717=LINE('',#6447,#3134);
#2718=LINE('',#6449,#3135);
#2719=LINE('',#6451,#3136);
#2720=LINE('',#6456,#3137);
#2721=LINE('',#6458,#3138);
#2722=LINE('',#6462,#3139);
#2723=LINE('',#6464,#3140);
#2724=LINE('',#6469,#3141);
#2725=LINE('',#6471,#3142);
#2726=LINE('',#6473,#3143);
#2727=LINE('',#6477,#3144);
#2728=LINE('',#6479,#3145);
#2729=LINE('',#6481,#3146);
#2730=LINE('',#6487,#3147);
#2731=LINE('',#6489,#3148);
#2732=LINE('',#6491,#3149);
#2733=LINE('',#6497,#3150);
#2734=LINE('',#6499,#3151);
#2735=LINE('',#6501,#3152);
#2736=LINE('',#6504,#3153);
#2737=LINE('',#6509,#3154);
#2738=LINE('',#6515,#3155);
#2739=LINE('',#6517,#3156);
#2740=LINE('',#6519,#3157);
#2741=LINE('',#6521,#3158);
#2742=LINE('',#6524,#3159);
#2743=LINE('',#6528,#3160);
#2744=LINE('',#6532,#3161);
#2745=LINE('',#6534,#3162);
#2746=LINE('',#6536,#3163);
#2747=LINE('',#6538,#3164);
#2748=LINE('',#6540,#3165);
#2749=LINE('',#6542,#3166);
#2750=LINE('',#6544,#3167);
#2751=LINE('',#6546,#3168);
#2752=LINE('',#6548,#3169);
#2753=LINE('',#6550,#3170);
#2754=LINE('',#6552,#3171);
#2755=LINE('',#6554,#3172);
#2756=LINE('',#6556,#3173);
#2757=LINE('',#6558,#3174);
#2758=LINE('',#6560,#3175);
#2759=LINE('',#6562,#3176);
#2760=LINE('',#6564,#3177);
#2761=LINE('',#6566,#3178);
#2762=LINE('',#6569,#3179);
#2763=LINE('',#6572,#3180);
#2764=LINE('',#6578,#3181);
#2765=LINE('',#6580,#3182);
#2766=LINE('',#6583,#3183);
#2767=LINE('',#6585,#3184);
#2768=LINE('',#6587,#3185);
#2769=LINE('',#6589,#3186);
#2770=LINE('',#6591,#3187);
#2771=LINE('',#6593,#3188);
#2772=LINE('',#6595,#3189);
#2773=LINE('',#6597,#3190);
#2774=LINE('',#6599,#3191);
#2775=LINE('',#6601,#3192);
#2776=LINE('',#6603,#3193);
#2777=LINE('',#6605,#3194);
#2778=LINE('',#6607,#3195);
#2779=LINE('',#6609,#3196);
#2780=LINE('',#6611,#3197);
#2781=LINE('',#6613,#3198);
#2782=LINE('',#6615,#3199);
#2783=LINE('',#6616,#3200);
#2784=LINE('',#6618,#3201);
#2785=LINE('',#6620,#3202);
#2786=LINE('',#6622,#3203);
#2787=LINE('',#6624,#3204);
#2788=LINE('',#6626,#3205);
#2789=LINE('',#6628,#3206);
#2790=LINE('',#6630,#3207);
#2791=LINE('',#6631,#3208);
#2792=LINE('',#6632,#3209);
#2793=LINE('',#6634,#3210);
#2794=LINE('',#6640,#3211);
#2795=LINE('',#6642,#3212);
#2796=LINE('',#6644,#3213);
#2797=LINE('',#6652,#3214);
#2798=LINE('',#6654,#3215);
#2799=LINE('',#6656,#3216);
#2800=LINE('',#6658,#3217);
#2801=LINE('',#6660,#3218);
#2802=LINE('',#6663,#3219);
#2803=LINE('',#6665,#3220);
#2804=LINE('',#6667,#3221);
#2805=LINE('',#6669,#3222);
#2806=LINE('',#6672,#3223);
#2807=LINE('',#6674,#3224);
#2808=LINE('',#6676,#3225);
#2809=LINE('',#6712,#3226);
#2810=LINE('',#6715,#3227);
#2811=LINE('',#6717,#3228);
#2812=LINE('',#6718,#3229);
#2813=LINE('',#6720,#3230);
#2814=LINE('',#6722,#3231);
#2815=LINE('',#6723,#3232);
#2816=LINE('',#6725,#3233);
#2817=LINE('',#6727,#3234);
#2818=LINE('',#6728,#3235);
#2819=LINE('',#6730,#3236);
#2820=LINE('',#6732,#3237);
#2821=LINE('',#6734,#3238);
#2822=LINE('',#6770,#3239);
#2823=LINE('',#6772,#3240);
#2824=LINE('',#6774,#3241);
#2825=LINE('',#6776,#3242);
#2826=LINE('',#6778,#3243);
#2827=LINE('',#6780,#3244);
#2828=LINE('',#6782,#3245);
#2829=LINE('',#6783,#3246);
#2830=LINE('',#6785,#3247);
#2831=LINE('',#6787,#3248);
#2832=LINE('',#6788,#3249);
#2833=LINE('',#6790,#3250);
#2834=LINE('',#6792,#3251);
#2835=LINE('',#6794,#3252);
#2836=LINE('',#6795,#3253);
#2837=LINE('',#6797,#3254);
#2838=LINE('',#6801,#3255);
#2839=LINE('',#6809,#3256);
#2840=LINE('',#6816,#3257);
#2841=LINE('',#6823,#3258);
#2842=LINE('',#6826,#3259);
#2843=LINE('',#6827,#3260);
#2844=LINE('',#6829,#3261);
#2845=LINE('',#6831,#3262);
#2846=LINE('',#6833,#3263);
#2847=LINE('',#6835,#3264);
#2848=LINE('',#6837,#3265);
#2849=LINE('',#6839,#3266);
#2850=LINE('',#6841,#3267);
#2851=LINE('',#6844,#3268);
#2852=LINE('',#6846,#3269);
#2853=LINE('',#6848,#3270);
#2854=LINE('',#6850,#3271);
#2855=LINE('',#6854,#3272);
#2856=LINE('',#6858,#3273);
#2857=LINE('',#6862,#3274);
#2858=LINE('',#6867,#3275);
#2859=LINE('',#6869,#3276);
#2860=LINE('',#6871,#3277);
#2861=LINE('',#6877,#3278);
#2862=LINE('',#6881,#3279);
#2863=LINE('',#6885,#3280);
#2864=LINE('',#6887,#3281);
#2865=LINE('',#6891,#3282);
#2866=LINE('',#6893,#3283);
#2867=LINE('',#6897,#3284);
#2868=LINE('',#6899,#3285);
#2869=LINE('',#6903,#3286);
#2870=LINE('',#6921,#3287);
#2871=LINE('',#6922,#3288);
#2872=LINE('',#6925,#3289);
#2873=LINE('',#6927,#3290);
#2874=LINE('',#6929,#3291);
#2875=LINE('',#6931,#3292);
#2876=LINE('',#6933,#3293);
#2877=LINE('',#6935,#3294);
#2878=LINE('',#6937,#3295);
#2879=LINE('',#6939,#3296);
#2880=LINE('',#6943,#3297);
#2881=LINE('',#6945,#3298);
#2882=LINE('',#6948,#3299);
#2883=LINE('',#6950,#3300);
#2884=LINE('',#6953,#3301);
#2885=LINE('',#6955,#3302);
#2886=LINE('',#6975,#3303);
#2887=LINE('',#6977,#3304);
#2888=LINE('',#6979,#3305);
#2889=LINE('',#6981,#3306);
#2890=LINE('',#6983,#3307);
#2891=LINE('',#6987,#3308);
#2892=LINE('',#6991,#3309);
#2893=LINE('',#6993,#3310);
#2894=LINE('',#6995,#3311);
#2895=LINE('',#6997,#3312);
#2896=LINE('',#6999,#3313);
#2897=LINE('',#7003,#3314);
#2898=LINE('',#7005,#3315);
#2899=LINE('',#7007,#3316);
#2900=LINE('',#7009,#3317);
#2901=LINE('',#7011,#3318);
#2902=LINE('',#7013,#3319);
#2903=LINE('',#7015,#3320);
#2904=LINE('',#7017,#3321);
#2905=LINE('',#7021,#3322);
#2906=LINE('',#7023,#3323);
#2907=LINE('',#7025,#3324);
#2908=LINE('',#7027,#3325);
#2909=LINE('',#7028,#3326);
#2910=LINE('',#7029,#3327);
#2911=LINE('',#7031,#3328);
#2912=LINE('',#7034,#3329);
#2913=LINE('',#7036,#3330);
#2914=LINE('',#7040,#3331);
#2915=LINE('',#7042,#3332);
#2916=LINE('',#7044,#3333);
#2917=LINE('',#7048,#3334);
#2918=LINE('',#7054,#3335);
#2919=LINE('',#7056,#3336);
#2920=LINE('',#7058,#3337);
#2921=LINE('',#7060,#3338);
#2922=LINE('',#7062,#3339);
#2923=LINE('',#7063,#3340);
#2924=LINE('',#7064,#3341);
#2925=LINE('',#7065,#3342);
#2926=LINE('',#7068,#3343);
#2927=LINE('',#7070,#3344);
#2928=LINE('',#7072,#3345);
#2929=LINE('',#7073,#3346);
#2930=LINE('',#7074,#3347);
#2931=LINE('',#7075,#3348);
#2932=LINE('',#7076,#3349);
#2933=LINE('',#7077,#3350);
#2934=LINE('',#7078,#3351);
#2935=LINE('',#7079,#3352);
#2936=LINE('',#7080,#3353);
#2937=LINE('',#7082,#3354);
#2938=LINE('',#7084,#3355);
#2939=LINE('',#7086,#3356);
#2940=LINE('',#7088,#3357);
#2941=LINE('',#7105,#3358);
#2942=LINE('',#7111,#3359);
#2943=LINE('',#7119,#3360);
#2944=LINE('',#7126,#3361);
#2945=LINE('',#7133,#3362);
#2946=LINE('',#7135,#3363);
#2947=LINE('',#7137,#3364);
#2948=LINE('',#7139,#3365);
#2949=LINE('',#7145,#3366);
#2950=LINE('',#7153,#3367);
#2951=LINE('',#7159,#3368);
#2952=LINE('',#7166,#3369);
#2953=LINE('',#7168,#3370);
#2954=LINE('',#7169,#3371);
#2955=LINE('',#7176,#3372);
#2956=LINE('',#7183,#3373);
#2957=LINE('',#7187,#3374);
#2958=LINE('',#7193,#3375);
#2959=LINE('',#7200,#3376);
#2960=LINE('',#7202,#3377);
#2961=LINE('',#7203,#3378);
#2962=LINE('',#7218,#3379);
#2963=LINE('',#7220,#3380);
#2964=LINE('',#7223,#3381);
#2965=LINE('',#7226,#3382);
#2966=LINE('',#7228,#3383);
#2967=LINE('',#7230,#3384);
#2968=LINE('',#7235,#3385);
#2969=LINE('',#7237,#3386);
#2970=LINE('',#7240,#3387);
#2971=LINE('',#7244,#3388);
#2972=LINE('',#7246,#3389);
#2973=LINE('',#7247,#3390);
#2974=LINE('',#7249,#3391);
#2975=LINE('',#7251,#3392);
#2976=LINE('',#7252,#3393);
#2977=LINE('',#7259,#3394);
#2978=LINE('',#7260,#3395);
#2979=LINE('',#7261,#3396);
#2980=LINE('',#7262,#3397);
#2981=LINE('',#7263,#3398);
#2982=LINE('',#7264,#3399);
#2983=LINE('',#7265,#3400);
#2984=LINE('',#7266,#3401);
#2985=LINE('',#7267,#3402);
#2986=LINE('',#7268,#3403);
#2987=LINE('',#7299,#3404);
#2988=LINE('',#7301,#3405);
#2989=LINE('',#7303,#3406);
#2990=LINE('',#7307,#3407);
#2991=LINE('',#7309,#3408);
#2992=LINE('',#7311,#3409);
#2993=LINE('',#7313,#3410);
#2994=LINE('',#7315,#3411);
#2995=LINE('',#7317,#3412);
#2996=LINE('',#7319,#3413);
#2997=LINE('',#7321,#3414);
#2998=LINE('',#7394,#3415);
#2999=LINE('',#7397,#3416);
#3000=LINE('',#7418,#3417);
#3001=LINE('',#7420,#3418);
#3002=LINE('',#7422,#3419);
#3003=LINE('',#7424,#3420);
#3004=LINE('',#7426,#3421);
#3005=LINE('',#7428,#3422);
#3006=LINE('',#7430,#3423);
#3007=LINE('',#7432,#3424);
#3008=VECTOR('',#4835,1.);
#3009=VECTOR('',#4836,1.);
#3010=VECTOR('',#4837,1.);
#3011=VECTOR('',#4838,1.);
#3012=VECTOR('',#4839,1.);
#3013=VECTOR('',#4840,1.);
#3014=VECTOR('',#4841,1.);
#3015=VECTOR('',#4842,1.);
#3016=VECTOR('',#4845,1.);
#3017=VECTOR('',#4846,1.);
#3018=VECTOR('',#4847,1.);
#3019=VECTOR('',#4848,1.);
#3020=VECTOR('',#4853,1.);
#3021=VECTOR('',#4862,1.);
#3022=VECTOR('',#4865,1.);
#3023=VECTOR('',#4866,1.);
#3024=VECTOR('',#4867,1.);
#3025=VECTOR('',#4870,1.);
#3026=VECTOR('',#4871,1.);
#3027=VECTOR('',#4872,1.);
#3028=VECTOR('',#4875,1.);
#3029=VECTOR('',#4876,1.);
#3030=VECTOR('',#4877,1.);
#3031=VECTOR('',#4878,1.);
#3032=VECTOR('',#4879,1.);
#3033=VECTOR('',#4880,1.);
#3034=VECTOR('',#4881,1.);
#3035=VECTOR('',#4882,1.);
#3036=VECTOR('',#4883,1.);
#3037=VECTOR('',#4884,1.);
#3038=VECTOR('',#4887,1.);
#3039=VECTOR('',#4888,1.);
#3040=VECTOR('',#4889,1.);
#3041=VECTOR('',#4894,1.);
#3042=VECTOR('',#4897,1.);
#3043=VECTOR('',#4902,1.);
#3044=VECTOR('',#4905,1.);
#3045=VECTOR('',#4910,1.);
#3046=VECTOR('',#4913,1.);
#3047=VECTOR('',#4920,1.);
#3048=VECTOR('',#4923,1.);
#3049=VECTOR('',#4938,1.);
#3050=VECTOR('',#4941,1.);
#3051=VECTOR('',#4946,1.);
#3052=VECTOR('',#4949,1.);
#3053=VECTOR('',#4954,1.);
#3054=VECTOR('',#4957,1.);
#3055=VECTOR('',#4962,1.);
#3056=VECTOR('',#4965,1.);
#3057=VECTOR('',#4966,1.);
#3058=VECTOR('',#4969,1.);
#3059=VECTOR('',#4970,1.);
#3060=VECTOR('',#4971,1.);
#3061=VECTOR('',#4972,1.);
#3062=VECTOR('',#4975,1.);
#3063=VECTOR('',#4976,1.);
#3064=VECTOR('',#4977,1.);
#3065=VECTOR('',#4982,1.);
#3066=VECTOR('',#4983,1.);
#3067=VECTOR('',#4984,1.);
#3068=VECTOR('',#4989,1.);
#3069=VECTOR('',#4990,1.);
#3070=VECTOR('',#4991,1.);
#3071=VECTOR('',#4998,1.);
#3072=VECTOR('',#5007,1.);
#3073=VECTOR('',#5010,1.);
#3074=VECTOR('',#5011,1.);
#3075=VECTOR('',#5012,1.);
#3076=VECTOR('',#5013,1.);
#3077=VECTOR('',#5014,1.);
#3078=VECTOR('',#5015,1.);
#3079=VECTOR('',#5016,1.);
#3080=VECTOR('',#5017,1.);
#3081=VECTOR('',#5018,1.);
#3082=VECTOR('',#5019,1.);
#3083=VECTOR('',#5020,1.);
#3084=VECTOR('',#5021,1.);
#3085=VECTOR('',#5022,1.);
#3086=VECTOR('',#5023,1.);
#3087=VECTOR('',#5024,1.);
#3088=VECTOR('',#5025,1.);
#3089=VECTOR('',#5028,1.);
#3090=VECTOR('',#5029,1.);
#3091=VECTOR('',#5030,1.);
#3092=VECTOR('',#5033,1.);
#3093=VECTOR('',#5036,1.);
#3094=VECTOR('',#5039,1.);
#3095=VECTOR('',#5044,1.);
#3096=VECTOR('',#5047,1.);
#3097=VECTOR('',#5048,1.);
#3098=VECTOR('',#5049,1.);
#3099=VECTOR('',#5050,1.);
#3100=VECTOR('',#5051,1.);
#3101=VECTOR('',#5054,1.);
#3102=VECTOR('',#5055,1.);
#3103=VECTOR('',#5056,1.);
#3104=VECTOR('',#5059,1.);
#3105=VECTOR('',#5060,1.);
#3106=VECTOR('',#5061,1.);
#3107=VECTOR('',#5064,1.);
#3108=VECTOR('',#5065,1.);
#3109=VECTOR('',#5066,1.);
#3110=VECTOR('',#5067,1.);
#3111=VECTOR('',#5070,1.);
#3112=VECTOR('',#5071,1.);
#3113=VECTOR('',#5072,1.);
#3114=VECTOR('',#5073,1.);
#3115=VECTOR('',#5076,1.);
#3116=VECTOR('',#5077,1.);
#3117=VECTOR('',#5078,1.);
#3118=VECTOR('',#5079,1.);
#3119=VECTOR('',#5082,1.);
#3120=VECTOR('',#5083,1.);
#3121=VECTOR('',#5084,1.);
#3122=VECTOR('',#5085,1.);
#3123=VECTOR('',#5088,1.);
#3124=VECTOR('',#5091,1.);
#3125=VECTOR('',#5092,1.);
#3126=VECTOR('',#5097,1.);
#3127=VECTOR('',#5098,1.);
#3128=VECTOR('',#5099,1.);
#3129=VECTOR('',#5106,1.);
#3130=VECTOR('',#5107,1.);
#3131=VECTOR('',#5108,1.);
#3132=VECTOR('',#5111,1.);
#3133=VECTOR('',#5116,1.);
#3134=VECTOR('',#5117,1.);
#3135=VECTOR('',#5118,1.);
#3136=VECTOR('',#5121,1.);
#3137=VECTOR('',#5124,1.);
#3138=VECTOR('',#5125,1.);
#3139=VECTOR('',#5130,1.);
#3140=VECTOR('',#5131,1.);
#3141=VECTOR('',#5140,1.);
#3142=VECTOR('',#5141,1.);
#3143=VECTOR('',#5142,1.);
#3144=VECTOR('',#5147,1.);
#3145=VECTOR('',#5148,1.);
#3146=VECTOR('',#5151,1.);
#3147=VECTOR('',#5156,1.);
#3148=VECTOR('',#5157,1.);
#3149=VECTOR('',#5160,1.);
#3150=VECTOR('',#5167,1.);
#3151=VECTOR('',#5168,1.);
#3152=VECTOR('',#5171,1.);
#3153=VECTOR('',#5172,1.);
#3154=VECTOR('',#5177,1.);
#3155=VECTOR('',#5184,1.);
#3156=VECTOR('',#5185,1.);
#3157=VECTOR('',#5186,1.);
#3158=VECTOR('',#5189,1.);
#3159=VECTOR('',#5190,1.);
#3160=VECTOR('',#5193,1.);
#3161=VECTOR('',#5198,1.);
#3162=VECTOR('',#5199,1.);
#3163=VECTOR('',#5200,1.);
#3164=VECTOR('',#5201,1.);
#3165=VECTOR('',#5202,1.);
#3166=VECTOR('',#5203,1.);
#3167=VECTOR('',#5204,1.);
#3168=VECTOR('',#5205,1.);
#3169=VECTOR('',#5206,1.);
#3170=VECTOR('',#5207,1.);
#3171=VECTOR('',#5208,1.);
#3172=VECTOR('',#5209,1.);
#3173=VECTOR('',#5210,1.);
#3174=VECTOR('',#5211,1.);
#3175=VECTOR('',#5212,1.);
#3176=VECTOR('',#5213,1.);
#3177=VECTOR('',#5214,1.);
#3178=VECTOR('',#5215,1.);
#3179=VECTOR('',#5218,1.);
#3180=VECTOR('',#5219,1.);
#3181=VECTOR('',#5226,1.);
#3182=VECTOR('',#5229,1.);
#3183=VECTOR('',#5230,1.);
#3184=VECTOR('',#5231,1.);
#3185=VECTOR('',#5232,1.);
#3186=VECTOR('',#5233,1.);
#3187=VECTOR('',#5234,1.);
#3188=VECTOR('',#5235,1.);
#3189=VECTOR('',#5236,1.);
#3190=VECTOR('',#5237,1.);
#3191=VECTOR('',#5238,1.);
#3192=VECTOR('',#5239,1.);
#3193=VECTOR('',#5240,1.);
#3194=VECTOR('',#5241,1.);
#3195=VECTOR('',#5242,1.);
#3196=VECTOR('',#5243,1.);
#3197=VECTOR('',#5244,1.);
#3198=VECTOR('',#5245,1.);
#3199=VECTOR('',#5246,1.);
#3200=VECTOR('',#5247,1.);
#3201=VECTOR('',#5248,1.);
#3202=VECTOR('',#5249,1.);
#3203=VECTOR('',#5250,1.);
#3204=VECTOR('',#5251,1.);
#3205=VECTOR('',#5252,1.);
#3206=VECTOR('',#5253,1.);
#3207=VECTOR('',#5254,1.);
#3208=VECTOR('',#5255,1.);
#3209=VECTOR('',#5256,1.);
#3210=VECTOR('',#5257,1.);
#3211=VECTOR('',#5264,1.);
#3212=VECTOR('',#5265,1.);
#3213=VECTOR('',#5266,1.);
#3214=VECTOR('',#5273,1.);
#3215=VECTOR('',#5274,1.);
#3216=VECTOR('',#5275,1.);
#3217=VECTOR('',#5276,1.);
#3218=VECTOR('',#5279,1.);
#3219=VECTOR('',#5280,1.);
#3220=VECTOR('',#5281,1.);
#3221=VECTOR('',#5282,1.);
#3222=VECTOR('',#5285,1.);
#3223=VECTOR('',#5286,1.);
#3224=VECTOR('',#5287,1.);
#3225=VECTOR('',#5288,1.);
#3226=VECTOR('',#5325,1.);
#3227=VECTOR('',#5326,1.);
#3228=VECTOR('',#5327,1.);
#3229=VECTOR('',#5328,1.);
#3230=VECTOR('',#5329,1.);
#3231=VECTOR('',#5330,1.);
#3232=VECTOR('',#5331,1.);
#3233=VECTOR('',#5332,1.);
#3234=VECTOR('',#5333,1.);
#3235=VECTOR('',#5334,1.);
#3236=VECTOR('',#5335,1.);
#3237=VECTOR('',#5336,1.);
#3238=VECTOR('',#5337,1.);
#3239=VECTOR('',#5374,1.);
#3240=VECTOR('',#5375,1.);
#3241=VECTOR('',#5376,1.);
#3242=VECTOR('',#5377,1.);
#3243=VECTOR('',#5378,1.);
#3244=VECTOR('',#5379,1.);
#3245=VECTOR('',#5380,1.);
#3246=VECTOR('',#5381,1.);
#3247=VECTOR('',#5382,1.);
#3248=VECTOR('',#5383,1.);
#3249=VECTOR('',#5384,1.);
#3250=VECTOR('',#5385,1.);
#3251=VECTOR('',#5386,1.);
#3252=VECTOR('',#5389,1.);
#3253=VECTOR('',#5390,1.);
#3254=VECTOR('',#5393,1.);
#3255=VECTOR('',#5396,1.);
#3256=VECTOR('',#5403,1.);
#3257=VECTOR('',#5410,1.);
#3258=VECTOR('',#5419,1.);
#3259=VECTOR('',#5420,1.);
#3260=VECTOR('',#5421,1.);
#3261=VECTOR('',#5424,1.);
#3262=VECTOR('',#5425,1.);
#3263=VECTOR('',#5426,1.);
#3264=VECTOR('',#5429,1.);
#3265=VECTOR('',#5430,1.);
#3266=VECTOR('',#5431,1.);
#3267=VECTOR('',#5434,1.);
#3268=VECTOR('',#5435,1.);
#3269=VECTOR('',#5436,1.);
#3270=VECTOR('',#5437,1.);
#3271=VECTOR('',#5438,1.);
#3272=VECTOR('',#5441,1.);
#3273=VECTOR('',#5444,1.);
#3274=VECTOR('',#5447,1.);
#3275=VECTOR('',#5454,1.);
#3276=VECTOR('',#5455,1.);
#3277=VECTOR('',#5456,1.);
#3278=VECTOR('',#5463,1.);
#3279=VECTOR('',#5468,1.);
#3280=VECTOR('',#5471,1.);
#3281=VECTOR('',#5474,1.);
#3282=VECTOR('',#5477,1.);
#3283=VECTOR('',#5480,1.);
#3284=VECTOR('',#5483,1.);
#3285=VECTOR('',#5486,1.);
#3286=VECTOR('',#5489,1.);
#3287=VECTOR('',#5516,1.);
#3288=VECTOR('',#5517,1.);
#3289=VECTOR('',#5522,1.);
#3290=VECTOR('',#5525,1.);
#3291=VECTOR('',#5528,1.);
#3292=VECTOR('',#5531,1.);
#3293=VECTOR('',#5534,1.);
#3294=VECTOR('',#5537,1.);
#3295=VECTOR('',#5540,1.);
#3296=VECTOR('',#5541,1.);
#3297=VECTOR('',#5548,1.);
#3298=VECTOR('',#5551,1.);
#3299=VECTOR('',#5556,1.);
#3300=VECTOR('',#5559,1.);
#3301=VECTOR('',#5564,1.);
#3302=VECTOR('',#5567,1.);
#3303=VECTOR('',#5606,1.);
#3304=VECTOR('',#5607,1.);
#3305=VECTOR('',#5608,1.);
#3306=VECTOR('',#5609,1.);
#3307=VECTOR('',#5610,1.);
#3308=VECTOR('',#5615,1.);
#3309=VECTOR('',#5618,1.);
#3310=VECTOR('',#5619,1.);
#3311=VECTOR('',#5622,1.);
#3312=VECTOR('',#5623,1.);
#3313=VECTOR('',#5626,1.);
#3314=VECTOR('',#5629,1.);
#3315=VECTOR('',#5630,1.);
#3316=VECTOR('',#5631,1.);
#3317=VECTOR('',#5632,1.);
#3318=VECTOR('',#5635,1.);
#3319=VECTOR('',#5636,1.);
#3320=VECTOR('',#5639,1.);
#3321=VECTOR('',#5640,1.);
#3322=VECTOR('',#5643,1.);
#3323=VECTOR('',#5646,1.);
#3324=VECTOR('',#5647,1.);
#3325=VECTOR('',#5648,1.);
#3326=VECTOR('',#5649,1.);
#3327=VECTOR('',#5650,1.);
#3328=VECTOR('',#5653,1.);
#3329=VECTOR('',#5658,1.);
#3330=VECTOR('',#5659,1.);
#3331=VECTOR('',#5664,1.);
#3332=VECTOR('',#5665,1.);
#3333=VECTOR('',#5666,1.);
#3334=VECTOR('',#5671,1.);
#3335=VECTOR('',#5676,1.);
#3336=VECTOR('',#5677,1.);
#3337=VECTOR('',#5680,1.);
#3338=VECTOR('',#5681,1.);
#3339=VECTOR('',#5684,1.);
#3340=VECTOR('',#5685,1.);
#3341=VECTOR('',#5686,1.);
#3342=VECTOR('',#5687,1.);
#3343=VECTOR('',#5688,1.);
#3344=VECTOR('',#5689,1.);
#3345=VECTOR('',#5690,1.);
#3346=VECTOR('',#5691,1.);
#3347=VECTOR('',#5692,1.);
#3348=VECTOR('',#5693,1.);
#3349=VECTOR('',#5694,1.);
#3350=VECTOR('',#5695,1.);
#3351=VECTOR('',#5696,1.);
#3352=VECTOR('',#5697,1.);
#3353=VECTOR('',#5698,1.);
#3354=VECTOR('',#5701,1.);
#3355=VECTOR('',#5702,1.);
#3356=VECTOR('',#5703,1.);
#3357=VECTOR('',#5706,1.);
#3358=VECTOR('',#5715,1.);
#3359=VECTOR('',#5716,1.);
#3360=VECTOR('',#5721,1.);
#3361=VECTOR('',#5724,1.);
#3362=VECTOR('',#5725,1.);
#3363=VECTOR('',#5728,1.);
#3364=VECTOR('',#5729,1.);
#3365=VECTOR('',#5732,1.);
#3366=VECTOR('',#5733,1.);
#3367=VECTOR('',#5738,1.);
#3368=VECTOR('',#5739,1.);
#3369=VECTOR('',#5740,1.);
#3370=VECTOR('',#5743,1.);
#3371=VECTOR('',#5744,1.);
#3372=VECTOR('',#5745,1.);
#3373=VECTOR('',#5748,1.);
#3374=VECTOR('',#5755,1.);
#3375=VECTOR('',#5756,1.);
#3376=VECTOR('',#5757,1.);
#3377=VECTOR('',#5760,1.);
#3378=VECTOR('',#5761,1.);
#3379=VECTOR('',#5768,1.);
#3380=VECTOR('',#5771,1.);
#3381=VECTOR('',#5776,1.);
#3382=VECTOR('',#5781,1.);
#3383=VECTOR('',#5782,1.);
#3384=VECTOR('',#5785,1.);
#3385=VECTOR('',#5794,1.);
#3386=VECTOR('',#5795,1.);
#3387=VECTOR('',#5800,1.);
#3388=VECTOR('',#5807,1.);
#3389=VECTOR('',#5810,1.);
#3390=VECTOR('',#5811,1.);
#3391=VECTOR('',#5814,1.);
#3392=VECTOR('',#5817,1.);
#3393=VECTOR('',#5818,1.);
#3394=VECTOR('',#5827,1.);
#3395=VECTOR('',#5828,1.);
#3396=VECTOR('',#5829,1.);
#3397=VECTOR('',#5830,1.);
#3398=VECTOR('',#5831,1.);
#3399=VECTOR('',#5832,1.);
#3400=VECTOR('',#5833,1.);
#3401=VECTOR('',#5834,1.);
#3402=VECTOR('',#5835,1.);
#3403=VECTOR('',#5836,1.);
#3404=VECTOR('',#5875,1.);
#3405=VECTOR('',#5876,1.);
#3406=VECTOR('',#5877,1.);
#3407=VECTOR('',#5882,1.);
#3408=VECTOR('',#5883,1.);
#3409=VECTOR('',#5884,1.);
#3410=VECTOR('',#5887,1.);
#3411=VECTOR('',#5888,1.);
#3412=VECTOR('',#5889,1.);
#3413=VECTOR('',#5892,1.);
#3414=VECTOR('',#5895,1.);
#3415=VECTOR('',#6020,1.);
#3416=VECTOR('',#6025,1.);
#3417=VECTOR('',#6066,1.);
#3418=VECTOR('',#6069,1.);
#3419=VECTOR('',#6072,1.);
#3420=VECTOR('',#6075,1.);
#3421=VECTOR('',#6078,1.);
#3422=VECTOR('',#6081,1.);
#3423=VECTOR('',#6084,1.);
#3424=VECTOR('',#6087,1.);
#3425=EDGE_LOOP('',(#315,#316,#317,#318,#319,#320,#321,#322));
#3426=EDGE_LOOP('',(#323,#324,#325,#326));
#3427=EDGE_LOOP('',(#327,#328,#329,#330));
#3428=EDGE_LOOP('',(#331,#332,#333,#334));
#3429=EDGE_LOOP('',(#335,#336,#337,#338));
#3430=EDGE_LOOP('',(#339,#340,#341,#342));
#3431=EDGE_LOOP('',(#343,#344,#345,#346,#347,#348,#349,#350,#351,#352,#353,
#354));
#3432=EDGE_LOOP('',(#355,#356,#357,#358));
#3433=EDGE_LOOP('',(#359,#360,#361,#362));
#3434=EDGE_LOOP('',(#363,#364,#365,#366));
#3435=EDGE_LOOP('',(#367,#368,#369,#370));
#3436=EDGE_LOOP('',(#371,#372,#373,#374,#375,#376,#377,#378,#379,#380));
#3437=EDGE_LOOP('',(#381,#382,#383,#384));
#3438=EDGE_LOOP('',(#385,#386,#387,#388));
#3439=EDGE_LOOP('',(#389,#390,#391,#392));
#3440=EDGE_LOOP('',(#393,#394,#395,#396));
#3441=EDGE_LOOP('',(#397,#398,#399,#400));
#3442=EDGE_LOOP('',(#401,#402,#403,#404));
#3443=EDGE_LOOP('',(#405,#406,#407,#408));
#3444=EDGE_LOOP('',(#409,#410,#411,#412));
#3445=EDGE_LOOP('',(#413,#414,#415,#416,#417,#418,#419,#420,#421,#422));
#3446=EDGE_LOOP('',(#423,#424,#425,#426));
#3447=EDGE_LOOP('',(#427,#428,#429,#430,#431,#432,#433,#434,#435,#436,#437,
#438,#439,#440,#441,#442,#443,#444,#445,#446,#447,#448,#449,#450));
#3448=EDGE_LOOP('',(#451,#452,#453,#454,#455,#456,#457,#458,#459,#460,#461,
#462));
#3449=EDGE_LOOP('',(#463,#464,#465,#466));
#3450=EDGE_LOOP('',(#467,#468,#469,#470));
#3451=EDGE_LOOP('',(#471,#472,#473,#474,#475));
#3452=EDGE_LOOP('',(#476,#477,#478,#479,#480));
#3453=EDGE_LOOP('',(#481,#482,#483,#484,#485));
#3454=EDGE_LOOP('',(#486,#487,#488,#489,#490));
#3455=EDGE_LOOP('',(#491,#492,#493,#494));
#3456=EDGE_LOOP('',(#495,#496,#497,#498,#499,#500));
#3457=EDGE_LOOP('',(#501,#502,#503,#504,#505,#506,#507));
#3458=EDGE_LOOP('',(#508,#509,#510,#511));
#3459=EDGE_LOOP('',(#512,#513,#514,#515));
#3460=EDGE_LOOP('',(#516,#517,#518,#519,#520,#521));
#3461=EDGE_LOOP('',(#522,#523,#524));
#3462=EDGE_LOOP('',(#525,#526,#527,#528));
#3463=EDGE_LOOP('',(#529,#530,#531,#532));
#3464=EDGE_LOOP('',(#533,#534,#535,#536,#537,#538));
#3465=EDGE_LOOP('',(#539,#540,#541));
#3466=EDGE_LOOP('',(#542,#543,#544,#545));
#3467=EDGE_LOOP('',(#546,#547,#548,#549,#550,#551));
#3468=EDGE_LOOP('',(#552,#553,#554,#555,#556,#557,#558));
#3469=EDGE_LOOP('',(#559,#560,#561,#562));
#3470=EDGE_LOOP('',(#563,#564,#565,#566,#567,#568,#569,#570,#571,#572,#573,
#574,#575,#576,#577,#578,#579,#580,#581,#582,#583));
#3471=EDGE_LOOP('',(#584,#585,#586,#587,#588,#589,#590,#591));
#3472=EDGE_LOOP('',(#592,#593,#594,#595,#596,#597,#598,#599,#600,#601,#602,
#603,#604,#605,#606,#607,#608,#609,#610,#611,#612,#613,#614,#615,#616,#617,
#618,#619,#620,#621,#622));
#3473=EDGE_LOOP('',(#623));
#3474=EDGE_LOOP('',(#624,#625,#626,#627,#628,#629,#630,#631,#632,#633,#634,
#635));
#3475=EDGE_LOOP('',(#636,#637,#638,#639));
#3476=EDGE_LOOP('',(#640,#641,#642,#643));
#3477=EDGE_LOOP('',(#644));
#3478=EDGE_LOOP('',(#645));
#3479=EDGE_LOOP('',(#646));
#3480=EDGE_LOOP('',(#647));
#3481=EDGE_LOOP('',(#648));
#3482=EDGE_LOOP('',(#649));
#3483=EDGE_LOOP('',(#650));
#3484=EDGE_LOOP('',(#651));
#3485=EDGE_LOOP('',(#652));
#3486=EDGE_LOOP('',(#653));
#3487=EDGE_LOOP('',(#654));
#3488=EDGE_LOOP('',(#655));
#3489=EDGE_LOOP('',(#656));
#3490=EDGE_LOOP('',(#657));
#3491=EDGE_LOOP('',(#658));
#3492=EDGE_LOOP('',(#659));
#3493=EDGE_LOOP('',(#660));
#3494=EDGE_LOOP('',(#661,#662,#663,#664,#665,#666,#667,#668,#669,#670,#671,
#672,#673,#674,#675,#676));
#3495=EDGE_LOOP('',(#677));
#3496=EDGE_LOOP('',(#678));
#3497=EDGE_LOOP('',(#679));
#3498=EDGE_LOOP('',(#680));
#3499=EDGE_LOOP('',(#681));
#3500=EDGE_LOOP('',(#682));
#3501=EDGE_LOOP('',(#683));
#3502=EDGE_LOOP('',(#684));
#3503=EDGE_LOOP('',(#685));
#3504=EDGE_LOOP('',(#686));
#3505=EDGE_LOOP('',(#687));
#3506=EDGE_LOOP('',(#688));
#3507=EDGE_LOOP('',(#689));
#3508=EDGE_LOOP('',(#690));
#3509=EDGE_LOOP('',(#691));
#3510=EDGE_LOOP('',(#692));
#3511=EDGE_LOOP('',(#693));
#3512=EDGE_LOOP('',(#694,#695,#696,#697,#698,#699,#700,#701,#702,#703,#704,
#705,#706,#707,#708,#709));
#3513=EDGE_LOOP('',(#710,#711,#712,#713));
#3514=EDGE_LOOP('',(#714,#715,#716,#717,#718,#719,#720,#721,#722,#723,#724,
#725,#726,#727,#728));
#3515=EDGE_LOOP('',(#729));
#3516=EDGE_LOOP('',(#730));
#3517=EDGE_LOOP('',(#731,#732,#733,#734));
#3518=EDGE_LOOP('',(#735,#736,#737,#738));
#3519=EDGE_LOOP('',(#739,#740,#741,#742));
#3520=EDGE_LOOP('',(#743,#744,#745,#746,#747,#748,#749,#750,#751,#752,#753,
#754));
#3521=EDGE_LOOP('',(#755,#756,#757,#758,#759,#760,#761,#762,#763,#764,#765,
#766));
#3522=EDGE_LOOP('',(#767));
#3523=EDGE_LOOP('',(#768,#769,#770,#771));
#3524=EDGE_LOOP('',(#772,#773,#774,#775));
#3525=EDGE_LOOP('',(#776,#777,#778,#779));
#3526=EDGE_LOOP('',(#780,#781,#782,#783));
#3527=EDGE_LOOP('',(#784));
#3528=EDGE_LOOP('',(#785));
#3529=EDGE_LOOP('',(#786));
#3530=EDGE_LOOP('',(#787));
#3531=EDGE_LOOP('',(#788));
#3532=EDGE_LOOP('',(#789));
#3533=EDGE_LOOP('',(#790));
#3534=EDGE_LOOP('',(#791));
#3535=EDGE_LOOP('',(#792));
#3536=EDGE_LOOP('',(#793));
#3537=EDGE_LOOP('',(#794));
#3538=EDGE_LOOP('',(#795));
#3539=EDGE_LOOP('',(#796,#797,#798,#799));
#3540=EDGE_LOOP('',(#800,#801,#802,#803));
#3541=EDGE_LOOP('',(#804,#805,#806,#807));
#3542=EDGE_LOOP('',(#808,#809,#810,#811));
#3543=EDGE_LOOP('',(#812,#813,#814,#815,#816,#817));
#3544=EDGE_LOOP('',(#818,#819,#820,#821));
#3545=EDGE_LOOP('',(#822,#823,#824,#825,#826,#827));
#3546=EDGE_LOOP('',(#828,#829,#830,#831));
#3547=EDGE_LOOP('',(#832,#833,#834,#835));
#3548=EDGE_LOOP('',(#836,#837,#838,#839,#840));
#3549=EDGE_LOOP('',(#841,#842,#843,#844));
#3550=EDGE_LOOP('',(#845,#846,#847,#848));
#3551=EDGE_LOOP('',(#849,#850,#851,#852));
#3552=EDGE_LOOP('',(#853,#854,#855,#856));
#3553=EDGE_LOOP('',(#857,#858,#859,#860));
#3554=EDGE_LOOP('',(#861,#862,#863,#864));
#3555=EDGE_LOOP('',(#865,#866,#867,#868));
#3556=EDGE_LOOP('',(#869,#870,#871,#872));
#3557=EDGE_LOOP('',(#873,#874,#875,#876));
#3558=EDGE_LOOP('',(#877));
#3559=EDGE_LOOP('',(#878));
#3560=EDGE_LOOP('',(#879));
#3561=EDGE_LOOP('',(#880));
#3562=EDGE_LOOP('',(#881));
#3563=EDGE_LOOP('',(#882));
#3564=EDGE_LOOP('',(#883));
#3565=EDGE_LOOP('',(#884));
#3566=EDGE_LOOP('',(#885));
#3567=EDGE_LOOP('',(#886));
#3568=EDGE_LOOP('',(#887));
#3569=EDGE_LOOP('',(#888));
#3570=EDGE_LOOP('',(#889));
#3571=EDGE_LOOP('',(#890));
#3572=EDGE_LOOP('',(#891));
#3573=EDGE_LOOP('',(#892));
#3574=EDGE_LOOP('',(#893));
#3575=EDGE_LOOP('',(#894));
#3576=EDGE_LOOP('',(#895));
#3577=EDGE_LOOP('',(#896));
#3578=EDGE_LOOP('',(#897));
#3579=EDGE_LOOP('',(#898));
#3580=EDGE_LOOP('',(#899));
#3581=EDGE_LOOP('',(#900));
#3582=EDGE_LOOP('',(#901));
#3583=EDGE_LOOP('',(#902));
#3584=EDGE_LOOP('',(#903));
#3585=EDGE_LOOP('',(#904));
#3586=EDGE_LOOP('',(#905));
#3587=EDGE_LOOP('',(#906));
#3588=EDGE_LOOP('',(#907));
#3589=EDGE_LOOP('',(#908));
#3590=EDGE_LOOP('',(#909));
#3591=EDGE_LOOP('',(#910));
#3592=EDGE_LOOP('',(#911,#912,#913,#914,#915,#916,#917));
#3593=EDGE_LOOP('',(#918,#919,#920,#921,#922));
#3594=EDGE_LOOP('',(#923,#924,#925,#926));
#3595=EDGE_LOOP('',(#927,#928,#929,#930,#931,#932,#933));
#3596=EDGE_LOOP('',(#934,#935,#936,#937));
#3597=EDGE_LOOP('',(#938,#939,#940,#941,#942));
#3598=EDGE_LOOP('',(#943,#944,#945,#946,#947,#948,#949,#950));
#3599=EDGE_LOOP('',(#951,#952,#953,#954,#955,#956));
#3600=EDGE_LOOP('',(#957,#958,#959,#960,#961,#962));
#3601=EDGE_LOOP('',(#963,#964,#965,#966));
#3602=EDGE_LOOP('',(#967,#968,#969,#970,#971,#972));
#3603=EDGE_LOOP('',(#973,#974,#975,#976,#977,#978));
#3604=EDGE_LOOP('',(#979,#980,#981,#982));
#3605=EDGE_LOOP('',(#983,#984,#985,#986));
#3606=EDGE_LOOP('',(#987,#988,#989,#990));
#3607=EDGE_LOOP('',(#991,#992,#993,#994,#995,#996,#997,#998));
#3608=EDGE_LOOP('',(#999,#1000,#1001,#1002,#1003,#1004));
#3609=EDGE_LOOP('',(#1005,#1006,#1007,#1008));
#3610=EDGE_LOOP('',(#1009,#1010,#1011,#1012));
#3611=EDGE_LOOP('',(#1013,#1014,#1015,#1016));
#3612=EDGE_LOOP('',(#1017,#1018,#1019,#1020));
#3613=EDGE_LOOP('',(#1021,#1022,#1023,#1024,#1025,#1026,#1027,#1028,#1029,
#1030,#1031,#1032));
#3614=EDGE_LOOP('',(#1033,#1034,#1035,#1036,#1037,#1038,#1039,#1040,#1041,
#1042,#1043,#1044));
#3615=EDGE_LOOP('',(#1045,#1046,#1047,#1048));
#3616=EDGE_LOOP('',(#1049,#1050,#1051,#1052));
#3617=EDGE_LOOP('',(#1053,#1054,#1055,#1056,#1057,#1058,#1059,#1060,#1061,
#1062,#1063,#1064));
#3618=EDGE_LOOP('',(#1065,#1066,#1067,#1068));
#3619=EDGE_LOOP('',(#1069,#1070,#1071,#1072,#1073,#1074,#1075,#1076,#1077,
#1078,#1079,#1080));
#3620=EDGE_LOOP('',(#1081,#1082,#1083,#1084));
#3621=EDGE_LOOP('',(#1085,#1086,#1087,#1088,#1089,#1090,#1091,#1092,#1093,
#1094,#1095,#1096,#1097,#1098));
#3622=EDGE_LOOP('',(#1099,#1100,#1101,#1102,#1103,#1104,#1105,#1106,#1107,
#1108,#1109,#1110,#1111,#1112));
#3623=EDGE_LOOP('',(#1113,#1114,#1115,#1116));
#3624=EDGE_LOOP('',(#1117,#1118,#1119,#1120));
#3625=EDGE_LOOP('',(#1121,#1122,#1123,#1124));
#3626=EDGE_LOOP('',(#1125,#1126,#1127,#1128,#1129,#1130,#1131,#1132,#1133,
#1134,#1135,#1136));
#3627=EDGE_LOOP('',(#1137,#1138,#1139,#1140,#1141,#1142,#1143,#1144,#1145,
#1146,#1147,#1148));
#3628=EDGE_LOOP('',(#1149,#1150,#1151,#1152));
#3629=EDGE_LOOP('',(#1153,#1154,#1155,#1156));
#3630=EDGE_LOOP('',(#1157,#1158,#1159,#1160));
#3631=EDGE_LOOP('',(#1161,#1162,#1163,#1164));
#3632=EDGE_LOOP('',(#1165,#1166,#1167,#1168));
#3633=EDGE_LOOP('',(#1169,#1170,#1171,#1172));
#3634=EDGE_LOOP('',(#1173,#1174,#1175,#1176));
#3635=EDGE_LOOP('',(#1177,#1178,#1179,#1180));
#3636=EDGE_LOOP('',(#1181,#1182,#1183,#1184,#1185));
#3637=EDGE_LOOP('',(#1186,#1187,#1188,#1189,#1190));
#3638=EDGE_LOOP('',(#1191,#1192,#1193,#1194));
#3639=EDGE_LOOP('',(#1195,#1196,#1197,#1198,#1199));
#3640=EDGE_LOOP('',(#1200,#1201,#1202,#1203,#1204));
#3641=EDGE_LOOP('',(#1205,#1206,#1207,#1208));
#3642=EDGE_LOOP('',(#1209,#1210,#1211,#1212,#1213,#1214));
#3643=EDGE_LOOP('',(#1215,#1216,#1217,#1218));
#3644=EDGE_LOOP('',(#1219,#1220,#1221,#1222,#1223,#1224));
#3645=EDGE_LOOP('',(#1225,#1226,#1227,#1228,#1229,#1230,#1231,#1232,#1233,
#1234,#1235,#1236,#1237,#1238,#1239,#1240,#1241,#1242,#1243,#1244,#1245,
#1246));
#3646=EDGE_LOOP('',(#1247,#1248,#1249,#1250));
#3647=EDGE_LOOP('',(#1251,#1252,#1253,#1254));
#3648=EDGE_LOOP('',(#1255,#1256,#1257,#1258));
#3649=EDGE_LOOP('',(#1259,#1260,#1261,#1262));
#3650=EDGE_LOOP('',(#1263,#1264,#1265,#1266));
#3651=EDGE_LOOP('',(#1267,#1268,#1269,#1270));
#3652=EDGE_LOOP('',(#1271,#1272,#1273,#1274));
#3653=EDGE_LOOP('',(#1275,#1276,#1277,#1278));
#3654=EDGE_LOOP('',(#1279,#1280,#1281,#1282));
#3655=EDGE_LOOP('',(#1283,#1284,#1285,#1286,#1287,#1288));
#3656=EDGE_LOOP('',(#1289,#1290,#1291,#1292,#1293,#1294));
#3657=EDGE_LOOP('',(#1295,#1296,#1297,#1298));
#3658=EDGE_LOOP('',(#1299,#1300,#1301,#1302));
#3659=EDGE_LOOP('',(#1303,#1304,#1305,#1306));
#3660=EDGE_LOOP('',(#1307,#1308,#1309,#1310));
#3661=EDGE_LOOP('',(#1311,#1312,#1313,#1314));
#3662=EDGE_LOOP('',(#1315,#1316,#1317,#1318));
#3663=EDGE_LOOP('',(#1319,#1320,#1321,#1322,#1323,#1324));
#3664=EDGE_LOOP('',(#1325,#1326,#1327,#1328));
#3665=EDGE_LOOP('',(#1329,#1330,#1331,#1332));
#3666=EDGE_LOOP('',(#1333,#1334,#1335,#1336));
#3667=EDGE_LOOP('',(#1337,#1338,#1339,#1340));
#3668=EDGE_LOOP('',(#1341,#1342,#1343,#1344));
#3669=EDGE_LOOP('',(#1345,#1346,#1347,#1348));
#3670=EDGE_LOOP('',(#1349,#1350,#1351,#1352));
#3671=EDGE_LOOP('',(#1353,#1354,#1355,#1356,#1357,#1358));
#3672=EDGE_LOOP('',(#1359,#1360,#1361,#1362));
#3673=EDGE_LOOP('',(#1363,#1364,#1365,#1366));
#3674=EDGE_LOOP('',(#1367,#1368,#1369,#1370));
#3675=EDGE_LOOP('',(#1371,#1372,#1373,#1374));
#3676=EDGE_LOOP('',(#1375,#1376,#1377,#1378));
#3677=EDGE_LOOP('',(#1379,#1380,#1381,#1382));
#3678=EDGE_LOOP('',(#1383,#1384,#1385,#1386));
#3679=EDGE_LOOP('',(#1387,#1388,#1389));
#3680=EDGE_LOOP('',(#1390,#1391,#1392,#1393));
#3681=EDGE_LOOP('',(#1394,#1395,#1396));
#3682=EDGE_LOOP('',(#1397,#1398,#1399,#1400));
#3683=EDGE_LOOP('',(#1401,#1402,#1403));
#3684=EDGE_LOOP('',(#1404,#1405,#1406,#1407));
#3685=EDGE_LOOP('',(#1408,#1409,#1410));
#3686=EDGE_LOOP('',(#1411,#1412,#1413,#1414));
#3687=EDGE_LOOP('',(#1415,#1416,#1417));
#3688=EDGE_LOOP('',(#1418,#1419,#1420,#1421));
#3689=EDGE_LOOP('',(#1422,#1423,#1424));
#3690=EDGE_LOOP('',(#1425,#1426,#1427,#1428));
#3691=EDGE_LOOP('',(#1429,#1430,#1431));
#3692=EDGE_LOOP('',(#1432,#1433,#1434,#1435));
#3693=EDGE_LOOP('',(#1436,#1437,#1438));
#3694=EDGE_LOOP('',(#1439,#1440,#1441,#1442));
#3695=EDGE_LOOP('',(#1443,#1444,#1445));
#3696=EDGE_LOOP('',(#1446,#1447,#1448,#1449));
#3697=EDGE_LOOP('',(#1450,#1451,#1452));
#3698=EDGE_LOOP('',(#1453,#1454,#1455,#1456));
#3699=EDGE_LOOP('',(#1457,#1458,#1459,#1460));
#3700=EDGE_LOOP('',(#1461,#1462,#1463,#1464));
#3701=EDGE_LOOP('',(#1465,#1466,#1467,#1468));
#3702=EDGE_LOOP('',(#1469,#1470,#1471,#1472));
#3703=EDGE_LOOP('',(#1473,#1474,#1475,#1476));
#3704=EDGE_LOOP('',(#1477,#1478,#1479,#1480));
#3705=EDGE_LOOP('',(#1481,#1482,#1483,#1484));
#3706=EDGE_LOOP('',(#1485,#1486,#1487,#1488));
#3707=EDGE_LOOP('',(#1489,#1490,#1491,#1492));
#3708=EDGE_LOOP('',(#1493,#1494,#1495,#1496));
#3709=EDGE_LOOP('',(#1497,#1498,#1499,#1500,#1501));
#3710=EDGE_LOOP('',(#1502,#1503,#1504,#1505,#1506));
#3711=EDGE_LOOP('',(#1507,#1508,#1509,#1510));
#3712=EDGE_LOOP('',(#1511,#1512,#1513,#1514));
#3713=EDGE_LOOP('',(#1515,#1516,#1517,#1518));
#3714=EDGE_LOOP('',(#1519,#1520,#1521,#1522));
#3715=EDGE_LOOP('',(#1523,#1524,#1525,#1526));
#3716=EDGE_LOOP('',(#1527,#1528,#1529,#1530));
#3717=EDGE_LOOP('',(#1531,#1532,#1533,#1534));
#3718=EDGE_LOOP('',(#1535,#1536,#1537,#1538));
#3719=EDGE_LOOP('',(#1539,#1540,#1541,#1542));
#3720=EDGE_LOOP('',(#1543,#1544,#1545,#1546));
#3721=EDGE_LOOP('',(#1547,#1548,#1549,#1550));
#3722=EDGE_LOOP('',(#1551,#1552,#1553,#1554));
#3723=EDGE_LOOP('',(#1555,#1556,#1557,#1558));
#3724=EDGE_LOOP('',(#1559,#1560,#1561,#1562));
#3725=FACE_BOUND('',#3425,.T.);
#3726=FACE_BOUND('',#3426,.T.);
#3727=FACE_BOUND('',#3427,.T.);
#3728=FACE_BOUND('',#3428,.T.);
#3729=FACE_BOUND('',#3429,.T.);
#3730=FACE_BOUND('',#3430,.T.);
#3731=FACE_BOUND('',#3431,.T.);
#3732=FACE_BOUND('',#3432,.T.);
#3733=FACE_BOUND('',#3433,.T.);
#3734=FACE_BOUND('',#3434,.T.);
#3735=FACE_BOUND('',#3435,.T.);
#3736=FACE_BOUND('',#3436,.T.);
#3737=FACE_BOUND('',#3437,.T.);
#3738=FACE_BOUND('',#3438,.T.);
#3739=FACE_BOUND('',#3439,.T.);
#3740=FACE_BOUND('',#3440,.T.);
#3741=FACE_BOUND('',#3441,.T.);
#3742=FACE_BOUND('',#3442,.T.);
#3743=FACE_BOUND('',#3443,.T.);
#3744=FACE_BOUND('',#3444,.T.);
#3745=FACE_BOUND('',#3445,.T.);
#3746=FACE_BOUND('',#3446,.T.);
#3747=FACE_BOUND('',#3447,.T.);
#3748=FACE_BOUND('',#3448,.T.);
#3749=FACE_BOUND('',#3449,.T.);
#3750=FACE_BOUND('',#3450,.T.);
#3751=FACE_BOUND('',#3451,.T.);
#3752=FACE_BOUND('',#3452,.T.);
#3753=FACE_BOUND('',#3453,.T.);
#3754=FACE_BOUND('',#3454,.T.);
#3755=FACE_BOUND('',#3455,.T.);
#3756=FACE_BOUND('',#3456,.T.);
#3757=FACE_BOUND('',#3457,.T.);
#3758=FACE_BOUND('',#3458,.T.);
#3759=FACE_BOUND('',#3459,.T.);
#3760=FACE_BOUND('',#3460,.T.);
#3761=FACE_BOUND('',#3461,.T.);
#3762=FACE_BOUND('',#3462,.T.);
#3763=FACE_BOUND('',#3463,.T.);
#3764=FACE_BOUND('',#3464,.T.);
#3765=FACE_BOUND('',#3465,.T.);
#3766=FACE_BOUND('',#3466,.T.);
#3767=FACE_BOUND('',#3467,.T.);
#3768=FACE_BOUND('',#3468,.T.);
#3769=FACE_BOUND('',#3469,.T.);
#3770=FACE_BOUND('',#3470,.T.);
#3771=FACE_BOUND('',#3471,.T.);
#3772=FACE_BOUND('',#3472,.T.);
#3773=FACE_BOUND('',#3473,.T.);
#3774=FACE_BOUND('',#3474,.T.);
#3775=FACE_BOUND('',#3475,.T.);
#3776=FACE_BOUND('',#3476,.T.);
#3777=FACE_BOUND('',#3477,.T.);
#3778=FACE_BOUND('',#3478,.T.);
#3779=FACE_BOUND('',#3479,.T.);
#3780=FACE_BOUND('',#3480,.T.);
#3781=FACE_BOUND('',#3481,.T.);
#3782=FACE_BOUND('',#3482,.T.);
#3783=FACE_BOUND('',#3483,.T.);
#3784=FACE_BOUND('',#3484,.T.);
#3785=FACE_BOUND('',#3485,.T.);
#3786=FACE_BOUND('',#3486,.T.);
#3787=FACE_BOUND('',#3487,.T.);
#3788=FACE_BOUND('',#3488,.T.);
#3789=FACE_BOUND('',#3489,.T.);
#3790=FACE_BOUND('',#3490,.T.);
#3791=FACE_BOUND('',#3491,.T.);
#3792=FACE_BOUND('',#3492,.T.);
#3793=FACE_BOUND('',#3493,.T.);
#3794=FACE_BOUND('',#3494,.T.);
#3795=FACE_BOUND('',#3495,.T.);
#3796=FACE_BOUND('',#3496,.T.);
#3797=FACE_BOUND('',#3497,.T.);
#3798=FACE_BOUND('',#3498,.T.);
#3799=FACE_BOUND('',#3499,.T.);
#3800=FACE_BOUND('',#3500,.T.);
#3801=FACE_BOUND('',#3501,.T.);
#3802=FACE_BOUND('',#3502,.T.);
#3803=FACE_BOUND('',#3503,.T.);
#3804=FACE_BOUND('',#3504,.T.);
#3805=FACE_BOUND('',#3505,.T.);
#3806=FACE_BOUND('',#3506,.T.);
#3807=FACE_BOUND('',#3507,.T.);
#3808=FACE_BOUND('',#3508,.T.);
#3809=FACE_BOUND('',#3509,.T.);
#3810=FACE_BOUND('',#3510,.T.);
#3811=FACE_BOUND('',#3511,.T.);
#3812=FACE_BOUND('',#3512,.T.);
#3813=FACE_BOUND('',#3513,.T.);
#3814=FACE_BOUND('',#3514,.T.);
#3815=FACE_BOUND('',#3515,.T.);
#3816=FACE_BOUND('',#3516,.T.);
#3817=FACE_BOUND('',#3517,.T.);
#3818=FACE_BOUND('',#3518,.T.);
#3819=FACE_BOUND('',#3519,.T.);
#3820=FACE_BOUND('',#3520,.T.);
#3821=FACE_BOUND('',#3521,.T.);
#3822=FACE_BOUND('',#3522,.T.);
#3823=FACE_BOUND('',#3523,.T.);
#3824=FACE_BOUND('',#3524,.T.);
#3825=FACE_BOUND('',#3525,.T.);
#3826=FACE_BOUND('',#3526,.T.);
#3827=FACE_BOUND('',#3527,.T.);
#3828=FACE_BOUND('',#3528,.T.);
#3829=FACE_BOUND('',#3529,.T.);
#3830=FACE_BOUND('',#3530,.T.);
#3831=FACE_BOUND('',#3531,.T.);
#3832=FACE_BOUND('',#3532,.T.);
#3833=FACE_BOUND('',#3533,.T.);
#3834=FACE_BOUND('',#3534,.T.);
#3835=FACE_BOUND('',#3535,.T.);
#3836=FACE_BOUND('',#3536,.T.);
#3837=FACE_BOUND('',#3537,.T.);
#3838=FACE_BOUND('',#3538,.T.);
#3839=FACE_BOUND('',#3539,.T.);
#3840=FACE_BOUND('',#3540,.T.);
#3841=FACE_BOUND('',#3541,.T.);
#3842=FACE_BOUND('',#3542,.T.);
#3843=FACE_BOUND('',#3543,.T.);
#3844=FACE_BOUND('',#3544,.T.);
#3845=FACE_BOUND('',#3545,.T.);
#3846=FACE_BOUND('',#3546,.T.);
#3847=FACE_BOUND('',#3547,.T.);
#3848=FACE_BOUND('',#3548,.T.);
#3849=FACE_BOUND('',#3549,.T.);
#3850=FACE_BOUND('',#3550,.T.);
#3851=FACE_BOUND('',#3551,.T.);
#3852=FACE_BOUND('',#3552,.T.);
#3853=FACE_BOUND('',#3553,.T.);
#3854=FACE_BOUND('',#3554,.T.);
#3855=FACE_BOUND('',#3555,.T.);
#3856=FACE_BOUND('',#3556,.T.);
#3857=FACE_BOUND('',#3557,.T.);
#3858=FACE_BOUND('',#3558,.T.);
#3859=FACE_BOUND('',#3559,.T.);
#3860=FACE_BOUND('',#3560,.T.);
#3861=FACE_BOUND('',#3561,.T.);
#3862=FACE_BOUND('',#3562,.T.);
#3863=FACE_BOUND('',#3563,.T.);
#3864=FACE_BOUND('',#3564,.T.);
#3865=FACE_BOUND('',#3565,.T.);
#3866=FACE_BOUND('',#3566,.T.);
#3867=FACE_BOUND('',#3567,.T.);
#3868=FACE_BOUND('',#3568,.T.);
#3869=FACE_BOUND('',#3569,.T.);
#3870=FACE_BOUND('',#3570,.T.);
#3871=FACE_BOUND('',#3571,.T.);
#3872=FACE_BOUND('',#3572,.T.);
#3873=FACE_BOUND('',#3573,.T.);
#3874=FACE_BOUND('',#3574,.T.);
#3875=FACE_BOUND('',#3575,.T.);
#3876=FACE_BOUND('',#3576,.T.);
#3877=FACE_BOUND('',#3577,.T.);
#3878=FACE_BOUND('',#3578,.T.);
#3879=FACE_BOUND('',#3579,.T.);
#3880=FACE_BOUND('',#3580,.T.);
#3881=FACE_BOUND('',#3581,.T.);
#3882=FACE_BOUND('',#3582,.T.);
#3883=FACE_BOUND('',#3583,.T.);
#3884=FACE_BOUND('',#3584,.T.);
#3885=FACE_BOUND('',#3585,.T.);
#3886=FACE_BOUND('',#3586,.T.);
#3887=FACE_BOUND('',#3587,.T.);
#3888=FACE_BOUND('',#3588,.T.);
#3889=FACE_BOUND('',#3589,.T.);
#3890=FACE_BOUND('',#3590,.T.);
#3891=FACE_BOUND('',#3591,.T.);
#3892=FACE_BOUND('',#3592,.T.);
#3893=FACE_BOUND('',#3593,.T.);
#3894=FACE_BOUND('',#3594,.T.);
#3895=FACE_BOUND('',#3595,.T.);
#3896=FACE_BOUND('',#3596,.T.);
#3897=FACE_BOUND('',#3597,.T.);
#3898=FACE_BOUND('',#3598,.T.);
#3899=FACE_BOUND('',#3599,.T.);
#3900=FACE_BOUND('',#3600,.T.);
#3901=FACE_BOUND('',#3601,.T.);
#3902=FACE_BOUND('',#3602,.T.);
#3903=FACE_BOUND('',#3603,.T.);
#3904=FACE_BOUND('',#3604,.T.);
#3905=FACE_BOUND('',#3605,.T.);
#3906=FACE_BOUND('',#3606,.T.);
#3907=FACE_BOUND('',#3607,.T.);
#3908=FACE_BOUND('',#3608,.T.);
#3909=FACE_BOUND('',#3609,.T.);
#3910=FACE_BOUND('',#3610,.T.);
#3911=FACE_BOUND('',#3611,.T.);
#3912=FACE_BOUND('',#3612,.T.);
#3913=FACE_BOUND('',#3613,.T.);
#3914=FACE_BOUND('',#3614,.T.);
#3915=FACE_BOUND('',#3615,.T.);
#3916=FACE_BOUND('',#3616,.T.);
#3917=FACE_BOUND('',#3617,.T.);
#3918=FACE_BOUND('',#3618,.T.);
#3919=FACE_BOUND('',#3619,.T.);
#3920=FACE_BOUND('',#3620,.T.);
#3921=FACE_BOUND('',#3621,.T.);
#3922=FACE_BOUND('',#3622,.T.);
#3923=FACE_BOUND('',#3623,.T.);
#3924=FACE_BOUND('',#3624,.T.);
#3925=FACE_BOUND('',#3625,.T.);
#3926=FACE_BOUND('',#3626,.T.);
#3927=FACE_BOUND('',#3627,.T.);
#3928=FACE_BOUND('',#3628,.T.);
#3929=FACE_BOUND('',#3629,.T.);
#3930=FACE_BOUND('',#3630,.T.);
#3931=FACE_BOUND('',#3631,.T.);
#3932=FACE_BOUND('',#3632,.T.);
#3933=FACE_BOUND('',#3633,.T.);
#3934=FACE_BOUND('',#3634,.T.);
#3935=FACE_BOUND('',#3635,.T.);
#3936=FACE_BOUND('',#3636,.T.);
#3937=FACE_BOUND('',#3637,.T.);
#3938=FACE_BOUND('',#3638,.T.);
#3939=FACE_BOUND('',#3639,.T.);
#3940=FACE_BOUND('',#3640,.T.);
#3941=FACE_BOUND('',#3641,.T.);
#3942=FACE_BOUND('',#3642,.T.);
#3943=FACE_BOUND('',#3643,.T.);
#3944=FACE_BOUND('',#3644,.T.);
#3945=FACE_BOUND('',#3645,.T.);
#3946=FACE_BOUND('',#3646,.T.);
#3947=FACE_BOUND('',#3647,.T.);
#3948=FACE_BOUND('',#3648,.T.);
#3949=FACE_BOUND('',#3649,.T.);
#3950=FACE_BOUND('',#3650,.T.);
#3951=FACE_BOUND('',#3651,.T.);
#3952=FACE_BOUND('',#3652,.T.);
#3953=FACE_BOUND('',#3653,.T.);
#3954=FACE_BOUND('',#3654,.T.);
#3955=FACE_BOUND('',#3655,.T.);
#3956=FACE_BOUND('',#3656,.T.);
#3957=FACE_BOUND('',#3657,.T.);
#3958=FACE_BOUND('',#3658,.T.);
#3959=FACE_BOUND('',#3659,.T.);
#3960=FACE_BOUND('',#3660,.T.);
#3961=FACE_BOUND('',#3661,.T.);
#3962=FACE_BOUND('',#3662,.T.);
#3963=FACE_BOUND('',#3663,.T.);
#3964=FACE_BOUND('',#3664,.T.);
#3965=FACE_BOUND('',#3665,.T.);
#3966=FACE_BOUND('',#3666,.T.);
#3967=FACE_BOUND('',#3667,.T.);
#3968=FACE_BOUND('',#3668,.T.);
#3969=FACE_BOUND('',#3669,.T.);
#3970=FACE_BOUND('',#3670,.T.);
#3971=FACE_BOUND('',#3671,.T.);
#3972=FACE_BOUND('',#3672,.T.);
#3973=FACE_BOUND('',#3673,.T.);
#3974=FACE_BOUND('',#3674,.T.);
#3975=FACE_BOUND('',#3675,.T.);
#3976=FACE_BOUND('',#3676,.T.);
#3977=FACE_BOUND('',#3677,.T.);
#3978=FACE_BOUND('',#3678,.T.);
#3979=FACE_BOUND('',#3679,.T.);
#3980=FACE_BOUND('',#3680,.T.);
#3981=FACE_BOUND('',#3681,.T.);
#3982=FACE_BOUND('',#3682,.T.);
#3983=FACE_BOUND('',#3683,.T.);
#3984=FACE_BOUND('',#3684,.T.);
#3985=FACE_BOUND('',#3685,.T.);
#3986=FACE_BOUND('',#3686,.T.);
#3987=FACE_BOUND('',#3687,.T.);
#3988=FACE_BOUND('',#3688,.T.);
#3989=FACE_BOUND('',#3689,.T.);
#3990=FACE_BOUND('',#3690,.T.);
#3991=FACE_BOUND('',#3691,.T.);
#3992=FACE_BOUND('',#3692,.T.);
#3993=FACE_BOUND('',#3693,.T.);
#3994=FACE_BOUND('',#3694,.T.);
#3995=FACE_BOUND('',#3695,.T.);
#3996=FACE_BOUND('',#3696,.T.);
#3997=FACE_BOUND('',#3697,.T.);
#3998=FACE_BOUND('',#3698,.T.);
#3999=FACE_BOUND('',#3699,.T.);
#4000=FACE_BOUND('',#3700,.T.);
#4001=FACE_BOUND('',#3701,.T.);
#4002=FACE_BOUND('',#3702,.T.);
#4003=FACE_BOUND('',#3703,.T.);
#4004=FACE_BOUND('',#3704,.T.);
#4005=FACE_BOUND('',#3705,.T.);
#4006=FACE_BOUND('',#3706,.T.);
#4007=FACE_BOUND('',#3707,.T.);
#4008=FACE_BOUND('',#3708,.T.);
#4009=FACE_BOUND('',#3709,.T.);
#4010=FACE_BOUND('',#3710,.T.);
#4011=FACE_BOUND('',#3711,.T.);
#4012=FACE_BOUND('',#3712,.T.);
#4013=FACE_BOUND('',#3713,.T.);
#4014=FACE_BOUND('',#3714,.T.);
#4015=FACE_BOUND('',#3715,.T.);
#4016=FACE_BOUND('',#3716,.T.);
#4017=FACE_BOUND('',#3717,.T.);
#4018=FACE_BOUND('',#3718,.T.);
#4019=FACE_BOUND('',#3719,.T.);
#4020=FACE_BOUND('',#3720,.T.);
#4021=FACE_BOUND('',#3721,.T.);
#4022=FACE_BOUND('',#3722,.T.);
#4023=FACE_BOUND('',#3723,.T.);
#4024=FACE_BOUND('',#3724,.T.);
#4025=PLANE('',#4410);
#4026=PLANE('',#4411);
#4027=PLANE('',#4418);
#4028=PLANE('',#4419);
#4029=PLANE('',#4420);
#4030=PLANE('',#4421);
#4031=PLANE('',#4423);
#4032=PLANE('',#4426);
#4033=PLANE('',#4429);
#4034=PLANE('',#4441);
#4035=PLANE('',#4444);
#4036=PLANE('',#4447);
#4037=PLANE('',#4450);
#4038=PLANE('',#4452);
#4039=PLANE('',#4453);
#4040=PLANE('',#4455);
#4041=PLANE('',#4457);
#4042=PLANE('',#4465);
#4043=PLANE('',#4470);
#4044=PLANE('',#4473);
#4045=PLANE('',#4474);
#4046=PLANE('',#4475);
#4047=PLANE('',#4476);
#4048=PLANE('',#4477);
#4049=PLANE('',#4478);
#4050=PLANE('',#4479);
#4051=PLANE('',#4481);
#4052=PLANE('',#4484);
#4053=PLANE('',#4487);
#4054=PLANE('',#4489);
#4055=PLANE('',#4491);
#4056=PLANE('',#4494);
#4057=PLANE('',#4496);
#4058=PLANE('',#4497);
#4059=PLANE('',#4499);
#4060=PLANE('',#4502);
#4061=PLANE('',#4504);
#4062=PLANE('',#4506);
#4063=PLANE('',#4509);
#4064=PLANE('',#4512);
#4065=PLANE('',#4514);
#4066=PLANE('',#4520);
#4067=PLANE('',#4521);
#4068=PLANE('',#4527);
#4069=PLANE('',#4528);
#4070=PLANE('',#4529);
#4071=PLANE('',#4547);
#4072=PLANE('',#4565);
#4073=PLANE('',#4566);
#4074=PLANE('',#4577);
#4075=PLANE('',#4578);
#4076=PLANE('',#4579);
#4077=PLANE('',#4580);
#4078=PLANE('',#4585);
#4079=PLANE('',#4601);
#4080=PLANE('',#4604);
#4081=PLANE('',#4607);
#4082=PLANE('',#4610);
#4083=PLANE('',#4611);
#4084=PLANE('',#4612);
#4085=PLANE('',#4613);
#4086=PLANE('',#4614);
#4087=PLANE('',#4615);
#4088=PLANE('',#4616);
#4089=PLANE('',#4617);
#4090=PLANE('',#4618);
#4091=PLANE('',#4619);
#4092=PLANE('',#4620);
#4093=PLANE('',#4622);
#4094=PLANE('',#4623);
#4095=PLANE('',#4624);
#4096=PLANE('',#4625);
#4097=PLANE('',#4626);
#4098=PLANE('',#4627);
#4099=PLANE('',#4628);
#4100=PLANE('',#4629);
#4101=PLANE('',#4630);
#4102=PLANE('',#4648);
#4103=PLANE('',#4650);
#4104=PLANE('',#4652);
#4105=PLANE('',#4653);
#4106=PLANE('',#4655);
#4107=PLANE('',#4656);
#4108=PLANE('',#4658);
#4109=PLANE('',#4659);
#4110=PLANE('',#4660);
#4111=PLANE('',#4661);
#4112=PLANE('',#4662);
#4113=PLANE('',#4665);
#4114=PLANE('',#4668);
#4115=PLANE('',#4669);
#4116=PLANE('',#4670);
#4117=PLANE('',#4671);
#4118=PLANE('',#4676);
#4119=PLANE('',#4677);
#4120=PLANE('',#4679);
#4121=PLANE('',#4681);
#4122=PLANE('',#4684);
#4123=PLANE('',#4685);
#4124=PLANE('',#4686);
#4125=PLANE('',#4689);
#4126=PLANE('',#4690);
#4127=PLANE('',#4691);
#4128=PLANE('',#4693);
#4129=PLANE('',#4694);
#4130=PLANE('',#4696);
#4131=PLANE('',#4697);
#4132=PLANE('',#4699);
#4133=PLANE('',#4701);
#4134=PLANE('',#4702);
#4135=PLANE('',#4704);
#4136=PLANE('',#4706);
#4137=PLANE('',#4707);
#4138=PLANE('',#4708);
#4139=PLANE('',#4709);
#4140=PLANE('',#4710);
#4141=PLANE('',#4714);
#4142=PLANE('',#4715);
#4143=PLANE('',#4716);
#4144=PLANE('',#4717);
#4145=PLANE('',#4718);
#4146=PLANE('',#4730);
#4147=PLANE('',#4731);
#4148=PLANE('',#4734);
#4149=PLANE('',#4735);
#4150=PLANE('',#4736);
#4151=PLANE('',#4737);
#4152=PLANE('',#4799);
#4153=PLANE('',#4800);
#4154=PLANE('',#4801);
#4155=PLANE('',#4802);
#4156=PLANE('',#4803);
#4157=PLANE('',#4821);
#4158=PLANE('',#4823);
#4159=PLANE('',#4825);
#4160=PLANE('',#4827);
#4161=PLANE('',#4829);
#4162=PLANE('',#4830);
#4163=ADVANCED_FACE('',(#3725),#4025,.F.);
#4164=ADVANCED_FACE('',(#3726),#4026,.F.);
#4165=ADVANCED_FACE('',(#3727),#238,.F.);
#4166=ADVANCED_FACE('',(#3728),#239,.F.);
#4167=ADVANCED_FACE('',(#3729),#4027,.T.);
#4168=ADVANCED_FACE('',(#3730),#4028,.F.);
#4169=ADVANCED_FACE('',(#3731),#4029,.F.);
#4170=ADVANCED_FACE('',(#3732),#4030,.F.);
#4171=ADVANCED_FACE('',(#3733),#4031,.F.);
#4172=ADVANCED_FACE('',(#3734),#4032,.F.);
#4173=ADVANCED_FACE('',(#3735),#4033,.F.);
#4174=ADVANCED_FACE('',(#3736),#240,.F.);
#4175=ADVANCED_FACE('',(#3737),#4034,.T.);
#4176=ADVANCED_FACE('',(#3738),#4035,.T.);
#4177=ADVANCED_FACE('',(#3739),#4036,.T.);
#4178=ADVANCED_FACE('',(#3740),#4037,.T.);
#4179=ADVANCED_FACE('',(#3741),#4038,.F.);
#4180=ADVANCED_FACE('',(#3742),#4039,.F.);
#4181=ADVANCED_FACE('',(#3743),#4040,.F.);
#4182=ADVANCED_FACE('',(#3744),#4041,.F.);
#4183=ADVANCED_FACE('',(#3745),#241,.F.);
#4184=ADVANCED_FACE('',(#3746,#3747),#4042,.T.);
#4185=ADVANCED_FACE('',(#3748),#4043,.F.);
#4186=ADVANCED_FACE('',(#3749),#4044,.F.);
#4187=ADVANCED_FACE('',(#3750),#4045,.F.);
#4188=ADVANCED_FACE('',(#3751),#4046,.F.);
#4189=ADVANCED_FACE('',(#3752),#4047,.F.);
#4190=ADVANCED_FACE('',(#3753),#4048,.F.);
#4191=ADVANCED_FACE('',(#3754),#4049,.F.);
#4192=ADVANCED_FACE('',(#3755),#4050,.T.);
#4193=ADVANCED_FACE('',(#3756),#4051,.T.);
#4194=ADVANCED_FACE('',(#3757),#4052,.T.);
#4195=ADVANCED_FACE('',(#3758),#4053,.T.);
#4196=ADVANCED_FACE('',(#3759),#4054,.T.);
#4197=ADVANCED_FACE('',(#3760),#4055,.T.);
#4198=ADVANCED_FACE('',(#3761),#4056,.T.);
#4199=ADVANCED_FACE('',(#3762),#4057,.F.);
#4200=ADVANCED_FACE('',(#3763),#4058,.F.);
#4201=ADVANCED_FACE('',(#3764),#4059,.F.);
#4202=ADVANCED_FACE('',(#3765),#4060,.F.);
#4203=ADVANCED_FACE('',(#3766),#4061,.T.);
#4204=ADVANCED_FACE('',(#3767),#4062,.T.);
#4205=ADVANCED_FACE('',(#3768),#4063,.T.);
#4206=ADVANCED_FACE('',(#3769),#4064,.T.);
#4207=ADVANCED_FACE('',(#3770,#3771),#4065,.F.);
#4208=ADVANCED_FACE('',(#3772),#4066,.F.);
#4209=ADVANCED_FACE('',(#3773,#3774),#4067,.T.);
#4210=ADVANCED_FACE('',(#3775),#4068,.T.);
#4211=ADVANCED_FACE('',(#3776),#4069,.T.);
#4212=ADVANCED_FACE('',(#3777,#3778,#3779,#3780,#3781,#3782,#3783,#3784,
#3785,#3786,#3787,#3788,#3789,#3790,#3791,#3792,#3793,#3794),#4070,.T.);
#4213=ADVANCED_FACE('',(#3795,#3796,#3797,#3798,#3799,#3800,#3801,#3802,
#3803,#3804,#3805,#3806,#3807,#3808,#3809,#3810,#3811,#3812),#4071,.T.);
#4214=ADVANCED_FACE('',(#3813),#4072,.T.);
#4215=ADVANCED_FACE('',(#3814,#3815,#3816),#4073,.T.);
#4216=ADVANCED_FACE('',(#3817),#4074,.F.);
#4217=ADVANCED_FACE('',(#3818),#4075,.T.);
#4218=ADVANCED_FACE('',(#3819),#4076,.T.);
#4219=ADVANCED_FACE('',(#3820),#4077,.F.);
#4220=ADVANCED_FACE('',(#3821,#3822),#4078,.T.);
#4221=ADVANCED_FACE('',(#3823),#242,.T.);
#4222=ADVANCED_FACE('',(#3824),#243,.T.);
#4223=ADVANCED_FACE('',(#3825),#244,.T.);
#4224=ADVANCED_FACE('',(#3826),#245,.T.);
#4225=ADVANCED_FACE('',(#3827,#3828),#246,.F.);
#4226=ADVANCED_FACE('',(#3829),#4079,.T.);
#4227=ADVANCED_FACE('',(#3830,#3831),#247,.F.);
#4228=ADVANCED_FACE('',(#3832),#4080,.T.);
#4229=ADVANCED_FACE('',(#3833,#3834),#248,.F.);
#4230=ADVANCED_FACE('',(#3835),#4081,.T.);
#4231=ADVANCED_FACE('',(#3836,#3837),#249,.F.);
#4232=ADVANCED_FACE('',(#3838),#4082,.T.);
#4233=ADVANCED_FACE('',(#3839),#4083,.T.);
#4234=ADVANCED_FACE('',(#3840),#4084,.T.);
#4235=ADVANCED_FACE('',(#3841),#4085,.F.);
#4236=ADVANCED_FACE('',(#3842),#4086,.T.);
#4237=ADVANCED_FACE('',(#3843),#4087,.F.);
#4238=ADVANCED_FACE('',(#3844),#4088,.T.);
#4239=ADVANCED_FACE('',(#3845),#4089,.T.);
#4240=ADVANCED_FACE('',(#3846),#4090,.F.);
#4241=ADVANCED_FACE('',(#3847),#4091,.T.);
#4242=ADVANCED_FACE('',(#3848),#4092,.T.);
#4243=ADVANCED_FACE('',(#3849),#4093,.T.);
#4244=ADVANCED_FACE('',(#3850),#4094,.F.);
#4245=ADVANCED_FACE('',(#3851),#4095,.F.);
#4246=ADVANCED_FACE('',(#3852),#4096,.T.);
#4247=ADVANCED_FACE('',(#3853),#4097,.F.);
#4248=ADVANCED_FACE('',(#3854),#4098,.F.);
#4249=ADVANCED_FACE('',(#3855),#4099,.T.);
#4250=ADVANCED_FACE('',(#3856),#4100,.F.);
#4251=ADVANCED_FACE('',(#3857),#4101,.F.);
#4252=ADVANCED_FACE('',(#3858,#3859),#250,.F.);
#4253=ADVANCED_FACE('',(#3860,#3861),#251,.F.);
#4254=ADVANCED_FACE('',(#3862,#3863),#252,.F.);
#4255=ADVANCED_FACE('',(#3864,#3865),#253,.F.);
#4256=ADVANCED_FACE('',(#3866,#3867),#254,.F.);
#4257=ADVANCED_FACE('',(#3868,#3869),#255,.F.);
#4258=ADVANCED_FACE('',(#3870,#3871),#256,.F.);
#4259=ADVANCED_FACE('',(#3872,#3873),#257,.F.);
#4260=ADVANCED_FACE('',(#3874,#3875),#258,.F.);
#4261=ADVANCED_FACE('',(#3876,#3877),#259,.F.);
#4262=ADVANCED_FACE('',(#3878,#3879),#260,.F.);
#4263=ADVANCED_FACE('',(#3880,#3881),#261,.F.);
#4264=ADVANCED_FACE('',(#3882,#3883),#262,.F.);
#4265=ADVANCED_FACE('',(#3884,#3885),#263,.F.);
#4266=ADVANCED_FACE('',(#3886,#3887),#264,.F.);
#4267=ADVANCED_FACE('',(#3888,#3889),#265,.F.);
#4268=ADVANCED_FACE('',(#3890,#3891),#266,.F.);
#4269=ADVANCED_FACE('',(#3892),#4102,.T.);
#4270=ADVANCED_FACE('',(#3893),#4103,.F.);
#4271=ADVANCED_FACE('',(#3894),#4104,.T.);
#4272=ADVANCED_FACE('',(#3895),#4105,.F.);
#4273=ADVANCED_FACE('',(#3896),#4106,.F.);
#4274=ADVANCED_FACE('',(#3897),#4107,.T.);
#4275=ADVANCED_FACE('',(#3898),#4108,.T.);
#4276=ADVANCED_FACE('',(#3899),#4109,.F.);
#4277=ADVANCED_FACE('',(#3900),#4110,.T.);
#4278=ADVANCED_FACE('',(#3901),#4111,.F.);
#4279=ADVANCED_FACE('',(#3902),#4112,.T.);
#4280=ADVANCED_FACE('',(#3903),#4113,.F.);
#4281=ADVANCED_FACE('',(#3904),#4114,.T.);
#4282=ADVANCED_FACE('',(#3905,#3906,#3907,#3908,#3909,#3910),#4115,.T.);
#4283=ADVANCED_FACE('',(#3911),#4116,.F.);
#4284=ADVANCED_FACE('',(#3912),#4117,.F.);
#4285=ADVANCED_FACE('',(#3913),#267,.F.);
#4286=ADVANCED_FACE('',(#3914),#268,.T.);
#4287=ADVANCED_FACE('',(#3915),#4118,.T.);
#4288=ADVANCED_FACE('',(#3916),#4119,.F.);
#4289=ADVANCED_FACE('',(#3917),#269,.F.);
#4290=ADVANCED_FACE('',(#3918),#4120,.F.);
#4291=ADVANCED_FACE('',(#3919),#270,.T.);
#4292=ADVANCED_FACE('',(#3920),#4121,.T.);
#4293=ADVANCED_FACE('',(#3921),#271,.F.);
#4294=ADVANCED_FACE('',(#3922),#272,.T.);
#4295=ADVANCED_FACE('',(#3923),#4122,.F.);
#4296=ADVANCED_FACE('',(#3924),#4123,.F.);
#4297=ADVANCED_FACE('',(#3925),#4124,.T.);
#4298=ADVANCED_FACE('',(#3926),#273,.F.);
#4299=ADVANCED_FACE('',(#3927),#274,.T.);
#4300=ADVANCED_FACE('',(#3928),#4125,.F.);
#4301=ADVANCED_FACE('',(#3929),#4126,.T.);
#4302=ADVANCED_FACE('',(#3930),#4127,.F.);
#4303=ADVANCED_FACE('',(#3931),#275,.F.);
#4304=ADVANCED_FACE('',(#3932),#4128,.F.);
#4305=ADVANCED_FACE('',(#3933),#4129,.T.);
#4306=ADVANCED_FACE('',(#3934),#276,.T.);
#4307=ADVANCED_FACE('',(#3935),#4130,.T.);
#4308=ADVANCED_FACE('',(#3936),#4131,.T.);
#4309=ADVANCED_FACE('',(#3937),#4132,.T.);
#4310=ADVANCED_FACE('',(#3938),#4133,.F.);
#4311=ADVANCED_FACE('',(#3939),#4134,.F.);
#4312=ADVANCED_FACE('',(#3940),#4135,.F.);
#4313=ADVANCED_FACE('',(#3941),#4136,.T.);
#4314=ADVANCED_FACE('',(#3942),#4137,.F.);
#4315=ADVANCED_FACE('',(#3943),#4138,.F.);
#4316=ADVANCED_FACE('',(#3944),#4139,.T.);
#4317=ADVANCED_FACE('',(#3945),#4140,.F.);
#4318=ADVANCED_FACE('',(#3946),#4141,.T.);
#4319=ADVANCED_FACE('',(#3947),#4142,.T.);
#4320=ADVANCED_FACE('',(#3948),#4143,.T.);
#4321=ADVANCED_FACE('',(#3949),#4144,.T.);
#4322=ADVANCED_FACE('',(#3950),#4145,.F.);
#4323=ADVANCED_FACE('',(#3951),#277,.F.);
#4324=ADVANCED_FACE('',(#3952),#278,.F.);
#4325=ADVANCED_FACE('',(#3953),#279,.F.);
#4326=ADVANCED_FACE('',(#3954),#280,.F.);
#4327=ADVANCED_FACE('',(#3955),#281,.F.);
#4328=ADVANCED_FACE('',(#3956),#282,.F.);
#4329=ADVANCED_FACE('',(#3957),#26,.F.);
#4330=ADVANCED_FACE('',(#3958),#283,.F.);
#4331=ADVANCED_FACE('',(#3959),#284,.F.);
#4332=ADVANCED_FACE('',(#3960),#285,.F.);
#4333=ADVANCED_FACE('',(#3961),#286,.F.);
#4334=ADVANCED_FACE('',(#3962),#4146,.T.);
#4335=ADVANCED_FACE('',(#3963),#4147,.F.);
#4336=ADVANCED_FACE('',(#3964),#4148,.F.);
#4337=ADVANCED_FACE('',(#3965),#4149,.F.);
#4338=ADVANCED_FACE('',(#3966),#4150,.T.);
#4339=ADVANCED_FACE('',(#3967),#4151,.F.);
#4340=ADVANCED_FACE('',(#3968),#287,.F.);
#4341=ADVANCED_FACE('',(#3969),#288,.F.);
#4342=ADVANCED_FACE('',(#3970),#289,.F.);
#4343=ADVANCED_FACE('',(#3971),#290,.F.);
#4344=ADVANCED_FACE('',(#3972),#291,.F.);
#4345=ADVANCED_FACE('',(#3973),#292,.F.);
#4346=ADVANCED_FACE('',(#3974),#293,.F.);
#4347=ADVANCED_FACE('',(#3975),#294,.F.);
#4348=ADVANCED_FACE('',(#3976),#295,.F.);
#4349=ADVANCED_FACE('',(#3977),#296,.F.);
#4350=ADVANCED_FACE('',(#3978),#297,.F.);
#4351=ADVANCED_FACE('',(#3979),#16,.F.);
#4352=ADVANCED_FACE('',(#3980),#298,.F.);
#4353=ADVANCED_FACE('',(#3981),#17,.F.);
#4354=ADVANCED_FACE('',(#3982),#27,.F.);
#4355=ADVANCED_FACE('',(#3983),#18,.F.);
#4356=ADVANCED_FACE('',(#3984),#299,.F.);
#4357=ADVANCED_FACE('',(#3985),#19,.F.);
#4358=ADVANCED_FACE('',(#3986),#28,.F.);
#4359=ADVANCED_FACE('',(#3987),#20,.F.);
#4360=ADVANCED_FACE('',(#3988),#300,.F.);
#4361=ADVANCED_FACE('',(#3989),#21,.F.);
#4362=ADVANCED_FACE('',(#3990),#29,.F.);
#4363=ADVANCED_FACE('',(#3991),#22,.F.);
#4364=ADVANCED_FACE('',(#3992),#301,.F.);
#4365=ADVANCED_FACE('',(#3993),#23,.F.);
#4366=ADVANCED_FACE('',(#3994),#30,.F.);
#4367=ADVANCED_FACE('',(#3995),#24,.F.);
#4368=ADVANCED_FACE('',(#3996),#302,.F.);
#4369=ADVANCED_FACE('',(#3997),#25,.F.);
#4370=ADVANCED_FACE('',(#3998),#303,.F.);
#4371=ADVANCED_FACE('',(#3999),#4152,.T.);
#4372=ADVANCED_FACE('',(#4000),#4153,.T.);
#4373=ADVANCED_FACE('',(#4001),#4154,.F.);
#4374=ADVANCED_FACE('',(#4002),#4155,.T.);
#4375=ADVANCED_FACE('',(#4003),#4156,.F.);
#4376=ADVANCED_FACE('',(#4004),#304,.F.);
#4377=ADVANCED_FACE('',(#4005),#305,.F.);
#4378=ADVANCED_FACE('',(#4006),#306,.F.);
#4379=ADVANCED_FACE('',(#4007),#307,.F.);
#4380=ADVANCED_FACE('',(#4008),#308,.F.);
#4381=ADVANCED_FACE('',(#4009),#309,.F.);
#4382=ADVANCED_FACE('',(#4010),#310,.F.);
#4383=ADVANCED_FACE('',(#4011),#311,.T.);
#4384=ADVANCED_FACE('',(#4012),#312,.T.);
#4385=ADVANCED_FACE('',(#4013),#313,.T.);
#4386=ADVANCED_FACE('',(#4014),#314,.T.);
#4387=ADVANCED_FACE('',(#4015),#4157,.F.);
#4388=ADVANCED_FACE('',(#4016),#12,.T.);
#4389=ADVANCED_FACE('',(#4017),#4158,.T.);
#4390=ADVANCED_FACE('',(#4018),#13,.T.);
#4391=ADVANCED_FACE('',(#4019),#4159,.T.);
#4392=ADVANCED_FACE('',(#4020),#14,.T.);
#4393=ADVANCED_FACE('',(#4021),#4160,.F.);
#4394=ADVANCED_FACE('',(#4022),#15,.T.);
#4395=ADVANCED_FACE('',(#4023),#4161,.F.);
#4396=ADVANCED_FACE('',(#4024),#4162,.T.);
#4397=CLOSED_SHELL('',(#4163,#4164,#4165,#4166,#4167,#4168,#4169,#4170,
#4171,#4172,#4173,#4174,#4175,#4176,#4177,#4178,#4179,#4180,#4181,#4182,
#4183,#4184,#4185,#4186,#4187,#4188,#4189,#4190,#4191,#4192,#4193,#4194,
#4195,#4196,#4197,#4198,#4199,#4200,#4201,#4202,#4203,#4204,#4205,#4206,
#4207,#4208,#4209,#4210,#4211,#4212,#4213,#4214,#4215,#4216,#4217,#4218,
#4219,#4220,#4221,#4222,#4223,#4224,#4225,#4226,#4227,#4228,#4229,#4230,
#4231,#4232,#4233,#4234,#4235,#4236,#4237,#4238,#4239,#4240,#4241,#4242,
#4243,#4244,#4245,#4246,#4247,#4248,#4249,#4250,#4251,#4252,#4253,#4254,
#4255,#4256,#4257,#4258,#4259,#4260,#4261,#4262,#4263,#4264,#4265,#4266,
#4267,#4268,#4269,#4270,#4271,#4272,#4273,#4274,#4275,#4276,#4277,#4278,
#4279,#4280,#4281,#4282,#4283,#4284,#4285,#4286,#4287,#4288,#4289,#4290,
#4291,#4292,#4293,#4294,#4295,#4296,#4297,#4298,#4299,#4300,#4301,#4302,
#4303,#4304,#4305,#4306,#4307,#4308,#4309,#4310,#4311,#4312,#4313,#4314,
#4315,#4316,#4317,#4318,#4319,#4320,#4321,#4322,#4323,#4324,#4325,#4326,
#4327,#4328,#4329,#4330,#4331,#4332,#4333,#4334,#4335,#4336,#4337,#4338,
#4339,#4340,#4341,#4342,#4343,#4344,#4345,#4346,#4347,#4348,#4349,#4350,
#4351,#4352,#4353,#4354,#4355,#4356,#4357,#4358,#4359,#4360,#4361,#4362,
#4363,#4364,#4365,#4366,#4367,#4368,#4369,#4370,#4371,#4372,#4373,#4374,
#4375,#4376,#4377,#4378,#4379,#4380,#4381,#4382,#4383,#4384,#4385,#4386,
#4387,#4388,#4389,#4390,#4391,#4392,#4393,#4394,#4395,#4396));
#4398=STYLED_ITEM('',(#4399),#4406);
#4399=PRESENTATION_STYLE_ASSIGNMENT((#4400));
#4400=SURFACE_STYLE_USAGE(.BOTH.,#4401);
#4401=SURFACE_SIDE_STYLE('',(#4402));
#4402=SURFACE_STYLE_FILL_AREA(#4403);
#4403=FILL_AREA_STYLE('',(#4404));
#4404=FILL_AREA_STYLE_COLOUR('',#4405);
#4405=COLOUR_RGB('',0.768627450980392,0.886274509803922,0.952941176470588);
#4406=MANIFOLD_SOLID_BREP('3DP-Box-Body',#4397);
#4407=SHAPE_DEFINITION_REPRESENTATION(#7441,#4408);
#4408=SHAPE_REPRESENTATION('3DP-Box-Body',(#4409),#7436);
#4409=AXIS2_PLACEMENT_3D('',#6092,#4831,#4832);
#4410=AXIS2_PLACEMENT_3D('',#6093,#4833,#4834);
#4411=AXIS2_PLACEMENT_3D('',#6110,#4843,#4844);
#4412=AXIS2_PLACEMENT_3D('',#6119,#4849,#4850);
#4413=AXIS2_PLACEMENT_3D('',#6120,#4851,#4852);
#4414=AXIS2_PLACEMENT_3D('',#6124,#4854,#4855);
#4415=AXIS2_PLACEMENT_3D('',#6125,#4856,#4857);
#4416=AXIS2_PLACEMENT_3D('',#6126,#4858,#4859);
#4417=AXIS2_PLACEMENT_3D('',#6128,#4860,#4861);
#4418=AXIS2_PLACEMENT_3D('',#6131,#4863,#4864);
#4419=AXIS2_PLACEMENT_3D('',#6137,#4868,#4869);
#4420=AXIS2_PLACEMENT_3D('',#6143,#4873,#4874);
#4421=AXIS2_PLACEMENT_3D('',#6162,#4885,#4886);
#4422=AXIS2_PLACEMENT_3D('',#6170,#4890,#4891);
#4423=AXIS2_PLACEMENT_3D('',#6171,#4892,#4893);
#4424=AXIS2_PLACEMENT_3D('',#6175,#4895,#4896);
#4425=AXIS2_PLACEMENT_3D('',#6179,#4898,#4899);
#4426=AXIS2_PLACEMENT_3D('',#6180,#4900,#4901);
#4427=AXIS2_PLACEMENT_3D('',#6184,#4903,#4904);
#4428=AXIS2_PLACEMENT_3D('',#6188,#4906,#4907);
#4429=AXIS2_PLACEMENT_3D('',#6189,#4908,#4909);
#4430=AXIS2_PLACEMENT_3D('',#6193,#4911,#4912);
#4431=AXIS2_PLACEMENT_3D('',#6197,#4914,#4915);
#4432=AXIS2_PLACEMENT_3D('',#6198,#4916,#4917);
#4433=AXIS2_PLACEMENT_3D('',#6199,#4918,#4919);
#4434=AXIS2_PLACEMENT_3D('',#6204,#4921,#4922);
#4435=AXIS2_PLACEMENT_3D('',#6208,#4924,#4925);
#4436=AXIS2_PLACEMENT_3D('',#6210,#4926,#4927);
#4437=AXIS2_PLACEMENT_3D('',#6212,#4928,#4929);
#4438=AXIS2_PLACEMENT_3D('',#6214,#4930,#4931);
#4439=AXIS2_PLACEMENT_3D('',#6216,#4932,#4933);
#4440=AXIS2_PLACEMENT_3D('',#6218,#4934,#4935);
#4441=AXIS2_PLACEMENT_3D('',#6219,#4936,#4937);
#4442=AXIS2_PLACEMENT_3D('',#6223,#4939,#4940);
#4443=AXIS2_PLACEMENT_3D('',#6227,#4942,#4943);
#4444=AXIS2_PLACEMENT_3D('',#6228,#4944,#4945);
#4445=AXIS2_PLACEMENT_3D('',#6232,#4947,#4948);
#4446=AXIS2_PLACEMENT_3D('',#6236,#4950,#4951);
#4447=AXIS2_PLACEMENT_3D('',#6237,#4952,#4953);
#4448=AXIS2_PLACEMENT_3D('',#6241,#4955,#4956);
#4449=AXIS2_PLACEMENT_3D('',#6245,#4958,#4959);
#4450=AXIS2_PLACEMENT_3D('',#6246,#4960,#4961);
#4451=AXIS2_PLACEMENT_3D('',#6250,#4963,#4964);
#4452=AXIS2_PLACEMENT_3D('',#6255,#4967,#4968);
#4453=AXIS2_PLACEMENT_3D('',#6264,#4973,#4974);
#4454=AXIS2_PLACEMENT_3D('',#6272,#4978,#4979);
#4455=AXIS2_PLACEMENT_3D('',#6273,#4980,#4981);
#4456=AXIS2_PLACEMENT_3D('',#6281,#4985,#4986);
#4457=AXIS2_PLACEMENT_3D('',#6282,#4987,#4988);
#4458=AXIS2_PLACEMENT_3D('',#6290,#4992,#4993);
#4459=AXIS2_PLACEMENT_3D('',#6291,#4994,#4995);
#4460=AXIS2_PLACEMENT_3D('',#6292,#4996,#4997);
#4461=AXIS2_PLACEMENT_3D('',#6297,#4999,#5000);
#4462=AXIS2_PLACEMENT_3D('',#6298,#5001,#5002);
#4463=AXIS2_PLACEMENT_3D('',#6299,#5003,#5004);
#4464=AXIS2_PLACEMENT_3D('',#6300,#5005,#5006);
#4465=AXIS2_PLACEMENT_3D('',#6303,#5008,#5009);
#4466=AXIS2_PLACEMENT_3D('',#6337,#5026,#5027);
#4467=AXIS2_PLACEMENT_3D('',#6343,#5031,#5032);
#4468=AXIS2_PLACEMENT_3D('',#6347,#5034,#5035);
#4469=AXIS2_PLACEMENT_3D('',#6351,#5037,#5038);
#4470=AXIS2_PLACEMENT_3D('',#6354,#5040,#5041);
#4471=AXIS2_PLACEMENT_3D('',#6355,#5042,#5043);
#4472=AXIS2_PLACEMENT_3D('',#6357,#5045,#5046);
#4473=AXIS2_PLACEMENT_3D('',#6367,#5052,#5053);
#4474=AXIS2_PLACEMENT_3D('',#6373,#5057,#5058);
#4475=AXIS2_PLACEMENT_3D('',#6379,#5062,#5063);
#4476=AXIS2_PLACEMENT_3D('',#6387,#5068,#5069);
#4477=AXIS2_PLACEMENT_3D('',#6395,#5074,#5075);
#4478=AXIS2_PLACEMENT_3D('',#6403,#5080,#5081);
#4479=AXIS2_PLACEMENT_3D('',#6410,#5086,#5087);
#4480=AXIS2_PLACEMENT_3D('',#6414,#5089,#5090);
#4481=AXIS2_PLACEMENT_3D('',#6419,#5093,#5094);
#4482=AXIS2_PLACEMENT_3D('',#6420,#5095,#5096);
#4483=AXIS2_PLACEMENT_3D('',#6428,#5100,#5101);
#4484=AXIS2_PLACEMENT_3D('',#6429,#5102,#5103);
#4485=AXIS2_PLACEMENT_3D('',#6430,#5104,#5105);
#4486=AXIS2_PLACEMENT_3D('',#6439,#5109,#5110);
#4487=AXIS2_PLACEMENT_3D('',#6441,#5112,#5113);
#4488=AXIS2_PLACEMENT_3D('',#6442,#5114,#5115);
#4489=AXIS2_PLACEMENT_3D('',#6450,#5119,#5120);
#4490=AXIS2_PLACEMENT_3D('',#6454,#5122,#5123);
#4491=AXIS2_PLACEMENT_3D('',#6459,#5126,#5127);
#4492=AXIS2_PLACEMENT_3D('',#6460,#5128,#5129);
#4493=AXIS2_PLACEMENT_3D('',#6465,#5132,#5133);
#4494=AXIS2_PLACEMENT_3D('',#6466,#5134,#5135);
#4495=AXIS2_PLACEMENT_3D('',#6467,#5136,#5137);
#4496=AXIS2_PLACEMENT_3D('',#6468,#5138,#5139);
#4497=AXIS2_PLACEMENT_3D('',#6474,#5143,#5144);
#4498=AXIS2_PLACEMENT_3D('',#6475,#5145,#5146);
#4499=AXIS2_PLACEMENT_3D('',#6480,#5149,#5150);
#4500=AXIS2_PLACEMENT_3D('',#6484,#5152,#5153);
#4501=AXIS2_PLACEMENT_3D('',#6485,#5154,#5155);
#4502=AXIS2_PLACEMENT_3D('',#6490,#5158,#5159);
#4503=AXIS2_PLACEMENT_3D('',#6493,#5161,#5162);
#4504=AXIS2_PLACEMENT_3D('',#6494,#5163,#5164);
#4505=AXIS2_PLACEMENT_3D('',#6495,#5165,#5166);
#4506=AXIS2_PLACEMENT_3D('',#6500,#5169,#5170);
#4507=AXIS2_PLACEMENT_3D('',#6506,#5173,#5174);
#4508=AXIS2_PLACEMENT_3D('',#6507,#5175,#5176);
#4509=AXIS2_PLACEMENT_3D('',#6510,#5178,#5179);
#4510=AXIS2_PLACEMENT_3D('',#6511,#5180,#5181);
#4511=AXIS2_PLACEMENT_3D('',#6513,#5182,#5183);
#4512=AXIS2_PLACEMENT_3D('',#6520,#5187,#5188);
#4513=AXIS2_PLACEMENT_3D('',#6526,#5191,#5192);
#4514=AXIS2_PLACEMENT_3D('',#6529,#5194,#5195);
#4515=AXIS2_PLACEMENT_3D('',#6530,#5196,#5197);
#4516=AXIS2_PLACEMENT_3D('',#6568,#5216,#5217);
#4517=AXIS2_PLACEMENT_3D('',#6573,#5220,#5221);
#4518=AXIS2_PLACEMENT_3D('',#6575,#5222,#5223);
#4519=AXIS2_PLACEMENT_3D('',#6577,#5224,#5225);
#4520=AXIS2_PLACEMENT_3D('',#6579,#5227,#5228);
#4521=AXIS2_PLACEMENT_3D('',#6635,#5258,#5259);
#4522=AXIS2_PLACEMENT_3D('',#6636,#5260,#5261);
#4523=AXIS2_PLACEMENT_3D('',#6638,#5262,#5263);
#4524=AXIS2_PLACEMENT_3D('',#6646,#5267,#5268);
#4525=AXIS2_PLACEMENT_3D('',#6648,#5269,#5270);
#4526=AXIS2_PLACEMENT_3D('',#6650,#5271,#5272);
#4527=AXIS2_PLACEMENT_3D('',#6659,#5277,#5278);
#4528=AXIS2_PLACEMENT_3D('',#6668,#5283,#5284);
#4529=AXIS2_PLACEMENT_3D('',#6677,#5289,#5290);
#4530=AXIS2_PLACEMENT_3D('',#6678,#5291,#5292);
#4531=AXIS2_PLACEMENT_3D('',#6680,#5293,#5294);
#4532=AXIS2_PLACEMENT_3D('',#6682,#5295,#5296);
#4533=AXIS2_PLACEMENT_3D('',#6684,#5297,#5298);
#4534=AXIS2_PLACEMENT_3D('',#6686,#5299,#5300);
#4535=AXIS2_PLACEMENT_3D('',#6688,#5301,#5302);
#4536=AXIS2_PLACEMENT_3D('',#6690,#5303,#5304);
#4537=AXIS2_PLACEMENT_3D('',#6692,#5305,#5306);
#4538=AXIS2_PLACEMENT_3D('',#6694,#5307,#5308);
#4539=AXIS2_PLACEMENT_3D('',#6696,#5309,#5310);
#4540=AXIS2_PLACEMENT_3D('',#6698,#5311,#5312);
#4541=AXIS2_PLACEMENT_3D('',#6700,#5313,#5314);
#4542=AXIS2_PLACEMENT_3D('',#6702,#5315,#5316);
#4543=AXIS2_PLACEMENT_3D('',#6704,#5317,#5318);
#4544=AXIS2_PLACEMENT_3D('',#6706,#5319,#5320);
#4545=AXIS2_PLACEMENT_3D('',#6708,#5321,#5322);
#4546=AXIS2_PLACEMENT_3D('',#6710,#5323,#5324);
#4547=AXIS2_PLACEMENT_3D('',#6735,#5338,#5339);
#4548=AXIS2_PLACEMENT_3D('',#6736,#5340,#5341);
#4549=AXIS2_PLACEMENT_3D('',#6738,#5342,#5343);
#4550=AXIS2_PLACEMENT_3D('',#6740,#5344,#5345);
#4551=AXIS2_PLACEMENT_3D('',#6742,#5346,#5347);
#4552=AXIS2_PLACEMENT_3D('',#6744,#5348,#5349);
#4553=AXIS2_PLACEMENT_3D('',#6746,#5350,#5351);
#4554=AXIS2_PLACEMENT_3D('',#6748,#5352,#5353);
#4555=AXIS2_PLACEMENT_3D('',#6750,#5354,#5355);
#4556=AXIS2_PLACEMENT_3D('',#6752,#5356,#5357);
#4557=AXIS2_PLACEMENT_3D('',#6754,#5358,#5359);
#4558=AXIS2_PLACEMENT_3D('',#6756,#5360,#5361);
#4559=AXIS2_PLACEMENT_3D('',#6758,#5362,#5363);
#4560=AXIS2_PLACEMENT_3D('',#6760,#5364,#5365);
#4561=AXIS2_PLACEMENT_3D('',#6762,#5366,#5367);
#4562=AXIS2_PLACEMENT_3D('',#6764,#5368,#5369);
#4563=AXIS2_PLACEMENT_3D('',#6766,#5370,#5371);
#4564=AXIS2_PLACEMENT_3D('',#6768,#5372,#5373);
#4565=AXIS2_PLACEMENT_3D('',#6793,#5387,#5388);
#4566=AXIS2_PLACEMENT_3D('',#6796,#5391,#5392);
#4567=AXIS2_PLACEMENT_3D('',#6800,#5394,#5395);
#4568=AXIS2_PLACEMENT_3D('',#6803,#5397,#5398);
#4569=AXIS2_PLACEMENT_3D('',#6805,#5399,#5400);
#4570=AXIS2_PLACEMENT_3D('',#6807,#5401,#5402);
#4571=AXIS2_PLACEMENT_3D('',#6811,#5404,#5405);
#4572=AXIS2_PLACEMENT_3D('',#6813,#5406,#5407);
#4573=AXIS2_PLACEMENT_3D('',#6815,#5408,#5409);
#4574=AXIS2_PLACEMENT_3D('',#6817,#5411,#5412);
#4575=AXIS2_PLACEMENT_3D('',#6818,#5413,#5414);
#4576=AXIS2_PLACEMENT_3D('',#6820,#5415,#5416);
#4577=AXIS2_PLACEMENT_3D('',#6822,#5417,#5418);
#4578=AXIS2_PLACEMENT_3D('',#6828,#5422,#5423);
#4579=AXIS2_PLACEMENT_3D('',#6834,#5427,#5428);
#4580=AXIS2_PLACEMENT_3D('',#6840,#5432,#5433);
#4581=AXIS2_PLACEMENT_3D('',#6852,#5439,#5440);
#4582=AXIS2_PLACEMENT_3D('',#6856,#5442,#5443);
#4583=AXIS2_PLACEMENT_3D('',#6860,#5445,#5446);
#4584=AXIS2_PLACEMENT_3D('',#6864,#5448,#5449);
#4585=AXIS2_PLACEMENT_3D('',#6865,#5450,#5451);
#4586=AXIS2_PLACEMENT_3D('',#6866,#5452,#5453);
#4587=AXIS2_PLACEMENT_3D('',#6872,#5457,#5458);
#4588=AXIS2_PLACEMENT_3D('',#6874,#5459,#5460);
#4589=AXIS2_PLACEMENT_3D('',#6876,#5461,#5462);
#4590=AXIS2_PLACEMENT_3D('',#6878,#5464,#5465);
#4591=AXIS2_PLACEMENT_3D('',#6880,#5466,#5467);
#4592=AXIS2_PLACEMENT_3D('',#6883,#5469,#5470);
#4593=AXIS2_PLACEMENT_3D('',#6886,#5472,#5473);
#4594=AXIS2_PLACEMENT_3D('',#6889,#5475,#5476);
#4595=AXIS2_PLACEMENT_3D('',#6892,#5478,#5479);
#4596=AXIS2_PLACEMENT_3D('',#6895,#5481,#5482);
#4597=AXIS2_PLACEMENT_3D('',#6898,#5484,#5485);
#4598=AXIS2_PLACEMENT_3D('',#6901,#5487,#5488);
#4599=AXIS2_PLACEMENT_3D('',#6904,#5490,#5491);
#4600=AXIS2_PLACEMENT_3D('',#6905,#5492,#5493);
#4601=AXIS2_PLACEMENT_3D('',#6907,#5494,#5495);
#4602=AXIS2_PLACEMENT_3D('',#6908,#5496,#5497);
#4603=AXIS2_PLACEMENT_3D('',#6909,#5498,#5499);
#4604=AXIS2_PLACEMENT_3D('',#6911,#5500,#5501);
#4605=AXIS2_PLACEMENT_3D('',#6912,#5502,#5503);
#4606=AXIS2_PLACEMENT_3D('',#6913,#5504,#5505);
#4607=AXIS2_PLACEMENT_3D('',#6915,#5506,#5507);
#4608=AXIS2_PLACEMENT_3D('',#6916,#5508,#5509);
#4609=AXIS2_PLACEMENT_3D('',#6917,#5510,#5511);
#4610=AXIS2_PLACEMENT_3D('',#6919,#5512,#5513);
#4611=AXIS2_PLACEMENT_3D('',#6920,#5514,#5515);
#4612=AXIS2_PLACEMENT_3D('',#6923,#5518,#5519);
#4613=AXIS2_PLACEMENT_3D('',#6924,#5520,#5521);
#4614=AXIS2_PLACEMENT_3D('',#6926,#5523,#5524);
#4615=AXIS2_PLACEMENT_3D('',#6928,#5526,#5527);
#4616=AXIS2_PLACEMENT_3D('',#6930,#5529,#5530);
#4617=AXIS2_PLACEMENT_3D('',#6932,#5532,#5533);
#4618=AXIS2_PLACEMENT_3D('',#6934,#5535,#5536);
#4619=AXIS2_PLACEMENT_3D('',#6936,#5538,#5539);
#4620=AXIS2_PLACEMENT_3D('',#6940,#5542,#5543);
#4621=AXIS2_PLACEMENT_3D('',#6941,#5544,#5545);
#4622=AXIS2_PLACEMENT_3D('',#6942,#5546,#5547);
#4623=AXIS2_PLACEMENT_3D('',#6944,#5549,#5550);
#4624=AXIS2_PLACEMENT_3D('',#6946,#5552,#5553);
#4625=AXIS2_PLACEMENT_3D('',#6947,#5554,#5555);
#4626=AXIS2_PLACEMENT_3D('',#6949,#5557,#5558);
#4627=AXIS2_PLACEMENT_3D('',#6951,#5560,#5561);
#4628=AXIS2_PLACEMENT_3D('',#6952,#5562,#5563);
#4629=AXIS2_PLACEMENT_3D('',#6954,#5565,#5566);
#4630=AXIS2_PLACEMENT_3D('',#6956,#5568,#5569);
#4631=AXIS2_PLACEMENT_3D('',#6957,#5570,#5571);
#4632=AXIS2_PLACEMENT_3D('',#6958,#5572,#5573);
#4633=AXIS2_PLACEMENT_3D('',#6959,#5574,#5575);
#4634=AXIS2_PLACEMENT_3D('',#6960,#5576,#5577);
#4635=AXIS2_PLACEMENT_3D('',#6961,#5578,#5579);
#4636=AXIS2_PLACEMENT_3D('',#6962,#5580,#5581);
#4637=AXIS2_PLACEMENT_3D('',#6963,#5582,#5583);
#4638=AXIS2_PLACEMENT_3D('',#6964,#5584,#5585);
#4639=AXIS2_PLACEMENT_3D('',#6965,#5586,#5587);
#4640=AXIS2_PLACEMENT_3D('',#6966,#5588,#5589);
#4641=AXIS2_PLACEMENT_3D('',#6967,#5590,#5591);
#4642=AXIS2_PLACEMENT_3D('',#6968,#5592,#5593);
#4643=AXIS2_PLACEMENT_3D('',#6969,#5594,#5595);
#4644=AXIS2_PLACEMENT_3D('',#6970,#5596,#5597);
#4645=AXIS2_PLACEMENT_3D('',#6971,#5598,#5599);
#4646=AXIS2_PLACEMENT_3D('',#6972,#5600,#5601);
#4647=AXIS2_PLACEMENT_3D('',#6973,#5602,#5603);
#4648=AXIS2_PLACEMENT_3D('',#6974,#5604,#5605);
#4649=AXIS2_PLACEMENT_3D('',#6985,#5611,#5612);
#4650=AXIS2_PLACEMENT_3D('',#6986,#5613,#5614);
#4651=AXIS2_PLACEMENT_3D('',#6989,#5616,#5617);
#4652=AXIS2_PLACEMENT_3D('',#6994,#5620,#5621);
#4653=AXIS2_PLACEMENT_3D('',#6998,#5624,#5625);
#4654=AXIS2_PLACEMENT_3D('',#7001,#5627,#5628);
#4655=AXIS2_PLACEMENT_3D('',#7010,#5633,#5634);
#4656=AXIS2_PLACEMENT_3D('',#7014,#5637,#5638);
#4657=AXIS2_PLACEMENT_3D('',#7019,#5641,#5642);
#4658=AXIS2_PLACEMENT_3D('',#7022,#5644,#5645);
#4659=AXIS2_PLACEMENT_3D('',#7030,#5651,#5652);
#4660=AXIS2_PLACEMENT_3D('',#7032,#5654,#5655);
#4661=AXIS2_PLACEMENT_3D('',#7033,#5656,#5657);
#4662=AXIS2_PLACEMENT_3D('',#7037,#5660,#5661);
#4663=AXIS2_PLACEMENT_3D('',#7038,#5662,#5663);
#4664=AXIS2_PLACEMENT_3D('',#7046,#5667,#5668);
#4665=AXIS2_PLACEMENT_3D('',#7047,#5669,#5670);
#4666=AXIS2_PLACEMENT_3D('',#7051,#5672,#5673);
#4667=AXIS2_PLACEMENT_3D('',#7052,#5674,#5675);
#4668=AXIS2_PLACEMENT_3D('',#7057,#5678,#5679);
#4669=AXIS2_PLACEMENT_3D('',#7061,#5682,#5683);
#4670=AXIS2_PLACEMENT_3D('',#7081,#5699,#5700);
#4671=AXIS2_PLACEMENT_3D('',#7087,#5704,#5705);
#4672=AXIS2_PLACEMENT_3D('',#7089,#5707,#5708);
#4673=AXIS2_PLACEMENT_3D('',#7096,#5709,#5710);
#4674=AXIS2_PLACEMENT_3D('',#7097,#5711,#5712);
#4675=AXIS2_PLACEMENT_3D('',#7104,#5713,#5714);
#4676=AXIS2_PLACEMENT_3D('',#7117,#5717,#5718);
#4677=AXIS2_PLACEMENT_3D('',#7118,#5719,#5720);
#4678=AXIS2_PLACEMENT_3D('',#7120,#5722,#5723);
#4679=AXIS2_PLACEMENT_3D('',#7134,#5726,#5727);
#4680=AXIS2_PLACEMENT_3D('',#7138,#5730,#5731);
#4681=AXIS2_PLACEMENT_3D('',#7151,#5734,#5735);
#4682=AXIS2_PLACEMENT_3D('',#7152,#5736,#5737);
#4683=AXIS2_PLACEMENT_3D('',#7167,#5741,#5742);
#4684=AXIS2_PLACEMENT_3D('',#7182,#5746,#5747);
#4685=AXIS2_PLACEMENT_3D('',#7184,#5749,#5750);
#4686=AXIS2_PLACEMENT_3D('',#7185,#5751,#5752);
#4687=AXIS2_PLACEMENT_3D('',#7186,#5753,#5754);
#4688=AXIS2_PLACEMENT_3D('',#7201,#5758,#5759);
#4689=AXIS2_PLACEMENT_3D('',#7215,#5762,#5763);
#4690=AXIS2_PLACEMENT_3D('',#7216,#5764,#5765);
#4691=AXIS2_PLACEMENT_3D('',#7217,#5766,#5767);
#4692=AXIS2_PLACEMENT_3D('',#7219,#5769,#5770);
#4693=AXIS2_PLACEMENT_3D('',#7221,#5772,#5773);
#4694=AXIS2_PLACEMENT_3D('',#7222,#5774,#5775);
#4695=AXIS2_PLACEMENT_3D('',#7224,#5777,#5778);
#4696=AXIS2_PLACEMENT_3D('',#7225,#5779,#5780);
#4697=AXIS2_PLACEMENT_3D('',#7229,#5783,#5784);
#4698=AXIS2_PLACEMENT_3D('',#7231,#5786,#5787);
#4699=AXIS2_PLACEMENT_3D('',#7232,#5788,#5789);
#4700=AXIS2_PLACEMENT_3D('',#7233,#5790,#5791);
#4701=AXIS2_PLACEMENT_3D('',#7234,#5792,#5793);
#4702=AXIS2_PLACEMENT_3D('',#7238,#5796,#5797);
#4703=AXIS2_PLACEMENT_3D('',#7239,#5798,#5799);
#4704=AXIS2_PLACEMENT_3D('',#7241,#5801,#5802);
#4705=AXIS2_PLACEMENT_3D('',#7242,#5803,#5804);
#4706=AXIS2_PLACEMENT_3D('',#7243,#5805,#5806);
#4707=AXIS2_PLACEMENT_3D('',#7245,#5808,#5809);
#4708=AXIS2_PLACEMENT_3D('',#7248,#5812,#5813);
#4709=AXIS2_PLACEMENT_3D('',#7250,#5815,#5816);
#4710=AXIS2_PLACEMENT_3D('',#7253,#5819,#5820);
#4711=AXIS2_PLACEMENT_3D('',#7254,#5821,#5822);
#4712=AXIS2_PLACEMENT_3D('',#7256,#5823,#5824);
#4713=AXIS2_PLACEMENT_3D('',#7258,#5825,#5826);
#4714=AXIS2_PLACEMENT_3D('',#7269,#5837,#5838);
#4715=AXIS2_PLACEMENT_3D('',#7270,#5839,#5840);
#4716=AXIS2_PLACEMENT_3D('',#7271,#5841,#5842);
#4717=AXIS2_PLACEMENT_3D('',#7272,#5843,#5844);
#4718=AXIS2_PLACEMENT_3D('',#7273,#5845,#5846);
#4719=AXIS2_PLACEMENT_3D('',#7274,#5847,#5848);
#4720=AXIS2_PLACEMENT_3D('',#7275,#5849,#5850);
#4721=AXIS2_PLACEMENT_3D('',#7276,#5851,#5852);
#4722=AXIS2_PLACEMENT_3D('',#7277,#5853,#5854);
#4723=AXIS2_PLACEMENT_3D('',#7278,#5855,#5856);
#4724=AXIS2_PLACEMENT_3D('',#7284,#5857,#5858);
#4725=AXIS2_PLACEMENT_3D('',#7290,#5859,#5860);
#4726=AXIS2_PLACEMENT_3D('',#7291,#5861,#5862);
#4727=AXIS2_PLACEMENT_3D('',#7292,#5863,#5864);
#4728=AXIS2_PLACEMENT_3D('',#7293,#5865,#5866);
#4729=AXIS2_PLACEMENT_3D('',#7294,#5867,#5868);
#4730=AXIS2_PLACEMENT_3D('',#7295,#5869,#5870);
#4731=AXIS2_PLACEMENT_3D('',#7296,#5871,#5872);
#4732=AXIS2_PLACEMENT_3D('',#7297,#5873,#5874);
#4733=AXIS2_PLACEMENT_3D('',#7305,#5878,#5879);
#4734=AXIS2_PLACEMENT_3D('',#7306,#5880,#5881);
#4735=AXIS2_PLACEMENT_3D('',#7312,#5885,#5886);
#4736=AXIS2_PLACEMENT_3D('',#7318,#5890,#5891);
#4737=AXIS2_PLACEMENT_3D('',#7320,#5893,#5894);
#4738=AXIS2_PLACEMENT_3D('',#7322,#5896,#5897);
#4739=AXIS2_PLACEMENT_3D('',#7323,#5898,#5899);
#4740=AXIS2_PLACEMENT_3D('',#7324,#5900,#5901);
#4741=AXIS2_PLACEMENT_3D('',#7325,#5902,#5903);
#4742=AXIS2_PLACEMENT_3D('',#7326,#5904,#5905);
#4743=AXIS2_PLACEMENT_3D('',#7327,#5906,#5907);
#4744=AXIS2_PLACEMENT_3D('',#7328,#5908,#5909);
#4745=AXIS2_PLACEMENT_3D('',#7329,#5910,#5911);
#4746=AXIS2_PLACEMENT_3D('',#7330,#5912,#5913);
#4747=AXIS2_PLACEMENT_3D('',#7331,#5914,#5915);
#4748=AXIS2_PLACEMENT_3D('',#7332,#5916,#5917);
#4749=AXIS2_PLACEMENT_3D('',#7333,#5918,#5919);
#4750=AXIS2_PLACEMENT_3D('',#7334,#5920,#5921);
#4751=AXIS2_PLACEMENT_3D('',#7335,#5922,#5923);
#4752=AXIS2_PLACEMENT_3D('',#7336,#5924,#5925);
#4753=AXIS2_PLACEMENT_3D('',#7337,#5926,#5927);
#4754=AXIS2_PLACEMENT_3D('',#7338,#5928,#5929);
#4755=AXIS2_PLACEMENT_3D('',#7339,#5930,#5931);
#4756=AXIS2_PLACEMENT_3D('',#7340,#5932,#5933);
#4757=AXIS2_PLACEMENT_3D('',#7341,#5934,#5935);
#4758=AXIS2_PLACEMENT_3D('',#7342,#5936,#5937);
#4759=AXIS2_PLACEMENT_3D('',#7348,#5938,#5939);
#4760=AXIS2_PLACEMENT_3D('',#7349,#5940,#5941);
#4761=AXIS2_PLACEMENT_3D('',#7350,#5942,#5943);
#4762=AXIS2_PLACEMENT_3D('',#7351,#5944,#5945);
#4763=AXIS2_PLACEMENT_3D('',#7352,#5946,#5947);
#4764=AXIS2_PLACEMENT_3D('',#7353,#5948,#5949);
#4765=AXIS2_PLACEMENT_3D('',#7354,#5950,#5951);
#4766=AXIS2_PLACEMENT_3D('',#7355,#5952,#5953);
#4767=AXIS2_PLACEMENT_3D('',#7356,#5954,#5955);
#4768=AXIS2_PLACEMENT_3D('',#7357,#5956,#5957);
#4769=AXIS2_PLACEMENT_3D('',#7358,#5958,#5959);
#4770=AXIS2_PLACEMENT_3D('',#7359,#5960,#5961);
#4771=AXIS2_PLACEMENT_3D('',#7360,#5962,#5963);
#4772=AXIS2_PLACEMENT_3D('',#7361,#5964,#5965);
#4773=AXIS2_PLACEMENT_3D('',#7362,#5966,#5967);
#4774=AXIS2_PLACEMENT_3D('',#7363,#5968,#5969);
#4775=AXIS2_PLACEMENT_3D('',#7364,#5970,#5971);
#4776=AXIS2_PLACEMENT_3D('',#7365,#5972,#5973);
#4777=AXIS2_PLACEMENT_3D('',#7366,#5974,#5975);
#4778=AXIS2_PLACEMENT_3D('',#7367,#5976,#5977);
#4779=AXIS2_PLACEMENT_3D('',#7368,#5978,#5979);
#4780=AXIS2_PLACEMENT_3D('',#7369,#5980,#5981);
#4781=AXIS2_PLACEMENT_3D('',#7370,#5982,#5983);
#4782=AXIS2_PLACEMENT_3D('',#7371,#5984,#5985);
#4783=AXIS2_PLACEMENT_3D('',#7372,#5986,#5987);
#4784=AXIS2_PLACEMENT_3D('',#7373,#5988,#5989);
#4785=AXIS2_PLACEMENT_3D('',#7374,#5990,#5991);
#4786=AXIS2_PLACEMENT_3D('',#7375,#5992,#5993);
#4787=AXIS2_PLACEMENT_3D('',#7376,#5994,#5995);
#4788=AXIS2_PLACEMENT_3D('',#7377,#5996,#5997);
#4789=AXIS2_PLACEMENT_3D('',#7378,#5998,#5999);
#4790=AXIS2_PLACEMENT_3D('',#7379,#6000,#6001);
#4791=AXIS2_PLACEMENT_3D('',#7380,#6002,#6003);
#4792=AXIS2_PLACEMENT_3D('',#7381,#6004,#6005);
#4793=AXIS2_PLACEMENT_3D('',#7382,#6006,#6007);
#4794=AXIS2_PLACEMENT_3D('',#7383,#6008,#6009);
#4795=AXIS2_PLACEMENT_3D('',#7384,#6010,#6011);
#4796=AXIS2_PLACEMENT_3D('',#7385,#6012,#6013);
#4797=AXIS2_PLACEMENT_3D('',#7386,#6014,#6015);
#4798=AXIS2_PLACEMENT_3D('',#7387,#6016,#6017);
#4799=AXIS2_PLACEMENT_3D('',#7393,#6018,#6019);
#4800=AXIS2_PLACEMENT_3D('',#7395,#6021,#6022);
#4801=AXIS2_PLACEMENT_3D('',#7396,#6023,#6024);
#4802=AXIS2_PLACEMENT_3D('',#7398,#6026,#6027);
#4803=AXIS2_PLACEMENT_3D('',#7399,#6028,#6029);
#4804=AXIS2_PLACEMENT_3D('',#7400,#6030,#6031);
#4805=AXIS2_PLACEMENT_3D('',#7401,#6032,#6033);
#4806=AXIS2_PLACEMENT_3D('',#7402,#6034,#6035);
#4807=AXIS2_PLACEMENT_3D('',#7403,#6036,#6037);
#4808=AXIS2_PLACEMENT_3D('',#7404,#6038,#6039);
#4809=AXIS2_PLACEMENT_3D('',#7405,#6040,#6041);
#4810=AXIS2_PLACEMENT_3D('',#7406,#6042,#6043);
#4811=AXIS2_PLACEMENT_3D('',#7407,#6044,#6045);
#4812=AXIS2_PLACEMENT_3D('',#7408,#6046,#6047);
#4813=AXIS2_PLACEMENT_3D('',#7409,#6048,#6049);
#4814=AXIS2_PLACEMENT_3D('',#7410,#6050,#6051);
#4815=AXIS2_PLACEMENT_3D('',#7411,#6052,#6053);
#4816=AXIS2_PLACEMENT_3D('',#7412,#6054,#6055);
#4817=AXIS2_PLACEMENT_3D('',#7413,#6056,#6057);
#4818=AXIS2_PLACEMENT_3D('',#7414,#6058,#6059);
#4819=AXIS2_PLACEMENT_3D('',#7415,#6060,#6061);
#4820=AXIS2_PLACEMENT_3D('',#7416,#6062,#6063);
#4821=AXIS2_PLACEMENT_3D('',#7417,#6064,#6065);
#4822=AXIS2_PLACEMENT_3D('',#7419,#6067,#6068);
#4823=AXIS2_PLACEMENT_3D('',#7421,#6070,#6071);
#4824=AXIS2_PLACEMENT_3D('',#7423,#6073,#6074);
#4825=AXIS2_PLACEMENT_3D('',#7425,#6076,#6077);
#4826=AXIS2_PLACEMENT_3D('',#7427,#6079,#6080);
#4827=AXIS2_PLACEMENT_3D('',#7429,#6082,#6083);
#4828=AXIS2_PLACEMENT_3D('',#7431,#6085,#6086);
#4829=AXIS2_PLACEMENT_3D('',#7433,#6088,#6089);
#4830=AXIS2_PLACEMENT_3D('',#7434,#6090,#6091);
#4831=DIRECTION('',(0.,0.,1.));
#4832=DIRECTION('',(1.,0.,0.));
#4833=DIRECTION('',(-1.21734980770302E-16,1.,6.12323399573677E-17));
#4834=DIRECTION('',(-1.,-1.21734980770302E-16,0.));
#4835=DIRECTION('',(-6.63120594792357E-17,-6.12323399573677E-17,1.));
#4836=DIRECTION('',(-1.,-1.21734980770302E-16,0.));
#4837=DIRECTION('',(-6.63120594792357E-17,-6.12323399573677E-17,1.));
#4838=DIRECTION('',(1.,1.21734980770302E-16,7.45411772723077E-33));
#4839=DIRECTION('',(-1.82358163567898E-16,-6.12323399573677E-17,1.));
#4840=DIRECTION('',(-1.,-1.21734980770302E-16,0.));
#4841=DIRECTION('',(6.16562915236726E-17,6.12323399573677E-17,-1.));
#4842=DIRECTION('',(-1.,-1.21734980770302E-16,-3.89860770230427E-32));
#4843=DIRECTION('',(-1.21734980770302E-16,1.,6.12323399573677E-17));
#4844=DIRECTION('',(-1.,-1.21734980770302E-16,0.));
#4845=DIRECTION('',(-7.45411772723077E-33,6.12323399573677E-17,-1.));
#4846=DIRECTION('',(-1.,-1.21734980770302E-16,-3.89860770230427E-32));
#4847=DIRECTION('',(-3.15319592958119E-32,-6.12323399573677E-17,1.));
#4848=DIRECTION('',(-1.,-1.21734980770302E-16,-3.89860770230427E-32));
#4849=DIRECTION('',(-1.,-1.21734980770302E-16,-3.89860770230427E-32));
#4850=DIRECTION('',(1.21734980770302E-16,-1.,0.));
#4851=DIRECTION('',(1.,1.21734980770302E-16,0.));
#4852=DIRECTION('',(-1.21734980770302E-16,1.,0.));
#4853=DIRECTION('',(-1.,-1.21734980770302E-16,-3.89860770230427E-32));
#4854=DIRECTION('',(-1.,0.,0.));
#4855=DIRECTION('',(0.,0.,1.));
#4856=DIRECTION('',(-1.,-1.21734980770302E-16,-3.89860770230427E-32));
#4857=DIRECTION('',(1.21734980770302E-16,-1.,0.));
#4858=DIRECTION('',(-1.,-1.21734980770302E-16,-6.63120594792358E-17));
#4859=DIRECTION('',(1.21734980770302E-16,-1.,0.));
#4860=DIRECTION('',(1.,1.21734980770302E-16,6.16562915236726E-17));
#4861=DIRECTION('',(-1.21734980770302E-16,1.,0.));
#4862=DIRECTION('',(-1.,-1.21734980770302E-16,-3.89860770230427E-32));
#4863=DIRECTION('',(-1.,0.,-6.63120594792357E-17));
#4864=DIRECTION('',(-6.63120594792357E-17,0.,1.));
#4865=DIRECTION('',(6.63120594792357E-17,6.12323399573677E-17,-1.));
#4866=DIRECTION('',(1.21734980770302E-16,-1.,-6.12323399573677E-17));
#4867=DIRECTION('',(0.,-1.,0.));
#4868=DIRECTION('',(-1.,0.,-1.82358163567898E-16));
#4869=DIRECTION('',(-1.82358163567898E-16,0.,1.));
#4870=DIRECTION('',(1.21734980770302E-16,-1.,-6.12323399573677E-17));
#4871=DIRECTION('',(1.82358163567898E-16,6.12323399573677E-17,-1.));
#4872=DIRECTION('',(0.,-1.,0.));
#4873=DIRECTION('',(1.16816395688674E-16,-1.,-6.12323399573677E-17));
#4874=DIRECTION('',(1.,1.16816395688674E-16,0.));
#4875=DIRECTION('',(3.15319592958119E-32,6.12323399573677E-17,-1.));
#4876=DIRECTION('',(1.,1.16816395688674E-16,3.86849005492152E-32));
#4877=DIRECTION('',(3.15319592958119E-32,6.12323399573677E-17,-1.));
#4878=DIRECTION('',(-1.,-1.16816395688674E-16,-3.86849005492152E-32));
#4879=DIRECTION('',(1.82358163567898E-16,6.12323399573677E-17,-1.));
#4880=DIRECTION('',(1.,1.16816395688674E-16,0.));
#4881=DIRECTION('',(1.,1.16816395688674E-16,7.15294125340326E-33));
#4882=DIRECTION('',(1.,1.16816395688674E-16,0.));
#4883=DIRECTION('',(6.63120594792357E-17,6.12323399573677E-17,-1.));
#4884=DIRECTION('',(-1.,-1.16816395688674E-16,-3.86849005492152E-32));
#4885=DIRECTION('',(8.80570292374014E-17,-1.,1.8154093380412E-16));
#4886=DIRECTION('',(0.,-1.8154093380412E-16,-1.));
#4887=DIRECTION('',(-5.29098525614869E-32,1.8154093380412E-16,1.));
#4888=DIRECTION('',(1.,8.80570292374014E-17,3.69238972457123E-32));
#4889=DIRECTION('',(5.42965267192604E-32,-1.8154093380412E-16,-1.));
#4890=DIRECTION('',(8.80570292374014E-17,-1.,1.8154093380412E-16));
#4891=DIRECTION('',(0.,-1.8154093380412E-16,-1.));
#4892=DIRECTION('',(8.80570292374014E-17,-1.,1.8154093380412E-16));
#4893=DIRECTION('',(0.,-1.8154093380412E-16,-1.));
#4894=DIRECTION('',(-5.29098525614869E-32,1.8154093380412E-16,1.));
#4895=DIRECTION('',(8.80570292374014E-17,-1.,1.8154093380412E-16));
#4896=DIRECTION('',(0.,-1.8154093380412E-16,-1.));
#4897=DIRECTION('',(5.42965267192604E-32,-1.8154093380412E-16,-1.));
#4898=DIRECTION('',(8.80570292374014E-17,-1.,1.8154093380412E-16));
#4899=DIRECTION('',(0.,-1.8154093380412E-16,-1.));
#4900=DIRECTION('',(8.80570292374014E-17,-1.,1.8154093380412E-16));
#4901=DIRECTION('',(0.,-1.8154093380412E-16,-1.));
#4902=DIRECTION('',(-5.29098525614869E-32,1.8154093380412E-16,1.));
#4903=DIRECTION('',(8.80570292374014E-17,-1.,1.8154093380412E-16));
#4904=DIRECTION('',(0.,-1.8154093380412E-16,-1.));
#4905=DIRECTION('',(5.42965267192604E-32,-1.8154093380412E-16,-1.));
#4906=DIRECTION('',(8.80570292374014E-17,-1.,1.8154093380412E-16));
#4907=DIRECTION('',(0.,-1.8154093380412E-16,-1.));
#4908=DIRECTION('',(8.80570292374014E-17,-1.,1.8154093380412E-16));
#4909=DIRECTION('',(0.,-1.8154093380412E-16,-1.));
#4910=DIRECTION('',(-5.29098525614869E-32,1.8154093380412E-16,1.));
#4911=DIRECTION('',(8.80570292374014E-17,-1.,1.8154093380412E-16));
#4912=DIRECTION('',(0.,-1.8154093380412E-16,-1.));
#4913=DIRECTION('',(5.42965267192604E-32,-1.8154093380412E-16,-1.));
#4914=DIRECTION('',(8.80570292374014E-17,-1.,1.8154093380412E-16));
#4915=DIRECTION('',(0.,-1.8154093380412E-16,-1.));
#4916=DIRECTION('',(-1.,-8.80570292374014E-17,-3.69238972457123E-32));
#4917=DIRECTION('',(8.80570292374014E-17,-1.,0.));
#4918=DIRECTION('',(-1.,-8.80570292374014E-17,-3.69238972457123E-32));
#4919=DIRECTION('',(8.80570292374014E-17,-1.,0.));
#4920=DIRECTION('',(-1.,-8.80570292374014E-17,-3.69238972457123E-32));
#4921=DIRECTION('',(-1.,-9.37688365392869E-17,-3.72736445721923E-32));
#4922=DIRECTION('',(9.37688365392869E-17,-1.,0.));
#4923=DIRECTION('',(-1.,-8.80570292374014E-17,-3.69238972457123E-32));
#4924=DIRECTION('',(-1.,-8.80570292374014E-17,-3.69238972457123E-32));
#4925=DIRECTION('',(8.80570292374014E-17,-1.,0.));
#4926=DIRECTION('',(-1.,-8.80570292374014E-17,-3.69238972457123E-32));
#4927=DIRECTION('',(8.80570292374014E-17,-1.,0.));
#4928=DIRECTION('',(-1.,-8.80570292374014E-17,-3.69238972457123E-32));
#4929=DIRECTION('',(8.80570292374014E-17,-1.,0.));
#4930=DIRECTION('',(-1.,-8.80570292374014E-17,-3.69238972457123E-32));
#4931=DIRECTION('',(8.80570292374014E-17,-1.,0.));
#4932=DIRECTION('',(-1.,-8.80570292374014E-17,-3.69238972457123E-32));
#4933=DIRECTION('',(8.80570292374014E-17,-1.,0.));
#4934=DIRECTION('',(-1.,-8.80570292374014E-17,-3.69238972457123E-32));
#4935=DIRECTION('',(8.80570292374014E-17,-1.,0.));
#4936=DIRECTION('',(8.80570292374014E-17,-1.,1.8154093380412E-16));
#4937=DIRECTION('',(0.,-1.8154093380412E-16,-1.));
#4938=DIRECTION('',(-5.29098525614869E-32,1.8154093380412E-16,1.));
#4939=DIRECTION('',(8.80570292374014E-17,-1.,1.8154093380412E-16));
#4940=DIRECTION('',(0.,-1.8154093380412E-16,-1.));
#4941=DIRECTION('',(5.42965267192604E-32,-1.8154093380412E-16,-1.));
#4942=DIRECTION('',(8.80570292374014E-17,-1.,1.8154093380412E-16));
#4943=DIRECTION('',(0.,-1.8154093380412E-16,-1.));
#4944=DIRECTION('',(8.80570292374014E-17,-1.,1.8154093380412E-16));
#4945=DIRECTION('',(0.,-1.8154093380412E-16,-1.));
#4946=DIRECTION('',(-5.29098525614869E-32,1.8154093380412E-16,1.));
#4947=DIRECTION('',(8.80570292374014E-17,-1.,1.8154093380412E-16));
#4948=DIRECTION('',(0.,-1.8154093380412E-16,-1.));
#4949=DIRECTION('',(5.42965267192604E-32,-1.8154093380412E-16,-1.));
#4950=DIRECTION('',(8.80570292374014E-17,-1.,1.8154093380412E-16));
#4951=DIRECTION('',(0.,-1.8154093380412E-16,-1.));
#4952=DIRECTION('',(8.80570292374014E-17,-1.,1.8154093380412E-16));
#4953=DIRECTION('',(0.,-1.8154093380412E-16,-1.));
#4954=DIRECTION('',(-5.29098525614869E-32,1.8154093380412E-16,1.));
#4955=DIRECTION('',(8.80570292374014E-17,-1.,1.8154093380412E-16));
#4956=DIRECTION('',(0.,-1.8154093380412E-16,-1.));
#4957=DIRECTION('',(5.42965267192604E-32,-1.8154093380412E-16,-1.));
#4958=DIRECTION('',(8.80570292374014E-17,-1.,1.8154093380412E-16));
#4959=DIRECTION('',(0.,-1.8154093380412E-16,-1.));
#4960=DIRECTION('',(8.80570292374014E-17,-1.,1.8154093380412E-16));
#4961=DIRECTION('',(0.,-1.8154093380412E-16,-1.));
#4962=DIRECTION('',(-5.29098525614869E-32,1.8154093380412E-16,1.));
#4963=DIRECTION('',(8.80570292374014E-17,-1.,1.8154093380412E-16));
#4964=DIRECTION('',(0.,-1.8154093380412E-16,-1.));
#4965=DIRECTION('',(5.42965267192604E-32,-1.8154093380412E-16,-1.));
#4966=DIRECTION('',(-1.,-8.80570292374014E-17,-3.69238972457123E-32));
#4967=DIRECTION('',(-1.,0.,0.));
#4968=DIRECTION('',(0.,0.,1.));
#4969=DIRECTION('',(0.,1.,0.));
#4970=DIRECTION('',(0.,1.8154093380412E-16,1.));
#4971=DIRECTION('',(0.,1.,0.));
#4972=DIRECTION('',(-6.93898859697338E-17,0.788010753606722,0.615661475325659));
#4973=DIRECTION('',(-1.,0.,0.));
#4974=DIRECTION('',(0.,0.,1.));
#4975=DIRECTION('',(0.,1.,0.));
#4976=DIRECTION('',(0.,1.8154093380412E-16,1.));
#4977=DIRECTION('',(0.,1.,0.));
#4978=DIRECTION('',(-1.,-8.80570292374014E-17,-3.69238972457123E-32));
#4979=DIRECTION('',(8.80570292374014E-17,-1.,0.));
#4980=DIRECTION('',(-1.,0.,0.));
#4981=DIRECTION('',(0.,0.,1.));
#4982=DIRECTION('',(0.,1.,0.));
#4983=DIRECTION('',(0.,1.8154093380412E-16,1.));
#4984=DIRECTION('',(0.,1.,0.));
#4985=DIRECTION('',(-1.,-8.80570292374014E-17,-3.69238972457123E-32));
#4986=DIRECTION('',(8.80570292374014E-17,-1.,0.));
#4987=DIRECTION('',(-1.,0.,0.));
#4988=DIRECTION('',(0.,0.,1.));
#4989=DIRECTION('',(0.,1.,0.));
#4990=DIRECTION('',(0.,1.8154093380412E-16,1.));
#4991=DIRECTION('',(0.,1.,0.));
#4992=DIRECTION('',(-1.,-8.80570292374014E-17,-3.69238972457123E-32));
#4993=DIRECTION('',(8.80570292374014E-17,-1.,0.));
#4994=DIRECTION('',(-1.,-8.80570292374014E-17,-3.69238972457123E-32));
#4995=DIRECTION('',(8.80570292374014E-17,-1.,0.));
#4996=DIRECTION('',(-1.,-9.37688365392869E-17,-3.72736445721923E-32));
#4997=DIRECTION('',(9.37688365392869E-17,-1.,0.));
#4998=DIRECTION('',(-1.,-8.80570292374014E-17,-3.69238972457123E-32));
#4999=DIRECTION('',(-1.,-8.80570292374014E-17,-3.69238972457123E-32));
#5000=DIRECTION('',(8.80570292374014E-17,-1.,0.));
#5001=DIRECTION('',(-1.,-8.80570292374014E-17,-3.69238972457123E-32));
#5002=DIRECTION('',(8.80570292374014E-17,-1.,0.));
#5003=DIRECTION('',(-1.,-8.80570292374014E-17,-3.69238972457123E-32));
#5004=DIRECTION('',(8.80570292374014E-17,-1.,0.));
#5005=DIRECTION('',(-1.,-8.80570292374014E-17,-3.69238972457123E-32));
#5006=DIRECTION('',(8.80570292374014E-17,-1.,0.));
#5007=DIRECTION('',(-1.,-8.80570292374014E-17,-3.69238972457123E-32));
#5008=DIRECTION('',(3.15319592958119E-32,6.12323399573677E-17,-1.));
#5009=DIRECTION('',(1.,-1.93077565112303E-48,3.15319592958119E-32));
#5010=DIRECTION('',(-2.21929280761148E-16,1.,6.12323399573677E-17));
#5011=DIRECTION('',(1.,2.21929280761148E-16,0.));
#5012=DIRECTION('',(-2.21929280761148E-16,1.,6.12323399573677E-17));
#5013=DIRECTION('',(1.,2.21929280761148E-16,4.51212084618726E-32));
#5014=DIRECTION('',(1.,8.80570292374014E-17,3.69238972457123E-32));
#5015=DIRECTION('',(1.93077565112303E-48,-1.,-6.12323399573677E-17));
#5016=DIRECTION('',(1.,-1.93077565112303E-48,3.15319592958119E-32));
#5017=DIRECTION('',(-1.93077565112303E-48,1.,6.12323399573677E-17));
#5018=DIRECTION('',(1.,8.80570292374014E-17,3.69238972457123E-32));
#5019=DIRECTION('',(9.37688365392869E-17,-1.,-6.12323399573677E-17));
#5020=DIRECTION('',(1.,8.80570292374014E-17,3.69238972457123E-32));
#5021=DIRECTION('',(1.93077565112303E-48,-1.,-6.12323399573677E-17));
#5022=DIRECTION('',(1.,-1.93077565112303E-48,3.15319592958119E-32));
#5023=DIRECTION('',(-1.93077565112303E-48,1.,6.12323399573677E-17));
#5024=DIRECTION('',(1.,8.80570292374014E-17,3.69238972457123E-32));
#5025=DIRECTION('',(9.37688365392869E-17,-1.,-6.12323399573677E-17));
#5026=DIRECTION('',(3.15319592958119E-32,6.12323399573677E-17,-1.));
#5027=DIRECTION('',(0.,1.,6.12323399573677E-17));
#5028=DIRECTION('',(-1.,-1.21734980770302E-16,-3.89860770230427E-32));
#5029=DIRECTION('',(-1.,-1.21734980770302E-16,-3.89860770230427E-32));
#5030=DIRECTION('',(-1.,-1.21734980770302E-16,-3.89860770230427E-32));
#5031=DIRECTION('',(3.15319592958119E-32,6.12323399573677E-17,-1.));
#5032=DIRECTION('',(0.,1.,6.12323399573677E-17));
#5033=DIRECTION('',(9.37688365392869E-17,-1.,-6.12323399573677E-17));
#5034=DIRECTION('',(3.15319592958119E-32,6.12323399573677E-17,-1.));
#5035=DIRECTION('',(0.,1.,6.12323399573677E-17));
#5036=DIRECTION('',(-1.,-1.21734980770302E-16,-3.89860770230427E-32));
#5037=DIRECTION('',(3.15319592958119E-32,6.12323399573677E-17,-1.));
#5038=DIRECTION('',(0.,1.,6.12323399573677E-17));
#5039=DIRECTION('',(9.37688365392869E-17,-1.,-6.12323399573677E-17));
#5040=DIRECTION('',(1.,8.80570292374014E-17,3.69238972457123E-32));
#5041=DIRECTION('',(-8.80570292374014E-17,1.,0.));
#5042=DIRECTION('',(1.,8.80570292374014E-17,3.69238972457123E-32));
#5043=DIRECTION('',(-8.80570292374014E-17,1.,0.));
#5044=DIRECTION('',(0.,1.,0.));
#5045=DIRECTION('',(1.,8.80570292374014E-17,3.69238972457123E-32));
#5046=DIRECTION('',(-8.80570292374014E-17,1.,0.));
#5047=DIRECTION('',(0.,1.,0.));
#5048=DIRECTION('',(4.40285146187009E-17,-0.5,-0.866025403784438));
#5049=DIRECTION('',(0.,1.,0.));
#5050=DIRECTION('',(-4.40285146187007E-17,0.5,-0.866025403784438));
#5051=DIRECTION('',(0.,1.,0.));
#5052=DIRECTION('',(1.,8.80570292374014E-17,3.69238972457123E-32));
#5053=DIRECTION('',(-8.80570292374014E-17,1.,0.));
#5054=DIRECTION('',(4.40285146187009E-17,-0.5,-0.866025403784438));
#5055=DIRECTION('',(0.,1.,0.));
#5056=DIRECTION('',(0.,1.,0.));
#5057=DIRECTION('',(1.,8.80570292374014E-17,3.69238972457123E-32));
#5058=DIRECTION('',(-8.80570292374014E-17,1.,0.));
#5059=DIRECTION('',(0.,1.,0.));
#5060=DIRECTION('',(-4.40285146187007E-17,0.5,-0.866025403784438));
#5061=DIRECTION('',(0.,1.,0.));
#5062=DIRECTION('',(1.,8.80570292374014E-17,3.69238972457123E-32));
#5063=DIRECTION('',(-8.80570292374014E-17,1.,0.));
#5064=DIRECTION('',(4.40285146187009E-17,-0.5,-0.866025403784438));
#5065=DIRECTION('',(0.,1.,0.));
#5066=DIRECTION('',(0.,1.,0.));
#5067=DIRECTION('',(4.40285146187007E-17,-0.5,0.866025403784439));
#5068=DIRECTION('',(1.,8.80570292374014E-17,3.69238972457123E-32));
#5069=DIRECTION('',(-8.80570292374014E-17,1.,0.));
#5070=DIRECTION('',(0.,1.,0.));
#5071=DIRECTION('',(-4.40285146187007E-17,0.5,-0.866025403784438));
#5072=DIRECTION('',(4.40285146187007E-17,-0.5,-0.866025403784439));
#5073=DIRECTION('',(0.,1.,0.));
#5074=DIRECTION('',(1.,8.80570292374014E-17,3.69238972457123E-32));
#5075=DIRECTION('',(-8.80570292374014E-17,1.,0.));
#5076=DIRECTION('',(4.40285146187007E-17,-0.5,0.866025403784439));
#5077=DIRECTION('',(0.,1.,0.));
#5078=DIRECTION('',(6.93898859697338E-17,-0.788010753606722,0.615661475325659));
#5079=DIRECTION('',(0.,1.,0.));
#5080=DIRECTION('',(1.,8.80570292374014E-17,3.69238972457123E-32));
#5081=DIRECTION('',(-8.80570292374014E-17,1.,0.));
#5082=DIRECTION('',(0.,1.,0.));
#5083=DIRECTION('',(4.40285146187007E-17,-0.5,-0.866025403784439));
#5084=DIRECTION('',(0.,1.,0.));
#5085=DIRECTION('',(-6.93898859697338E-17,0.788010753606722,0.615661475325659));
#5086=DIRECTION('',(7.62596243013787E-17,-0.866025403784439,0.5));
#5087=DIRECTION('',(0.,-0.5,-0.866025403784439));
#5088=DIRECTION('',(-0.654653670707975,-0.377964473009228,-0.654653670707979));
#5089=DIRECTION('',(7.62596243013787E-17,-0.866025403784439,0.5));
#5090=DIRECTION('',(1.32085543856102E-16,0.5,0.866025403784439));
#5091=DIRECTION('',(1.,8.80570292374014E-17,3.69238972457123E-32));
#5092=DIRECTION('',(4.40285146187007E-17,-0.5,-0.866025403784439));
#5093=DIRECTION('',(7.62596243013787E-17,-0.866025403784439,0.5));
#5094=DIRECTION('',(0.,-0.5,-0.866025403784439));
#5095=DIRECTION('',(7.62596243013787E-17,-0.866025403784439,0.5));
#5096=DIRECTION('',(1.32085543856102E-16,0.5,0.866025403784439));
#5097=DIRECTION('',(-0.654653670707976,-0.377964473009228,-0.654653670707978));
#5098=DIRECTION('',(4.40285146187007E-17,-0.5,-0.866025403784439));
#5099=DIRECTION('',(-0.654653670707976,-0.377964473009228,-0.654653670707978));
#5100=DIRECTION('',(7.62596243013787E-17,-0.866025403784439,0.5));
#5101=DIRECTION('',(1.32085543856102E-16,0.5,0.866025403784439));
#5102=DIRECTION('',(7.62596243013787E-17,-0.866025403784439,0.5));
#5103=DIRECTION('',(0.,-0.5,-0.866025403784439));
#5104=DIRECTION('',(7.62596243013787E-17,-0.866025403784439,0.5));
#5105=DIRECTION('',(1.32085543856102E-16,0.5,0.866025403784439));
#5106=DIRECTION('',(-0.654653670707977,-0.377964473009227,-0.654653670707977));
#5107=DIRECTION('',(4.40285146187007E-17,-0.5,-0.866025403784439));
#5108=DIRECTION('',(-0.654653670707977,-0.377964473009227,-0.654653670707977));
#5109=DIRECTION('',(7.62596243013787E-17,-0.866025403784439,0.5));
#5110=DIRECTION('',(1.32085543856102E-16,0.5,0.866025403784439));
#5111=DIRECTION('',(1.,8.80570292374014E-17,3.69238972457123E-32));
#5112=DIRECTION('',(7.62596243013787E-17,-0.866025403784439,0.5));
#5113=DIRECTION('',(0.,-0.5,-0.866025403784439));
#5114=DIRECTION('',(7.62596243013787E-17,-0.866025403784439,0.5));
#5115=DIRECTION('',(1.32085543856102E-16,0.5,0.866025403784439));
#5116=DIRECTION('',(-0.654653670707977,-0.377964473009227,-0.654653670707978));
#5117=DIRECTION('',(1.,8.80570292374014E-17,3.69238972457123E-32));
#5118=DIRECTION('',(4.40285146187007E-17,-0.5,-0.866025403784439));
#5119=DIRECTION('',(7.62596243013787E-17,-0.866025403784438,-0.5));
#5120=DIRECTION('',(0.,0.5,-0.866025403784438));
#5121=DIRECTION('',(-0.654653670707973,0.37796447300923,-0.65465367070798));
#5122=DIRECTION('',(7.62596243013787E-17,-0.866025403784438,-0.5));
#5123=DIRECTION('',(1.32085543856102E-16,0.5,-0.866025403784438));
#5124=DIRECTION('',(1.,8.80570292374014E-17,3.69238972457123E-32));
#5125=DIRECTION('',(-4.40285146187007E-17,0.5,-0.866025403784438));
#5126=DIRECTION('',(7.62596243013787E-17,-0.866025403784438,-0.5));
#5127=DIRECTION('',(0.,0.5,-0.866025403784438));
#5128=DIRECTION('',(7.62596243013787E-17,-0.866025403784438,-0.5));
#5129=DIRECTION('',(1.32085543856102E-16,0.5,-0.866025403784438));
#5130=DIRECTION('',(-0.654653670707979,0.377964473009227,-0.654653670707976));
#5131=DIRECTION('',(-4.40285146187007E-17,0.5,-0.866025403784438));
#5132=DIRECTION('',(7.62596243013787E-17,-0.866025403784438,-0.5));
#5133=DIRECTION('',(1.32085543856102E-16,0.5,-0.866025403784438));
#5134=DIRECTION('',(7.62596243013787E-17,-0.866025403784438,-0.5));
#5135=DIRECTION('',(0.,0.5,-0.866025403784438));
#5136=DIRECTION('',(7.62596243013787E-17,-0.866025403784438,-0.5));
#5137=DIRECTION('',(1.32085543856102E-16,0.5,-0.866025403784438));
#5138=DIRECTION('',(-3.69238972457123E-32,5.93472984109987E-64,1.));
#5139=DIRECTION('',(1.,0.,3.69238972457123E-32));
#5140=DIRECTION('',(0.,1.,0.));
#5141=DIRECTION('',(1.,8.80570292374014E-17,3.69238972457123E-32));
#5142=DIRECTION('',(8.80570292374014E-17,-1.,3.25140869932449E-48));
#5143=DIRECTION('',(7.62596243013785E-17,-0.866025403784438,0.5));
#5144=DIRECTION('',(0.,-0.5,-0.866025403784438));
#5145=DIRECTION('',(7.62596243013785E-17,-0.866025403784438,0.5));
#5146=DIRECTION('',(1.32085543856101E-16,0.5,0.866025403784438));
#5147=DIRECTION('',(-0.654653670707972,-0.377964473009231,-0.65465367070798));
#5148=DIRECTION('',(4.40285146187009E-17,-0.5,-0.866025403784438));
#5149=DIRECTION('',(7.62596243013785E-17,-0.866025403784438,0.5));
#5150=DIRECTION('',(0.,-0.5,-0.866025403784438));
#5151=DIRECTION('',(-0.654653670707979,-0.377964473009228,-0.654653670707975));
#5152=DIRECTION('',(7.62596243013785E-17,-0.866025403784438,0.5));
#5153=DIRECTION('',(1.32085543856101E-16,0.5,0.866025403784438));
#5154=DIRECTION('',(7.62596243013785E-17,-0.866025403784438,0.5));
#5155=DIRECTION('',(1.32085543856101E-16,0.5,0.866025403784438));
#5156=DIRECTION('',(1.,8.80570292374014E-17,3.69238972457123E-32));
#5157=DIRECTION('',(4.40285146187009E-17,-0.5,-0.866025403784438));
#5158=DIRECTION('',(7.62596243013785E-17,-0.866025403784438,0.5));
#5159=DIRECTION('',(0.,-0.5,-0.866025403784438));
#5160=DIRECTION('',(1.,8.80570292374014E-17,3.69238972457123E-32));
#5161=DIRECTION('',(7.62596243013785E-17,-0.866025403784438,0.5));
#5162=DIRECTION('',(1.32085543856101E-16,0.5,0.866025403784438));
#5163=DIRECTION('',(-7.62596243013787E-17,0.866025403784439,0.5));
#5164=DIRECTION('',(0.,-0.5,0.866025403784439));
#5165=DIRECTION('',(-7.62596243013787E-17,0.866025403784439,0.5));
#5166=DIRECTION('',(1.32085543856102E-16,0.5,-0.866025403784439));
#5167=DIRECTION('',(0.654653670707975,-0.377964473009229,0.654653670707979));
#5168=DIRECTION('',(4.40285146187007E-17,-0.5,0.866025403784439));
#5169=DIRECTION('',(-7.62596243013787E-17,0.866025403784439,0.5));
#5170=DIRECTION('',(0.,-0.5,0.866025403784439));
#5171=DIRECTION('',(4.40285146187007E-17,-0.5,0.866025403784439));
#5172=DIRECTION('',(0.654653670707976,-0.377964473009228,0.654653670707978));
#5173=DIRECTION('',(-7.62596243013787E-17,0.866025403784439,0.5));
#5174=DIRECTION('',(1.32085543856102E-16,0.5,-0.866025403784439));
#5175=DIRECTION('',(-7.62596243013787E-17,0.866025403784439,0.5));
#5176=DIRECTION('',(1.32085543856102E-16,0.5,-0.866025403784439));
#5177=DIRECTION('',(0.654653670707976,-0.377964473009228,0.654653670707978));
#5178=DIRECTION('',(-7.62596243013787E-17,0.866025403784439,0.5));
#5179=DIRECTION('',(0.,-0.5,0.866025403784439));
#5180=DIRECTION('',(-7.62596243013787E-17,0.866025403784439,0.5));
#5181=DIRECTION('',(1.32085543856102E-16,0.5,-0.866025403784439));
#5182=DIRECTION('',(-7.62596243013787E-17,0.866025403784439,0.5));
#5183=DIRECTION('',(1.32085543856102E-16,0.5,-0.866025403784439));
#5184=DIRECTION('',(0.654653670707977,-0.377964473009228,0.654653670707977));
#5185=DIRECTION('',(4.40285146187007E-17,-0.5,0.866025403784439));
#5186=DIRECTION('',(0.654653670707977,-0.377964473009228,0.654653670707977));
#5187=DIRECTION('',(-7.62596243013787E-17,0.866025403784439,0.5));
#5188=DIRECTION('',(0.,-0.5,0.866025403784439));
#5189=DIRECTION('',(1.,8.80570292374014E-17,3.69238972457123E-32));
#5190=DIRECTION('',(0.654653670707977,-0.377964473009228,0.654653670707977));
#5191=DIRECTION('',(-7.62596243013787E-17,0.866025403784439,0.5));
#5192=DIRECTION('',(1.32085543856102E-16,0.5,-0.866025403784439));
#5193=DIRECTION('',(4.40285146187007E-17,-0.5,0.866025403784439));
#5194=DIRECTION('',(-1.,-9.37688365392869E-17,-3.72736445721923E-32));
#5195=DIRECTION('',(9.37688365392869E-17,-1.,0.));
#5196=DIRECTION('',(-1.,-9.37688365392869E-17,-3.72736445721923E-32));
#5197=DIRECTION('',(9.37688365392869E-17,-1.,0.));
#5198=DIRECTION('',(2.19353134020149E-32,1.63575999620632E-16,-1.));
#5199=DIRECTION('',(9.37688365392869E-17,-1.,3.46231088522662E-48));
#5200=DIRECTION('',(2.96044789871036E-32,8.17879998103162E-17,-1.));
#5201=DIRECTION('',(9.37688365392869E-17,-1.,-6.12323399573677E-17));
#5202=DIRECTION('',(3.15319592958119E-32,6.12323399573677E-17,-1.));
#5203=DIRECTION('',(9.37688365392869E-17,-1.,2.01244022735128E-16));
#5204=DIRECTION('',(3.72736445721923E-32,3.28220640987805E-48,-1.));
#5205=DIRECTION('',(9.37688365392869E-17,-1.,-6.12323399573677E-17));
#5206=DIRECTION('',(-4.28063997442921E-32,5.90041998631567E-17,1.));
#5207=DIRECTION('',(-6.63045801809028E-17,0.707106781186548,0.707106781186547));
#5208=DIRECTION('',(9.37688365392869E-17,-1.,5.74168527638045E-33));
#5209=DIRECTION('',(-8.15356859489904E-32,4.72033598905253E-16,1.));
#5210=DIRECTION('',(9.37688365392869E-17,-1.,-6.12323399573677E-17));
#5211=DIRECTION('',(-3.15319592958119E-32,-6.12323399573677E-17,1.));
#5212=DIRECTION('',(9.37688365392869E-17,-1.,-6.12323399573677E-17));
#5213=DIRECTION('',(4.49428101572811E-32,-8.17879998103162E-17,-1.));
#5214=DIRECTION('',(-9.37688365392869E-17,1.,-3.46231088522662E-48));
#5215=DIRECTION('',(3.72736445721923E-32,3.28220640987805E-48,-1.));
#5216=DIRECTION('',(-1.,-9.37688365392869E-17,-3.72736445721923E-32));
#5217=DIRECTION('',(9.37688365392869E-17,-1.,0.));
#5218=DIRECTION('',(-9.37688365392869E-17,1.,-3.46231088522662E-48));
#5219=DIRECTION('',(7.38908515461489E-17,-0.788010753606722,0.615661475325659));
#5220=DIRECTION('',(-1.,-9.37688365392869E-17,-3.72736445721923E-32));
#5221=DIRECTION('',(9.37688365392869E-17,-1.,0.));
#5222=DIRECTION('',(-1.,-9.37688365392869E-17,-3.72736445721923E-32));
#5223=DIRECTION('',(9.37688365392869E-17,-1.,0.));
#5224=DIRECTION('',(-1.,-9.37688365392869E-17,-3.72736445721923E-32));
#5225=DIRECTION('',(9.37688365392869E-17,-1.,0.));
#5226=DIRECTION('',(-7.3890851546149E-17,0.788010753606722,0.615661475325659));
#5227=DIRECTION('',(1.,8.80570292374014E-17,3.69238972457123E-32));
#5228=DIRECTION('',(-8.80570292374014E-17,1.,0.));
#5229=DIRECTION('',(4.40285146187011E-17,-0.5,0.866025403784436));
#5230=DIRECTION('',(-8.80570292374014E-17,1.,6.12323399573677E-17));
#5231=DIRECTION('',(3.15319592958119E-32,6.12323399573677E-17,-1.));
#5232=DIRECTION('',(8.80570292374014E-17,-1.,-6.12323399573677E-17));
#5233=DIRECTION('',(7.8489773665548E-32,-4.72033598905253E-16,-1.));
#5234=DIRECTION('',(-8.80570292374014E-17,1.,-5.39193794990042E-33));
#5235=DIRECTION('',(6.22657225049087E-17,-0.707106781186548,-0.707106781186547));
#5236=DIRECTION('',(4.21196317981918E-32,-5.90041998631567E-17,-1.));
#5237=DIRECTION('',(8.80570292374014E-17,-1.,-6.12323399573677E-17));
#5238=DIRECTION('',(3.69238972457123E-32,3.25140869932449E-48,-1.));
#5239=DIRECTION('',(8.80570292374014E-17,-1.,2.01244022735128E-16));
#5240=DIRECTION('',(3.69238972457123E-32,3.25140869932449E-48,-1.));
#5241=DIRECTION('',(8.80570292374014E-17,-1.,-6.12323399573677E-17));
#5242=DIRECTION('',(3.15319592958119E-32,6.12323399573677E-17,-1.));
#5243=DIRECTION('',(-8.80570292374014E-17,1.,6.12323399573677E-17));
#5244=DIRECTION('',(4.40285146187007E-17,-0.5,-0.866025403784439));
#5245=DIRECTION('',(-4.40285146187007E-17,0.5,-0.866025403784439));
#5246=DIRECTION('',(-8.80570292374014E-17,1.,-3.25140869932449E-48));
#5247=DIRECTION('',(0.,1.,0.));
#5248=DIRECTION('',(6.93898859697338E-17,-0.788010753606722,0.615661475325659));
#5249=DIRECTION('',(-8.80570292374014E-17,1.,-3.25140869932449E-48));
#5250=DIRECTION('',(-5.29098525614869E-32,1.8154093380412E-16,1.));
#5251=DIRECTION('',(0.,1.,0.));
#5252=DIRECTION('',(-5.29098525614869E-32,1.8154093380412E-16,1.));
#5253=DIRECTION('',(-8.80570292374014E-17,1.,-3.25140869932449E-48));
#5254=DIRECTION('',(-6.93898859697338E-17,0.788010753606722,0.615661475325659));
#5255=DIRECTION('',(0.,1.,0.));
#5256=DIRECTION('',(8.80570292374014E-17,-1.,3.25140869932449E-48));
#5257=DIRECTION('',(-4.40285146187007E-17,0.5,0.866025403784439));
#5258=DIRECTION('',(3.15319592958119E-32,6.12323399573677E-17,-1.));
#5259=DIRECTION('',(1.,-1.93077565112303E-48,3.15319592958119E-32));
#5260=DIRECTION('',(3.15319592958119E-32,6.12323399573677E-17,-1.));
#5261=DIRECTION('',(0.,1.,6.12323399573677E-17));
#5262=DIRECTION('',(3.15319592958119E-32,6.12323399573677E-17,-1.));
#5263=DIRECTION('',(0.,1.,6.12323399573677E-17));
#5264=DIRECTION('',(8.80570292374014E-17,-1.,-6.12323399573677E-17));
#5265=DIRECTION('',(-1.,-9.37688365392869E-17,-3.72736445721923E-32));
#5266=DIRECTION('',(9.37688365392869E-17,-1.,-6.12323399573677E-17));
#5267=DIRECTION('',(3.15319592958119E-32,6.12323399573677E-17,-1.));
#5268=DIRECTION('',(0.,1.,6.12323399573677E-17));
#5269=DIRECTION('',(3.15319592958119E-32,6.12323399573677E-17,-1.));
#5270=DIRECTION('',(0.,-1.,-6.12323399573677E-17));
#5271=DIRECTION('',(3.15319592958119E-32,6.12323399573677E-17,-1.));
#5272=DIRECTION('',(0.,1.,6.12323399573677E-17));
#5273=DIRECTION('',(-1.,-1.21734980770302E-16,-3.89860770230427E-32));
#5274=DIRECTION('',(-1.21734980770302E-16,1.,6.12323399573677E-17));
#5275=DIRECTION('',(-1.,-1.21734980770302E-16,-3.89860770230427E-32));
#5276=DIRECTION('',(-1.11662170655908E-32,1.,6.12323399573677E-17));
#5277=DIRECTION('',(3.15319592958119E-32,6.12323399573677E-17,-1.));
#5278=DIRECTION('',(1.,-1.93077565112303E-48,3.15319592958119E-32));
#5279=DIRECTION('',(-1.,-9.37688365392869E-17,-3.72736445721923E-32));
#5280=DIRECTION('',(8.80570292374014E-17,-1.,-6.12323399573677E-17));
#5281=DIRECTION('',(-1.,-9.37688365392869E-17,-3.72736445721923E-32));
#5282=DIRECTION('',(9.37688365392869E-17,-1.,-6.12323399573677E-17));
#5283=DIRECTION('',(3.15319592958119E-32,6.12323399573677E-17,-1.));
#5284=DIRECTION('',(1.,-1.93077565112303E-48,3.15319592958119E-32));
#5285=DIRECTION('',(-1.,-9.37688365392869E-17,-3.72736445721923E-32));
#5286=DIRECTION('',(8.80570292374014E-17,-1.,-6.12323399573677E-17));
#5287=DIRECTION('',(-1.,-9.37688365392869E-17,-3.72736445721923E-32));
#5288=DIRECTION('',(9.37688365392869E-17,-1.,-6.12323399573677E-17));
#5289=DIRECTION('',(-1.,-9.37688365392869E-17,-3.72736445721923E-32));
#5290=DIRECTION('',(9.37688365392869E-17,-1.,0.));
#5291=DIRECTION('',(-1.,-9.37688365392869E-17,-3.72736445721923E-32));
#5292=DIRECTION('',(9.37688365392869E-17,-1.,0.));
#5293=DIRECTION('',(-1.,-9.37688365392869E-17,-3.72736445721923E-32));
#5294=DIRECTION('',(9.37688365392869E-17,-1.,0.));
#5295=DIRECTION('',(-1.,-9.37688365392869E-17,-3.72736445721923E-32));
#5296=DIRECTION('',(9.37688365392869E-17,-1.,0.));
#5297=DIRECTION('',(-1.,-9.37688365392869E-17,-3.72736445721923E-32));
#5298=DIRECTION('',(9.37688365392869E-17,-1.,0.));
#5299=DIRECTION('',(-1.,-9.37688365392869E-17,-3.72736445721923E-32));
#5300=DIRECTION('',(9.37688365392869E-17,-1.,0.));
#5301=DIRECTION('',(-1.,-9.37688365392869E-17,-3.72736445721923E-32));
#5302=DIRECTION('',(9.37688365392869E-17,-1.,0.));
#5303=DIRECTION('',(-1.,-9.37688365392869E-17,-3.72736445721923E-32));
#5304=DIRECTION('',(9.37688365392869E-17,-1.,0.));
#5305=DIRECTION('',(-1.,-9.37688365392869E-17,-3.72736445721923E-32));
#5306=DIRECTION('',(9.37688365392869E-17,-1.,0.));
#5307=DIRECTION('',(-1.,-9.37688365392869E-17,-3.72736445721923E-32));
#5308=DIRECTION('',(9.37688365392869E-17,-1.,0.));
#5309=DIRECTION('',(-1.,-9.37688365392869E-17,-3.72736445721923E-32));
#5310=DIRECTION('',(9.37688365392869E-17,-1.,0.));
#5311=DIRECTION('',(-1.,-9.37688365392869E-17,-3.72736445721923E-32));
#5312=DIRECTION('',(9.37688365392869E-17,-1.,0.));
#5313=DIRECTION('',(-1.,-9.37688365392869E-17,-3.72736445721923E-32));
#5314=DIRECTION('',(9.37688365392869E-17,-1.,0.));
#5315=DIRECTION('',(-1.,-9.37688365392869E-17,-3.72736445721923E-32));
#5316=DIRECTION('',(9.37688365392869E-17,-1.,0.));
#5317=DIRECTION('',(-1.,-9.37688365392869E-17,-3.72736445721923E-32));
#5318=DIRECTION('',(9.37688365392869E-17,-1.,0.));
#5319=DIRECTION('',(-1.,-9.37688365392869E-17,-3.72736445721923E-32));
#5320=DIRECTION('',(9.37688365392869E-17,-1.,0.));
#5321=DIRECTION('',(-1.,-9.37688365392869E-17,-3.72736445721923E-32));
#5322=DIRECTION('',(9.37688365392869E-17,-1.,0.));
#5323=DIRECTION('',(-1.,-9.37688365392869E-17,-3.72736445721923E-32));
#5324=DIRECTION('',(9.37688365392869E-17,-1.,0.));
#5325=DIRECTION('',(3.15319592958119E-32,6.12323399573677E-17,-1.));
#5326=DIRECTION('',(9.37688365392869E-17,-1.,-6.12323399573677E-17));
#5327=DIRECTION('',(-3.15319592958119E-32,-6.12323399573677E-17,1.));
#5328=DIRECTION('',(3.72736445721923E-32,3.49510628511338E-48,-1.));
#5329=DIRECTION('',(-9.37688365392869E-17,1.,-1.42658180558365E-16));
#5330=DIRECTION('',(1.32593305902245E-31,-1.01653880807315E-15,-1.));
#5331=DIRECTION('',(3.72736445721923E-32,3.49510628511338E-48,-1.));
#5332=DIRECTION('',(-9.37688365392869E-17,1.,-3.49510628511338E-48));
#5333=DIRECTION('',(3.72736445721923E-32,3.49510628511338E-48,-1.));
#5334=DIRECTION('',(1.56431407207144E-30,-1.62851591622282E-14,-1.));
#5335=DIRECTION('',(-9.37688365392869E-17,1.,-1.59016318631207E-14));
#5336=DIRECTION('',(1.56431407207144E-30,-1.62851591622282E-14,-1.));
#5337=DIRECTION('',(9.37688365392869E-17,-1.,-6.12323399573677E-17));
#5338=DIRECTION('',(1.,8.80570292374014E-17,3.69238972457123E-32));
#5339=DIRECTION('',(-8.80570292374014E-17,1.,0.));
#5340=DIRECTION('',(1.,8.80570292374014E-17,3.69238972457123E-32));
#5341=DIRECTION('',(-8.80570292374014E-17,1.,0.));
#5342=DIRECTION('',(1.,8.80570292374014E-17,3.69238972457123E-32));
#5343=DIRECTION('',(-8.80570292374014E-17,1.,0.));
#5344=DIRECTION('',(1.,8.80570292374014E-17,3.69238972457123E-32));
#5345=DIRECTION('',(-8.80570292374014E-17,1.,0.));
#5346=DIRECTION('',(1.,8.80570292374014E-17,3.69238972457123E-32));
#5347=DIRECTION('',(-8.80570292374014E-17,1.,0.));
#5348=DIRECTION('',(1.,8.80570292374014E-17,3.69238972457123E-32));
#5349=DIRECTION('',(-8.80570292374014E-17,1.,0.));
#5350=DIRECTION('',(1.,8.80570292374014E-17,3.69238972457123E-32));
#5351=DIRECTION('',(-8.80570292374014E-17,1.,0.));
#5352=DIRECTION('',(1.,8.80570292374014E-17,3.69238972457123E-32));
#5353=DIRECTION('',(-8.80570292374014E-17,1.,0.));
#5354=DIRECTION('',(1.,8.80570292374014E-17,3.69238972457123E-32));
#5355=DIRECTION('',(-8.80570292374014E-17,1.,0.));
#5356=DIRECTION('',(1.,8.80570292374014E-17,3.69238972457123E-32));
#5357=DIRECTION('',(-8.80570292374014E-17,1.,0.));
#5358=DIRECTION('',(1.,8.80570292374014E-17,3.69238972457123E-32));
#5359=DIRECTION('',(-8.80570292374014E-17,1.,0.));
#5360=DIRECTION('',(1.,8.80570292374014E-17,3.69238972457123E-32));
#5361=DIRECTION('',(-8.80570292374014E-17,1.,0.));
#5362=DIRECTION('',(1.,8.80570292374014E-17,3.69238972457123E-32));
#5363=DIRECTION('',(-8.80570292374014E-17,1.,0.));
#5364=DIRECTION('',(1.,8.80570292374014E-17,3.69238972457123E-32));
#5365=DIRECTION('',(-8.80570292374014E-17,1.,0.));
#5366=DIRECTION('',(1.,8.80570292374014E-17,3.69238972457123E-32));
#5367=DIRECTION('',(-8.80570292374014E-17,1.,0.));
#5368=DIRECTION('',(1.,8.80570292374014E-17,3.69238972457123E-32));
#5369=DIRECTION('',(-8.80570292374014E-17,1.,0.));
#5370=DIRECTION('',(1.,8.80570292374014E-17,3.69238972457123E-32));
#5371=DIRECTION('',(-8.80570292374014E-17,1.,0.));
#5372=DIRECTION('',(1.,8.80570292374014E-17,3.69238972457123E-32));
#5373=DIRECTION('',(-8.80570292374014E-17,1.,0.));
#5374=DIRECTION('',(3.15319592958119E-32,6.12323399573677E-17,-1.));
#5375=DIRECTION('',(8.80570292374014E-17,-1.,-6.12323399573677E-17));
#5376=DIRECTION('',(3.15319592958119E-32,6.12323399573677E-17,-1.));
#5377=DIRECTION('',(8.80570292374014E-17,-1.,-6.12323399573677E-17));
#5378=DIRECTION('',(-1.47094663372978E-30,1.62851591622282E-14,1.));
#5379=DIRECTION('',(8.80570292374014E-17,-1.,1.59016318631207E-14));
#5380=DIRECTION('',(-1.47094663372977E-30,1.62851591622282E-14,1.));
#5381=DIRECTION('',(-3.69238972457123E-32,-3.46231088522662E-48,1.));
#5382=DIRECTION('',(8.80570292374014E-17,-1.,3.28220640987805E-48));
#5383=DIRECTION('',(-3.69238972457123E-32,-3.46231088522662E-48,1.));
#5384=DIRECTION('',(-1.26437284789163E-31,1.01653880807315E-15,1.));
#5385=DIRECTION('',(8.80570292374014E-17,-1.,1.42658180558365E-16));
#5386=DIRECTION('',(-3.69238972457123E-32,-3.46231088522662E-48,1.));
#5387=DIRECTION('',(3.15319592958119E-32,6.12323399573677E-17,-1.));
#5388=DIRECTION('',(1.,-1.93077565112303E-48,3.15319592958119E-32));
#5389=DIRECTION('',(-1.,-8.80570292374014E-17,-3.69238972457123E-32));
#5390=DIRECTION('',(-1.,-9.63735264431559E-17,-3.74331358298696E-32));
#5391=DIRECTION('',(3.15319592958119E-32,6.12323399573677E-17,-1.));
#5392=DIRECTION('',(1.,-1.93077565112303E-48,3.15319592958119E-32));
#5393=DIRECTION('',(-1.,-1.16816395688674E-16,-3.86849005492152E-32));
#5394=DIRECTION('',(3.15319592958119E-32,6.12323399573677E-17,-1.));
#5395=DIRECTION('',(0.,1.,6.12323399573677E-17));
#5396=DIRECTION('',(-1.,-8.80570292374014E-17,-3.69238972457123E-32));
#5397=DIRECTION('',(3.15319592958119E-32,6.12323399573677E-17,-1.));
#5398=DIRECTION('',(0.,1.,6.12323399573677E-17));
#5399=DIRECTION('',(3.15319592958119E-32,6.12323399573677E-17,-1.));
#5400=DIRECTION('',(0.,-1.,-6.12323399573677E-17));
#5401=DIRECTION('',(3.15319592958119E-32,6.12323399573677E-17,-1.));
#5402=DIRECTION('',(0.,1.,6.12323399573677E-17));
#5403=DIRECTION('',(-1.,-1.21734980770302E-16,-3.89860770230427E-32));
#5404=DIRECTION('',(3.15319592958119E-32,6.12323399573677E-17,-1.));
#5405=DIRECTION('',(0.,1.,6.12323399573677E-17));
#5406=DIRECTION('',(-3.15319592958119E-32,-6.12323399573677E-17,1.));
#5407=DIRECTION('',(0.,-1.,-6.12323399573677E-17));
#5408=DIRECTION('',(3.15319592958119E-32,6.12323399573677E-17,-1.));
#5409=DIRECTION('',(0.,1.,6.12323399573677E-17));
#5410=DIRECTION('',(-1.,-9.37688365392869E-17,-3.72736445721923E-32));
#5411=DIRECTION('',(3.15319592958119E-32,6.12323399573677E-17,-1.));
#5412=DIRECTION('',(0.,1.,6.12323399573677E-17));
#5413=DIRECTION('',(3.15319592958119E-32,6.12323399573677E-17,-1.));
#5414=DIRECTION('',(0.,1.,6.12323399573677E-17));
#5415=DIRECTION('',(3.15319592958119E-32,6.12323399573677E-17,-1.));
#5416=DIRECTION('',(0.,1.,6.12323399573677E-17));
#5417=DIRECTION('',(-1.21734980770302E-16,1.,6.12323399573677E-17));
#5418=DIRECTION('',(-1.,-1.21734980770302E-16,0.));
#5419=DIRECTION('',(-1.,-1.21734980770302E-16,-3.89860770230427E-32));
#5420=DIRECTION('',(6.63990831793397E-17,6.12323399573677E-17,-1.));
#5421=DIRECTION('',(3.15319592958119E-32,6.12323399573677E-17,-1.));
#5422=DIRECTION('',(-1.21734980770302E-16,1.,6.12323399573677E-17));
#5423=DIRECTION('',(-1.,-1.21734980770302E-16,0.));
#5424=DIRECTION('',(-3.15319592958119E-32,-6.12323399573677E-17,1.));
#5425=DIRECTION('',(-1.,-1.21734980770302E-16,-3.89860770230427E-32));
#5426=DIRECTION('',(3.15319592958119E-32,6.12323399573677E-17,-1.));
#5427=DIRECTION('',(1.16816395688674E-16,-1.,-6.12323399573677E-17));
#5428=DIRECTION('',(1.,1.16816395688674E-16,0.));
#5429=DIRECTION('',(3.15319592958119E-32,6.12323399573677E-17,-1.));
#5430=DIRECTION('',(-1.,-1.16816395688674E-16,-3.86849005492152E-32));
#5431=DIRECTION('',(3.15319592958119E-32,6.12323399573677E-17,-1.));
#5432=DIRECTION('',(3.15319592958119E-32,6.12323399573677E-17,-1.));
#5433=DIRECTION('',(1.,-1.93077565112303E-48,3.15319592958119E-32));
#5434=DIRECTION('',(8.80570292374014E-17,-1.,-6.12323399573677E-17));
#5435=DIRECTION('',(-0.654653670707976,-0.755928946018456,-4.05013859304395E-17));
#5436=DIRECTION('',(8.80570292374014E-17,-1.,-6.12323399573677E-17));
#5437=DIRECTION('',(-0.654653670707978,0.755928946018454,4.05013859304395E-17));
#5438=DIRECTION('',(8.80570292374014E-17,-1.,-6.12323399573677E-17));
#5439=DIRECTION('',(3.15319592958119E-32,6.12323399573677E-17,-1.));
#5440=DIRECTION('',(0.,1.,6.12323399573677E-17));
#5441=DIRECTION('',(1.,1.16816395688674E-16,3.86849005492152E-32));
#5442=DIRECTION('',(3.15319592958119E-32,6.12323399573677E-17,-1.));
#5443=DIRECTION('',(0.,1.,6.12323399573677E-17));
#5444=DIRECTION('',(-8.80570292374014E-17,1.,6.12323399573677E-17));
#5445=DIRECTION('',(3.15319592958119E-32,6.12323399573677E-17,-1.));
#5446=DIRECTION('',(0.,1.,6.12323399573677E-17));
#5447=DIRECTION('',(-1.,-1.16816395688674E-16,-3.86849005492152E-32));
#5448=DIRECTION('',(3.15319592958119E-32,6.12323399573677E-17,-1.));
#5449=DIRECTION('',(0.,1.,6.12323399573677E-17));
#5450=DIRECTION('',(3.15319592958119E-32,6.12323399573677E-17,-1.));
#5451=DIRECTION('',(1.,-1.93077565112303E-48,3.15319592958119E-32));
#5452=DIRECTION('',(3.15319592958119E-32,6.12323399573677E-17,-1.));
#5453=DIRECTION('',(0.,1.,6.12323399573677E-17));
#5454=DIRECTION('',(-4.06044256930575E-33,1.,6.12323399573677E-17));
#5455=DIRECTION('',(-1.,-1.21734980770302E-16,-3.89860770230427E-32));
#5456=DIRECTION('',(-1.21734980770302E-16,1.,6.12323399573677E-17));
#5457=DIRECTION('',(3.15319592958119E-32,6.12323399573677E-17,-1.));
#5458=DIRECTION('',(0.,1.,6.12323399573677E-17));
#5459=DIRECTION('',(-3.15319592958119E-32,-6.12323399573677E-17,1.));
#5460=DIRECTION('',(0.,-1.,-6.12323399573677E-17));
#5461=DIRECTION('',(3.15319592958119E-32,6.12323399573677E-17,-1.));
#5462=DIRECTION('',(0.,1.,6.12323399573677E-17));
#5463=DIRECTION('',(-1.,-6.12323399573676E-17,-3.52813587524666E-32));
#5464=DIRECTION('',(3.15319592958119E-32,6.12323399573677E-17,-1.));
#5465=DIRECTION('',(0.,1.,6.12323399573677E-17));
#5466=DIRECTION('',(3.15319592958119E-32,6.12323399573677E-17,-1.));
#5467=DIRECTION('',(0.,1.,6.12323399573677E-17));
#5468=DIRECTION('',(3.15319592958119E-32,6.12323399573677E-17,-1.));
#5469=DIRECTION('',(3.15319592958119E-32,6.12323399573677E-17,-1.));
#5470=DIRECTION('',(0.,1.,6.12323399573677E-17));
#5471=DIRECTION('',(3.15319592958119E-32,6.12323399573677E-17,-1.));
#5472=DIRECTION('',(3.15319592958119E-32,6.12323399573677E-17,-1.));
#5473=DIRECTION('',(0.,1.,6.12323399573677E-17));
#5474=DIRECTION('',(3.15319592958119E-32,6.12323399573677E-17,-1.));
#5475=DIRECTION('',(3.15319592958119E-32,6.12323399573677E-17,-1.));
#5476=DIRECTION('',(0.,1.,6.12323399573677E-17));
#5477=DIRECTION('',(3.15319592958119E-32,6.12323399573677E-17,-1.));
#5478=DIRECTION('',(3.15319592958119E-32,6.12323399573677E-17,-1.));
#5479=DIRECTION('',(0.,1.,6.12323399573677E-17));
#5480=DIRECTION('',(3.15319592958119E-32,6.12323399573677E-17,-1.));
#5481=DIRECTION('',(3.15319592958119E-32,6.12323399573677E-17,-1.));
#5482=DIRECTION('',(0.,1.,6.12323399573677E-17));
#5483=DIRECTION('',(3.15319592958119E-32,6.12323399573677E-17,-1.));
#5484=DIRECTION('',(3.15319592958119E-32,6.12323399573677E-17,-1.));
#5485=DIRECTION('',(0.,1.,6.12323399573677E-17));
#5486=DIRECTION('',(3.15319592958119E-32,6.12323399573677E-17,-1.));
#5487=DIRECTION('',(3.15319592958119E-32,6.12323399573677E-17,-1.));
#5488=DIRECTION('',(0.,1.,6.12323399573677E-17));
#5489=DIRECTION('',(3.15319592958119E-32,6.12323399573677E-17,-1.));
#5490=DIRECTION('',(3.15319592958119E-32,6.12323399573677E-17,-1.));
#5491=DIRECTION('',(0.,1.,6.12323399573677E-17));
#5492=DIRECTION('',(3.15319592958119E-32,6.12323399573677E-17,-1.));
#5493=DIRECTION('',(0.,1.,6.12323399573677E-17));
#5494=DIRECTION('',(3.15319592958119E-32,6.12323399573677E-17,-1.));
#5495=DIRECTION('',(1.,-1.93077565112303E-48,3.15319592958119E-32));
#5496=DIRECTION('',(3.15319592958119E-32,6.12323399573677E-17,-1.));
#5497=DIRECTION('',(0.,1.,6.12323399573677E-17));
#5498=DIRECTION('',(3.15319592958119E-32,6.12323399573677E-17,-1.));
#5499=DIRECTION('',(0.,1.,6.12323399573677E-17));
#5500=DIRECTION('',(3.15319592958119E-32,6.12323399573677E-17,-1.));
#5501=DIRECTION('',(1.,-1.93077565112303E-48,3.15319592958119E-32));
#5502=DIRECTION('',(3.15319592958119E-32,6.12323399573677E-17,-1.));
#5503=DIRECTION('',(0.,1.,6.12323399573677E-17));
#5504=DIRECTION('',(3.15319592958119E-32,6.12323399573677E-17,-1.));
#5505=DIRECTION('',(0.,1.,6.12323399573677E-17));
#5506=DIRECTION('',(3.15319592958119E-32,6.12323399573677E-17,-1.));
#5507=DIRECTION('',(1.,-1.93077565112303E-48,3.15319592958119E-32));
#5508=DIRECTION('',(3.15319592958119E-32,6.12323399573677E-17,-1.));
#5509=DIRECTION('',(0.,1.,6.12323399573677E-17));
#5510=DIRECTION('',(3.15319592958119E-32,6.12323399573677E-17,-1.));
#5511=DIRECTION('',(0.,1.,6.12323399573677E-17));
#5512=DIRECTION('',(3.15319592958119E-32,6.12323399573677E-17,-1.));
#5513=DIRECTION('',(1.,-1.93077565112303E-48,3.15319592958119E-32));
#5514=DIRECTION('',(6.12323399573677E-17,0.,-1.));
#5515=DIRECTION('',(-1.,0.,-6.12323399573677E-17));
#5516=DIRECTION('',(-1.,-9.63735264431559E-17,-6.12323399573677E-17));
#5517=DIRECTION('',(1.,6.12323399573677E-17,6.12323399573677E-17));
#5518=DIRECTION('',(6.12323399573676E-17,-1.,4.72033598905253E-16));
#5519=DIRECTION('',(0.,-4.72033598905253E-16,-1.));
#5520=DIRECTION('',(9.63735264431559E-17,-1.,5.90041998631567E-17));
#5521=DIRECTION('',(1.,9.63735264431559E-17,0.));
#5522=DIRECTION('',(1.,9.63735264431559E-17,6.12323399573677E-17));
#5523=DIRECTION('',(0.,0.,-1.));
#5524=DIRECTION('',(-1.,0.,0.));
#5525=DIRECTION('',(0.,-1.,0.));
#5526=DIRECTION('',(-1.,0.,-6.63120594792357E-17));
#5527=DIRECTION('',(-6.63120594792357E-17,0.,1.));
#5528=DIRECTION('',(-6.63120594792357E-17,-6.12323399573677E-17,1.));
#5529=DIRECTION('',(0.,0.,-1.));
#5530=DIRECTION('',(-1.,0.,0.));
#5531=DIRECTION('',(0.,-1.,0.));
#5532=DIRECTION('',(-1.,0.,-1.82358163567898E-16));
#5533=DIRECTION('',(-1.82358163567898E-16,0.,1.));
#5534=DIRECTION('',(6.16562915236726E-17,6.12323399573677E-17,-1.));
#5535=DIRECTION('',(-8.80570292374014E-17,1.,0.));
#5536=DIRECTION('',(-1.,-8.80570292374014E-17,0.));
#5537=DIRECTION('',(-1.,-8.80570292374014E-17,-3.69238972457123E-32));
#5538=DIRECTION('',(-8.80570292374014E-17,1.,0.));
#5539=DIRECTION('',(-1.,-8.80570292374014E-17,0.));
#5540=DIRECTION('',(-1.,-8.80570292374014E-17,-3.69238972457123E-32));
#5541=DIRECTION('',(3.15319592958119E-32,6.12323399573677E-17,-1.));
#5542=DIRECTION('',(5.46448480395518E-32,-2.01244022735128E-16,-1.));
#5543=DIRECTION('',(0.,1.,-2.01244022735128E-16));
#5544=DIRECTION('',(5.46448480395518E-32,-2.01244022735128E-16,-1.));
#5545=DIRECTION('',(0.,1.,-2.01244022735128E-16));
#5546=DIRECTION('',(-9.37688365392869E-17,1.,-1.62851591622282E-14));
#5547=DIRECTION('',(0.,1.62851591622282E-14,1.));
#5548=DIRECTION('',(-1.,-9.37688365392869E-17,-3.72736445721923E-32));
#5549=DIRECTION('',(-1.52835116345308E-30,1.59016318631207E-14,1.));
#5550=DIRECTION('',(0.,-1.,1.59016318631207E-14));
#5551=DIRECTION('',(-1.,-9.37688365392869E-17,-3.72736445721923E-32));
#5552=DIRECTION('',(-9.37688365392869E-17,1.,-1.62851591622282E-14));
#5553=DIRECTION('',(0.,1.62851591622282E-14,1.));
#5554=DIRECTION('',(-9.37688365392869E-17,1.,0.));
#5555=DIRECTION('',(-1.,-9.37688365392869E-17,0.));
#5556=DIRECTION('',(-1.,-9.37688365392869E-17,-3.72736445721923E-32));
#5557=DIRECTION('',(-3.72736445721923E-32,0.,1.));
#5558=DIRECTION('',(1.,0.,3.72736445721923E-32));
#5559=DIRECTION('',(-1.,-9.37688365392869E-17,-3.72736445721923E-32));
#5560=DIRECTION('',(-9.37688365392869E-17,1.,0.));
#5561=DIRECTION('',(-1.,-9.37688365392869E-17,0.));
#5562=DIRECTION('',(-9.37688365392869E-17,1.,-1.01653880807315E-15));
#5563=DIRECTION('',(0.,1.01653880807315E-15,1.));
#5564=DIRECTION('',(-1.,-9.37688365392869E-17,-3.72736445721923E-32));
#5565=DIRECTION('',(-5.06505361859618E-32,1.42658180558365E-16,1.));
#5566=DIRECTION('',(0.,-1.,1.42658180558365E-16));
#5567=DIRECTION('',(-1.,-9.37688365392869E-17,-3.72736445721923E-32));
#5568=DIRECTION('',(-9.37688365392869E-17,1.,0.));
#5569=DIRECTION('',(-1.,-9.37688365392869E-17,0.));
#5570=DIRECTION('',(-1.,-9.37688365392869E-17,-3.72736445721923E-32));
#5571=DIRECTION('',(9.37688365392869E-17,-1.,0.));
#5572=DIRECTION('',(-1.,-9.37688365392869E-17,-3.72736445721923E-32));
#5573=DIRECTION('',(9.37688365392869E-17,-1.,0.));
#5574=DIRECTION('',(-1.,-9.37688365392869E-17,-3.72736445721923E-32));
#5575=DIRECTION('',(9.37688365392869E-17,-1.,0.));
#5576=DIRECTION('',(-1.,-9.37688365392869E-17,-3.72736445721923E-32));
#5577=DIRECTION('',(9.37688365392869E-17,-1.,0.));
#5578=DIRECTION('',(-1.,-9.37688365392869E-17,-3.72736445721923E-32));
#5579=DIRECTION('',(9.37688365392869E-17,-1.,0.));
#5580=DIRECTION('',(-1.,-9.37688365392869E-17,-3.72736445721923E-32));
#5581=DIRECTION('',(9.37688365392869E-17,-1.,0.));
#5582=DIRECTION('',(-1.,-9.37688365392869E-17,-3.72736445721923E-32));
#5583=DIRECTION('',(9.37688365392869E-17,-1.,0.));
#5584=DIRECTION('',(-1.,-9.37688365392869E-17,-3.72736445721923E-32));
#5585=DIRECTION('',(9.37688365392869E-17,-1.,0.));
#5586=DIRECTION('',(-1.,-9.37688365392869E-17,-3.72736445721923E-32));
#5587=DIRECTION('',(9.37688365392869E-17,-1.,0.));
#5588=DIRECTION('',(-1.,-9.37688365392869E-17,-3.72736445721923E-32));
#5589=DIRECTION('',(9.37688365392869E-17,-1.,0.));
#5590=DIRECTION('',(-1.,-9.37688365392869E-17,-3.72736445721923E-32));
#5591=DIRECTION('',(9.37688365392869E-17,-1.,0.));
#5592=DIRECTION('',(-1.,-9.37688365392869E-17,-3.72736445721923E-32));
#5593=DIRECTION('',(9.37688365392869E-17,-1.,0.));
#5594=DIRECTION('',(-1.,-9.37688365392869E-17,-3.72736445721923E-32));
#5595=DIRECTION('',(9.37688365392869E-17,-1.,0.));
#5596=DIRECTION('',(-1.,-9.37688365392869E-17,-3.72736445721923E-32));
#5597=DIRECTION('',(9.37688365392869E-17,-1.,0.));
#5598=DIRECTION('',(-1.,-9.37688365392869E-17,-3.72736445721923E-32));
#5599=DIRECTION('',(9.37688365392869E-17,-1.,0.));
#5600=DIRECTION('',(-1.,-9.37688365392869E-17,-3.72736445721923E-32));
#5601=DIRECTION('',(9.37688365392869E-17,-1.,0.));
#5602=DIRECTION('',(-1.,-9.37688365392869E-17,-3.72736445721923E-32));
#5603=DIRECTION('',(9.37688365392869E-17,-1.,0.));
#5604=DIRECTION('',(3.69238972457123E-32,-4.7477838728799E-64,-1.));
#5605=DIRECTION('',(-1.,0.,-3.69238972457123E-32));
#5606=DIRECTION('',(-1.,-8.80570292374014E-17,-3.69238972457123E-32));
#5607=DIRECTION('',(-1.93077565112303E-48,1.,6.12323399573677E-17));
#5608=DIRECTION('',(1.,-1.93077565112303E-48,3.15319592958119E-32));
#5609=DIRECTION('',(1.93077565112303E-48,-1.,-6.12323399573677E-17));
#5610=DIRECTION('',(-1.,-8.80570292374014E-17,-3.69238972457123E-32));
#5611=DIRECTION('',(3.69238972457123E-32,-4.7477838728799E-64,-1.));
#5612=DIRECTION('',(-1.,0.,-3.69238972457123E-32));
#5613=DIRECTION('',(-8.80570292374014E-17,1.,8.17879998103162E-17));
#5614=DIRECTION('',(-1.,-8.80570292374014E-17,0.));
#5615=DIRECTION('',(-3.15319592958119E-32,-6.12323399573677E-17,1.));
#5616=DIRECTION('',(-8.80570292374014E-17,1.,8.17879998103162E-17));
#5617=DIRECTION('',(-1.,-8.80570292374014E-17,0.));
#5618=DIRECTION('',(1.,8.80570292374014E-17,3.69238972457123E-32));
#5619=DIRECTION('',(2.96044789871036E-32,8.17879998103162E-17,-1.));
#5620=DIRECTION('',(-8.80570292374014E-17,1.,1.63575999620632E-16));
#5621=DIRECTION('',(0.,-1.63575999620632E-16,1.));
#5622=DIRECTION('',(1.,8.80570292374014E-17,3.69238972457123E-32));
#5623=DIRECTION('',(-3.15319592958119E-32,-6.12323399573677E-17,1.));
#5624=DIRECTION('',(-3.69238972457123E-32,4.7477838728799E-64,1.));
#5625=DIRECTION('',(1.,0.,3.69238972457123E-32));
#5626=DIRECTION('',(-1.,-8.80570292374014E-17,-3.69238972457123E-32));
#5627=DIRECTION('',(-3.69238972457123E-32,4.7477838728799E-64,1.));
#5628=DIRECTION('',(1.,0.,3.69238972457123E-32));
#5629=DIRECTION('',(-1.,-8.80570292374014E-17,-3.69238972457123E-32));
#5630=DIRECTION('',(-1.93077565112303E-48,1.,6.12323399573677E-17));
#5631=DIRECTION('',(1.,-1.93077565112303E-48,3.15319592958119E-32));
#5632=DIRECTION('',(1.93077565112303E-48,-1.,-6.12323399573677E-17));
#5633=DIRECTION('',(-8.80570292374014E-17,1.,4.7477838728799E-64));
#5634=DIRECTION('',(-1.,-8.80570292374014E-17,0.));
#5635=DIRECTION('',(-3.15319592958119E-32,-6.12323399573677E-17,1.));
#5636=DIRECTION('',(1.,8.80570292374014E-17,3.69238972457123E-32));
#5637=DIRECTION('',(-8.80570292374014E-17,1.,-8.17879998103162E-17));
#5638=DIRECTION('',(-1.,-8.80570292374014E-17,0.));
#5639=DIRECTION('',(4.49428101572811E-32,-8.17879998103162E-17,-1.));
#5640=DIRECTION('',(1.,8.80570292374014E-17,3.69238972457123E-32));
#5641=DIRECTION('',(-8.80570292374014E-17,1.,-8.17879998103162E-17));
#5642=DIRECTION('',(-1.,-8.80570292374014E-17,0.));
#5643=DIRECTION('',(-3.15319592958119E-32,-6.12323399573677E-17,1.));
#5644=DIRECTION('',(-3.69238972457123E-32,0.,1.));
#5645=DIRECTION('',(1.,0.,3.69238972457123E-32));
#5646=DIRECTION('',(-1.,-8.80570292374014E-17,-3.69238972457123E-32));
#5647=DIRECTION('',(9.37688365392869E-17,-1.,3.46231088522662E-48));
#5648=DIRECTION('',(-1.,-8.80570292374014E-17,-3.69238972457123E-32));
#5649=DIRECTION('',(-1.,-8.80570292374014E-17,-3.69238972457123E-32));
#5650=DIRECTION('',(-1.,-8.80570292374014E-17,-3.69238972457123E-32));
#5651=DIRECTION('',(5.42133205330932E-17,-0.615661475325659,-0.788010753606722));
#5652=DIRECTION('',(0.,0.788010753606722,-0.615661475325659));
#5653=DIRECTION('',(6.93898859697338E-17,-0.788010753606722,0.615661475325659));
#5654=DIRECTION('',(5.42133205330932E-17,-0.615661475325659,0.788010753606722));
#5655=DIRECTION('',(0.,-0.788010753606722,-0.615661475325659));
#5656=DIRECTION('',(-3.69238972457123E-32,5.93472984109987E-64,1.));
#5657=DIRECTION('',(1.,0.,3.69238972457123E-32));
#5658=DIRECTION('',(8.80570292374014E-17,-1.,3.25140869932449E-48));
#5659=DIRECTION('',(-0.654653670707977,-0.755928946018454,-2.11508192601561E-32));
#5660=DIRECTION('',(7.62596243013787E-17,-0.866025403784438,-0.5));
#5661=DIRECTION('',(0.,0.5,-0.866025403784438));
#5662=DIRECTION('',(7.62596243013787E-17,-0.866025403784438,-0.5));
#5663=DIRECTION('',(1.32085543856102E-16,0.5,-0.866025403784438));
#5664=DIRECTION('',(-0.654653670707977,0.377964473009228,-0.654653670707977));
#5665=DIRECTION('',(-4.40285146187007E-17,0.5,-0.866025403784438));
#5666=DIRECTION('',(-0.654653670707977,0.377964473009228,-0.654653670707977));
#5667=DIRECTION('',(7.62596243013787E-17,-0.866025403784438,-0.5));
#5668=DIRECTION('',(1.32085543856102E-16,0.5,-0.866025403784438));
#5669=DIRECTION('',(7.62596243013785E-17,-0.866025403784438,0.5));
#5670=DIRECTION('',(0.,-0.5,-0.866025403784438));
#5671=DIRECTION('',(-0.654653670707977,-0.377964473009229,-0.654653670707977));
#5672=DIRECTION('',(7.62596243013785E-17,-0.866025403784438,0.5));
#5673=DIRECTION('',(1.32085543856101E-16,0.5,0.866025403784438));
#5674=DIRECTION('',(7.62596243013785E-17,-0.866025403784438,0.5));
#5675=DIRECTION('',(1.32085543856101E-16,0.5,0.866025403784438));
#5676=DIRECTION('',(-0.654653670707977,-0.377964473009229,-0.654653670707977));
#5677=DIRECTION('',(4.40285146187009E-17,-0.5,-0.866025403784438));
#5678=DIRECTION('',(3.69238972457123E-32,-5.93472984109987E-64,-1.));
#5679=DIRECTION('',(-1.,0.,-3.69238972457123E-32));
#5680=DIRECTION('',(-0.654653670707977,0.755928946018455,-2.41723648687498E-32));
#5681=DIRECTION('',(-8.80570292374014E-17,1.,-3.25140869932449E-48));
#5682=DIRECTION('',(-1.,-8.80570292374014E-17,-3.69238972457123E-32));
#5683=DIRECTION('',(8.80570292374014E-17,-1.,3.25140869932449E-48));
#5684=DIRECTION('',(0.,1.,0.));
#5685=DIRECTION('',(0.,1.,0.));
#5686=DIRECTION('',(0.,1.,0.));
#5687=DIRECTION('',(-4.40285146187007E-17,0.5,0.866025403784439));
#5688=DIRECTION('',(-8.80570292374014E-17,1.,6.12323399573677E-17));
#5689=DIRECTION('',(4.40285146187011E-17,-0.5,0.866025403784436));
#5690=DIRECTION('',(4.40285146187007E-17,-0.5,-0.866025403784439));
#5691=DIRECTION('',(0.,1.,0.));
#5692=DIRECTION('',(-4.40285146187007E-17,0.5,-0.866025403784439));
#5693=DIRECTION('',(0.,1.,0.));
#5694=DIRECTION('',(0.,1.,0.));
#5695=DIRECTION('',(0.,1.,0.));
#5696=DIRECTION('',(0.,1.,0.));
#5697=DIRECTION('',(0.,1.,0.));
#5698=DIRECTION('',(0.,1.,0.));
#5699=DIRECTION('',(-1.,0.,0.));
#5700=DIRECTION('',(0.,0.,1.));
#5701=DIRECTION('',(0.,1.,0.));
#5702=DIRECTION('',(0.,1.8154093380412E-16,1.));
#5703=DIRECTION('',(0.,1.,0.));
#5704=DIRECTION('',(-0.707106781186548,0.,0.707106781186547));
#5705=DIRECTION('',(0.707106781186547,0.,0.707106781186548));
#5706=DIRECTION('',(0.,1.,0.));
#5707=DIRECTION('',(0.,1.,0.));
#5708=DIRECTION('',(0.,0.,1.));
#5709=DIRECTION('',(8.80570292374014E-17,-1.,1.8154093380412E-16));
#5710=DIRECTION('',(0.,-1.8154093380412E-16,-1.));
#5711=DIRECTION('',(8.80570292374014E-17,-1.,1.8154093380412E-16));
#5712=DIRECTION('',(0.,-1.8154093380412E-16,-1.));
#5713=DIRECTION('',(0.,1.,0.));
#5714=DIRECTION('',(0.,0.,1.));
#5715=DIRECTION('',(0.,1.,0.));
#5716=DIRECTION('',(0.,1.,0.));
#5717=DIRECTION('',(-0.707106781186549,0.,0.707106781186547));
#5718=DIRECTION('',(0.707106781186547,0.,0.707106781186549));
#5719=DIRECTION('',(-0.707106781186549,0.,0.707106781186547));
#5720=DIRECTION('',(0.707106781186547,0.,0.707106781186549));
#5721=DIRECTION('',(0.,1.,0.));
#5722=DIRECTION('',(0.,1.,0.));
#5723=DIRECTION('',(0.,0.,1.));
#5724=DIRECTION('',(0.,1.,0.));
#5725=DIRECTION('',(0.,1.,0.));
#5726=DIRECTION('',(-1.,0.,0.));
#5727=DIRECTION('',(0.,0.,1.));
#5728=DIRECTION('',(0.,1.8154093380412E-16,1.));
#5729=DIRECTION('',(0.,1.,0.));
#5730=DIRECTION('',(0.,1.,0.));
#5731=DIRECTION('',(0.,0.,1.));
#5732=DIRECTION('',(0.,1.,0.));
#5733=DIRECTION('',(0.,1.,0.));
#5734=DIRECTION('',(-0.707106781186548,0.,0.707106781186548));
#5735=DIRECTION('',(0.707106781186548,0.,0.707106781186548));
#5736=DIRECTION('',(0.,1.,0.));
#5737=DIRECTION('',(0.,0.,1.));
#5738=DIRECTION('',(0.,1.,0.));
#5739=DIRECTION('',(0.,1.,0.));
#5740=DIRECTION('',(0.,1.,0.));
#5741=DIRECTION('',(0.,1.,0.));
#5742=DIRECTION('',(0.,0.,1.));
#5743=DIRECTION('',(0.,1.,0.));
#5744=DIRECTION('',(0.,1.,0.));
#5745=DIRECTION('',(0.,1.,0.));
#5746=DIRECTION('',(-1.,0.,0.));
#5747=DIRECTION('',(0.,0.,1.));
#5748=DIRECTION('',(0.,1.8154093380412E-16,1.));
#5749=DIRECTION('',(-0.707106781186548,0.,0.707106781186548));
#5750=DIRECTION('',(0.707106781186548,0.,0.707106781186548));
#5751=DIRECTION('',(-0.707106781186549,0.,0.707106781186546));
#5752=DIRECTION('',(0.707106781186546,0.,0.70710678118655));
#5753=DIRECTION('',(0.,1.,0.));
#5754=DIRECTION('',(0.,0.,1.));
#5755=DIRECTION('',(0.,1.,0.));
#5756=DIRECTION('',(0.,1.,0.));
#5757=DIRECTION('',(0.,1.,0.));
#5758=DIRECTION('',(0.,1.,0.));
#5759=DIRECTION('',(0.,0.,1.));
#5760=DIRECTION('',(0.,1.,0.));
#5761=DIRECTION('',(0.,1.,0.));
#5762=DIRECTION('',(-0.707106781186546,0.,0.707106781186549));
#5763=DIRECTION('',(0.707106781186549,0.,0.707106781186546));
#5764=DIRECTION('',(-0.707106781186548,0.,0.707106781186548));
#5765=DIRECTION('',(0.707106781186548,0.,0.707106781186548));
#5766=DIRECTION('',(-1.,0.,0.));
#5767=DIRECTION('',(0.,0.,1.));
#5768=DIRECTION('',(0.,1.8154093380412E-16,1.));
#5769=DIRECTION('',(0.,1.,0.));
#5770=DIRECTION('',(0.,0.,1.));
#5771=DIRECTION('',(0.,1.,0.));
#5772=DIRECTION('',(-0.707106781186548,0.,0.707106781186548));
#5773=DIRECTION('',(0.707106781186548,0.,0.707106781186548));
#5774=DIRECTION('',(-0.707106781186552,0.,0.707106781186544));
#5775=DIRECTION('',(0.707106781186544,0.,0.707106781186552));
#5776=DIRECTION('',(0.,1.,0.));
#5777=DIRECTION('',(0.,1.,0.));
#5778=DIRECTION('',(0.,0.,1.));
#5779=DIRECTION('',(1.,2.34910883819697E-64,3.15319592958119E-32));
#5780=DIRECTION('',(3.15319592958119E-32,0.,-1.));
#5781=DIRECTION('',(-1.93077565112303E-48,1.,6.12323399573677E-17));
#5782=DIRECTION('',(-3.15319592958119E-32,-6.12323399573677E-17,1.));
#5783=DIRECTION('',(-2.34910883819697E-64,-1.,-6.12323399573677E-17));
#5784=DIRECTION('',(0.,6.12323399573677E-17,-1.));
#5785=DIRECTION('',(-3.15319592958119E-32,-6.12323399573677E-17,1.));
#5786=DIRECTION('',(-2.34910883819697E-64,-1.,-6.12323399573677E-17));
#5787=DIRECTION('',(0.,6.12323399573677E-17,-1.));
#5788=DIRECTION('',(-1.,-2.34910883819697E-64,-3.15319592958119E-32));
#5789=DIRECTION('',(-3.15319592958119E-32,0.,1.));
#5790=DIRECTION('',(-1.,-2.34910883819697E-64,-3.15319592958119E-32));
#5791=DIRECTION('',(-3.15319592958119E-32,0.,1.));
#5792=DIRECTION('',(-1.,-2.34910883819697E-64,-3.15319592958119E-32));
#5793=DIRECTION('',(-3.15319592958119E-32,0.,1.));
#5794=DIRECTION('',(-3.15319592958119E-32,-6.12323399573677E-17,1.));
#5795=DIRECTION('',(1.93077565112303E-48,-1.,-6.12323399573677E-17));
#5796=DIRECTION('',(1.,2.34910883819697E-64,3.15319592958119E-32));
#5797=DIRECTION('',(3.15319592958119E-32,0.,-1.));
#5798=DIRECTION('',(1.,2.34910883819697E-64,3.15319592958119E-32));
#5799=DIRECTION('',(3.15319592958119E-32,0.,-1.));
#5800=DIRECTION('',(-3.15319592958119E-32,-6.12323399573677E-17,1.));
#5801=DIRECTION('',(-2.34910883819697E-64,-1.,-6.12323399573677E-17));
#5802=DIRECTION('',(0.,6.12323399573677E-17,-1.));
#5803=DIRECTION('',(-2.34910883819697E-64,-1.,-6.12323399573677E-17));
#5804=DIRECTION('',(0.,6.12323399573677E-17,-1.));
#5805=DIRECTION('',(-0.707106781186548,0.612372435695795,-0.353553390593274));
#5806=DIRECTION('',(-4.40285146187007E-17,0.5,0.866025403784439));
#5807=DIRECTION('',(-0.654653670707976,-0.755928946018455,-2.51367288169121E-15));
#5808=DIRECTION('',(0.707106781186548,-0.612372435695792,-0.353553390593278));
#5809=DIRECTION('',(4.40285146187011E-17,-0.5,0.866025403784436));
#5810=DIRECTION('',(0.654653670707978,0.377964473009225,0.654653670707978));
#5811=DIRECTION('',(0.654653670707978,0.377964473009225,0.654653670707978));
#5812=DIRECTION('',(0.707106781186548,0.612372435695795,0.353553390593274));
#5813=DIRECTION('',(-4.40285146187007E-17,0.5,-0.866025403784439));
#5814=DIRECTION('',(0.654653670707977,-0.755928946018454,-8.65090255796838E-16));
#5815=DIRECTION('',(-0.707106781186547,-0.612372435695795,0.353553390593274));
#5816=DIRECTION('',(4.40285146187007E-17,-0.5,-0.866025403784439));
#5817=DIRECTION('',(0.654653670707977,-0.377964473009227,0.654653670707977));
#5818=DIRECTION('',(0.654653670707977,-0.377964473009227,0.654653670707977));
#5819=DIRECTION('',(-1.,-9.37688365392869E-17,-3.72736445721923E-32));
#5820=DIRECTION('',(9.37688365392869E-17,-1.,0.));
#5821=DIRECTION('',(-1.,-9.37688365392869E-17,-3.72736445721923E-32));
#5822=DIRECTION('',(9.37688365392869E-17,-1.,0.));
#5823=DIRECTION('',(-1.,-9.37688365392869E-17,-3.72736445721923E-32));
#5824=DIRECTION('',(9.37688365392869E-17,-1.,0.));
#5825=DIRECTION('',(-1.,-9.37688365392869E-17,-3.72736445721923E-32));
#5826=DIRECTION('',(9.37688365392869E-17,-1.,0.));
#5827=DIRECTION('',(5.42965267192604E-32,-1.8154093380412E-16,-1.));
#5828=DIRECTION('',(5.42965267192604E-32,-1.8154093380412E-16,-1.));
#5829=DIRECTION('',(5.42965267192604E-32,-1.8154093380412E-16,-1.));
#5830=DIRECTION('',(5.42965267192604E-32,-1.8154093380412E-16,-1.));
#5831=DIRECTION('',(5.42965267192604E-32,-1.8154093380412E-16,-1.));
#5832=DIRECTION('',(5.42965267192604E-32,-1.8154093380412E-16,-1.));
#5833=DIRECTION('',(5.42965267192604E-32,-1.8154093380412E-16,-1.));
#5834=DIRECTION('',(5.42965267192604E-32,-1.8154093380412E-16,-1.));
#5835=DIRECTION('',(5.42965267192604E-32,-1.8154093380412E-16,-1.));
#5836=DIRECTION('',(5.42965267192604E-32,-1.8154093380412E-16,-1.));
#5837=DIRECTION('',(-1.,-8.80570292374014E-17,-3.69238972457123E-32));
#5838=DIRECTION('',(8.80570292374014E-17,-1.,3.25140869932449E-48));
#5839=DIRECTION('',(-1.,-8.80570292374014E-17,-3.69238972457123E-32));
#5840=DIRECTION('',(8.80570292374014E-17,-1.,3.25140869932449E-48));
#5841=DIRECTION('',(-1.,-8.80570292374014E-17,-3.69238972457123E-32));
#5842=DIRECTION('',(8.80570292374014E-17,-1.,3.25140869932449E-48));
#5843=DIRECTION('',(8.80570292374014E-17,-1.,1.8154093380412E-16));
#5844=DIRECTION('',(0.,-1.8154093380412E-16,-1.));
#5845=DIRECTION('',(8.80570292374014E-17,-1.,1.8154093380412E-16));
#5846=DIRECTION('',(0.,-1.8154093380412E-16,-1.));
#5847=DIRECTION('',(0.,1.8154093380412E-16,1.));
#5848=DIRECTION('',(0.,-1.,1.8154093380412E-16));
#5849=DIRECTION('',(0.,1.8154093380412E-16,1.));
#5850=DIRECTION('',(0.,-1.,1.8154093380412E-16));
#5851=DIRECTION('',(0.,1.8154093380412E-16,1.));
#5852=DIRECTION('',(0.,-1.,1.8154093380412E-16));
#5853=DIRECTION('',(0.,1.8154093380412E-16,1.));
#5854=DIRECTION('',(0.,-1.,1.8154093380412E-16));
#5855=DIRECTION('',(-1.,-8.80570292374014E-17,-3.69238972457123E-32));
#5856=DIRECTION('',(8.80570292374014E-17,-1.,0.));
#5857=DIRECTION('',(-1.,-8.80570292374014E-17,-3.69238972457123E-32));
#5858=DIRECTION('',(8.80570292374014E-17,-1.,0.));
#5859=DIRECTION('',(-1.,-9.37688365392869E-17,-3.72736445721923E-32));
#5860=DIRECTION('',(9.37688365392869E-17,-1.,0.));
#5861=DIRECTION('',(0.,-1.8154093380412E-16,-1.));
#5862=DIRECTION('',(0.,1.,-1.8154093380412E-16));
#5863=DIRECTION('',(0.,-1.8154093380412E-16,-1.));
#5864=DIRECTION('',(0.,1.,-1.8154093380412E-16));
#5865=DIRECTION('',(0.,-1.8154093380412E-16,-1.));
#5866=DIRECTION('',(0.,1.,-1.8154093380412E-16));
#5867=DIRECTION('',(0.,-1.8154093380412E-16,-1.));
#5868=DIRECTION('',(0.,1.,-1.8154093380412E-16));
#5869=DIRECTION('',(0.,6.12323399573677E-17,-1.));
#5870=DIRECTION('',(0.,1.,6.12323399573677E-17));
#5871=DIRECTION('',(2.21929280761148E-16,-1.,0.));
#5872=DIRECTION('',(1.,2.21929280761148E-16,0.));
#5873=DIRECTION('',(2.21929280761148E-16,-1.,0.));
#5874=DIRECTION('',(1.,2.21929280761148E-16,0.));
#5875=DIRECTION('',(0.,0.,-1.));
#5876=DIRECTION('',(1.,2.21929280761148E-16,0.));
#5877=DIRECTION('',(0.,0.,-1.));
#5878=DIRECTION('',(2.21929280761148E-16,-1.,0.));
#5879=DIRECTION('',(1.,2.21929280761148E-16,0.));
#5880=DIRECTION('',(1.5692769937006E-16,-0.707106781186547,0.707106781186548));
#5881=DIRECTION('',(0.,-0.707106781186548,-0.707106781186547));
#5882=DIRECTION('',(1.56927699370061E-16,-0.707106781186548,-0.707106781186547));
#5883=DIRECTION('',(1.,2.21929280761148E-16,0.));
#5884=DIRECTION('',(1.56927699370061E-16,-0.707106781186548,-0.707106781186547));
#5885=DIRECTION('',(-2.21929280761148E-16,1.,0.));
#5886=DIRECTION('',(-1.,-2.21929280761148E-16,0.));
#5887=DIRECTION('',(0.,0.,1.));
#5888=DIRECTION('',(1.,2.21929280761148E-16,4.51212084618726E-32));
#5889=DIRECTION('',(0.,0.,1.));
#5890=DIRECTION('',(-1.,-2.21929280761148E-16,0.));
#5891=DIRECTION('',(2.21929280761148E-16,-1.,0.));
#5892=DIRECTION('',(-2.21929280761148E-16,1.,6.12323399573677E-17));
#5893=DIRECTION('',(-1.,-2.21929280761148E-16,0.));
#5894=DIRECTION('',(2.21929280761148E-16,-1.,0.));
#5895=DIRECTION('',(-2.21929280761148E-16,1.,6.12323399573677E-17));
#5896=DIRECTION('',(3.15319592958119E-32,6.12323399573677E-17,-1.));
#5897=DIRECTION('',(0.,1.,6.12323399573677E-17));
#5898=DIRECTION('',(3.15319592958119E-32,6.12323399573677E-17,-1.));
#5899=DIRECTION('',(0.,1.,6.12323399573677E-17));
#5900=DIRECTION('',(3.15319592958119E-32,6.12323399573677E-17,-1.));
#5901=DIRECTION('',(0.,1.,6.12323399573677E-17));
#5902=DIRECTION('',(3.15319592958119E-32,6.12323399573677E-17,-1.));
#5903=DIRECTION('',(0.,1.,6.12323399573677E-17));
#5904=DIRECTION('',(3.15319592958119E-32,6.12323399573677E-17,-1.));
#5905=DIRECTION('',(0.,1.,6.12323399573677E-17));
#5906=DIRECTION('',(3.15319592958119E-32,6.12323399573677E-17,-1.));
#5907=DIRECTION('',(0.,1.,6.12323399573677E-17));
#5908=DIRECTION('',(3.15319592958119E-32,6.12323399573677E-17,-1.));
#5909=DIRECTION('',(0.,1.,6.12323399573677E-17));
#5910=DIRECTION('',(3.15319592958119E-32,6.12323399573677E-17,-1.));
#5911=DIRECTION('',(0.,1.,6.12323399573677E-17));
#5912=DIRECTION('',(3.15319592958119E-32,6.12323399573677E-17,-1.));
#5913=DIRECTION('',(0.,1.,6.12323399573677E-17));
#5914=DIRECTION('',(3.15319592958119E-32,6.12323399573677E-17,-1.));
#5915=DIRECTION('',(0.,1.,6.12323399573677E-17));
#5916=DIRECTION('',(3.15319592958119E-32,6.12323399573677E-17,-1.));
#5917=DIRECTION('',(0.,1.,6.12323399573677E-17));
#5918=DIRECTION('',(3.15319592958119E-32,6.12323399573677E-17,-1.));
#5919=DIRECTION('',(0.,1.,6.12323399573677E-17));
#5920=DIRECTION('',(3.15319592958119E-32,6.12323399573677E-17,-1.));
#5921=DIRECTION('',(0.,1.,6.12323399573677E-17));
#5922=DIRECTION('',(3.15319592958119E-32,6.12323399573677E-17,-1.));
#5923=DIRECTION('',(0.,1.,6.12323399573677E-17));
#5924=DIRECTION('',(3.15319592958119E-32,6.12323399573677E-17,-1.));
#5925=DIRECTION('',(0.,1.,6.12323399573677E-17));
#5926=DIRECTION('',(3.15319592958119E-32,6.12323399573677E-17,-1.));
#5927=DIRECTION('',(0.,1.,6.12323399573677E-17));
#5928=DIRECTION('',(-2.96044789871036E-32,-8.17879998103162E-17,1.));
#5929=DIRECTION('',(0.,-1.,-8.17879998103162E-17));
#5930=DIRECTION('',(-2.96044789871036E-32,-8.17879998103162E-17,1.));
#5931=DIRECTION('',(0.,-1.,-8.17879998103162E-17));
#5932=DIRECTION('',(4.49428101572811E-32,-8.17879998103162E-17,-1.));
#5933=DIRECTION('',(0.,1.,-8.17879998103162E-17));
#5934=DIRECTION('',(4.49428101572811E-32,-8.17879998103162E-17,-1.));
#5935=DIRECTION('',(0.,1.,-8.17879998103162E-17));
#5936=DIRECTION('',(-1.,-8.80570292374014E-17,-3.69238972457123E-32));
#5937=DIRECTION('',(8.80570292374014E-17,-1.,0.));
#5938=DIRECTION('',(1.,0.,0.));
#5939=DIRECTION('',(0.,0.,-1.));
#5940=DIRECTION('',(3.15319592958119E-32,6.12323399573677E-17,-1.));
#5941=DIRECTION('',(0.,1.,6.12323399573677E-17));
#5942=DIRECTION('',(0.,-1.,0.));
#5943=DIRECTION('',(0.,0.,-1.));
#5944=DIRECTION('',(9.37688365392869E-17,-1.,-6.12323399573677E-17));
#5945=DIRECTION('',(1.,9.37688365392869E-17,0.));
#5946=DIRECTION('',(0.,-1.,0.));
#5947=DIRECTION('',(0.,0.,-1.));
#5948=DIRECTION('',(3.15319592958119E-32,6.12323399573677E-17,-1.));
#5949=DIRECTION('',(0.,1.,6.12323399573677E-17));
#5950=DIRECTION('',(-0.986013297183269,-0.166666666666666,0.));
#5951=DIRECTION('',(0.166666666666666,-0.98601329718327,0.));
#5952=DIRECTION('',(3.15319592958119E-32,6.12323399573677E-17,-1.));
#5953=DIRECTION('',(0.,1.,6.12323399573677E-17));
#5954=DIRECTION('',(-0.166666666666666,-0.986013297183269,0.));
#5955=DIRECTION('',(0.98601329718327,-0.166666666666666,0.));
#5956=DIRECTION('',(3.15319592958119E-32,6.12323399573677E-17,-1.));
#5957=DIRECTION('',(0.,1.,6.12323399573677E-17));
#5958=DIRECTION('',(-1.,-1.21734980770302E-16,-3.89860770230427E-32));
#5959=DIRECTION('',(1.21734980770302E-16,-1.,0.));
#5960=DIRECTION('',(1.,1.21734980770302E-16,6.63990831793397E-17));
#5961=DIRECTION('',(-1.21734980770302E-16,1.,0.));
#5962=DIRECTION('',(-1.,0.,0.));
#5963=DIRECTION('',(0.,0.,1.));
#5964=DIRECTION('',(3.15319592958119E-32,6.12323399573677E-17,-1.));
#5965=DIRECTION('',(0.,1.,6.12323399573677E-17));
#5966=DIRECTION('',(-0.166666666666666,0.986013297183269,0.));
#5967=DIRECTION('',(-0.98601329718327,-0.166666666666666,0.));
#5968=DIRECTION('',(3.15319592958119E-32,6.12323399573677E-17,-1.));
#5969=DIRECTION('',(0.,1.,6.12323399573677E-17));
#5970=DIRECTION('',(-0.986013297183269,0.166666666666666,0.));
#5971=DIRECTION('',(-0.166666666666666,-0.98601329718327,0.));
#5972=DIRECTION('',(3.15319592958119E-32,6.12323399573677E-17,-1.));
#5973=DIRECTION('',(0.,1.,6.12323399573677E-17));
#5974=DIRECTION('',(0.,1.,0.));
#5975=DIRECTION('',(0.,0.,1.));
#5976=DIRECTION('',(-9.37688365392869E-17,1.,6.12323399573677E-17));
#5977=DIRECTION('',(-1.,-9.37688365392869E-17,0.));
#5978=DIRECTION('',(0.,1.,0.));
#5979=DIRECTION('',(0.,0.,1.));
#5980=DIRECTION('',(3.15319592958119E-32,6.12323399573677E-17,-1.));
#5981=DIRECTION('',(0.,1.,6.12323399573677E-17));
#5982=DIRECTION('',(0.986013297183269,0.166666666666666,0.));
#5983=DIRECTION('',(-0.166666666666666,0.98601329718327,0.));
#5984=DIRECTION('',(3.15319592958119E-32,6.12323399573677E-17,-1.));
#5985=DIRECTION('',(0.,1.,6.12323399573677E-17));
#5986=DIRECTION('',(0.166666666666669,0.986013297183269,0.));
#5987=DIRECTION('',(-0.986013297183269,0.166666666666669,0.));
#5988=DIRECTION('',(3.15319592958119E-32,6.12323399573677E-17,-1.));
#5989=DIRECTION('',(0.,1.,6.12323399573677E-17));
#5990=DIRECTION('',(1.,0.,0.));
#5991=DIRECTION('',(0.,0.,-1.));
#5992=DIRECTION('',(1.,1.21734980770302E-16,3.89860770230427E-32));
#5993=DIRECTION('',(-1.21734980770302E-16,1.,0.));
#5994=DIRECTION('',(1.,0.,0.));
#5995=DIRECTION('',(0.,0.,-1.));
#5996=DIRECTION('',(3.15319592958119E-32,6.12323399573677E-17,-1.));
#5997=DIRECTION('',(0.,1.,6.12323399573677E-17));
#5998=DIRECTION('',(0.166666666666666,-0.986013297183269,0.));
#5999=DIRECTION('',(0.98601329718327,0.166666666666666,0.));
#6000=DIRECTION('',(3.15319592958119E-32,6.12323399573677E-17,-1.));
#6001=DIRECTION('',(0.,1.,6.12323399573677E-17));
#6002=DIRECTION('',(0.986013297183269,-0.166666666666666,0.));
#6003=DIRECTION('',(0.166666666666666,0.98601329718327,0.));
#6004=DIRECTION('',(3.15319592958119E-32,6.12323399573677E-17,-1.));
#6005=DIRECTION('',(0.,1.,6.12323399573677E-17));
#6006=DIRECTION('',(0.,-1.,0.));
#6007=DIRECTION('',(0.,0.,-1.));
#6008=DIRECTION('',(9.37688365392869E-17,-1.,-6.12323399573677E-17));
#6009=DIRECTION('',(1.,9.37688365392869E-17,0.));
#6010=DIRECTION('',(0.,-1.,0.));
#6011=DIRECTION('',(0.,0.,-1.));
#6012=DIRECTION('',(3.15319592958119E-32,6.12323399573677E-17,-1.));
#6013=DIRECTION('',(0.,1.,6.12323399573677E-17));
#6014=DIRECTION('',(-1.,0.,0.));
#6015=DIRECTION('',(0.,0.,1.));
#6016=DIRECTION('',(1.,8.80570292374014E-17,3.69238972457123E-32));
#6017=DIRECTION('',(-8.80570292374014E-17,1.,0.));
#6018=DIRECTION('',(1.,1.21734980770302E-16,6.63990831793397E-17));
#6019=DIRECTION('',(-1.21734980770302E-16,1.,0.));
#6020=DIRECTION('',(6.63990831793397E-17,6.12323399573677E-17,-1.));
#6021=DIRECTION('',(1.21734980770302E-16,-1.,-6.12323399573677E-17));
#6022=DIRECTION('',(1.,1.21734980770302E-16,7.45411772723077E-33));
#6023=DIRECTION('',(1.,1.21734980770302E-16,0.));
#6024=DIRECTION('',(-1.21734980770302E-16,1.,0.));
#6025=DIRECTION('',(-7.45411772723077E-33,6.12323399573677E-17,-1.));
#6026=DIRECTION('',(1.21734980770302E-16,-1.,-6.12323399573677E-17));
#6027=DIRECTION('',(1.,1.21734980770302E-16,7.45411772723077E-33));
#6028=DIRECTION('',(2.48485712630418E-17,-0.707106781186547,0.707106781186548));
#6029=DIRECTION('',(1.,9.63735264431559E-17,6.12323399573677E-17));
#6030=DIRECTION('',(-1.,-8.80570292374014E-17,-3.69238972457123E-32));
#6031=DIRECTION('',(8.80570292374014E-17,-1.,0.));
#6032=DIRECTION('',(1.,8.80570292374014E-17,3.69238972457123E-32));
#6033=DIRECTION('',(-8.80570292374014E-17,1.,0.));
#6034=DIRECTION('',(2.21929280761148E-16,-1.,-6.12323399573677E-17));
#6035=DIRECTION('',(1.,2.21929280761148E-16,0.));
#6036=DIRECTION('',(0.707106781186548,-0.707106781186547,-4.32978028117746E-17));
#6037=DIRECTION('',(-0.707106781186547,-0.707106781186548,-4.32978028117747E-17));
#6038=DIRECTION('',(-2.21929280761148E-16,1.,6.12323399573677E-17));
#6039=DIRECTION('',(-1.,-2.21929280761148E-16,0.));
#6040=DIRECTION('',(0.707106781186547,0.707106781186548,4.32978028117747E-17));
#6041=DIRECTION('',(-0.707106781186548,0.707106781186547,4.32978028117746E-17));
#6042=DIRECTION('',(1.,2.21929280761148E-16,4.51212084618726E-32));
#6043=DIRECTION('',(-2.21929280761148E-16,1.,0.));
#6044=DIRECTION('',(1.93077565112303E-48,-1.,-6.12323399573677E-17));
#6045=DIRECTION('',(0.,6.12323399573677E-17,-1.));
#6046=DIRECTION('',(1.93077565112303E-48,-1.,-6.12323399573677E-17));
#6047=DIRECTION('',(0.,6.12323399573677E-17,-1.));
#6048=DIRECTION('',(-3.15319592958119E-32,-6.12323399573677E-17,1.));
#6049=DIRECTION('',(0.,-1.,-6.12323399573677E-17));
#6050=DIRECTION('',(0.,0.,-1.));
#6051=DIRECTION('',(-1.,0.,0.));
#6052=DIRECTION('',(3.15319592958119E-32,6.12323399573677E-17,-1.));
#6053=DIRECTION('',(0.,1.,6.12323399573677E-17));
#6054=DIRECTION('',(0.,0.,-1.));
#6055=DIRECTION('',(-1.,0.,0.));
#6056=DIRECTION('',(3.15319592958119E-32,6.12323399573677E-17,-1.));
#6057=DIRECTION('',(0.,1.,6.12323399573677E-17));
#6058=DIRECTION('',(0.,0.,-1.));
#6059=DIRECTION('',(-1.,0.,0.));
#6060=DIRECTION('',(-3.15319592958119E-32,-6.12323399573677E-17,1.));
#6061=DIRECTION('',(0.,-1.,-6.12323399573677E-17));
#6062=DIRECTION('',(0.,0.,-1.));
#6063=DIRECTION('',(-1.,0.,0.));
#6064=DIRECTION('',(0.707106781186548,1.05563525316683E-16,-0.707106781186548));
#6065=DIRECTION('',(8.80570292374014E-17,-1.,-6.12323399573677E-17));
#6066=DIRECTION('',(-0.707106781186548,0.,-0.707106781186548));
#6067=DIRECTION('',(0.,0.,-1.));
#6068=DIRECTION('',(-1.,0.,0.));
#6069=DIRECTION('',(0.,-0.707106781186548,-0.707106781186548));
#6070=DIRECTION('',(8.26016655452323E-17,-0.707106781186548,0.707106781186548));
#6071=DIRECTION('',(1.,1.16816395688674E-16,3.86849005492152E-32));
#6072=DIRECTION('',(0.,-0.707106781186548,-0.707106781186548));
#6073=DIRECTION('',(0.,0.,-1.));
#6074=DIRECTION('',(-1.,0.,0.));
#6075=DIRECTION('',(0.707106781186548,0.,-0.707106781186548));
#6076=DIRECTION('',(0.707106781186548,1.89679196931339E-17,0.707106781186548));
#6077=DIRECTION('',(-8.80570292374014E-17,1.,6.12323399573677E-17));
#6078=DIRECTION('',(0.70710678118655,0.,-0.707106781186546));
#6079=DIRECTION('',(0.,0.,-1.));
#6080=DIRECTION('',(-1.,0.,0.));
#6081=DIRECTION('',(0.,0.707106781186548,-0.707106781186548));
#6082=DIRECTION('',(8.26016655452323E-17,-0.707106781186548,-0.707106781186548));
#6083=DIRECTION('',(-1.,-1.16816395688674E-16,-3.86849005492152E-32));
#6084=DIRECTION('',(0.,0.707106781186548,-0.707106781186548));
#6085=DIRECTION('',(0.,0.,-1.));
#6086=DIRECTION('',(-1.,0.,0.));
#6087=DIRECTION('',(-0.707106781186548,0.,-0.707106781186548));
#6088=DIRECTION('',(0.707106781186548,1.05563525316683E-16,-0.707106781186548));
#6089=DIRECTION('',(8.80570292374014E-17,-1.,-6.12323399573677E-17));
#6090=DIRECTION('',(-0.707106781186548,-1.05563525316683E-16,0.707106781186548));
#6091=DIRECTION('',(-8.80570292374014E-17,1.,6.12323399573677E-17));
#6092=CARTESIAN_POINT('',(0.,0.,0.));
#6093=CARTESIAN_POINT('',(-6.93889390390723E-18,0.037,0.005598));
#6094=CARTESIAN_POINT('',(-0.021395,0.037,0.005598));
#6095=CARTESIAN_POINT('',(-0.021395,0.037,0.04832));
#6096=CARTESIAN_POINT('',(-0.021395,0.037,0.04932));
#6097=CARTESIAN_POINT('',(-6.93889390390723E-18,0.037,0.04832));
#6098=CARTESIAN_POINT('',(-0.017395,0.037,0.04832));
#6099=CARTESIAN_POINT('',(-0.017395,0.037,0.005598));
#6100=CARTESIAN_POINT('',(-0.017395,0.037,0.04132));
#6101=CARTESIAN_POINT('',(-0.01,0.037,0.04132));
#6102=CARTESIAN_POINT('',(-0.002605,0.037,0.04132));
#6103=CARTESIAN_POINT('',(-0.002605,0.037,0.005598));
#6104=CARTESIAN_POINT('',(-0.002605,0.037,0.04832));
#6105=CARTESIAN_POINT('',(-6.93889390390723E-18,0.037,0.04832));
#6106=CARTESIAN_POINT('',(0.00139499999999998,0.037,0.04832));
#6107=CARTESIAN_POINT('',(0.00139499999999998,0.037,0.02846));
#6108=CARTESIAN_POINT('',(0.00139499999999998,0.037,0.04932));
#6109=CARTESIAN_POINT('',(-6.93889390390723E-18,0.037,0.04932));
#6110=CARTESIAN_POINT('',(-6.93889390390723E-18,0.037,0.005598));
#6111=CARTESIAN_POINT('',(-0.023795,0.037,0.02846));
#6112=CARTESIAN_POINT('',(-0.023795,0.037,0.04932));
#6113=CARTESIAN_POINT('',(-0.023795,0.037,0.0056));
#6114=CARTESIAN_POINT('',(-6.93889390390723E-18,0.037,0.04932));
#6115=CARTESIAN_POINT('',(-0.0500839202169004,0.037,0.04932));
#6116=CARTESIAN_POINT('',(-0.0500839202169004,0.037,0.0056));
#6117=CARTESIAN_POINT('',(-0.0500839202169004,0.037,0.0056));
#6118=CARTESIAN_POINT('',(-6.93889390390723E-18,0.037,0.0056));
#6119=CARTESIAN_POINT('',(-6.69542394236662E-18,0.035,0.04932));
#6120=CARTESIAN_POINT('',(-0.023795,0.035,0.04932));
#6121=CARTESIAN_POINT('',(-0.023795,0.035,0.05132));
#6122=CARTESIAN_POINT('',(-4.26072432696058E-18,0.035,0.05132));
#6123=CARTESIAN_POINT('',(-0.0500839202169004,0.035,0.05132));
#6124=CARTESIAN_POINT('',(-0.0500839202169004,0.035,0.04932));
#6125=CARTESIAN_POINT('',(-6.69542394236662E-18,0.035,0.04932));
#6126=CARTESIAN_POINT('',(-0.021395,0.035,0.04932));
#6127=CARTESIAN_POINT('',(-0.021395,0.035,0.05132));
#6128=CARTESIAN_POINT('',(0.00139499999999998,0.035,0.04932));
#6129=CARTESIAN_POINT('',(0.00139499999999998,0.035,0.05132));
#6130=CARTESIAN_POINT('',(-4.26072432696058E-18,0.035,0.05132));
#6131=CARTESIAN_POINT('',(-0.017395,0.174944887588367,0.02216));
#6132=CARTESIAN_POINT('',(-0.017395,0.0394,0.05332));
#6133=CARTESIAN_POINT('',(-0.017395,0.0394,0.04832));
#6134=CARTESIAN_POINT('',(-0.017395,0.0394,0.04132));
#6135=CARTESIAN_POINT('',(-0.017395,0.218380064345341,0.04132));
#6136=CARTESIAN_POINT('',(-0.017395,0.174944887588367,0.04832));
#6137=CARTESIAN_POINT('',(-0.002605,0.174944887588367,0.02216));
#6138=CARTESIAN_POINT('',(-0.00260500000000004,0.218380064345341,0.04132));
#6139=CARTESIAN_POINT('',(-0.002605,0.0394,0.04132));
#6140=CARTESIAN_POINT('',(-0.002605,0.0394,0.05332));
#6141=CARTESIAN_POINT('',(-0.002605,0.0394,0.04832));
#6142=CARTESIAN_POINT('',(-0.002605,0.174944887588367,0.04832));
#6143=CARTESIAN_POINT('',(-6.30639185916239E-35,0.0394,0.05332));
#6144=CARTESIAN_POINT('',(-0.057,0.0394,0.05332));
#6145=CARTESIAN_POINT('',(-0.057,0.0394,0.0056));
#6146=CARTESIAN_POINT('',(-0.057,0.0394,0.05212));
#6147=CARTESIAN_POINT('',(-2.52255674366496E-35,0.0394,0.05212));
#6148=CARTESIAN_POINT('',(0.057,0.0394,0.05212));
#6149=CARTESIAN_POINT('',(0.057,0.0394,0.0056));
#6150=CARTESIAN_POINT('',(0.057,0.0394,0.0056));
#6151=CARTESIAN_POINT('',(1.44164117900452E-33,0.0394,0.0056));
#6152=CARTESIAN_POINT('',(0.00139499999999999,0.0394,0.0056));
#6153=CARTESIAN_POINT('',(0.00139499999999998,0.0394,0.05332));
#6154=CARTESIAN_POINT('',(0.00139499999999998,0.0394,0.04832));
#6155=CARTESIAN_POINT('',(-9.88286248586402E-35,0.0394,0.04832));
#6156=CARTESIAN_POINT('',(-6.30639185916239E-35,0.0394,0.04132));
#6157=CARTESIAN_POINT('',(-9.88286248586402E-35,0.0394,0.04832));
#6158=CARTESIAN_POINT('',(-0.021395,0.0394,0.04832));
#6159=CARTESIAN_POINT('',(-0.021395,0.0394,0.05332));
#6160=CARTESIAN_POINT('',(-0.021395,0.0394,0.0056));
#6161=CARTESIAN_POINT('',(1.44164117900452E-33,0.0394,0.0056));
#6162=CARTESIAN_POINT('',(0.205698747834503,0.00119999999999995,0.03138612181134));
#6163=CARTESIAN_POINT('',(-0.0594,0.00119999999999992,0.03138612181134));
#6164=CARTESIAN_POINT('',(-0.0594,0.00119999999999993,0.0431255877670905));
#6165=CARTESIAN_POINT('',(-0.0594,0.00119999999999993,0.0480732349893665));
#6166=CARTESIAN_POINT('',(-0.0578,0.00119999999999993,0.0480732349893665));
#6167=CARTESIAN_POINT('',(-0.0578,0.00119999999999993,0.0480732349893665));
#6168=CARTESIAN_POINT('',(-0.0578,0.00119999999999992,0.03138612181134));
#6169=CARTESIAN_POINT('',(-0.0578,0.00119999999999993,0.0439956471387161));
#6170=CARTESIAN_POINT('',(-0.0415691342134893,0.00119999999999992,0.0122416222819123));
#6171=CARTESIAN_POINT('',(0.205698747834503,0.00119999999999995,0.03138612181134));
#6172=CARTESIAN_POINT('',(-0.0594,0.00119999999999992,0.03138612181134));
#6173=CARTESIAN_POINT('',(-0.0594,0.00119999999999993,0.0350375674525315));
#6174=CARTESIAN_POINT('',(-0.0594,0.00119999999999993,0.0418119796854411));
#6175=CARTESIAN_POINT('',(-0.0415691342134896,0.00119999999999992,0.0122416222819128));
#6176=CARTESIAN_POINT('',(-0.0578,0.00119999999999993,0.0427195619676795));
#6177=CARTESIAN_POINT('',(-0.0578,0.00119999999999992,0.03138612181134));
#6178=CARTESIAN_POINT('',(-0.0578,0.00119999999999993,0.0359076268241571));
#6179=CARTESIAN_POINT('',(-0.0415691342134892,0.00119999999999992,0.00415360196735324));
#6180=CARTESIAN_POINT('',(0.205698747834503,0.00119999999999995,0.03138612181134));
#6181=CARTESIAN_POINT('',(-0.0594,0.00119999999999992,0.03138612181134));
#6182=CARTESIAN_POINT('',(-0.0594,0.00119999999999992,0.0269495471379725));
#6183=CARTESIAN_POINT('',(-0.0594,0.00119999999999993,0.0337239593708821));
#6184=CARTESIAN_POINT('',(-0.0415691342134899,0.00119999999999992,0.00415360196735409));
#6185=CARTESIAN_POINT('',(-0.0578,0.00119999999999993,0.0346315416531206));
#6186=CARTESIAN_POINT('',(-0.0578,0.00119999999999992,0.03138612181134));
#6187=CARTESIAN_POINT('',(-0.0578,0.00119999999999992,0.0278196065095981));
#6188=CARTESIAN_POINT('',(-0.0415691342134893,0.00119999999999992,-0.00393441834720561));
#6189=CARTESIAN_POINT('',(0.205698747834503,0.00119999999999995,0.03138612181134));
#6190=CARTESIAN_POINT('',(-0.0594,0.00119999999999992,0.03138612181134));
#6191=CARTESIAN_POINT('',(-0.0594,0.00119999999999992,0.0188615268234136));
#6192=CARTESIAN_POINT('',(-0.0594,0.00119999999999992,0.0256359390563232));
#6193=CARTESIAN_POINT('',(-0.0415691342134895,0.00119999999999992,-0.00393441834720519));
#6194=CARTESIAN_POINT('',(-0.0578,0.00119999999999992,0.0265435213385616));
#6195=CARTESIAN_POINT('',(-0.0578,0.00119999999999992,0.03138612181134));
#6196=CARTESIAN_POINT('',(-0.0578,0.00119999999999992,0.0197315861950392));
#6197=CARTESIAN_POINT('',(-0.0415691342134892,0.00119999999999992,-0.0120224386617647));
#6198=CARTESIAN_POINT('',(-0.0344,1.12789022482923E-17,0.0309));
#6199=CARTESIAN_POINT('',(-0.0594,9.07747651735724E-18,0.0309));
#6200=CARTESIAN_POINT('',(-0.0594,-0.0145442429761459,0.0431255877670905));
#6201=CARTESIAN_POINT('',(-0.0594,-0.0030574712643679,0.0496523830343657));
#6202=CARTESIAN_POINT('',(-0.0344,-0.00305747126436789,0.0496523830343656));
#6203=CARTESIAN_POINT('',(-0.057,-0.0030574712643679,0.0496523830343657));
#6204=CARTESIAN_POINT('',(-0.057,9.288813387527E-18,0.0309));
#6205=CARTESIAN_POINT('',(-0.057,-0.0160407235936604,0.0207169166461338));
#6206=CARTESIAN_POINT('',(-0.0344,-0.0160407235936604,0.0207169166461338));
#6207=CARTESIAN_POINT('',(-0.0594,-0.0160407235936604,0.0207169166461338));
#6208=CARTESIAN_POINT('',(-0.0594,9.07747651735724E-18,0.0309));
#6209=CARTESIAN_POINT('',(-0.0594,-0.0182562225660528,0.0256359390563232));
#6210=CARTESIAN_POINT('',(-0.0594,9.07747651735724E-18,0.0309));
#6211=CARTESIAN_POINT('',(-0.0594,-0.0185847766245629,0.0269495471379725));
#6212=CARTESIAN_POINT('',(-0.0594,9.07747651735724E-18,0.0309));
#6213=CARTESIAN_POINT('',(-0.0594,-0.0187889662693722,0.0337239593708821));
#6214=CARTESIAN_POINT('',(-0.0594,9.07747651735724E-18,0.0309));
#6215=CARTESIAN_POINT('',(-0.0594,-0.0185440161662934,0.0350375674525315));
#6216=CARTESIAN_POINT('',(-0.0594,9.07747651735724E-18,0.0309));
#6217=CARTESIAN_POINT('',(-0.0594,-0.0155540573274153,0.0418119796854411));
#6218=CARTESIAN_POINT('',(-0.0594,9.07747651735724E-18,0.0309));
#6219=CARTESIAN_POINT('',(0.205698747834503,-0.00120000000000005,0.03138612181134));
#6220=CARTESIAN_POINT('',(-0.0594,-0.00120000000000008,0.03138612181134));
#6221=CARTESIAN_POINT('',(-0.0594,-0.00120000000000009,0.0188615268234136));
#6222=CARTESIAN_POINT('',(-0.0594,-0.00120000000000008,0.0256359390563232));
#6223=CARTESIAN_POINT('',(-0.0415691342134892,-0.00120000000000008,-0.0120224386617647));
#6224=CARTESIAN_POINT('',(-0.0578,-0.00120000000000008,0.0197315861950392));
#6225=CARTESIAN_POINT('',(-0.0578,-0.00120000000000008,0.03138612181134));
#6226=CARTESIAN_POINT('',(-0.0578,-0.00120000000000008,0.0265435213385616));
#6227=CARTESIAN_POINT('',(-0.0415691342134895,-0.00120000000000008,-0.00393441834720519));
#6228=CARTESIAN_POINT('',(0.205698747834503,-0.00120000000000005,0.03138612181134));
#6229=CARTESIAN_POINT('',(-0.0594,-0.00120000000000008,0.03138612181134));
#6230=CARTESIAN_POINT('',(-0.0594,-0.00120000000000009,0.0269495471379725));
#6231=CARTESIAN_POINT('',(-0.0594,-0.00120000000000008,0.0337239593708821));
#6232=CARTESIAN_POINT('',(-0.0415691342134893,-0.00120000000000008,-0.00393441834720561));
#6233=CARTESIAN_POINT('',(-0.0578,-0.00120000000000008,0.0278196065095981));
#6234=CARTESIAN_POINT('',(-0.0578,-0.00120000000000008,0.03138612181134));
#6235=CARTESIAN_POINT('',(-0.0578,-0.00120000000000007,0.0346315416531206));
#6236=CARTESIAN_POINT('',(-0.0415691342134899,-0.00120000000000008,0.00415360196735409));
#6237=CARTESIAN_POINT('',(0.205698747834503,-0.00120000000000005,0.03138612181134));
#6238=CARTESIAN_POINT('',(-0.0594,-0.00120000000000008,0.03138612181134));
#6239=CARTESIAN_POINT('',(-0.0594,-0.00120000000000009,0.0350375674525315));
#6240=CARTESIAN_POINT('',(-0.0594,-0.00120000000000008,0.0418119796854411));
#6241=CARTESIAN_POINT('',(-0.0415691342134892,-0.00120000000000008,0.00415360196735324));
#6242=CARTESIAN_POINT('',(-0.0578,-0.00120000000000008,0.0359076268241571));
#6243=CARTESIAN_POINT('',(-0.0578,-0.00120000000000008,0.03138612181134));
#6244=CARTESIAN_POINT('',(-0.0578,-0.00120000000000007,0.0427195619676795));
#6245=CARTESIAN_POINT('',(-0.0415691342134896,-0.00120000000000008,0.0122416222819128));
#6246=CARTESIAN_POINT('',(0.205698747834503,-0.00120000000000005,0.03138612181134));
#6247=CARTESIAN_POINT('',(-0.0594,-0.00120000000000008,0.03138612181134));
#6248=CARTESIAN_POINT('',(-0.0594,-0.00120000000000009,0.0431255877670905));
#6249=CARTESIAN_POINT('',(-0.0594,-0.00120000000000007,0.0480732349893664));
#6250=CARTESIAN_POINT('',(-0.0415691342134893,-0.00120000000000008,0.0122416222819123));
#6251=CARTESIAN_POINT('',(-0.0578,-0.00120000000000007,0.0439956471387161));
#6252=CARTESIAN_POINT('',(-0.0578,-0.00120000000000008,0.03138612181134));
#6253=CARTESIAN_POINT('',(-0.0578,-0.00120000000000007,0.0480732349893664));
#6254=CARTESIAN_POINT('',(0.205698747834503,-0.00120000000000005,0.0480732349893664));
#6255=CARTESIAN_POINT('',(-0.0594,-0.0257749160166249,0.018204722782589));
#6256=CARTESIAN_POINT('',(-0.0594,-0.0257749160166249,0.0188615268234136));
#6257=CARTESIAN_POINT('',(-0.0594,0.00279999999999992,0.0188615268234136));
#6258=CARTESIAN_POINT('',(-0.0594,0.0136659329156135,0.0188615268234136));
#6259=CARTESIAN_POINT('',(-0.0594,0.00279999999999992,0.0175479187417642));
#6260=CARTESIAN_POINT('',(-0.0594,0.00279999999999992,0.0175479187417642));
#6261=CARTESIAN_POINT('',(-0.0594,-0.0257749160166249,0.0175479187417642));
#6262=CARTESIAN_POINT('',(-0.0594,0.0119845912435252,0.0175479187417642));
#6263=CARTESIAN_POINT('',(-0.0594,0.0110203617968302,0.0167945801344069));
#6264=CARTESIAN_POINT('',(-0.0594,-0.0257749160166249,0.0262927430971478));
#6265=CARTESIAN_POINT('',(-0.0594,-0.0257749160166249,0.0269495471379725));
#6266=CARTESIAN_POINT('',(-0.0594,0.00279999999999992,0.0269495471379725));
#6267=CARTESIAN_POINT('',(-0.0594,0.0185847766245629,0.0269495471379725));
#6268=CARTESIAN_POINT('',(-0.0594,0.00279999999999992,0.0256359390563232));
#6269=CARTESIAN_POINT('',(-0.0594,0.00279999999999992,0.0256359390563232));
#6270=CARTESIAN_POINT('',(-0.0594,-0.0257749160166249,0.0256359390563232));
#6271=CARTESIAN_POINT('',(-0.0594,0.0182562225660528,0.0256359390563232));
#6272=CARTESIAN_POINT('',(-0.0594,9.07747651735724E-18,0.0309));
#6273=CARTESIAN_POINT('',(-0.0594,-0.0257749160166249,0.0343807634117068));
#6274=CARTESIAN_POINT('',(-0.0594,-0.0257749160166249,0.0350375674525315));
#6275=CARTESIAN_POINT('',(-0.0594,0.00279999999999992,0.0350375674525315));
#6276=CARTESIAN_POINT('',(-0.0594,0.0185440161662934,0.0350375674525315));
#6277=CARTESIAN_POINT('',(-0.0594,0.00279999999999992,0.0337239593708821));
#6278=CARTESIAN_POINT('',(-0.0594,0.00279999999999992,0.0337239593708821));
#6279=CARTESIAN_POINT('',(-0.0594,-0.0257749160166249,0.0337239593708821));
#6280=CARTESIAN_POINT('',(-0.0594,0.0187889662693723,0.0337239593708821));
#6281=CARTESIAN_POINT('',(-0.0594,9.07747651735724E-18,0.0309));
#6282=CARTESIAN_POINT('',(-0.0594,-0.0257749160166249,0.0424687837262658));
#6283=CARTESIAN_POINT('',(-0.0594,-0.0257749160166249,0.0431255877670905));
#6284=CARTESIAN_POINT('',(-0.0594,0.00279999999999993,0.0431255877670905));
#6285=CARTESIAN_POINT('',(-0.0594,0.0145442429761459,0.0431255877670905));
#6286=CARTESIAN_POINT('',(-0.0594,0.00279999999999992,0.0418119796854411));
#6287=CARTESIAN_POINT('',(-0.0594,0.00279999999999992,0.0418119796854411));
#6288=CARTESIAN_POINT('',(-0.0594,-0.0257749160166249,0.0418119796854411));
#6289=CARTESIAN_POINT('',(-0.0594,0.0155540573274153,0.0418119796854411));
#6290=CARTESIAN_POINT('',(-0.0594,9.07747651735724E-18,0.0309));
#6291=CARTESIAN_POINT('',(-0.0344,1.12789022482923E-17,0.0309));
#6292=CARTESIAN_POINT('',(-0.057,9.288813387527E-18,0.0309));
#6293=CARTESIAN_POINT('',(-0.057,0.00305747126436773,0.0496523830343657));
#6294=CARTESIAN_POINT('',(-0.057,0.0160407235936604,0.0207169166461338));
#6295=CARTESIAN_POINT('',(-0.0344,0.00305747126436774,0.0496523830343657));
#6296=CARTESIAN_POINT('',(-0.0594,0.00305747126436773,0.0496523830343657));
#6297=CARTESIAN_POINT('',(-0.0594,9.07747651735724E-18,0.0309));
#6298=CARTESIAN_POINT('',(-0.0594,9.07747651735724E-18,0.0309));
#6299=CARTESIAN_POINT('',(-0.0594,9.07747651735724E-18,0.0309));
#6300=CARTESIAN_POINT('',(-0.0594,9.07747651735724E-18,0.0309));
#6301=CARTESIAN_POINT('',(-0.0594,0.0160407235936604,0.0207169166461338));
#6302=CARTESIAN_POINT('',(-0.0344,0.0160407235936604,0.0207169166461338));
#6303=CARTESIAN_POINT('',(-1.61822015106106E-33,-3.14244368661211E-18,0.05132));
#6304=CARTESIAN_POINT('',(0.0015,-2.80954976547039E-18,0.05132));
#6305=CARTESIAN_POINT('',(0.00149999999999999,0.022,0.05132));
#6306=CARTESIAN_POINT('',(0.00149999999999998,0.034,0.05132));
#6307=CARTESIAN_POINT('',(-0.0175,0.034,0.05132));
#6308=CARTESIAN_POINT('',(-0.0215,0.034,0.05132));
#6309=CARTESIAN_POINT('',(-0.0215,0.026,0.05132));
#6310=CARTESIAN_POINT('',(-0.0215,0.022,0.05132));
#6311=CARTESIAN_POINT('',(-4.88244417674525E-18,0.022,0.05132));
#6312=CARTESIAN_POINT('',(2.18381432508755E-18,-0.0248,0.05132));
#6313=CARTESIAN_POINT('',(-0.055,-0.0248,0.05132));
#6314=CARTESIAN_POINT('',(-0.0386,-0.0248,0.05132));
#6315=CARTESIAN_POINT('',(-0.0386,-3.14244368661211E-18,0.05132));
#6316=CARTESIAN_POINT('',(-0.0386,-0.018,0.05132));
#6317=CARTESIAN_POINT('',(-0.0438,-0.018,0.05132));
#6318=CARTESIAN_POINT('',(-0.045,-0.018,0.05132));
#6319=CARTESIAN_POINT('',(-0.045,-0.0192,0.05132));
#6320=CARTESIAN_POINT('',(-0.045,-0.0188,0.05132));
#6321=CARTESIAN_POINT('',(-0.057,-0.0188,0.05132));
#6322=CARTESIAN_POINT('',(-0.057,-0.0188,0.05132));
#6323=CARTESIAN_POINT('',(-0.057,-1.38777878078145E-17,0.05132));
#6324=CARTESIAN_POINT('',(-0.057,0.0188,0.05132));
#6325=CARTESIAN_POINT('',(-1.65547214966315E-18,0.0188,0.05132));
#6326=CARTESIAN_POINT('',(-0.045,0.0188,0.05132));
#6327=CARTESIAN_POINT('',(-0.045,0.0192,0.05132));
#6328=CARTESIAN_POINT('',(-0.045,0.018,0.05132));
#6329=CARTESIAN_POINT('',(-0.0438,0.018,0.05132));
#6330=CARTESIAN_POINT('',(-0.0386,0.018,0.05132));
#6331=CARTESIAN_POINT('',(-0.0386,0.0248,0.05132));
#6332=CARTESIAN_POINT('',(-0.0386,0.0248,0.05132));
#6333=CARTESIAN_POINT('',(-0.055,0.0248,0.05132));
#6334=CARTESIAN_POINT('',(-0.055,0.0248,0.05132));
#6335=CARTESIAN_POINT('',(-0.055,-8.29972969627289E-18,0.05132));
#6336=CARTESIAN_POINT('',(-0.055,0.0300839202169004,0.05132));
#6337=CARTESIAN_POINT('',(-0.056,0.036,0.05132));
#6338=CARTESIAN_POINT('',(-6.69542394236662E-18,0.035,0.05132));
#6339=CARTESIAN_POINT('',(-6.69542394236662E-18,0.035,0.05132));
#6340=CARTESIAN_POINT('',(0.003795,0.035,0.05132));
#6341=CARTESIAN_POINT('',(-4.26072432696058E-18,0.035,0.05132));
#6342=CARTESIAN_POINT('',(0.0500839202169004,0.035,0.05132));
#6343=CARTESIAN_POINT('',(0.056,0.036,0.05132));
#6344=CARTESIAN_POINT('',(0.055,0.0300839202169004,0.05132));
#6345=CARTESIAN_POINT('',(0.055,-0.0300839202169004,0.05132));
#6346=CARTESIAN_POINT('',(0.055,-0.0300839202169004,0.05132));
#6347=CARTESIAN_POINT('',(0.056,-0.036,0.05132));
#6348=CARTESIAN_POINT('',(0.0500839202169004,-0.035,0.05132));
#6349=CARTESIAN_POINT('',(-0.0500839202169004,-0.035,0.05132));
#6350=CARTESIAN_POINT('',(-0.0500839202169004,-0.035,0.05132));
#6351=CARTESIAN_POINT('',(-0.056,-0.036,0.05132));
#6352=CARTESIAN_POINT('',(-0.055,-0.0300839202169004,0.05132));
#6353=CARTESIAN_POINT('',(-0.055,-8.29972969627289E-18,0.05132));
#6354=CARTESIAN_POINT('',(-0.0594,-1.40002524877292E-17,0.05332));
#6355=CARTESIAN_POINT('',(-0.0594,0.00279999999999992,0.0480732349893665));
#6356=CARTESIAN_POINT('',(-0.0594,-0.0257749160166249,0.0431255877670905));
#6357=CARTESIAN_POINT('',(-0.0594,-0.00280000000000007,0.0480732349893664));
#6358=CARTESIAN_POINT('',(-0.0594,-0.0257749160166249,0.0431255877670905));
#6359=CARTESIAN_POINT('',(-0.0594,-0.0159431883361837,0.0431255877670905));
#6360=CARTESIAN_POINT('',(-0.0594,-0.0114719498487979,0.05087));
#6361=CARTESIAN_POINT('',(-0.0594,-0.0120319796099118,0.0499));
#6362=CARTESIAN_POINT('',(-0.0594,-0.0257749160166249,0.0499));
#6363=CARTESIAN_POINT('',(-0.0594,0.0120319796099118,0.0499));
#6364=CARTESIAN_POINT('',(-0.0594,0.017251226043386,0.04086));
#6365=CARTESIAN_POINT('',(-0.0594,0.0159431883361837,0.0431255877670905));
#6366=CARTESIAN_POINT('',(-0.0594,-0.0257749160166249,0.0431255877670905));
#6367=CARTESIAN_POINT('',(-0.0594,-1.40002524877292E-17,0.05332));
#6368=CARTESIAN_POINT('',(-0.0594,-0.0114719498487979,0.05087));
#6369=CARTESIAN_POINT('',(-0.0594,-0.0167016003157336,0.0418119796854411));
#6370=CARTESIAN_POINT('',(-0.0594,-0.0206128090420055,0.0350375674525315));
#6371=CARTESIAN_POINT('',(-0.0594,-0.0257749160166249,0.0418119796854411));
#6372=CARTESIAN_POINT('',(-0.0594,-0.0257749160166249,0.0350375674525315));
#6373=CARTESIAN_POINT('',(-0.0594,-1.40002524877292E-17,0.05332));
#6374=CARTESIAN_POINT('',(-0.0594,-0.0257749160166249,0.0418119796854411));
#6375=CARTESIAN_POINT('',(-0.0594,0.0167016003157336,0.0418119796854411));
#6376=CARTESIAN_POINT('',(-0.0594,0.017251226043386,0.04086));
#6377=CARTESIAN_POINT('',(-0.0594,0.0206128090420054,0.0350375674525315));
#6378=CARTESIAN_POINT('',(-0.0594,-0.0257749160166249,0.0350375674525315));
#6379=CARTESIAN_POINT('',(-0.0594,-1.40002524877292E-17,0.05332));
#6380=CARTESIAN_POINT('',(-0.0594,-0.0114719498487979,0.05087));
#6381=CARTESIAN_POINT('',(-0.0594,-0.0213712210215554,0.0337239593708821));
#6382=CARTESIAN_POINT('',(-0.0594,-0.0230016347245147,0.0309));
#6383=CARTESIAN_POINT('',(-0.0594,-0.0257749160166249,0.0337239593708821));
#6384=CARTESIAN_POINT('',(-0.0594,-0.0257749160166249,0.0269495471379725));
#6385=CARTESIAN_POINT('',(-0.0594,-0.0207208397012023,0.0269495471379725));
#6386=CARTESIAN_POINT('',(-0.0594,-0.017251226043386,0.02094));
#6387=CARTESIAN_POINT('',(-0.0594,-1.40002524877292E-17,0.05332));
#6388=CARTESIAN_POINT('',(-0.0594,-0.0257749160166249,0.0337239593708821));
#6389=CARTESIAN_POINT('',(-0.0594,0.0213712210215554,0.0337239593708821));
#6390=CARTESIAN_POINT('',(-0.0594,0.017251226043386,0.04086));
#6391=CARTESIAN_POINT('',(-0.0594,0.0230016347245146,0.0309));
#6392=CARTESIAN_POINT('',(-0.0594,0.017251226043386,0.02094));
#6393=CARTESIAN_POINT('',(-0.0594,0.0207208397012023,0.0269495471379725));
#6394=CARTESIAN_POINT('',(-0.0594,-0.0257749160166249,0.0269495471379725));
#6395=CARTESIAN_POINT('',(-0.0594,-1.40002524877292E-17,0.05332));
#6396=CARTESIAN_POINT('',(-0.0594,-0.017251226043386,0.02094));
#6397=CARTESIAN_POINT('',(-0.0594,-0.0160512189953805,0.0188615268234136));
#6398=CARTESIAN_POINT('',(-0.0594,-0.0199624277216523,0.0256359390563232));
#6399=CARTESIAN_POINT('',(-0.0594,-0.0257749160166249,0.0256359390563232));
#6400=CARTESIAN_POINT('',(-0.0594,-0.0110203617968302,0.0167945801344069));
#6401=CARTESIAN_POINT('',(-0.0594,-0.0136659329156135,0.0188615268234136));
#6402=CARTESIAN_POINT('',(-0.0594,-0.0257749160166249,0.0188615268234136));
#6403=CARTESIAN_POINT('',(-0.0594,-1.40002524877292E-17,0.05332));
#6404=CARTESIAN_POINT('',(-0.0594,-0.0257749160166249,0.0256359390563232));
#6405=CARTESIAN_POINT('',(-0.0594,0.0199624277216523,0.0256359390563232));
#6406=CARTESIAN_POINT('',(-0.0594,0.017251226043386,0.02094));
#6407=CARTESIAN_POINT('',(-0.0594,0.0160512189953805,0.0188615268234136));
#6408=CARTESIAN_POINT('',(-0.0594,-0.0257749160166249,0.0188615268234136));
#6409=CARTESIAN_POINT('',(-0.0594,0.0110203617968302,0.0167945801344069));
#6410=CARTESIAN_POINT('',(-0.0674,0.017251226043386,0.02094));
#6411=CARTESIAN_POINT('',(-0.0718663089309245,0.019185194541051,0.0242897316981933));
#6412=CARTESIAN_POINT('',(-0.066785786437627,0.0221184355701803,0.0293702541914911));
#6413=CARTESIAN_POINT('',(-0.0674,0.0217638192046043,0.0287560406291179));
#6414=CARTESIAN_POINT('',(-0.0415691342134892,0.00755959462051323,0.00415360196735324));
#6415=CARTESIAN_POINT('',(-0.0651570398234722,0.0230016347245146,0.0309));
#6416=CARTESIAN_POINT('',(-0.0674,0.0230016347245146,0.0309));
#6417=CARTESIAN_POINT('',(-0.0674,0.0230016347245146,0.0309));
#6418=CARTESIAN_POINT('',(-0.0674,0.017251226043386,0.02094));
#6419=CARTESIAN_POINT('',(-0.0674,0.017251226043386,0.02094));
#6420=CARTESIAN_POINT('',(-0.0415691342134895,0.00288997391469177,-0.00393441834720519));
#6421=CARTESIAN_POINT('',(-0.0659857864376271,0.016986934649007,0.0204822338769322));
#6422=CARTESIAN_POINT('',(-0.0663302973226051,0.0167880311968259,0.0201377229919538));
#6423=CARTESIAN_POINT('',(-0.0674,0.0161704380680791,0.0190680203145589));
#6424=CARTESIAN_POINT('',(-0.0674,0.017251226043386,0.02094));
#6425=CARTESIAN_POINT('',(-0.0674,0.0124245777929608,0.01258));
#6426=CARTESIAN_POINT('',(-0.0626228571428572,0.0151826625074895,0.0173571428571428));
#6427=CARTESIAN_POINT('',(-0.0667857864376271,0.0127791941585367,0.0131942135623729));
#6428=CARTESIAN_POINT('',(-0.0415691342134892,-0.00177964679113032,-0.0120224386617647));
#6429=CARTESIAN_POINT('',(-0.0674,0.017251226043386,0.02094));
#6430=CARTESIAN_POINT('',(-0.0415691342134899,0.00755959462051372,0.00415360196735409));
#6431=CARTESIAN_POINT('',(-0.065985786437627,0.0216565553548286,0.0285702541914911));
#6432=CARTESIAN_POINT('',(-0.0634089145225542,0.0230016347245146,0.0309));
#6433=CARTESIAN_POINT('',(-0.0709520232166388,0.0187892972136067,0.0236040174124791));
#6434=CARTESIAN_POINT('',(-0.0674,0.0208400587739009,0.0271560406291179));
#6435=CARTESIAN_POINT('',(-0.0674,0.017251226043386,0.02094));
#6436=CARTESIAN_POINT('',(-0.0674,0.0170941984987826,0.020668020314559));
#6437=CARTESIAN_POINT('',(-0.0672445830368909,0.0171839285242702,0.0208234372776681));
#6438=CARTESIAN_POINT('',(-0.0667857864376271,0.0174488148643584,0.0212822338769319));
#6439=CARTESIAN_POINT('',(-0.0415691342134893,0.00288997391469153,-0.00393441834720561));
#6440=CARTESIAN_POINT('',(-0.0674,0.0230016347245146,0.0309));
#6441=CARTESIAN_POINT('',(-0.0674,0.017251226043386,0.02094));
#6442=CARTESIAN_POINT('',(-0.0415691342134896,-0.00177964679112993,-0.012022438661764));
#6443=CARTESIAN_POINT('',(-0.0659857864376271,0.0123173139431852,0.0123942135623733));
#6444=CARTESIAN_POINT('',(-0.0594,0.0152928070158305,0.0175479187417642));
#6445=CARTESIAN_POINT('',(-0.0617085714285715,0.0147867651800452,0.0166714285714286));
#6446=CARTESIAN_POINT('',(-0.0674,0.0115008173622574,0.01098));
#6447=CARTESIAN_POINT('',(-0.0674,0.0115008173622574,0.01098));
#6448=CARTESIAN_POINT('',(-0.0594,0.0115008173622574,0.01098));
#6449=CARTESIAN_POINT('',(-0.0594,0.017251226043386,0.02094));
#6450=CARTESIAN_POINT('',(-0.0674,0.017251226043386,0.04086));
#6451=CARTESIAN_POINT('',(-0.0697269035761347,0.0162436472388413,0.0426051776821011));
#6452=CARTESIAN_POINT('',(-0.0667857864376271,0.0145455924672054,0.0455462948206091));
#6453=CARTESIAN_POINT('',(-0.0674,0.0149002088327816,0.0449320812582358));
#6454=CARTESIAN_POINT('',(-0.0415691342134891,0.0291044334168728,0.0203296425964709));
#6455=CARTESIAN_POINT('',(-0.0598991405612952,0.0114430823353384,0.05092));
#6456=CARTESIAN_POINT('',(-0.0674,0.0114430823353384,0.05092));
#6457=CARTESIAN_POINT('',(-0.0674,0.0114430823353384,0.05092));
#6458=CARTESIAN_POINT('',(-0.0674,0.017251226043386,0.04086));
#6459=CARTESIAN_POINT('',(-0.0674,0.017251226043386,0.04086));
#6460=CARTESIAN_POINT('',(-0.0415691342134896,0.0337740541226941,0.0122416222819128));
#6461=CARTESIAN_POINT('',(-0.0659857864376271,0.0196770933883789,0.0366582745060501));
#6462=CARTESIAN_POINT('',(-0.0641908919678153,0.0186408105830663,0.0384531689758615));
#6463=CARTESIAN_POINT('',(-0.0674,0.0204935899693067,0.0352440609436768));
#6464=CARTESIAN_POINT('',(-0.0674,0.017251226043386,0.04086));
#6465=CARTESIAN_POINT('',(-0.0415691342134892,0.0384436748285163,0.00415360196735324));
#6466=CARTESIAN_POINT('',(-0.0674,0.017251226043386,0.04086));
#6467=CARTESIAN_POINT('',(-0.0415691342134899,0.0384436748285158,0.00415360196735409));
#6468=CARTESIAN_POINT('',(-0.0674,-2.43917970987602E-18,0.05092));
#6469=CARTESIAN_POINT('',(-0.0598991405612952,-0.0257749160166249,0.05092));
#6470=CARTESIAN_POINT('',(-0.0598991405612952,-0.0114430823353384,0.05092));
#6471=CARTESIAN_POINT('',(-0.0674,-0.0114430823353384,0.05092));
#6472=CARTESIAN_POINT('',(-0.0674,-0.0114430823353384,0.05092));
#6473=CARTESIAN_POINT('',(-0.0674,-2.43917970987602E-18,0.05092));
#6474=CARTESIAN_POINT('',(-0.0674,-0.0114719498487979,0.05087));
#6475=CARTESIAN_POINT('',(-0.0415691342134891,-0.0291044334168729,0.0203296425964709));
#6476=CARTESIAN_POINT('',(-0.0667857864376271,-0.0145455924672054,0.0455462948206091));
#6477=CARTESIAN_POINT('',(-0.0640069035761347,-0.0129412036990766,0.0483251776821011));
#6478=CARTESIAN_POINT('',(-0.0674,-0.0149002088327816,0.0449320812582358));
#6479=CARTESIAN_POINT('',(-0.0674,-0.0114719498487979,0.05087));
#6480=CARTESIAN_POINT('',(-0.0674,-0.0114719498487979,0.05087));
#6481=CARTESIAN_POINT('',(-0.0584708919678153,-0.0153383670433017,0.0441731689758614));
#6482=CARTESIAN_POINT('',(-0.0659857864376271,-0.019677093388379,0.0366582745060501));
#6483=CARTESIAN_POINT('',(-0.0674,-0.0204935899693068,0.0352440609436768));
#6484=CARTESIAN_POINT('',(-0.0415691342134896,-0.0337740541226942,0.0122416222819128));
#6485=CARTESIAN_POINT('',(-0.0415691342134892,-0.0384436748285163,0.00415360196735324));
#6486=CARTESIAN_POINT('',(-0.0651570398234724,-0.0230016347245147,0.0309));
#6487=CARTESIAN_POINT('',(-0.0674,-0.0230016347245147,0.0309));
#6488=CARTESIAN_POINT('',(-0.0674,-0.0230016347245147,0.0309));
#6489=CARTESIAN_POINT('',(-0.0674,-0.0114719498487979,0.05087));
#6490=CARTESIAN_POINT('',(-0.0674,-0.0114719498487979,0.05087));
#6491=CARTESIAN_POINT('',(-0.0674,-0.0230016347245147,0.0309));
#6492=CARTESIAN_POINT('',(-0.0634089145225543,-0.0230016347245147,0.0309));
#6493=CARTESIAN_POINT('',(-0.0415691342134899,-0.0384436748285159,0.00415360196735409));
#6494=CARTESIAN_POINT('',(-0.0674,-0.017251226043386,0.02094));
#6495=CARTESIAN_POINT('',(-0.0415691342134892,-0.0075595946205132,0.00415360196735324));
#6496=CARTESIAN_POINT('',(-0.066785786437627,-0.0221184355701803,0.0293702541914911));
#6497=CARTESIAN_POINT('',(-0.0718663089309245,-0.019185194541051,0.0242897316981933));
#6498=CARTESIAN_POINT('',(-0.0674,-0.0217638192046043,0.0287560406291179));
#6499=CARTESIAN_POINT('',(-0.0674,-0.017251226043386,0.02094));
#6500=CARTESIAN_POINT('',(-0.0674,-0.017251226043386,0.02094));
#6501=CARTESIAN_POINT('',(-0.0674,-0.017251226043386,0.02094));
#6502=CARTESIAN_POINT('',(-0.0674,-0.0124245777929608,0.01258));
#6503=CARTESIAN_POINT('',(-0.0674,-0.0161704380680791,0.0190680203145589));
#6504=CARTESIAN_POINT('',(-0.0663302973226051,-0.0167880311968259,0.0201377229919538));
#6505=CARTESIAN_POINT('',(-0.0659857864376271,-0.016986934649007,0.0204822338769322));
#6506=CARTESIAN_POINT('',(-0.0415691342134895,-0.00288997391469172,-0.00393441834720519));
#6507=CARTESIAN_POINT('',(-0.0415691342134892,0.00177964679113037,-0.0120224386617647));
#6508=CARTESIAN_POINT('',(-0.066785786437627,-0.0127791941585368,0.0131942135623732));
#6509=CARTESIAN_POINT('',(-0.0626228571428572,-0.0151826625074895,0.0173571428571428));
#6510=CARTESIAN_POINT('',(-0.0674,-0.017251226043386,0.02094));
#6511=CARTESIAN_POINT('',(-0.0415691342134899,-0.0075595946205137,0.00415360196735409));
#6512=CARTESIAN_POINT('',(-0.0659857864376271,-0.0216565553548285,0.0285702541914908));
#6513=CARTESIAN_POINT('',(-0.0415691342134893,-0.00288997391469148,-0.00393441834720561));
#6514=CARTESIAN_POINT('',(-0.066785786437627,-0.0174488148643586,0.0212822338769321));
#6515=CARTESIAN_POINT('',(-0.0672445830368909,-0.0171839285242702,0.0208234372776681));
#6516=CARTESIAN_POINT('',(-0.0674,-0.0170941984987826,0.020668020314559));
#6517=CARTESIAN_POINT('',(-0.0674,-0.017251226043386,0.02094));
#6518=CARTESIAN_POINT('',(-0.0674,-0.0208400587739009,0.0271560406291179));
#6519=CARTESIAN_POINT('',(-0.0709520232166388,-0.0187892972136067,0.0236040174124791));
#6520=CARTESIAN_POINT('',(-0.0674,-0.017251226043386,0.02094));
#6521=CARTESIAN_POINT('',(-0.0674,-0.0115008173622573,0.01098));
#6522=CARTESIAN_POINT('',(-0.0674,-0.0115008173622573,0.01098));
#6523=CARTESIAN_POINT('',(-0.0594,-0.0115008173622573,0.01098));
#6524=CARTESIAN_POINT('',(-0.0617085714285715,-0.0147867651800452,0.0166714285714286));
#6525=CARTESIAN_POINT('',(-0.0659857864376271,-0.0123173139431852,0.0123942135623733));
#6526=CARTESIAN_POINT('',(-0.0415691342134896,0.00177964679112998,-0.012022438661764));
#6527=CARTESIAN_POINT('',(-0.0594,-0.0152928070158305,0.0175479187417642));
#6528=CARTESIAN_POINT('',(-0.0594,-0.017251226043386,0.02094));
#6529=CARTESIAN_POINT('',(-0.057,-1.10781227602837E-17,0.005598));
#6530=CARTESIAN_POINT('',(-0.057,-0.0188,0.04972));
#6531=CARTESIAN_POINT('',(-0.057,-0.0204,0.04972));
#6532=CARTESIAN_POINT('',(-0.057,-0.0204,0.005598));
#6533=CARTESIAN_POINT('',(-0.057,-0.0204,0.0109));
#6534=CARTESIAN_POINT('',(-0.057,-1.10781227602837E-17,0.0109));
#6535=CARTESIAN_POINT('',(-0.057,-0.0248,0.0109));
#6536=CARTESIAN_POINT('',(-0.057,-0.0248,0.05132));
#6537=CARTESIAN_POINT('',(-0.057,-0.0248,0.04932));
#6538=CARTESIAN_POINT('',(-0.057,-1.37553231278997E-17,0.04932));
#6539=CARTESIAN_POINT('',(-0.057,-0.0300839202169004,0.04932));
#6540=CARTESIAN_POINT('',(-0.057,-0.0300839202169004,0.005598));
#6541=CARTESIAN_POINT('',(-0.057,-0.0300839202169004,0.009013));
#6542=CARTESIAN_POINT('',(-0.057,-1.03908744226432E-17,0.009013));
#6543=CARTESIAN_POINT('',(-0.057,-0.0133299999119274,0.009013));
#6544=CARTESIAN_POINT('',(-0.057,-0.0133299999119274,0.005598));
#6545=CARTESIAN_POINT('',(-0.057,-0.0133299999119274,0.0056));
#6546=CARTESIAN_POINT('',(-0.057,-1.10782452249636E-17,0.0056));
#6547=CARTESIAN_POINT('',(-0.057,-0.0025,0.0056));
#6548=CARTESIAN_POINT('',(-0.057,-0.0025,0.005598));
#6549=CARTESIAN_POINT('',(-0.057,-0.0025,0.0087));
#6550=CARTESIAN_POINT('',(-0.057,-0.002801,0.008399));
#6551=CARTESIAN_POINT('',(-0.057,-0.000500000000000012,0.0107));
#6552=CARTESIAN_POINT('',(-0.057,-1.10781227602837E-17,0.0107));
#6553=CARTESIAN_POINT('',(-0.057,0.02195,0.0107));
#6554=CARTESIAN_POINT('',(-0.057,0.02195,0.005598));
#6555=CARTESIAN_POINT('',(-0.057,0.02195,0.0056));
#6556=CARTESIAN_POINT('',(-0.057,-1.10782452249636E-17,0.0056));
#6557=CARTESIAN_POINT('',(-0.057,0.0300839202169004,0.0056));
#6558=CARTESIAN_POINT('',(-0.057,0.0300839202169004,0.05132));
#6559=CARTESIAN_POINT('',(-0.057,0.0300839202169004,0.04932));
#6560=CARTESIAN_POINT('',(-0.057,-1.37553231278997E-17,0.04932));
#6561=CARTESIAN_POINT('',(-0.057,0.0248,0.04932));
#6562=CARTESIAN_POINT('',(-0.057,0.0248,0.005598));
#6563=CARTESIAN_POINT('',(-0.057,0.0248,0.0109));
#6564=CARTESIAN_POINT('',(-0.057,-1.10781227602837E-17,0.0109));
#6565=CARTESIAN_POINT('',(-0.057,0.0204,0.0109));
#6566=CARTESIAN_POINT('',(-0.057,0.0204,0.005598));
#6567=CARTESIAN_POINT('',(-0.057,0.0204,0.04972));
#6568=CARTESIAN_POINT('',(-0.057,0.0188,0.04972));
#6569=CARTESIAN_POINT('',(-0.057,-1.10781227602837E-17,0.01287224362268));
#6570=CARTESIAN_POINT('',(-0.057,-0.006,0.01287224362268));
#6571=CARTESIAN_POINT('',(-0.057,0.006,0.01287224362268));
#6572=CARTESIAN_POINT('',(-0.057,0.00125484943628743,0.00720413403563832));
#6573=CARTESIAN_POINT('',(-0.057,-0.00280000000000007,0.0480732349893664));
#6574=CARTESIAN_POINT('',(-0.057,-0.00219980749004218,0.0495563967981353));
#6575=CARTESIAN_POINT('',(-0.057,9.2842439416855E-18,0.0309));
#6576=CARTESIAN_POINT('',(-0.057,0.00219980749004202,0.0495563967981353));
#6577=CARTESIAN_POINT('',(-0.057,0.00279999999999992,0.0480732349893665));
#6578=CARTESIAN_POINT('',(-0.057,-0.00125484943628745,0.0072041340356383));
#6579=CARTESIAN_POINT('',(-0.0594,-1.40002524877292E-17,0.05332));
#6580=CARTESIAN_POINT('',(-0.0594,0.0165497454663206,0.062875));
#6581=CARTESIAN_POINT('',(-0.0594,0.035010520323659,0.0309));
#6582=CARTESIAN_POINT('',(-0.0594,0.0227591476114551,0.05212));
#6583=CARTESIAN_POINT('',(-0.0594,-1.39267736797803E-17,0.05212));
#6584=CARTESIAN_POINT('',(-0.0594,0.037,0.05212));
#6585=CARTESIAN_POINT('',(-0.0594,0.037,0.05332));
#6586=CARTESIAN_POINT('',(-0.0594,0.037,0.0056));
#6587=CARTESIAN_POINT('',(-0.0594,-1.10782452249636E-17,0.0056));
#6588=CARTESIAN_POINT('',(-0.0594,0.02195,0.0056));
#6589=CARTESIAN_POINT('',(-0.0594,0.02195,0.05332));
#6590=CARTESIAN_POINT('',(-0.0594,0.02195,0.0107));
#6591=CARTESIAN_POINT('',(-0.0594,-1.40002524877292E-17,0.0107));
#6592=CARTESIAN_POINT('',(-0.0594,-0.000500000000000012,0.0107));
#6593=CARTESIAN_POINT('',(-0.0594,0.02106,0.03226));
#6594=CARTESIAN_POINT('',(-0.0594,-0.0025,0.0087));
#6595=CARTESIAN_POINT('',(-0.0594,-0.0025,0.05332));
#6596=CARTESIAN_POINT('',(-0.0594,-0.0025,0.0056));
#6597=CARTESIAN_POINT('',(-0.0594,-1.10782452249636E-17,0.0056));
#6598=CARTESIAN_POINT('',(-0.0594,-0.0133299999119274,0.0056));
#6599=CARTESIAN_POINT('',(-0.0594,-0.0133299999119274,0.0073065));
#6600=CARTESIAN_POINT('',(-0.0594,-0.0133299999119274,0.009013));
#6601=CARTESIAN_POINT('',(-0.0594,-0.0219499999119274,0.009013));
#6602=CARTESIAN_POINT('',(-0.0594,-0.0305699999119274,0.009013));
#6603=CARTESIAN_POINT('',(-0.0594,-0.0305699999119274,0.0073065));
#6604=CARTESIAN_POINT('',(-0.0594,-0.0305699999119274,0.0056));
#6605=CARTESIAN_POINT('',(-0.0594,-1.10782452249636E-17,0.0056));
#6606=CARTESIAN_POINT('',(-0.0594,-0.037,0.0056));
#6607=CARTESIAN_POINT('',(-0.0594,-0.037,0.05332));
#6608=CARTESIAN_POINT('',(-0.0594,-0.037,0.05212));
#6609=CARTESIAN_POINT('',(-0.0594,-1.39267736797803E-17,0.05212));
#6610=CARTESIAN_POINT('',(-0.0594,-0.0227591476114551,0.05212));
#6611=CARTESIAN_POINT('',(-0.0594,-0.0327011192469004,0.0349));
#6612=CARTESIAN_POINT('',(-0.0594,-0.0350105203236589,0.0309));
#6613=CARTESIAN_POINT('',(-0.0594,-0.0359660350191678,0.032555));
#6614=CARTESIAN_POINT('',(-0.0594,-0.0235097029614016,0.01098));
#6615=CARTESIAN_POINT('',(-0.0594,-0.0128864580083124,0.01098));
#6616=CARTESIAN_POINT('',(-0.0594,-0.0257749160166249,0.0175479187417642));
#6617=CARTESIAN_POINT('',(-0.0594,-0.0119845912435252,0.0175479187417642));
#6618=CARTESIAN_POINT('',(-0.0594,-0.0110203617968302,0.0167945801344069));
#6619=CARTESIAN_POINT('',(-0.0594,-0.006,0.01287224362268));
#6620=CARTESIAN_POINT('',(-0.0594,1.33753883220239E-50,0.01287224362268));
#6621=CARTESIAN_POINT('',(-0.0594,-0.00120000000000008,0.01287224362268));
#6622=CARTESIAN_POINT('',(-0.0594,-0.00120000000000008,0.03138612181134));
#6623=CARTESIAN_POINT('',(-0.0594,-0.00120000000000008,0.0175479187417642));
#6624=CARTESIAN_POINT('',(-0.0594,-0.0257749160166249,0.0175479187417642));
#6625=CARTESIAN_POINT('',(-0.0594,0.00119999999999992,0.0175479187417642));
#6626=CARTESIAN_POINT('',(-0.0594,0.00119999999999992,0.03138612181134));
#6627=CARTESIAN_POINT('',(-0.0594,0.00119999999999992,0.01287224362268));
#6628=CARTESIAN_POINT('',(-0.0594,1.33753883220239E-50,0.01287224362268));
#6629=CARTESIAN_POINT('',(-0.0594,0.006,0.01287224362268));
#6630=CARTESIAN_POINT('',(-0.0594,0.0110203617968302,0.0167945801344069));
#6631=CARTESIAN_POINT('',(-0.0594,-0.0257749160166249,0.0175479187417642));
#6632=CARTESIAN_POINT('',(-0.0594,0.0128864580083124,0.01098));
#6633=CARTESIAN_POINT('',(-0.0594,0.0235097029614016,0.01098));
#6634=CARTESIAN_POINT('',(-0.0594,0.0327011192469005,0.0269));
#6635=CARTESIAN_POINT('',(0.0594,0.0394,0.0056));
#6636=CARTESIAN_POINT('',(0.056,0.036,0.0056));
#6637=CARTESIAN_POINT('',(0.056,0.03705,0.0056));
#6638=CARTESIAN_POINT('',(0.057,0.037,0.0056));
#6639=CARTESIAN_POINT('',(0.0594,0.037,0.0056));
#6640=CARTESIAN_POINT('',(0.0594,2.79954258285085E-18,0.0056));
#6641=CARTESIAN_POINT('',(0.0594,0.0282899999146409,0.0056));
#6642=CARTESIAN_POINT('',(0.238380064345341,0.0282899999146409,0.0056));
#6643=CARTESIAN_POINT('',(0.057,0.0282899999146409,0.0056));
#6644=CARTESIAN_POINT('',(0.057,2.79954258285085E-18,0.0056));
#6645=CARTESIAN_POINT('',(0.057,0.0300839202169004,0.0056));
#6646=CARTESIAN_POINT('',(0.055,0.0300839202169004,0.0056));
#6647=CARTESIAN_POINT('',(0.0553333333333333,0.032055946811267,0.0056));
#6648=CARTESIAN_POINT('',(0.056,0.036,0.0056));
#6649=CARTESIAN_POINT('',(0.0520559468112669,0.0353333333333333,0.0056));
#6650=CARTESIAN_POINT('',(0.0500839202169004,0.035,0.0056));
#6651=CARTESIAN_POINT('',(0.0500839202169004,0.037,0.0056));
#6652=CARTESIAN_POINT('',(-6.93889390390723E-18,0.037,0.0056));
#6653=CARTESIAN_POINT('',(0.003795,0.037,0.0056));
#6654=CARTESIAN_POINT('',(0.003795,0.035,0.0056));
#6655=CARTESIAN_POINT('',(0.003795,0.035,0.0056));
#6656=CARTESIAN_POINT('',(-6.69542394236662E-18,0.035,0.0056));
#6657=CARTESIAN_POINT('',(0.00139499999999999,0.035,0.0056));
#6658=CARTESIAN_POINT('',(0.00139499999999999,0.0394,0.0056));
#6659=CARTESIAN_POINT('',(0.0594,0.0394,0.0056));
#6660=CARTESIAN_POINT('',(0.238380064345341,0.0161299999119275,0.0056));
#6661=CARTESIAN_POINT('',(0.0594,0.0161299999119275,0.0056));
#6662=CARTESIAN_POINT('',(0.057,0.0161299999119275,0.0056));
#6663=CARTESIAN_POINT('',(0.0594,2.79954258285085E-18,0.0056));
#6664=CARTESIAN_POINT('',(0.0594,0.004175,0.0056));
#6665=CARTESIAN_POINT('',(0.238380064345341,0.004175,0.0056));
#6666=CARTESIAN_POINT('',(0.057,0.004175,0.0056));
#6667=CARTESIAN_POINT('',(0.057,2.79954258285085E-18,0.0056));
#6668=CARTESIAN_POINT('',(0.0594,0.0394,0.0056));
#6669=CARTESIAN_POINT('',(0.238380064345341,-0.004175,0.0056));
#6670=CARTESIAN_POINT('',(0.0594,-0.004175,0.0056));
#6671=CARTESIAN_POINT('',(0.057,-0.004175,0.0056));
#6672=CARTESIAN_POINT('',(0.0594,2.79954258285085E-18,0.0056));
#6673=CARTESIAN_POINT('',(0.0594,-0.0210000000000009,0.0056));
#6674=CARTESIAN_POINT('',(0.238380064345341,-0.0210000000000009,0.0056));
#6675=CARTESIAN_POINT('',(0.057,-0.0210000000000009,0.0056));
#6676=CARTESIAN_POINT('',(0.057,2.79954258285085E-18,0.0056));
#6677=CARTESIAN_POINT('',(0.057,2.79966504753077E-18,0.005598));
#6678=CARTESIAN_POINT('',(0.057,-0.005,0.0358205080756898));
#6679=CARTESIAN_POINT('',(0.057,-0.0065,0.0358205080756898));
#6680=CARTESIAN_POINT('',(0.057,0.005,0.0185000000000009));
#6681=CARTESIAN_POINT('',(0.057,0.0035,0.0185000000000009));
#6682=CARTESIAN_POINT('',(0.057,0.005,0.0358205080756898));
#6683=CARTESIAN_POINT('',(0.057,0.0035,0.0358205080756898));
#6684=CARTESIAN_POINT('',(0.057,0.015,0.0185000000000009));
#6685=CARTESIAN_POINT('',(0.057,0.0135,0.0185000000000009));
#6686=CARTESIAN_POINT('',(0.057,-0.025,0.0358205080756898));
#6687=CARTESIAN_POINT('',(0.057,-0.0265,0.0358205080756898));
#6688=CARTESIAN_POINT('',(0.057,-0.015,0.0185000000000009));
#6689=CARTESIAN_POINT('',(0.057,-0.0165,0.0185000000000009));
#6690=CARTESIAN_POINT('',(0.057,-0.015,0.0358205080756898));
#6691=CARTESIAN_POINT('',(0.057,-0.0165,0.0358205080756898));
#6692=CARTESIAN_POINT('',(0.057,-0.005,0.0185000000000009));
#6693=CARTESIAN_POINT('',(0.057,-0.0065,0.0185000000000009));
#6694=CARTESIAN_POINT('',(0.057,0.02,0.0271602540378454));
#6695=CARTESIAN_POINT('',(0.057,0.0185,0.0271602540378454));
#6696=CARTESIAN_POINT('',(0.057,0.01,0.0271602540378454));
#6697=CARTESIAN_POINT('',(0.057,0.0085,0.0271602540378454));
#6698=CARTESIAN_POINT('',(0.057,1.95156391047391E-18,0.0271602540378454));
#6699=CARTESIAN_POINT('',(0.057,-0.0015,0.0271602540378454));
#6700=CARTESIAN_POINT('',(0.057,-0.01,0.0271602540378454));
#6701=CARTESIAN_POINT('',(0.057,-0.0115,0.0271602540378454));
#6702=CARTESIAN_POINT('',(0.057,0.015,0.0358205080756898));
#6703=CARTESIAN_POINT('',(0.057,0.0135,0.0358205080756898));
#6704=CARTESIAN_POINT('',(0.057,0.025,0.0185000000000009));
#6705=CARTESIAN_POINT('',(0.057,0.0235,0.0185000000000009));
#6706=CARTESIAN_POINT('',(0.057,0.025,0.0358205080756898));
#6707=CARTESIAN_POINT('',(0.057,0.0235,0.0358205080756898));
#6708=CARTESIAN_POINT('',(0.057,-0.02,0.0271602540378454));
#6709=CARTESIAN_POINT('',(0.057,-0.0215,0.0271602540378454));
#6710=CARTESIAN_POINT('',(0.057,-0.025,0.0185000000000009));
#6711=CARTESIAN_POINT('',(0.057,-0.0265,0.0185000000000009));
#6712=CARTESIAN_POINT('',(0.057,-0.0300839202169004,0.005598));
#6713=CARTESIAN_POINT('',(0.057,-0.0300839202169004,0.0056));
#6714=CARTESIAN_POINT('',(0.057,-0.0300839202169004,0.04932));
#6715=CARTESIAN_POINT('',(0.057,0.0300839202169004,0.04932));
#6716=CARTESIAN_POINT('',(0.057,0.0300839202169004,0.04932));
#6717=CARTESIAN_POINT('',(0.057,0.0300839202169004,0.0056));
#6718=CARTESIAN_POINT('',(0.057,0.0282899999146409,0.0073065));
#6719=CARTESIAN_POINT('',(0.057,0.0282899999146409,0.009013));
#6720=CARTESIAN_POINT('',(0.057,0.0222099999132842,0.009013));
#6721=CARTESIAN_POINT('',(0.057,0.0161299999119275,0.009013));
#6722=CARTESIAN_POINT('',(0.057,0.0161299999119275,0.0073065));
#6723=CARTESIAN_POINT('',(0.057,0.004175,0.0068875));
#6724=CARTESIAN_POINT('',(0.057,0.004175,0.008175));
#6725=CARTESIAN_POINT('',(0.057,5.68822176060012E-50,0.008175));
#6726=CARTESIAN_POINT('',(0.057,-0.004175,0.008175));
#6727=CARTESIAN_POINT('',(0.057,-0.004175,0.0068875));
#6728=CARTESIAN_POINT('',(0.057,-0.0210000000000009,0.00805000000000044));
#6729=CARTESIAN_POINT('',(0.057,-0.0210000000000009,0.0105000000000009));
#6730=CARTESIAN_POINT('',(0.057,-0.0240000000000009,0.0105000000000009));
#6731=CARTESIAN_POINT('',(0.057,-0.0270000000000008,0.010500000000001));
#6732=CARTESIAN_POINT('',(0.057,-0.0270000000000009,0.00805000000000054));
#6733=CARTESIAN_POINT('',(0.057,-0.027000000000001,0.0056));
#6734=CARTESIAN_POINT('',(0.057,2.79954258285085E-18,0.0056));
#6735=CARTESIAN_POINT('',(0.0594,-1.22464679914735E-19,0.05332));
#6736=CARTESIAN_POINT('',(0.0594,-0.005,0.0358205080756898));
#6737=CARTESIAN_POINT('',(0.0594,-0.0035,0.0358205080756898));
#6738=CARTESIAN_POINT('',(0.0594,0.005,0.0185000000000009));
#6739=CARTESIAN_POINT('',(0.0594,0.0065,0.0185000000000009));
#6740=CARTESIAN_POINT('',(0.0594,0.005,0.0358205080756898));
#6741=CARTESIAN_POINT('',(0.0594,0.0065,0.0358205080756898));
#6742=CARTESIAN_POINT('',(0.0594,0.015,0.0185000000000009));
#6743=CARTESIAN_POINT('',(0.0594,0.0165,0.0185000000000009));
#6744=CARTESIAN_POINT('',(0.0594,-0.025,0.0358205080756898));
#6745=CARTESIAN_POINT('',(0.0594,-0.0235,0.0358205080756898));
#6746=CARTESIAN_POINT('',(0.0594,-0.015,0.0185000000000009));
#6747=CARTESIAN_POINT('',(0.0594,-0.0135,0.0185000000000009));
#6748=CARTESIAN_POINT('',(0.0594,-0.015,0.0358205080756898));
#6749=CARTESIAN_POINT('',(0.0594,-0.0135,0.0358205080756898));
#6750=CARTESIAN_POINT('',(0.0594,-0.005,0.0185000000000009));
#6751=CARTESIAN_POINT('',(0.0594,-0.0035,0.0185000000000009));
#6752=CARTESIAN_POINT('',(0.0594,0.02,0.0271602540378454));
#6753=CARTESIAN_POINT('',(0.0594,0.0215,0.0271602540378454));
#6754=CARTESIAN_POINT('',(0.0594,0.01,0.0271602540378454));
#6755=CARTESIAN_POINT('',(0.0594,0.0115,0.0271602540378454));
#6756=CARTESIAN_POINT('',(0.0594,2.17660911816819E-18,0.0271602540378454));
#6757=CARTESIAN_POINT('',(0.0594,0.0015,0.0271602540378454));
#6758=CARTESIAN_POINT('',(0.0594,-0.01,0.0271602540378454));
#6759=CARTESIAN_POINT('',(0.0594,-0.0085,0.0271602540378454));
#6760=CARTESIAN_POINT('',(0.0594,0.015,0.0358205080756898));
#6761=CARTESIAN_POINT('',(0.0594,0.0165,0.0358205080756898));
#6762=CARTESIAN_POINT('',(0.0594,0.025,0.0185000000000009));
#6763=CARTESIAN_POINT('',(0.0594,0.0265,0.0185000000000009));
#6764=CARTESIAN_POINT('',(0.0594,0.025,0.0358205080756898));
#6765=CARTESIAN_POINT('',(0.0594,0.0265,0.0358205080756898));
#6766=CARTESIAN_POINT('',(0.0594,-0.02,0.0271602540378454));
#6767=CARTESIAN_POINT('',(0.0594,-0.0185,0.0271602540378454));
#6768=CARTESIAN_POINT('',(0.0594,-0.025,0.0185000000000009));
#6769=CARTESIAN_POINT('',(0.0594,-0.0235,0.0185000000000009));
#6770=CARTESIAN_POINT('',(0.0594,0.037,0.05332));
#6771=CARTESIAN_POINT('',(0.0594,0.037,0.05212));
#6772=CARTESIAN_POINT('',(0.0594,-0.037,0.05212));
#6773=CARTESIAN_POINT('',(0.0594,-0.037,0.05212));
#6774=CARTESIAN_POINT('',(0.0594,-0.037,0.05332));
#6775=CARTESIAN_POINT('',(0.0594,-0.037,0.0056));
#6776=CARTESIAN_POINT('',(0.0594,2.79954258285085E-18,0.0056));
#6777=CARTESIAN_POINT('',(0.0594,-0.027000000000001,0.0056));
#6778=CARTESIAN_POINT('',(0.0594,-0.027,0.05332));
#6779=CARTESIAN_POINT('',(0.0594,-0.0270000000000008,0.010500000000001));
#6780=CARTESIAN_POINT('',(0.0594,-6.81030341058735E-16,0.0105000000000006));
#6781=CARTESIAN_POINT('',(0.0594,-0.0210000000000009,0.0105000000000009));
#6782=CARTESIAN_POINT('',(0.0594,-0.021,0.05332));
#6783=CARTESIAN_POINT('',(0.0594,-0.004175,0.05332));
#6784=CARTESIAN_POINT('',(0.0594,-0.004175,0.008175));
#6785=CARTESIAN_POINT('',(0.0594,-1.22464679914735E-19,0.008175));
#6786=CARTESIAN_POINT('',(0.0594,0.004175,0.008175));
#6787=CARTESIAN_POINT('',(0.0594,0.004175,0.05332));
#6788=CARTESIAN_POINT('',(0.0594,0.0161299999119275,0.05332));
#6789=CARTESIAN_POINT('',(0.0594,0.0161299999119275,0.009013));
#6790=CARTESIAN_POINT('',(0.0594,-6.44322068591422E-18,0.009013));
#6791=CARTESIAN_POINT('',(0.0594,0.0282899999146409,0.009013));
#6792=CARTESIAN_POINT('',(0.0594,0.0282899999146409,0.05332));
#6793=CARTESIAN_POINT('',(0.0594,0.0394,0.0056));
#6794=CARTESIAN_POINT('',(-0.0344,-0.0133299999119274,0.0056));
#6795=CARTESIAN_POINT('',(0.0594,-0.0025,0.0056));
#6796=CARTESIAN_POINT('',(0.0594,0.0394,0.0056));
#6797=CARTESIAN_POINT('',(-6.93889390390723E-18,-0.0394,0.0056));
#6798=CARTESIAN_POINT('',(0.057,-0.0394,0.0056));
#6799=CARTESIAN_POINT('',(-0.057,-0.0394,0.0056));
#6800=CARTESIAN_POINT('',(-0.057,-0.037,0.0056));
#6801=CARTESIAN_POINT('',(-0.0344,-0.0305699999119274,0.0056));
#6802=CARTESIAN_POINT('',(-0.0569400326105719,-0.0305699999119274,0.0056));
#6803=CARTESIAN_POINT('',(-0.055,-0.0300839202169004,0.0056));
#6804=CARTESIAN_POINT('',(-0.0553333333333333,-0.032055946811267,0.0056));
#6805=CARTESIAN_POINT('',(-0.056,-0.036,0.0056));
#6806=CARTESIAN_POINT('',(-0.0520559468112669,-0.0353333333333333,0.0056));
#6807=CARTESIAN_POINT('',(-0.0500839202169004,-0.035,0.0056));
#6808=CARTESIAN_POINT('',(-0.0500839202169004,-0.037,0.0056));
#6809=CARTESIAN_POINT('',(6.93889390390723E-18,-0.037,0.0056));
#6810=CARTESIAN_POINT('',(0.0500839202169004,-0.037,0.0056));
#6811=CARTESIAN_POINT('',(0.0500839202169004,-0.035,0.0056));
#6812=CARTESIAN_POINT('',(0.0520559468112669,-0.0353333333333333,0.0056));
#6813=CARTESIAN_POINT('',(0.056,-0.036,0.0056));
#6814=CARTESIAN_POINT('',(0.0553333333333333,-0.032055946811267,0.0056));
#6815=CARTESIAN_POINT('',(0.055,-0.0300839202169004,0.0056));
#6816=CARTESIAN_POINT('',(0.238380064345341,-0.0270000000000009,0.0056));
#6817=CARTESIAN_POINT('',(0.057,-0.037,0.0056));
#6818=CARTESIAN_POINT('',(-0.056,-0.036,0.0056));
#6819=CARTESIAN_POINT('',(-0.056,-0.03495,0.0056));
#6820=CARTESIAN_POINT('',(0.056,-0.036,0.0056));
#6821=CARTESIAN_POINT('',(0.056,-0.03495,0.0056));
#6822=CARTESIAN_POINT('',(-6.93889390390723E-18,0.037,0.005598));
#6823=CARTESIAN_POINT('',(-6.93889390390723E-18,0.037,0.04932));
#6824=CARTESIAN_POINT('',(0.0500839202169004,0.037,0.04932));
#6825=CARTESIAN_POINT('',(0.003795,0.037,0.04932));
#6826=CARTESIAN_POINT('',(0.003795,0.037,0.02846));
#6827=CARTESIAN_POINT('',(0.0500839202169004,0.037,0.005598));
#6828=CARTESIAN_POINT('',(6.93889390390723E-18,-0.037,0.005598));
#6829=CARTESIAN_POINT('',(-0.0500839202169004,-0.037,0.05132));
#6830=CARTESIAN_POINT('',(-0.0500839202169004,-0.037,0.04932));
#6831=CARTESIAN_POINT('',(0.0500839202169004,-0.037,0.04932));
#6832=CARTESIAN_POINT('',(0.0500839202169004,-0.037,0.04932));
#6833=CARTESIAN_POINT('',(0.0500839202169004,-0.037,0.005598));
#6834=CARTESIAN_POINT('',(-6.93889390390723E-18,-0.0394,0.05332));
#6835=CARTESIAN_POINT('',(0.057,-0.0394,0.05332));
#6836=CARTESIAN_POINT('',(0.057,-0.0394,0.05212));
#6837=CARTESIAN_POINT('',(-0.057,-0.0394,0.05212));
#6838=CARTESIAN_POINT('',(-0.057,-0.0394,0.05212));
#6839=CARTESIAN_POINT('',(-0.057,-0.0394,0.0056));
#6840=CARTESIAN_POINT('',(-1.68128406965269E-33,-3.26490836652684E-18,0.05332));
#6841=CARTESIAN_POINT('',(-0.0582,-8.38982746814361E-18,0.05332));
#6842=CARTESIAN_POINT('',(-0.0582,0.037,0.05332));
#6843=CARTESIAN_POINT('',(-0.0582,0.0234519679344826,0.05332));
#6844=CARTESIAN_POINT('',(-0.0448628571428573,0.0388523739720664,0.05332));
#6845=CARTESIAN_POINT('',(-0.0662,0.0142143636274486,0.05332));
#6846=CARTESIAN_POINT('',(-0.0662,-0.0128287229813935,0.05332));
#6847=CARTESIAN_POINT('',(-0.0662,-0.0142143636274486,0.05332));
#6848=CARTESIAN_POINT('',(-0.0448628571428571,-0.0388523739720665,0.05332));
#6849=CARTESIAN_POINT('',(-0.0582,-0.0234519679344826,0.05332));
#6850=CARTESIAN_POINT('',(-0.0582,-8.38982746814361E-18,0.05332));
#6851=CARTESIAN_POINT('',(-0.0582,-0.037,0.05332));
#6852=CARTESIAN_POINT('',(-0.057,-0.037,0.05332));
#6853=CARTESIAN_POINT('',(-0.057,-0.0382,0.05332));
#6854=CARTESIAN_POINT('',(0.057,-0.0382,0.05332));
#6855=CARTESIAN_POINT('',(0.057,-0.0382,0.05332));
#6856=CARTESIAN_POINT('',(0.057,-0.037,0.05332));
#6857=CARTESIAN_POINT('',(0.0582,-0.037,0.05332));
#6858=CARTESIAN_POINT('',(0.0582,0.037,0.05332));
#6859=CARTESIAN_POINT('',(0.0582,0.037,0.05332));
#6860=CARTESIAN_POINT('',(0.057,0.037,0.05332));
#6861=CARTESIAN_POINT('',(0.057,0.0382,0.05332));
#6862=CARTESIAN_POINT('',(-4.46238631530734E-18,0.0382,0.05332));
#6863=CARTESIAN_POINT('',(-0.057,0.0382,0.05332));
#6864=CARTESIAN_POINT('',(-0.057,0.037,0.05332));
#6865=CARTESIAN_POINT('',(0.0594,0.0394,0.0056));
#6866=CARTESIAN_POINT('',(-0.057,0.037,0.0056));
#6867=CARTESIAN_POINT('',(-0.021395,0.0394,0.0056));
#6868=CARTESIAN_POINT('',(-0.021395,0.035,0.0056));
#6869=CARTESIAN_POINT('',(-6.69542394236662E-18,0.035,0.0056));
#6870=CARTESIAN_POINT('',(-0.023795,0.035,0.0056));
#6871=CARTESIAN_POINT('',(-0.023795,0.035,0.0056));
#6872=CARTESIAN_POINT('',(-0.0500839202169004,0.035,0.0056));
#6873=CARTESIAN_POINT('',(-0.0520559468112669,0.0353333333333333,0.0056));
#6874=CARTESIAN_POINT('',(-0.056,0.036,0.0056));
#6875=CARTESIAN_POINT('',(-0.0553333333333333,0.032055946811267,0.0056));
#6876=CARTESIAN_POINT('',(-0.055,0.0300839202169004,0.0056));
#6877=CARTESIAN_POINT('',(0.0594,0.02195,0.0056));
#6878=CARTESIAN_POINT('',(-0.056,0.036,0.0056));
#6879=CARTESIAN_POINT('',(-0.056,0.03705,0.0056));
#6880=CARTESIAN_POINT('',(0.056,-0.036,0.051322));
#6881=CARTESIAN_POINT('',(0.0520559468112669,-0.0353333333333333,0.051322));
#6882=CARTESIAN_POINT('',(0.0520559468112669,-0.0353333333333333,0.04932));
#6883=CARTESIAN_POINT('',(0.056,-0.036,0.04932));
#6884=CARTESIAN_POINT('',(0.0553333333333333,-0.032055946811267,0.04932));
#6885=CARTESIAN_POINT('',(0.0553333333333333,-0.032055946811267,0.051322));
#6886=CARTESIAN_POINT('',(-0.056,-0.036,0.051322));
#6887=CARTESIAN_POINT('',(-0.0553333333333333,-0.032055946811267,0.051322));
#6888=CARTESIAN_POINT('',(-0.0553333333333333,-0.032055946811267,0.04932));
#6889=CARTESIAN_POINT('',(-0.056,-0.036,0.04932));
#6890=CARTESIAN_POINT('',(-0.0520559468112669,-0.0353333333333333,0.04932));
#6891=CARTESIAN_POINT('',(-0.0520559468112669,-0.0353333333333333,0.051322));
#6892=CARTESIAN_POINT('',(0.056,0.036,0.051322));
#6893=CARTESIAN_POINT('',(0.0553333333333333,0.032055946811267,0.051322));
#6894=CARTESIAN_POINT('',(0.0553333333333333,0.032055946811267,0.04932));
#6895=CARTESIAN_POINT('',(0.056,0.036,0.04932));
#6896=CARTESIAN_POINT('',(0.0520559468112669,0.0353333333333333,0.04932));
#6897=CARTESIAN_POINT('',(0.0520559468112669,0.0353333333333333,0.051322));
#6898=CARTESIAN_POINT('',(-0.056,0.036,0.051322));
#6899=CARTESIAN_POINT('',(-0.0520559468112669,0.0353333333333333,0.051322));
#6900=CARTESIAN_POINT('',(-0.0520559468112669,0.0353333333333333,0.04932));
#6901=CARTESIAN_POINT('',(-0.056,0.036,0.04932));
#6902=CARTESIAN_POINT('',(-0.0553333333333333,0.032055946811267,0.04932));
#6903=CARTESIAN_POINT('',(-0.0553333333333333,0.032055946811267,0.051322));
#6904=CARTESIAN_POINT('',(-0.056,-0.036,0.028));
#6905=CARTESIAN_POINT('',(-0.056,-0.036,0.028));
#6906=CARTESIAN_POINT('',(-0.056,-0.03495,0.028));
#6907=CARTESIAN_POINT('',(-8.82894860282733E-34,-1.71450551880629E-18,0.028));
#6908=CARTESIAN_POINT('',(0.056,-0.036,0.028));
#6909=CARTESIAN_POINT('',(0.056,-0.036,0.028));
#6910=CARTESIAN_POINT('',(0.056,-0.03495,0.028));
#6911=CARTESIAN_POINT('',(-8.82894860282733E-34,-1.71450551880629E-18,0.028));
#6912=CARTESIAN_POINT('',(0.056,0.036,0.028));
#6913=CARTESIAN_POINT('',(0.056,0.036,0.028));
#6914=CARTESIAN_POINT('',(0.056,0.03705,0.028));
#6915=CARTESIAN_POINT('',(-8.82894860282733E-34,-1.71450551880629E-18,0.028));
#6916=CARTESIAN_POINT('',(-0.056,0.036,0.028));
#6917=CARTESIAN_POINT('',(-0.056,0.036,0.028));
#6918=CARTESIAN_POINT('',(-0.056,0.03705,0.028));
#6919=CARTESIAN_POINT('',(-8.82894860282733E-34,-1.71450551880629E-18,0.028));
#6920=CARTESIAN_POINT('',(-0.231044887588366,0.017,0.0107));
#6921=CARTESIAN_POINT('',(-0.231044887588366,-0.000500000000000028,0.0107));
#6922=CARTESIAN_POINT('',(-0.231044887588366,0.02195,0.0107));
#6923=CARTESIAN_POINT('',(-0.231044887588366,0.02195,0.00335));
#6924=CARTESIAN_POINT('',(-0.230944887588366,-0.0025,0.00335));
#6925=CARTESIAN_POINT('',(-0.230944887588366,-0.0025,0.0087));
#6926=CARTESIAN_POINT('',(-0.019395,0.174944887588367,0.04832));
#6927=CARTESIAN_POINT('',(-0.021395,0.174944887588367,0.04832));
#6928=CARTESIAN_POINT('',(-0.021395,0.174944887588367,0.02216));
#6929=CARTESIAN_POINT('',(-0.021395,0.035,0.005598));
#6930=CARTESIAN_POINT('',(-0.000605000000000017,0.174944887588367,0.04832));
#6931=CARTESIAN_POINT('',(0.00139499999999998,0.174944887588367,0.04832));
#6932=CARTESIAN_POINT('',(0.00139499999999999,0.174944887588367,0.02216));
#6933=CARTESIAN_POINT('',(0.00139499999999998,0.035,0.02846));
#6934=CARTESIAN_POINT('',(-0.0344,-0.0133299999119274,0.0073065));
#6935=CARTESIAN_POINT('',(-0.0344,-0.0133299999119274,0.009013));
#6936=CARTESIAN_POINT('',(-0.0344,-0.0305699999119274,0.0073065));
#6937=CARTESIAN_POINT('',(-0.0344,-0.0305699999119274,0.009013));
#6938=CARTESIAN_POINT('',(-0.0569400326105719,-0.0305699999119274,0.009013));
#6939=CARTESIAN_POINT('',(-0.0569400326105719,-0.0305699999119274,0.009013));
#6940=CARTESIAN_POINT('',(-0.0344,-0.0219499999119274,0.009013));
#6941=CARTESIAN_POINT('',(-0.055,-0.0300839202169004,0.009013));
#6942=CARTESIAN_POINT('',(0.238380064345341,-0.0270000000000008,0.00805000000000054));
#6943=CARTESIAN_POINT('',(0.238380064345341,-0.0270000000000008,0.010500000000001));
#6944=CARTESIAN_POINT('',(0.238380064345341,-0.0240000000000009,0.0105000000000009));
#6945=CARTESIAN_POINT('',(0.238380064345341,-0.0210000000000008,0.0105000000000009));
#6946=CARTESIAN_POINT('',(0.238380064345341,-0.0210000000000009,0.00805000000000044));
#6947=CARTESIAN_POINT('',(0.238380064345341,-0.004175,0.0068875));
#6948=CARTESIAN_POINT('',(0.238380064345341,-0.004175,0.008175));
#6949=CARTESIAN_POINT('',(0.238380064345341,1.70077976050836E-17,0.008175));
#6950=CARTESIAN_POINT('',(0.238380064345341,0.004175,0.008175));
#6951=CARTESIAN_POINT('',(0.238380064345341,0.004175,0.0068875));
#6952=CARTESIAN_POINT('',(0.238380064345341,0.0161299999119275,0.0073065));
#6953=CARTESIAN_POINT('',(0.238380064345341,0.0161299999119275,0.009013));
#6954=CARTESIAN_POINT('',(0.238380064345341,0.0222099999132842,0.009013));
#6955=CARTESIAN_POINT('',(0.238380064345341,0.0282899999146409,0.009013));
#6956=CARTESIAN_POINT('',(0.238380064345341,0.0282899999146409,0.0073065));
#6957=CARTESIAN_POINT('',(0.238380064345341,-0.025,0.0185000000000009));
#6958=CARTESIAN_POINT('',(0.238380064345341,-0.02,0.0271602540378454));
#6959=CARTESIAN_POINT('',(0.238380064345341,0.025,0.0358205080756898));
#6960=CARTESIAN_POINT('',(0.238380064345341,0.025,0.0185000000000009));
#6961=CARTESIAN_POINT('',(0.238380064345341,0.015,0.0358205080756898));
#6962=CARTESIAN_POINT('',(0.238380064345341,-0.01,0.0271602540378454));
#6963=CARTESIAN_POINT('',(0.238380064345341,1.89593615155575E-17,0.0271602540378454));
#6964=CARTESIAN_POINT('',(0.238380064345341,0.01,0.0271602540378454));
#6965=CARTESIAN_POINT('',(0.238380064345341,0.02,0.0271602540378454));
#6966=CARTESIAN_POINT('',(0.238380064345341,-0.005,0.0185000000000009));
#6967=CARTESIAN_POINT('',(0.238380064345341,-0.015,0.0358205080756898));
#6968=CARTESIAN_POINT('',(0.238380064345341,-0.015,0.0185000000000009));
#6969=CARTESIAN_POINT('',(0.238380064345341,-0.025,0.0358205080756898));
#6970=CARTESIAN_POINT('',(0.238380064345341,0.015,0.0185000000000009));
#6971=CARTESIAN_POINT('',(0.238380064345341,0.005,0.0358205080756898));
#6972=CARTESIAN_POINT('',(0.238380064345341,0.005,0.0185000000000009));
#6973=CARTESIAN_POINT('',(0.238380064345341,-0.005,0.0358205080756898));
#6974=CARTESIAN_POINT('',(-0.0544,-0.0216,0.0109));
#6975=CARTESIAN_POINT('',(-0.0544,-0.0204,0.0109));
#6976=CARTESIAN_POINT('',(-0.045,-0.0204,0.0109));
#6977=CARTESIAN_POINT('',(-0.045,-0.0192,0.0109));
#6978=CARTESIAN_POINT('',(-0.045,-0.018,0.0109));
#6979=CARTESIAN_POINT('',(-0.0438,-0.018,0.0109));
#6980=CARTESIAN_POINT('',(-0.0426,-0.018,0.0109));
#6981=CARTESIAN_POINT('',(-0.0426,-0.0204,0.0109));
#6982=CARTESIAN_POINT('',(-0.0426,-0.0228,0.0109));
#6983=CARTESIAN_POINT('',(-0.0544,-0.0228,0.0109));
#6984=CARTESIAN_POINT('',(-0.055,-0.0228,0.0109));
#6985=CARTESIAN_POINT('',(-0.055,-0.0248,0.0109));
#6986=CARTESIAN_POINT('',(-0.0544,-0.0228,0.03211));
#6987=CARTESIAN_POINT('',(-0.0426,-0.0228,0.010898));
#6988=CARTESIAN_POINT('',(-0.0426,-0.0228,0.04732));
#6989=CARTESIAN_POINT('',(-0.0386,-0.0228,0.04732));
#6990=CARTESIAN_POINT('',(-0.0420641016151378,-0.0228,0.04932));
#6991=CARTESIAN_POINT('',(-0.0544,-0.0228,0.04932));
#6992=CARTESIAN_POINT('',(-0.055,-0.0228,0.04932));
#6993=CARTESIAN_POINT('',(-0.055,-0.0228,0.0109));
#6994=CARTESIAN_POINT('',(-0.0544,-0.0204,0.03211));
#6995=CARTESIAN_POINT('',(-0.045,-0.0204,0.04972));
#6996=CARTESIAN_POINT('',(-0.045,-0.0204,0.04972));
#6997=CARTESIAN_POINT('',(-0.045,-0.0204,0.010898));
#6998=CARTESIAN_POINT('',(-0.0544,0.0216,0.0109));
#6999=CARTESIAN_POINT('',(-0.0544,0.0204,0.0109));
#7000=CARTESIAN_POINT('',(-0.045,0.0204,0.0109));
#7001=CARTESIAN_POINT('',(-0.055,0.0248,0.0109));
#7002=CARTESIAN_POINT('',(-0.055,0.0228,0.0109));
#7003=CARTESIAN_POINT('',(-0.0544,0.0228,0.0109));
#7004=CARTESIAN_POINT('',(-0.0426,0.0228,0.0109));
#7005=CARTESIAN_POINT('',(-0.0426,0.0204,0.0109));
#7006=CARTESIAN_POINT('',(-0.0426,0.018,0.0109));
#7007=CARTESIAN_POINT('',(-0.0438,0.018,0.0109));
#7008=CARTESIAN_POINT('',(-0.045,0.018,0.0109));
#7009=CARTESIAN_POINT('',(-0.045,0.0192,0.0109));
#7010=CARTESIAN_POINT('',(-0.0544,0.0204,0.03211));
#7011=CARTESIAN_POINT('',(-0.045,0.0204,0.010898));
#7012=CARTESIAN_POINT('',(-0.045,0.0204,0.04972));
#7013=CARTESIAN_POINT('',(-0.0544,0.0204,0.04972));
#7014=CARTESIAN_POINT('',(-0.0544,0.0228,0.03211));
#7015=CARTESIAN_POINT('',(-0.055,0.0228,0.03211));
#7016=CARTESIAN_POINT('',(-0.055,0.0228,0.04932));
#7017=CARTESIAN_POINT('',(-0.0426,0.0228,0.04932));
#7018=CARTESIAN_POINT('',(-0.0420641016151378,0.0228,0.04932));
#7019=CARTESIAN_POINT('',(-0.0386,0.0228,0.04732));
#7020=CARTESIAN_POINT('',(-0.0426,0.0228,0.04732));
#7021=CARTESIAN_POINT('',(-0.0426,0.0228,0.010898));
#7022=CARTESIAN_POINT('',(-0.0344,2.20142573093504E-18,0.01287224362268));
#7023=CARTESIAN_POINT('',(0.205698747834503,0.00119999999999994,0.01287224362268));
#7024=CARTESIAN_POINT('',(-0.0578,0.00119999999999992,0.01287224362268));
#7025=CARTESIAN_POINT('',(-0.0578,-1.36416282513896E-18,0.01287224362268));
#7026=CARTESIAN_POINT('',(-0.0578,-0.00120000000000008,0.01287224362268));
#7027=CARTESIAN_POINT('',(0.205698747834503,-0.00120000000000006,0.01287224362268));
#7028=CARTESIAN_POINT('',(-0.0344,-0.006,0.01287224362268));
#7029=CARTESIAN_POINT('',(-0.0344,0.006,0.01287224362268));
#7030=CARTESIAN_POINT('',(-0.0344,-0.0110203617968302,0.0167945801344069));
#7031=CARTESIAN_POINT('',(-0.0594,-0.0110203617968302,0.0167945801344069));
#7032=CARTESIAN_POINT('',(-0.0344,0.0110203617968302,0.0167945801344069));
#7033=CARTESIAN_POINT('',(-0.0674,0.0128864580083124,0.01098));
#7034=CARTESIAN_POINT('',(-0.0674,0.0128864580083124,0.01098));
#7035=CARTESIAN_POINT('',(-0.0674,0.0142720986543676,0.01098));
#7036=CARTESIAN_POINT('',(-0.0680857142857143,0.0134803039994789,0.01098));
#7037=CARTESIAN_POINT('',(-0.0674,0.017251226043386,0.04086));
#7038=CARTESIAN_POINT('',(-0.0415691342134896,0.0291044334168724,0.0203296425964717));
#7039=CARTESIAN_POINT('',(-0.0659857864376271,0.0150074726825572,0.0447462948206091));
#7040=CARTESIAN_POINT('',(-0.068812617861849,0.0166395445662855,0.0419194633963868));
#7041=CARTESIAN_POINT('',(-0.0674,0.015823969263485,0.0433320812582357));
#7042=CARTESIAN_POINT('',(-0.0674,0.017251226043386,0.04086));
#7043=CARTESIAN_POINT('',(-0.0674,0.0195698295386033,0.0368440609436768));
#7044=CARTESIAN_POINT('',(-0.065105177682101,0.018244913255622,0.0391388832615758));
#7045=CARTESIAN_POINT('',(-0.0667857864376272,0.0192152131730274,0.0374582745060497));
#7046=CARTESIAN_POINT('',(-0.0415691342134893,0.0337740541226944,0.0122416222819123));
#7047=CARTESIAN_POINT('',(-0.0674,-0.0114719498487979,0.05087));
#7048=CARTESIAN_POINT('',(-0.063092617861849,-0.0133371010265209,0.0476394633963868));
#7049=CARTESIAN_POINT('',(-0.0659857864376271,-0.0150074726825572,0.0447462948206091));
#7050=CARTESIAN_POINT('',(-0.0674,-0.015823969263485,0.0433320812582357));
#7051=CARTESIAN_POINT('',(-0.0415691342134896,-0.0291044334168724,0.0203296425964717));
#7052=CARTESIAN_POINT('',(-0.0415691342134893,-0.0337740541226944,0.0122416222819123));
#7053=CARTESIAN_POINT('',(-0.066785786437627,-0.0192152131730273,0.03745827450605));
#7054=CARTESIAN_POINT('',(-0.0593851776821011,-0.0149424697158574,0.0448588832615758));
#7055=CARTESIAN_POINT('',(-0.0674,-0.0195698295386034,0.0368440609436768));
#7056=CARTESIAN_POINT('',(-0.0674,-0.0114719498487979,0.05087));
#7057=CARTESIAN_POINT('',(-0.0674,-0.0128864580083124,0.01098));
#7058=CARTESIAN_POINT('',(-0.0532357142857143,-0.0306276069944109,0.01098));
#7059=CARTESIAN_POINT('',(-0.0674,-0.0142720986543675,0.01098));
#7060=CARTESIAN_POINT('',(-0.0674,-0.0128864580083124,0.01098));
#7061=CARTESIAN_POINT('',(-0.0674,-5.93504377060085E-18,0.02946));
#7062=CARTESIAN_POINT('',(-0.0674,-0.0257749160166249,0.0433320812582357));
#7063=CARTESIAN_POINT('',(-0.0674,-0.0257749160166249,0.0368440609436768));
#7064=CARTESIAN_POINT('',(-0.0674,-0.0257749160166249,0.0449320812582358));
#7065=CARTESIAN_POINT('',(-0.0674,-0.0193296870124687,0.04206));
#7066=CARTESIAN_POINT('',(-0.0674,-0.0257729160166249,0.0309));
#7067=CARTESIAN_POINT('',(-0.0674,-0.013521543304421,0.05212));
#7068=CARTESIAN_POINT('',(-0.0674,0.0128287229813935,0.05212));
#7069=CARTESIAN_POINT('',(-0.0674,0.013521543304421,0.05212));
#7070=CARTESIAN_POINT('',(-0.0674,0.012857590494853,0.05327));
#7071=CARTESIAN_POINT('',(-0.0674,0.0257729160166249,0.0309));
#7072=CARTESIAN_POINT('',(-0.0674,0.0200225073354963,0.02094));
#7073=CARTESIAN_POINT('',(-0.0674,-0.0257749160166249,0.01098));
#7074=CARTESIAN_POINT('',(-0.0674,-0.0200225073354963,0.02094));
#7075=CARTESIAN_POINT('',(-0.0674,-0.0257749160166249,0.0352440609436768));
#7076=CARTESIAN_POINT('',(-0.0674,-0.0257749160166249,0.0287560406291179));
#7077=CARTESIAN_POINT('',(-0.0674,-0.0257749160166249,0.0271560406291179));
#7078=CARTESIAN_POINT('',(-0.0674,-0.0257749160166249,0.020668020314559));
#7079=CARTESIAN_POINT('',(-0.0674,-0.0257749160166249,0.0190680203145589));
#7080=CARTESIAN_POINT('',(-0.0674,-0.0257749160166249,0.01258));
#7081=CARTESIAN_POINT('',(-0.0594,-0.0257749160166249,0.018204722782589));
#7082=CARTESIAN_POINT('',(-0.0594,-0.0257749160166249,0.0175479187417642));
#7083=CARTESIAN_POINT('',(-0.0594,-0.00280000000000008,0.0175479187417642));
#7084=CARTESIAN_POINT('',(-0.0594,-0.00280000000000008,0.018204722782589));
#7085=CARTESIAN_POINT('',(-0.0594,-0.00280000000000008,0.0188615268234136));
#7086=CARTESIAN_POINT('',(-0.0594,-0.0257749160166249,0.0188615268234136));
#7087=CARTESIAN_POINT('',(-0.0666928932188135,-0.0257749160166249,0.0116871067811866));
#7088=CARTESIAN_POINT('',(-0.0659857864376271,-0.0257749160166249,0.0123942135623733));
#7089=CARTESIAN_POINT('',(-0.0415691342134896,-0.0257749160166249,-0.012022438661764));
#7090=CARTESIAN_POINT('',(-0.0594,0.00279999999999992,0.0175479187417642));
#7091=CARTESIAN_POINT('',(-0.0594,0.00234506234188208,0.0175479187417642));
#7092=CARTESIAN_POINT('',(-0.0589886255634799,0.00149306983061868,0.0177988148439619));
#7093=CARTESIAN_POINT('',(-0.0582002282007276,0.00119999999999992,0.0182423616098243));
#7094=CARTESIAN_POINT('',(-0.0578,0.00119999999999992,0.0184555010240026));
#7095=CARTESIAN_POINT('',(-0.0578,0.00119999999999992,0.0184555010240026));
#7096=CARTESIAN_POINT('',(-0.0415691342134896,0.00119999999999992,-0.012022438661764));
#7097=CARTESIAN_POINT('',(-0.0415691342134896,-0.00120000000000008,-0.012022438661764));
#7098=CARTESIAN_POINT('',(-0.0578,-0.00120000000000008,0.0184555010240026));
#7099=CARTESIAN_POINT('',(-0.0578,-0.00120000000000008,0.0184555010240027));
#7100=CARTESIAN_POINT('',(-0.0582010612521051,-0.00120000000000008,0.0182419179727137));
#7101=CARTESIAN_POINT('',(-0.058986947710143,-0.00149274766879748,0.0177997682558977));
#7102=CARTESIAN_POINT('',(-0.0594,-0.00234334269618093,0.0175479187417643));
#7103=CARTESIAN_POINT('',(-0.0594,-0.00280000000000009,0.0175479187417643));
#7104=CARTESIAN_POINT('',(-0.0415691342134892,-0.0257749160166249,-0.0120224386617647));
#7105=CARTESIAN_POINT('',(-0.0667857864376271,-0.0257749160166249,0.0131942135623733));
#7106=CARTESIAN_POINT('',(-0.0594,-0.00280000000000008,0.0188615268234136));
#7107=CARTESIAN_POINT('',(-0.0594,-0.00234757448511532,0.0188615268234136));
#7108=CARTESIAN_POINT('',(-0.0589932801577646,-0.00149683702363594,0.0190990821838601));
#7109=CARTESIAN_POINT('',(-0.0582016095493482,-0.00120000000000008,0.0195263060542241));
#7110=CARTESIAN_POINT('',(-0.0578,-0.00120000000000008,0.0197315861950392));
#7111=CARTESIAN_POINT('',(-0.0594,-0.0257749160166249,0.0188615268234136));
#7112=CARTESIAN_POINT('',(-0.0578,0.00119999999999992,0.0197315861950392));
#7113=CARTESIAN_POINT('',(-0.0582023924824718,0.00119999999999992,0.0195259058629883));
#7114=CARTESIAN_POINT('',(-0.0589915712252087,0.00149636460915734,0.0191000146869106));
#7115=CARTESIAN_POINT('',(-0.0594,0.00234603882517306,0.0188615268234136));
#7116=CARTESIAN_POINT('',(-0.0594,0.00279999999999992,0.0188615268234136));
#7117=CARTESIAN_POINT('',(-0.0670928932188135,-0.0257749160166249,0.0128871067811866));
#7118=CARTESIAN_POINT('',(-0.0666928932188135,-0.0257749160166249,0.0197751270957455));
#7119=CARTESIAN_POINT('',(-0.0659857864376271,-0.0257749160166249,0.0204822338769322));
#7120=CARTESIAN_POINT('',(-0.0415691342134895,-0.0257749160166249,-0.00393441834720519));
#7121=CARTESIAN_POINT('',(-0.0594,0.00279999999999992,0.0256359390563232));
#7122=CARTESIAN_POINT('',(-0.0594,0.00234506234188208,0.0256359390563232));
#7123=CARTESIAN_POINT('',(-0.0589886255634799,0.00149306983061867,0.0258868351585208));
#7124=CARTESIAN_POINT('',(-0.0582002282007276,0.00119999999999992,0.0263303819243833));
#7125=CARTESIAN_POINT('',(-0.0578,0.00119999999999992,0.0265435213385616));
#7126=CARTESIAN_POINT('',(-0.0594,-0.0257749160166249,0.0256359390563232));
#7127=CARTESIAN_POINT('',(-0.0578,-0.00120000000000008,0.0265435213385616));
#7128=CARTESIAN_POINT('',(-0.0582010612521051,-0.00120000000000008,0.0263299382872726));
#7129=CARTESIAN_POINT('',(-0.058986947710143,-0.00149274766879747,0.0258877885704567));
#7130=CARTESIAN_POINT('',(-0.0594,-0.00234334269618092,0.0256359390563232));
#7131=CARTESIAN_POINT('',(-0.0594,-0.00280000000000008,0.0256359390563232));
#7132=CARTESIAN_POINT('',(-0.0594,-0.00280000000000008,0.0256359390563232));
#7133=CARTESIAN_POINT('',(-0.0594,-0.0257749160166249,0.0256359390563232));
#7134=CARTESIAN_POINT('',(-0.0594,-0.0257749160166249,0.0262927430971478));
#7135=CARTESIAN_POINT('',(-0.0594,-0.00280000000000008,0.0262927430971478));
#7136=CARTESIAN_POINT('',(-0.0594,-0.00280000000000008,0.0269495471379725));
#7137=CARTESIAN_POINT('',(-0.0594,-0.0257749160166249,0.0269495471379725));
#7138=CARTESIAN_POINT('',(-0.0415691342134893,-0.0257749160166249,-0.00393441834720561));
#7139=CARTESIAN_POINT('',(-0.0667857864376271,-0.0257749160166249,0.0212822338769323));
#7140=CARTESIAN_POINT('',(-0.0594,-0.00280000000000008,0.0269495471379725));
#7141=CARTESIAN_POINT('',(-0.0594,-0.00234757448511532,0.0269495471379725));
#7142=CARTESIAN_POINT('',(-0.0589932801577646,-0.00149683702363593,0.027187102498419));
#7143=CARTESIAN_POINT('',(-0.0582016095493482,-0.00120000000000008,0.027614326368783));
#7144=CARTESIAN_POINT('',(-0.0578,-0.00120000000000008,0.0278196065095981));
#7145=CARTESIAN_POINT('',(-0.0594,-0.0257749160166249,0.0269495471379725));
#7146=CARTESIAN_POINT('',(-0.0578,0.00119999999999992,0.0278196065095981));
#7147=CARTESIAN_POINT('',(-0.0582023924824718,0.00119999999999992,0.0276139261775472));
#7148=CARTESIAN_POINT('',(-0.0589915712252087,0.00149636460915736,0.0271880350014695));
#7149=CARTESIAN_POINT('',(-0.0594,0.00234603882517307,0.0269495471379725));
#7150=CARTESIAN_POINT('',(-0.0594,0.00279999999999992,0.0269495471379725));
#7151=CARTESIAN_POINT('',(-0.0670928932188135,-0.0257749160166249,0.0209751270957455));
#7152=CARTESIAN_POINT('',(-0.0415691342134899,-0.0257749160166249,0.00415360196735409));
#7153=CARTESIAN_POINT('',(-0.0659857864376271,-0.0257749160166249,0.0285702541914912));
#7154=CARTESIAN_POINT('',(-0.0594,0.00279999999999992,0.0337239593708821));
#7155=CARTESIAN_POINT('',(-0.0594,0.00234506234188208,0.0337239593708821));
#7156=CARTESIAN_POINT('',(-0.0589886255634798,0.00149306983061866,0.0339748554730797));
#7157=CARTESIAN_POINT('',(-0.0582002282007276,0.00119999999999992,0.0344184022389422));
#7158=CARTESIAN_POINT('',(-0.0578,0.00119999999999992,0.0346315416531206));
#7159=CARTESIAN_POINT('',(-0.0594,-0.0257749160166249,0.0337239593708821));
#7160=CARTESIAN_POINT('',(-0.0578,-0.00120000000000008,0.0346315416531206));
#7161=CARTESIAN_POINT('',(-0.0582010612521051,-0.00120000000000008,0.0344179586018316));
#7162=CARTESIAN_POINT('',(-0.058986947710143,-0.00149274766879746,0.0339758088850156));
#7163=CARTESIAN_POINT('',(-0.0594,-0.00234334269618092,0.0337239593708821));
#7164=CARTESIAN_POINT('',(-0.0594,-0.00280000000000008,0.0337239593708821));
#7165=CARTESIAN_POINT('',(-0.0594,-0.00280000000000008,0.0337239593708821));
#7166=CARTESIAN_POINT('',(-0.0594,-0.0257749160166249,0.0337239593708821));
#7167=CARTESIAN_POINT('',(-0.0415691342134892,-0.0257749160166249,0.00415360196735324));
#7168=CARTESIAN_POINT('',(-0.0667857864376271,-0.0257749160166249,0.0293702541914912));
#7169=CARTESIAN_POINT('',(-0.0594,-0.0257749160166249,0.0350375674525315));
#7170=CARTESIAN_POINT('',(-0.0594,-0.00280000000000008,0.0350375674525315));
#7171=CARTESIAN_POINT('',(-0.0594,-0.00280000000000008,0.0350375674525315));
#7172=CARTESIAN_POINT('',(-0.0594,-0.00234757448511532,0.0350375674525315));
#7173=CARTESIAN_POINT('',(-0.0589932801577646,-0.00149683702363594,0.035275122812978));
#7174=CARTESIAN_POINT('',(-0.0582016095493482,-0.00120000000000008,0.035702346683342));
#7175=CARTESIAN_POINT('',(-0.0578,-0.00120000000000008,0.0359076268241571));
#7176=CARTESIAN_POINT('',(-0.0594,-0.0257749160166249,0.0350375674525315));
#7177=CARTESIAN_POINT('',(-0.0578,0.00119999999999992,0.0359076268241571));
#7178=CARTESIAN_POINT('',(-0.0582023924824718,0.00119999999999992,0.0357019464921062));
#7179=CARTESIAN_POINT('',(-0.0589915712252087,0.00149636460915737,0.0352760553160285));
#7180=CARTESIAN_POINT('',(-0.0594,0.00234603882517307,0.0350375674525315));
#7181=CARTESIAN_POINT('',(-0.0594,0.00279999999999992,0.0350375674525315));
#7182=CARTESIAN_POINT('',(-0.0594,-0.0257749160166249,0.0343807634117068));
#7183=CARTESIAN_POINT('',(-0.0594,-0.00280000000000008,0.0343807634117068));
#7184=CARTESIAN_POINT('',(-0.0666928932188135,-0.0257749160166249,0.0278631474103044));
#7185=CARTESIAN_POINT('',(-0.0670928932188135,-0.0257749160166249,0.0290631474103044));
#7186=CARTESIAN_POINT('',(-0.0415691342134896,-0.0257749160166249,0.0122416222819128));
#7187=CARTESIAN_POINT('',(-0.0659857864376271,-0.0257749160166249,0.0366582745060501));
#7188=CARTESIAN_POINT('',(-0.0594,0.00279999999999993,0.0418119796854411));
#7189=CARTESIAN_POINT('',(-0.0594,0.00234506234188208,0.0418119796854411));
#7190=CARTESIAN_POINT('',(-0.0589886255634799,0.00149306983061867,0.0420628757876387));
#7191=CARTESIAN_POINT('',(-0.0582002282007276,0.00119999999999993,0.0425064225535012));
#7192=CARTESIAN_POINT('',(-0.0578,0.00119999999999993,0.0427195619676795));
#7193=CARTESIAN_POINT('',(-0.0594,-0.0257749160166249,0.0418119796854411));
#7194=CARTESIAN_POINT('',(-0.0578,-0.00120000000000008,0.0427195619676795));
#7195=CARTESIAN_POINT('',(-0.0582010612521051,-0.00120000000000008,0.0425059789163905));
#7196=CARTESIAN_POINT('',(-0.058986947710143,-0.00149274766879747,0.0420638291995745));
#7197=CARTESIAN_POINT('',(-0.0594,-0.00234334269618091,0.0418119796854411));
#7198=CARTESIAN_POINT('',(-0.0594,-0.00280000000000007,0.0418119796854411));
#7199=CARTESIAN_POINT('',(-0.0594,-0.00280000000000007,0.0418119796854411));
#7200=CARTESIAN_POINT('',(-0.0594,-0.0257749160166249,0.0418119796854411));
#7201=CARTESIAN_POINT('',(-0.0415691342134893,-0.0257749160166249,0.0122416222819123));
#7202=CARTESIAN_POINT('',(-0.0667857864376272,-0.0257749160166249,0.0374582745060502));
#7203=CARTESIAN_POINT('',(-0.0594,-0.0257749160166249,0.0431255877670905));
#7204=CARTESIAN_POINT('',(-0.0594,-0.00280000000000007,0.0431255877670905));
#7205=CARTESIAN_POINT('',(-0.0594,-0.00280000000000008,0.0431255877670905));
#7206=CARTESIAN_POINT('',(-0.0594,-0.00234757448511532,0.0431255877670905));
#7207=CARTESIAN_POINT('',(-0.0589932801577646,-0.00149683702363593,0.0433631431275369));
#7208=CARTESIAN_POINT('',(-0.0582016095493482,-0.00120000000000008,0.0437903669979009));
#7209=CARTESIAN_POINT('',(-0.0578,-0.00120000000000008,0.0439956471387161));
#7210=CARTESIAN_POINT('',(-0.0578,0.00119999999999993,0.0439956471387161));
#7211=CARTESIAN_POINT('',(-0.0582023924824718,0.00119999999999993,0.0437899668066651));
#7212=CARTESIAN_POINT('',(-0.0589915712252087,0.00149636460915737,0.0433640756305874));
#7213=CARTESIAN_POINT('',(-0.0594,0.00234603882517307,0.0431255877670905));
#7214=CARTESIAN_POINT('',(-0.0594,0.00279999999999992,0.0431255877670905));
#7215=CARTESIAN_POINT('',(-0.0666928932188135,-0.0257749160166249,0.0359511677248633));
#7216=CARTESIAN_POINT('',(-0.0670928932188135,-0.0257749160166249,0.0371511677248634));
#7217=CARTESIAN_POINT('',(-0.0594,-0.0257749160166249,0.0424687837262658));
#7218=CARTESIAN_POINT('',(-0.0594,-0.00280000000000007,0.0424687837262658));
#7219=CARTESIAN_POINT('',(-0.0415691342134896,-0.0257749160166249,0.0203296425964717));
#7220=CARTESIAN_POINT('',(-0.0659857864376271,-0.0257749160166249,0.0447462948206091));
#7221=CARTESIAN_POINT('',(-0.0666928932188135,-0.0257749160166249,0.0440391880394223));
#7222=CARTESIAN_POINT('',(-0.0670928932188135,-0.0257749160166249,0.0452391880394223));
#7223=CARTESIAN_POINT('',(-0.0667857864376271,-0.0257749160166249,0.0455462948206091));
#7224=CARTESIAN_POINT('',(-0.0415691342134891,-0.0257749160166249,0.0203296425964709));
#7225=CARTESIAN_POINT('',(-0.0426,0.0204,0.010898));
#7226=CARTESIAN_POINT('',(-0.0426,0.018,0.04732));
#7227=CARTESIAN_POINT('',(-0.0426,0.018,0.04732));
#7228=CARTESIAN_POINT('',(-0.0426,0.018,0.010898));
#7229=CARTESIAN_POINT('',(-0.0438,0.018,0.010898));
#7230=CARTESIAN_POINT('',(-0.045,0.018,0.010898));
#7231=CARTESIAN_POINT('',(-0.0386,0.018,0.04732));
#7232=CARTESIAN_POINT('',(-0.045,0.0192,0.010898));
#7233=CARTESIAN_POINT('',(-0.045,0.0188,0.04972));
#7234=CARTESIAN_POINT('',(-0.0426,-0.0204,0.010898));
#7235=CARTESIAN_POINT('',(-0.0426,-0.018,0.010898));
#7236=CARTESIAN_POINT('',(-0.0426,-0.018,0.04732));
#7237=CARTESIAN_POINT('',(-0.0426,-0.0204,0.04732));
#7238=CARTESIAN_POINT('',(-0.045,-0.0192,0.010898));
#7239=CARTESIAN_POINT('',(-0.045,-0.0188,0.04972));
#7240=CARTESIAN_POINT('',(-0.045,-0.018,0.010898));
#7241=CARTESIAN_POINT('',(-0.0438,-0.018,0.010898));
#7242=CARTESIAN_POINT('',(-0.0386,-0.018,0.04732));
#7243=CARTESIAN_POINT('',(-0.0674,0.0200225073354963,0.02094));
#7244=CARTESIAN_POINT('',(-0.0702457142857144,0.0224869681988371,0.0309));
#7245=CARTESIAN_POINT('',(-0.0594,0.0165497454663206,0.062875));
#7246=CARTESIAN_POINT('',(-0.0697171428571429,0.0121837402520988,0.0498028571428572));
#7247=CARTESIAN_POINT('',(-0.0563271428571429,0.0245332625100649,0.0551928571428572));
#7248=CARTESIAN_POINT('',(-0.0594,-0.0359660350191678,0.032555));
#7249=CARTESIAN_POINT('',(-0.0589271428571429,-0.0355565287210926,0.0309));
#7250=CARTESIAN_POINT('',(-0.0674,-0.0193296870124687,0.04206));
#7251=CARTESIAN_POINT('',(-0.0697171428571429,-0.0121837402520988,0.0498028571428572));
#7252=CARTESIAN_POINT('',(-0.0679885714285714,-0.017800533585215,0.0435314285714285));
#7253=CARTESIAN_POINT('',(-0.0578,-1.11485683836736E-17,0.005598));
#7254=CARTESIAN_POINT('',(-0.0578,0.00279999999999992,0.0480732349893665));
#7255=CARTESIAN_POINT('',(-0.0578,0.00121068414785006,0.0482578294695548));
#7256=CARTESIAN_POINT('',(-0.0578,9.20922887245407E-18,0.0309));
#7257=CARTESIAN_POINT('',(-0.0578,-0.00121068414785021,0.0482578294695548));
#7258=CARTESIAN_POINT('',(-0.0578,-0.00280000000000007,0.0480732349893664));
#7259=CARTESIAN_POINT('',(-0.0578,-0.00120000000000008,0.03138612181134));
#7260=CARTESIAN_POINT('',(-0.0578,-0.00120000000000008,0.03138612181134));
#7261=CARTESIAN_POINT('',(-0.0578,-0.00120000000000008,0.03138612181134));
#7262=CARTESIAN_POINT('',(-0.0578,-0.00120000000000008,0.03138612181134));
#7263=CARTESIAN_POINT('',(-0.0578,-0.00120000000000008,0.03138612181134));
#7264=CARTESIAN_POINT('',(-0.0578,0.00119999999999992,0.03138612181134));
#7265=CARTESIAN_POINT('',(-0.0578,0.00119999999999992,0.03138612181134));
#7266=CARTESIAN_POINT('',(-0.0578,0.00119999999999992,0.03138612181134));
#7267=CARTESIAN_POINT('',(-0.0578,0.00119999999999992,0.03138612181134));
#7268=CARTESIAN_POINT('',(-0.0578,0.00119999999999992,0.03138612181134));
#7269=CARTESIAN_POINT('',(-0.0594,-5.23058753670164E-18,0.02946));
#7270=CARTESIAN_POINT('',(-0.0594,-5.23058753670164E-18,0.02946));
#7271=CARTESIAN_POINT('',(-0.0594,-5.23058753670164E-18,0.02946));
#7272=CARTESIAN_POINT('',(0.205698747834503,-0.00120000000000005,0.03138612181134));
#7273=CARTESIAN_POINT('',(0.205698747834503,0.00119999999999995,0.03138612181134));
#7274=CARTESIAN_POINT('',(-0.0578,-0.00280000000000008,0.018204722782589));
#7275=CARTESIAN_POINT('',(-0.0578,-0.00280000000000008,0.0262927430971478));
#7276=CARTESIAN_POINT('',(-0.0578,-0.00280000000000008,0.0343807634117068));
#7277=CARTESIAN_POINT('',(-0.0578,-0.00280000000000007,0.0424687837262658));
#7278=CARTESIAN_POINT('',(-0.0344,0.00279999999999993,0.0480732349893665));
#7279=CARTESIAN_POINT('',(-0.0578,0.00121068414785343,0.0482578294695544));
#7280=CARTESIAN_POINT('',(-0.0578,0.00124827444073766,0.04858147321181));
#7281=CARTESIAN_POINT('',(-0.0575927172971961,0.00152753780498912,0.0491675590928325));
#7282=CARTESIAN_POINT('',(-0.0572043960690498,0.00197242597417202,0.0494643821022868));
#7283=CARTESIAN_POINT('',(-0.057,0.00219980749004198,0.0495563967981353));
#7284=CARTESIAN_POINT('',(-0.0344,-0.00280000000000007,0.0480732349893664));
#7285=CARTESIAN_POINT('',(-0.0578,-0.00121068414785358,0.0482578294695544));
#7286=CARTESIAN_POINT('',(-0.0578,-0.00124827444073783,0.04858147321181));
#7287=CARTESIAN_POINT('',(-0.057592717297196,-0.00152753780498932,0.0491675590928325));
#7288=CARTESIAN_POINT('',(-0.0572043960690499,-0.00197242597417223,0.0494643821022867));
#7289=CARTESIAN_POINT('',(-0.057,-0.00219980749004222,0.0495563967981352));
#7290=CARTESIAN_POINT('',(-0.0562,9.35925901091693E-18,0.0309));
#7291=CARTESIAN_POINT('',(-0.0578,0.00279999999999992,0.03138612181134));
#7292=CARTESIAN_POINT('',(-0.0578,0.00279999999999992,0.03138612181134));
#7293=CARTESIAN_POINT('',(-0.0578,0.00279999999999992,0.03138612181134));
#7294=CARTESIAN_POINT('',(-0.0578,0.00279999999999992,0.03138612181134));
#7295=CARTESIAN_POINT('',(-0.01,0.218380064345341,0.04132));
#7296=CARTESIAN_POINT('',(-0.0175,0.034,0.04632));
#7297=CARTESIAN_POINT('',(0.00149999999999998,0.034,0.04732));
#7298=CARTESIAN_POINT('',(-0.0025,0.034,0.04732));
#7299=CARTESIAN_POINT('',(-0.0025,0.034,0.04632));
#7300=CARTESIAN_POINT('',(-0.0025,0.034,0.04132));
#7301=CARTESIAN_POINT('',(-0.0175,0.034,0.04132));
#7302=CARTESIAN_POINT('',(-0.0175,0.034,0.04132));
#7303=CARTESIAN_POINT('',(-0.0175,0.034,0.04632));
#7304=CARTESIAN_POINT('',(-0.0175,0.034,0.04732));
#7305=CARTESIAN_POINT('',(-0.0215,0.034,0.04732));
#7306=CARTESIAN_POINT('',(-0.0175,0.03,0.03732));
#7307=CARTESIAN_POINT('',(-0.0025,0.03,0.03732));
#7308=CARTESIAN_POINT('',(-0.0025,0.026,0.03332));
#7309=CARTESIAN_POINT('',(-0.0175,0.026,0.03332));
#7310=CARTESIAN_POINT('',(-0.0175,0.026,0.03332));
#7311=CARTESIAN_POINT('',(-0.0175,0.03,0.03732));
#7312=CARTESIAN_POINT('',(-0.0175,0.026,0.04232));
#7313=CARTESIAN_POINT('',(-0.0025,0.026,0.04232));
#7314=CARTESIAN_POINT('',(-0.0025,0.026,0.04732));
#7315=CARTESIAN_POINT('',(-0.0175,0.026,0.04732));
#7316=CARTESIAN_POINT('',(-0.0175,0.026,0.04732));
#7317=CARTESIAN_POINT('',(-0.0175,0.026,0.04232));
#7318=CARTESIAN_POINT('',(-0.0175,0.03,0.04232));
#7319=CARTESIAN_POINT('',(-0.0175,0.034,0.04732));
#7320=CARTESIAN_POINT('',(-0.0025,0.03,0.04232));
#7321=CARTESIAN_POINT('',(-0.0025,0.03,0.04732));
#7322=CARTESIAN_POINT('',(-0.0500839202169004,0.035,0.051322));
#7323=CARTESIAN_POINT('',(-0.0500839202169004,0.035,0.04932));
#7324=CARTESIAN_POINT('',(-0.055,0.0300839202169004,0.051322));
#7325=CARTESIAN_POINT('',(-0.055,0.0300839202169004,0.04932));
#7326=CARTESIAN_POINT('',(-0.0500839202169004,-0.035,0.051322));
#7327=CARTESIAN_POINT('',(-0.0500839202169004,-0.035,0.04932));
#7328=CARTESIAN_POINT('',(-0.055,-0.0300839202169004,0.051322));
#7329=CARTESIAN_POINT('',(-0.055,-0.0300839202169004,0.04932));
#7330=CARTESIAN_POINT('',(0.0500839202169004,-0.035,0.051322));
#7331=CARTESIAN_POINT('',(0.0500839202169004,-0.035,0.04932));
#7332=CARTESIAN_POINT('',(0.055,-0.0300839202169004,0.051322));
#7333=CARTESIAN_POINT('',(0.055,-0.0300839202169004,0.04932));
#7334=CARTESIAN_POINT('',(0.055,0.0300839202169004,0.051322));
#7335=CARTESIAN_POINT('',(0.055,0.0300839202169004,0.04932));
#7336=CARTESIAN_POINT('',(0.0500839202169004,0.035,0.051322));
#7337=CARTESIAN_POINT('',(0.0500839202169004,0.035,0.04932));
#7338=CARTESIAN_POINT('',(-0.055,-0.0248,0.03211));
#7339=CARTESIAN_POINT('',(-0.055,-0.0248,0.04932));
#7340=CARTESIAN_POINT('',(-0.055,0.0248,0.005598));
#7341=CARTESIAN_POINT('',(-0.055,0.0248,0.04932));
#7342=CARTESIAN_POINT('',(-0.0544,0.0248,0.04932));
#7343=CARTESIAN_POINT('',(-0.0420641016151378,0.0228,0.04932));
#7344=CARTESIAN_POINT('',(-0.0416653177616174,0.0228,0.0500107138955353));
#7345=CARTESIAN_POINT('',(-0.0405246032106837,0.0234407091279015,0.0510274985644034));
#7346=CARTESIAN_POINT('',(-0.0392372250513155,0.0243494142205791,0.05132));
#7347=CARTESIAN_POINT('',(-0.0386,0.0248,0.05132));
#7348=CARTESIAN_POINT('',(-0.055,0.0248,0.04932));
#7349=CARTESIAN_POINT('',(-0.055,0.0248,0.04932));
#7350=CARTESIAN_POINT('',(-0.055,0.0248,0.04932));
#7351=CARTESIAN_POINT('',(-0.055,-1.35677854548211E-17,0.04932));
#7352=CARTESIAN_POINT('',(-0.055,0.0300839202169004,0.04932));
#7353=CARTESIAN_POINT('',(-0.055,0.0300839202169004,0.04932));
#7354=CARTESIAN_POINT('',(-0.055,0.0300839202169004,0.04932));
#7355=CARTESIAN_POINT('',(-0.056,0.036,0.04932));
#7356=CARTESIAN_POINT('',(-0.0500839202169004,0.035,0.04932));
#7357=CARTESIAN_POINT('',(-0.0500839202169004,0.035,0.04932));
#7358=CARTESIAN_POINT('',(-6.69542394236662E-18,0.035,0.04932));
#7359=CARTESIAN_POINT('',(0.003795,0.035,0.04932));
#7360=CARTESIAN_POINT('',(0.0500839202169004,0.035,0.04932));
#7361=CARTESIAN_POINT('',(0.0500839202169004,0.035,0.04932));
#7362=CARTESIAN_POINT('',(0.0500839202169004,0.035,0.04932));
#7363=CARTESIAN_POINT('',(0.056,0.036,0.04932));
#7364=CARTESIAN_POINT('',(0.055,0.0300839202169004,0.04932));
#7365=CARTESIAN_POINT('',(0.055,0.0300839202169004,0.04932));
#7366=CARTESIAN_POINT('',(0.055,0.0300839202169004,0.04932));
#7367=CARTESIAN_POINT('',(0.055,2.1373070029634E-18,0.04932));
#7368=CARTESIAN_POINT('',(0.055,-0.0300839202169004,0.04932));
#7369=CARTESIAN_POINT('',(0.055,-0.0300839202169004,0.04932));
#7370=CARTESIAN_POINT('',(0.055,-0.0300839202169004,0.04932));
#7371=CARTESIAN_POINT('',(0.056,-0.036,0.04932));
#7372=CARTESIAN_POINT('',(0.0500839202169004,-0.035,0.04932));
#7373=CARTESIAN_POINT('',(0.0500839202169004,-0.035,0.04932));
#7374=CARTESIAN_POINT('',(0.0500839202169004,-0.035,0.04932));
#7375=CARTESIAN_POINT('',(4.26072432696058E-18,-0.035,0.04932));
#7376=CARTESIAN_POINT('',(-0.0500839202169004,-0.035,0.04932));
#7377=CARTESIAN_POINT('',(-0.0500839202169004,-0.035,0.04932));
#7378=CARTESIAN_POINT('',(-0.0500839202169004,-0.035,0.04932));
#7379=CARTESIAN_POINT('',(-0.056,-0.036,0.04932));
#7380=CARTESIAN_POINT('',(-0.055,-0.0300839202169004,0.04932));
#7381=CARTESIAN_POINT('',(-0.055,-0.0300839202169004,0.04932));
#7382=CARTESIAN_POINT('',(-0.055,-0.0300839202169004,0.04932));
#7383=CARTESIAN_POINT('',(-0.055,-1.35677854548211E-17,0.04932));
#7384=CARTESIAN_POINT('',(-0.055,-0.0248,0.04932));
#7385=CARTESIAN_POINT('',(-0.055,-0.0248,0.04932));
#7386=CARTESIAN_POINT('',(-0.055,-0.0248,0.04932));
#7387=CARTESIAN_POINT('',(2.18381432508755E-18,-0.0248,0.04932));
#7388=CARTESIAN_POINT('',(-0.0420641016151378,-0.0228,0.04932));
#7389=CARTESIAN_POINT('',(-0.0416653177616174,-0.0228,0.0500107138955353));
#7390=CARTESIAN_POINT('',(-0.0405246032106932,-0.023440709127915,0.0510274985644034));
#7391=CARTESIAN_POINT('',(-0.0392372250512963,-0.024349414220552,0.05132));
#7392=CARTESIAN_POINT('',(-0.0386,-0.0248,0.05132));
#7393=CARTESIAN_POINT('',(0.003795,0.035,0.02846));
#7394=CARTESIAN_POINT('',(0.003795,0.035,0.02846));
#7395=CARTESIAN_POINT('',(2.67816957694665E-18,0.035,0.02846));
#7396=CARTESIAN_POINT('',(-0.023795,0.035,0.02846));
#7397=CARTESIAN_POINT('',(-0.023795,0.035,0.02846));
#7398=CARTESIAN_POINT('',(2.67816957694665E-18,0.035,0.02846));
#7399=CARTESIAN_POINT('',(-0.230944887588366,-0.0025,0.0087));
#7400=CARTESIAN_POINT('',(-0.0544,-0.0188,0.04972));
#7401=CARTESIAN_POINT('',(-1.65547214966315E-18,0.0188,0.04972));
#7402=CARTESIAN_POINT('',(-0.0215,0.03,0.04732));
#7403=CARTESIAN_POINT('',(-0.0215,0.022,0.04732));
#7404=CARTESIAN_POINT('',(0.0015,-2.56462040564092E-18,0.04732));
#7405=CARTESIAN_POINT('',(0.00149999999999999,0.022,0.04732));
#7406=CARTESIAN_POINT('',(-4.88244417674525E-18,0.022,0.04732));
#7407=CARTESIAN_POINT('',(-0.0386,-0.0204,0.04732));
#7408=CARTESIAN_POINT('',(-0.0386,-2.89751432678264E-18,0.04732));
#7409=CARTESIAN_POINT('',(-0.057,-0.037,0.05332));
#7410=CARTESIAN_POINT('',(-0.057,-0.037,0.05212));
#7411=CARTESIAN_POINT('',(-0.057,0.037,0.05332));
#7412=CARTESIAN_POINT('',(-0.057,0.037,0.05212));
#7413=CARTESIAN_POINT('',(0.057,-0.037,0.05332));
#7414=CARTESIAN_POINT('',(0.057,-0.037,0.05212));
#7415=CARTESIAN_POINT('',(0.057,0.037,0.05332));
#7416=CARTESIAN_POINT('',(0.057,0.037,0.05212));
#7417=CARTESIAN_POINT('',(-0.0582,-8.38982746814361E-18,0.05332));
#7418=CARTESIAN_POINT('',(-0.0582,-0.037,0.05332));
#7419=CARTESIAN_POINT('',(-0.057,-0.037,0.05332));
#7420=CARTESIAN_POINT('',(-0.057,-0.0382,0.05332));
#7421=CARTESIAN_POINT('',(-6.93889390390723E-18,-0.0394,0.05212));
#7422=CARTESIAN_POINT('',(0.057,-0.0382,0.05332));
#7423=CARTESIAN_POINT('',(0.057,-0.037,0.05332));
#7424=CARTESIAN_POINT('',(0.0582,-0.037,0.05332));
#7425=CARTESIAN_POINT('',(0.0594,-4.89858719658942E-20,0.05212));
#7426=CARTESIAN_POINT('',(0.0582,0.037,0.05332));
#7427=CARTESIAN_POINT('',(0.057,0.037,0.05332));
#7428=CARTESIAN_POINT('',(0.057,0.0382,0.05332));
#7429=CARTESIAN_POINT('',(-4.46238631530734E-18,0.0382,0.05332));
#7430=CARTESIAN_POINT('',(-0.057,0.0382,0.05332));
#7431=CARTESIAN_POINT('',(-0.057,0.037,0.05332));
#7432=CARTESIAN_POINT('',(-0.0582,0.037,0.05332));
#7433=CARTESIAN_POINT('',(-0.0582,-8.38982746814361E-18,0.05332));
#7434=CARTESIAN_POINT('',(-0.0662,-9.09428370204282E-18,0.05332));
#7435=MECHANICAL_DESIGN_GEOMETRIC_PRESENTATION_REPRESENTATION('',(#4398),
#7436);
#7436=(
GEOMETRIC_REPRESENTATION_CONTEXT(3)
GLOBAL_UNCERTAINTY_ASSIGNED_CONTEXT((#7437))
GLOBAL_UNIT_ASSIGNED_CONTEXT((#7440,#7439,#7438))
REPRESENTATION_CONTEXT('3DP-Box-Body','TOP_LEVEL_ASSEMBLY_PART')
);
#7437=UNCERTAINTY_MEASURE_WITH_UNIT(LENGTH_MEASURE(2.E-5),#7440,
'DISTANCE_ACCURACY_VALUE','Maximum Tolerance applied to model');
#7438=(
NAMED_UNIT(*)
SI_UNIT($,.STERADIAN.)
SOLID_ANGLE_UNIT()
);
#7439=(
NAMED_UNIT(*)
PLANE_ANGLE_UNIT()
SI_UNIT($,.RADIAN.)
);
#7440=(
LENGTH_UNIT()
NAMED_UNIT(*)
SI_UNIT($,.METRE.)
);
#7441=PRODUCT_DEFINITION_SHAPE('','',#7442);
#7442=PRODUCT_DEFINITION('','',#7444,#7443);
#7443=PRODUCT_DEFINITION_CONTEXT('',#7450,'design');
#7444=PRODUCT_DEFINITION_FORMATION_WITH_SPECIFIED_SOURCE('','',#7446,
 .NOT_KNOWN.);
#7445=PRODUCT_RELATED_PRODUCT_CATEGORY('','',(#7446));
#7446=PRODUCT('3DP-Box-Body','3DP-Box-Body','3DP-Box-Body',(#7448));
#7447=PRODUCT_CATEGORY('','');
#7448=PRODUCT_CONTEXT('',#7450,'mechanical');
#7449=APPLICATION_PROTOCOL_DEFINITION('international standard',
'ap242_managed_model_based_3d_engineering',2020,#7450);
#7450=APPLICATION_CONTEXT('managed model based 3d engineering');
ENDSEC;
END-ISO-10303-21;
