ISO-10303-21;
HEADER;
/* Generated by software containing ST-Developer
 * from STEP Tools, Inc. (www.steptools.com) 
 */
/* OPTION: using custom renumber hook */

FILE_DESCRIPTION(
/* description */ ('STEP AP242 Edition 2',
'CAx-IF Rec.Pracs.---Representation and Presentation of Product Manufa
cturing Information (PMI)---4.0---2014-10-13',
'CAx-IF Rec.Pracs.---3D Tessellated Geometry---0.4---2014-09-14','2;1',
'CAx-IF Rec.Pracs.---User Defined Attributes---1.5---2016-08-15'),
/* implementation_level */ '2;1');

FILE_NAME(
/* name */ 'Lite - 3DP-Box-Bottom',
/* time_stamp */ '2026-09-01T03:46:46Z',
/* author */ (''),
/* organization */ (''),
/* preprocessor_version */ 'ST-DEVELOPER v20',
/* originating_system */ 'ONSHAPE BY PTC INC, 1.220',
/* authorisation */ '  ');

FILE_SCHEMA (('AP242_MANAGED_MODEL_BASED_3D_ENGINEERING_MIM_LF { 1 0 10303 442 3 1 4 }'));
ENDSEC;

DATA;
#10=SHAPE_REPRESENTATION_RELATIONSHIP('','',#2263,#11);
#11=ADVANCED_BREP_SHAPE_REPRESENTATION('',(#2261),#4077);
#12=TOROIDAL_SURFACE('',#2491,0.0064,0.0024);
#13=TOROIDAL_SURFACE('',#2501,0.0064,0.0024);
#14=TOROIDAL_SURFACE('',#2511,0.0064,0.0024);
#15=TOROIDAL_SURFACE('',#2521,0.0064,0.0024);
#16=(
BOUNDED_SURFACE()
B_SPLINE_SURFACE(3,2,((#3833,#3834,#3835),(#3836,#3837,#3838),(#3839,#3840,
#3841),(#3842,#3843,#3844),(#3845,#3846,#3847),(#3848,#3849,#3850),(#3851,
#3852,#3853),(#3854,#3855,#3856),(#3857,#3858,#3859),(#3860,#3861,#3862)),
 .UNSPECIFIED.,.F.,.F.,.F.)
B_SPLINE_SURFACE_WITH_KNOTS((4,1,1,1,1,1,1,4),(3,3),(3.14159265358979,3.33794219443916,
3.53429173528852,3.73064127613788,3.92699081698724,4.1233403578366,4.31968989868597,
4.71238898038469),(0.,1.),.UNSPECIFIED.)
GEOMETRIC_REPRESENTATION_ITEM()
RATIONAL_B_SPLINE_SURFACE(((1.,0.466396808164224,1.),(1.,0.466396808957051,
1.),(1.,0.488963976389031,1.),(1.,0.572829883868263,1.),(1.,0.677490248856841,
1.),(1.,0.78237215797171,1.),(1.,0.874417031586739,1.),(1.,0.969081235445113,
1.),(1.,0.999999999991637,1.),(1.,1.,1.)))
REPRESENTATION_ITEM('')
SURFACE()
);
#17=(
BOUNDED_SURFACE()
B_SPLINE_SURFACE(3,2,((#3870,#3871,#3872),(#3873,#3874,#3875),(#3876,#3877,
#3878),(#3879,#3880,#3881),(#3882,#3883,#3884),(#3885,#3886,#3887),(#3888,
#3889,#3890)),.UNSPECIFIED.,.F.,.F.,.F.)
B_SPLINE_SURFACE_WITH_KNOTS((4,1,1,1,4),(3,3),(3.14159265358979,3.53429173528852,
3.92699081698724,4.31968989868597,4.71238898038469),(0.,1.),
 .UNSPECIFIED.)
GEOMETRIC_REPRESENTATION_ITEM()
RATIONAL_B_SPLINE_SURFACE(((1.,0.707106781186548,1.),(1.,0.707106781502973,
1.),(1.,0.746571860684262,1.),(1.,0.86902903444223,1.),(1.,0.973464424253452,
1.),(1.,0.999999999971753,1.),(1.,1.,1.)))
REPRESENTATION_ITEM('')
SURFACE()
);
#18=(
BOUNDED_SURFACE()
B_SPLINE_SURFACE(3,2,((#3894,#3895,#3896),(#3897,#3898,#3899),(#3900,#3901,
#3902),(#3903,#3904,#3905),(#3906,#3907,#3908),(#3909,#3910,#3911),(#3912,
#3913,#3914)),.UNSPECIFIED.,.F.,.F.,.F.)
B_SPLINE_SURFACE_WITH_KNOTS((4,1,1,1,4),(3,3),(3.14159265358979,3.53429173528852,
3.92699081698724,4.31968989868597,4.71238898038469),(0.,1.),
 .UNSPECIFIED.)
GEOMETRIC_REPRESENTATION_ITEM()
RATIONAL_B_SPLINE_SURFACE(((1.,0.707106781186548,1.),(1.,0.707106781502973,
1.),(1.,0.746571860684262,1.),(1.,0.869029034442231,1.),(1.,0.973464424253452,
1.),(1.,0.999999999971753,1.),(1.,1.,1.)))
REPRESENTATION_ITEM('')
SURFACE()
);
#19=(
BOUNDED_SURFACE()
B_SPLINE_SURFACE(3,2,((#3922,#3923,#3924),(#3925,#3926,#3927),(#3928,#3929,
#3930),(#3931,#3932,#3933),(#3934,#3935,#3936),(#3937,#3938,#3939),(#3940,
#3941,#3942),(#3943,#3944,#3945),(#3946,#3947,#3948),(#3949,#3950,#3951)),
 .UNSPECIFIED.,.F.,.F.,.F.)
B_SPLINE_SURFACE_WITH_KNOTS((4,1,1,1,1,1,1,4),(3,3),(3.14159265358979,3.33794219443916,
3.53429173528852,3.73064127613788,3.92699081698724,4.1233403578366,4.31968989868597,
4.71238898038469),(0.,1.),.UNSPECIFIED.)
GEOMETRIC_REPRESENTATION_ITEM()
RATIONAL_B_SPLINE_SURFACE(((1.,0.466396808164214,1.),(1.,0.466396808957488,
1.),(1.,0.488963976388829,1.),(1.,0.572829883868307,1.),(1.,0.677490248856814,
1.),(1.,0.782372157971703,1.),(1.,0.874417031586723,1.),(1.,0.969081235445116,
1.),(1.,0.999999999991587,1.),(1.,1.,1.)))
REPRESENTATION_ITEM('')
SURFACE()
);
#20=(
BOUNDED_SURFACE()
B_SPLINE_SURFACE(3,2,((#3955,#3956,#3957),(#3958,#3959,#3960),(#3961,#3962,
#3963),(#3964,#3965,#3966),(#3967,#3968,#3969),(#3970,#3971,#3972),(#3973,
#3974,#3975),(#3976,#3977,#3978),(#3979,#3980,#3981),(#3982,#3983,#3984)),
 .UNSPECIFIED.,.F.,.F.,.F.)
B_SPLINE_SURFACE_WITH_KNOTS((4,1,1,1,1,1,1,4),(3,3),(3.14159265358979,3.33794219443916,
3.53429173528852,3.73064127613788,3.92699081698724,4.1233403578366,4.31968989868597,
4.71238898038469),(0.,1.),.UNSPECIFIED.)
GEOMETRIC_REPRESENTATION_ITEM()
RATIONAL_B_SPLINE_SURFACE(((1.,0.466396808164224,1.),(1.,0.466396808957051,
1.),(1.,0.488963976389032,1.),(1.,0.572829883868264,1.),(1.,0.677490248856842,
1.),(1.,0.782372157971712,1.),(1.,0.874417031586739,1.),(1.,0.969081235445113,
1.),(1.,0.999999999991637,1.),(1.,1.,1.)))
REPRESENTATION_ITEM('')
SURFACE()
);
#21=(
BOUNDED_SURFACE()
B_SPLINE_SURFACE(3,2,((#3992,#3993,#3994),(#3995,#3996,#3997),(#3998,#3999,
#4000),(#4001,#4002,#4003),(#4004,#4005,#4006),(#4007,#4008,#4009),(#4010,
#4011,#4012)),.UNSPECIFIED.,.F.,.F.,.F.)
B_SPLINE_SURFACE_WITH_KNOTS((4,1,1,1,4),(3,3),(3.14159265358979,3.53429173528852,
3.92699081698724,4.31968989868597,4.71238898038469),(0.,1.),
 .UNSPECIFIED.)
GEOMETRIC_REPRESENTATION_ITEM()
RATIONAL_B_SPLINE_SURFACE(((1.,0.707106781186548,1.),(1.,0.707106781502973,
1.),(1.,0.746571860684261,1.),(1.,0.86902903444223,1.),(1.,0.973464424253451,
1.),(1.,0.999999999971753,1.),(1.,1.,1.)))
REPRESENTATION_ITEM('')
SURFACE()
);
#22=(
BOUNDED_SURFACE()
B_SPLINE_SURFACE(3,2,((#4016,#4017,#4018),(#4019,#4020,#4021),(#4022,#4023,
#4024),(#4025,#4026,#4027),(#4028,#4029,#4030),(#4031,#4032,#4033),(#4034,
#4035,#4036)),.UNSPECIFIED.,.F.,.F.,.F.)
B_SPLINE_SURFACE_WITH_KNOTS((4,1,1,1,4),(3,3),(3.14159265358979,3.53429173528852,
3.92699081698724,4.31968989868597,4.71238898038469),(0.,1.),
 .UNSPECIFIED.)
GEOMETRIC_REPRESENTATION_ITEM()
RATIONAL_B_SPLINE_SURFACE(((1.,0.707106781186548,1.),(1.,0.707106781502973,
1.),(1.,0.746571860684263,1.),(1.,0.869029034442232,1.),(1.,0.973464424253452,
1.),(1.,0.999999999971753,1.),(1.,1.,1.)))
REPRESENTATION_ITEM('')
SURFACE()
);
#23=(
BOUNDED_SURFACE()
B_SPLINE_SURFACE(3,2,((#4044,#4045,#4046),(#4047,#4048,#4049),(#4050,#4051,
#4052),(#4053,#4054,#4055),(#4056,#4057,#4058),(#4059,#4060,#4061),(#4062,
#4063,#4064),(#4065,#4066,#4067),(#4068,#4069,#4070),(#4071,#4072,#4073)),
 .UNSPECIFIED.,.F.,.F.,.F.)
B_SPLINE_SURFACE_WITH_KNOTS((4,1,1,1,1,1,1,4),(3,3),(3.14159265358979,3.33794219443916,
3.53429173528852,3.73064127613788,3.92699081698724,4.1233403578366,4.31968989868597,
4.71238898038469),(0.,1.),.UNSPECIFIED.)
GEOMETRIC_REPRESENTATION_ITEM()
RATIONAL_B_SPLINE_SURFACE(((1.,0.466396808164214,1.),(1.,0.466396808957488,
1.),(1.,0.488963976388831,1.),(1.,0.572829883868308,1.),(1.,0.677490248856815,
1.),(1.,0.782372157971706,1.),(1.,0.874417031586724,1.),(1.,0.969081235445117,
1.),(1.,0.999999999991587,1.),(1.,1.,1.)))
REPRESENTATION_ITEM('')
SURFACE()
);
#24=ELLIPSE('',#2487,0.00283939734126282,0.0024);
#25=ELLIPSE('',#2488,0.00283939734126283,0.0024);
#26=ELLIPSE('',#2494,0.00252982212813471,0.0024);
#27=ELLIPSE('',#2495,0.00252982212813471,0.0024);
#28=ELLIPSE('',#2497,0.00252982212813471,0.0024);
#29=ELLIPSE('',#2498,0.00252982212813471,0.0024);
#30=ELLIPSE('',#2504,0.00283939734126282,0.0024);
#31=ELLIPSE('',#2505,0.00283939734126282,0.0024);
#32=ELLIPSE('',#2507,0.00283939734126282,0.0024);
#33=ELLIPSE('',#2508,0.00283939734126282,0.0024);
#34=ELLIPSE('',#2514,0.00252982212813471,0.0024);
#35=ELLIPSE('',#2515,0.00252982212813471,0.0024);
#36=ELLIPSE('',#2517,0.00252982212813471,0.0024);
#37=ELLIPSE('',#2518,0.00252982212813471,0.0024);
#38=ELLIPSE('',#2524,0.00283939734126282,0.0024);
#39=ELLIPSE('',#2525,0.00283939734126282,0.0024);
#40=CONICAL_SURFACE('',#2454,0.0036,0.785398163397448);
#41=CONICAL_SURFACE('',#2455,0.0036,0.785398163397449);
#42=CONICAL_SURFACE('',#2456,0.0042,0.785398163397448);
#43=CONICAL_SURFACE('',#2457,0.0054,0.785398163397448);
#44=CONICAL_SURFACE('',#2458,0.0036,0.785398163397448);
#45=CONICAL_SURFACE('',#2459,0.0036,0.785398163397448);
#46=CONICAL_SURFACE('',#2462,0.0036,0.785398163397448);
#47=CONICAL_SURFACE('',#2463,0.0036,0.785398163397448);
#48=CONICAL_SURFACE('',#2464,0.0054,0.785398163397448);
#49=CONICAL_SURFACE('',#2465,0.0042,0.785398163397448);
#50=CONICAL_SURFACE('',#2466,0.0036,0.785398163397449);
#51=CONICAL_SURFACE('',#2467,0.0036,0.785398163397448);
#52=CONICAL_SURFACE('',#2470,0.0036,0.785398163397449);
#53=CONICAL_SURFACE('',#2471,0.0054,0.785398163397449);
#54=CONICAL_SURFACE('',#2472,0.0036,0.785398163397449);
#55=CONICAL_SURFACE('',#2474,0.0036,0.78539816339745);
#56=CONICAL_SURFACE('',#2475,0.0042,0.785398163397449);
#57=CONICAL_SURFACE('',#2476,0.0036,0.785398163397449);
#58=CONICAL_SURFACE('',#2478,0.0036,0.785398163397449);
#59=CONICAL_SURFACE('',#2479,0.0054,0.78539816339745);
#60=CONICAL_SURFACE('',#2480,0.0036,0.785398163397449);
#61=CONICAL_SURFACE('',#2482,0.0036,0.78539816339745);
#62=CONICAL_SURFACE('',#2483,0.0042,0.78539816339745);
#63=CONICAL_SURFACE('',#2484,0.0036,0.785398163397449);
#64=CYLINDRICAL_SURFACE('',#2279,0.00105);
#65=CYLINDRICAL_SURFACE('',#2282,0.00105);
#66=CYLINDRICAL_SURFACE('',#2285,0.00105);
#67=CYLINDRICAL_SURFACE('',#2288,0.00105);
#68=CYLINDRICAL_SURFACE('',#2331,0.004);
#69=CYLINDRICAL_SURFACE('',#2335,0.004);
#70=CYLINDRICAL_SURFACE('',#2338,0.004);
#71=CYLINDRICAL_SURFACE('',#2341,0.004);
#72=CYLINDRICAL_SURFACE('',#2345,0.0054);
#73=CYLINDRICAL_SURFACE('',#2348,0.0054);
#74=CYLINDRICAL_SURFACE('',#2351,0.0054);
#75=CYLINDRICAL_SURFACE('',#2354,0.0054);
#76=CYLINDRICAL_SURFACE('',#2357,0.0016);
#77=CYLINDRICAL_SURFACE('',#2360,0.0016);
#78=CYLINDRICAL_SURFACE('',#2364,0.004);
#79=CYLINDRICAL_SURFACE('',#2369,0.0016);
#80=CYLINDRICAL_SURFACE('',#2373,0.004);
#81=CYLINDRICAL_SURFACE('',#2377,0.0016);
#82=CYLINDRICAL_SURFACE('',#2385,0.0016);
#83=CYLINDRICAL_SURFACE('',#2388,0.004);
#84=CYLINDRICAL_SURFACE('',#2391,0.0016);
#85=CYLINDRICAL_SURFACE('',#2393,0.0016);
#86=CYLINDRICAL_SURFACE('',#2396,0.0016);
#87=CYLINDRICAL_SURFACE('',#2400,0.004);
#88=CYLINDRICAL_SURFACE('',#2405,0.0013);
#89=CYLINDRICAL_SURFACE('',#2407,0.0013);
#90=CYLINDRICAL_SURFACE('',#2409,0.0013);
#91=CYLINDRICAL_SURFACE('',#2411,0.0013);
#92=CYLINDRICAL_SURFACE('',#2415,0.003);
#93=CYLINDRICAL_SURFACE('',#2418,0.003);
#94=CYLINDRICAL_SURFACE('',#2421,0.003);
#95=CYLINDRICAL_SURFACE('',#2424,0.003);
#96=CYLINDRICAL_SURFACE('',#2429,0.0024);
#97=CYLINDRICAL_SURFACE('',#2432,0.0024);
#98=CYLINDRICAL_SURFACE('',#2435,0.0024);
#99=CYLINDRICAL_SURFACE('',#2438,0.0024);
#100=CYLINDRICAL_SURFACE('',#2441,0.0024);
#101=CYLINDRICAL_SURFACE('',#2444,0.0024);
#102=CYLINDRICAL_SURFACE('',#2447,0.0024);
#103=CYLINDRICAL_SURFACE('',#2450,0.0024);
#104=CYLINDRICAL_SURFACE('',#2486,0.0024);
#105=CYLINDRICAL_SURFACE('',#2489,0.0024);
#106=CYLINDRICAL_SURFACE('',#2493,0.0024);
#107=CYLINDRICAL_SURFACE('',#2496,0.0024);
#108=CYLINDRICAL_SURFACE('',#2499,0.0024);
#109=CYLINDRICAL_SURFACE('',#2503,0.0024);
#110=CYLINDRICAL_SURFACE('',#2506,0.0024);
#111=CYLINDRICAL_SURFACE('',#2509,0.0024);
#112=CYLINDRICAL_SURFACE('',#2513,0.0024);
#113=CYLINDRICAL_SURFACE('',#2516,0.0024);
#114=CYLINDRICAL_SURFACE('',#2519,0.0024);
#115=CYLINDRICAL_SURFACE('',#2523,0.0024);
#116=CYLINDRICAL_SURFACE('',#2526,0.0024);
#117=CIRCLE('',#2268,0.0064);
#118=CIRCLE('',#2269,0.0064);
#119=CIRCLE('',#2270,0.0064);
#120=CIRCLE('',#2271,0.0064);
#121=CIRCLE('',#2280,0.00105);
#122=CIRCLE('',#2281,0.00105);
#123=CIRCLE('',#2283,0.00105);
#124=CIRCLE('',#2284,0.00105);
#125=CIRCLE('',#2286,0.00105);
#126=CIRCLE('',#2287,0.00105);
#127=CIRCLE('',#2289,0.00105);
#128=CIRCLE('',#2290,0.00105);
#129=CIRCLE('',#2292,0.0036);
#130=CIRCLE('',#2293,0.0036);
#131=CIRCLE('',#2294,0.0042);
#132=CIRCLE('',#2295,0.0036);
#133=CIRCLE('',#2296,0.0036);
#134=CIRCLE('',#2297,0.0042);
#135=CIRCLE('',#2298,0.0036);
#136=CIRCLE('',#2299,0.0036);
#137=CIRCLE('',#2300,0.0042);
#138=CIRCLE('',#2301,0.0036);
#139=CIRCLE('',#2302,0.0036);
#140=CIRCLE('',#2303,0.0042);
#141=CIRCLE('',#2304,0.003);
#142=CIRCLE('',#2305,0.003);
#143=CIRCLE('',#2306,0.003);
#144=CIRCLE('',#2307,0.003);
#145=CIRCLE('',#2309,0.0036);
#146=CIRCLE('',#2310,0.004);
#147=CIRCLE('',#2311,0.004);
#148=CIRCLE('',#2312,0.004);
#149=CIRCLE('',#2313,0.004);
#150=CIRCLE('',#2314,0.0036);
#151=CIRCLE('',#2315,0.0042);
#152=CIRCLE('',#2316,0.0036);
#153=CIRCLE('',#2317,0.0036);
#154=CIRCLE('',#2318,0.0042);
#155=CIRCLE('',#2319,0.0036);
#156=CIRCLE('',#2320,0.0036);
#157=CIRCLE('',#2321,0.0042);
#158=CIRCLE('',#2322,0.0036);
#159=CIRCLE('',#2323,0.0036);
#160=CIRCLE('',#2324,0.0042);
#161=CIRCLE('',#2325,0.0013);
#162=CIRCLE('',#2326,0.0013);
#163=CIRCLE('',#2327,0.0013);
#164=CIRCLE('',#2328,0.0013);
#165=CIRCLE('',#2332,0.004);
#166=CIRCLE('',#2336,0.004);
#167=CIRCLE('',#2339,0.004);
#168=CIRCLE('',#2342,0.004);
#169=CIRCLE('',#2346,0.0054);
#170=CIRCLE('',#2347,0.0054);
#171=CIRCLE('',#2349,0.0054);
#172=CIRCLE('',#2350,0.0054);
#173=CIRCLE('',#2352,0.0054);
#174=CIRCLE('',#2353,0.0054);
#175=CIRCLE('',#2355,0.0054);
#176=CIRCLE('',#2356,0.0054);
#177=CIRCLE('',#2358,0.0016);
#178=CIRCLE('',#2359,0.0016);
#179=CIRCLE('',#2361,0.0016);
#180=CIRCLE('',#2362,0.0016);
#181=CIRCLE('',#2365,0.004);
#182=CIRCLE('',#2366,0.004);
#183=CIRCLE('',#2370,0.0016);
#184=CIRCLE('',#2371,0.0016);
#185=CIRCLE('',#2374,0.004);
#186=CIRCLE('',#2375,0.004);
#187=CIRCLE('',#2378,0.0016);
#188=CIRCLE('',#2379,0.0016);
#189=CIRCLE('',#2382,0.0016);
#190=CIRCLE('',#2383,0.004);
#191=CIRCLE('',#2384,0.0016);
#192=CIRCLE('',#2386,0.0016);
#193=CIRCLE('',#2389,0.004);
#194=CIRCLE('',#2392,0.0016);
#195=CIRCLE('',#2394,0.0016);
#196=CIRCLE('',#2395,0.0016);
#197=CIRCLE('',#2397,0.0016);
#198=CIRCLE('',#2398,0.0016);
#199=CIRCLE('',#2401,0.004);
#200=CIRCLE('',#2402,0.004);
#201=CIRCLE('',#2406,0.0013);
#202=CIRCLE('',#2408,0.0013);
#203=CIRCLE('',#2410,0.0013);
#204=CIRCLE('',#2412,0.0013);
#205=CIRCLE('',#2414,0.003);
#206=CIRCLE('',#2417,0.003);
#207=CIRCLE('',#2420,0.003);
#208=CIRCLE('',#2423,0.003);
#209=CIRCLE('',#2426,0.0024);
#210=CIRCLE('',#2428,0.0024);
#211=CIRCLE('',#2430,0.0024);
#212=CIRCLE('',#2431,0.0024);
#213=CIRCLE('',#2433,0.0024);
#214=CIRCLE('',#2434,0.0024);
#215=CIRCLE('',#2436,0.0024);
#216=CIRCLE('',#2437,0.0024);
#217=CIRCLE('',#2439,0.0024);
#218=CIRCLE('',#2440,0.0024);
#219=CIRCLE('',#2442,0.0024);
#220=CIRCLE('',#2443,0.0024);
#221=CIRCLE('',#2445,0.0024);
#222=CIRCLE('',#2446,0.0024);
#223=CIRCLE('',#2448,0.0024);
#224=CIRCLE('',#2449,0.0024);
#225=CIRCLE('',#2451,0.0024);
#226=CIRCLE('',#2452,0.0024);
#227=CIRCLE('',#2490,0.0024);
#228=CIRCLE('',#2492,0.0024);
#229=CIRCLE('',#2500,0.0024);
#230=CIRCLE('',#2502,0.0024);
#231=CIRCLE('',#2510,0.0024);
#232=CIRCLE('',#2512,0.0024);
#233=CIRCLE('',#2520,0.0024);
#234=CIRCLE('',#2522,0.0024);
#235=ORIENTED_EDGE('',*,*,#863,.T.);
#236=ORIENTED_EDGE('',*,*,#864,.T.);
#237=ORIENTED_EDGE('',*,*,#865,.F.);
#238=ORIENTED_EDGE('',*,*,#866,.F.);
#239=ORIENTED_EDGE('',*,*,#867,.T.);
#240=ORIENTED_EDGE('',*,*,#868,.T.);
#241=ORIENTED_EDGE('',*,*,#869,.F.);
#242=ORIENTED_EDGE('',*,*,#870,.T.);
#243=ORIENTED_EDGE('',*,*,#871,.F.);
#244=ORIENTED_EDGE('',*,*,#872,.F.);
#245=ORIENTED_EDGE('',*,*,#873,.F.);
#246=ORIENTED_EDGE('',*,*,#874,.F.);
#247=ORIENTED_EDGE('',*,*,#875,.T.);
#248=ORIENTED_EDGE('',*,*,#876,.F.);
#249=ORIENTED_EDGE('',*,*,#877,.F.);
#250=ORIENTED_EDGE('',*,*,#878,.T.);
#251=ORIENTED_EDGE('',*,*,#879,.T.);
#252=ORIENTED_EDGE('',*,*,#880,.T.);
#253=ORIENTED_EDGE('',*,*,#881,.T.);
#254=ORIENTED_EDGE('',*,*,#882,.T.);
#255=ORIENTED_EDGE('',*,*,#883,.T.);
#256=ORIENTED_EDGE('',*,*,#884,.T.);
#257=ORIENTED_EDGE('',*,*,#885,.T.);
#258=ORIENTED_EDGE('',*,*,#886,.T.);
#259=ORIENTED_EDGE('',*,*,#887,.T.);
#260=ORIENTED_EDGE('',*,*,#888,.T.);
#261=ORIENTED_EDGE('',*,*,#889,.T.);
#262=ORIENTED_EDGE('',*,*,#890,.T.);
#263=ORIENTED_EDGE('',*,*,#891,.T.);
#264=ORIENTED_EDGE('',*,*,#892,.T.);
#265=ORIENTED_EDGE('',*,*,#893,.T.);
#266=ORIENTED_EDGE('',*,*,#894,.T.);
#267=ORIENTED_EDGE('',*,*,#895,.T.);
#268=ORIENTED_EDGE('',*,*,#896,.T.);
#269=ORIENTED_EDGE('',*,*,#897,.F.);
#270=ORIENTED_EDGE('',*,*,#898,.F.);
#271=ORIENTED_EDGE('',*,*,#899,.T.);
#272=ORIENTED_EDGE('',*,*,#900,.T.);
#273=ORIENTED_EDGE('',*,*,#901,.F.);
#274=ORIENTED_EDGE('',*,*,#902,.T.);
#275=ORIENTED_EDGE('',*,*,#903,.T.);
#276=ORIENTED_EDGE('',*,*,#904,.T.);
#277=ORIENTED_EDGE('',*,*,#905,.F.);
#278=ORIENTED_EDGE('',*,*,#906,.T.);
#279=ORIENTED_EDGE('',*,*,#907,.F.);
#280=ORIENTED_EDGE('',*,*,#908,.F.);
#281=ORIENTED_EDGE('',*,*,#909,.T.);
#282=ORIENTED_EDGE('',*,*,#910,.F.);
#283=ORIENTED_EDGE('',*,*,#911,.T.);
#284=ORIENTED_EDGE('',*,*,#912,.T.);
#285=ORIENTED_EDGE('',*,*,#913,.T.);
#286=ORIENTED_EDGE('',*,*,#914,.T.);
#287=ORIENTED_EDGE('',*,*,#915,.T.);
#288=ORIENTED_EDGE('',*,*,#916,.T.);
#289=ORIENTED_EDGE('',*,*,#917,.T.);
#290=ORIENTED_EDGE('',*,*,#877,.T.);
#291=ORIENTED_EDGE('',*,*,#918,.T.);
#292=ORIENTED_EDGE('',*,*,#919,.T.);
#293=ORIENTED_EDGE('',*,*,#920,.T.);
#294=ORIENTED_EDGE('',*,*,#921,.T.);
#295=ORIENTED_EDGE('',*,*,#922,.T.);
#296=ORIENTED_EDGE('',*,*,#923,.T.);
#297=ORIENTED_EDGE('',*,*,#924,.T.);
#298=ORIENTED_EDGE('',*,*,#925,.T.);
#299=ORIENTED_EDGE('',*,*,#926,.T.);
#300=ORIENTED_EDGE('',*,*,#927,.T.);
#301=ORIENTED_EDGE('',*,*,#928,.T.);
#302=ORIENTED_EDGE('',*,*,#929,.T.);
#303=ORIENTED_EDGE('',*,*,#930,.T.);
#304=ORIENTED_EDGE('',*,*,#931,.T.);
#305=ORIENTED_EDGE('',*,*,#932,.F.);
#306=ORIENTED_EDGE('',*,*,#933,.T.);
#307=ORIENTED_EDGE('',*,*,#934,.T.);
#308=ORIENTED_EDGE('',*,*,#935,.T.);
#309=ORIENTED_EDGE('',*,*,#936,.F.);
#310=ORIENTED_EDGE('',*,*,#937,.F.);
#311=ORIENTED_EDGE('',*,*,#938,.T.);
#312=ORIENTED_EDGE('',*,*,#939,.F.);
#313=ORIENTED_EDGE('',*,*,#940,.T.);
#314=ORIENTED_EDGE('',*,*,#941,.F.);
#315=ORIENTED_EDGE('',*,*,#942,.T.);
#316=ORIENTED_EDGE('',*,*,#943,.F.);
#317=ORIENTED_EDGE('',*,*,#944,.T.);
#318=ORIENTED_EDGE('',*,*,#945,.F.);
#319=ORIENTED_EDGE('',*,*,#946,.T.);
#320=ORIENTED_EDGE('',*,*,#947,.T.);
#321=ORIENTED_EDGE('',*,*,#948,.T.);
#322=ORIENTED_EDGE('',*,*,#949,.T.);
#323=ORIENTED_EDGE('',*,*,#950,.T.);
#324=ORIENTED_EDGE('',*,*,#951,.T.);
#325=ORIENTED_EDGE('',*,*,#952,.T.);
#326=ORIENTED_EDGE('',*,*,#953,.T.);
#327=ORIENTED_EDGE('',*,*,#954,.T.);
#328=ORIENTED_EDGE('',*,*,#955,.T.);
#329=ORIENTED_EDGE('',*,*,#956,.T.);
#330=ORIENTED_EDGE('',*,*,#957,.T.);
#331=ORIENTED_EDGE('',*,*,#958,.T.);
#332=ORIENTED_EDGE('',*,*,#959,.T.);
#333=ORIENTED_EDGE('',*,*,#960,.T.);
#334=ORIENTED_EDGE('',*,*,#961,.T.);
#335=ORIENTED_EDGE('',*,*,#962,.F.);
#336=ORIENTED_EDGE('',*,*,#963,.F.);
#337=ORIENTED_EDGE('',*,*,#964,.F.);
#338=ORIENTED_EDGE('',*,*,#965,.F.);
#339=ORIENTED_EDGE('',*,*,#944,.F.);
#340=ORIENTED_EDGE('',*,*,#942,.F.);
#341=ORIENTED_EDGE('',*,*,#940,.F.);
#342=ORIENTED_EDGE('',*,*,#938,.F.);
#343=ORIENTED_EDGE('',*,*,#966,.T.);
#344=ORIENTED_EDGE('',*,*,#967,.T.);
#345=ORIENTED_EDGE('',*,*,#968,.F.);
#346=ORIENTED_EDGE('',*,*,#874,.T.);
#347=ORIENTED_EDGE('',*,*,#969,.T.);
#348=ORIENTED_EDGE('',*,*,#970,.T.);
#349=ORIENTED_EDGE('',*,*,#971,.F.);
#350=ORIENTED_EDGE('',*,*,#908,.T.);
#351=ORIENTED_EDGE('',*,*,#972,.T.);
#352=ORIENTED_EDGE('',*,*,#973,.F.);
#353=ORIENTED_EDGE('',*,*,#974,.F.);
#354=ORIENTED_EDGE('',*,*,#900,.F.);
#355=ORIENTED_EDGE('',*,*,#975,.T.);
#356=ORIENTED_EDGE('',*,*,#976,.T.);
#357=ORIENTED_EDGE('',*,*,#977,.F.);
#358=ORIENTED_EDGE('',*,*,#935,.F.);
#359=ORIENTED_EDGE('',*,*,#978,.T.);
#360=ORIENTED_EDGE('',*,*,#979,.F.);
#361=ORIENTED_EDGE('',*,*,#980,.F.);
#362=ORIENTED_EDGE('',*,*,#866,.T.);
#363=ORIENTED_EDGE('',*,*,#981,.F.);
#364=ORIENTED_EDGE('',*,*,#982,.T.);
#365=ORIENTED_EDGE('',*,*,#983,.T.);
#366=ORIENTED_EDGE('',*,*,#984,.T.);
#367=ORIENTED_EDGE('',*,*,#985,.T.);
#368=ORIENTED_EDGE('',*,*,#986,.T.);
#369=ORIENTED_EDGE('',*,*,#987,.T.);
#370=ORIENTED_EDGE('',*,*,#988,.T.);
#371=ORIENTED_EDGE('',*,*,#989,.T.);
#372=ORIENTED_EDGE('',*,*,#990,.T.);
#373=ORIENTED_EDGE('',*,*,#991,.T.);
#374=ORIENTED_EDGE('',*,*,#992,.T.);
#375=ORIENTED_EDGE('',*,*,#993,.T.);
#376=ORIENTED_EDGE('',*,*,#994,.T.);
#377=ORIENTED_EDGE('',*,*,#995,.T.);
#378=ORIENTED_EDGE('',*,*,#996,.T.);
#379=ORIENTED_EDGE('',*,*,#997,.F.);
#380=ORIENTED_EDGE('',*,*,#998,.F.);
#381=ORIENTED_EDGE('',*,*,#999,.F.);
#382=ORIENTED_EDGE('',*,*,#1000,.F.);
#383=ORIENTED_EDGE('',*,*,#873,.T.);
#384=ORIENTED_EDGE('',*,*,#1001,.T.);
#385=ORIENTED_EDGE('',*,*,#1002,.F.);
#386=ORIENTED_EDGE('',*,*,#969,.F.);
#387=ORIENTED_EDGE('',*,*,#1003,.F.);
#388=ORIENTED_EDGE('',*,*,#909,.F.);
#389=ORIENTED_EDGE('',*,*,#971,.T.);
#390=ORIENTED_EDGE('',*,*,#1004,.T.);
#391=ORIENTED_EDGE('',*,*,#1002,.T.);
#392=ORIENTED_EDGE('',*,*,#1005,.T.);
#393=ORIENTED_EDGE('',*,*,#1004,.F.);
#394=ORIENTED_EDGE('',*,*,#970,.F.);
#395=ORIENTED_EDGE('',*,*,#907,.T.);
#396=ORIENTED_EDGE('',*,*,#1006,.T.);
#397=ORIENTED_EDGE('',*,*,#1007,.F.);
#398=ORIENTED_EDGE('',*,*,#972,.F.);
#399=ORIENTED_EDGE('',*,*,#1008,.F.);
#400=ORIENTED_EDGE('',*,*,#901,.T.);
#401=ORIENTED_EDGE('',*,*,#974,.T.);
#402=ORIENTED_EDGE('',*,*,#1009,.T.);
#403=ORIENTED_EDGE('',*,*,#1010,.F.);
#404=ORIENTED_EDGE('',*,*,#1009,.F.);
#405=ORIENTED_EDGE('',*,*,#973,.T.);
#406=ORIENTED_EDGE('',*,*,#1007,.T.);
#407=ORIENTED_EDGE('',*,*,#1011,.F.);
#408=ORIENTED_EDGE('',*,*,#867,.F.);
#409=ORIENTED_EDGE('',*,*,#980,.T.);
#410=ORIENTED_EDGE('',*,*,#1012,.T.);
#411=ORIENTED_EDGE('',*,*,#1013,.F.);
#412=ORIENTED_EDGE('',*,*,#1012,.F.);
#413=ORIENTED_EDGE('',*,*,#979,.T.);
#414=ORIENTED_EDGE('',*,*,#1014,.T.);
#415=ORIENTED_EDGE('',*,*,#934,.F.);
#416=ORIENTED_EDGE('',*,*,#1015,.T.);
#417=ORIENTED_EDGE('',*,*,#1014,.F.);
#418=ORIENTED_EDGE('',*,*,#978,.F.);
#419=ORIENTED_EDGE('',*,*,#1016,.T.);
#420=ORIENTED_EDGE('',*,*,#1017,.T.);
#421=ORIENTED_EDGE('',*,*,#1018,.F.);
#422=ORIENTED_EDGE('',*,*,#976,.F.);
#423=ORIENTED_EDGE('',*,*,#1019,.F.);
#424=ORIENTED_EDGE('',*,*,#936,.T.);
#425=ORIENTED_EDGE('',*,*,#977,.T.);
#426=ORIENTED_EDGE('',*,*,#1018,.T.);
#427=ORIENTED_EDGE('',*,*,#899,.F.);
#428=ORIENTED_EDGE('',*,*,#1020,.T.);
#429=ORIENTED_EDGE('',*,*,#1016,.F.);
#430=ORIENTED_EDGE('',*,*,#975,.F.);
#431=ORIENTED_EDGE('',*,*,#1021,.T.);
#432=ORIENTED_EDGE('',*,*,#1022,.T.);
#433=ORIENTED_EDGE('',*,*,#1023,.T.);
#434=ORIENTED_EDGE('',*,*,#1024,.T.);
#435=ORIENTED_EDGE('',*,*,#1025,.T.);
#436=ORIENTED_EDGE('',*,*,#1026,.T.);
#437=ORIENTED_EDGE('',*,*,#1027,.T.);
#438=ORIENTED_EDGE('',*,*,#1028,.T.);
#439=ORIENTED_EDGE('',*,*,#1029,.T.);
#440=ORIENTED_EDGE('',*,*,#1030,.T.);
#441=ORIENTED_EDGE('',*,*,#1031,.T.);
#442=ORIENTED_EDGE('',*,*,#1032,.T.);
#443=ORIENTED_EDGE('',*,*,#1033,.T.);
#444=ORIENTED_EDGE('',*,*,#1034,.T.);
#445=ORIENTED_EDGE('',*,*,#1035,.T.);
#446=ORIENTED_EDGE('',*,*,#1036,.T.);
#447=ORIENTED_EDGE('',*,*,#1037,.T.);
#448=ORIENTED_EDGE('',*,*,#1038,.T.);
#449=ORIENTED_EDGE('',*,*,#930,.F.);
#450=ORIENTED_EDGE('',*,*,#1039,.F.);
#451=ORIENTED_EDGE('',*,*,#897,.T.);
#452=ORIENTED_EDGE('',*,*,#1040,.T.);
#453=ORIENTED_EDGE('',*,*,#1041,.F.);
#454=ORIENTED_EDGE('',*,*,#1042,.F.);
#455=ORIENTED_EDGE('',*,*,#1041,.T.);
#456=ORIENTED_EDGE('',*,*,#1043,.T.);
#457=ORIENTED_EDGE('',*,*,#1044,.F.);
#458=ORIENTED_EDGE('',*,*,#1045,.F.);
#459=ORIENTED_EDGE('',*,*,#1044,.T.);
#460=ORIENTED_EDGE('',*,*,#1046,.T.);
#461=ORIENTED_EDGE('',*,*,#1047,.F.);
#462=ORIENTED_EDGE('',*,*,#1048,.T.);
#463=ORIENTED_EDGE('',*,*,#1047,.T.);
#464=ORIENTED_EDGE('',*,*,#1049,.T.);
#465=ORIENTED_EDGE('',*,*,#1037,.F.);
#466=ORIENTED_EDGE('',*,*,#1050,.F.);
#467=ORIENTED_EDGE('',*,*,#937,.T.);
#468=ORIENTED_EDGE('',*,*,#1019,.T.);
#469=ORIENTED_EDGE('',*,*,#1017,.F.);
#470=ORIENTED_EDGE('',*,*,#1020,.F.);
#471=ORIENTED_EDGE('',*,*,#898,.T.);
#472=ORIENTED_EDGE('',*,*,#1042,.T.);
#473=ORIENTED_EDGE('',*,*,#1045,.T.);
#474=ORIENTED_EDGE('',*,*,#1048,.F.);
#475=ORIENTED_EDGE('',*,*,#1050,.T.);
#476=ORIENTED_EDGE('',*,*,#1039,.T.);
#477=ORIENTED_EDGE('',*,*,#939,.T.);
#478=ORIENTED_EDGE('',*,*,#932,.T.);
#479=ORIENTED_EDGE('',*,*,#1051,.T.);
#480=ORIENTED_EDGE('',*,*,#1052,.F.);
#481=ORIENTED_EDGE('',*,*,#1053,.T.);
#482=ORIENTED_EDGE('',*,*,#1052,.T.);
#483=ORIENTED_EDGE('',*,*,#1054,.T.);
#484=ORIENTED_EDGE('',*,*,#1055,.F.);
#485=ORIENTED_EDGE('',*,*,#1056,.T.);
#486=ORIENTED_EDGE('',*,*,#1055,.T.);
#487=ORIENTED_EDGE('',*,*,#1057,.T.);
#488=ORIENTED_EDGE('',*,*,#1058,.F.);
#489=ORIENTED_EDGE('',*,*,#1059,.F.);
#490=ORIENTED_EDGE('',*,*,#1058,.T.);
#491=ORIENTED_EDGE('',*,*,#1060,.T.);
#492=ORIENTED_EDGE('',*,*,#1061,.F.);
#493=ORIENTED_EDGE('',*,*,#1062,.T.);
#494=ORIENTED_EDGE('',*,*,#1061,.T.);
#495=ORIENTED_EDGE('',*,*,#1063,.T.);
#496=ORIENTED_EDGE('',*,*,#863,.F.);
#497=ORIENTED_EDGE('',*,*,#1064,.T.);
#498=ORIENTED_EDGE('',*,*,#941,.T.);
#499=ORIENTED_EDGE('',*,*,#868,.F.);
#500=ORIENTED_EDGE('',*,*,#1011,.T.);
#501=ORIENTED_EDGE('',*,*,#1013,.T.);
#502=ORIENTED_EDGE('',*,*,#1015,.F.);
#503=ORIENTED_EDGE('',*,*,#933,.F.);
#504=ORIENTED_EDGE('',*,*,#1053,.F.);
#505=ORIENTED_EDGE('',*,*,#1056,.F.);
#506=ORIENTED_EDGE('',*,*,#1059,.T.);
#507=ORIENTED_EDGE('',*,*,#1062,.F.);
#508=ORIENTED_EDGE('',*,*,#1064,.F.);
#509=ORIENTED_EDGE('',*,*,#945,.T.);
#510=ORIENTED_EDGE('',*,*,#1006,.F.);
#511=ORIENTED_EDGE('',*,*,#906,.F.);
#512=ORIENTED_EDGE('',*,*,#1065,.F.);
#513=ORIENTED_EDGE('',*,*,#1066,.F.);
#514=ORIENTED_EDGE('',*,*,#1067,.T.);
#515=ORIENTED_EDGE('',*,*,#1068,.F.);
#516=ORIENTED_EDGE('',*,*,#1069,.F.);
#517=ORIENTED_EDGE('',*,*,#902,.F.);
#518=ORIENTED_EDGE('',*,*,#1008,.T.);
#519=ORIENTED_EDGE('',*,*,#1010,.T.);
#520=ORIENTED_EDGE('',*,*,#905,.T.);
#521=ORIENTED_EDGE('',*,*,#1070,.T.);
#522=ORIENTED_EDGE('',*,*,#1071,.F.);
#523=ORIENTED_EDGE('',*,*,#1065,.T.);
#524=ORIENTED_EDGE('',*,*,#1071,.T.);
#525=ORIENTED_EDGE('',*,*,#1072,.T.);
#526=ORIENTED_EDGE('',*,*,#1073,.F.);
#527=ORIENTED_EDGE('',*,*,#1066,.T.);
#528=ORIENTED_EDGE('',*,*,#1073,.T.);
#529=ORIENTED_EDGE('',*,*,#1074,.T.);
#530=ORIENTED_EDGE('',*,*,#1075,.F.);
#531=ORIENTED_EDGE('',*,*,#1067,.F.);
#532=ORIENTED_EDGE('',*,*,#1075,.T.);
#533=ORIENTED_EDGE('',*,*,#1076,.T.);
#534=ORIENTED_EDGE('',*,*,#1077,.F.);
#535=ORIENTED_EDGE('',*,*,#1068,.T.);
#536=ORIENTED_EDGE('',*,*,#1077,.T.);
#537=ORIENTED_EDGE('',*,*,#1078,.T.);
#538=ORIENTED_EDGE('',*,*,#895,.F.);
#539=ORIENTED_EDGE('',*,*,#1069,.T.);
#540=ORIENTED_EDGE('',*,*,#1079,.T.);
#541=ORIENTED_EDGE('',*,*,#1080,.T.);
#542=ORIENTED_EDGE('',*,*,#903,.F.);
#543=ORIENTED_EDGE('',*,*,#1081,.F.);
#544=ORIENTED_EDGE('',*,*,#871,.T.);
#545=ORIENTED_EDGE('',*,*,#1082,.T.);
#546=ORIENTED_EDGE('',*,*,#1083,.F.);
#547=ORIENTED_EDGE('',*,*,#1084,.F.);
#548=ORIENTED_EDGE('',*,*,#1083,.T.);
#549=ORIENTED_EDGE('',*,*,#1085,.T.);
#550=ORIENTED_EDGE('',*,*,#1086,.F.);
#551=ORIENTED_EDGE('',*,*,#1087,.F.);
#552=ORIENTED_EDGE('',*,*,#1086,.T.);
#553=ORIENTED_EDGE('',*,*,#1088,.T.);
#554=ORIENTED_EDGE('',*,*,#1089,.F.);
#555=ORIENTED_EDGE('',*,*,#1090,.T.);
#556=ORIENTED_EDGE('',*,*,#1089,.T.);
#557=ORIENTED_EDGE('',*,*,#1091,.T.);
#558=ORIENTED_EDGE('',*,*,#1079,.F.);
#559=ORIENTED_EDGE('',*,*,#1092,.F.);
#560=ORIENTED_EDGE('',*,*,#1001,.F.);
#561=ORIENTED_EDGE('',*,*,#872,.T.);
#562=ORIENTED_EDGE('',*,*,#1084,.T.);
#563=ORIENTED_EDGE('',*,*,#1087,.T.);
#564=ORIENTED_EDGE('',*,*,#1090,.F.);
#565=ORIENTED_EDGE('',*,*,#1092,.T.);
#566=ORIENTED_EDGE('',*,*,#1081,.T.);
#567=ORIENTED_EDGE('',*,*,#910,.T.);
#568=ORIENTED_EDGE('',*,*,#1003,.T.);
#569=ORIENTED_EDGE('',*,*,#1005,.F.);
#570=ORIENTED_EDGE('',*,*,#943,.T.);
#571=ORIENTED_EDGE('',*,*,#1093,.T.);
#572=ORIENTED_EDGE('',*,*,#1000,.T.);
#573=ORIENTED_EDGE('',*,*,#1094,.T.);
#574=ORIENTED_EDGE('',*,*,#999,.T.);
#575=ORIENTED_EDGE('',*,*,#1095,.T.);
#576=ORIENTED_EDGE('',*,*,#998,.T.);
#577=ORIENTED_EDGE('',*,*,#1096,.T.);
#578=ORIENTED_EDGE('',*,*,#997,.T.);
#579=ORIENTED_EDGE('',*,*,#1097,.T.);
#580=ORIENTED_EDGE('',*,*,#1096,.F.);
#581=ORIENTED_EDGE('',*,*,#962,.T.);
#582=ORIENTED_EDGE('',*,*,#1097,.F.);
#583=ORIENTED_EDGE('',*,*,#1098,.T.);
#584=ORIENTED_EDGE('',*,*,#1095,.F.);
#585=ORIENTED_EDGE('',*,*,#963,.T.);
#586=ORIENTED_EDGE('',*,*,#1098,.F.);
#587=ORIENTED_EDGE('',*,*,#1099,.T.);
#588=ORIENTED_EDGE('',*,*,#1094,.F.);
#589=ORIENTED_EDGE('',*,*,#964,.T.);
#590=ORIENTED_EDGE('',*,*,#1099,.F.);
#591=ORIENTED_EDGE('',*,*,#1100,.T.);
#592=ORIENTED_EDGE('',*,*,#1093,.F.);
#593=ORIENTED_EDGE('',*,*,#965,.T.);
#594=ORIENTED_EDGE('',*,*,#1100,.F.);
#595=ORIENTED_EDGE('',*,*,#917,.F.);
#596=ORIENTED_EDGE('',*,*,#1101,.T.);
#597=ORIENTED_EDGE('',*,*,#981,.T.);
#598=ORIENTED_EDGE('',*,*,#865,.T.);
#599=ORIENTED_EDGE('',*,*,#1102,.T.);
#600=ORIENTED_EDGE('',*,*,#878,.F.);
#601=ORIENTED_EDGE('',*,*,#968,.T.);
#602=ORIENTED_EDGE('',*,*,#1103,.T.);
#603=ORIENTED_EDGE('',*,*,#911,.F.);
#604=ORIENTED_EDGE('',*,*,#876,.T.);
#605=ORIENTED_EDGE('',*,*,#1104,.T.);
#606=ORIENTED_EDGE('',*,*,#869,.T.);
#607=ORIENTED_EDGE('',*,*,#1023,.F.);
#608=ORIENTED_EDGE('',*,*,#1105,.T.);
#609=ORIENTED_EDGE('',*,*,#915,.F.);
#610=ORIENTED_EDGE('',*,*,#1106,.T.);
#611=ORIENTED_EDGE('',*,*,#913,.F.);
#612=ORIENTED_EDGE('',*,*,#1107,.T.);
#613=ORIENTED_EDGE('',*,*,#1033,.F.);
#614=ORIENTED_EDGE('',*,*,#1108,.T.);
#615=ORIENTED_EDGE('',*,*,#1035,.F.);
#616=ORIENTED_EDGE('',*,*,#1109,.T.);
#617=ORIENTED_EDGE('',*,*,#918,.F.);
#618=ORIENTED_EDGE('',*,*,#1110,.T.);
#619=ORIENTED_EDGE('',*,*,#920,.F.);
#620=ORIENTED_EDGE('',*,*,#1111,.T.);
#621=ORIENTED_EDGE('',*,*,#1029,.F.);
#622=ORIENTED_EDGE('',*,*,#1112,.T.);
#623=ORIENTED_EDGE('',*,*,#1031,.F.);
#624=ORIENTED_EDGE('',*,*,#1113,.T.);
#625=ORIENTED_EDGE('',*,*,#922,.F.);
#626=ORIENTED_EDGE('',*,*,#1114,.T.);
#627=ORIENTED_EDGE('',*,*,#924,.F.);
#628=ORIENTED_EDGE('',*,*,#1115,.T.);
#629=ORIENTED_EDGE('',*,*,#1025,.F.);
#630=ORIENTED_EDGE('',*,*,#1116,.T.);
#631=ORIENTED_EDGE('',*,*,#1027,.F.);
#632=ORIENTED_EDGE('',*,*,#1117,.T.);
#633=ORIENTED_EDGE('',*,*,#926,.F.);
#634=ORIENTED_EDGE('',*,*,#1118,.T.);
#635=ORIENTED_EDGE('',*,*,#928,.F.);
#636=ORIENTED_EDGE('',*,*,#1119,.T.);
#637=ORIENTED_EDGE('',*,*,#1021,.F.);
#638=ORIENTED_EDGE('',*,*,#1120,.T.);
#639=ORIENTED_EDGE('',*,*,#1121,.F.);
#640=ORIENTED_EDGE('',*,*,#955,.F.);
#641=ORIENTED_EDGE('',*,*,#1122,.F.);
#642=ORIENTED_EDGE('',*,*,#914,.F.);
#643=ORIENTED_EDGE('',*,*,#1122,.T.);
#644=ORIENTED_EDGE('',*,*,#954,.F.);
#645=ORIENTED_EDGE('',*,*,#1123,.F.);
#646=ORIENTED_EDGE('',*,*,#1106,.F.);
#647=ORIENTED_EDGE('',*,*,#1121,.T.);
#648=ORIENTED_EDGE('',*,*,#1108,.F.);
#649=ORIENTED_EDGE('',*,*,#1124,.F.);
#650=ORIENTED_EDGE('',*,*,#956,.F.);
#651=ORIENTED_EDGE('',*,*,#1123,.T.);
#652=ORIENTED_EDGE('',*,*,#953,.F.);
#653=ORIENTED_EDGE('',*,*,#1125,.F.);
#654=ORIENTED_EDGE('',*,*,#1024,.F.);
#655=ORIENTED_EDGE('',*,*,#1124,.T.);
#656=ORIENTED_EDGE('',*,*,#1036,.F.);
#657=ORIENTED_EDGE('',*,*,#1126,.F.);
#658=ORIENTED_EDGE('',*,*,#957,.F.);
#659=ORIENTED_EDGE('',*,*,#1125,.T.);
#660=ORIENTED_EDGE('',*,*,#952,.F.);
#661=ORIENTED_EDGE('',*,*,#1127,.F.);
#662=ORIENTED_EDGE('',*,*,#1120,.F.);
#663=ORIENTED_EDGE('',*,*,#1126,.T.);
#664=ORIENTED_EDGE('',*,*,#1110,.F.);
#665=ORIENTED_EDGE('',*,*,#1128,.F.);
#666=ORIENTED_EDGE('',*,*,#958,.F.);
#667=ORIENTED_EDGE('',*,*,#1127,.T.);
#668=ORIENTED_EDGE('',*,*,#951,.F.);
#669=ORIENTED_EDGE('',*,*,#1129,.F.);
#670=ORIENTED_EDGE('',*,*,#929,.F.);
#671=ORIENTED_EDGE('',*,*,#1128,.T.);
#672=ORIENTED_EDGE('',*,*,#921,.F.);
#673=ORIENTED_EDGE('',*,*,#1130,.F.);
#674=ORIENTED_EDGE('',*,*,#959,.F.);
#675=ORIENTED_EDGE('',*,*,#1129,.T.);
#676=ORIENTED_EDGE('',*,*,#950,.F.);
#677=ORIENTED_EDGE('',*,*,#1131,.F.);
#678=ORIENTED_EDGE('',*,*,#1118,.F.);
#679=ORIENTED_EDGE('',*,*,#1130,.T.);
#680=ORIENTED_EDGE('',*,*,#1112,.F.);
#681=ORIENTED_EDGE('',*,*,#1132,.F.);
#682=ORIENTED_EDGE('',*,*,#960,.F.);
#683=ORIENTED_EDGE('',*,*,#1131,.T.);
#684=ORIENTED_EDGE('',*,*,#949,.F.);
#685=ORIENTED_EDGE('',*,*,#1133,.F.);
#686=ORIENTED_EDGE('',*,*,#1028,.F.);
#687=ORIENTED_EDGE('',*,*,#1132,.T.);
#688=ORIENTED_EDGE('',*,*,#1032,.F.);
#689=ORIENTED_EDGE('',*,*,#1134,.F.);
#690=ORIENTED_EDGE('',*,*,#961,.F.);
#691=ORIENTED_EDGE('',*,*,#1133,.T.);
#692=ORIENTED_EDGE('',*,*,#948,.F.);
#693=ORIENTED_EDGE('',*,*,#1135,.F.);
#694=ORIENTED_EDGE('',*,*,#1116,.F.);
#695=ORIENTED_EDGE('',*,*,#1134,.T.);
#696=ORIENTED_EDGE('',*,*,#1114,.F.);
#697=ORIENTED_EDGE('',*,*,#1136,.F.);
#698=ORIENTED_EDGE('',*,*,#946,.F.);
#699=ORIENTED_EDGE('',*,*,#1135,.T.);
#700=ORIENTED_EDGE('',*,*,#947,.F.);
#701=ORIENTED_EDGE('',*,*,#1136,.T.);
#702=ORIENTED_EDGE('',*,*,#925,.F.);
#703=ORIENTED_EDGE('',*,*,#1101,.F.);
#704=ORIENTED_EDGE('',*,*,#916,.F.);
#705=ORIENTED_EDGE('',*,*,#1137,.F.);
#706=ORIENTED_EDGE('',*,*,#982,.F.);
#707=ORIENTED_EDGE('',*,*,#1137,.T.);
#708=ORIENTED_EDGE('',*,*,#1105,.F.);
#709=ORIENTED_EDGE('',*,*,#1138,.F.);
#710=ORIENTED_EDGE('',*,*,#983,.F.);
#711=ORIENTED_EDGE('',*,*,#1138,.T.);
#712=ORIENTED_EDGE('',*,*,#1022,.F.);
#713=ORIENTED_EDGE('',*,*,#1139,.F.);
#714=ORIENTED_EDGE('',*,*,#984,.F.);
#715=ORIENTED_EDGE('',*,*,#1139,.T.);
#716=ORIENTED_EDGE('',*,*,#1119,.F.);
#717=ORIENTED_EDGE('',*,*,#1140,.F.);
#718=ORIENTED_EDGE('',*,*,#985,.F.);
#719=ORIENTED_EDGE('',*,*,#1140,.T.);
#720=ORIENTED_EDGE('',*,*,#927,.F.);
#721=ORIENTED_EDGE('',*,*,#1141,.F.);
#722=ORIENTED_EDGE('',*,*,#986,.F.);
#723=ORIENTED_EDGE('',*,*,#1141,.T.);
#724=ORIENTED_EDGE('',*,*,#1117,.F.);
#725=ORIENTED_EDGE('',*,*,#1142,.F.);
#726=ORIENTED_EDGE('',*,*,#987,.F.);
#727=ORIENTED_EDGE('',*,*,#1142,.T.);
#728=ORIENTED_EDGE('',*,*,#1026,.F.);
#729=ORIENTED_EDGE('',*,*,#1143,.F.);
#730=ORIENTED_EDGE('',*,*,#988,.F.);
#731=ORIENTED_EDGE('',*,*,#1143,.T.);
#732=ORIENTED_EDGE('',*,*,#1115,.F.);
#733=ORIENTED_EDGE('',*,*,#1144,.F.);
#734=ORIENTED_EDGE('',*,*,#989,.F.);
#735=ORIENTED_EDGE('',*,*,#1144,.T.);
#736=ORIENTED_EDGE('',*,*,#923,.F.);
#737=ORIENTED_EDGE('',*,*,#1145,.F.);
#738=ORIENTED_EDGE('',*,*,#990,.F.);
#739=ORIENTED_EDGE('',*,*,#1145,.T.);
#740=ORIENTED_EDGE('',*,*,#1113,.F.);
#741=ORIENTED_EDGE('',*,*,#1146,.F.);
#742=ORIENTED_EDGE('',*,*,#991,.F.);
#743=ORIENTED_EDGE('',*,*,#1146,.T.);
#744=ORIENTED_EDGE('',*,*,#1030,.F.);
#745=ORIENTED_EDGE('',*,*,#1147,.F.);
#746=ORIENTED_EDGE('',*,*,#992,.F.);
#747=ORIENTED_EDGE('',*,*,#1147,.T.);
#748=ORIENTED_EDGE('',*,*,#1111,.F.);
#749=ORIENTED_EDGE('',*,*,#1148,.F.);
#750=ORIENTED_EDGE('',*,*,#993,.F.);
#751=ORIENTED_EDGE('',*,*,#1148,.T.);
#752=ORIENTED_EDGE('',*,*,#919,.F.);
#753=ORIENTED_EDGE('',*,*,#1149,.F.);
#754=ORIENTED_EDGE('',*,*,#994,.F.);
#755=ORIENTED_EDGE('',*,*,#1149,.T.);
#756=ORIENTED_EDGE('',*,*,#1109,.F.);
#757=ORIENTED_EDGE('',*,*,#1150,.F.);
#758=ORIENTED_EDGE('',*,*,#995,.F.);
#759=ORIENTED_EDGE('',*,*,#1150,.T.);
#760=ORIENTED_EDGE('',*,*,#1034,.F.);
#761=ORIENTED_EDGE('',*,*,#1151,.F.);
#762=ORIENTED_EDGE('',*,*,#996,.F.);
#763=ORIENTED_EDGE('',*,*,#1151,.T.);
#764=ORIENTED_EDGE('',*,*,#1107,.F.);
#765=ORIENTED_EDGE('',*,*,#1152,.F.);
#766=ORIENTED_EDGE('',*,*,#966,.F.);
#767=ORIENTED_EDGE('',*,*,#1103,.F.);
#768=ORIENTED_EDGE('',*,*,#967,.F.);
#769=ORIENTED_EDGE('',*,*,#1152,.T.);
#770=ORIENTED_EDGE('',*,*,#912,.F.);
#771=ORIENTED_EDGE('',*,*,#1104,.F.);
#772=ORIENTED_EDGE('',*,*,#875,.F.);
#773=ORIENTED_EDGE('',*,*,#1153,.F.);
#774=ORIENTED_EDGE('',*,*,#870,.F.);
#775=ORIENTED_EDGE('',*,*,#1082,.F.);
#776=ORIENTED_EDGE('',*,*,#1153,.T.);
#777=ORIENTED_EDGE('',*,*,#1154,.F.);
#778=ORIENTED_EDGE('',*,*,#1154,.T.);
#779=ORIENTED_EDGE('',*,*,#894,.F.);
#780=ORIENTED_EDGE('',*,*,#1155,.F.);
#781=ORIENTED_EDGE('',*,*,#1085,.F.);
#782=ORIENTED_EDGE('',*,*,#1155,.T.);
#783=ORIENTED_EDGE('',*,*,#893,.F.);
#784=ORIENTED_EDGE('',*,*,#1156,.F.);
#785=ORIENTED_EDGE('',*,*,#1088,.F.);
#786=ORIENTED_EDGE('',*,*,#1156,.T.);
#787=ORIENTED_EDGE('',*,*,#892,.F.);
#788=ORIENTED_EDGE('',*,*,#1157,.F.);
#789=ORIENTED_EDGE('',*,*,#1091,.F.);
#790=ORIENTED_EDGE('',*,*,#1080,.F.);
#791=ORIENTED_EDGE('',*,*,#1157,.T.);
#792=ORIENTED_EDGE('',*,*,#1158,.F.);
#793=ORIENTED_EDGE('',*,*,#1158,.T.);
#794=ORIENTED_EDGE('',*,*,#891,.F.);
#795=ORIENTED_EDGE('',*,*,#1159,.F.);
#796=ORIENTED_EDGE('',*,*,#904,.F.);
#797=ORIENTED_EDGE('',*,*,#1070,.F.);
#798=ORIENTED_EDGE('',*,*,#1159,.T.);
#799=ORIENTED_EDGE('',*,*,#1160,.F.);
#800=ORIENTED_EDGE('',*,*,#1160,.T.);
#801=ORIENTED_EDGE('',*,*,#890,.F.);
#802=ORIENTED_EDGE('',*,*,#1161,.F.);
#803=ORIENTED_EDGE('',*,*,#1072,.F.);
#804=ORIENTED_EDGE('',*,*,#1161,.T.);
#805=ORIENTED_EDGE('',*,*,#889,.F.);
#806=ORIENTED_EDGE('',*,*,#1162,.F.);
#807=ORIENTED_EDGE('',*,*,#1074,.F.);
#808=ORIENTED_EDGE('',*,*,#1162,.T.);
#809=ORIENTED_EDGE('',*,*,#888,.F.);
#810=ORIENTED_EDGE('',*,*,#1163,.F.);
#811=ORIENTED_EDGE('',*,*,#1076,.F.);
#812=ORIENTED_EDGE('',*,*,#1078,.F.);
#813=ORIENTED_EDGE('',*,*,#1163,.T.);
#814=ORIENTED_EDGE('',*,*,#1164,.F.);
#815=ORIENTED_EDGE('',*,*,#1164,.T.);
#816=ORIENTED_EDGE('',*,*,#887,.F.);
#817=ORIENTED_EDGE('',*,*,#1165,.F.);
#818=ORIENTED_EDGE('',*,*,#896,.F.);
#819=ORIENTED_EDGE('',*,*,#1040,.F.);
#820=ORIENTED_EDGE('',*,*,#1165,.T.);
#821=ORIENTED_EDGE('',*,*,#1166,.F.);
#822=ORIENTED_EDGE('',*,*,#1166,.T.);
#823=ORIENTED_EDGE('',*,*,#886,.F.);
#824=ORIENTED_EDGE('',*,*,#1167,.F.);
#825=ORIENTED_EDGE('',*,*,#1043,.F.);
#826=ORIENTED_EDGE('',*,*,#1167,.T.);
#827=ORIENTED_EDGE('',*,*,#885,.F.);
#828=ORIENTED_EDGE('',*,*,#1168,.F.);
#829=ORIENTED_EDGE('',*,*,#1046,.F.);
#830=ORIENTED_EDGE('',*,*,#1168,.T.);
#831=ORIENTED_EDGE('',*,*,#884,.F.);
#832=ORIENTED_EDGE('',*,*,#1169,.F.);
#833=ORIENTED_EDGE('',*,*,#1049,.F.);
#834=ORIENTED_EDGE('',*,*,#1038,.F.);
#835=ORIENTED_EDGE('',*,*,#1169,.T.);
#836=ORIENTED_EDGE('',*,*,#1170,.F.);
#837=ORIENTED_EDGE('',*,*,#1170,.T.);
#838=ORIENTED_EDGE('',*,*,#883,.F.);
#839=ORIENTED_EDGE('',*,*,#1171,.F.);
#840=ORIENTED_EDGE('',*,*,#931,.F.);
#841=ORIENTED_EDGE('',*,*,#1051,.F.);
#842=ORIENTED_EDGE('',*,*,#1171,.T.);
#843=ORIENTED_EDGE('',*,*,#1172,.F.);
#844=ORIENTED_EDGE('',*,*,#1172,.T.);
#845=ORIENTED_EDGE('',*,*,#882,.F.);
#846=ORIENTED_EDGE('',*,*,#1173,.F.);
#847=ORIENTED_EDGE('',*,*,#1054,.F.);
#848=ORIENTED_EDGE('',*,*,#1173,.T.);
#849=ORIENTED_EDGE('',*,*,#881,.F.);
#850=ORIENTED_EDGE('',*,*,#1174,.F.);
#851=ORIENTED_EDGE('',*,*,#1057,.F.);
#852=ORIENTED_EDGE('',*,*,#1174,.T.);
#853=ORIENTED_EDGE('',*,*,#880,.F.);
#854=ORIENTED_EDGE('',*,*,#1175,.F.);
#855=ORIENTED_EDGE('',*,*,#1060,.F.);
#856=ORIENTED_EDGE('',*,*,#1063,.F.);
#857=ORIENTED_EDGE('',*,*,#1175,.T.);
#858=ORIENTED_EDGE('',*,*,#1176,.F.);
#859=ORIENTED_EDGE('',*,*,#1176,.T.);
#860=ORIENTED_EDGE('',*,*,#879,.F.);
#861=ORIENTED_EDGE('',*,*,#1102,.F.);
#862=ORIENTED_EDGE('',*,*,#864,.F.);
#863=EDGE_CURVE('',#1177,#1178,#1373,.T.);
#864=EDGE_CURVE('',#1178,#1179,#1374,.T.);
#865=EDGE_CURVE('',#1180,#1179,#1375,.T.);
#866=EDGE_CURVE('',#1181,#1180,#1376,.T.);
#867=EDGE_CURVE('',#1181,#1182,#1377,.T.);
#868=EDGE_CURVE('',#1182,#1177,#1378,.T.);
#869=EDGE_CURVE('',#1183,#1184,#1379,.T.);
#870=EDGE_CURVE('',#1183,#1185,#1380,.T.);
#871=EDGE_CURVE('',#1186,#1185,#1381,.T.);
#872=EDGE_CURVE('',#1187,#1186,#1382,.T.);
#873=EDGE_CURVE('',#1188,#1187,#1383,.T.);
#874=EDGE_CURVE('',#1184,#1188,#1384,.T.);
#875=EDGE_CURVE('',#1189,#1190,#1385,.F.);
#876=EDGE_CURVE('',#1191,#1190,#1386,.T.);
#877=EDGE_CURVE('',#1192,#1191,#1387,.T.);
#878=EDGE_CURVE('',#1192,#1193,#1388,.T.);
#879=EDGE_CURVE('',#1193,#1194,#1389,.F.);
#880=EDGE_CURVE('',#1194,#1195,#1390,.T.);
#881=EDGE_CURVE('',#1195,#1196,#117,.T.);
#882=EDGE_CURVE('',#1196,#1197,#1391,.T.);
#883=EDGE_CURVE('',#1197,#1198,#1392,.T.);
#884=EDGE_CURVE('',#1198,#1199,#1393,.F.);
#885=EDGE_CURVE('',#1199,#1200,#118,.T.);
#886=EDGE_CURVE('',#1200,#1201,#1394,.F.);
#887=EDGE_CURVE('',#1201,#1202,#1395,.T.);
#888=EDGE_CURVE('',#1202,#1203,#1396,.T.);
#889=EDGE_CURVE('',#1203,#1204,#119,.T.);
#890=EDGE_CURVE('',#1204,#1205,#1397,.T.);
#891=EDGE_CURVE('',#1205,#1206,#1398,.F.);
#892=EDGE_CURVE('',#1206,#1207,#1399,.F.);
#893=EDGE_CURVE('',#1207,#1208,#120,.T.);
#894=EDGE_CURVE('',#1208,#1189,#1400,.F.);
#895=EDGE_CURVE('',#1209,#1210,#1401,.T.);
#896=EDGE_CURVE('',#1210,#1211,#1402,.F.);
#897=EDGE_CURVE('',#1212,#1211,#1403,.T.);
#898=EDGE_CURVE('',#1213,#1212,#1404,.T.);
#899=EDGE_CURVE('',#1213,#1214,#1405,.T.);
#900=EDGE_CURVE('',#1214,#1215,#1406,.T.);
#901=EDGE_CURVE('',#1216,#1215,#1407,.T.);
#902=EDGE_CURVE('',#1216,#1209,#1408,.T.);
#903=EDGE_CURVE('',#1217,#1218,#1409,.T.);
#904=EDGE_CURVE('',#1218,#1219,#1410,.T.);
#905=EDGE_CURVE('',#1220,#1219,#1411,.T.);
#906=EDGE_CURVE('',#1220,#1221,#1412,.T.);
#907=EDGE_CURVE('',#1222,#1221,#1413,.T.);
#908=EDGE_CURVE('',#1223,#1222,#1414,.T.);
#909=EDGE_CURVE('',#1223,#1224,#1415,.T.);
#910=EDGE_CURVE('',#1217,#1224,#1416,.T.);
#911=EDGE_CURVE('',#1191,#1225,#1417,.T.);
#912=EDGE_CURVE('',#1225,#1226,#1418,.T.);
#913=EDGE_CURVE('',#1226,#1227,#1419,.F.);
#914=EDGE_CURVE('',#1227,#1228,#1420,.T.);
#915=EDGE_CURVE('',#1228,#1229,#1421,.F.);
#916=EDGE_CURVE('',#1229,#1230,#1422,.T.);
#917=EDGE_CURVE('',#1230,#1192,#1423,.T.);
#918=EDGE_CURVE('',#1231,#1232,#1424,.T.);
#919=EDGE_CURVE('',#1232,#1233,#1425,.T.);
#920=EDGE_CURVE('',#1233,#1234,#1426,.T.);
#921=EDGE_CURVE('',#1234,#1231,#1427,.T.);
#922=EDGE_CURVE('',#1235,#1236,#1428,.T.);
#923=EDGE_CURVE('',#1236,#1237,#1429,.T.);
#924=EDGE_CURVE('',#1237,#1238,#1430,.T.);
#925=EDGE_CURVE('',#1238,#1235,#1431,.T.);
#926=EDGE_CURVE('',#1239,#1240,#1432,.F.);
#927=EDGE_CURVE('',#1240,#1241,#1433,.T.);
#928=EDGE_CURVE('',#1241,#1242,#1434,.F.);
#929=EDGE_CURVE('',#1242,#1239,#1435,.T.);
#930=EDGE_CURVE('',#1243,#1244,#1436,.T.);
#931=EDGE_CURVE('',#1244,#1245,#1437,.F.);
#932=EDGE_CURVE('',#1246,#1245,#1438,.T.);
#933=EDGE_CURVE('',#1246,#1247,#1439,.T.);
#934=EDGE_CURVE('',#1247,#1248,#1440,.T.);
#935=EDGE_CURVE('',#1248,#1249,#1441,.T.);
#936=EDGE_CURVE('',#1250,#1249,#1442,.T.);
#937=EDGE_CURVE('',#1243,#1250,#1443,.T.);
#938=EDGE_CURVE('',#1251,#1251,#121,.T.);
#939=EDGE_CURVE('',#1252,#1252,#122,.F.);
#940=EDGE_CURVE('',#1253,#1253,#123,.T.);
#941=EDGE_CURVE('',#1254,#1254,#124,.F.);
#942=EDGE_CURVE('',#1255,#1255,#125,.T.);
#943=EDGE_CURVE('',#1256,#1256,#126,.F.);
#944=EDGE_CURVE('',#1257,#1257,#127,.T.);
#945=EDGE_CURVE('',#1258,#1258,#128,.F.);
#946=EDGE_CURVE('',#1259,#1260,#129,.F.);
#947=EDGE_CURVE('',#1260,#1261,#1444,.T.);
#948=EDGE_CURVE('',#1261,#1262,#130,.F.);
#949=EDGE_CURVE('',#1262,#1263,#131,.T.);
#950=EDGE_CURVE('',#1263,#1264,#132,.F.);
#951=EDGE_CURVE('',#1264,#1265,#1445,.T.);
#952=EDGE_CURVE('',#1265,#1266,#133,.F.);
#953=EDGE_CURVE('',#1266,#1267,#134,.T.);
#954=EDGE_CURVE('',#1267,#1268,#135,.F.);
#955=EDGE_CURVE('',#1268,#1269,#1446,.T.);
#956=EDGE_CURVE('',#1269,#1270,#136,.F.);
#957=EDGE_CURVE('',#1270,#1271,#137,.T.);
#958=EDGE_CURVE('',#1271,#1272,#138,.F.);
#959=EDGE_CURVE('',#1272,#1273,#1447,.T.);
#960=EDGE_CURVE('',#1273,#1274,#139,.F.);
#961=EDGE_CURVE('',#1274,#1259,#140,.T.);
#962=EDGE_CURVE('',#1275,#1275,#141,.T.);
#963=EDGE_CURVE('',#1276,#1276,#142,.T.);
#964=EDGE_CURVE('',#1277,#1277,#143,.T.);
#965=EDGE_CURVE('',#1278,#1278,#144,.T.);
#966=EDGE_CURVE('',#1279,#1280,#145,.F.);
#967=EDGE_CURVE('',#1280,#1281,#1448,.T.);
#968=EDGE_CURVE('',#1184,#1281,#1449,.T.);
#969=EDGE_CURVE('',#1188,#1282,#1450,.T.);
#970=EDGE_CURVE('',#1282,#1283,#146,.T.);
#971=EDGE_CURVE('',#1223,#1283,#1451,.T.);
#972=EDGE_CURVE('',#1222,#1284,#1452,.T.);
#973=EDGE_CURVE('',#1285,#1284,#147,.F.);
#974=EDGE_CURVE('',#1215,#1285,#1453,.T.);
#975=EDGE_CURVE('',#1214,#1286,#1454,.T.);
#976=EDGE_CURVE('',#1286,#1287,#148,.T.);
#977=EDGE_CURVE('',#1249,#1287,#1455,.T.);
#978=EDGE_CURVE('',#1248,#1288,#1456,.T.);
#979=EDGE_CURVE('',#1289,#1288,#149,.F.);
#980=EDGE_CURVE('',#1181,#1289,#1457,.T.);
#981=EDGE_CURVE('',#1290,#1180,#1458,.T.);
#982=EDGE_CURVE('',#1290,#1291,#1459,.T.);
#983=EDGE_CURVE('',#1291,#1292,#150,.F.);
#984=EDGE_CURVE('',#1292,#1293,#151,.T.);
#985=EDGE_CURVE('',#1293,#1294,#152,.F.);
#986=EDGE_CURVE('',#1294,#1295,#1460,.T.);
#987=EDGE_CURVE('',#1295,#1296,#153,.F.);
#988=EDGE_CURVE('',#1296,#1297,#154,.T.);
#989=EDGE_CURVE('',#1297,#1298,#155,.F.);
#990=EDGE_CURVE('',#1298,#1299,#1461,.T.);
#991=EDGE_CURVE('',#1299,#1300,#156,.F.);
#992=EDGE_CURVE('',#1300,#1301,#157,.T.);
#993=EDGE_CURVE('',#1301,#1302,#158,.F.);
#994=EDGE_CURVE('',#1302,#1303,#1462,.T.);
#995=EDGE_CURVE('',#1303,#1304,#159,.F.);
#996=EDGE_CURVE('',#1304,#1279,#160,.T.);
#997=EDGE_CURVE('',#1305,#1305,#161,.T.);
#998=EDGE_CURVE('',#1306,#1306,#162,.T.);
#999=EDGE_CURVE('',#1307,#1307,#163,.T.);
#1000=EDGE_CURVE('',#1308,#1308,#164,.T.);
#1001=EDGE_CURVE('',#1187,#1309,#1463,.T.);
#1002=EDGE_CURVE('',#1282,#1309,#1464,.T.);
#1003=EDGE_CURVE('',#1224,#1310,#1465,.T.);
#1004=EDGE_CURVE('',#1283,#1310,#1466,.T.);
#1005=EDGE_CURVE('',#1309,#1310,#165,.T.);
#1006=EDGE_CURVE('',#1221,#1311,#1467,.T.);
#1007=EDGE_CURVE('',#1284,#1311,#1468,.T.);
#1008=EDGE_CURVE('',#1216,#1312,#1469,.T.);
#1009=EDGE_CURVE('',#1285,#1312,#1470,.T.);
#1010=EDGE_CURVE('',#1312,#1311,#166,.F.);
#1011=EDGE_CURVE('',#1182,#1313,#1471,.T.);
#1012=EDGE_CURVE('',#1289,#1313,#1472,.T.);
#1013=EDGE_CURVE('',#1313,#1314,#167,.F.);
#1014=EDGE_CURVE('',#1288,#1314,#1473,.T.);
#1015=EDGE_CURVE('',#1247,#1314,#1474,.T.);
#1016=EDGE_CURVE('',#1286,#1315,#1475,.T.);
#1017=EDGE_CURVE('',#1315,#1316,#168,.T.);
#1018=EDGE_CURVE('',#1287,#1316,#1476,.T.);
#1019=EDGE_CURVE('',#1250,#1316,#1477,.T.);
#1020=EDGE_CURVE('',#1213,#1315,#1478,.T.);
#1021=EDGE_CURVE('',#1317,#1318,#1479,.F.);
#1022=EDGE_CURVE('',#1318,#1319,#169,.F.);
#1023=EDGE_CURVE('',#1319,#1320,#1480,.T.);
#1024=EDGE_CURVE('',#1320,#1317,#170,.F.);
#1025=EDGE_CURVE('',#1321,#1322,#1481,.F.);
#1026=EDGE_CURVE('',#1322,#1323,#171,.F.);
#1027=EDGE_CURVE('',#1323,#1324,#1482,.T.);
#1028=EDGE_CURVE('',#1324,#1321,#172,.F.);
#1029=EDGE_CURVE('',#1325,#1326,#1483,.F.);
#1030=EDGE_CURVE('',#1326,#1327,#173,.F.);
#1031=EDGE_CURVE('',#1327,#1328,#1484,.T.);
#1032=EDGE_CURVE('',#1328,#1325,#174,.F.);
#1033=EDGE_CURVE('',#1329,#1330,#1485,.F.);
#1034=EDGE_CURVE('',#1330,#1331,#175,.F.);
#1035=EDGE_CURVE('',#1331,#1332,#1486,.T.);
#1036=EDGE_CURVE('',#1332,#1329,#176,.F.);
#1037=EDGE_CURVE('',#1333,#1334,#1487,.T.);
#1038=EDGE_CURVE('',#1334,#1244,#177,.T.);
#1039=EDGE_CURVE('',#1333,#1243,#178,.F.);
#1040=EDGE_CURVE('',#1211,#1335,#179,.T.);
#1041=EDGE_CURVE('',#1336,#1335,#1488,.T.);
#1042=EDGE_CURVE('',#1212,#1336,#180,.F.);
#1043=EDGE_CURVE('',#1335,#1337,#1489,.T.);
#1044=EDGE_CURVE('',#1338,#1337,#1490,.T.);
#1045=EDGE_CURVE('',#1336,#1338,#1491,.T.);
#1046=EDGE_CURVE('',#1337,#1339,#181,.F.);
#1047=EDGE_CURVE('',#1340,#1339,#1492,.T.);
#1048=EDGE_CURVE('',#1340,#1338,#182,.F.);
#1049=EDGE_CURVE('',#1339,#1334,#1493,.T.);
#1050=EDGE_CURVE('',#1340,#1333,#1494,.T.);
#1051=EDGE_CURVE('',#1245,#1341,#183,.T.);
#1052=EDGE_CURVE('',#1342,#1341,#1495,.T.);
#1053=EDGE_CURVE('',#1342,#1246,#184,.T.);
#1054=EDGE_CURVE('',#1341,#1343,#1496,.F.);
#1055=EDGE_CURVE('',#1344,#1343,#1497,.T.);
#1056=EDGE_CURVE('',#1344,#1342,#1498,.T.);
#1057=EDGE_CURVE('',#1343,#1345,#185,.F.);
#1058=EDGE_CURVE('',#1346,#1345,#1499,.T.);
#1059=EDGE_CURVE('',#1344,#1346,#186,.T.);
#1060=EDGE_CURVE('',#1345,#1347,#1500,.F.);
#1061=EDGE_CURVE('',#1348,#1347,#1501,.T.);
#1062=EDGE_CURVE('',#1348,#1346,#1502,.T.);
#1063=EDGE_CURVE('',#1347,#1178,#187,.T.);
#1064=EDGE_CURVE('',#1177,#1348,#188,.T.);
#1065=EDGE_CURVE('',#1349,#1220,#189,.T.);
#1066=EDGE_CURVE('',#1350,#1349,#1503,.T.);
#1067=EDGE_CURVE('',#1350,#1351,#190,.T.);
#1068=EDGE_CURVE('',#1352,#1351,#1504,.T.);
#1069=EDGE_CURVE('',#1209,#1352,#191,.T.);
#1070=EDGE_CURVE('',#1219,#1353,#192,.T.);
#1071=EDGE_CURVE('',#1349,#1353,#1505,.T.);
#1072=EDGE_CURVE('',#1353,#1354,#1506,.F.);
#1073=EDGE_CURVE('',#1350,#1354,#1507,.T.);
#1074=EDGE_CURVE('',#1354,#1355,#193,.F.);
#1075=EDGE_CURVE('',#1351,#1355,#1508,.T.);
#1076=EDGE_CURVE('',#1355,#1356,#1509,.F.);
#1077=EDGE_CURVE('',#1352,#1356,#1510,.T.);
#1078=EDGE_CURVE('',#1356,#1210,#194,.T.);
#1079=EDGE_CURVE('',#1357,#1358,#1511,.T.);
#1080=EDGE_CURVE('',#1358,#1218,#195,.T.);
#1081=EDGE_CURVE('',#1357,#1217,#196,.F.);
#1082=EDGE_CURVE('',#1185,#1359,#197,.T.);
#1083=EDGE_CURVE('',#1360,#1359,#1512,.T.);
#1084=EDGE_CURVE('',#1186,#1360,#198,.F.);
#1085=EDGE_CURVE('',#1359,#1361,#1513,.T.);
#1086=EDGE_CURVE('',#1362,#1361,#1514,.T.);
#1087=EDGE_CURVE('',#1360,#1362,#1515,.T.);
#1088=EDGE_CURVE('',#1361,#1363,#199,.F.);
#1089=EDGE_CURVE('',#1364,#1363,#1516,.T.);
#1090=EDGE_CURVE('',#1364,#1362,#200,.F.);
#1091=EDGE_CURVE('',#1363,#1358,#1517,.T.);
#1092=EDGE_CURVE('',#1364,#1357,#1518,.T.);
#1093=EDGE_CURVE('',#1365,#1365,#201,.F.);
#1094=EDGE_CURVE('',#1366,#1366,#202,.F.);
#1095=EDGE_CURVE('',#1367,#1367,#203,.F.);
#1096=EDGE_CURVE('',#1368,#1368,#204,.F.);
#1097=EDGE_CURVE('',#1369,#1369,#205,.F.);
#1098=EDGE_CURVE('',#1370,#1370,#206,.F.);
#1099=EDGE_CURVE('',#1371,#1371,#207,.F.);
#1100=EDGE_CURVE('',#1372,#1372,#208,.F.);
#1101=EDGE_CURVE('',#1230,#1290,#1519,.T.);
#1102=EDGE_CURVE('',#1179,#1193,#209,.T.);
#1103=EDGE_CURVE('',#1281,#1225,#1520,.T.);
#1104=EDGE_CURVE('',#1190,#1183,#210,.T.);
#1105=EDGE_CURVE('',#1319,#1229,#211,.T.);
#1106=EDGE_CURVE('',#1228,#1320,#212,.T.);
#1107=EDGE_CURVE('',#1226,#1330,#213,.T.);
#1108=EDGE_CURVE('',#1329,#1227,#214,.T.);
#1109=EDGE_CURVE('',#1331,#1232,#215,.T.);
#1110=EDGE_CURVE('',#1231,#1332,#216,.T.);
#1111=EDGE_CURVE('',#1233,#1326,#217,.T.);
#1112=EDGE_CURVE('',#1325,#1234,#218,.T.);
#1113=EDGE_CURVE('',#1327,#1236,#219,.T.);
#1114=EDGE_CURVE('',#1235,#1328,#220,.T.);
#1115=EDGE_CURVE('',#1237,#1322,#221,.T.);
#1116=EDGE_CURVE('',#1321,#1238,#222,.T.);
#1117=EDGE_CURVE('',#1323,#1240,#223,.T.);
#1118=EDGE_CURVE('',#1239,#1324,#224,.T.);
#1119=EDGE_CURVE('',#1241,#1318,#225,.T.);
#1120=EDGE_CURVE('',#1317,#1242,#226,.T.);
#1121=EDGE_CURVE('',#1269,#1227,#1521,.T.);
#1122=EDGE_CURVE('',#1228,#1268,#1522,.T.);
#1123=EDGE_CURVE('',#1320,#1267,#1523,.T.);
#1124=EDGE_CURVE('',#1270,#1329,#1524,.T.);
#1125=EDGE_CURVE('',#1317,#1266,#1525,.T.);
#1126=EDGE_CURVE('',#1271,#1332,#1526,.T.);
#1127=EDGE_CURVE('',#1242,#1265,#1527,.T.);
#1128=EDGE_CURVE('',#1272,#1231,#1528,.T.);
#1129=EDGE_CURVE('',#1239,#1264,#1529,.T.);
#1130=EDGE_CURVE('',#1273,#1234,#1530,.T.);
#1131=EDGE_CURVE('',#1324,#1263,#1531,.T.);
#1132=EDGE_CURVE('',#1274,#1325,#1532,.T.);
#1133=EDGE_CURVE('',#1321,#1262,#1533,.T.);
#1134=EDGE_CURVE('',#1259,#1328,#1534,.T.);
#1135=EDGE_CURVE('',#1238,#1261,#1535,.T.);
#1136=EDGE_CURVE('',#1260,#1235,#1536,.T.);
#1137=EDGE_CURVE('',#1291,#1229,#1537,.T.);
#1138=EDGE_CURVE('',#1292,#1319,#1538,.T.);
#1139=EDGE_CURVE('',#1293,#1318,#1539,.T.);
#1140=EDGE_CURVE('',#1294,#1241,#1540,.T.);
#1141=EDGE_CURVE('',#1295,#1240,#1541,.T.);
#1142=EDGE_CURVE('',#1296,#1323,#1542,.T.);
#1143=EDGE_CURVE('',#1297,#1322,#1543,.T.);
#1144=EDGE_CURVE('',#1298,#1237,#1544,.T.);
#1145=EDGE_CURVE('',#1299,#1236,#1545,.T.);
#1146=EDGE_CURVE('',#1300,#1327,#1546,.T.);
#1147=EDGE_CURVE('',#1301,#1326,#1547,.T.);
#1148=EDGE_CURVE('',#1302,#1233,#1548,.T.);
#1149=EDGE_CURVE('',#1303,#1232,#1549,.T.);
#1150=EDGE_CURVE('',#1304,#1331,#1550,.T.);
#1151=EDGE_CURVE('',#1279,#1330,#1551,.T.);
#1152=EDGE_CURVE('',#1280,#1226,#1552,.T.);
#1153=EDGE_CURVE('',#1185,#1189,#24,.F.);
#1154=EDGE_CURVE('',#1359,#1189,#25,.F.);
#1155=EDGE_CURVE('',#1361,#1208,#227,.T.);
#1156=EDGE_CURVE('',#1363,#1207,#228,.T.);
#1157=EDGE_CURVE('',#1358,#1206,#26,.F.);
#1158=EDGE_CURVE('',#1218,#1206,#27,.F.);
#1159=EDGE_CURVE('',#1219,#1205,#28,.F.);
#1160=EDGE_CURVE('',#1353,#1205,#29,.F.);
#1161=EDGE_CURVE('',#1354,#1204,#229,.T.);
#1162=EDGE_CURVE('',#1355,#1203,#230,.T.);
#1163=EDGE_CURVE('',#1356,#1202,#30,.F.);
#1164=EDGE_CURVE('',#1210,#1202,#31,.F.);
#1165=EDGE_CURVE('',#1211,#1201,#32,.F.);
#1166=EDGE_CURVE('',#1335,#1201,#33,.F.);
#1167=EDGE_CURVE('',#1337,#1200,#231,.T.);
#1168=EDGE_CURVE('',#1339,#1199,#232,.T.);
#1169=EDGE_CURVE('',#1334,#1198,#34,.F.);
#1170=EDGE_CURVE('',#1244,#1198,#35,.F.);
#1171=EDGE_CURVE('',#1245,#1197,#36,.F.);
#1172=EDGE_CURVE('',#1341,#1197,#37,.F.);
#1173=EDGE_CURVE('',#1343,#1196,#233,.T.);
#1174=EDGE_CURVE('',#1345,#1195,#234,.T.);
#1175=EDGE_CURVE('',#1347,#1194,#38,.F.);
#1176=EDGE_CURVE('',#1178,#1194,#39,.F.);
#1177=VERTEX_POINT('',#3236);
#1178=VERTEX_POINT('',#3237);
#1179=VERTEX_POINT('',#3239);
#1180=VERTEX_POINT('',#3241);
#1181=VERTEX_POINT('',#3243);
#1182=VERTEX_POINT('',#3245);
#1183=VERTEX_POINT('',#3249);
#1184=VERTEX_POINT('',#3250);
#1185=VERTEX_POINT('',#3252);
#1186=VERTEX_POINT('',#3254);
#1187=VERTEX_POINT('',#3256);
#1188=VERTEX_POINT('',#3258);
#1189=VERTEX_POINT('',#3262);
#1190=VERTEX_POINT('',#3263);
#1191=VERTEX_POINT('',#3265);
#1192=VERTEX_POINT('',#3267);
#1193=VERTEX_POINT('',#3269);
#1194=VERTEX_POINT('',#3271);
#1195=VERTEX_POINT('',#3273);
#1196=VERTEX_POINT('',#3275);
#1197=VERTEX_POINT('',#3277);
#1198=VERTEX_POINT('',#3279);
#1199=VERTEX_POINT('',#3281);
#1200=VERTEX_POINT('',#3283);
#1201=VERTEX_POINT('',#3285);
#1202=VERTEX_POINT('',#3287);
#1203=VERTEX_POINT('',#3289);
#1204=VERTEX_POINT('',#3291);
#1205=VERTEX_POINT('',#3293);
#1206=VERTEX_POINT('',#3295);
#1207=VERTEX_POINT('',#3297);
#1208=VERTEX_POINT('',#3299);
#1209=VERTEX_POINT('',#3303);
#1210=VERTEX_POINT('',#3304);
#1211=VERTEX_POINT('',#3306);
#1212=VERTEX_POINT('',#3308);
#1213=VERTEX_POINT('',#3310);
#1214=VERTEX_POINT('',#3312);
#1215=VERTEX_POINT('',#3314);
#1216=VERTEX_POINT('',#3316);
#1217=VERTEX_POINT('',#3320);
#1218=VERTEX_POINT('',#3321);
#1219=VERTEX_POINT('',#3323);
#1220=VERTEX_POINT('',#3325);
#1221=VERTEX_POINT('',#3327);
#1222=VERTEX_POINT('',#3329);
#1223=VERTEX_POINT('',#3331);
#1224=VERTEX_POINT('',#3333);
#1225=VERTEX_POINT('',#3337);
#1226=VERTEX_POINT('',#3339);
#1227=VERTEX_POINT('',#3341);
#1228=VERTEX_POINT('',#3343);
#1229=VERTEX_POINT('',#3345);
#1230=VERTEX_POINT('',#3347);
#1231=VERTEX_POINT('',#3351);
#1232=VERTEX_POINT('',#3352);
#1233=VERTEX_POINT('',#3354);
#1234=VERTEX_POINT('',#3356);
#1235=VERTEX_POINT('',#3360);
#1236=VERTEX_POINT('',#3361);
#1237=VERTEX_POINT('',#3363);
#1238=VERTEX_POINT('',#3365);
#1239=VERTEX_POINT('',#3369);
#1240=VERTEX_POINT('',#3370);
#1241=VERTEX_POINT('',#3372);
#1242=VERTEX_POINT('',#3374);
#1243=VERTEX_POINT('',#3378);
#1244=VERTEX_POINT('',#3379);
#1245=VERTEX_POINT('',#3381);
#1246=VERTEX_POINT('',#3383);
#1247=VERTEX_POINT('',#3385);
#1248=VERTEX_POINT('',#3387);
#1249=VERTEX_POINT('',#3389);
#1250=VERTEX_POINT('',#3391);
#1251=VERTEX_POINT('',#3395);
#1252=VERTEX_POINT('',#3397);
#1253=VERTEX_POINT('',#3400);
#1254=VERTEX_POINT('',#3402);
#1255=VERTEX_POINT('',#3405);
#1256=VERTEX_POINT('',#3407);
#1257=VERTEX_POINT('',#3410);
#1258=VERTEX_POINT('',#3412);
#1259=VERTEX_POINT('',#3415);
#1260=VERTEX_POINT('',#3416);
#1261=VERTEX_POINT('',#3418);
#1262=VERTEX_POINT('',#3420);
#1263=VERTEX_POINT('',#3422);
#1264=VERTEX_POINT('',#3424);
#1265=VERTEX_POINT('',#3426);
#1266=VERTEX_POINT('',#3428);
#1267=VERTEX_POINT('',#3430);
#1268=VERTEX_POINT('',#3432);
#1269=VERTEX_POINT('',#3434);
#1270=VERTEX_POINT('',#3436);
#1271=VERTEX_POINT('',#3438);
#1272=VERTEX_POINT('',#3440);
#1273=VERTEX_POINT('',#3442);
#1274=VERTEX_POINT('',#3444);
#1275=VERTEX_POINT('',#3447);
#1276=VERTEX_POINT('',#3449);
#1277=VERTEX_POINT('',#3451);
#1278=VERTEX_POINT('',#3453);
#1279=VERTEX_POINT('',#3456);
#1280=VERTEX_POINT('',#3457);
#1281=VERTEX_POINT('',#3459);
#1282=VERTEX_POINT('',#3462);
#1283=VERTEX_POINT('',#3464);
#1284=VERTEX_POINT('',#3467);
#1285=VERTEX_POINT('',#3469);
#1286=VERTEX_POINT('',#3472);
#1287=VERTEX_POINT('',#3474);
#1288=VERTEX_POINT('',#3477);
#1289=VERTEX_POINT('',#3479);
#1290=VERTEX_POINT('',#3482);
#1291=VERTEX_POINT('',#3484);
#1292=VERTEX_POINT('',#3486);
#1293=VERTEX_POINT('',#3488);
#1294=VERTEX_POINT('',#3490);
#1295=VERTEX_POINT('',#3492);
#1296=VERTEX_POINT('',#3494);
#1297=VERTEX_POINT('',#3496);
#1298=VERTEX_POINT('',#3498);
#1299=VERTEX_POINT('',#3500);
#1300=VERTEX_POINT('',#3502);
#1301=VERTEX_POINT('',#3504);
#1302=VERTEX_POINT('',#3506);
#1303=VERTEX_POINT('',#3508);
#1304=VERTEX_POINT('',#3510);
#1305=VERTEX_POINT('',#3513);
#1306=VERTEX_POINT('',#3515);
#1307=VERTEX_POINT('',#3517);
#1308=VERTEX_POINT('',#3519);
#1309=VERTEX_POINT('',#3522);
#1310=VERTEX_POINT('',#3526);
#1311=VERTEX_POINT('',#3532);
#1312=VERTEX_POINT('',#3536);
#1313=VERTEX_POINT('',#3542);
#1314=VERTEX_POINT('',#3546);
#1315=VERTEX_POINT('',#3552);
#1316=VERTEX_POINT('',#3554);
#1317=VERTEX_POINT('',#3562);
#1318=VERTEX_POINT('',#3563);
#1319=VERTEX_POINT('',#3565);
#1320=VERTEX_POINT('',#3567);
#1321=VERTEX_POINT('',#3571);
#1322=VERTEX_POINT('',#3572);
#1323=VERTEX_POINT('',#3574);
#1324=VERTEX_POINT('',#3576);
#1325=VERTEX_POINT('',#3580);
#1326=VERTEX_POINT('',#3581);
#1327=VERTEX_POINT('',#3583);
#1328=VERTEX_POINT('',#3585);
#1329=VERTEX_POINT('',#3589);
#1330=VERTEX_POINT('',#3590);
#1331=VERTEX_POINT('',#3592);
#1332=VERTEX_POINT('',#3594);
#1333=VERTEX_POINT('',#3598);
#1334=VERTEX_POINT('',#3599);
#1335=VERTEX_POINT('',#3604);
#1336=VERTEX_POINT('',#3606);
#1337=VERTEX_POINT('',#3610);
#1338=VERTEX_POINT('',#3612);
#1339=VERTEX_POINT('',#3616);
#1340=VERTEX_POINT('',#3618);
#1341=VERTEX_POINT('',#3626);
#1342=VERTEX_POINT('',#3628);
#1343=VERTEX_POINT('',#3632);
#1344=VERTEX_POINT('',#3634);
#1345=VERTEX_POINT('',#3638);
#1346=VERTEX_POINT('',#3640);
#1347=VERTEX_POINT('',#3644);
#1348=VERTEX_POINT('',#3646);
#1349=VERTEX_POINT('',#3654);
#1350=VERTEX_POINT('',#3656);
#1351=VERTEX_POINT('',#3658);
#1352=VERTEX_POINT('',#3660);
#1353=VERTEX_POINT('',#3664);
#1354=VERTEX_POINT('',#3668);
#1355=VERTEX_POINT('',#3672);
#1356=VERTEX_POINT('',#3676);
#1357=VERTEX_POINT('',#3682);
#1358=VERTEX_POINT('',#3683);
#1359=VERTEX_POINT('',#3688);
#1360=VERTEX_POINT('',#3690);
#1361=VERTEX_POINT('',#3694);
#1362=VERTEX_POINT('',#3696);
#1363=VERTEX_POINT('',#3700);
#1364=VERTEX_POINT('',#3702);
#1365=VERTEX_POINT('',#3710);
#1366=VERTEX_POINT('',#3713);
#1367=VERTEX_POINT('',#3716);
#1368=VERTEX_POINT('',#3719);
#1369=VERTEX_POINT('',#3722);
#1370=VERTEX_POINT('',#3726);
#1371=VERTEX_POINT('',#3730);
#1372=VERTEX_POINT('',#3734);
#1373=LINE('',#3235,#1553);
#1374=LINE('',#3238,#1554);
#1375=LINE('',#3240,#1555);
#1376=LINE('',#3242,#1556);
#1377=LINE('',#3244,#1557);
#1378=LINE('',#3246,#1558);
#1379=LINE('',#3248,#1559);
#1380=LINE('',#3251,#1560);
#1381=LINE('',#3253,#1561);
#1382=LINE('',#3255,#1562);
#1383=LINE('',#3257,#1563);
#1384=LINE('',#3259,#1564);
#1385=LINE('',#3261,#1565);
#1386=LINE('',#3264,#1566);
#1387=LINE('',#3266,#1567);
#1388=LINE('',#3268,#1568);
#1389=LINE('',#3270,#1569);
#1390=LINE('',#3272,#1570);
#1391=LINE('',#3276,#1571);
#1392=LINE('',#3278,#1572);
#1393=LINE('',#3280,#1573);
#1394=LINE('',#3284,#1574);
#1395=LINE('',#3286,#1575);
#1396=LINE('',#3288,#1576);
#1397=LINE('',#3292,#1577);
#1398=LINE('',#3294,#1578);
#1399=LINE('',#3296,#1579);
#1400=LINE('',#3300,#1580);
#1401=LINE('',#3302,#1581);
#1402=LINE('',#3305,#1582);
#1403=LINE('',#3307,#1583);
#1404=LINE('',#3309,#1584);
#1405=LINE('',#3311,#1585);
#1406=LINE('',#3313,#1586);
#1407=LINE('',#3315,#1587);
#1408=LINE('',#3317,#1588);
#1409=LINE('',#3319,#1589);
#1410=LINE('',#3322,#1590);
#1411=LINE('',#3324,#1591);
#1412=LINE('',#3326,#1592);
#1413=LINE('',#3328,#1593);
#1414=LINE('',#3330,#1594);
#1415=LINE('',#3332,#1595);
#1416=LINE('',#3334,#1596);
#1417=LINE('',#3336,#1597);
#1418=LINE('',#3338,#1598);
#1419=LINE('',#3340,#1599);
#1420=LINE('',#3342,#1600);
#1421=LINE('',#3344,#1601);
#1422=LINE('',#3346,#1602);
#1423=LINE('',#3348,#1603);
#1424=LINE('',#3350,#1604);
#1425=LINE('',#3353,#1605);
#1426=LINE('',#3355,#1606);
#1427=LINE('',#3357,#1607);
#1428=LINE('',#3359,#1608);
#1429=LINE('',#3362,#1609);
#1430=LINE('',#3364,#1610);
#1431=LINE('',#3366,#1611);
#1432=LINE('',#3368,#1612);
#1433=LINE('',#3371,#1613);
#1434=LINE('',#3373,#1614);
#1435=LINE('',#3375,#1615);
#1436=LINE('',#3377,#1616);
#1437=LINE('',#3380,#1617);
#1438=LINE('',#3382,#1618);
#1439=LINE('',#3384,#1619);
#1440=LINE('',#3386,#1620);
#1441=LINE('',#3388,#1621);
#1442=LINE('',#3390,#1622);
#1443=LINE('',#3392,#1623);
#1444=LINE('',#3417,#1624);
#1445=LINE('',#3425,#1625);
#1446=LINE('',#3433,#1626);
#1447=LINE('',#3441,#1627);
#1448=LINE('',#3458,#1628);
#1449=LINE('',#3460,#1629);
#1450=LINE('',#3461,#1630);
#1451=LINE('',#3465,#1631);
#1452=LINE('',#3466,#1632);
#1453=LINE('',#3470,#1633);
#1454=LINE('',#3471,#1634);
#1455=LINE('',#3475,#1635);
#1456=LINE('',#3476,#1636);
#1457=LINE('',#3480,#1637);
#1458=LINE('',#3481,#1638);
#1459=LINE('',#3483,#1639);
#1460=LINE('',#3491,#1640);
#1461=LINE('',#3499,#1641);
#1462=LINE('',#3507,#1642);
#1463=LINE('',#3521,#1643);
#1464=LINE('',#3523,#1644);
#1465=LINE('',#3525,#1645);
#1466=LINE('',#3527,#1646);
#1467=LINE('',#3531,#1647);
#1468=LINE('',#3533,#1648);
#1469=LINE('',#3535,#1649);
#1470=LINE('',#3537,#1650);
#1471=LINE('',#3541,#1651);
#1472=LINE('',#3543,#1652);
#1473=LINE('',#3547,#1653);
#1474=LINE('',#3549,#1654);
#1475=LINE('',#3551,#1655);
#1476=LINE('',#3555,#1656);
#1477=LINE('',#3557,#1657);
#1478=LINE('',#3559,#1658);
#1479=LINE('',#3561,#1659);
#1480=LINE('',#3566,#1660);
#1481=LINE('',#3570,#1661);
#1482=LINE('',#3575,#1662);
#1483=LINE('',#3579,#1663);
#1484=LINE('',#3584,#1664);
#1485=LINE('',#3588,#1665);
#1486=LINE('',#3593,#1666);
#1487=LINE('',#3597,#1667);
#1488=LINE('',#3605,#1668);
#1489=LINE('',#3609,#1669);
#1490=LINE('',#3611,#1670);
#1491=LINE('',#3613,#1671);
#1492=LINE('',#3617,#1672);
#1493=LINE('',#3621,#1673);
#1494=LINE('',#3622,#1674);
#1495=LINE('',#3627,#1675);
#1496=LINE('',#3631,#1676);
#1497=LINE('',#3633,#1677);
#1498=LINE('',#3635,#1678);
#1499=LINE('',#3639,#1679);
#1500=LINE('',#3643,#1680);
#1501=LINE('',#3645,#1681);
#1502=LINE('',#3647,#1682);
#1503=LINE('',#3655,#1683);
#1504=LINE('',#3659,#1684);
#1505=LINE('',#3665,#1685);
#1506=LINE('',#3667,#1686);
#1507=LINE('',#3669,#1687);
#1508=LINE('',#3673,#1688);
#1509=LINE('',#3675,#1689);
#1510=LINE('',#3677,#1690);
#1511=LINE('',#3681,#1691);
#1512=LINE('',#3689,#1692);
#1513=LINE('',#3693,#1693);
#1514=LINE('',#3695,#1694);
#1515=LINE('',#3697,#1695);
#1516=LINE('',#3701,#1696);
#1517=LINE('',#3705,#1697);
#1518=LINE('',#3706,#1698);
#1519=LINE('',#3737,#1699);
#1520=LINE('',#3740,#1700);
#1521=LINE('',#3767,#1701);
#1522=LINE('',#3768,#1702);
#1523=LINE('',#3770,#1703);
#1524=LINE('',#3772,#1704);
#1525=LINE('',#3774,#1705);
#1526=LINE('',#3776,#1706);
#1527=LINE('',#3778,#1707);
#1528=LINE('',#3780,#1708);
#1529=LINE('',#3782,#1709);
#1530=LINE('',#3784,#1710);
#1531=LINE('',#3786,#1711);
#1532=LINE('',#3788,#1712);
#1533=LINE('',#3790,#1713);
#1534=LINE('',#3792,#1714);
#1535=LINE('',#3794,#1715);
#1536=LINE('',#3796,#1716);
#1537=LINE('',#3799,#1717);
#1538=LINE('',#3801,#1718);
#1539=LINE('',#3803,#1719);
#1540=LINE('',#3805,#1720);
#1541=LINE('',#3807,#1721);
#1542=LINE('',#3809,#1722);
#1543=LINE('',#3811,#1723);
#1544=LINE('',#3813,#1724);
#1545=LINE('',#3815,#1725);
#1546=LINE('',#3817,#1726);
#1547=LINE('',#3819,#1727);
#1548=LINE('',#3821,#1728);
#1549=LINE('',#3823,#1729);
#1550=LINE('',#3825,#1730);
#1551=LINE('',#3827,#1731);
#1552=LINE('',#3829,#1732);
#1553=VECTOR('',#2531,1.);
#1554=VECTOR('',#2532,1.);
#1555=VECTOR('',#2533,1.);
#1556=VECTOR('',#2534,1.);
#1557=VECTOR('',#2535,1.);
#1558=VECTOR('',#2536,1.);
#1559=VECTOR('',#2539,1.);
#1560=VECTOR('',#2540,1.);
#1561=VECTOR('',#2541,1.);
#1562=VECTOR('',#2542,1.);
#1563=VECTOR('',#2543,1.);
#1564=VECTOR('',#2544,1.);
#1565=VECTOR('',#2547,1.);
#1566=VECTOR('',#2548,1.);
#1567=VECTOR('',#2549,1.);
#1568=VECTOR('',#2550,1.);
#1569=VECTOR('',#2551,1.);
#1570=VECTOR('',#2552,1.);
#1571=VECTOR('',#2555,1.);
#1572=VECTOR('',#2556,1.);
#1573=VECTOR('',#2557,1.);
#1574=VECTOR('',#2560,1.);
#1575=VECTOR('',#2561,1.);
#1576=VECTOR('',#2562,1.);
#1577=VECTOR('',#2565,1.);
#1578=VECTOR('',#2566,1.);
#1579=VECTOR('',#2567,1.);
#1580=VECTOR('',#2570,1.);
#1581=VECTOR('',#2573,1.);
#1582=VECTOR('',#2574,1.);
#1583=VECTOR('',#2575,1.);
#1584=VECTOR('',#2576,1.);
#1585=VECTOR('',#2577,1.);
#1586=VECTOR('',#2578,1.);
#1587=VECTOR('',#2579,1.);
#1588=VECTOR('',#2580,1.);
#1589=VECTOR('',#2583,1.);
#1590=VECTOR('',#2584,1.);
#1591=VECTOR('',#2585,1.);
#1592=VECTOR('',#2586,1.);
#1593=VECTOR('',#2587,1.);
#1594=VECTOR('',#2588,1.);
#1595=VECTOR('',#2589,1.);
#1596=VECTOR('',#2590,1.);
#1597=VECTOR('',#2593,1.);
#1598=VECTOR('',#2594,1.);
#1599=VECTOR('',#2595,1.);
#1600=VECTOR('',#2596,1.);
#1601=VECTOR('',#2597,1.);
#1602=VECTOR('',#2598,1.);
#1603=VECTOR('',#2599,1.);
#1604=VECTOR('',#2602,1.);
#1605=VECTOR('',#2603,1.);
#1606=VECTOR('',#2604,1.);
#1607=VECTOR('',#2605,1.);
#1608=VECTOR('',#2608,1.);
#1609=VECTOR('',#2609,1.);
#1610=VECTOR('',#2610,1.);
#1611=VECTOR('',#2611,1.);
#1612=VECTOR('',#2614,1.);
#1613=VECTOR('',#2615,1.);
#1614=VECTOR('',#2616,1.);
#1615=VECTOR('',#2617,1.);
#1616=VECTOR('',#2620,1.);
#1617=VECTOR('',#2621,1.);
#1618=VECTOR('',#2622,1.);
#1619=VECTOR('',#2623,1.);
#1620=VECTOR('',#2624,1.);
#1621=VECTOR('',#2625,1.);
#1622=VECTOR('',#2626,1.);
#1623=VECTOR('',#2627,1.);
#1624=VECTOR('',#2656,1.);
#1625=VECTOR('',#2663,1.);
#1626=VECTOR('',#2670,1.);
#1627=VECTOR('',#2677,1.);
#1628=VECTOR('',#2694,1.);
#1629=VECTOR('',#2695,1.);
#1630=VECTOR('',#2696,1.);
#1631=VECTOR('',#2699,1.);
#1632=VECTOR('',#2700,1.);
#1633=VECTOR('',#2703,1.);
#1634=VECTOR('',#2704,1.);
#1635=VECTOR('',#2707,1.);
#1636=VECTOR('',#2708,1.);
#1637=VECTOR('',#2711,1.);
#1638=VECTOR('',#2712,1.);
#1639=VECTOR('',#2713,1.);
#1640=VECTOR('',#2720,1.);
#1641=VECTOR('',#2727,1.);
#1642=VECTOR('',#2734,1.);
#1643=VECTOR('',#2749,1.);
#1644=VECTOR('',#2750,1.);
#1645=VECTOR('',#2753,1.);
#1646=VECTOR('',#2754,1.);
#1647=VECTOR('',#2761,1.);
#1648=VECTOR('',#2762,1.);
#1649=VECTOR('',#2765,1.);
#1650=VECTOR('',#2766,1.);
#1651=VECTOR('',#2773,1.);
#1652=VECTOR('',#2774,1.);
#1653=VECTOR('',#2779,1.);
#1654=VECTOR('',#2782,1.);
#1655=VECTOR('',#2785,1.);
#1656=VECTOR('',#2788,1.);
#1657=VECTOR('',#2791,1.);
#1658=VECTOR('',#2794,1.);
#1659=VECTOR('',#2797,1.);
#1660=VECTOR('',#2800,1.);
#1661=VECTOR('',#2805,1.);
#1662=VECTOR('',#2808,1.);
#1663=VECTOR('',#2813,1.);
#1664=VECTOR('',#2816,1.);
#1665=VECTOR('',#2821,1.);
#1666=VECTOR('',#2824,1.);
#1667=VECTOR('',#2829,1.);
#1668=VECTOR('',#2838,1.);
#1669=VECTOR('',#2843,1.);
#1670=VECTOR('',#2844,1.);
#1671=VECTOR('',#2845,1.);
#1672=VECTOR('',#2850,1.);
#1673=VECTOR('',#2855,1.);
#1674=VECTOR('',#2856,1.);
#1675=VECTOR('',#2863,1.);
#1676=VECTOR('',#2868,1.);
#1677=VECTOR('',#2869,1.);
#1678=VECTOR('',#2870,1.);
#1679=VECTOR('',#2875,1.);
#1680=VECTOR('',#2880,1.);
#1681=VECTOR('',#2881,1.);
#1682=VECTOR('',#2882,1.);
#1683=VECTOR('',#2895,1.);
#1684=VECTOR('',#2898,1.);
#1685=VECTOR('',#2905,1.);
#1686=VECTOR('',#2908,1.);
#1687=VECTOR('',#2909,1.);
#1688=VECTOR('',#2914,1.);
#1689=VECTOR('',#2917,1.);
#1690=VECTOR('',#2918,1.);
#1691=VECTOR('',#2925,1.);
#1692=VECTOR('',#2934,1.);
#1693=VECTOR('',#2939,1.);
#1694=VECTOR('',#2940,1.);
#1695=VECTOR('',#2941,1.);
#1696=VECTOR('',#2946,1.);
#1697=VECTOR('',#2951,1.);
#1698=VECTOR('',#2952,1.);
#1699=VECTOR('',#2997,1.);
#1700=VECTOR('',#3002,1.);
#1701=VECTOR('',#3055,1.);
#1702=VECTOR('',#3056,1.);
#1703=VECTOR('',#3059,1.);
#1704=VECTOR('',#3062,1.);
#1705=VECTOR('',#3065,1.);
#1706=VECTOR('',#3068,1.);
#1707=VECTOR('',#3071,1.);
#1708=VECTOR('',#3074,1.);
#1709=VECTOR('',#3077,1.);
#1710=VECTOR('',#3080,1.);
#1711=VECTOR('',#3083,1.);
#1712=VECTOR('',#3086,1.);
#1713=VECTOR('',#3089,1.);
#1714=VECTOR('',#3092,1.);
#1715=VECTOR('',#3095,1.);
#1716=VECTOR('',#3098,1.);
#1717=VECTOR('',#3103,1.);
#1718=VECTOR('',#3106,1.);
#1719=VECTOR('',#3109,1.);
#1720=VECTOR('',#3112,1.);
#1721=VECTOR('',#3115,1.);
#1722=VECTOR('',#3118,1.);
#1723=VECTOR('',#3121,1.);
#1724=VECTOR('',#3124,1.);
#1725=VECTOR('',#3127,1.);
#1726=VECTOR('',#3130,1.);
#1727=VECTOR('',#3133,1.);
#1728=VECTOR('',#3136,1.);
#1729=VECTOR('',#3139,1.);
#1730=VECTOR('',#3142,1.);
#1731=VECTOR('',#3145,1.);
#1732=VECTOR('',#3148,1.);
#1733=EDGE_LOOP('',(#235,#236,#237,#238,#239,#240));
#1734=EDGE_LOOP('',(#241,#242,#243,#244,#245,#246));
#1735=EDGE_LOOP('',(#247,#248,#249,#250,#251,#252,#253,#254,#255,#256,#257,
#258,#259,#260,#261,#262,#263,#264,#265,#266));
#1736=EDGE_LOOP('',(#267,#268,#269,#270,#271,#272,#273,#274));
#1737=EDGE_LOOP('',(#275,#276,#277,#278,#279,#280,#281,#282));
#1738=EDGE_LOOP('',(#283,#284,#285,#286,#287,#288,#289,#290));
#1739=EDGE_LOOP('',(#291,#292,#293,#294));
#1740=EDGE_LOOP('',(#295,#296,#297,#298));
#1741=EDGE_LOOP('',(#299,#300,#301,#302));
#1742=EDGE_LOOP('',(#303,#304,#305,#306,#307,#308,#309,#310));
#1743=EDGE_LOOP('',(#311));
#1744=EDGE_LOOP('',(#312));
#1745=EDGE_LOOP('',(#313));
#1746=EDGE_LOOP('',(#314));
#1747=EDGE_LOOP('',(#315));
#1748=EDGE_LOOP('',(#316));
#1749=EDGE_LOOP('',(#317));
#1750=EDGE_LOOP('',(#318));
#1751=EDGE_LOOP('',(#319,#320,#321,#322,#323,#324,#325,#326,#327,#328,#329,
#330,#331,#332,#333,#334));
#1752=EDGE_LOOP('',(#335));
#1753=EDGE_LOOP('',(#336));
#1754=EDGE_LOOP('',(#337));
#1755=EDGE_LOOP('',(#338));
#1756=EDGE_LOOP('',(#339));
#1757=EDGE_LOOP('',(#340));
#1758=EDGE_LOOP('',(#341));
#1759=EDGE_LOOP('',(#342));
#1760=EDGE_LOOP('',(#343,#344,#345,#346,#347,#348,#349,#350,#351,#352,#353,
#354,#355,#356,#357,#358,#359,#360,#361,#362,#363,#364,#365,#366,#367,#368,
#369,#370,#371,#372,#373,#374,#375,#376,#377,#378));
#1761=EDGE_LOOP('',(#379));
#1762=EDGE_LOOP('',(#380));
#1763=EDGE_LOOP('',(#381));
#1764=EDGE_LOOP('',(#382));
#1765=EDGE_LOOP('',(#383,#384,#385,#386));
#1766=EDGE_LOOP('',(#387,#388,#389,#390));
#1767=EDGE_LOOP('',(#391,#392,#393,#394));
#1768=EDGE_LOOP('',(#395,#396,#397,#398));
#1769=EDGE_LOOP('',(#399,#400,#401,#402));
#1770=EDGE_LOOP('',(#403,#404,#405,#406));
#1771=EDGE_LOOP('',(#407,#408,#409,#410));
#1772=EDGE_LOOP('',(#411,#412,#413,#414));
#1773=EDGE_LOOP('',(#415,#416,#417,#418));
#1774=EDGE_LOOP('',(#419,#420,#421,#422));
#1775=EDGE_LOOP('',(#423,#424,#425,#426));
#1776=EDGE_LOOP('',(#427,#428,#429,#430));
#1777=EDGE_LOOP('',(#431,#432,#433,#434));
#1778=EDGE_LOOP('',(#435,#436,#437,#438));
#1779=EDGE_LOOP('',(#439,#440,#441,#442));
#1780=EDGE_LOOP('',(#443,#444,#445,#446));
#1781=EDGE_LOOP('',(#447,#448,#449,#450));
#1782=EDGE_LOOP('',(#451,#452,#453,#454));
#1783=EDGE_LOOP('',(#455,#456,#457,#458));
#1784=EDGE_LOOP('',(#459,#460,#461,#462));
#1785=EDGE_LOOP('',(#463,#464,#465,#466));
#1786=EDGE_LOOP('',(#467,#468,#469,#470,#471,#472,#473,#474,#475,#476));
#1787=EDGE_LOOP('',(#477));
#1788=EDGE_LOOP('',(#478,#479,#480,#481));
#1789=EDGE_LOOP('',(#482,#483,#484,#485));
#1790=EDGE_LOOP('',(#486,#487,#488,#489));
#1791=EDGE_LOOP('',(#490,#491,#492,#493));
#1792=EDGE_LOOP('',(#494,#495,#496,#497));
#1793=EDGE_LOOP('',(#498));
#1794=EDGE_LOOP('',(#499,#500,#501,#502,#503,#504,#505,#506,#507,#508));
#1795=EDGE_LOOP('',(#509));
#1796=EDGE_LOOP('',(#510,#511,#512,#513,#514,#515,#516,#517,#518,#519));
#1797=EDGE_LOOP('',(#520,#521,#522,#523));
#1798=EDGE_LOOP('',(#524,#525,#526,#527));
#1799=EDGE_LOOP('',(#528,#529,#530,#531));
#1800=EDGE_LOOP('',(#532,#533,#534,#535));
#1801=EDGE_LOOP('',(#536,#537,#538,#539));
#1802=EDGE_LOOP('',(#540,#541,#542,#543));
#1803=EDGE_LOOP('',(#544,#545,#546,#547));
#1804=EDGE_LOOP('',(#548,#549,#550,#551));
#1805=EDGE_LOOP('',(#552,#553,#554,#555));
#1806=EDGE_LOOP('',(#556,#557,#558,#559));
#1807=EDGE_LOOP('',(#560,#561,#562,#563,#564,#565,#566,#567,#568,#569));
#1808=EDGE_LOOP('',(#570));
#1809=EDGE_LOOP('',(#571));
#1810=EDGE_LOOP('',(#572));
#1811=EDGE_LOOP('',(#573));
#1812=EDGE_LOOP('',(#574));
#1813=EDGE_LOOP('',(#575));
#1814=EDGE_LOOP('',(#576));
#1815=EDGE_LOOP('',(#577));
#1816=EDGE_LOOP('',(#578));
#1817=EDGE_LOOP('',(#579));
#1818=EDGE_LOOP('',(#580));
#1819=EDGE_LOOP('',(#581));
#1820=EDGE_LOOP('',(#582));
#1821=EDGE_LOOP('',(#583));
#1822=EDGE_LOOP('',(#584));
#1823=EDGE_LOOP('',(#585));
#1824=EDGE_LOOP('',(#586));
#1825=EDGE_LOOP('',(#587));
#1826=EDGE_LOOP('',(#588));
#1827=EDGE_LOOP('',(#589));
#1828=EDGE_LOOP('',(#590));
#1829=EDGE_LOOP('',(#591));
#1830=EDGE_LOOP('',(#592));
#1831=EDGE_LOOP('',(#593));
#1832=EDGE_LOOP('',(#594));
#1833=EDGE_LOOP('',(#595,#596,#597,#598,#599,#600));
#1834=EDGE_LOOP('',(#601,#602,#603,#604,#605,#606));
#1835=EDGE_LOOP('',(#607,#608,#609,#610));
#1836=EDGE_LOOP('',(#611,#612,#613,#614));
#1837=EDGE_LOOP('',(#615,#616,#617,#618));
#1838=EDGE_LOOP('',(#619,#620,#621,#622));
#1839=EDGE_LOOP('',(#623,#624,#625,#626));
#1840=EDGE_LOOP('',(#627,#628,#629,#630));
#1841=EDGE_LOOP('',(#631,#632,#633,#634));
#1842=EDGE_LOOP('',(#635,#636,#637,#638));
#1843=EDGE_LOOP('',(#639,#640,#641,#642));
#1844=EDGE_LOOP('',(#643,#644,#645,#646));
#1845=EDGE_LOOP('',(#647,#648,#649,#650));
#1846=EDGE_LOOP('',(#651,#652,#653,#654));
#1847=EDGE_LOOP('',(#655,#656,#657,#658));
#1848=EDGE_LOOP('',(#659,#660,#661,#662));
#1849=EDGE_LOOP('',(#663,#664,#665,#666));
#1850=EDGE_LOOP('',(#667,#668,#669,#670));
#1851=EDGE_LOOP('',(#671,#672,#673,#674));
#1852=EDGE_LOOP('',(#675,#676,#677,#678));
#1853=EDGE_LOOP('',(#679,#680,#681,#682));
#1854=EDGE_LOOP('',(#683,#684,#685,#686));
#1855=EDGE_LOOP('',(#687,#688,#689,#690));
#1856=EDGE_LOOP('',(#691,#692,#693,#694));
#1857=EDGE_LOOP('',(#695,#696,#697,#698));
#1858=EDGE_LOOP('',(#699,#700,#701,#702));
#1859=EDGE_LOOP('',(#703,#704,#705,#706));
#1860=EDGE_LOOP('',(#707,#708,#709,#710));
#1861=EDGE_LOOP('',(#711,#712,#713,#714));
#1862=EDGE_LOOP('',(#715,#716,#717,#718));
#1863=EDGE_LOOP('',(#719,#720,#721,#722));
#1864=EDGE_LOOP('',(#723,#724,#725,#726));
#1865=EDGE_LOOP('',(#727,#728,#729,#730));
#1866=EDGE_LOOP('',(#731,#732,#733,#734));
#1867=EDGE_LOOP('',(#735,#736,#737,#738));
#1868=EDGE_LOOP('',(#739,#740,#741,#742));
#1869=EDGE_LOOP('',(#743,#744,#745,#746));
#1870=EDGE_LOOP('',(#747,#748,#749,#750));
#1871=EDGE_LOOP('',(#751,#752,#753,#754));
#1872=EDGE_LOOP('',(#755,#756,#757,#758));
#1873=EDGE_LOOP('',(#759,#760,#761,#762));
#1874=EDGE_LOOP('',(#763,#764,#765,#766));
#1875=EDGE_LOOP('',(#767,#768,#769,#770));
#1876=EDGE_LOOP('',(#771,#772,#773,#774));
#1877=EDGE_LOOP('',(#775,#776,#777));
#1878=EDGE_LOOP('',(#778,#779,#780,#781));
#1879=EDGE_LOOP('',(#782,#783,#784,#785));
#1880=EDGE_LOOP('',(#786,#787,#788,#789));
#1881=EDGE_LOOP('',(#790,#791,#792));
#1882=EDGE_LOOP('',(#793,#794,#795,#796));
#1883=EDGE_LOOP('',(#797,#798,#799));
#1884=EDGE_LOOP('',(#800,#801,#802,#803));
#1885=EDGE_LOOP('',(#804,#805,#806,#807));
#1886=EDGE_LOOP('',(#808,#809,#810,#811));
#1887=EDGE_LOOP('',(#812,#813,#814));
#1888=EDGE_LOOP('',(#815,#816,#817,#818));
#1889=EDGE_LOOP('',(#819,#820,#821));
#1890=EDGE_LOOP('',(#822,#823,#824,#825));
#1891=EDGE_LOOP('',(#826,#827,#828,#829));
#1892=EDGE_LOOP('',(#830,#831,#832,#833));
#1893=EDGE_LOOP('',(#834,#835,#836));
#1894=EDGE_LOOP('',(#837,#838,#839,#840));
#1895=EDGE_LOOP('',(#841,#842,#843));
#1896=EDGE_LOOP('',(#844,#845,#846,#847));
#1897=EDGE_LOOP('',(#848,#849,#850,#851));
#1898=EDGE_LOOP('',(#852,#853,#854,#855));
#1899=EDGE_LOOP('',(#856,#857,#858));
#1900=EDGE_LOOP('',(#859,#860,#861,#862));
#1901=FACE_BOUND('',#1733,.T.);
#1902=FACE_BOUND('',#1734,.T.);
#1903=FACE_BOUND('',#1735,.T.);
#1904=FACE_BOUND('',#1736,.T.);
#1905=FACE_BOUND('',#1737,.T.);
#1906=FACE_BOUND('',#1738,.T.);
#1907=FACE_BOUND('',#1739,.T.);
#1908=FACE_BOUND('',#1740,.T.);
#1909=FACE_BOUND('',#1741,.T.);
#1910=FACE_BOUND('',#1742,.T.);
#1911=FACE_BOUND('',#1743,.T.);
#1912=FACE_BOUND('',#1744,.T.);
#1913=FACE_BOUND('',#1745,.T.);
#1914=FACE_BOUND('',#1746,.T.);
#1915=FACE_BOUND('',#1747,.T.);
#1916=FACE_BOUND('',#1748,.T.);
#1917=FACE_BOUND('',#1749,.T.);
#1918=FACE_BOUND('',#1750,.T.);
#1919=FACE_BOUND('',#1751,.T.);
#1920=FACE_BOUND('',#1752,.T.);
#1921=FACE_BOUND('',#1753,.T.);
#1922=FACE_BOUND('',#1754,.T.);
#1923=FACE_BOUND('',#1755,.T.);
#1924=FACE_BOUND('',#1756,.T.);
#1925=FACE_BOUND('',#1757,.T.);
#1926=FACE_BOUND('',#1758,.T.);
#1927=FACE_BOUND('',#1759,.T.);
#1928=FACE_BOUND('',#1760,.T.);
#1929=FACE_BOUND('',#1761,.T.);
#1930=FACE_BOUND('',#1762,.T.);
#1931=FACE_BOUND('',#1763,.T.);
#1932=FACE_BOUND('',#1764,.T.);
#1933=FACE_BOUND('',#1765,.T.);
#1934=FACE_BOUND('',#1766,.T.);
#1935=FACE_BOUND('',#1767,.T.);
#1936=FACE_BOUND('',#1768,.T.);
#1937=FACE_BOUND('',#1769,.T.);
#1938=FACE_BOUND('',#1770,.T.);
#1939=FACE_BOUND('',#1771,.T.);
#1940=FACE_BOUND('',#1772,.T.);
#1941=FACE_BOUND('',#1773,.T.);
#1942=FACE_BOUND('',#1774,.T.);
#1943=FACE_BOUND('',#1775,.T.);
#1944=FACE_BOUND('',#1776,.T.);
#1945=FACE_BOUND('',#1777,.T.);
#1946=FACE_BOUND('',#1778,.T.);
#1947=FACE_BOUND('',#1779,.T.);
#1948=FACE_BOUND('',#1780,.T.);
#1949=FACE_BOUND('',#1781,.T.);
#1950=FACE_BOUND('',#1782,.T.);
#1951=FACE_BOUND('',#1783,.T.);
#1952=FACE_BOUND('',#1784,.T.);
#1953=FACE_BOUND('',#1785,.T.);
#1954=FACE_BOUND('',#1786,.T.);
#1955=FACE_BOUND('',#1787,.T.);
#1956=FACE_BOUND('',#1788,.T.);
#1957=FACE_BOUND('',#1789,.T.);
#1958=FACE_BOUND('',#1790,.T.);
#1959=FACE_BOUND('',#1791,.T.);
#1960=FACE_BOUND('',#1792,.T.);
#1961=FACE_BOUND('',#1793,.T.);
#1962=FACE_BOUND('',#1794,.T.);
#1963=FACE_BOUND('',#1795,.T.);
#1964=FACE_BOUND('',#1796,.T.);
#1965=FACE_BOUND('',#1797,.T.);
#1966=FACE_BOUND('',#1798,.T.);
#1967=FACE_BOUND('',#1799,.T.);
#1968=FACE_BOUND('',#1800,.T.);
#1969=FACE_BOUND('',#1801,.T.);
#1970=FACE_BOUND('',#1802,.T.);
#1971=FACE_BOUND('',#1803,.T.);
#1972=FACE_BOUND('',#1804,.T.);
#1973=FACE_BOUND('',#1805,.T.);
#1974=FACE_BOUND('',#1806,.T.);
#1975=FACE_BOUND('',#1807,.T.);
#1976=FACE_BOUND('',#1808,.T.);
#1977=FACE_BOUND('',#1809,.T.);
#1978=FACE_BOUND('',#1810,.T.);
#1979=FACE_BOUND('',#1811,.T.);
#1980=FACE_BOUND('',#1812,.T.);
#1981=FACE_BOUND('',#1813,.T.);
#1982=FACE_BOUND('',#1814,.T.);
#1983=FACE_BOUND('',#1815,.T.);
#1984=FACE_BOUND('',#1816,.T.);
#1985=FACE_BOUND('',#1817,.T.);
#1986=FACE_BOUND('',#1818,.T.);
#1987=FACE_BOUND('',#1819,.T.);
#1988=FACE_BOUND('',#1820,.T.);
#1989=FACE_BOUND('',#1821,.T.);
#1990=FACE_BOUND('',#1822,.T.);
#1991=FACE_BOUND('',#1823,.T.);
#1992=FACE_BOUND('',#1824,.T.);
#1993=FACE_BOUND('',#1825,.T.);
#1994=FACE_BOUND('',#1826,.T.);
#1995=FACE_BOUND('',#1827,.T.);
#1996=FACE_BOUND('',#1828,.T.);
#1997=FACE_BOUND('',#1829,.T.);
#1998=FACE_BOUND('',#1830,.T.);
#1999=FACE_BOUND('',#1831,.T.);
#2000=FACE_BOUND('',#1832,.T.);
#2001=FACE_BOUND('',#1833,.T.);
#2002=FACE_BOUND('',#1834,.T.);
#2003=FACE_BOUND('',#1835,.T.);
#2004=FACE_BOUND('',#1836,.T.);
#2005=FACE_BOUND('',#1837,.T.);
#2006=FACE_BOUND('',#1838,.T.);
#2007=FACE_BOUND('',#1839,.T.);
#2008=FACE_BOUND('',#1840,.T.);
#2009=FACE_BOUND('',#1841,.T.);
#2010=FACE_BOUND('',#1842,.T.);
#2011=FACE_BOUND('',#1843,.T.);
#2012=FACE_BOUND('',#1844,.T.);
#2013=FACE_BOUND('',#1845,.T.);
#2014=FACE_BOUND('',#1846,.T.);
#2015=FACE_BOUND('',#1847,.T.);
#2016=FACE_BOUND('',#1848,.T.);
#2017=FACE_BOUND('',#1849,.T.);
#2018=FACE_BOUND('',#1850,.T.);
#2019=FACE_BOUND('',#1851,.T.);
#2020=FACE_BOUND('',#1852,.T.);
#2021=FACE_BOUND('',#1853,.T.);
#2022=FACE_BOUND('',#1854,.T.);
#2023=FACE_BOUND('',#1855,.T.);
#2024=FACE_BOUND('',#1856,.T.);
#2025=FACE_BOUND('',#1857,.T.);
#2026=FACE_BOUND('',#1858,.T.);
#2027=FACE_BOUND('',#1859,.T.);
#2028=FACE_BOUND('',#1860,.T.);
#2029=FACE_BOUND('',#1861,.T.);
#2030=FACE_BOUND('',#1862,.T.);
#2031=FACE_BOUND('',#1863,.T.);
#2032=FACE_BOUND('',#1864,.T.);
#2033=FACE_BOUND('',#1865,.T.);
#2034=FACE_BOUND('',#1866,.T.);
#2035=FACE_BOUND('',#1867,.T.);
#2036=FACE_BOUND('',#1868,.T.);
#2037=FACE_BOUND('',#1869,.T.);
#2038=FACE_BOUND('',#1870,.T.);
#2039=FACE_BOUND('',#1871,.T.);
#2040=FACE_BOUND('',#1872,.T.);
#2041=FACE_BOUND('',#1873,.T.);
#2042=FACE_BOUND('',#1874,.T.);
#2043=FACE_BOUND('',#1875,.T.);
#2044=FACE_BOUND('',#1876,.T.);
#2045=FACE_BOUND('',#1877,.T.);
#2046=FACE_BOUND('',#1878,.T.);
#2047=FACE_BOUND('',#1879,.T.);
#2048=FACE_BOUND('',#1880,.T.);
#2049=FACE_BOUND('',#1881,.T.);
#2050=FACE_BOUND('',#1882,.T.);
#2051=FACE_BOUND('',#1883,.T.);
#2052=FACE_BOUND('',#1884,.T.);
#2053=FACE_BOUND('',#1885,.T.);
#2054=FACE_BOUND('',#1886,.T.);
#2055=FACE_BOUND('',#1887,.T.);
#2056=FACE_BOUND('',#1888,.T.);
#2057=FACE_BOUND('',#1889,.T.);
#2058=FACE_BOUND('',#1890,.T.);
#2059=FACE_BOUND('',#1891,.T.);
#2060=FACE_BOUND('',#1892,.T.);
#2061=FACE_BOUND('',#1893,.T.);
#2062=FACE_BOUND('',#1894,.T.);
#2063=FACE_BOUND('',#1895,.T.);
#2064=FACE_BOUND('',#1896,.T.);
#2065=FACE_BOUND('',#1897,.T.);
#2066=FACE_BOUND('',#1898,.T.);
#2067=FACE_BOUND('',#1899,.T.);
#2068=FACE_BOUND('',#1900,.T.);
#2069=PLANE('',#2265);
#2070=PLANE('',#2266);
#2071=PLANE('',#2267);
#2072=PLANE('',#2272);
#2073=PLANE('',#2273);
#2074=PLANE('',#2274);
#2075=PLANE('',#2275);
#2076=PLANE('',#2276);
#2077=PLANE('',#2277);
#2078=PLANE('',#2278);
#2079=PLANE('',#2291);
#2080=PLANE('',#2308);
#2081=PLANE('',#2329);
#2082=PLANE('',#2330);
#2083=PLANE('',#2333);
#2084=PLANE('',#2334);
#2085=PLANE('',#2337);
#2086=PLANE('',#2340);
#2087=PLANE('',#2343);
#2088=PLANE('',#2344);
#2089=PLANE('',#2363);
#2090=PLANE('',#2367);
#2091=PLANE('',#2368);
#2092=PLANE('',#2372);
#2093=PLANE('',#2376);
#2094=PLANE('',#2380);
#2095=PLANE('',#2381);
#2096=PLANE('',#2387);
#2097=PLANE('',#2390);
#2098=PLANE('',#2399);
#2099=PLANE('',#2403);
#2100=PLANE('',#2404);
#2101=PLANE('',#2413);
#2102=PLANE('',#2416);
#2103=PLANE('',#2419);
#2104=PLANE('',#2422);
#2105=PLANE('',#2425);
#2106=PLANE('',#2427);
#2107=PLANE('',#2453);
#2108=PLANE('',#2460);
#2109=PLANE('',#2461);
#2110=PLANE('',#2468);
#2111=PLANE('',#2469);
#2112=PLANE('',#2473);
#2113=PLANE('',#2477);
#2114=PLANE('',#2481);
#2115=PLANE('',#2485);
#2116=ADVANCED_FACE('',(#1901),#2069,.F.);
#2117=ADVANCED_FACE('',(#1902),#2070,.F.);
#2118=ADVANCED_FACE('',(#1903),#2071,.F.);
#2119=ADVANCED_FACE('',(#1904),#2072,.T.);
#2120=ADVANCED_FACE('',(#1905),#2073,.F.);
#2121=ADVANCED_FACE('',(#1906),#2074,.F.);
#2122=ADVANCED_FACE('',(#1907),#2075,.F.);
#2123=ADVANCED_FACE('',(#1908),#2076,.T.);
#2124=ADVANCED_FACE('',(#1909),#2077,.T.);
#2125=ADVANCED_FACE('',(#1910),#2078,.T.);
#2126=ADVANCED_FACE('',(#1911,#1912),#64,.F.);
#2127=ADVANCED_FACE('',(#1913,#1914),#65,.F.);
#2128=ADVANCED_FACE('',(#1915,#1916),#66,.F.);
#2129=ADVANCED_FACE('',(#1917,#1918),#67,.F.);
#2130=ADVANCED_FACE('',(#1919,#1920,#1921,#1922,#1923,#1924,#1925,#1926,
#1927),#2079,.T.);
#2131=ADVANCED_FACE('',(#1928,#1929,#1930,#1931,#1932),#2080,.T.);
#2132=ADVANCED_FACE('',(#1933),#2081,.F.);
#2133=ADVANCED_FACE('',(#1934),#2082,.T.);
#2134=ADVANCED_FACE('',(#1935),#68,.T.);
#2135=ADVANCED_FACE('',(#1936),#2083,.F.);
#2136=ADVANCED_FACE('',(#1937),#2084,.T.);
#2137=ADVANCED_FACE('',(#1938),#69,.T.);
#2138=ADVANCED_FACE('',(#1939),#2085,.T.);
#2139=ADVANCED_FACE('',(#1940),#70,.T.);
#2140=ADVANCED_FACE('',(#1941),#2086,.F.);
#2141=ADVANCED_FACE('',(#1942),#71,.T.);
#2142=ADVANCED_FACE('',(#1943),#2087,.T.);
#2143=ADVANCED_FACE('',(#1944),#2088,.F.);
#2144=ADVANCED_FACE('',(#1945),#72,.T.);
#2145=ADVANCED_FACE('',(#1946),#73,.T.);
#2146=ADVANCED_FACE('',(#1947),#74,.T.);
#2147=ADVANCED_FACE('',(#1948),#75,.T.);
#2148=ADVANCED_FACE('',(#1949),#76,.F.);
#2149=ADVANCED_FACE('',(#1950),#77,.F.);
#2150=ADVANCED_FACE('',(#1951),#2089,.F.);
#2151=ADVANCED_FACE('',(#1952),#78,.T.);
#2152=ADVANCED_FACE('',(#1953),#2090,.F.);
#2153=ADVANCED_FACE('',(#1954,#1955),#2091,.T.);
#2154=ADVANCED_FACE('',(#1956),#79,.F.);
#2155=ADVANCED_FACE('',(#1957),#2092,.T.);
#2156=ADVANCED_FACE('',(#1958),#80,.T.);
#2157=ADVANCED_FACE('',(#1959),#2093,.T.);
#2158=ADVANCED_FACE('',(#1960),#81,.F.);
#2159=ADVANCED_FACE('',(#1961,#1962),#2094,.T.);
#2160=ADVANCED_FACE('',(#1963,#1964),#2095,.T.);
#2161=ADVANCED_FACE('',(#1965),#82,.F.);
#2162=ADVANCED_FACE('',(#1966),#2096,.T.);
#2163=ADVANCED_FACE('',(#1967),#83,.T.);
#2164=ADVANCED_FACE('',(#1968),#2097,.T.);
#2165=ADVANCED_FACE('',(#1969),#84,.F.);
#2166=ADVANCED_FACE('',(#1970),#85,.F.);
#2167=ADVANCED_FACE('',(#1971),#86,.F.);
#2168=ADVANCED_FACE('',(#1972),#2098,.F.);
#2169=ADVANCED_FACE('',(#1973),#87,.T.);
#2170=ADVANCED_FACE('',(#1974),#2099,.F.);
#2171=ADVANCED_FACE('',(#1975,#1976),#2100,.T.);
#2172=ADVANCED_FACE('',(#1977,#1978),#88,.F.);
#2173=ADVANCED_FACE('',(#1979,#1980),#89,.F.);
#2174=ADVANCED_FACE('',(#1981,#1982),#90,.F.);
#2175=ADVANCED_FACE('',(#1983,#1984),#91,.F.);
#2176=ADVANCED_FACE('',(#1985,#1986),#2101,.F.);
#2177=ADVANCED_FACE('',(#1987,#1988),#92,.F.);
#2178=ADVANCED_FACE('',(#1989,#1990),#2102,.F.);
#2179=ADVANCED_FACE('',(#1991,#1992),#93,.F.);
#2180=ADVANCED_FACE('',(#1993,#1994),#2103,.F.);
#2181=ADVANCED_FACE('',(#1995,#1996),#94,.F.);
#2182=ADVANCED_FACE('',(#1997,#1998),#2104,.F.);
#2183=ADVANCED_FACE('',(#1999,#2000),#95,.F.);
#2184=ADVANCED_FACE('',(#2001),#2105,.F.);
#2185=ADVANCED_FACE('',(#2002),#2106,.F.);
#2186=ADVANCED_FACE('',(#2003),#96,.F.);
#2187=ADVANCED_FACE('',(#2004),#97,.F.);
#2188=ADVANCED_FACE('',(#2005),#98,.F.);
#2189=ADVANCED_FACE('',(#2006),#99,.F.);
#2190=ADVANCED_FACE('',(#2007),#100,.F.);
#2191=ADVANCED_FACE('',(#2008),#101,.F.);
#2192=ADVANCED_FACE('',(#2009),#102,.F.);
#2193=ADVANCED_FACE('',(#2010),#103,.F.);
#2194=ADVANCED_FACE('',(#2011),#2107,.T.);
#2195=ADVANCED_FACE('',(#2012),#40,.F.);
#2196=ADVANCED_FACE('',(#2013),#41,.F.);
#2197=ADVANCED_FACE('',(#2014),#42,.T.);
#2198=ADVANCED_FACE('',(#2015),#43,.T.);
#2199=ADVANCED_FACE('',(#2016),#44,.F.);
#2200=ADVANCED_FACE('',(#2017),#45,.F.);
#2201=ADVANCED_FACE('',(#2018),#2108,.F.);
#2202=ADVANCED_FACE('',(#2019),#2109,.T.);
#2203=ADVANCED_FACE('',(#2020),#46,.F.);
#2204=ADVANCED_FACE('',(#2021),#47,.F.);
#2205=ADVANCED_FACE('',(#2022),#48,.T.);
#2206=ADVANCED_FACE('',(#2023),#49,.T.);
#2207=ADVANCED_FACE('',(#2024),#50,.F.);
#2208=ADVANCED_FACE('',(#2025),#51,.F.);
#2209=ADVANCED_FACE('',(#2026),#2110,.F.);
#2210=ADVANCED_FACE('',(#2027),#2111,.T.);
#2211=ADVANCED_FACE('',(#2028),#52,.F.);
#2212=ADVANCED_FACE('',(#2029),#53,.T.);
#2213=ADVANCED_FACE('',(#2030),#54,.F.);
#2214=ADVANCED_FACE('',(#2031),#2112,.F.);
#2215=ADVANCED_FACE('',(#2032),#55,.F.);
#2216=ADVANCED_FACE('',(#2033),#56,.T.);
#2217=ADVANCED_FACE('',(#2034),#57,.F.);
#2218=ADVANCED_FACE('',(#2035),#2113,.F.);
#2219=ADVANCED_FACE('',(#2036),#58,.F.);
#2220=ADVANCED_FACE('',(#2037),#59,.T.);
#2221=ADVANCED_FACE('',(#2038),#60,.F.);
#2222=ADVANCED_FACE('',(#2039),#2114,.T.);
#2223=ADVANCED_FACE('',(#2040),#61,.F.);
#2224=ADVANCED_FACE('',(#2041),#62,.T.);
#2225=ADVANCED_FACE('',(#2042),#63,.F.);
#2226=ADVANCED_FACE('',(#2043),#2115,.T.);
#2227=ADVANCED_FACE('',(#2044),#104,.F.);
#2228=ADVANCED_FACE('',(#2045),#16,.F.);
#2229=ADVANCED_FACE('',(#2046),#105,.F.);
#2230=ADVANCED_FACE('',(#2047),#12,.F.);
#2231=ADVANCED_FACE('',(#2048),#106,.F.);
#2232=ADVANCED_FACE('',(#2049),#17,.F.);
#2233=ADVANCED_FACE('',(#2050),#107,.F.);
#2234=ADVANCED_FACE('',(#2051),#18,.F.);
#2235=ADVANCED_FACE('',(#2052),#108,.F.);
#2236=ADVANCED_FACE('',(#2053),#13,.F.);
#2237=ADVANCED_FACE('',(#2054),#109,.F.);
#2238=ADVANCED_FACE('',(#2055),#19,.F.);
#2239=ADVANCED_FACE('',(#2056),#110,.F.);
#2240=ADVANCED_FACE('',(#2057),#20,.F.);
#2241=ADVANCED_FACE('',(#2058),#111,.F.);
#2242=ADVANCED_FACE('',(#2059),#14,.F.);
#2243=ADVANCED_FACE('',(#2060),#112,.F.);
#2244=ADVANCED_FACE('',(#2061),#21,.F.);
#2245=ADVANCED_FACE('',(#2062),#113,.F.);
#2246=ADVANCED_FACE('',(#2063),#22,.F.);
#2247=ADVANCED_FACE('',(#2064),#114,.F.);
#2248=ADVANCED_FACE('',(#2065),#15,.F.);
#2249=ADVANCED_FACE('',(#2066),#115,.F.);
#2250=ADVANCED_FACE('',(#2067),#23,.F.);
#2251=ADVANCED_FACE('',(#2068),#116,.F.);
#2252=CLOSED_SHELL('',(#2116,#2117,#2118,#2119,#2120,#2121,#2122,#2123,
#2124,#2125,#2126,#2127,#2128,#2129,#2130,#2131,#2132,#2133,#2134,#2135,
#2136,#2137,#2138,#2139,#2140,#2141,#2142,#2143,#2144,#2145,#2146,#2147,
#2148,#2149,#2150,#2151,#2152,#2153,#2154,#2155,#2156,#2157,#2158,#2159,
#2160,#2161,#2162,#2163,#2164,#2165,#2166,#2167,#2168,#2169,#2170,#2171,
#2172,#2173,#2174,#2175,#2176,#2177,#2178,#2179,#2180,#2181,#2182,#2183,
#2184,#2185,#2186,#2187,#2188,#2189,#2190,#2191,#2192,#2193,#2194,#2195,
#2196,#2197,#2198,#2199,#2200,#2201,#2202,#2203,#2204,#2205,#2206,#2207,
#2208,#2209,#2210,#2211,#2212,#2213,#2214,#2215,#2216,#2217,#2218,#2219,
#2220,#2221,#2222,#2223,#2224,#2225,#2226,#2227,#2228,#2229,#2230,#2231,
#2232,#2233,#2234,#2235,#2236,#2237,#2238,#2239,#2240,#2241,#2242,#2243,
#2244,#2245,#2246,#2247,#2248,#2249,#2250,#2251));
#2253=STYLED_ITEM('',(#2254),#2261);
#2254=PRESENTATION_STYLE_ASSIGNMENT((#2255));
#2255=SURFACE_STYLE_USAGE(.BOTH.,#2256);
#2256=SURFACE_SIDE_STYLE('',(#2257));
#2257=SURFACE_STYLE_FILL_AREA(#2258);
#2258=FILL_AREA_STYLE('',(#2259));
#2259=FILL_AREA_STYLE_COLOUR('',#2260);
#2260=COLOUR_RGB('',0.917647058823529,0.917647058823529,0.917647058823529);
#2261=MANIFOLD_SOLID_BREP('3DP-Box-Bottom',#2252);
#2262=SHAPE_DEFINITION_REPRESENTATION(#4082,#2263);
#2263=SHAPE_REPRESENTATION('3DP-Box-Bottom',(#2264),#4077);
#2264=AXIS2_PLACEMENT_3D('',#3233,#2527,#2528);
#2265=AXIS2_PLACEMENT_3D('',#3234,#2529,#2530);
#2266=AXIS2_PLACEMENT_3D('',#3247,#2537,#2538);
#2267=AXIS2_PLACEMENT_3D('',#3260,#2545,#2546);
#2268=AXIS2_PLACEMENT_3D('',#3274,#2553,#2554);
#2269=AXIS2_PLACEMENT_3D('',#3282,#2558,#2559);
#2270=AXIS2_PLACEMENT_3D('',#3290,#2563,#2564);
#2271=AXIS2_PLACEMENT_3D('',#3298,#2568,#2569);
#2272=AXIS2_PLACEMENT_3D('',#3301,#2571,#2572);
#2273=AXIS2_PLACEMENT_3D('',#3318,#2581,#2582);
#2274=AXIS2_PLACEMENT_3D('',#3335,#2591,#2592);
#2275=AXIS2_PLACEMENT_3D('',#3349,#2600,#2601);
#2276=AXIS2_PLACEMENT_3D('',#3358,#2606,#2607);
#2277=AXIS2_PLACEMENT_3D('',#3367,#2612,#2613);
#2278=AXIS2_PLACEMENT_3D('',#3376,#2618,#2619);
#2279=AXIS2_PLACEMENT_3D('',#3393,#2628,#2629);
#2280=AXIS2_PLACEMENT_3D('',#3394,#2630,#2631);
#2281=AXIS2_PLACEMENT_3D('',#3396,#2632,#2633);
#2282=AXIS2_PLACEMENT_3D('',#3398,#2634,#2635);
#2283=AXIS2_PLACEMENT_3D('',#3399,#2636,#2637);
#2284=AXIS2_PLACEMENT_3D('',#3401,#2638,#2639);
#2285=AXIS2_PLACEMENT_3D('',#3403,#2640,#2641);
#2286=AXIS2_PLACEMENT_3D('',#3404,#2642,#2643);
#2287=AXIS2_PLACEMENT_3D('',#3406,#2644,#2645);
#2288=AXIS2_PLACEMENT_3D('',#3408,#2646,#2647);
#2289=AXIS2_PLACEMENT_3D('',#3409,#2648,#2649);
#2290=AXIS2_PLACEMENT_3D('',#3411,#2650,#2651);
#2291=AXIS2_PLACEMENT_3D('',#3413,#2652,#2653);
#2292=AXIS2_PLACEMENT_3D('',#3414,#2654,#2655);
#2293=AXIS2_PLACEMENT_3D('',#3419,#2657,#2658);
#2294=AXIS2_PLACEMENT_3D('',#3421,#2659,#2660);
#2295=AXIS2_PLACEMENT_3D('',#3423,#2661,#2662);
#2296=AXIS2_PLACEMENT_3D('',#3427,#2664,#2665);
#2297=AXIS2_PLACEMENT_3D('',#3429,#2666,#2667);
#2298=AXIS2_PLACEMENT_3D('',#3431,#2668,#2669);
#2299=AXIS2_PLACEMENT_3D('',#3435,#2671,#2672);
#2300=AXIS2_PLACEMENT_3D('',#3437,#2673,#2674);
#2301=AXIS2_PLACEMENT_3D('',#3439,#2675,#2676);
#2302=AXIS2_PLACEMENT_3D('',#3443,#2678,#2679);
#2303=AXIS2_PLACEMENT_3D('',#3445,#2680,#2681);
#2304=AXIS2_PLACEMENT_3D('',#3446,#2682,#2683);
#2305=AXIS2_PLACEMENT_3D('',#3448,#2684,#2685);
#2306=AXIS2_PLACEMENT_3D('',#3450,#2686,#2687);
#2307=AXIS2_PLACEMENT_3D('',#3452,#2688,#2689);
#2308=AXIS2_PLACEMENT_3D('',#3454,#2690,#2691);
#2309=AXIS2_PLACEMENT_3D('',#3455,#2692,#2693);
#2310=AXIS2_PLACEMENT_3D('',#3463,#2697,#2698);
#2311=AXIS2_PLACEMENT_3D('',#3468,#2701,#2702);
#2312=AXIS2_PLACEMENT_3D('',#3473,#2705,#2706);
#2313=AXIS2_PLACEMENT_3D('',#3478,#2709,#2710);
#2314=AXIS2_PLACEMENT_3D('',#3485,#2714,#2715);
#2315=AXIS2_PLACEMENT_3D('',#3487,#2716,#2717);
#2316=AXIS2_PLACEMENT_3D('',#3489,#2718,#2719);
#2317=AXIS2_PLACEMENT_3D('',#3493,#2721,#2722);
#2318=AXIS2_PLACEMENT_3D('',#3495,#2723,#2724);
#2319=AXIS2_PLACEMENT_3D('',#3497,#2725,#2726);
#2320=AXIS2_PLACEMENT_3D('',#3501,#2728,#2729);
#2321=AXIS2_PLACEMENT_3D('',#3503,#2730,#2731);
#2322=AXIS2_PLACEMENT_3D('',#3505,#2732,#2733);
#2323=AXIS2_PLACEMENT_3D('',#3509,#2735,#2736);
#2324=AXIS2_PLACEMENT_3D('',#3511,#2737,#2738);
#2325=AXIS2_PLACEMENT_3D('',#3512,#2739,#2740);
#2326=AXIS2_PLACEMENT_3D('',#3514,#2741,#2742);
#2327=AXIS2_PLACEMENT_3D('',#3516,#2743,#2744);
#2328=AXIS2_PLACEMENT_3D('',#3518,#2745,#2746);
#2329=AXIS2_PLACEMENT_3D('',#3520,#2747,#2748);
#2330=AXIS2_PLACEMENT_3D('',#3524,#2751,#2752);
#2331=AXIS2_PLACEMENT_3D('',#3528,#2755,#2756);
#2332=AXIS2_PLACEMENT_3D('',#3529,#2757,#2758);
#2333=AXIS2_PLACEMENT_3D('',#3530,#2759,#2760);
#2334=AXIS2_PLACEMENT_3D('',#3534,#2763,#2764);
#2335=AXIS2_PLACEMENT_3D('',#3538,#2767,#2768);
#2336=AXIS2_PLACEMENT_3D('',#3539,#2769,#2770);
#2337=AXIS2_PLACEMENT_3D('',#3540,#2771,#2772);
#2338=AXIS2_PLACEMENT_3D('',#3544,#2775,#2776);
#2339=AXIS2_PLACEMENT_3D('',#3545,#2777,#2778);
#2340=AXIS2_PLACEMENT_3D('',#3548,#2780,#2781);
#2341=AXIS2_PLACEMENT_3D('',#3550,#2783,#2784);
#2342=AXIS2_PLACEMENT_3D('',#3553,#2786,#2787);
#2343=AXIS2_PLACEMENT_3D('',#3556,#2789,#2790);
#2344=AXIS2_PLACEMENT_3D('',#3558,#2792,#2793);
#2345=AXIS2_PLACEMENT_3D('',#3560,#2795,#2796);
#2346=AXIS2_PLACEMENT_3D('',#3564,#2798,#2799);
#2347=AXIS2_PLACEMENT_3D('',#3568,#2801,#2802);
#2348=AXIS2_PLACEMENT_3D('',#3569,#2803,#2804);
#2349=AXIS2_PLACEMENT_3D('',#3573,#2806,#2807);
#2350=AXIS2_PLACEMENT_3D('',#3577,#2809,#2810);
#2351=AXIS2_PLACEMENT_3D('',#3578,#2811,#2812);
#2352=AXIS2_PLACEMENT_3D('',#3582,#2814,#2815);
#2353=AXIS2_PLACEMENT_3D('',#3586,#2817,#2818);
#2354=AXIS2_PLACEMENT_3D('',#3587,#2819,#2820);
#2355=AXIS2_PLACEMENT_3D('',#3591,#2822,#2823);
#2356=AXIS2_PLACEMENT_3D('',#3595,#2825,#2826);
#2357=AXIS2_PLACEMENT_3D('',#3596,#2827,#2828);
#2358=AXIS2_PLACEMENT_3D('',#3600,#2830,#2831);
#2359=AXIS2_PLACEMENT_3D('',#3601,#2832,#2833);
#2360=AXIS2_PLACEMENT_3D('',#3602,#2834,#2835);
#2361=AXIS2_PLACEMENT_3D('',#3603,#2836,#2837);
#2362=AXIS2_PLACEMENT_3D('',#3607,#2839,#2840);
#2363=AXIS2_PLACEMENT_3D('',#3608,#2841,#2842);
#2364=AXIS2_PLACEMENT_3D('',#3614,#2846,#2847);
#2365=AXIS2_PLACEMENT_3D('',#3615,#2848,#2849);
#2366=AXIS2_PLACEMENT_3D('',#3619,#2851,#2852);
#2367=AXIS2_PLACEMENT_3D('',#3620,#2853,#2854);
#2368=AXIS2_PLACEMENT_3D('',#3623,#2857,#2858);
#2369=AXIS2_PLACEMENT_3D('',#3624,#2859,#2860);
#2370=AXIS2_PLACEMENT_3D('',#3625,#2861,#2862);
#2371=AXIS2_PLACEMENT_3D('',#3629,#2864,#2865);
#2372=AXIS2_PLACEMENT_3D('',#3630,#2866,#2867);
#2373=AXIS2_PLACEMENT_3D('',#3636,#2871,#2872);
#2374=AXIS2_PLACEMENT_3D('',#3637,#2873,#2874);
#2375=AXIS2_PLACEMENT_3D('',#3641,#2876,#2877);
#2376=AXIS2_PLACEMENT_3D('',#3642,#2878,#2879);
#2377=AXIS2_PLACEMENT_3D('',#3648,#2883,#2884);
#2378=AXIS2_PLACEMENT_3D('',#3649,#2885,#2886);
#2379=AXIS2_PLACEMENT_3D('',#3650,#2887,#2888);
#2380=AXIS2_PLACEMENT_3D('',#3651,#2889,#2890);
#2381=AXIS2_PLACEMENT_3D('',#3652,#2891,#2892);
#2382=AXIS2_PLACEMENT_3D('',#3653,#2893,#2894);
#2383=AXIS2_PLACEMENT_3D('',#3657,#2896,#2897);
#2384=AXIS2_PLACEMENT_3D('',#3661,#2899,#2900);
#2385=AXIS2_PLACEMENT_3D('',#3662,#2901,#2902);
#2386=AXIS2_PLACEMENT_3D('',#3663,#2903,#2904);
#2387=AXIS2_PLACEMENT_3D('',#3666,#2906,#2907);
#2388=AXIS2_PLACEMENT_3D('',#3670,#2910,#2911);
#2389=AXIS2_PLACEMENT_3D('',#3671,#2912,#2913);
#2390=AXIS2_PLACEMENT_3D('',#3674,#2915,#2916);
#2391=AXIS2_PLACEMENT_3D('',#3678,#2919,#2920);
#2392=AXIS2_PLACEMENT_3D('',#3679,#2921,#2922);
#2393=AXIS2_PLACEMENT_3D('',#3680,#2923,#2924);
#2394=AXIS2_PLACEMENT_3D('',#3684,#2926,#2927);
#2395=AXIS2_PLACEMENT_3D('',#3685,#2928,#2929);
#2396=AXIS2_PLACEMENT_3D('',#3686,#2930,#2931);
#2397=AXIS2_PLACEMENT_3D('',#3687,#2932,#2933);
#2398=AXIS2_PLACEMENT_3D('',#3691,#2935,#2936);
#2399=AXIS2_PLACEMENT_3D('',#3692,#2937,#2938);
#2400=AXIS2_PLACEMENT_3D('',#3698,#2942,#2943);
#2401=AXIS2_PLACEMENT_3D('',#3699,#2944,#2945);
#2402=AXIS2_PLACEMENT_3D('',#3703,#2947,#2948);
#2403=AXIS2_PLACEMENT_3D('',#3704,#2949,#2950);
#2404=AXIS2_PLACEMENT_3D('',#3707,#2953,#2954);
#2405=AXIS2_PLACEMENT_3D('',#3708,#2955,#2956);
#2406=AXIS2_PLACEMENT_3D('',#3709,#2957,#2958);
#2407=AXIS2_PLACEMENT_3D('',#3711,#2959,#2960);
#2408=AXIS2_PLACEMENT_3D('',#3712,#2961,#2962);
#2409=AXIS2_PLACEMENT_3D('',#3714,#2963,#2964);
#2410=AXIS2_PLACEMENT_3D('',#3715,#2965,#2966);
#2411=AXIS2_PLACEMENT_3D('',#3717,#2967,#2968);
#2412=AXIS2_PLACEMENT_3D('',#3718,#2969,#2970);
#2413=AXIS2_PLACEMENT_3D('',#3720,#2971,#2972);
#2414=AXIS2_PLACEMENT_3D('',#3721,#2973,#2974);
#2415=AXIS2_PLACEMENT_3D('',#3723,#2975,#2976);
#2416=AXIS2_PLACEMENT_3D('',#3724,#2977,#2978);
#2417=AXIS2_PLACEMENT_3D('',#3725,#2979,#2980);
#2418=AXIS2_PLACEMENT_3D('',#3727,#2981,#2982);
#2419=AXIS2_PLACEMENT_3D('',#3728,#2983,#2984);
#2420=AXIS2_PLACEMENT_3D('',#3729,#2985,#2986);
#2421=AXIS2_PLACEMENT_3D('',#3731,#2987,#2988);
#2422=AXIS2_PLACEMENT_3D('',#3732,#2989,#2990);
#2423=AXIS2_PLACEMENT_3D('',#3733,#2991,#2992);
#2424=AXIS2_PLACEMENT_3D('',#3735,#2993,#2994);
#2425=AXIS2_PLACEMENT_3D('',#3736,#2995,#2996);
#2426=AXIS2_PLACEMENT_3D('',#3738,#2998,#2999);
#2427=AXIS2_PLACEMENT_3D('',#3739,#3000,#3001);
#2428=AXIS2_PLACEMENT_3D('',#3741,#3003,#3004);
#2429=AXIS2_PLACEMENT_3D('',#3742,#3005,#3006);
#2430=AXIS2_PLACEMENT_3D('',#3743,#3007,#3008);
#2431=AXIS2_PLACEMENT_3D('',#3744,#3009,#3010);
#2432=AXIS2_PLACEMENT_3D('',#3745,#3011,#3012);
#2433=AXIS2_PLACEMENT_3D('',#3746,#3013,#3014);
#2434=AXIS2_PLACEMENT_3D('',#3747,#3015,#3016);
#2435=AXIS2_PLACEMENT_3D('',#3748,#3017,#3018);
#2436=AXIS2_PLACEMENT_3D('',#3749,#3019,#3020);
#2437=AXIS2_PLACEMENT_3D('',#3750,#3021,#3022);
#2438=AXIS2_PLACEMENT_3D('',#3751,#3023,#3024);
#2439=AXIS2_PLACEMENT_3D('',#3752,#3025,#3026);
#2440=AXIS2_PLACEMENT_3D('',#3753,#3027,#3028);
#2441=AXIS2_PLACEMENT_3D('',#3754,#3029,#3030);
#2442=AXIS2_PLACEMENT_3D('',#3755,#3031,#3032);
#2443=AXIS2_PLACEMENT_3D('',#3756,#3033,#3034);
#2444=AXIS2_PLACEMENT_3D('',#3757,#3035,#3036);
#2445=AXIS2_PLACEMENT_3D('',#3758,#3037,#3038);
#2446=AXIS2_PLACEMENT_3D('',#3759,#3039,#3040);
#2447=AXIS2_PLACEMENT_3D('',#3760,#3041,#3042);
#2448=AXIS2_PLACEMENT_3D('',#3761,#3043,#3044);
#2449=AXIS2_PLACEMENT_3D('',#3762,#3045,#3046);
#2450=AXIS2_PLACEMENT_3D('',#3763,#3047,#3048);
#2451=AXIS2_PLACEMENT_3D('',#3764,#3049,#3050);
#2452=AXIS2_PLACEMENT_3D('',#3765,#3051,#3052);
#2453=AXIS2_PLACEMENT_3D('',#3766,#3053,#3054);
#2454=AXIS2_PLACEMENT_3D('',#3769,#3057,#3058);
#2455=AXIS2_PLACEMENT_3D('',#3771,#3060,#3061);
#2456=AXIS2_PLACEMENT_3D('',#3773,#3063,#3064);
#2457=AXIS2_PLACEMENT_3D('',#3775,#3066,#3067);
#2458=AXIS2_PLACEMENT_3D('',#3777,#3069,#3070);
#2459=AXIS2_PLACEMENT_3D('',#3779,#3072,#3073);
#2460=AXIS2_PLACEMENT_3D('',#3781,#3075,#3076);
#2461=AXIS2_PLACEMENT_3D('',#3783,#3078,#3079);
#2462=AXIS2_PLACEMENT_3D('',#3785,#3081,#3082);
#2463=AXIS2_PLACEMENT_3D('',#3787,#3084,#3085);
#2464=AXIS2_PLACEMENT_3D('',#3789,#3087,#3088);
#2465=AXIS2_PLACEMENT_3D('',#3791,#3090,#3091);
#2466=AXIS2_PLACEMENT_3D('',#3793,#3093,#3094);
#2467=AXIS2_PLACEMENT_3D('',#3795,#3096,#3097);
#2468=AXIS2_PLACEMENT_3D('',#3797,#3099,#3100);
#2469=AXIS2_PLACEMENT_3D('',#3798,#3101,#3102);
#2470=AXIS2_PLACEMENT_3D('',#3800,#3104,#3105);
#2471=AXIS2_PLACEMENT_3D('',#3802,#3107,#3108);
#2472=AXIS2_PLACEMENT_3D('',#3804,#3110,#3111);
#2473=AXIS2_PLACEMENT_3D('',#3806,#3113,#3114);
#2474=AXIS2_PLACEMENT_3D('',#3808,#3116,#3117);
#2475=AXIS2_PLACEMENT_3D('',#3810,#3119,#3120);
#2476=AXIS2_PLACEMENT_3D('',#3812,#3122,#3123);
#2477=AXIS2_PLACEMENT_3D('',#3814,#3125,#3126);
#2478=AXIS2_PLACEMENT_3D('',#3816,#3128,#3129);
#2479=AXIS2_PLACEMENT_3D('',#3818,#3131,#3132);
#2480=AXIS2_PLACEMENT_3D('',#3820,#3134,#3135);
#2481=AXIS2_PLACEMENT_3D('',#3822,#3137,#3138);
#2482=AXIS2_PLACEMENT_3D('',#3824,#3140,#3141);
#2483=AXIS2_PLACEMENT_3D('',#3826,#3143,#3144);
#2484=AXIS2_PLACEMENT_3D('',#3828,#3146,#3147);
#2485=AXIS2_PLACEMENT_3D('',#3830,#3149,#3150);
#2486=AXIS2_PLACEMENT_3D('',#3831,#3151,#3152);
#2487=AXIS2_PLACEMENT_3D('',#3832,#3153,#3154);
#2488=AXIS2_PLACEMENT_3D('',#3863,#3155,#3156);
#2489=AXIS2_PLACEMENT_3D('',#3864,#3157,#3158);
#2490=AXIS2_PLACEMENT_3D('',#3865,#3159,#3160);
#2491=AXIS2_PLACEMENT_3D('',#3866,#3161,#3162);
#2492=AXIS2_PLACEMENT_3D('',#3867,#3163,#3164);
#2493=AXIS2_PLACEMENT_3D('',#3868,#3165,#3166);
#2494=AXIS2_PLACEMENT_3D('',#3869,#3167,#3168);
#2495=AXIS2_PLACEMENT_3D('',#3891,#3169,#3170);
#2496=AXIS2_PLACEMENT_3D('',#3892,#3171,#3172);
#2497=AXIS2_PLACEMENT_3D('',#3893,#3173,#3174);
#2498=AXIS2_PLACEMENT_3D('',#3915,#3175,#3176);
#2499=AXIS2_PLACEMENT_3D('',#3916,#3177,#3178);
#2500=AXIS2_PLACEMENT_3D('',#3917,#3179,#3180);
#2501=AXIS2_PLACEMENT_3D('',#3918,#3181,#3182);
#2502=AXIS2_PLACEMENT_3D('',#3919,#3183,#3184);
#2503=AXIS2_PLACEMENT_3D('',#3920,#3185,#3186);
#2504=AXIS2_PLACEMENT_3D('',#3921,#3187,#3188);
#2505=AXIS2_PLACEMENT_3D('',#3952,#3189,#3190);
#2506=AXIS2_PLACEMENT_3D('',#3953,#3191,#3192);
#2507=AXIS2_PLACEMENT_3D('',#3954,#3193,#3194);
#2508=AXIS2_PLACEMENT_3D('',#3985,#3195,#3196);
#2509=AXIS2_PLACEMENT_3D('',#3986,#3197,#3198);
#2510=AXIS2_PLACEMENT_3D('',#3987,#3199,#3200);
#2511=AXIS2_PLACEMENT_3D('',#3988,#3201,#3202);
#2512=AXIS2_PLACEMENT_3D('',#3989,#3203,#3204);
#2513=AXIS2_PLACEMENT_3D('',#3990,#3205,#3206);
#2514=AXIS2_PLACEMENT_3D('',#3991,#3207,#3208);
#2515=AXIS2_PLACEMENT_3D('',#4013,#3209,#3210);
#2516=AXIS2_PLACEMENT_3D('',#4014,#3211,#3212);
#2517=AXIS2_PLACEMENT_3D('',#4015,#3213,#3214);
#2518=AXIS2_PLACEMENT_3D('',#4037,#3215,#3216);
#2519=AXIS2_PLACEMENT_3D('',#4038,#3217,#3218);
#2520=AXIS2_PLACEMENT_3D('',#4039,#3219,#3220);
#2521=AXIS2_PLACEMENT_3D('',#4040,#3221,#3222);
#2522=AXIS2_PLACEMENT_3D('',#4041,#3223,#3224);
#2523=AXIS2_PLACEMENT_3D('',#4042,#3225,#3226);
#2524=AXIS2_PLACEMENT_3D('',#4043,#3227,#3228);
#2525=AXIS2_PLACEMENT_3D('',#4074,#3229,#3230);
#2526=AXIS2_PLACEMENT_3D('',#4075,#3231,#3232);
#2527=DIRECTION('',(0.,0.,1.));
#2528=DIRECTION('',(1.,0.,0.));
#2529=DIRECTION('',(1.,9.37688365392869E-17,3.72736445721923E-32));
#2530=DIRECTION('',(-9.37688365392869E-17,1.,0.));
#2531=DIRECTION('',(3.15319592958119E-32,6.12323399573677E-17,-1.));
#2532=DIRECTION('',(9.37688365392869E-17,-1.,-6.12323399573677E-17));
#2533=DIRECTION('',(5.71712595030465E-32,-2.12198590333554E-16,-1.));
#2534=DIRECTION('',(9.37688365392869E-17,-1.,-6.12323399573677E-17));
#2535=DIRECTION('',(3.15319592958119E-32,6.12323399573677E-17,-1.));
#2536=DIRECTION('',(-9.11574503592941E-64,-1.,-6.12323399573677E-17));
#2537=DIRECTION('',(1.,9.37688365392869E-17,3.72736445721923E-32));
#2538=DIRECTION('',(-9.37688365392869E-17,1.,0.));
#2539=DIRECTION('',(-4.72224520376194E-32,1.06099295166777E-16,1.));
#2540=DIRECTION('',(9.37688365392869E-17,-1.,-6.12323399573677E-17));
#2541=DIRECTION('',(3.15319592958119E-32,6.12323399573677E-17,-1.));
#2542=DIRECTION('',(9.11574503592941E-64,1.,6.12323399573677E-17));
#2543=DIRECTION('',(3.15319592958119E-32,6.12323399573677E-17,-1.));
#2544=DIRECTION('',(9.37688365392869E-17,-1.,-6.12323399573677E-17));
#2545=DIRECTION('',(3.15319592958119E-32,6.12323399573677E-17,-1.));
#2546=DIRECTION('',(1.,-1.93077565112303E-48,3.15319592958119E-32));
#2547=DIRECTION('',(9.37688365392869E-17,-1.,-6.12323399573677E-17));
#2548=DIRECTION('',(-1.,-9.37688365392869E-17,-3.72736445721923E-32));
#2549=DIRECTION('',(8.80570292374014E-17,-1.,-6.12323399573677E-17));
#2550=DIRECTION('',(-1.,-9.37688365392869E-17,-3.72736445721923E-32));
#2551=DIRECTION('',(9.37688365392869E-17,-1.,-6.12323399573677E-17));
#2552=DIRECTION('',(-0.825126486136676,-0.564948034668448,-3.45930901170652E-17));
#2553=DIRECTION('',(3.15319592958119E-32,6.12323399573677E-17,-1.));
#2554=DIRECTION('',(0.,1.,6.12323399573677E-17));
#2555=DIRECTION('',(-3.03858167864313E-64,1.,6.12323399573677E-17));
#2556=DIRECTION('',(-1.,-1.21734980770302E-16,-3.89860770230427E-32));
#2557=DIRECTION('',(-3.03858167864313E-64,1.,6.12323399573677E-17));
#2558=DIRECTION('',(3.15319592958119E-32,6.12323399573677E-17,-1.));
#2559=DIRECTION('',(0.,1.,6.12323399573677E-17));
#2560=DIRECTION('',(0.825126486136676,-0.564948034668448,-3.45930901170651E-17));
#2561=DIRECTION('',(9.37688365392869E-17,-1.,-6.12323399573677E-17));
#2562=DIRECTION('',(0.825126486136676,0.564948034668448,3.45930901170652E-17));
#2563=DIRECTION('',(3.15319592958119E-32,6.12323399573677E-17,-1.));
#2564=DIRECTION('',(0.,1.,6.12323399573677E-17));
#2565=DIRECTION('',(3.03858167864313E-64,-1.,-6.12323399573677E-17));
#2566=DIRECTION('',(-1.,-1.21734980770302E-16,-3.89860770230427E-32));
#2567=DIRECTION('',(3.03858167864313E-64,-1.,-6.12323399573677E-17));
#2568=DIRECTION('',(3.15319592958119E-32,6.12323399573677E-17,-1.));
#2569=DIRECTION('',(0.,1.,6.12323399573677E-17));
#2570=DIRECTION('',(-0.825126486136676,0.564948034668448,3.45930901170651E-17));
#2571=DIRECTION('',(1.,9.37688365392869E-17,3.72736445721923E-32));
#2572=DIRECTION('',(-9.37688365392869E-17,1.,0.));
#2573=DIRECTION('',(3.15319592958119E-32,6.12323399573677E-17,-1.));
#2574=DIRECTION('',(9.37688365392869E-17,-1.,-6.12323399573677E-17));
#2575=DIRECTION('',(3.15319592958119E-32,6.12323399573677E-17,-1.));
#2576=DIRECTION('',(-9.11574503592941E-64,-1.,-6.12323399573677E-17));
#2577=DIRECTION('',(-3.15319592958119E-32,-6.12323399573677E-17,1.));
#2578=DIRECTION('',(9.37688365392869E-17,-1.,-6.12323399573677E-17));
#2579=DIRECTION('',(-3.15319592958119E-32,-6.12323399573677E-17,1.));
#2580=DIRECTION('',(9.11574503592941E-64,1.,6.12323399573677E-17));
#2581=DIRECTION('',(1.21734980770302E-16,-1.,-6.12323399573677E-17));
#2582=DIRECTION('',(1.,1.21734980770302E-16,0.));
#2583=DIRECTION('',(3.15319592958119E-32,6.12323399573677E-17,-1.));
#2584=DIRECTION('',(-1.,-1.21734980770302E-16,-3.89860770230427E-32));
#2585=DIRECTION('',(3.15319592958119E-32,6.12323399573677E-17,-1.));
#2586=DIRECTION('',(-1.,3.15307197851889E-49,-3.15319592958119E-32));
#2587=DIRECTION('',(3.15319592958119E-32,6.12323399573677E-17,-1.));
#2588=DIRECTION('',(-1.,-1.21734980770302E-16,-3.89860770230427E-32));
#2589=DIRECTION('',(3.15319592958119E-32,6.12323399573677E-17,-1.));
#2590=DIRECTION('',(1.,-3.15307197851889E-49,3.15319592958119E-32));
#2591=DIRECTION('',(-1.,-8.80570292374014E-17,-3.69238972457123E-32));
#2592=DIRECTION('',(8.80570292374014E-17,-1.,0.));
#2593=DIRECTION('',(-4.62666859822809E-32,1.06099295166777E-16,1.));
#2594=DIRECTION('',(8.80570292374014E-17,-1.,-6.12323399573677E-17));
#2595=DIRECTION('',(-3.15319592958119E-32,-6.12323399573677E-17,1.));
#2596=DIRECTION('',(-8.80570292374014E-17,1.,6.12323399573677E-17));
#2597=DIRECTION('',(3.15319592958119E-32,6.12323399573677E-17,-1.));
#2598=DIRECTION('',(8.80570292374014E-17,-1.,-6.12323399573677E-17));
#2599=DIRECTION('',(5.56094747188495E-32,-2.12198590333554E-16,-1.));
#2600=DIRECTION('',(-1.16816395688674E-16,1.,6.12323399573677E-17));
#2601=DIRECTION('',(-1.,-1.16816395688674E-16,0.));
#2602=DIRECTION('',(-3.15319592958119E-32,-6.12323399573677E-17,1.));
#2603=DIRECTION('',(-1.,-1.16816395688674E-16,-3.86849005492152E-32));
#2604=DIRECTION('',(3.15319592958119E-32,6.12323399573677E-17,-1.));
#2605=DIRECTION('',(1.,1.16816395688674E-16,3.86849005492152E-32));
#2606=DIRECTION('',(-1.,-8.80570292374014E-17,-3.69238972457123E-32));
#2607=DIRECTION('',(8.80570292374014E-17,-1.,0.));
#2608=DIRECTION('',(-3.15319592958119E-32,-6.12323399573677E-17,1.));
#2609=DIRECTION('',(-8.80570292374014E-17,1.,6.12323399573677E-17));
#2610=DIRECTION('',(3.15319592958119E-32,6.12323399573677E-17,-1.));
#2611=DIRECTION('',(8.80570292374014E-17,-1.,-6.12323399573677E-17));
#2612=DIRECTION('',(-1.16816395688674E-16,1.,6.12323399573677E-17));
#2613=DIRECTION('',(-1.,-1.16816395688674E-16,0.));
#2614=DIRECTION('',(3.15319592958119E-32,6.12323399573677E-17,-1.));
#2615=DIRECTION('',(1.,1.16816395688674E-16,3.86849005492152E-32));
#2616=DIRECTION('',(-3.15319592958119E-32,-6.12323399573677E-17,1.));
#2617=DIRECTION('',(-1.,-1.16816395688674E-16,-3.86849005492152E-32));
#2618=DIRECTION('',(1.21734980770302E-16,-1.,-6.12323399573677E-17));
#2619=DIRECTION('',(1.,1.21734980770302E-16,0.));
#2620=DIRECTION('',(3.15319592958119E-32,6.12323399573677E-17,-1.));
#2621=DIRECTION('',(-1.,-1.21734980770302E-16,-3.89860770230427E-32));
#2622=DIRECTION('',(3.15319592958119E-32,6.12323399573677E-17,-1.));
#2623=DIRECTION('',(1.,-3.15307197851889E-49,3.15319592958119E-32));
#2624=DIRECTION('',(-3.15319592958119E-32,-6.12323399573677E-17,1.));
#2625=DIRECTION('',(-1.,-1.21734980770302E-16,-3.89860770230427E-32));
#2626=DIRECTION('',(-3.15319592958119E-32,-6.12323399573677E-17,1.));
#2627=DIRECTION('',(-1.,3.15307197851889E-49,-3.15319592958119E-32));
#2628=DIRECTION('',(-3.15319592958119E-32,-6.12323399573677E-17,1.));
#2629=DIRECTION('',(0.,-1.,-6.12323399573677E-17));
#2630=DIRECTION('',(3.15319592958119E-32,6.12323399573677E-17,-1.));
#2631=DIRECTION('',(0.,1.,6.12323399573677E-17));
#2632=DIRECTION('',(-3.15319592958119E-32,-6.12323399573677E-17,1.));
#2633=DIRECTION('',(0.,-1.,-6.12323399573677E-17));
#2634=DIRECTION('',(-3.15319592958119E-32,-6.12323399573677E-17,1.));
#2635=DIRECTION('',(0.,-1.,-6.12323399573677E-17));
#2636=DIRECTION('',(3.15319592958119E-32,6.12323399573677E-17,-1.));
#2637=DIRECTION('',(0.,1.,6.12323399573677E-17));
#2638=DIRECTION('',(-3.15319592958119E-32,-6.12323399573677E-17,1.));
#2639=DIRECTION('',(0.,-1.,-6.12323399573677E-17));
#2640=DIRECTION('',(-3.15319592958119E-32,-6.12323399573677E-17,1.));
#2641=DIRECTION('',(0.,-1.,-6.12323399573677E-17));
#2642=DIRECTION('',(3.15319592958119E-32,6.12323399573677E-17,-1.));
#2643=DIRECTION('',(0.,1.,6.12323399573677E-17));
#2644=DIRECTION('',(-3.15319592958119E-32,-6.12323399573677E-17,1.));
#2645=DIRECTION('',(0.,-1.,-6.12323399573677E-17));
#2646=DIRECTION('',(-3.15319592958119E-32,-6.12323399573677E-17,1.));
#2647=DIRECTION('',(0.,-1.,-6.12323399573677E-17));
#2648=DIRECTION('',(3.15319592958119E-32,6.12323399573677E-17,-1.));
#2649=DIRECTION('',(0.,1.,6.12323399573677E-17));
#2650=DIRECTION('',(-3.15319592958119E-32,-6.12323399573677E-17,1.));
#2651=DIRECTION('',(0.,-1.,-6.12323399573677E-17));
#2652=DIRECTION('',(3.15319592958119E-32,6.12323399573677E-17,-1.));
#2653=DIRECTION('',(1.,-1.93077565112303E-48,3.15319592958119E-32));
#2654=DIRECTION('',(3.15319592958119E-32,6.12323399573677E-17,-1.));
#2655=DIRECTION('',(0.,1.,6.12323399573677E-17));
#2656=DIRECTION('',(-8.80570292374014E-17,1.,6.12323399573677E-17));
#2657=DIRECTION('',(3.15319592958119E-32,6.12323399573677E-17,-1.));
#2658=DIRECTION('',(0.,1.,6.12323399573677E-17));
#2659=DIRECTION('',(3.15319592958119E-32,6.12323399573677E-17,-1.));
#2660=DIRECTION('',(0.,1.,6.12323399573677E-17));
#2661=DIRECTION('',(3.15319592958119E-32,6.12323399573677E-17,-1.));
#2662=DIRECTION('',(0.,1.,6.12323399573677E-17));
#2663=DIRECTION('',(1.,1.16816395688674E-16,3.86849005492152E-32));
#2664=DIRECTION('',(3.15319592958119E-32,6.12323399573677E-17,-1.));
#2665=DIRECTION('',(0.,1.,6.12323399573677E-17));
#2666=DIRECTION('',(3.15319592958119E-32,6.12323399573677E-17,-1.));
#2667=DIRECTION('',(0.,1.,6.12323399573677E-17));
#2668=DIRECTION('',(3.15319592958119E-32,6.12323399573677E-17,-1.));
#2669=DIRECTION('',(0.,1.,6.12323399573677E-17));
#2670=DIRECTION('',(8.80570292374014E-17,-1.,-6.12323399573677E-17));
#2671=DIRECTION('',(3.15319592958119E-32,6.12323399573677E-17,-1.));
#2672=DIRECTION('',(0.,1.,6.12323399573677E-17));
#2673=DIRECTION('',(3.15319592958119E-32,6.12323399573677E-17,-1.));
#2674=DIRECTION('',(0.,1.,6.12323399573677E-17));
#2675=DIRECTION('',(3.15319592958119E-32,6.12323399573677E-17,-1.));
#2676=DIRECTION('',(0.,1.,6.12323399573677E-17));
#2677=DIRECTION('',(-1.,-1.16816395688674E-16,-3.86849005492152E-32));
#2678=DIRECTION('',(3.15319592958119E-32,6.12323399573677E-17,-1.));
#2679=DIRECTION('',(0.,1.,6.12323399573677E-17));
#2680=DIRECTION('',(3.15319592958119E-32,6.12323399573677E-17,-1.));
#2681=DIRECTION('',(0.,1.,6.12323399573677E-17));
#2682=DIRECTION('',(3.15319592958119E-32,6.12323399573677E-17,-1.));
#2683=DIRECTION('',(0.,1.,6.12323399573677E-17));
#2684=DIRECTION('',(3.15319592958119E-32,6.12323399573677E-17,-1.));
#2685=DIRECTION('',(0.,1.,6.12323399573677E-17));
#2686=DIRECTION('',(3.15319592958119E-32,6.12323399573677E-17,-1.));
#2687=DIRECTION('',(0.,1.,6.12323399573677E-17));
#2688=DIRECTION('',(3.15319592958119E-32,6.12323399573677E-17,-1.));
#2689=DIRECTION('',(0.,1.,6.12323399573677E-17));
#2690=DIRECTION('',(-3.15319592958119E-32,-6.12323399573677E-17,1.));
#2691=DIRECTION('',(1.,-1.93077565112303E-48,3.15319592958119E-32));
#2692=DIRECTION('',(-3.15319592958119E-32,-6.12323399573677E-17,1.));
#2693=DIRECTION('',(0.,-1.,-6.12323399573677E-17));
#2694=DIRECTION('',(-8.80570292374014E-17,1.,6.12323399573677E-17));
#2695=DIRECTION('',(1.,9.37688365392869E-17,3.72736445721923E-32));
#2696=DIRECTION('',(-1.,1.93077565112303E-48,-3.15319592958119E-32));
#2697=DIRECTION('',(-3.15319592958119E-32,-6.12323399573677E-17,1.));
#2698=DIRECTION('',(0.,-1.,-6.12323399573677E-17));
#2699=DIRECTION('',(1.82314900718588E-63,1.,6.12323399573677E-17));
#2700=DIRECTION('',(1.82314900718588E-63,1.,6.12323399573677E-17));
#2701=DIRECTION('',(-3.15319592958119E-32,-6.12323399573677E-17,1.));
#2702=DIRECTION('',(0.,-1.,-6.12323399573677E-17));
#2703=DIRECTION('',(1.,-1.93077565112303E-48,3.15319592958119E-32));
#2704=DIRECTION('',(1.,-1.93077565112303E-48,3.15319592958119E-32));
#2705=DIRECTION('',(-3.15319592958119E-32,-6.12323399573677E-17,1.));
#2706=DIRECTION('',(0.,-1.,-6.12323399573677E-17));
#2707=DIRECTION('',(-1.82314900718588E-63,-1.,-6.12323399573677E-17));
#2708=DIRECTION('',(-1.82314900718588E-63,-1.,-6.12323399573677E-17));
#2709=DIRECTION('',(-3.15319592958119E-32,-6.12323399573677E-17,1.));
#2710=DIRECTION('',(0.,-1.,-6.12323399573677E-17));
#2711=DIRECTION('',(-1.,1.93077565112303E-48,-3.15319592958119E-32));
#2712=DIRECTION('',(-1.,-9.37688365392869E-17,-3.72736445721923E-32));
#2713=DIRECTION('',(-8.80570292374014E-17,1.,6.12323399573677E-17));
#2714=DIRECTION('',(-3.15319592958119E-32,-6.12323399573677E-17,1.));
#2715=DIRECTION('',(0.,-1.,-6.12323399573677E-17));
#2716=DIRECTION('',(-3.15319592958119E-32,-6.12323399573677E-17,1.));
#2717=DIRECTION('',(0.,-1.,-6.12323399573677E-17));
#2718=DIRECTION('',(-3.15319592958119E-32,-6.12323399573677E-17,1.));
#2719=DIRECTION('',(0.,-1.,-6.12323399573677E-17));
#2720=DIRECTION('',(-1.,-1.16816395688674E-16,-3.86849005492152E-32));
#2721=DIRECTION('',(-3.15319592958119E-32,-6.12323399573677E-17,1.));
#2722=DIRECTION('',(0.,-1.,-6.12323399573677E-17));
#2723=DIRECTION('',(-3.15319592958119E-32,-6.12323399573677E-17,1.));
#2724=DIRECTION('',(0.,-1.,-6.12323399573677E-17));
#2725=DIRECTION('',(-3.15319592958119E-32,-6.12323399573677E-17,1.));
#2726=DIRECTION('',(0.,-1.,-6.12323399573677E-17));
#2727=DIRECTION('',(8.80570292374014E-17,-1.,-6.12323399573677E-17));
#2728=DIRECTION('',(-3.15319592958119E-32,-6.12323399573677E-17,1.));
#2729=DIRECTION('',(0.,-1.,-6.12323399573677E-17));
#2730=DIRECTION('',(-3.15319592958119E-32,-6.12323399573677E-17,1.));
#2731=DIRECTION('',(0.,-1.,-6.12323399573677E-17));
#2732=DIRECTION('',(-3.15319592958119E-32,-6.12323399573677E-17,1.));
#2733=DIRECTION('',(0.,-1.,-6.12323399573677E-17));
#2734=DIRECTION('',(1.,1.16816395688674E-16,3.86849005492152E-32));
#2735=DIRECTION('',(-3.15319592958119E-32,-6.12323399573677E-17,1.));
#2736=DIRECTION('',(0.,-1.,-6.12323399573677E-17));
#2737=DIRECTION('',(-3.15319592958119E-32,-6.12323399573677E-17,1.));
#2738=DIRECTION('',(0.,-1.,-6.12323399573677E-17));
#2739=DIRECTION('',(-3.15319592958119E-32,-6.12323399573677E-17,1.));
#2740=DIRECTION('',(0.,-1.,-6.12323399573677E-17));
#2741=DIRECTION('',(-3.15319592958119E-32,-6.12323399573677E-17,1.));
#2742=DIRECTION('',(0.,-1.,-6.12323399573677E-17));
#2743=DIRECTION('',(-3.15319592958119E-32,-6.12323399573677E-17,1.));
#2744=DIRECTION('',(0.,-1.,-6.12323399573677E-17));
#2745=DIRECTION('',(-3.15319592958119E-32,-6.12323399573677E-17,1.));
#2746=DIRECTION('',(0.,-1.,-6.12323399573677E-17));
#2747=DIRECTION('',(4.23757932245618E-64,-1.,-6.12323399573677E-17));
#2748=DIRECTION('',(0.,6.12323399573677E-17,-1.));
#2749=DIRECTION('',(-1.,1.93077565112303E-48,-3.15319592958119E-32));
#2750=DIRECTION('',(3.15319592958119E-32,6.12323399573677E-17,-1.));
#2751=DIRECTION('',(-1.,1.93077565112303E-48,-3.15319592958119E-32));
#2752=DIRECTION('',(-3.15319592958119E-32,0.,1.));
#2753=DIRECTION('',(1.82314900718588E-63,1.,6.12323399573677E-17));
#2754=DIRECTION('',(3.15319592958119E-32,6.12323399573677E-17,-1.));
#2755=DIRECTION('',(3.15319592958119E-32,6.12323399573677E-17,-1.));
#2756=DIRECTION('',(0.,1.,6.12323399573677E-17));
#2757=DIRECTION('',(-3.15319592958119E-32,-6.12323399573677E-17,1.));
#2758=DIRECTION('',(0.,-1.,-6.12323399573677E-17));
#2759=DIRECTION('',(-1.,1.93077565112303E-48,-3.15319592958119E-32));
#2760=DIRECTION('',(-3.15319592958119E-32,0.,1.));
#2761=DIRECTION('',(1.82314900718588E-63,1.,6.12323399573677E-17));
#2762=DIRECTION('',(3.15319592958119E-32,6.12323399573677E-17,-1.));
#2763=DIRECTION('',(-4.23757932245618E-64,1.,6.12323399573677E-17));
#2764=DIRECTION('',(0.,-6.12323399573677E-17,1.));
#2765=DIRECTION('',(1.,-1.93077565112303E-48,3.15319592958119E-32));
#2766=DIRECTION('',(3.15319592958119E-32,6.12323399573677E-17,-1.));
#2767=DIRECTION('',(3.15319592958119E-32,6.12323399573677E-17,-1.));
#2768=DIRECTION('',(0.,1.,6.12323399573677E-17));
#2769=DIRECTION('',(-3.15319592958119E-32,-6.12323399573677E-17,1.));
#2770=DIRECTION('',(0.,-1.,-6.12323399573677E-17));
#2771=DIRECTION('',(4.23757932245618E-64,-1.,-6.12323399573677E-17));
#2772=DIRECTION('',(0.,6.12323399573677E-17,-1.));
#2773=DIRECTION('',(-1.,1.93077565112303E-48,-3.15319592958119E-32));
#2774=DIRECTION('',(3.15319592958119E-32,6.12323399573677E-17,-1.));
#2775=DIRECTION('',(3.15319592958119E-32,6.12323399573677E-17,-1.));
#2776=DIRECTION('',(0.,1.,6.12323399573677E-17));
#2777=DIRECTION('',(-3.15319592958119E-32,-6.12323399573677E-17,1.));
#2778=DIRECTION('',(0.,-1.,-6.12323399573677E-17));
#2779=DIRECTION('',(3.15319592958119E-32,6.12323399573677E-17,-1.));
#2780=DIRECTION('',(1.,-1.93077565112303E-48,3.15319592958119E-32));
#2781=DIRECTION('',(3.15319592958119E-32,0.,-1.));
#2782=DIRECTION('',(-1.82314900718588E-63,-1.,-6.12323399573677E-17));
#2783=DIRECTION('',(3.15319592958119E-32,6.12323399573677E-17,-1.));
#2784=DIRECTION('',(0.,1.,6.12323399573677E-17));
#2785=DIRECTION('',(3.15319592958119E-32,6.12323399573677E-17,-1.));
#2786=DIRECTION('',(-3.15319592958119E-32,-6.12323399573677E-17,1.));
#2787=DIRECTION('',(0.,-1.,-6.12323399573677E-17));
#2788=DIRECTION('',(3.15319592958119E-32,6.12323399573677E-17,-1.));
#2789=DIRECTION('',(1.,-1.93077565112303E-48,3.15319592958119E-32));
#2790=DIRECTION('',(3.15319592958119E-32,0.,-1.));
#2791=DIRECTION('',(-1.82314900718588E-63,-1.,-6.12323399573677E-17));
#2792=DIRECTION('',(-4.23757932245618E-64,1.,6.12323399573677E-17));
#2793=DIRECTION('',(0.,-6.12323399573677E-17,1.));
#2794=DIRECTION('',(1.,-1.93077565112303E-48,3.15319592958119E-32));
#2795=DIRECTION('',(3.15319592958119E-32,6.12323399573677E-17,-1.));
#2796=DIRECTION('',(0.,1.,6.12323399573677E-17));
#2797=DIRECTION('',(3.15319592958119E-32,6.12323399573677E-17,-1.));
#2798=DIRECTION('',(0.,0.,1.));
#2799=DIRECTION('',(1.,0.,0.));
#2800=DIRECTION('',(3.15319592958119E-32,6.12323399573677E-17,-1.));
#2801=DIRECTION('',(0.,0.,-1.));
#2802=DIRECTION('',(-1.,0.,0.));
#2803=DIRECTION('',(3.15319592958119E-32,6.12323399573677E-17,-1.));
#2804=DIRECTION('',(0.,1.,6.12323399573677E-17));
#2805=DIRECTION('',(3.15319592958119E-32,6.12323399573677E-17,-1.));
#2806=DIRECTION('',(0.,0.,1.));
#2807=DIRECTION('',(1.,0.,0.));
#2808=DIRECTION('',(3.15319592958119E-32,6.12323399573677E-17,-1.));
#2809=DIRECTION('',(0.,0.,-1.));
#2810=DIRECTION('',(-1.,0.,0.));
#2811=DIRECTION('',(3.15319592958119E-32,6.12323399573677E-17,-1.));
#2812=DIRECTION('',(0.,1.,6.12323399573677E-17));
#2813=DIRECTION('',(3.15319592958119E-32,6.12323399573677E-17,-1.));
#2814=DIRECTION('',(0.,0.,1.));
#2815=DIRECTION('',(1.,0.,0.));
#2816=DIRECTION('',(3.15319592958119E-32,6.12323399573677E-17,-1.));
#2817=DIRECTION('',(0.,0.,-1.));
#2818=DIRECTION('',(-1.,0.,0.));
#2819=DIRECTION('',(3.15319592958119E-32,6.12323399573677E-17,-1.));
#2820=DIRECTION('',(0.,1.,6.12323399573677E-17));
#2821=DIRECTION('',(3.15319592958119E-32,6.12323399573677E-17,-1.));
#2822=DIRECTION('',(0.,0.,1.));
#2823=DIRECTION('',(1.,0.,0.));
#2824=DIRECTION('',(3.15319592958119E-32,6.12323399573677E-17,-1.));
#2825=DIRECTION('',(0.,0.,-1.));
#2826=DIRECTION('',(-1.,0.,0.));
#2827=DIRECTION('',(3.15319592958119E-32,6.12323399573677E-17,-1.));
#2828=DIRECTION('',(0.,1.,6.12323399573677E-17));
#2829=DIRECTION('',(3.15319592958119E-32,6.12323399573677E-17,-1.));
#2830=DIRECTION('',(0.,0.,-1.));
#2831=DIRECTION('',(-1.,0.,0.));
#2832=DIRECTION('',(-3.15319592958119E-32,-6.12323399573677E-17,1.));
#2833=DIRECTION('',(0.,-1.,-6.12323399573677E-17));
#2834=DIRECTION('',(3.15319592958119E-32,6.12323399573677E-17,-1.));
#2835=DIRECTION('',(0.,1.,6.12323399573677E-17));
#2836=DIRECTION('',(0.,0.,-1.));
#2837=DIRECTION('',(-1.,0.,0.));
#2838=DIRECTION('',(3.15319592958119E-32,6.12323399573677E-17,-1.));
#2839=DIRECTION('',(-3.15319592958119E-32,-6.12323399573677E-17,1.));
#2840=DIRECTION('',(0.,-1.,-6.12323399573677E-17));
#2841=DIRECTION('',(0.564948034668448,0.825126486136676,5.05244255069492E-17));
#2842=DIRECTION('',(-0.825126486136676,0.564948034668448,0.));
#2843=DIRECTION('',(0.825126486136676,-0.564948034668448,-3.45930901170651E-17));
#2844=DIRECTION('',(3.15319592958119E-32,6.12323399573677E-17,-1.));
#2845=DIRECTION('',(0.825126486136676,-0.564948034668448,-3.45930901170651E-17));
#2846=DIRECTION('',(3.15319592958119E-32,6.12323399573677E-17,-1.));
#2847=DIRECTION('',(0.,1.,6.12323399573677E-17));
#2848=DIRECTION('',(3.15319592958119E-32,6.12323399573677E-17,-1.));
#2849=DIRECTION('',(0.,1.,6.12323399573677E-17));
#2850=DIRECTION('',(3.15319592958119E-32,6.12323399573677E-17,-1.));
#2851=DIRECTION('',(-3.15319592958119E-32,-6.12323399573677E-17,1.));
#2852=DIRECTION('',(0.,-1.,-6.12323399573677E-17));
#2853=DIRECTION('',(-1.,1.93077565112303E-48,-3.15319592958119E-32));
#2854=DIRECTION('',(-3.15319592958119E-32,0.,1.));
#2855=DIRECTION('',(-3.03858167864313E-64,1.,6.12323399573677E-17));
#2856=DIRECTION('',(-3.03858167864313E-64,1.,6.12323399573677E-17));
#2857=DIRECTION('',(-3.15319592958119E-32,-6.12323399573677E-17,1.));
#2858=DIRECTION('',(1.,-1.93077565112303E-48,3.15319592958119E-32));
#2859=DIRECTION('',(3.15319592958119E-32,6.12323399573677E-17,-1.));
#2860=DIRECTION('',(0.,1.,6.12323399573677E-17));
#2861=DIRECTION('',(0.,0.,-1.));
#2862=DIRECTION('',(-1.,0.,0.));
#2863=DIRECTION('',(3.15319592958119E-32,6.12323399573677E-17,-1.));
#2864=DIRECTION('',(-3.15319592958119E-32,-6.12323399573677E-17,1.));
#2865=DIRECTION('',(0.,-1.,-6.12323399573677E-17));
#2866=DIRECTION('',(-1.,1.93077565112303E-48,-3.15319592958119E-32));
#2867=DIRECTION('',(-3.15319592958119E-32,0.,1.));
#2868=DIRECTION('',(-3.03858167864313E-64,1.,6.12323399573677E-17));
#2869=DIRECTION('',(3.15319592958119E-32,6.12323399573677E-17,-1.));
#2870=DIRECTION('',(-3.03858167864313E-64,1.,6.12323399573677E-17));
#2871=DIRECTION('',(3.15319592958119E-32,6.12323399573677E-17,-1.));
#2872=DIRECTION('',(0.,1.,6.12323399573677E-17));
#2873=DIRECTION('',(3.15319592958119E-32,6.12323399573677E-17,-1.));
#2874=DIRECTION('',(0.,1.,6.12323399573677E-17));
#2875=DIRECTION('',(3.15319592958119E-32,6.12323399573677E-17,-1.));
#2876=DIRECTION('',(-3.15319592958119E-32,-6.12323399573677E-17,1.));
#2877=DIRECTION('',(0.,-1.,-6.12323399573677E-17));
#2878=DIRECTION('',(0.564948034668448,-0.825126486136676,-5.05244255069492E-17));
#2879=DIRECTION('',(0.825126486136676,0.564948034668448,0.));
#2880=DIRECTION('',(-0.825126486136676,-0.564948034668448,-3.45930901170652E-17));
#2881=DIRECTION('',(3.15319592958119E-32,6.12323399573677E-17,-1.));
#2882=DIRECTION('',(-0.825126486136676,-0.564948034668448,-3.45930901170652E-17));
#2883=DIRECTION('',(3.15319592958119E-32,6.12323399573677E-17,-1.));
#2884=DIRECTION('',(0.,1.,6.12323399573677E-17));
#2885=DIRECTION('',(0.,0.,-1.));
#2886=DIRECTION('',(-1.,0.,0.));
#2887=DIRECTION('',(-3.15319592958119E-32,-6.12323399573677E-17,1.));
#2888=DIRECTION('',(0.,-1.,-6.12323399573677E-17));
#2889=DIRECTION('',(-3.15319592958119E-32,-6.12323399573677E-17,1.));
#2890=DIRECTION('',(1.,-1.93077565112303E-48,3.15319592958119E-32));
#2891=DIRECTION('',(-3.15319592958119E-32,-6.12323399573677E-17,1.));
#2892=DIRECTION('',(1.,-1.93077565112303E-48,3.15319592958119E-32));
#2893=DIRECTION('',(-3.15319592958119E-32,-6.12323399573677E-17,1.));
#2894=DIRECTION('',(0.,-1.,-6.12323399573677E-17));
#2895=DIRECTION('',(3.03858167864313E-64,-1.,-6.12323399573677E-17));
#2896=DIRECTION('',(-3.15319592958119E-32,-6.12323399573677E-17,1.));
#2897=DIRECTION('',(0.,-1.,-6.12323399573677E-17));
#2898=DIRECTION('',(0.825126486136676,0.564948034668448,3.45930901170652E-17));
#2899=DIRECTION('',(-3.15319592958119E-32,-6.12323399573677E-17,1.));
#2900=DIRECTION('',(0.,-1.,-6.12323399573677E-17));
#2901=DIRECTION('',(3.15319592958119E-32,6.12323399573677E-17,-1.));
#2902=DIRECTION('',(0.,1.,6.12323399573677E-17));
#2903=DIRECTION('',(0.,0.,-1.));
#2904=DIRECTION('',(-1.,0.,0.));
#2905=DIRECTION('',(3.15319592958119E-32,6.12323399573677E-17,-1.));
#2906=DIRECTION('',(1.,-1.93077565112303E-48,3.15319592958119E-32));
#2907=DIRECTION('',(3.15319592958119E-32,0.,-1.));
#2908=DIRECTION('',(3.03858167864313E-64,-1.,-6.12323399573677E-17));
#2909=DIRECTION('',(3.15319592958119E-32,6.12323399573677E-17,-1.));
#2910=DIRECTION('',(3.15319592958119E-32,6.12323399573677E-17,-1.));
#2911=DIRECTION('',(0.,1.,6.12323399573677E-17));
#2912=DIRECTION('',(3.15319592958119E-32,6.12323399573677E-17,-1.));
#2913=DIRECTION('',(0.,1.,6.12323399573677E-17));
#2914=DIRECTION('',(3.15319592958119E-32,6.12323399573677E-17,-1.));
#2915=DIRECTION('',(-0.564948034668448,0.825126486136676,5.05244255069492E-17));
#2916=DIRECTION('',(-0.825126486136676,-0.564948034668448,0.));
#2917=DIRECTION('',(0.825126486136676,0.564948034668448,3.45930901170652E-17));
#2918=DIRECTION('',(3.15319592958119E-32,6.12323399573677E-17,-1.));
#2919=DIRECTION('',(3.15319592958119E-32,6.12323399573677E-17,-1.));
#2920=DIRECTION('',(0.,1.,6.12323399573677E-17));
#2921=DIRECTION('',(0.,0.,-1.));
#2922=DIRECTION('',(-1.,0.,0.));
#2923=DIRECTION('',(3.15319592958119E-32,6.12323399573677E-17,-1.));
#2924=DIRECTION('',(0.,1.,6.12323399573677E-17));
#2925=DIRECTION('',(3.15319592958119E-32,6.12323399573677E-17,-1.));
#2926=DIRECTION('',(0.,0.,-1.));
#2927=DIRECTION('',(-1.,0.,0.));
#2928=DIRECTION('',(-3.15319592958119E-32,-6.12323399573677E-17,1.));
#2929=DIRECTION('',(0.,-1.,-6.12323399573677E-17));
#2930=DIRECTION('',(3.15319592958119E-32,6.12323399573677E-17,-1.));
#2931=DIRECTION('',(0.,1.,6.12323399573677E-17));
#2932=DIRECTION('',(0.,0.,-1.));
#2933=DIRECTION('',(-1.,0.,0.));
#2934=DIRECTION('',(3.15319592958119E-32,6.12323399573677E-17,-1.));
#2935=DIRECTION('',(-3.15319592958119E-32,-6.12323399573677E-17,1.));
#2936=DIRECTION('',(0.,-1.,-6.12323399573677E-17));
#2937=DIRECTION('',(-0.564948034668448,-0.825126486136676,-5.05244255069492E-17));
#2938=DIRECTION('',(0.825126486136676,-0.564948034668448,0.));
#2939=DIRECTION('',(-0.825126486136676,0.564948034668448,3.45930901170651E-17));
#2940=DIRECTION('',(3.15319592958119E-32,6.12323399573677E-17,-1.));
#2941=DIRECTION('',(-0.825126486136676,0.564948034668448,3.45930901170651E-17));
#2942=DIRECTION('',(3.15319592958119E-32,6.12323399573677E-17,-1.));
#2943=DIRECTION('',(0.,1.,6.12323399573677E-17));
#2944=DIRECTION('',(3.15319592958119E-32,6.12323399573677E-17,-1.));
#2945=DIRECTION('',(0.,1.,6.12323399573677E-17));
#2946=DIRECTION('',(3.15319592958119E-32,6.12323399573677E-17,-1.));
#2947=DIRECTION('',(-3.15319592958119E-32,-6.12323399573677E-17,1.));
#2948=DIRECTION('',(0.,-1.,-6.12323399573677E-17));
#2949=DIRECTION('',(1.,-1.93077565112303E-48,3.15319592958119E-32));
#2950=DIRECTION('',(3.15319592958119E-32,0.,-1.));
#2951=DIRECTION('',(3.03858167864313E-64,-1.,-6.12323399573677E-17));
#2952=DIRECTION('',(3.03858167864313E-64,-1.,-6.12323399573677E-17));
#2953=DIRECTION('',(-3.15319592958119E-32,-6.12323399573677E-17,1.));
#2954=DIRECTION('',(1.,-1.93077565112303E-48,3.15319592958119E-32));
#2955=DIRECTION('',(3.15319592958119E-32,6.12323399573677E-17,-1.));
#2956=DIRECTION('',(0.,1.,6.12323399573677E-17));
#2957=DIRECTION('',(-3.15319592958119E-32,-6.12323399573677E-17,1.));
#2958=DIRECTION('',(0.,-1.,-6.12323399573677E-17));
#2959=DIRECTION('',(3.15319592958119E-32,6.12323399573677E-17,-1.));
#2960=DIRECTION('',(0.,1.,6.12323399573677E-17));
#2961=DIRECTION('',(-3.15319592958119E-32,-6.12323399573677E-17,1.));
#2962=DIRECTION('',(0.,-1.,-6.12323399573677E-17));
#2963=DIRECTION('',(3.15319592958119E-32,6.12323399573677E-17,-1.));
#2964=DIRECTION('',(0.,1.,6.12323399573677E-17));
#2965=DIRECTION('',(-3.15319592958119E-32,-6.12323399573677E-17,1.));
#2966=DIRECTION('',(0.,-1.,-6.12323399573677E-17));
#2967=DIRECTION('',(3.15319592958119E-32,6.12323399573677E-17,-1.));
#2968=DIRECTION('',(0.,1.,6.12323399573677E-17));
#2969=DIRECTION('',(-3.15319592958119E-32,-6.12323399573677E-17,1.));
#2970=DIRECTION('',(0.,-1.,-6.12323399573677E-17));
#2971=DIRECTION('',(-3.15319592958119E-32,-6.12323399573677E-17,1.));
#2972=DIRECTION('',(1.,-1.93077565112303E-48,3.15319592958119E-32));
#2973=DIRECTION('',(-3.15319592958119E-32,-6.12323399573677E-17,1.));
#2974=DIRECTION('',(0.,-1.,-6.12323399573677E-17));
#2975=DIRECTION('',(3.15319592958119E-32,6.12323399573677E-17,-1.));
#2976=DIRECTION('',(0.,1.,6.12323399573677E-17));
#2977=DIRECTION('',(-3.15319592958119E-32,-6.12323399573677E-17,1.));
#2978=DIRECTION('',(1.,-1.93077565112303E-48,3.15319592958119E-32));
#2979=DIRECTION('',(-3.15319592958119E-32,-6.12323399573677E-17,1.));
#2980=DIRECTION('',(0.,-1.,-6.12323399573677E-17));
#2981=DIRECTION('',(3.15319592958119E-32,6.12323399573677E-17,-1.));
#2982=DIRECTION('',(0.,1.,6.12323399573677E-17));
#2983=DIRECTION('',(-3.15319592958119E-32,-6.12323399573677E-17,1.));
#2984=DIRECTION('',(1.,-1.93077565112303E-48,3.15319592958119E-32));
#2985=DIRECTION('',(-3.15319592958119E-32,-6.12323399573677E-17,1.));
#2986=DIRECTION('',(0.,-1.,-6.12323399573677E-17));
#2987=DIRECTION('',(3.15319592958119E-32,6.12323399573677E-17,-1.));
#2988=DIRECTION('',(0.,1.,6.12323399573677E-17));
#2989=DIRECTION('',(-3.15319592958119E-32,-6.12323399573677E-17,1.));
#2990=DIRECTION('',(1.,-1.93077565112303E-48,3.15319592958119E-32));
#2991=DIRECTION('',(-3.15319592958119E-32,-6.12323399573677E-17,1.));
#2992=DIRECTION('',(0.,-1.,-6.12323399573677E-17));
#2993=DIRECTION('',(3.15319592958119E-32,6.12323399573677E-17,-1.));
#2994=DIRECTION('',(0.,1.,6.12323399573677E-17));
#2995=DIRECTION('',(-9.37688365392869E-17,1.,-2.12198590333554E-16));
#2996=DIRECTION('',(0.,2.12198590333554E-16,1.));
#2997=DIRECTION('',(-0.707106781186548,8.37424820021797E-17,0.707106781186547));
#2998=DIRECTION('',(-9.37688365392869E-17,1.,-2.12198590333554E-16));
#2999=DIRECTION('',(0.,2.12198590333554E-16,1.));
#3000=DIRECTION('',(9.37688365392869E-17,-1.,1.06099295166777E-16));
#3001=DIRECTION('',(0.,-1.06099295166777E-16,-1.));
#3002=DIRECTION('',(0.707106781186548,-8.7189509106385E-18,-0.707106781186547));
#3003=DIRECTION('',(9.37688365392869E-17,-1.,1.06099295166777E-16));
#3004=DIRECTION('',(0.,-1.06099295166777E-16,-1.));
#3005=DIRECTION('',(3.15319592958119E-32,6.12323399573677E-17,-1.));
#3006=DIRECTION('',(0.,1.,6.12323399573677E-17));
#3007=DIRECTION('',(0.,0.,1.));
#3008=DIRECTION('',(1.,0.,0.));
#3009=DIRECTION('',(0.,0.,-1.));
#3010=DIRECTION('',(-1.,0.,0.));
#3011=DIRECTION('',(3.15319592958119E-32,6.12323399573677E-17,-1.));
#3012=DIRECTION('',(0.,1.,6.12323399573677E-17));
#3013=DIRECTION('',(0.,0.,1.));
#3014=DIRECTION('',(1.,0.,0.));
#3015=DIRECTION('',(0.,0.,-1.));
#3016=DIRECTION('',(-1.,0.,0.));
#3017=DIRECTION('',(3.15319592958119E-32,6.12323399573677E-17,-1.));
#3018=DIRECTION('',(0.,1.,6.12323399573677E-17));
#3019=DIRECTION('',(0.,0.,1.));
#3020=DIRECTION('',(1.,0.,0.));
#3021=DIRECTION('',(0.,0.,-1.));
#3022=DIRECTION('',(-1.,0.,0.));
#3023=DIRECTION('',(3.15319592958119E-32,6.12323399573677E-17,-1.));
#3024=DIRECTION('',(0.,1.,6.12323399573677E-17));
#3025=DIRECTION('',(0.,0.,1.));
#3026=DIRECTION('',(1.,0.,0.));
#3027=DIRECTION('',(0.,0.,-1.));
#3028=DIRECTION('',(-1.,0.,0.));
#3029=DIRECTION('',(3.15319592958119E-32,6.12323399573677E-17,-1.));
#3030=DIRECTION('',(0.,1.,6.12323399573677E-17));
#3031=DIRECTION('',(0.,0.,1.));
#3032=DIRECTION('',(1.,0.,0.));
#3033=DIRECTION('',(0.,0.,-1.));
#3034=DIRECTION('',(-1.,0.,0.));
#3035=DIRECTION('',(3.15319592958119E-32,6.12323399573677E-17,-1.));
#3036=DIRECTION('',(0.,1.,6.12323399573677E-17));
#3037=DIRECTION('',(0.,0.,1.));
#3038=DIRECTION('',(1.,0.,0.));
#3039=DIRECTION('',(0.,0.,-1.));
#3040=DIRECTION('',(-1.,0.,0.));
#3041=DIRECTION('',(3.15319592958119E-32,6.12323399573677E-17,-1.));
#3042=DIRECTION('',(0.,1.,6.12323399573677E-17));
#3043=DIRECTION('',(0.,0.,1.));
#3044=DIRECTION('',(1.,0.,0.));
#3045=DIRECTION('',(0.,0.,-1.));
#3046=DIRECTION('',(-1.,0.,0.));
#3047=DIRECTION('',(3.15319592958119E-32,6.12323399573677E-17,-1.));
#3048=DIRECTION('',(0.,1.,6.12323399573677E-17));
#3049=DIRECTION('',(0.,0.,1.));
#3050=DIRECTION('',(1.,0.,0.));
#3051=DIRECTION('',(0.,0.,-1.));
#3052=DIRECTION('',(-1.,0.,0.));
#3053=DIRECTION('',(0.707106781186548,1.05563525316683E-16,-0.707106781186548));
#3054=DIRECTION('',(-8.80570292374014E-17,1.,6.12323399573677E-17));
#3055=DIRECTION('',(0.707106781186548,0.,0.707106781186547));
#3056=DIRECTION('',(-0.70710678118655,0.,-0.707106781186546));
#3057=DIRECTION('',(0.,0.,-1.));
#3058=DIRECTION('',(-1.,0.,0.));
#3059=DIRECTION('',(-0.525797350113074,0.472797151656046,-0.707106781186547));
#3060=DIRECTION('',(0.,0.,-1.));
#3061=DIRECTION('',(-1.,0.,0.));
#3062=DIRECTION('',(0.525797350113078,0.472797151656042,0.707106781186547));
#3063=DIRECTION('',(0.,0.,1.));
#3064=DIRECTION('',(1.,0.,0.));
#3065=DIRECTION('',(0.472797151656047,-0.525797350113074,-0.707106781186547));
#3066=DIRECTION('',(0.,0.,1.));
#3067=DIRECTION('',(1.,0.,0.));
#3068=DIRECTION('',(-0.472797151656046,-0.525797350113074,0.707106781186547));
#3069=DIRECTION('',(0.,0.,-1.));
#3070=DIRECTION('',(-1.,0.,0.));
#3071=DIRECTION('',(0.,-0.707106781186547,-0.707106781186548));
#3072=DIRECTION('',(0.,0.,-1.));
#3073=DIRECTION('',(-1.,0.,0.));
#3074=DIRECTION('',(0.,-0.707106781186548,0.707106781186547));
#3075=DIRECTION('',(8.26016655452322E-17,-0.707106781186548,0.707106781186548));
#3076=DIRECTION('',(-1.,-1.16816395688674E-16,-3.86849005492152E-32));
#3077=DIRECTION('',(0.,-0.707106781186548,-0.707106781186548));
#3078=DIRECTION('',(8.26016655452323E-17,-0.707106781186547,-0.707106781186548));
#3079=DIRECTION('',(1.,1.16816395688674E-16,3.86849005492152E-32));
#3080=DIRECTION('',(0.,-0.707106781186548,0.707106781186547));
#3081=DIRECTION('',(0.,0.,-1.));
#3082=DIRECTION('',(-1.,0.,0.));
#3083=DIRECTION('',(-0.472797151656046,-0.525797350113074,-0.707106781186547));
#3084=DIRECTION('',(0.,0.,-1.));
#3085=DIRECTION('',(-1.,0.,0.));
#3086=DIRECTION('',(0.472797151656047,-0.525797350113074,0.707106781186547));
#3087=DIRECTION('',(0.,0.,1.));
#3088=DIRECTION('',(1.,0.,0.));
#3089=DIRECTION('',(0.525797350113072,0.472797151656044,-0.70710678118655));
#3090=DIRECTION('',(0.,0.,1.));
#3091=DIRECTION('',(1.,0.,0.));
#3092=DIRECTION('',(-0.525797350113072,0.472797151656045,0.70710678118655));
#3093=DIRECTION('',(0.,0.,-1.));
#3094=DIRECTION('',(-1.,0.,0.));
#3095=DIRECTION('',(0.707106781186548,0.,-0.707106781186548));
#3096=DIRECTION('',(0.,0.,-1.));
#3097=DIRECTION('',(-1.,0.,0.));
#3098=DIRECTION('',(-0.707106781186548,0.,0.707106781186548));
#3099=DIRECTION('',(0.707106781186548,1.89679196931339E-17,0.707106781186548));
#3100=DIRECTION('',(8.80570292374014E-17,-1.,-6.12323399573677E-17));
#3101=DIRECTION('',(0.707106781186547,1.89679196931338E-17,0.707106781186548));
#3102=DIRECTION('',(-8.80570292374014E-17,1.,6.12323399573677E-17));
#3103=DIRECTION('',(0.707106781186548,0.,-0.707106781186547));
#3104=DIRECTION('',(0.,0.,1.));
#3105=DIRECTION('',(1.,0.,0.));
#3106=DIRECTION('',(0.525797350113074,-0.472797151656047,-0.707106781186547));
#3107=DIRECTION('',(0.,0.,-1.));
#3108=DIRECTION('',(-1.,0.,0.));
#3109=DIRECTION('',(-0.472797151656046,0.525797350113074,-0.707106781186547));
#3110=DIRECTION('',(0.,0.,1.));
#3111=DIRECTION('',(1.,0.,0.));
#3112=DIRECTION('',(0.,0.707106781186548,-0.707106781186547));
#3113=DIRECTION('',(8.26016655452323E-17,-0.707106781186547,-0.707106781186548));
#3114=DIRECTION('',(-1.,-1.16816395688674E-16,-3.86849005492152E-32));
#3115=DIRECTION('',(0.,0.707106781186548,-0.707106781186547));
#3116=DIRECTION('',(0.,0.,1.));
#3117=DIRECTION('',(1.,0.,0.));
#3118=DIRECTION('',(0.472797151656047,0.525797350113074,-0.707106781186547));
#3119=DIRECTION('',(0.,0.,-1.));
#3120=DIRECTION('',(-1.,0.,0.));
#3121=DIRECTION('',(-0.525797350113074,-0.472797151656047,-0.707106781186547));
#3122=DIRECTION('',(0.,0.,1.));
#3123=DIRECTION('',(1.,0.,0.));
#3124=DIRECTION('',(-0.707106781186548,0.,-0.707106781186547));
#3125=DIRECTION('',(0.707106781186547,1.05563525316683E-16,-0.707106781186548));
#3126=DIRECTION('',(8.80570292374014E-17,-1.,-6.12323399573677E-17));
#3127=DIRECTION('',(-0.707106781186548,0.,-0.707106781186547));
#3128=DIRECTION('',(0.,0.,1.));
#3129=DIRECTION('',(1.,0.,0.));
#3130=DIRECTION('',(-0.525797350113074,0.472797151656047,-0.707106781186547));
#3131=DIRECTION('',(0.,0.,-1.));
#3132=DIRECTION('',(-1.,0.,0.));
#3133=DIRECTION('',(0.472797151656047,-0.525797350113074,-0.707106781186547));
#3134=DIRECTION('',(0.,0.,1.));
#3135=DIRECTION('',(1.,0.,0.));
#3136=DIRECTION('',(0.,-0.707106781186548,-0.707106781186547));
#3137=DIRECTION('',(8.26016655452322E-17,-0.707106781186547,0.707106781186548));
#3138=DIRECTION('',(1.,1.16816395688674E-16,3.86849005492152E-32));
#3139=DIRECTION('',(0.,-0.707106781186548,-0.707106781186547));
#3140=DIRECTION('',(0.,0.,1.));
#3141=DIRECTION('',(1.,0.,0.));
#3142=DIRECTION('',(-0.472797151656047,-0.525797350113074,-0.707106781186547));
#3143=DIRECTION('',(0.,0.,-1.));
#3144=DIRECTION('',(-1.,0.,0.));
#3145=DIRECTION('',(0.525797350113074,0.472797151656047,-0.707106781186547));
#3146=DIRECTION('',(0.,0.,1.));
#3147=DIRECTION('',(1.,0.,0.));
#3148=DIRECTION('',(0.707106781186548,0.,-0.707106781186547));
#3149=DIRECTION('',(0.707106781186547,1.89679196931338E-17,0.707106781186548));
#3150=DIRECTION('',(-8.80570292374014E-17,1.,6.12323399573677E-17));
#3151=DIRECTION('',(-9.37688365392869E-17,1.,6.12323399573677E-17));
#3152=DIRECTION('',(-1.,-9.37688365392869E-17,0.));
#3153=DIRECTION('',(-0.534371402989143,-0.8452497877358,-5.17566223515314E-17));
#3154=DIRECTION('',(-0.8452497877358,0.534371402989143,0.));
#3155=DIRECTION('',(-0.999330061163949,0.0365982083449064,2.24099393520585E-18));
#3156=DIRECTION('',(0.0365982083449064,0.999330061163949,0.));
#3157=DIRECTION('',(0.825126486136676,-0.564948034668448,-3.45930901170651E-17));
#3158=DIRECTION('',(0.564948034668448,0.825126486136676,0.));
#3159=DIRECTION('',(0.825126486136675,-0.564948034668449,-8.16690515371932E-16));
#3160=DIRECTION('',(0.564948034668449,0.825126486136675,0.));
#3161=DIRECTION('',(3.15319592958119E-32,6.12323399573677E-17,-1.));
#3162=DIRECTION('',(0.,1.,6.12323399573677E-17));
#3163=DIRECTION('',(0.,1.,0.));
#3164=DIRECTION('',(0.,0.,1.));
#3165=DIRECTION('',(-3.03858167864313E-64,1.,6.12323399573677E-17));
#3166=DIRECTION('',(0.,-6.12323399573677E-17,1.));
#3167=DIRECTION('',(-0.316227766016839,-0.948683298050514,-5.80900982181058E-17));
#3168=DIRECTION('',(-0.948683298050514,0.316227766016839,0.));
#3169=DIRECTION('',(-0.948683298050514,-0.316227766016839,-1.9363366072702E-17));
#3170=DIRECTION('',(-0.316227766016839,0.948683298050514,0.));
#3171=DIRECTION('',(1.,1.21734980770302E-16,3.89860770230427E-32));
#3172=DIRECTION('',(-1.21734980770302E-16,1.,0.));
#3173=DIRECTION('',(-0.948683298050514,0.316227766016839,1.93633660727019E-17));
#3174=DIRECTION('',(0.316227766016839,0.948683298050514,0.));
#3175=DIRECTION('',(-0.316227766016839,0.948683298050514,5.80900982181058E-17));
#3176=DIRECTION('',(0.948683298050514,0.316227766016839,0.));
#3177=DIRECTION('',(3.03858167864313E-64,-1.,-6.12323399573677E-17));
#3178=DIRECTION('',(0.,6.12323399573677E-17,-1.));
#3179=DIRECTION('',(0.,-1.,0.));
#3180=DIRECTION('',(0.,0.,-1.));
#3181=DIRECTION('',(3.15319592958119E-32,6.12323399573677E-17,-1.));
#3182=DIRECTION('',(0.,1.,6.12323399573677E-17));
#3183=DIRECTION('',(0.825126486136677,0.564948034668447,0.));
#3184=DIRECTION('',(-0.564948034668447,0.825126486136677,0.));
#3185=DIRECTION('',(0.825126486136676,0.564948034668448,3.45930901170652E-17));
#3186=DIRECTION('',(-0.564948034668448,0.825126486136676,0.));
#3187=DIRECTION('',(-0.999330061163949,-0.0365982083449077,-2.24099393520599E-18));
#3188=DIRECTION('',(-0.0365982083449077,0.999330061163949,0.));
#3189=DIRECTION('',(-0.534371402989143,0.8452497877358,5.17566223515314E-17));
#3190=DIRECTION('',(0.8452497877358,0.534371402989143,0.));
#3191=DIRECTION('',(9.37688365392869E-17,-1.,-6.12323399573677E-17));
#3192=DIRECTION('',(1.,9.37688365392869E-17,0.));
#3193=DIRECTION('',(0.534371402989143,0.8452497877358,5.17566223515314E-17));
#3194=DIRECTION('',(0.8452497877358,-0.534371402989143,0.));
#3195=DIRECTION('',(0.999330061163949,-0.0365982083449064,-2.24099393520585E-18));
#3196=DIRECTION('',(-0.0365982083449064,-0.999330061163949,0.));
#3197=DIRECTION('',(-0.825126486136676,0.564948034668448,3.45930901170651E-17));
#3198=DIRECTION('',(-0.564948034668448,-0.825126486136676,0.));
#3199=DIRECTION('',(-0.825126486136675,0.564948034668449,-8.16690515371932E-16));
#3200=DIRECTION('',(-0.564948034668449,-0.825126486136675,0.));
#3201=DIRECTION('',(3.15319592958119E-32,6.12323399573677E-17,-1.));
#3202=DIRECTION('',(0.,1.,6.12323399573677E-17));
#3203=DIRECTION('',(0.,-1.,0.));
#3204=DIRECTION('',(0.,0.,-1.));
#3205=DIRECTION('',(3.03858167864313E-64,-1.,-6.12323399573677E-17));
#3206=DIRECTION('',(0.,6.12323399573677E-17,-1.));
#3207=DIRECTION('',(0.316227766016839,0.948683298050514,5.80900982181058E-17));
#3208=DIRECTION('',(0.948683298050514,-0.316227766016839,0.));
#3209=DIRECTION('',(0.948683298050514,0.316227766016839,1.9363366072702E-17));
#3210=DIRECTION('',(0.316227766016839,-0.948683298050514,0.));
#3211=DIRECTION('',(-1.,-1.21734980770302E-16,-3.89860770230427E-32));
#3212=DIRECTION('',(1.21734980770302E-16,-1.,0.));
#3213=DIRECTION('',(0.948683298050514,-0.316227766016839,-1.93633660727019E-17));
#3214=DIRECTION('',(-0.316227766016839,-0.948683298050514,0.));
#3215=DIRECTION('',(0.316227766016839,-0.948683298050514,-5.80900982181058E-17));
#3216=DIRECTION('',(-0.948683298050514,-0.316227766016839,0.));
#3217=DIRECTION('',(-3.03858167864313E-64,1.,6.12323399573677E-17));
#3218=DIRECTION('',(0.,-6.12323399573677E-17,1.));
#3219=DIRECTION('',(0.,1.,0.));
#3220=DIRECTION('',(0.,0.,1.));
#3221=DIRECTION('',(3.15319592958119E-32,6.12323399573677E-17,-1.));
#3222=DIRECTION('',(0.,1.,6.12323399573677E-17));
#3223=DIRECTION('',(-0.825126486136677,-0.564948034668447,-3.20230099229117E-15));
#3224=DIRECTION('',(0.564948034668447,-0.825126486136677,0.));
#3225=DIRECTION('',(-0.825126486136676,-0.564948034668448,-3.45930901170652E-17));
#3226=DIRECTION('',(0.564948034668448,-0.825126486136676,0.));
#3227=DIRECTION('',(0.999330061163949,0.0365982083449076,2.24099393520598E-18));
#3228=DIRECTION('',(0.0365982083449076,-0.999330061163949,0.));
#3229=DIRECTION('',(0.534371402989143,-0.8452497877358,-5.17566223515314E-17));
#3230=DIRECTION('',(-0.8452497877358,-0.534371402989143,0.));
#3231=DIRECTION('',(-9.37688365392869E-17,1.,6.12323399573677E-17));
#3232=DIRECTION('',(-1.,-9.37688365392869E-17,0.));
#3233=CARTESIAN_POINT('',(0.,0.,0.));
#3234=CARTESIAN_POINT('',(0.057,-3.43023568441174E-19,0.005602));
#3235=CARTESIAN_POINT('',(0.057,0.0296797976221813,0.004002));
#3236=CARTESIAN_POINT('',(0.057,0.0296797976221813,0.004));
#3237=CARTESIAN_POINT('',(0.057,0.0296797976221813,0.0024));
#3238=CARTESIAN_POINT('',(0.057,0.009175,0.0024));
#3239=CARTESIAN_POINT('',(0.057,0.009175,0.0024));
#3240=CARTESIAN_POINT('',(0.057,0.009175,0.008175));
#3241=CARTESIAN_POINT('',(0.057,0.009175,0.0056));
#3242=CARTESIAN_POINT('',(0.057,-3.42901103761259E-19,0.0056));
#3243=CARTESIAN_POINT('',(0.057,0.032,0.0056));
#3244=CARTESIAN_POINT('',(0.057,0.032,0.005602));
#3245=CARTESIAN_POINT('',(0.057,0.032,0.004));
#3246=CARTESIAN_POINT('',(0.057,0.0333398988110907,0.004));
#3247=CARTESIAN_POINT('',(0.057,-3.43023568441174E-19,0.005602));
#3248=CARTESIAN_POINT('',(0.057,-0.004175,0.008175));
#3249=CARTESIAN_POINT('',(0.057,-0.004175,0.0024));
#3250=CARTESIAN_POINT('',(0.057,-0.004175,0.0056));
#3251=CARTESIAN_POINT('',(0.057,-0.0296797976221813,0.0024));
#3252=CARTESIAN_POINT('',(0.057,-0.0296797976221813,0.0024));
#3253=CARTESIAN_POINT('',(0.057,-0.0296797976221813,0.004002));
#3254=CARTESIAN_POINT('',(0.057,-0.0296797976221813,0.004));
#3255=CARTESIAN_POINT('',(0.057,-0.0333398988110907,0.004));
#3256=CARTESIAN_POINT('',(0.057,-0.032,0.004));
#3257=CARTESIAN_POINT('',(0.057,-0.032,0.005602));
#3258=CARTESIAN_POINT('',(0.057,-0.032,0.0056));
#3259=CARTESIAN_POINT('',(0.057,-3.42901103761259E-19,0.0056));
#3260=CARTESIAN_POINT('',(0.,0.,0.));
#3261=CARTESIAN_POINT('',(0.0546,-0.004175,-2.55645019322008E-19));
#3262=CARTESIAN_POINT('',(0.0546,-0.0281625048812871,-1.72445607294199E-18));
#3263=CARTESIAN_POINT('',(0.0546,-0.004175,-2.55645019322008E-19));
#3264=CARTESIAN_POINT('',(0.238380064345341,-0.004175,-1.27822509660997E-19));
#3265=CARTESIAN_POINT('',(0.0594,-0.004175,-1.27822509661004E-19));
#3266=CARTESIAN_POINT('',(0.0594,0.,0.));
#3267=CARTESIAN_POINT('',(0.0594,0.009175,5.6180671910885E-19));
#3268=CARTESIAN_POINT('',(0.238380064345341,0.009175,5.61806719108857E-19));
#3269=CARTESIAN_POINT('',(0.0546,0.009175,5.6180671910885E-19));
#3270=CARTESIAN_POINT('',(0.0546,0.0296797976221813,1.81736345786728E-18));
#3271=CARTESIAN_POINT('',(0.0546,0.0281625048812871,1.724456072942E-18));
#3272=CARTESIAN_POINT('',(0.00429842632966564,-0.00627800292357131,-3.84416809269466E-19));
#3273=CARTESIAN_POINT('',(0.0516156674218781,0.0261191904887253,1.59933915141687E-18));
#3274=CARTESIAN_POINT('',(0.048,0.0314,1.7347234759768E-18));
#3275=CARTESIAN_POINT('',(0.0416,0.0314,1.92269547466135E-18));
#3276=CARTESIAN_POINT('',(0.0416,-8.03202670867182E-50,1.31172950670578E-33));
#3277=CARTESIAN_POINT('',(0.0416,0.0346,2.11863896252492E-18));
#3278=CARTESIAN_POINT('',(-4.21203033465246E-18,0.0346,2.11863896252492E-18));
#3279=CARTESIAN_POINT('',(-0.0416,0.0346,2.11863896252492E-18));
#3280=CARTESIAN_POINT('',(-0.0416,0.0314,1.92269547466135E-18));
#3281=CARTESIAN_POINT('',(-0.0416,0.0314,1.92269547466135E-18));
#3282=CARTESIAN_POINT('',(-0.048,0.0314,1.7347234759768E-18));
#3283=CARTESIAN_POINT('',(-0.0516156674218781,0.0261191904887253,1.59933915141687E-18));
#3284=CARTESIAN_POINT('',(-0.0558519584277348,0.029019696433272,1.77694391746172E-18));
#3285=CARTESIAN_POINT('',(-0.0546,0.0281625048812871,1.72445607294199E-18));
#3286=CARTESIAN_POINT('',(-0.0546,-5.11977847504506E-18,-2.0351409936417E-33));
#3287=CARTESIAN_POINT('',(-0.0546,-0.0281625048812871,-1.724456072942E-18));
#3288=CARTESIAN_POINT('',(-0.00429842632966564,0.00627800292357131,3.84416809269466E-19));
#3289=CARTESIAN_POINT('',(-0.0516156674218781,-0.0261191904887253,-1.59933915141687E-18));
#3290=CARTESIAN_POINT('',(-0.048,-0.0314,-1.7347234759768E-18));
#3291=CARTESIAN_POINT('',(-0.0416,-0.0314,-1.92269547466135E-18));
#3292=CARTESIAN_POINT('',(-0.0416,8.03202670867182E-50,-1.31172950670578E-33));
#3293=CARTESIAN_POINT('',(-0.0416,-0.0346,-2.11863896252492E-18));
#3294=CARTESIAN_POINT('',(0.0424,-0.0346,-2.11863896252492E-18));
#3295=CARTESIAN_POINT('',(0.0416,-0.0346,-2.11863896252492E-18));
#3296=CARTESIAN_POINT('',(0.0416,-0.0314,-1.92269547466135E-18));
#3297=CARTESIAN_POINT('',(0.0416,-0.0314,-1.92269547466135E-18));
#3298=CARTESIAN_POINT('',(0.048,-0.0314,-1.7347234759768E-18));
#3299=CARTESIAN_POINT('',(0.0516156674218781,-0.0261191904887253,-1.59933915141687E-18));
#3300=CARTESIAN_POINT('',(0.0558519584277348,-0.029019696433272,-1.77694391746172E-18));
#3301=CARTESIAN_POINT('',(-0.057,-1.42208113762556E-17,0.005602));
#3302=CARTESIAN_POINT('',(-0.057,-0.0296797976221813,0.004002));
#3303=CARTESIAN_POINT('',(-0.057,-0.0296797976221813,0.004));
#3304=CARTESIAN_POINT('',(-0.057,-0.0296797976221813,0.0024));
#3305=CARTESIAN_POINT('',(-0.057,-1.40247454237121E-17,0.0024));
#3306=CARTESIAN_POINT('',(-0.057,0.0296797976221813,0.0024));
#3307=CARTESIAN_POINT('',(-0.057,0.0296797976221813,0.004002));
#3308=CARTESIAN_POINT('',(-0.057,0.0296797976221813,0.004));
#3309=CARTESIAN_POINT('',(-0.057,0.0333398988110907,0.004));
#3310=CARTESIAN_POINT('',(-0.057,0.032,0.004));
#3311=CARTESIAN_POINT('',(-0.057,0.032,0.005602));
#3312=CARTESIAN_POINT('',(-0.057,0.032,0.0056));
#3313=CARTESIAN_POINT('',(-0.057,-1.42206889115757E-17,0.0056));
#3314=CARTESIAN_POINT('',(-0.057,-0.032,0.0056));
#3315=CARTESIAN_POINT('',(-0.057,-0.032,0.005602));
#3316=CARTESIAN_POINT('',(-0.057,-0.032,0.004));
#3317=CARTESIAN_POINT('',(-0.057,-0.0333398988110907,0.004));
#3318=CARTESIAN_POINT('',(6.93889390390723E-18,-0.037,0.005602));
#3319=CARTESIAN_POINT('',(0.0424,-0.037,0.004002));
#3320=CARTESIAN_POINT('',(0.0424,-0.037,0.004));
#3321=CARTESIAN_POINT('',(0.0424,-0.037,0.0024));
#3322=CARTESIAN_POINT('',(-0.0424,-0.037,0.0024));
#3323=CARTESIAN_POINT('',(-0.0424,-0.037,0.0024));
#3324=CARTESIAN_POINT('',(-0.0424,-0.037,0.004002));
#3325=CARTESIAN_POINT('',(-0.0424,-0.037,0.004));
#3326=CARTESIAN_POINT('',(-0.0497,-0.037,0.004));
#3327=CARTESIAN_POINT('',(-0.052,-0.037,0.004));
#3328=CARTESIAN_POINT('',(-0.052,-0.037,0.005602));
#3329=CARTESIAN_POINT('',(-0.052,-0.037,0.0056));
#3330=CARTESIAN_POINT('',(6.93889390390723E-18,-0.037,0.0056));
#3331=CARTESIAN_POINT('',(0.052,-0.037,0.0056));
#3332=CARTESIAN_POINT('',(0.052,-0.037,0.005602));
#3333=CARTESIAN_POINT('',(0.052,-0.037,0.004));
#3334=CARTESIAN_POINT('',(0.0497,-0.037,0.004));
#3335=CARTESIAN_POINT('',(0.0594,1.22464679914735E-19,-0.002));
#3336=CARTESIAN_POINT('',(0.0594,-0.004175,-0.002));
#3337=CARTESIAN_POINT('',(0.0594,-0.004175,0.0044));
#3338=CARTESIAN_POINT('',(0.0594,-0.0307846380758379,0.0044));
#3339=CARTESIAN_POINT('',(0.0594,-0.0307846380758379,0.0044));
#3340=CARTESIAN_POINT('',(0.0594,-0.0307846380758379,-0.002));
#3341=CARTESIAN_POINT('',(0.0594,-0.0307846380758379,-0.0008));
#3342=CARTESIAN_POINT('',(0.0594,0.0307846380758379,-0.0008));
#3343=CARTESIAN_POINT('',(0.0594,0.0307846380758379,-0.0008));
#3344=CARTESIAN_POINT('',(0.0594,0.0307846380758379,-0.002));
#3345=CARTESIAN_POINT('',(0.0594,0.0307846380758379,0.0044));
#3346=CARTESIAN_POINT('',(0.0594,0.009175,0.0044));
#3347=CARTESIAN_POINT('',(0.0594,0.009175,0.0044));
#3348=CARTESIAN_POINT('',(0.0594,0.009175,-0.002));
#3349=CARTESIAN_POINT('',(-6.93889390390723E-18,-0.0394,-0.002));
#3350=CARTESIAN_POINT('',(0.0507846380758379,-0.0394,0.0056));
#3351=CARTESIAN_POINT('',(0.0507846380758379,-0.0394,-0.0008));
#3352=CARTESIAN_POINT('',(0.0507846380758379,-0.0394,0.0044));
#3353=CARTESIAN_POINT('',(-0.0507846380758379,-0.0394,0.0044));
#3354=CARTESIAN_POINT('',(-0.0507846380758379,-0.0394,0.0044));
#3355=CARTESIAN_POINT('',(-0.0507846380758379,-0.0394,-0.002));
#3356=CARTESIAN_POINT('',(-0.0507846380758379,-0.0394,-0.0008));
#3357=CARTESIAN_POINT('',(0.0507846380758379,-0.0394,-0.0008));
#3358=CARTESIAN_POINT('',(-0.0594,-1.37553231278997E-17,-0.002));
#3359=CARTESIAN_POINT('',(-0.0594,-0.0307846380758379,0.0056));
#3360=CARTESIAN_POINT('',(-0.0594,-0.0307846380758379,-0.0008));
#3361=CARTESIAN_POINT('',(-0.0594,-0.0307846380758379,0.0044));
#3362=CARTESIAN_POINT('',(-0.0594,-1.41472101036269E-17,0.0044));
#3363=CARTESIAN_POINT('',(-0.0594,0.0307846380758379,0.0044));
#3364=CARTESIAN_POINT('',(-0.0594,0.0307846380758379,-0.002));
#3365=CARTESIAN_POINT('',(-0.0594,0.0307846380758379,-0.0008));
#3366=CARTESIAN_POINT('',(-0.0594,-1.38288019358486E-17,-0.0008));
#3367=CARTESIAN_POINT('',(6.30639185916238E-35,0.0394,-0.002));
#3368=CARTESIAN_POINT('',(-0.0507846380758379,0.0394,-0.002));
#3369=CARTESIAN_POINT('',(-0.0507846380758379,0.0394,-0.0008));
#3370=CARTESIAN_POINT('',(-0.0507846380758379,0.0394,0.0044));
#3371=CARTESIAN_POINT('',(-1.38740620901572E-34,0.0394,0.0044));
#3372=CARTESIAN_POINT('',(0.0507846380758379,0.0394,0.0044));
#3373=CARTESIAN_POINT('',(0.0507846380758379,0.0394,-0.002));
#3374=CARTESIAN_POINT('',(0.0507846380758379,0.0394,-0.0008));
#3375=CARTESIAN_POINT('',(2.52255674366495E-35,0.0394,-0.0008));
#3376=CARTESIAN_POINT('',(-6.93889390390723E-18,0.037,0.005602));
#3377=CARTESIAN_POINT('',(-0.0424,0.037,0.004002));
#3378=CARTESIAN_POINT('',(-0.0424,0.037,0.004));
#3379=CARTESIAN_POINT('',(-0.0424,0.037,0.0024));
#3380=CARTESIAN_POINT('',(-6.93889390390723E-18,0.037,0.0024));
#3381=CARTESIAN_POINT('',(0.0424,0.037,0.0024));
#3382=CARTESIAN_POINT('',(0.0424,0.037,0.004002));
#3383=CARTESIAN_POINT('',(0.0424,0.037,0.004));
#3384=CARTESIAN_POINT('',(0.0497,0.037,0.004));
#3385=CARTESIAN_POINT('',(0.052,0.037,0.004));
#3386=CARTESIAN_POINT('',(0.052,0.037,0.005602));
#3387=CARTESIAN_POINT('',(0.052,0.037,0.0056));
#3388=CARTESIAN_POINT('',(-6.93889390390723E-18,0.037,0.0056));
#3389=CARTESIAN_POINT('',(-0.052,0.037,0.0056));
#3390=CARTESIAN_POINT('',(-0.052,0.037,0.005602));
#3391=CARTESIAN_POINT('',(-0.052,0.037,0.004));
#3392=CARTESIAN_POINT('',(-0.0497,0.037,0.004));
#3393=CARTESIAN_POINT('',(-0.048,0.0314,-0.002));
#3394=CARTESIAN_POINT('',(-0.048,0.0314,-0.002));
#3395=CARTESIAN_POINT('',(-0.048,0.03245,-0.002));
#3396=CARTESIAN_POINT('',(-0.048,0.0314,0.004));
#3397=CARTESIAN_POINT('',(-0.048,0.03035,0.004));
#3398=CARTESIAN_POINT('',(0.048,0.0314,-0.002));
#3399=CARTESIAN_POINT('',(0.048,0.0314,-0.002));
#3400=CARTESIAN_POINT('',(0.048,0.03245,-0.002));
#3401=CARTESIAN_POINT('',(0.048,0.0314,0.004));
#3402=CARTESIAN_POINT('',(0.048,0.03035,0.004));
#3403=CARTESIAN_POINT('',(0.048,-0.0314,-0.002));
#3404=CARTESIAN_POINT('',(0.048,-0.0314,-0.002));
#3405=CARTESIAN_POINT('',(0.048,-0.03035,-0.002));
#3406=CARTESIAN_POINT('',(0.048,-0.0314,0.004));
#3407=CARTESIAN_POINT('',(0.048,-0.03245,0.004));
#3408=CARTESIAN_POINT('',(-0.048,-0.0314,-0.002));
#3409=CARTESIAN_POINT('',(-0.048,-0.0314,-0.002));
#3410=CARTESIAN_POINT('',(-0.048,-0.03035,-0.002));
#3411=CARTESIAN_POINT('',(-0.048,-0.0314,0.004));
#3412=CARTESIAN_POINT('',(-0.048,-0.03245,0.004));
#3413=CARTESIAN_POINT('',(6.30639185916238E-35,1.22464679914735E-19,-0.002));
#3414=CARTESIAN_POINT('',(-0.0618,-0.0307846380758379,-0.002));
#3415=CARTESIAN_POINT('',(-0.0591230769230769,-0.0331917281946819,-0.002));
#3416=CARTESIAN_POINT('',(-0.0582,-0.0307846380758379,-0.002));
#3417=CARTESIAN_POINT('',(-0.0582,-5.00245442170203E-18,-0.002));
#3418=CARTESIAN_POINT('',(-0.0582,0.0307846380758379,-0.002));
#3419=CARTESIAN_POINT('',(-0.0618,0.0307846380758379,-0.002));
#3420=CARTESIAN_POINT('',(-0.0591230769230769,0.0331917281946819,-0.002));
#3421=CARTESIAN_POINT('',(-0.056,0.036,-0.002));
#3422=CARTESIAN_POINT('',(-0.0531917281946819,0.0391230769230769,-0.002));
#3423=CARTESIAN_POINT('',(-0.0507846380758379,0.0418,-0.002));
#3424=CARTESIAN_POINT('',(-0.0507846380758379,0.0382,-0.002));
#3425=CARTESIAN_POINT('',(-4.46238631530734E-18,0.0382,-0.002));
#3426=CARTESIAN_POINT('',(0.0507846380758379,0.0382,-0.002));
#3427=CARTESIAN_POINT('',(0.0507846380758379,0.0418,-0.002));
#3428=CARTESIAN_POINT('',(0.0531917281946819,0.0391230769230769,-0.002));
#3429=CARTESIAN_POINT('',(0.056,0.036,-0.002));
#3430=CARTESIAN_POINT('',(0.0591230769230769,0.0331917281946819,-0.002));
#3431=CARTESIAN_POINT('',(0.0618,0.0307846380758379,-0.002));
#3432=CARTESIAN_POINT('',(0.0582,0.0307846380758379,-0.002));
#3433=CARTESIAN_POINT('',(0.0582,-0.0307846380758379,-0.002));
#3434=CARTESIAN_POINT('',(0.0582,-0.0307846380758379,-0.002));
#3435=CARTESIAN_POINT('',(0.0618,-0.0307846380758379,-0.002));
#3436=CARTESIAN_POINT('',(0.0591230769230769,-0.0331917281946819,-0.002));
#3437=CARTESIAN_POINT('',(0.056,-0.036,-0.002));
#3438=CARTESIAN_POINT('',(0.0531917281946819,-0.0391230769230769,-0.002));
#3439=CARTESIAN_POINT('',(0.0507846380758379,-0.0418,-0.002));
#3440=CARTESIAN_POINT('',(0.0507846380758379,-0.0382,-0.002));
#3441=CARTESIAN_POINT('',(-0.0507846380758379,-0.0382,-0.002));
#3442=CARTESIAN_POINT('',(-0.0507846380758379,-0.0382,-0.002));
#3443=CARTESIAN_POINT('',(-0.0507846380758379,-0.0418,-0.002));
#3444=CARTESIAN_POINT('',(-0.0531917281946819,-0.0391230769230769,-0.002));
#3445=CARTESIAN_POINT('',(-0.056,-0.036,-0.002));
#3446=CARTESIAN_POINT('',(-0.056,-0.036,-0.002));
#3447=CARTESIAN_POINT('',(-0.056,-0.033,-0.002));
#3448=CARTESIAN_POINT('',(-0.056,0.036,-0.002));
#3449=CARTESIAN_POINT('',(-0.056,0.039,-0.002));
#3450=CARTESIAN_POINT('',(0.056,0.036,-0.002));
#3451=CARTESIAN_POINT('',(0.056,0.039,-0.002));
#3452=CARTESIAN_POINT('',(0.056,-0.036,-0.002));
#3453=CARTESIAN_POINT('',(0.056,-0.033,-0.002));
#3454=CARTESIAN_POINT('',(-1.76578972056547E-34,-3.42901103761259E-19,0.0056));
#3455=CARTESIAN_POINT('',(0.0618,-0.0307846380758379,0.0056));
#3456=CARTESIAN_POINT('',(0.0591230769230769,-0.0331917281946819,0.0056));
#3457=CARTESIAN_POINT('',(0.0582,-0.0307846380758379,0.0056));
#3458=CARTESIAN_POINT('',(0.0582,-0.004175,0.0056));
#3459=CARTESIAN_POINT('',(0.0582,-0.004175,0.0056));
#3460=CARTESIAN_POINT('',(3.91484892551523E-19,-0.004175,0.0056));
#3461=CARTESIAN_POINT('',(0.0577,-0.032,0.0056));
#3462=CARTESIAN_POINT('',(0.056,-0.032,0.0056));
#3463=CARTESIAN_POINT('',(0.056,-0.036,0.0056));
#3464=CARTESIAN_POINT('',(0.052,-0.036,0.0056));
#3465=CARTESIAN_POINT('',(0.052,-0.0377,0.0056));
#3466=CARTESIAN_POINT('',(-0.052,-0.0377,0.0056));
#3467=CARTESIAN_POINT('',(-0.052,-0.036,0.0056));
#3468=CARTESIAN_POINT('',(-0.056,-0.036,0.0056));
#3469=CARTESIAN_POINT('',(-0.056,-0.032,0.0056));
#3470=CARTESIAN_POINT('',(-0.0577,-0.032,0.0056));
#3471=CARTESIAN_POINT('',(-0.0577,0.032,0.0056));
#3472=CARTESIAN_POINT('',(-0.056,0.032,0.0056));
#3473=CARTESIAN_POINT('',(-0.056,0.036,0.0056));
#3474=CARTESIAN_POINT('',(-0.052,0.036,0.0056));
#3475=CARTESIAN_POINT('',(-0.052,0.0377,0.0056));
#3476=CARTESIAN_POINT('',(0.052,0.0377,0.0056));
#3477=CARTESIAN_POINT('',(0.052,0.036,0.0056));
#3478=CARTESIAN_POINT('',(0.056,0.036,0.0056));
#3479=CARTESIAN_POINT('',(0.056,0.032,0.0056));
#3480=CARTESIAN_POINT('',(0.0577,0.032,0.0056));
#3481=CARTESIAN_POINT('',(-8.60329075247957E-19,0.009175,0.0056));
#3482=CARTESIAN_POINT('',(0.0582,0.009175,0.0056));
#3483=CARTESIAN_POINT('',(0.0582,0.0307846380758379,0.0056));
#3484=CARTESIAN_POINT('',(0.0582,0.0307846380758379,0.0056));
#3485=CARTESIAN_POINT('',(0.0618,0.0307846380758379,0.0056));
#3486=CARTESIAN_POINT('',(0.0591230769230769,0.0331917281946819,0.0056));
#3487=CARTESIAN_POINT('',(0.056,0.036,0.0056));
#3488=CARTESIAN_POINT('',(0.0531917281946819,0.0391230769230769,0.0056));
#3489=CARTESIAN_POINT('',(0.0507846380758379,0.0418,0.0056));
#3490=CARTESIAN_POINT('',(0.0507846380758379,0.0382,0.0056));
#3491=CARTESIAN_POINT('',(-4.46238631530734E-18,0.0382,0.0056));
#3492=CARTESIAN_POINT('',(-0.0507846380758379,0.0382,0.0056));
#3493=CARTESIAN_POINT('',(-0.0507846380758379,0.0418,0.0056));
#3494=CARTESIAN_POINT('',(-0.0531917281946819,0.0391230769230769,0.0056));
#3495=CARTESIAN_POINT('',(-0.056,0.036,0.0056));
#3496=CARTESIAN_POINT('',(-0.0591230769230769,0.0331917281946819,0.0056));
#3497=CARTESIAN_POINT('',(-0.0618,0.0307846380758379,0.0056));
#3498=CARTESIAN_POINT('',(-0.0582,0.0307846380758379,0.0056));
#3499=CARTESIAN_POINT('',(-0.0582,-5.46782020537802E-18,0.0056));
#3500=CARTESIAN_POINT('',(-0.0582,-0.0307846380758379,0.0056));
#3501=CARTESIAN_POINT('',(-0.0618,-0.0307846380758379,0.0056));
#3502=CARTESIAN_POINT('',(-0.0591230769230769,-0.0331917281946819,0.0056));
#3503=CARTESIAN_POINT('',(-0.056,-0.036,0.0056));
#3504=CARTESIAN_POINT('',(-0.0531917281946819,-0.0391230769230769,0.0056));
#3505=CARTESIAN_POINT('',(-0.0507846380758379,-0.0418,0.0056));
#3506=CARTESIAN_POINT('',(-0.0507846380758379,-0.0382,0.0056));
#3507=CARTESIAN_POINT('',(0.0507846380758379,-0.0382,0.0056));
#3508=CARTESIAN_POINT('',(0.0507846380758379,-0.0382,0.0056));
#3509=CARTESIAN_POINT('',(0.0507846380758379,-0.0418,0.0056));
#3510=CARTESIAN_POINT('',(0.0531917281946819,-0.0391230769230769,0.0056));
#3511=CARTESIAN_POINT('',(0.056,-0.036,0.0056));
#3512=CARTESIAN_POINT('',(-0.056,-0.036,0.0056));
#3513=CARTESIAN_POINT('',(-0.056,-0.0373,0.0056));
#3514=CARTESIAN_POINT('',(-0.056,0.036,0.0056));
#3515=CARTESIAN_POINT('',(-0.056,0.0347,0.0056));
#3516=CARTESIAN_POINT('',(0.056,0.036,0.0056));
#3517=CARTESIAN_POINT('',(0.056,0.0347,0.0056));
#3518=CARTESIAN_POINT('',(0.056,-0.036,0.0056));
#3519=CARTESIAN_POINT('',(0.056,-0.0373,0.0056));
#3520=CARTESIAN_POINT('',(0.0577,-0.032,0.005602));
#3521=CARTESIAN_POINT('',(0.0577,-0.032,0.004));
#3522=CARTESIAN_POINT('',(0.056,-0.032,0.004));
#3523=CARTESIAN_POINT('',(0.056,-0.032,0.005602));
#3524=CARTESIAN_POINT('',(0.052,-0.0377,0.005602));
#3525=CARTESIAN_POINT('',(0.052,-0.0377,0.004));
#3526=CARTESIAN_POINT('',(0.052,-0.036,0.004));
#3527=CARTESIAN_POINT('',(0.052,-0.036,0.005602));
#3528=CARTESIAN_POINT('',(0.056,-0.036,0.005602));
#3529=CARTESIAN_POINT('',(0.056,-0.036,0.004));
#3530=CARTESIAN_POINT('',(-0.052,-0.0377,0.005602));
#3531=CARTESIAN_POINT('',(-0.052,-0.0377,0.004));
#3532=CARTESIAN_POINT('',(-0.052,-0.036,0.004));
#3533=CARTESIAN_POINT('',(-0.052,-0.036,0.005602));
#3534=CARTESIAN_POINT('',(-0.0577,-0.032,0.005602));
#3535=CARTESIAN_POINT('',(-0.0577,-0.032,0.004));
#3536=CARTESIAN_POINT('',(-0.056,-0.032,0.004));
#3537=CARTESIAN_POINT('',(-0.056,-0.032,0.005602));
#3538=CARTESIAN_POINT('',(-0.056,-0.036,0.005602));
#3539=CARTESIAN_POINT('',(-0.056,-0.036,0.004));
#3540=CARTESIAN_POINT('',(0.0577,0.032,0.005602));
#3541=CARTESIAN_POINT('',(0.0577,0.032,0.004));
#3542=CARTESIAN_POINT('',(0.056,0.032,0.004));
#3543=CARTESIAN_POINT('',(0.056,0.032,0.005602));
#3544=CARTESIAN_POINT('',(0.056,0.036,0.005602));
#3545=CARTESIAN_POINT('',(0.056,0.036,0.004));
#3546=CARTESIAN_POINT('',(0.052,0.036,0.004));
#3547=CARTESIAN_POINT('',(0.052,0.036,0.005602));
#3548=CARTESIAN_POINT('',(0.052,0.0377,0.005602));
#3549=CARTESIAN_POINT('',(0.052,0.0377,0.004));
#3550=CARTESIAN_POINT('',(-0.056,0.036,0.005602));
#3551=CARTESIAN_POINT('',(-0.056,0.032,0.005602));
#3552=CARTESIAN_POINT('',(-0.056,0.032,0.004));
#3553=CARTESIAN_POINT('',(-0.056,0.036,0.004));
#3554=CARTESIAN_POINT('',(-0.052,0.036,0.004));
#3555=CARTESIAN_POINT('',(-0.052,0.036,0.005602));
#3556=CARTESIAN_POINT('',(-0.052,0.0377,0.005602));
#3557=CARTESIAN_POINT('',(-0.052,0.0377,0.004));
#3558=CARTESIAN_POINT('',(-0.0577,0.032,0.005602));
#3559=CARTESIAN_POINT('',(-0.0577,0.032,0.004));
#3560=CARTESIAN_POINT('',(0.056,0.036,0.005602));
#3561=CARTESIAN_POINT('',(0.0523893648217339,0.0400153846153847,0.005602));
#3562=CARTESIAN_POINT('',(0.0523893648217339,0.0400153846153847,-0.0008));
#3563=CARTESIAN_POINT('',(0.0523893648217339,0.0400153846153847,0.0044));
#3564=CARTESIAN_POINT('',(0.056,0.036,0.0044));
#3565=CARTESIAN_POINT('',(0.0600153846153846,0.0323893648217339,0.0044));
#3566=CARTESIAN_POINT('',(0.0600153846153846,0.0323893648217339,0.005602));
#3567=CARTESIAN_POINT('',(0.0600153846153846,0.0323893648217339,-0.0008));
#3568=CARTESIAN_POINT('',(0.056,0.036,-0.0008));
#3569=CARTESIAN_POINT('',(-0.056,0.036,0.005602));
#3570=CARTESIAN_POINT('',(-0.0600153846153846,0.0323893648217339,0.005602));
#3571=CARTESIAN_POINT('',(-0.0600153846153846,0.0323893648217339,-0.0008));
#3572=CARTESIAN_POINT('',(-0.0600153846153846,0.0323893648217339,0.0044));
#3573=CARTESIAN_POINT('',(-0.056,0.036,0.0044));
#3574=CARTESIAN_POINT('',(-0.0523893648217339,0.0400153846153846,0.0044));
#3575=CARTESIAN_POINT('',(-0.0523893648217339,0.0400153846153846,0.005602));
#3576=CARTESIAN_POINT('',(-0.0523893648217339,0.0400153846153846,-0.0008));
#3577=CARTESIAN_POINT('',(-0.056,0.036,-0.0008));
#3578=CARTESIAN_POINT('',(-0.056,-0.036,0.005602));
#3579=CARTESIAN_POINT('',(-0.0523893648217339,-0.0400153846153847,0.005602));
#3580=CARTESIAN_POINT('',(-0.0523893648217339,-0.0400153846153847,-0.0008));
#3581=CARTESIAN_POINT('',(-0.0523893648217339,-0.0400153846153847,0.0044));
#3582=CARTESIAN_POINT('',(-0.056,-0.036,0.0044));
#3583=CARTESIAN_POINT('',(-0.0600153846153846,-0.0323893648217339,0.0044));
#3584=CARTESIAN_POINT('',(-0.0600153846153846,-0.0323893648217339,0.005602));
#3585=CARTESIAN_POINT('',(-0.0600153846153846,-0.0323893648217339,-0.0008));
#3586=CARTESIAN_POINT('',(-0.056,-0.036,-0.0008));
#3587=CARTESIAN_POINT('',(0.056,-0.036,0.005602));
#3588=CARTESIAN_POINT('',(0.0600153846153846,-0.0323893648217339,0.005602));
#3589=CARTESIAN_POINT('',(0.0600153846153846,-0.0323893648217339,-0.0008));
#3590=CARTESIAN_POINT('',(0.0600153846153846,-0.0323893648217339,0.0044));
#3591=CARTESIAN_POINT('',(0.056,-0.036,0.0044));
#3592=CARTESIAN_POINT('',(0.0523893648217339,-0.0400153846153846,0.0044));
#3593=CARTESIAN_POINT('',(0.0523893648217339,-0.0400153846153846,0.005602));
#3594=CARTESIAN_POINT('',(0.0523893648217339,-0.0400153846153846,-0.0008));
#3595=CARTESIAN_POINT('',(0.056,-0.036,-0.0008));
#3596=CARTESIAN_POINT('',(-0.0424,0.0354,0.004002));
#3597=CARTESIAN_POINT('',(-0.044,0.0354,0.004002));
#3598=CARTESIAN_POINT('',(-0.044,0.0354,0.004));
#3599=CARTESIAN_POINT('',(-0.044,0.0354,0.0024));
#3600=CARTESIAN_POINT('',(-0.0424,0.0354,0.0024));
#3601=CARTESIAN_POINT('',(-0.0424,0.0354,0.004));
#3602=CARTESIAN_POINT('',(-0.0554,0.0296797976221813,0.004002));
#3603=CARTESIAN_POINT('',(-0.0554,0.0296797976221813,0.0024));
#3604=CARTESIAN_POINT('',(-0.0544960831445305,0.031,0.0024));
#3605=CARTESIAN_POINT('',(-0.0544960831445305,0.031,0.004002));
#3606=CARTESIAN_POINT('',(-0.0544960831445305,0.031,0.004));
#3607=CARTESIAN_POINT('',(-0.0554,0.0296797976221813,0.004));
#3608=CARTESIAN_POINT('',(-0.0523779376416022,0.0295497470277267,0.004002));
#3609=CARTESIAN_POINT('',(-0.0502597921386738,0.0280994940554533,0.0024));
#3610=CARTESIAN_POINT('',(-0.0502597921386738,0.0280994940554533,0.0024));
#3611=CARTESIAN_POINT('',(-0.0502597921386738,0.0280994940554533,0.004002));
#3612=CARTESIAN_POINT('',(-0.0502597921386738,0.0280994940554533,0.004));
#3613=CARTESIAN_POINT('',(-0.0523779376416022,0.0295497470277267,0.004));
#3614=CARTESIAN_POINT('',(-0.048,0.0314,0.004002));
#3615=CARTESIAN_POINT('',(-0.048,0.0314,0.0024));
#3616=CARTESIAN_POINT('',(-0.044,0.0314,0.0024));
#3617=CARTESIAN_POINT('',(-0.044,0.0314,0.004002));
#3618=CARTESIAN_POINT('',(-0.044,0.0314,0.004));
#3619=CARTESIAN_POINT('',(-0.048,0.0314,0.004));
#3620=CARTESIAN_POINT('',(-0.044,0.0334,0.004002));
#3621=CARTESIAN_POINT('',(-0.044,0.0354,0.0024));
#3622=CARTESIAN_POINT('',(-0.044,0.0334,0.004));
#3623=CARTESIAN_POINT('',(-2.48233903490515E-5,-2.44929359829262E-19,0.004));
#3624=CARTESIAN_POINT('',(0.0424,0.0354,0.004002));
#3625=CARTESIAN_POINT('',(0.0424,0.0354,0.0024));
#3626=CARTESIAN_POINT('',(0.044,0.0354,0.0024));
#3627=CARTESIAN_POINT('',(0.044,0.0354,0.004002));
#3628=CARTESIAN_POINT('',(0.044,0.0354,0.004));
#3629=CARTESIAN_POINT('',(0.0424,0.0354,0.004));
#3630=CARTESIAN_POINT('',(0.044,0.0334,0.004002));
#3631=CARTESIAN_POINT('',(0.044,0.0334,0.0024));
#3632=CARTESIAN_POINT('',(0.044,0.0314,0.0024));
#3633=CARTESIAN_POINT('',(0.044,0.0314,0.004002));
#3634=CARTESIAN_POINT('',(0.044,0.0314,0.004));
#3635=CARTESIAN_POINT('',(0.044,0.0334,0.004));
#3636=CARTESIAN_POINT('',(0.048,0.0314,0.004002));
#3637=CARTESIAN_POINT('',(0.048,0.0314,0.0024));
#3638=CARTESIAN_POINT('',(0.0502597921386738,0.0280994940554533,0.0024));
#3639=CARTESIAN_POINT('',(0.0502597921386738,0.0280994940554533,0.004002));
#3640=CARTESIAN_POINT('',(0.0502597921386738,0.0280994940554533,0.004));
#3641=CARTESIAN_POINT('',(0.048,0.0314,0.004));
#3642=CARTESIAN_POINT('',(0.0523779376416022,0.0295497470277267,0.004002));
#3643=CARTESIAN_POINT('',(0.0523779376416022,0.0295497470277267,0.0024));
#3644=CARTESIAN_POINT('',(0.0544960831445305,0.031,0.0024));
#3645=CARTESIAN_POINT('',(0.0544960831445305,0.031,0.004002));
#3646=CARTESIAN_POINT('',(0.0544960831445305,0.031,0.004));
#3647=CARTESIAN_POINT('',(0.0523779376416022,0.0295497470277267,0.004));
#3648=CARTESIAN_POINT('',(0.0554,0.0296797976221813,0.004002));
#3649=CARTESIAN_POINT('',(0.0554,0.0296797976221813,0.0024));
#3650=CARTESIAN_POINT('',(0.0554,0.0296797976221813,0.004));
#3651=CARTESIAN_POINT('',(-2.48233903490515E-5,-2.44929359829262E-19,0.004));
#3652=CARTESIAN_POINT('',(-2.48233903490515E-5,-2.44929359829262E-19,0.004));
#3653=CARTESIAN_POINT('',(-0.0424,-0.0354,0.004));
#3654=CARTESIAN_POINT('',(-0.044,-0.0354,0.004));
#3655=CARTESIAN_POINT('',(-0.044,-0.0334,0.004));
#3656=CARTESIAN_POINT('',(-0.044,-0.0314,0.004));
#3657=CARTESIAN_POINT('',(-0.048,-0.0314,0.004));
#3658=CARTESIAN_POINT('',(-0.0502597921386738,-0.0280994940554533,0.004));
#3659=CARTESIAN_POINT('',(-0.0523779376416022,-0.0295497470277267,0.004));
#3660=CARTESIAN_POINT('',(-0.0544960831445305,-0.031,0.004));
#3661=CARTESIAN_POINT('',(-0.0554,-0.0296797976221813,0.004));
#3662=CARTESIAN_POINT('',(-0.0424,-0.0354,0.004002));
#3663=CARTESIAN_POINT('',(-0.0424,-0.0354,0.0024));
#3664=CARTESIAN_POINT('',(-0.044,-0.0354,0.0024));
#3665=CARTESIAN_POINT('',(-0.044,-0.0354,0.004002));
#3666=CARTESIAN_POINT('',(-0.044,-0.0334,0.004002));
#3667=CARTESIAN_POINT('',(-0.044,-0.0334,0.0024));
#3668=CARTESIAN_POINT('',(-0.044,-0.0314,0.0024));
#3669=CARTESIAN_POINT('',(-0.044,-0.0314,0.004002));
#3670=CARTESIAN_POINT('',(-0.048,-0.0314,0.004002));
#3671=CARTESIAN_POINT('',(-0.048,-0.0314,0.0024));
#3672=CARTESIAN_POINT('',(-0.0502597921386738,-0.0280994940554533,0.0024));
#3673=CARTESIAN_POINT('',(-0.0502597921386738,-0.0280994940554533,0.004002));
#3674=CARTESIAN_POINT('',(-0.0523779376416022,-0.0295497470277267,0.004002));
#3675=CARTESIAN_POINT('',(-0.0523779376416022,-0.0295497470277267,0.0024));
#3676=CARTESIAN_POINT('',(-0.0544960831445305,-0.031,0.0024));
#3677=CARTESIAN_POINT('',(-0.0544960831445305,-0.031,0.004002));
#3678=CARTESIAN_POINT('',(-0.0554,-0.0296797976221813,0.004002));
#3679=CARTESIAN_POINT('',(-0.0554,-0.0296797976221813,0.0024));
#3680=CARTESIAN_POINT('',(0.0424,-0.0354,0.004002));
#3681=CARTESIAN_POINT('',(0.044,-0.0354,0.004002));
#3682=CARTESIAN_POINT('',(0.044,-0.0354,0.004));
#3683=CARTESIAN_POINT('',(0.044,-0.0354,0.0024));
#3684=CARTESIAN_POINT('',(0.0424,-0.0354,0.0024));
#3685=CARTESIAN_POINT('',(0.0424,-0.0354,0.004));
#3686=CARTESIAN_POINT('',(0.0554,-0.0296797976221813,0.004002));
#3687=CARTESIAN_POINT('',(0.0554,-0.0296797976221813,0.0024));
#3688=CARTESIAN_POINT('',(0.0544960831445305,-0.031,0.0024));
#3689=CARTESIAN_POINT('',(0.0544960831445305,-0.031,0.004002));
#3690=CARTESIAN_POINT('',(0.0544960831445305,-0.031,0.004));
#3691=CARTESIAN_POINT('',(0.0554,-0.0296797976221813,0.004));
#3692=CARTESIAN_POINT('',(0.0523779376416022,-0.0295497470277267,0.004002));
#3693=CARTESIAN_POINT('',(0.0502597921386738,-0.0280994940554533,0.0024));
#3694=CARTESIAN_POINT('',(0.0502597921386738,-0.0280994940554533,0.0024));
#3695=CARTESIAN_POINT('',(0.0502597921386738,-0.0280994940554533,0.004002));
#3696=CARTESIAN_POINT('',(0.0502597921386738,-0.0280994940554533,0.004));
#3697=CARTESIAN_POINT('',(0.0523779376416022,-0.0295497470277267,0.004));
#3698=CARTESIAN_POINT('',(0.048,-0.0314,0.004002));
#3699=CARTESIAN_POINT('',(0.048,-0.0314,0.0024));
#3700=CARTESIAN_POINT('',(0.044,-0.0314,0.0024));
#3701=CARTESIAN_POINT('',(0.044,-0.0314,0.004002));
#3702=CARTESIAN_POINT('',(0.044,-0.0314,0.004));
#3703=CARTESIAN_POINT('',(0.048,-0.0314,0.004));
#3704=CARTESIAN_POINT('',(0.044,-0.0334,0.004002));
#3705=CARTESIAN_POINT('',(0.044,-0.0354,0.0024));
#3706=CARTESIAN_POINT('',(0.044,-0.0334,0.004));
#3707=CARTESIAN_POINT('',(-2.48233903490515E-5,-2.44929359829262E-19,0.004));
#3708=CARTESIAN_POINT('',(0.056,-0.036,0.172944887588367));
#3709=CARTESIAN_POINT('',(0.056,-0.036,0.0036));
#3710=CARTESIAN_POINT('',(0.056,-0.0373,0.0036));
#3711=CARTESIAN_POINT('',(0.056,0.036,0.172944887588367));
#3712=CARTESIAN_POINT('',(0.056,0.036,0.0036));
#3713=CARTESIAN_POINT('',(0.056,0.0347,0.0036));
#3714=CARTESIAN_POINT('',(-0.056,0.036,0.172944887588367));
#3715=CARTESIAN_POINT('',(-0.056,0.036,0.0036));
#3716=CARTESIAN_POINT('',(-0.056,0.0347,0.0036));
#3717=CARTESIAN_POINT('',(-0.056,-0.036,0.172944887588367));
#3718=CARTESIAN_POINT('',(-0.056,-0.036,0.0036));
#3719=CARTESIAN_POINT('',(-0.056,-0.0373,0.0036));
#3720=CARTESIAN_POINT('',(-2.48233903490515E-5,-2.20436423846314E-19,0.0036));
#3721=CARTESIAN_POINT('',(-0.056,-0.036,0.0036));
#3722=CARTESIAN_POINT('',(-0.056,-0.039,0.0036));
#3723=CARTESIAN_POINT('',(-0.056,-0.036,0.263498747834503));
#3724=CARTESIAN_POINT('',(-2.48233903490515E-5,-2.20436423846314E-19,0.0036));
#3725=CARTESIAN_POINT('',(-0.056,0.036,0.0036));
#3726=CARTESIAN_POINT('',(-0.056,0.033,0.0036));
#3727=CARTESIAN_POINT('',(-0.056,0.036,0.263498747834503));
#3728=CARTESIAN_POINT('',(-2.48233903490515E-5,-2.20436423846314E-19,0.0036));
#3729=CARTESIAN_POINT('',(0.056,0.036,0.0036));
#3730=CARTESIAN_POINT('',(0.056,0.033,0.0036));
#3731=CARTESIAN_POINT('',(0.056,0.036,0.263498747834503));
#3732=CARTESIAN_POINT('',(-2.48233903490515E-5,-2.20436423846314E-19,0.0036));
#3733=CARTESIAN_POINT('',(0.056,-0.036,0.0036));
#3734=CARTESIAN_POINT('',(0.056,-0.039,0.0036));
#3735=CARTESIAN_POINT('',(0.056,-0.036,0.263498747834503));
#3736=CARTESIAN_POINT('',(0.238380064345341,0.009175,0.008175));
#3737=CARTESIAN_POINT('',(0.0594,0.009175,0.0044));
#3738=CARTESIAN_POINT('',(0.0546,0.009175,0.0024));
#3739=CARTESIAN_POINT('',(0.238380064345341,-0.004175,0.008175));
#3740=CARTESIAN_POINT('',(0.0594,-0.004175,0.0044));
#3741=CARTESIAN_POINT('',(0.0546,-0.004175,0.0024));
#3742=CARTESIAN_POINT('',(0.0618,0.0307846380758379,0.005602));
#3743=CARTESIAN_POINT('',(0.0618,0.0307846380758379,0.0044));
#3744=CARTESIAN_POINT('',(0.0618,0.0307846380758379,-0.0008));
#3745=CARTESIAN_POINT('',(0.0618,-0.0307846380758379,0.005602));
#3746=CARTESIAN_POINT('',(0.0618,-0.0307846380758379,0.0044));
#3747=CARTESIAN_POINT('',(0.0618,-0.0307846380758379,-0.0008));
#3748=CARTESIAN_POINT('',(0.0507846380758379,-0.0418,0.005602));
#3749=CARTESIAN_POINT('',(0.0507846380758379,-0.0418,0.0044));
#3750=CARTESIAN_POINT('',(0.0507846380758379,-0.0418,-0.0008));
#3751=CARTESIAN_POINT('',(-0.0507846380758379,-0.0418,0.005602));
#3752=CARTESIAN_POINT('',(-0.0507846380758379,-0.0418,0.0044));
#3753=CARTESIAN_POINT('',(-0.0507846380758379,-0.0418,-0.0008));
#3754=CARTESIAN_POINT('',(-0.0618,-0.0307846380758379,0.005602));
#3755=CARTESIAN_POINT('',(-0.0618,-0.0307846380758379,0.0044));
#3756=CARTESIAN_POINT('',(-0.0618,-0.0307846380758379,-0.0008));
#3757=CARTESIAN_POINT('',(-0.0618,0.0307846380758379,0.005602));
#3758=CARTESIAN_POINT('',(-0.0618,0.0307846380758379,0.0044));
#3759=CARTESIAN_POINT('',(-0.0618,0.0307846380758379,-0.0008));
#3760=CARTESIAN_POINT('',(-0.0507846380758379,0.0418,0.005602));
#3761=CARTESIAN_POINT('',(-0.0507846380758379,0.0418,0.0044));
#3762=CARTESIAN_POINT('',(-0.0507846380758379,0.0418,-0.0008));
#3763=CARTESIAN_POINT('',(0.0507846380758379,0.0418,0.005602));
#3764=CARTESIAN_POINT('',(0.0507846380758379,0.0418,0.0044));
#3765=CARTESIAN_POINT('',(0.0507846380758379,0.0418,-0.0008));
#3766=CARTESIAN_POINT('',(0.0582,5.2473837815315E-18,-0.002));
#3767=CARTESIAN_POINT('',(0.0582,-0.0307846380758379,-0.002));
#3768=CARTESIAN_POINT('',(0.0594,0.0307846380758379,-0.0008));
#3769=CARTESIAN_POINT('',(0.0618,0.0307846380758379,-0.002));
#3770=CARTESIAN_POINT('',(0.0600153846153846,0.0323893648217339,-0.0008));
#3771=CARTESIAN_POINT('',(0.0618,-0.0307846380758379,-0.002));
#3772=CARTESIAN_POINT('',(0.0591230769230769,-0.0331917281946819,-0.002));
#3773=CARTESIAN_POINT('',(0.056,0.036,-0.002));
#3774=CARTESIAN_POINT('',(0.0523893648217339,0.0400153846153847,-0.0008));
#3775=CARTESIAN_POINT('',(0.056,-0.036,-0.0008));
#3776=CARTESIAN_POINT('',(0.0531917281946819,-0.0391230769230769,-0.002));
#3777=CARTESIAN_POINT('',(0.0507846380758379,0.0418,-0.002));
#3778=CARTESIAN_POINT('',(0.0507846380758379,0.0394,-0.0008));
#3779=CARTESIAN_POINT('',(0.0507846380758379,-0.0418,-0.002));
#3780=CARTESIAN_POINT('',(0.0507846380758379,-0.0382,-0.002));
#3781=CARTESIAN_POINT('',(2.52255674366495E-35,0.0394,-0.0008));
#3782=CARTESIAN_POINT('',(-0.0507846380758379,0.0394,-0.0008));
#3783=CARTESIAN_POINT('',(4.46238631530734E-18,-0.0382,-0.002));
#3784=CARTESIAN_POINT('',(-0.0507846380758379,-0.0382,-0.002));
#3785=CARTESIAN_POINT('',(-0.0507846380758379,0.0418,-0.002));
#3786=CARTESIAN_POINT('',(-0.0523893648217339,0.0400153846153846,-0.0008));
#3787=CARTESIAN_POINT('',(-0.0507846380758379,-0.0418,-0.002));
#3788=CARTESIAN_POINT('',(-0.0531917281946819,-0.0391230769230769,-0.002));
#3789=CARTESIAN_POINT('',(-0.056,0.036,-0.0008));
#3790=CARTESIAN_POINT('',(-0.0600153846153846,0.0323893648217339,-0.0008));
#3791=CARTESIAN_POINT('',(-0.056,-0.036,-0.002));
#3792=CARTESIAN_POINT('',(-0.0591230769230769,-0.0331917281946819,-0.002));
#3793=CARTESIAN_POINT('',(-0.0618,0.0307846380758379,-0.002));
#3794=CARTESIAN_POINT('',(-0.0594,0.0307846380758379,-0.0008));
#3795=CARTESIAN_POINT('',(-0.0618,-0.0307846380758379,-0.002));
#3796=CARTESIAN_POINT('',(-0.0582,-0.0307846380758379,-0.002));
#3797=CARTESIAN_POINT('',(-0.0594,-1.38288019358486E-17,-0.0008));
#3798=CARTESIAN_POINT('',(0.0594,-2.69422295812418E-19,0.0044));
#3799=CARTESIAN_POINT('',(0.0582,0.0307846380758379,0.0056));
#3800=CARTESIAN_POINT('',(0.0618,0.0307846380758379,0.0056));
#3801=CARTESIAN_POINT('',(0.0591230769230769,0.0331917281946819,0.0056));
#3802=CARTESIAN_POINT('',(0.056,0.036,0.0044));
#3803=CARTESIAN_POINT('',(0.0531917281946819,0.0391230769230769,0.0056));
#3804=CARTESIAN_POINT('',(0.0507846380758379,0.0418,0.0056));
#3805=CARTESIAN_POINT('',(0.0507846380758379,0.0382,0.0056));
#3806=CARTESIAN_POINT('',(-4.46238631530734E-18,0.0382,0.0056));
#3807=CARTESIAN_POINT('',(-0.0507846380758379,0.0382,0.0056));
#3808=CARTESIAN_POINT('',(-0.0507846380758379,0.0418,0.0056));
#3809=CARTESIAN_POINT('',(-0.0531917281946819,0.0391230769230769,0.0056));
#3810=CARTESIAN_POINT('',(-0.056,0.036,0.0056));
#3811=CARTESIAN_POINT('',(-0.0591230769230769,0.0331917281946819,0.0056));
#3812=CARTESIAN_POINT('',(-0.0618,0.0307846380758379,0.0056));
#3813=CARTESIAN_POINT('',(-0.0582,0.0307846380758379,0.0056));
#3814=CARTESIAN_POINT('',(-0.0582,-5.46782020537802E-18,0.0056));
#3815=CARTESIAN_POINT('',(-0.0582,-0.0307846380758379,0.0056));
#3816=CARTESIAN_POINT('',(-0.0618,-0.0307846380758379,0.0056));
#3817=CARTESIAN_POINT('',(-0.0591230769230769,-0.0331917281946819,0.0056));
#3818=CARTESIAN_POINT('',(-0.056,-0.036,0.0044));
#3819=CARTESIAN_POINT('',(-0.0531917281946819,-0.0391230769230769,0.0056));
#3820=CARTESIAN_POINT('',(-0.0507846380758379,-0.0418,0.0056));
#3821=CARTESIAN_POINT('',(-0.0507846380758379,-0.0382,0.0056));
#3822=CARTESIAN_POINT('',(-6.93889390390723E-18,-0.0394,0.0044));
#3823=CARTESIAN_POINT('',(0.0507846380758379,-0.0382,0.0056));
#3824=CARTESIAN_POINT('',(0.0507846380758379,-0.0418,0.0056));
#3825=CARTESIAN_POINT('',(0.0531917281946819,-0.0391230769230769,0.0056));
#3826=CARTESIAN_POINT('',(0.056,-0.036,0.0056));
#3827=CARTESIAN_POINT('',(0.0591230769230769,-0.0331917281946819,0.0056));
#3828=CARTESIAN_POINT('',(0.0618,-0.0307846380758379,0.0056));
#3829=CARTESIAN_POINT('',(0.0582,-0.0307846380758379,0.0056));
#3830=CARTESIAN_POINT('',(0.0594,-2.69422295812418E-19,0.0044));
#3831=CARTESIAN_POINT('',(0.0546,-3.72002823591971E-19,0.0024));
#3832=CARTESIAN_POINT('',(0.0546,-0.0281625048812871,0.0024));
#3833=CARTESIAN_POINT('',(0.0544960831445305,-0.031,0.0024));
#3834=CARTESIAN_POINT('',(0.057,-0.0327143831039699,0.00240000000000001));
#3835=CARTESIAN_POINT('',(0.057,-0.0296797976221814,0.0024));
#3836=CARTESIAN_POINT('',(0.05449608314449,-0.0309999999999723,0.00224292028550827));
#3837=CARTESIAN_POINT('',(0.0569999999899613,-0.0327143830849309,0.00186622480524664));
#3838=CARTESIAN_POINT('',(0.057,-0.0296797976221328,0.00224292028550827));
#3839=CARTESIAN_POINT('',(0.0544974228820799,-0.0309634178816808,0.00192876579063447));
#3840=CARTESIAN_POINT('',(0.0568180797874131,-0.0323693503314946,0.000885369610846647));
#3841=CARTESIAN_POINT('',(0.0569690582431603,-0.0296602360792692,0.00192876579063448));
#3842=CARTESIAN_POINT('',(0.0545033744626036,-0.0308009073757794,0.00147563866748472));
#3843=CARTESIAN_POINT('',(0.0563189576880323,-0.0314227074087319,0.000189509625825991));
#3844=CARTESIAN_POINT('',(0.0568316041867455,-0.029573336895072,0.00147563866748472));
#3845=CARTESIAN_POINT('',(0.0545130393323983,-0.0305370038856018,0.00105803811336937));
#3846=CARTESIAN_POINT('',(0.0558991417488777,-0.0306264778124931,-2.73881083446993E-6));
#3847=CARTESIAN_POINT('',(0.0566083902780203,-0.0294322198770065,0.00105803811336938));
#3848=CARTESIAN_POINT('',(0.0545260459626297,-0.0301818521671359,0.000691997523555533));
#3849=CARTESIAN_POINT('',(0.0555732951273398,-0.0300084719206125,-3.00384522675039E-5));
#3850=CARTESIAN_POINT('',(0.0563079971183302,-0.0292423097267495,0.00069199752355553));
#3851=CARTESIAN_POINT('',(0.0545418949379904,-0.0297490889737312,0.000391634143322204));
#3852=CARTESIAN_POINT('',(0.0553029341895596,-0.0294957010602189,-1.97210058009264E-5));
#3853=CARTESIAN_POINT('',(0.0559419588977452,-0.029010898420507,0.000391634143322208));
#3854=CARTESIAN_POINT('',(0.0545660025083518,-0.0290908212373346,9.38599335579139E-5));
#3855=CARTESIAN_POINT('',(0.0549864109512418,-0.0288953780454378,-4.43217146195916E-6));
#3856=CARTESIAN_POINT('',(0.0553851852289799,-0.0286589031513654,9.38599335579206E-5));
#3857=CARTESIAN_POINT('',(0.054586397313885,-0.0285339321658514,-3.80666869723843E-18));
#3858=CARTESIAN_POINT('',(0.0547502782989205,-0.0284475250963732,1.9108515136592E-7));
#3859=CARTESIAN_POINT('',(0.0549141593009507,-0.0283611180591287,-1.90438797034411E-18));
#3860=CARTESIAN_POINT('',(0.0546,-0.0281625048812871,-8.67361737988404E-19));
#3861=CARTESIAN_POINT('',(0.0546,-0.0281625048812871,-8.67361737988404E-19));
#3862=CARTESIAN_POINT('',(0.0546,-0.0281625048812871,-8.67361737988404E-19));
#3863=CARTESIAN_POINT('',(0.0546,-0.0281625048812871,0.0024));
#3864=CARTESIAN_POINT('',(0.0537338129248064,-0.0275694434609987,0.0024));
#3865=CARTESIAN_POINT('',(0.0516156674218781,-0.0261191904887253,0.0024));
#3866=CARTESIAN_POINT('',(0.048,-0.0314,0.0024));
#3867=CARTESIAN_POINT('',(0.0416,-0.0314,0.0024));
#3868=CARTESIAN_POINT('',(0.0416,-0.0334,0.0024));
#3869=CARTESIAN_POINT('',(0.0416,-0.0346,0.0024));
#3870=CARTESIAN_POINT('',(0.0424,-0.037,0.0024));
#3871=CARTESIAN_POINT('',(0.044,-0.037,0.0024));
#3872=CARTESIAN_POINT('',(0.044,-0.0354,0.0024));
#3873=CARTESIAN_POINT('',(0.0423999999999488,-0.037,0.00208584057101653));
#3874=CARTESIAN_POINT('',(0.0439999999974955,-0.0369999999974955,0.00187640046106232));
#3875=CARTESIAN_POINT('',(0.044,-0.0353999999999488,0.00208584057101653));
#3876=CARTESIAN_POINT('',(0.0423583449930366,-0.0368750349790385,0.00145766873404934));
#3877=CARTESIAN_POINT('',(0.0437066711312056,-0.0367066711312057,0.0009297916701697));
#3878=CARTESIAN_POINT('',(0.0438750349790385,-0.0353583449930366,0.00145766873404934));
#3879=CARTESIAN_POINT('',(0.0421804142805029,-0.0363412428415278,0.000658757148245223));
#3880=CARTESIAN_POINT('',(0.0429399576443158,-0.0359399576443158,0.000275759029064954));
#3881=CARTESIAN_POINT('',(0.0433412428415278,-0.0351804142805029,0.000658757148245217));
#3882=CARTESIAN_POINT('',(0.0419141104346473,-0.0355423313039365,0.000124965023883502));
#3883=CARTESIAN_POINT('',(0.0422450585008973,-0.0352450585008975,4.13823422107483E-5));
#3884=CARTESIAN_POINT('',(0.0425423313039365,-0.0349141104346473,0.000124965023883499));
#3885=CARTESIAN_POINT('',(0.0417047197823893,-0.0349141593471679,4.70814427004667E-19));
#3886=CARTESIAN_POINT('',(0.0418094395647758,-0.0348094395647753,2.09701491589952E-11));
#3887=CARTESIAN_POINT('',(0.0419141593471679,-0.0347047197823893,-1.51788304147971E-18));
#3888=CARTESIAN_POINT('',(0.0416,-0.0346,-1.51788304147971E-18));
#3889=CARTESIAN_POINT('',(0.0416,-0.0346,-1.51788304147971E-18));
#3890=CARTESIAN_POINT('',(0.0416,-0.0346,-1.51788304147971E-18));
#3891=CARTESIAN_POINT('',(0.0416,-0.0346,0.0024));
#3892=CARTESIAN_POINT('',(6.6467299500585E-18,-0.0346,0.0024));
#3893=CARTESIAN_POINT('',(-0.0416,-0.0346,0.0024));
#3894=CARTESIAN_POINT('',(-0.044,-0.0354,0.0024));
#3895=CARTESIAN_POINT('',(-0.044,-0.037,0.0024));
#3896=CARTESIAN_POINT('',(-0.0424,-0.037,0.0024));
#3897=CARTESIAN_POINT('',(-0.044,-0.0353999999999488,0.00208584057101654));
#3898=CARTESIAN_POINT('',(-0.0439999999974955,-0.0369999999974955,0.00187640046106237));
#3899=CARTESIAN_POINT('',(-0.0423999999999488,-0.037,0.00208584057101653));
#3900=CARTESIAN_POINT('',(-0.0438750349790385,-0.0353583449930366,0.00145766873404934));
#3901=CARTESIAN_POINT('',(-0.0437066711312052,-0.0367066711312061,0.000929791670169676));
#3902=CARTESIAN_POINT('',(-0.0423583449930366,-0.0368750349790385,0.00145766873404933));
#3903=CARTESIAN_POINT('',(-0.0433412428415278,-0.0351804142805029,0.00065875714824522));
#3904=CARTESIAN_POINT('',(-0.0429399576443172,-0.0359399576443146,0.000275759029064953));
#3905=CARTESIAN_POINT('',(-0.0421804142805029,-0.0363412428415278,0.000658757148245212));
#3906=CARTESIAN_POINT('',(-0.0425423313039365,-0.0349141104346473,0.000124965023883498));
#3907=CARTESIAN_POINT('',(-0.0422450585008929,-0.0352450585009012,4.13823422107614E-5));
#3908=CARTESIAN_POINT('',(-0.0419141104346473,-0.0355423313039365,0.000124965023883495));
#3909=CARTESIAN_POINT('',(-0.0419141593471679,-0.0347047197823893,-1.30104260698261E-18));
#3910=CARTESIAN_POINT('',(-0.041809439564785,-0.0348094395647676,2.0970117154214E-11));
#3911=CARTESIAN_POINT('',(-0.0417047197823893,-0.0349141593471679,-3.50658050996408E-18));
#3912=CARTESIAN_POINT('',(-0.0416,-0.0346,-1.30104260698261E-18));
#3913=CARTESIAN_POINT('',(-0.0416,-0.0346,-1.40946282423116E-18));
#3914=CARTESIAN_POINT('',(-0.0416,-0.0346,-1.51788304147971E-18));
#3915=CARTESIAN_POINT('',(-0.0416,-0.0346,0.0024));
#3916=CARTESIAN_POINT('',(-0.0416,-1.46957615897682E-19,0.0024));
#3917=CARTESIAN_POINT('',(-0.0416,-0.0314,0.0024));
#3918=CARTESIAN_POINT('',(-0.048,-0.0314,0.0024));
#3919=CARTESIAN_POINT('',(-0.0516156674218781,-0.0261191904887253,0.0024));
#3920=CARTESIAN_POINT('',(-0.00429842632966564,0.00627800292357131,0.0024));
#3921=CARTESIAN_POINT('',(-0.0546,-0.0281625048812871,0.0024));
#3922=CARTESIAN_POINT('',(-0.057,-0.0296797976221814,0.0024));
#3923=CARTESIAN_POINT('',(-0.057,-0.0327143831039699,0.00240000000000002));
#3924=CARTESIAN_POINT('',(-0.0544960831445305,-0.031,0.0024));
#3925=CARTESIAN_POINT('',(-0.057,-0.0296797976221328,0.00224292028550827));
#3926=CARTESIAN_POINT('',(-0.0569999999899617,-0.0327143830849273,0.00186622480524717));
#3927=CARTESIAN_POINT('',(-0.0544960831444913,-0.0309999999999732,0.00224292028550827));
#3928=CARTESIAN_POINT('',(-0.0569690582431603,-0.0296602360792692,0.00192876579063448));
#3929=CARTESIAN_POINT('',(-0.0568180797874129,-0.0323693503314961,0.000885369610847067));
#3930=CARTESIAN_POINT('',(-0.0544974228820794,-0.0309634178816804,0.00192876579063449));
#3931=CARTESIAN_POINT('',(-0.0568316041867455,-0.029573336895072,0.00147563866748473));
#3932=CARTESIAN_POINT('',(-0.0563189576880324,-0.0314227074087317,0.000189509625823221));
#3933=CARTESIAN_POINT('',(-0.0545033744626038,-0.0308009073757795,0.00147563866748475));
#3934=CARTESIAN_POINT('',(-0.0566083902780203,-0.0294322198770065,0.00105803811336938));
#3935=CARTESIAN_POINT('',(-0.0558991417488776,-0.0306264778124932,-2.73881082522229E-6));
#3936=CARTESIAN_POINT('',(-0.0545130393323982,-0.0305370038856018,0.00105803811336941));
#3937=CARTESIAN_POINT('',(-0.0563079971183302,-0.0292423097267495,0.000691997523555536));
#3938=CARTESIAN_POINT('',(-0.0555732951273399,-0.0300084719206126,-3.00384522975916E-5));
#3939=CARTESIAN_POINT('',(-0.0545260459626298,-0.0301818521671359,0.000691997523555579));
#3940=CARTESIAN_POINT('',(-0.0559419588977452,-0.029010898420507,0.000391634143322212));
#3941=CARTESIAN_POINT('',(-0.0553029341895593,-0.0294957010602189,-1.97210057004863E-5));
#3942=CARTESIAN_POINT('',(-0.0545418949379901,-0.0297490889737314,0.000391634143322238));
#3943=CARTESIAN_POINT('',(-0.0553851852289799,-0.0286589031513654,9.38599335579241E-5));
#3944=CARTESIAN_POINT('',(-0.0549864109512433,-0.0288953780454377,-4.43217194328583E-6));
#3945=CARTESIAN_POINT('',(-0.0545660025083531,-0.0290908212373339,9.3859933557949E-5));
#3946=CARTESIAN_POINT('',(-0.0549141593009507,-0.0283611180591287,1.69664494367304E-19));
#3947=CARTESIAN_POINT('',(-0.0547502782989138,-0.0284475250963738,1.91087220003868E-7));
#3948=CARTESIAN_POINT('',(-0.0545863973138787,-0.0285339321658549,9.26943069340037E-18));
#3949=CARTESIAN_POINT('',(-0.0546,-0.0281625048812871,-8.67361737988404E-19));
#3950=CARTESIAN_POINT('',(-0.0546,-0.0281625048812871,-8.67361737988404E-19));
#3951=CARTESIAN_POINT('',(-0.0546,-0.0281625048812871,-8.67361737988404E-19));
#3952=CARTESIAN_POINT('',(-0.0546,-0.0281625048812871,0.0024));
#3953=CARTESIAN_POINT('',(-0.0546,-5.26673609094275E-18,0.0024));
#3954=CARTESIAN_POINT('',(-0.0546,0.0281625048812871,0.0024));
#3955=CARTESIAN_POINT('',(-0.0544960831445305,0.031,0.0024));
#3956=CARTESIAN_POINT('',(-0.057,0.0327143831039699,0.00239999999999999));
#3957=CARTESIAN_POINT('',(-0.057,0.0296797976221814,0.0024));
#3958=CARTESIAN_POINT('',(-0.05449608314449,0.0309999999999723,0.00224292028550827));
#3959=CARTESIAN_POINT('',(-0.0569999999899613,0.0327143830849309,0.00186622480524659));
#3960=CARTESIAN_POINT('',(-0.057,0.0296797976221328,0.00224292028550826));
#3961=CARTESIAN_POINT('',(-0.0544974228820799,0.0309634178816808,0.00192876579063447));
#3962=CARTESIAN_POINT('',(-0.0568180797874132,0.0323693503314946,0.000885369610846652));
#3963=CARTESIAN_POINT('',(-0.0569690582431603,0.0296602360792692,0.00192876579063447));
#3964=CARTESIAN_POINT('',(-0.0545033744626036,0.0308009073757794,0.00147563866748472));
#3965=CARTESIAN_POINT('',(-0.0563189576880323,0.0314227074087319,0.000189509625825982));
#3966=CARTESIAN_POINT('',(-0.0568316041867455,0.029573336895072,0.00147563866748472));
#3967=CARTESIAN_POINT('',(-0.0545130393323983,0.0305370038856018,0.00105803811336937));
#3968=CARTESIAN_POINT('',(-0.0558991417488777,0.0306264778124931,-2.73881083446467E-6));
#3969=CARTESIAN_POINT('',(-0.0566083902780203,0.0294322198770065,0.00105803811336937));
#3970=CARTESIAN_POINT('',(-0.0545260459626297,0.0301818521671359,0.000691997523555532));
#3971=CARTESIAN_POINT('',(-0.0555732951273398,0.0300084719206126,-3.00384522675002E-5));
#3972=CARTESIAN_POINT('',(-0.0563079971183302,0.0292423097267495,0.000691997523555526));
#3973=CARTESIAN_POINT('',(-0.0545418949379904,0.0297490889737312,0.000391634143322204));
#3974=CARTESIAN_POINT('',(-0.0553029341895597,0.0294957010602189,-1.97210058009275E-5));
#3975=CARTESIAN_POINT('',(-0.0559419588977452,0.029010898420507,0.000391634143322206));
#3976=CARTESIAN_POINT('',(-0.0545660025083518,0.0290908212373346,9.38599335579138E-5));
#3977=CARTESIAN_POINT('',(-0.0549864109512418,0.0288953780454378,-4.43217146195915E-6));
#3978=CARTESIAN_POINT('',(-0.0553851852289799,0.0286589031513654,9.38599335579199E-5));
#3979=CARTESIAN_POINT('',(-0.054586397313885,0.0285339321658514,-3.80666869723843E-18));
#3980=CARTESIAN_POINT('',(-0.0547502782989205,0.0284475250963732,1.9108515136592E-7));
#3981=CARTESIAN_POINT('',(-0.0549141593009507,0.0283611180591287,-1.90438797034411E-18));
#3982=CARTESIAN_POINT('',(-0.0546,0.0281625048812871,-8.67361737988404E-19));
#3983=CARTESIAN_POINT('',(-0.0546,0.0281625048812871,-8.67361737988404E-19));
#3984=CARTESIAN_POINT('',(-0.0546,0.0281625048812871,-8.67361737988404E-19));
#3985=CARTESIAN_POINT('',(-0.0546,0.0281625048812871,0.0024));
#3986=CARTESIAN_POINT('',(-0.0537338129248064,0.0275694434609987,0.0024));
#3987=CARTESIAN_POINT('',(-0.0516156674218781,0.0261191904887253,0.0024));
#3988=CARTESIAN_POINT('',(-0.048,0.0314,0.0024));
#3989=CARTESIAN_POINT('',(-0.0416,0.0314,0.0024));
#3990=CARTESIAN_POINT('',(-0.0416,0.0334,0.0024));
#3991=CARTESIAN_POINT('',(-0.0416,0.0346,0.0024));
#3992=CARTESIAN_POINT('',(-0.0424,0.037,0.0024));
#3993=CARTESIAN_POINT('',(-0.044,0.037,0.0024));
#3994=CARTESIAN_POINT('',(-0.044,0.0354,0.0024));
#3995=CARTESIAN_POINT('',(-0.0423999999999488,0.037,0.00208584057101653));
#3996=CARTESIAN_POINT('',(-0.0439999999974955,0.0369999999974955,0.00187640046106232));
#3997=CARTESIAN_POINT('',(-0.044,0.0353999999999488,0.00208584057101653));
#3998=CARTESIAN_POINT('',(-0.0423583449930366,0.0368750349790385,0.00145766873404935));
#3999=CARTESIAN_POINT('',(-0.0437066711312054,0.0367066711312059,0.000929791670169703));
#4000=CARTESIAN_POINT('',(-0.0438750349790385,0.0353583449930366,0.00145766873404934));
#4001=CARTESIAN_POINT('',(-0.0421804142805029,0.0363412428415278,0.000658757148245222));
#4002=CARTESIAN_POINT('',(-0.0429399576443165,0.0359399576443151,0.000275759029064954));
#4003=CARTESIAN_POINT('',(-0.0433412428415278,0.0351804142805029,0.000658757148245216));
#4004=CARTESIAN_POINT('',(-0.0419141104346473,0.0355423313039365,0.000124965023883502));
#4005=CARTESIAN_POINT('',(-0.0422450585008951,0.0352450585008998,4.13823422107448E-5));
#4006=CARTESIAN_POINT('',(-0.0425423313039365,0.0349141104346473,0.000124965023883498));
#4007=CARTESIAN_POINT('',(-0.0417047197823893,0.0349141593471679,4.70814427004667E-19));
#4008=CARTESIAN_POINT('',(-0.0418094395647804,0.0348094395647707,2.09701571872748E-11));
#4009=CARTESIAN_POINT('',(-0.0419141593471679,0.0347047197823893,-1.51788304147971E-18));
#4010=CARTESIAN_POINT('',(-0.0416,0.0346,-1.51788304147971E-18));
#4011=CARTESIAN_POINT('',(-0.0416,0.0346,-1.51788304147971E-18));
#4012=CARTESIAN_POINT('',(-0.0416,0.0346,-1.51788304147971E-18));
#4013=CARTESIAN_POINT('',(-0.0416,0.0346,0.0024));
#4014=CARTESIAN_POINT('',(-4.21203033465246E-18,0.0346,0.0024));
#4015=CARTESIAN_POINT('',(0.0416,0.0346,0.0024));
#4016=CARTESIAN_POINT('',(0.044,0.0354,0.0024));
#4017=CARTESIAN_POINT('',(0.044,0.037,0.0024));
#4018=CARTESIAN_POINT('',(0.0424,0.037,0.0024));
#4019=CARTESIAN_POINT('',(0.044,0.0353999999999488,0.00208584057101653));
#4020=CARTESIAN_POINT('',(0.0439999999974955,0.0369999999974955,0.00187640046106238));
#4021=CARTESIAN_POINT('',(0.0423999999999488,0.037,0.00208584057101653));
#4022=CARTESIAN_POINT('',(0.0438750349790385,0.0353583449930366,0.00145766873404934));
#4023=CARTESIAN_POINT('',(0.0437066711312057,0.0367066711312056,0.000929791670169666));
#4024=CARTESIAN_POINT('',(0.0423583449930366,0.0368750349790385,0.00145766873404934));
#4025=CARTESIAN_POINT('',(0.0433412428415278,0.0351804142805029,0.000658757148245215));
#4026=CARTESIAN_POINT('',(0.0429399576443158,0.035939957644316,0.000275759029064959));
#4027=CARTESIAN_POINT('',(0.0421804142805029,0.0363412428415278,0.000658757148245211));
#4028=CARTESIAN_POINT('',(0.0425423313039365,0.0349141104346473,0.000124965023883498));
#4029=CARTESIAN_POINT('',(0.0422450585008973,0.0352450585008968,4.13823422107444E-5));
#4030=CARTESIAN_POINT('',(0.0419141104346473,0.0355423313039365,0.000124965023883495));
#4031=CARTESIAN_POINT('',(0.0419141593471679,0.0347047197823893,-1.51788304147971E-18));
#4032=CARTESIAN_POINT('',(0.0418094395647758,0.0348094395647769,2.09701491589952E-11));
#4033=CARTESIAN_POINT('',(0.0417047197823893,0.0349141593471679,-3.50658050996408E-18));
#4034=CARTESIAN_POINT('',(0.0416,0.0346,-1.51788304147971E-18));
#4035=CARTESIAN_POINT('',(0.0416,0.0346,-1.51788304147971E-18));
#4036=CARTESIAN_POINT('',(0.0416,0.0346,-1.51788304147971E-18));
#4037=CARTESIAN_POINT('',(0.0416,0.0346,0.0024));
#4038=CARTESIAN_POINT('',(0.0416,-1.46957615897682E-19,0.0024));
#4039=CARTESIAN_POINT('',(0.0416,0.0314,0.0024));
#4040=CARTESIAN_POINT('',(0.048,0.0314,0.0024));
#4041=CARTESIAN_POINT('',(0.0516156674218781,0.0261191904887253,0.0024));
#4042=CARTESIAN_POINT('',(0.00429842632966564,-0.00627800292357131,0.0024));
#4043=CARTESIAN_POINT('',(0.0546,0.0281625048812871,0.0024));
#4044=CARTESIAN_POINT('',(0.057,0.0296797976221814,0.0024));
#4045=CARTESIAN_POINT('',(0.057,0.0327143831039699,0.00239999999999998));
#4046=CARTESIAN_POINT('',(0.0544960831445305,0.031,0.0024));
#4047=CARTESIAN_POINT('',(0.057,0.0296797976221328,0.00224292028550826));
#4048=CARTESIAN_POINT('',(0.0569999999899617,0.0327143830849273,0.00186622480524707));
#4049=CARTESIAN_POINT('',(0.0544960831444913,0.0309999999999732,0.00224292028550825));
#4050=CARTESIAN_POINT('',(0.0569690582431603,0.0296602360792692,0.00192876579063447));
#4051=CARTESIAN_POINT('',(0.0568180797874129,0.032369350331496,0.000885369610847071));
#4052=CARTESIAN_POINT('',(0.0544974228820794,0.0309634178816804,0.00192876579063449));
#4053=CARTESIAN_POINT('',(0.0568316041867455,0.029573336895072,0.00147563866748472));
#4054=CARTESIAN_POINT('',(0.0563189576880324,0.0314227074087317,0.000189509625823205));
#4055=CARTESIAN_POINT('',(0.0545033744626038,0.0308009073757795,0.00147563866748474));
#4056=CARTESIAN_POINT('',(0.0566083902780203,0.0294322198770065,0.00105803811336938));
#4057=CARTESIAN_POINT('',(0.0558991417488777,0.0306264778124932,-2.73881082522417E-6));
#4058=CARTESIAN_POINT('',(0.0545130393323982,0.0305370038856018,0.00105803811336941));
#4059=CARTESIAN_POINT('',(0.0563079971183302,0.0292423097267495,0.000691997523555532));
#4060=CARTESIAN_POINT('',(0.0555732951273399,0.0300084719206126,-3.00384522975869E-5));
#4061=CARTESIAN_POINT('',(0.0545260459626298,0.0301818521671359,0.000691997523555574));
#4062=CARTESIAN_POINT('',(0.0559419588977452,0.029010898420507,0.000391634143322211));
#4063=CARTESIAN_POINT('',(0.0553029341895593,0.0294957010602189,-1.97210057004854E-5));
#4064=CARTESIAN_POINT('',(0.0545418949379901,0.0297490889737314,0.000391634143322235));
#4065=CARTESIAN_POINT('',(0.0553851852289799,0.0286589031513654,9.38599335579232E-5));
#4066=CARTESIAN_POINT('',(0.0549864109512433,0.0288953780454377,-4.43217194328365E-6));
#4067=CARTESIAN_POINT('',(0.0545660025083531,0.0290908212373339,9.38599335579483E-5));
#4068=CARTESIAN_POINT('',(0.0549141593009507,0.0283611180591287,1.69664494367304E-19));
#4069=CARTESIAN_POINT('',(0.0547502782989138,0.0284475250963738,1.91087220003868E-7));
#4070=CARTESIAN_POINT('',(0.0545863973138787,0.0285339321658549,9.26943069339707E-18));
#4071=CARTESIAN_POINT('',(0.0546,0.0281625048812871,-8.67361737988404E-19));
#4072=CARTESIAN_POINT('',(0.0546,0.0281625048812871,-8.67361737988404E-19));
#4073=CARTESIAN_POINT('',(0.0546,0.0281625048812871,-8.67361737988404E-19));
#4074=CARTESIAN_POINT('',(0.0546,0.0281625048812871,0.0024));
#4075=CARTESIAN_POINT('',(0.0546,-3.72002823591971E-19,0.0024));
#4076=MECHANICAL_DESIGN_GEOMETRIC_PRESENTATION_REPRESENTATION('',(#2253),
#4077);
#4077=(
GEOMETRIC_REPRESENTATION_CONTEXT(3)
GLOBAL_UNCERTAINTY_ASSIGNED_CONTEXT((#4078))
GLOBAL_UNIT_ASSIGNED_CONTEXT((#4081,#4080,#4079))
REPRESENTATION_CONTEXT('3DP-Box-Bottom','TOP_LEVEL_ASSEMBLY_PART')
);
#4078=UNCERTAINTY_MEASURE_WITH_UNIT(LENGTH_MEASURE(2.E-5),#4081,
'DISTANCE_ACCURACY_VALUE','Maximum Tolerance applied to model');
#4079=(
NAMED_UNIT(*)
SI_UNIT($,.STERADIAN.)
SOLID_ANGLE_UNIT()
);
#4080=(
NAMED_UNIT(*)
PLANE_ANGLE_UNIT()
SI_UNIT($,.RADIAN.)
);
#4081=(
LENGTH_UNIT()
NAMED_UNIT(*)
SI_UNIT($,.METRE.)
);
#4082=PRODUCT_DEFINITION_SHAPE('','',#4083);
#4083=PRODUCT_DEFINITION('','',#4085,#4084);
#4084=PRODUCT_DEFINITION_CONTEXT('',#4091,'design');
#4085=PRODUCT_DEFINITION_FORMATION_WITH_SPECIFIED_SOURCE('','',#4087,
 .NOT_KNOWN.);
#4086=PRODUCT_RELATED_PRODUCT_CATEGORY('','',(#4087));
#4087=PRODUCT('3DP-Box-Bottom','3DP-Box-Bottom','3DP-Box-Bottom',(#4089));
#4088=PRODUCT_CATEGORY('','');
#4089=PRODUCT_CONTEXT('',#4091,'mechanical');
#4090=APPLICATION_PROTOCOL_DEFINITION('international standard',
'ap242_managed_model_based_3d_engineering',2020,#4091);
#4091=APPLICATION_CONTEXT('managed model based 3d engineering');
ENDSEC;
END-ISO-10303-21;
